date,side,entry,stop,target,exit,reason,risk_pips,gross_pips,net_normal_pips,net_stress_pips,year
2010-01-01,LONG,1.43327,1.43346,1.43258,1.43258,TARGET,1.8999999999991246,6.900000000000794,4.900000000000794,2.9000000000007944,2010
2010-01-04,LONG,1.43054,1.43255,1.42879,1.43255,STOP,20.100000000000673,-20.100000000000673,-22.100000000000673,-24.100000000000673,2010
2010-01-06,LONG,1.43654,1.43825,1.432855,1.43825,STOP,17.100000000001003,-17.100000000001003,-19.100000000001003,-21.100000000001003,2010
2010-01-08,LONG,1.4323,1.43336,1.43052,1.43336,STOP,10.600000000000609,-10.600000000000609,-12.600000000000609,-14.600000000000609,2010
2010-01-11,LONG,1.45277,1.45346,1.44962,1.45346,STOP,6.900000000000794,-6.900000000000794,-8.900000000000794,-10.900000000000794,2010
2010-01-13,LONG,1.45022,1.45153,1.447985,1.45153,STOP,13.099999999999223,-13.099999999999223,-15.099999999999223,-17.099999999999223,2010
2010-01-14,SHORT,1.45235,1.45097,1.453675,1.45097,STOP,13.799999999999368,-13.799999999999368,-15.799999999999368,-17.79999999999937,2010
2010-01-15,SHORT,1.44027,1.43759,1.44529,1.43759,STOP,26.800000000000157,-26.800000000000157,-28.800000000000157,-30.800000000000157,2010
2010-01-21,SHORT,1.40663,1.40561,1.41002,1.40561,STOP,10.200000000000209,-10.200000000000209,-12.200000000000209,-14.200000000000209,2010
2010-01-22,LONG,1.41375,1.4152,1.41128,1.4152,STOP,14.499999999999513,-14.499999999999513,-16.499999999999513,-18.499999999999513,2010
2010-01-25,SHORT,1.41318,1.41248,1.4152,1.4152,TARGET,7.0000000000014495,20.199999999999108,18.199999999999108,16.199999999999108,2010
2010-01-28,LONG,1.40346,1.40516,1.399565,1.399565,TARGET,17.000000000000348,38.94999999999982,36.94999999999982,34.94999999999982,2010
2010-01-29,LONG,1.39667,1.39753,1.39388,1.39753,STOP,8.599999999998609,-8.599999999998609,-10.599999999998609,-12.599999999998609,2010
2010-02-01,LONG,1.38915,1.39041,1.38724,1.39041,STOP,12.599999999998168,-12.599999999998168,-14.599999999998168,-16.599999999998168,2010
2010-02-02,LONG,1.39325,1.39407,1.390975,1.39407,STOP,8.199999999998209,-8.199999999998209,-10.199999999998209,-12.199999999998209,2010
2010-02-05,SHORT,1.36705,1.36464,1.370705,1.370705,TARGET,24.100000000000232,36.549999999999635,34.549999999999635,32.549999999999635,2010
2010-02-08,LONG,1.36679,1.36798,1.36428,1.36798,STOP,11.900000000000244,-11.900000000000244,-13.900000000000244,-15.900000000000244,2010
2010-02-09,LONG,1.37254,1.37358,1.3687,1.37358,STOP,10.399999999999299,-10.399999999999299,-12.399999999999299,-14.399999999999299,2010
2010-02-11,SHORT,1.37488,1.37374,1.3771200000000001,1.37374,STOP,11.400000000001409,-11.400000000001409,-13.400000000001409,-15.400000000001409,2010
2010-02-16,LONG,1.36627,1.36825,1.36249,1.36825,STOP,19.799999999998708,-19.799999999998708,-21.799999999998708,-23.799999999998708,2010
2010-02-17,LONG,1.37816,1.37892,1.3764750000000001,1.3764750000000001,TARGET,7.599999999998719,16.849999999999365,14.849999999999365,12.849999999999365,2010
2010-02-18,SHORT,1.35598,1.35403,1.358305,1.35403,STOP,19.499999999998963,-19.499999999998963,-21.499999999998963,-23.499999999998963,2010
2010-02-19,LONG,1.34978,1.35124,1.34801,1.35124,STOP,14.600000000000168,-14.600000000000168,-16.60000000000017,-18.60000000000017,2010
2010-02-22,SHORT,1.36151,1.36056,1.363305,1.36056,STOP,9.500000000000064,-9.500000000000064,-11.500000000000064,-13.500000000000064,2010
2010-02-24,LONG,1.35488,1.35638,1.3525049999999998,1.35638,STOP,14.999999999998348,-14.999999999998348,-16.999999999998348,-18.999999999998348,2010
2010-02-26,LONG,1.35935,1.36112,1.3567049999999998,1.36112,STOP,17.700000000000493,-17.700000000000493,-19.700000000000493,-21.700000000000493,2010
2010-03-01,LONG,1.36435,1.36538,1.36154,1.36154,TARGET,10.300000000000864,28.099999999999792,26.099999999999792,24.099999999999792,2010
2010-03-03,SHORT,1.36155,1.35898,1.3633799999999998,1.3633799999999998,TARGET,25.699999999999612,18.299999999997763,16.299999999997763,14.299999999997763,2010
2010-03-05,LONG,1.35912,1.36059,1.35836,1.35836,TARGET,14.699999999998603,7.600000000000939,5.600000000000939,3.6000000000009393,2010
2010-03-11,LONG,1.36474,1.36569,1.363905,1.363905,TARGET,9.500000000000064,8.350000000001412,6.350000000001412,4.350000000001412,2010
2010-03-15,SHORT,1.37233,1.37115,1.374875,1.37115,STOP,11.799999999999589,-11.799999999999589,-13.799999999999589,-15.799999999999589,2010
2010-03-17,LONG,1.37836,1.38025,1.377595,1.377595,TARGET,18.899999999999473,7.650000000001267,5.650000000001267,3.650000000001267,2010
2010-03-18,SHORT,1.36657,1.36474,1.37013,1.36474,STOP,18.299999999999983,-18.299999999999983,-20.299999999999983,-22.299999999999983,2010
2010-03-22,LONG,1.3523,1.35297,1.3511950000000001,1.35297,STOP,6.699999999999484,-6.699999999999484,-8.699999999999484,-10.699999999999484,2010
2010-03-23,SHORT,1.35177,1.35066,1.354155,1.35066,STOP,11.099999999999444,-11.099999999999444,-13.099999999999444,-15.099999999999444,2010
2010-03-25,LONG,1.33366,1.33507,1.33135,1.33507,STOP,14.099999999999113,-14.099999999999113,-16.099999999999113,-18.099999999999113,2010
2010-03-30,LONG,1.34938,1.35299,1.3486449999999999,1.3486449999999999,TARGET,36.09999999999891,7.350000000001522,5.350000000001522,3.350000000001522,2010
2010-03-31,LONG,1.34382,1.3448,1.340965,1.3448,STOP,9.799999999999809,-9.799999999999809,-11.799999999999809,-13.799999999999809,2010
2010-04-01,SHORT,1.3493,1.34737,1.3526,1.34737,STOP,19.299999999999873,-19.299999999999873,-21.299999999999873,-23.299999999999873,2010
2010-04-02,SHORT,1.35605,1.35514,1.3575499999999998,1.35514,STOP,9.099999999999664,-9.099999999999664,-11.099999999999664,-13.099999999999664,2010
2010-04-06,SHORT,1.34134,1.34015,1.345415,1.34015,STOP,11.900000000000244,-11.900000000000244,-13.900000000000244,-15.900000000000244,2010
2010-04-12,SHORT,1.36234,1.36128,1.365585,1.36128,STOP,10.600000000000609,-10.600000000000609,-12.600000000000609,-14.600000000000609,2010
2010-04-13,LONG,1.36025,1.36204,1.35826,1.35826,TARGET,17.899999999999583,19.899999999999363,17.899999999999363,15.899999999999363,2010
2010-04-16,SHORT,1.35297,1.35164,1.355025,1.355025,TARGET,13.300000000000534,20.54999999999918,18.54999999999918,16.54999999999918,2010
2010-04-21,LONG,1.34347,1.34456,1.34157,1.34157,TARGET,10.900000000000354,19.000000000000128,17.000000000000128,15.000000000000128,2010
2010-04-22,LONG,1.34022,1.34197,1.3387099999999998,1.34197,STOP,17.500000000001403,-17.500000000001403,-19.500000000001403,-21.500000000001403,2010
2010-04-23,LONG,1.32653,1.32841,1.323515,1.32841,STOP,18.800000000001038,-18.800000000001038,-20.800000000001038,-22.800000000001038,2010
2010-04-27,SHORT,1.33606,1.33424,1.3386550000000002,1.33424,STOP,18.199999999999328,-18.199999999999328,-20.199999999999328,-22.199999999999328,2010
2010-04-28,SHORT,1.31646,1.31567,1.3189899999999999,1.31567,STOP,7.900000000000684,-7.900000000000684,-9.900000000000684,-11.900000000000684,2010
2010-04-29,LONG,1.32385,1.3247,1.3210199999999999,1.3247,STOP,8.500000000000174,-8.500000000000174,-10.500000000000174,-12.500000000000174,2010
2010-05-04,SHORT,1.31747,1.31434,1.319135,1.31434,STOP,31.29999999999855,-31.29999999999855,-33.29999999999855,-35.29999999999855,2010
2010-05-07,LONG,1.27314,1.27724,1.265955,1.27724,STOP,40.99999999999992,-40.99999999999992,-42.99999999999992,-44.99999999999992,2010
2010-05-11,SHORT,1.27035,1.26941,1.275125,1.26941,STOP,9.40000000000163,-9.40000000000163,-11.40000000000163,-13.40000000000163,2010
2010-05-12,LONG,1.26625,1.26696,1.26335,1.26696,STOP,7.099999999999884,-7.099999999999884,-9.099999999999884,-11.099999999999884,2010
2010-05-13,LONG,1.26653,1.26833,1.2647650000000001,1.2647650000000001,TARGET,18.000000000000238,17.649999999997945,15.649999999997945,13.649999999997945,2010
2010-05-14,LONG,1.25537,1.25756,1.25369,1.25369,TARGET,21.899999999999142,16.80000000000126,14.800000000001258,12.800000000001258,2010
2010-05-18,LONG,1.23861,1.242,1.2349700000000001,1.242,STOP,33.90000000000004,-33.90000000000004,-35.90000000000004,-37.90000000000004,2010
2010-05-20,LONG,1.23763,1.24326,1.235765,1.24326,STOP,56.30000000000024,-56.30000000000024,-58.30000000000024,-60.30000000000024,2010
2010-05-27,LONG,1.22818,1.23268,1.2223000000000002,1.2223000000000002,TARGET,44.99999999999948,58.79999999999885,56.79999999999885,54.79999999999885,2010
2010-05-31,SHORT,1.22952,1.22795,1.23094,1.23094,TARGET,15.699999999998493,14.199999999999768,12.199999999999768,10.199999999999768,2010
2010-06-02,LONG,1.22564,1.22718,1.2221899999999999,1.2221899999999999,TARGET,15.399999999998748,34.50000000000175,32.50000000000175,30.500000000001748,2010
2010-06-07,LONG,1.19403,1.19562,1.1908050000000001,1.19562,STOP,15.899999999999803,-15.899999999999803,-17.899999999999803,-19.899999999999803,2010
2010-06-08,SHORT,1.19161,1.18989,1.194655,1.194655,TARGET,17.20000000000166,30.449999999999644,28.449999999999644,26.449999999999644,2010
2010-06-09,LONG,1.19697,1.19792,1.1945100000000002,1.1945100000000002,TARGET,9.500000000000064,24.599999999999067,22.599999999999067,20.599999999999067,2010
2010-06-10,LONG,1.20504,1.20725,1.2008450000000002,1.20725,STOP,22.100000000000453,-22.100000000000453,-24.100000000000453,-26.100000000000453,2010
2010-06-14,SHORT,1.21683,1.21596,1.218465,1.218465,TARGET,8.700000000001484,16.34999999999831,14.34999999999831,12.34999999999831,2010
2010-06-17,SHORT,1.2258,1.22393,1.22834,1.22834,TARGET,18.700000000000383,25.399999999999867,23.399999999999867,21.399999999999867,2010
2010-06-18,SHORT,1.23834,1.23689,1.239325,1.239325,TARGET,14.499999999999513,9.850000000000136,7.850000000000136,5.850000000000136,2010
2010-06-22,SHORT,1.22876,1.22752,1.231595,1.22752,STOP,12.400000000001299,-12.400000000001299,-14.400000000001299,-16.4000000000013,2010
2010-06-23,LONG,1.22776,1.22958,1.22611,1.22958,STOP,18.199999999999328,-18.199999999999328,-20.199999999999328,-22.199999999999328,2010
2010-06-25,LONG,1.23307,1.23507,1.231695,1.231695,TARGET,19.999999999997797,13.750000000001261,11.750000000001261,9.750000000001261,2010
2010-06-28,SHORT,1.23789,1.23582,1.23835,1.23582,STOP,20.700000000000163,-20.700000000000163,-22.700000000000163,-24.700000000000163,2010
2010-06-30,LONG,1.22225,1.22343,1.2193,1.22343,STOP,11.799999999999589,-11.799999999999589,-13.799999999999589,-15.799999999999589,2010
2010-07-05,LONG,1.25502,1.25568,1.25355,1.25355,TARGET,6.599999999998829,14.700000000000824,12.700000000000824,10.700000000000824,2010
2010-07-07,SHORT,1.25776,1.25661,1.259985,1.25661,STOP,11.499999999999844,-11.499999999999844,-13.499999999999844,-15.499999999999844,2010
2010-07-09,LONG,1.27026,1.27193,1.26868,1.26868,TARGET,16.700000000000603,15.799999999999148,13.799999999999148,11.799999999999148,2010
2010-07-14,SHORT,1.27086,1.26879,1.271515,1.271515,TARGET,20.700000000000163,6.5499999999985015,4.5499999999985015,2.5499999999985015,2010
2010-07-16,LONG,1.29285,1.29481,1.2913999999999999,1.29481,STOP,19.599999999999618,-19.599999999999618,-21.599999999999618,-23.599999999999618,2010
2010-07-20,LONG,1.29831,1.30068,1.296005,1.296005,TARGET,23.699999999999832,23.050000000000015,21.050000000000015,19.050000000000015,2010
2010-07-22,LONG,1.27835,1.27931,1.276145,1.27931,STOP,9.599999999998499,-9.599999999998499,-11.599999999998499,-13.599999999998499,2010
2010-07-26,SHORT,1.29074,1.28852,1.292185,1.292185,TARGET,22.199999999998887,14.449999999999186,12.449999999999186,10.449999999999186,2010
2010-07-27,SHORT,1.29793,1.29694,1.299655,1.299655,TARGET,9.900000000000464,17.249999999999766,15.249999999999766,13.249999999999766,2010
2010-07-28,LONG,1.30135,1.30417,1.29911,1.29911,TARGET,28.200000000000447,22.400000000000198,20.400000000000198,18.400000000000198,2010
2010-07-30,LONG,1.30741,1.30901,1.3060749999999999,1.3060749999999999,TARGET,16.00000000000046,13.350000000000861,11.350000000000861,9.350000000000861,2010
2010-08-05,SHORT,1.31432,1.31173,1.315705,1.315705,TARGET,25.899999999998702,13.849999999999696,11.849999999999696,9.849999999999696,2010
2010-08-06,LONG,1.31864,1.31986,1.318355,1.318355,TARGET,12.199999999999989,2.8500000000009074,0.8500000000009074,-1.1499999999990926,2010
2010-08-12,LONG,1.29147,1.2929,1.287725,1.2929,STOP,14.300000000000423,-14.300000000000423,-16.300000000000423,-18.300000000000423,2010
2010-08-13,LONG,1.2878,1.29056,1.285055,1.285055,TARGET,27.599999999998737,27.449999999999974,25.449999999999974,23.449999999999974,2010
2010-08-17,LONG,1.28617,1.28783,1.283315,1.28783,STOP,16.599999999999948,-16.599999999999948,-18.599999999999948,-20.599999999999948,2010
2010-08-18,SHORT,1.28363,1.28249,1.285525,1.28249,STOP,11.400000000001409,-11.400000000001409,-13.400000000001409,-15.400000000001409,2010
2010-08-20,LONG,1.28138,1.28316,1.2803149999999999,1.2803149999999999,TARGET,17.80000000000115,10.650000000000936,8.650000000000936,6.6500000000009365,2010
2010-08-23,SHORT,1.26925,1.2683,1.270785,1.2683,STOP,9.500000000000064,-9.500000000000064,-11.500000000000064,-13.500000000000064,2010
2010-08-24,SHORT,1.26224,1.26125,1.263385,1.26125,STOP,9.900000000000464,-9.900000000000464,-11.900000000000464,-13.900000000000464,2010
2010-08-26,LONG,1.27191,1.27447,1.2683550000000001,1.2683550000000001,TARGET,25.599999999998957,35.54999999999975,33.54999999999975,31.54999999999975,2010
2010-08-30,SHORT,1.27254,1.27101,1.27394,1.27101,STOP,15.300000000000313,-15.300000000000313,-17.300000000000313,-19.300000000000313,2010
2010-09-01,LONG,1.27116,1.27235,1.2688350000000002,1.27235,STOP,11.900000000000244,-11.900000000000244,-13.900000000000244,-15.900000000000244,2010
2010-09-02,SHORT,1.27856,1.27735,1.2796750000000001,1.2796750000000001,TARGET,12.099999999999334,11.150000000001992,9.150000000001992,7.150000000001992,2010
2010-09-03,LONG,1.28362,1.28451,1.28214,1.28451,STOP,8.900000000000574,-8.900000000000574,-10.900000000000574,-12.900000000000574,2010
2010-09-06,LONG,1.29068,1.29161,1.2887849999999998,1.2887849999999998,TARGET,9.299999999998754,18.95000000000202,16.95000000000202,14.95000000000202,2010
2010-09-08,LONG,1.27159,1.27329,1.26972,1.26972,TARGET,17.000000000000348,18.700000000000383,16.700000000000383,14.700000000000383,2010
2010-09-09,SHORT,1.26864,1.26618,1.27134,1.27134,TARGET,24.599999999999067,26.999999999999247,24.999999999999247,22.999999999999247,2010
2010-09-13,LONG,1.28059,1.28185,1.27828,1.28185,STOP,12.600000000000389,-12.600000000000389,-14.600000000000389,-16.60000000000039,2010
2010-09-14,LONG,1.28876,1.29099,1.28659,1.28659,TARGET,22.300000000001763,21.700000000000053,19.700000000000053,17.700000000000053,2010
2010-09-16,LONG,1.30147,1.30339,1.299345,1.30339,STOP,19.200000000001438,-19.200000000001438,-21.200000000001438,-23.200000000001438,2010
2010-09-17,LONG,1.31435,1.31587,1.310115,1.310115,TARGET,15.200000000001879,42.34999999999989,40.34999999999989,38.34999999999989,2010
2010-09-22,LONG,1.33115,1.33247,1.328,1.328,TARGET,13.199999999999878,31.49999999999986,29.49999999999986,27.49999999999986,2010
2010-09-23,SHORT,1.33847,1.33607,1.339455,1.33607,STOP,23.999999999999577,-23.999999999999577,-25.999999999999577,-27.999999999999577,2010
2010-09-27,SHORT,1.345,1.3431,1.34639,1.3431,STOP,19.000000000000128,-19.000000000000128,-21.000000000000128,-23.000000000000128,2010
2010-09-30,LONG,1.36316,1.36448,1.3600349999999999,1.36448,STOP,13.199999999999878,-13.199999999999878,-15.199999999999878,-17.19999999999988,2010
2010-10-06,LONG,1.38515,1.38704,1.3838949999999999,1.38704,STOP,18.899999999999473,-18.899999999999473,-20.899999999999473,-22.899999999999473,2010
2010-10-08,SHORT,1.39026,1.38874,1.393125,1.38874,STOP,15.199999999999658,-15.199999999999658,-17.19999999999966,-19.19999999999966,2010
2010-10-12,SHORT,1.38374,1.38277,1.385715,1.38277,STOP,9.699999999999154,-9.699999999999154,-11.699999999999154,-13.699999999999154,2010
2010-10-14,LONG,1.40801,1.40965,1.4027500000000002,1.40981,STOP,16.40000000000086,-18.000000000000238,-20.000000000000238,-22.000000000000238,2010
2010-10-18,SHORT,1.38618,1.38278,1.390655,1.390655,TARGET,34.000000000000696,44.750000000000064,42.750000000000064,40.750000000000064,2010
2010-10-19,SHORT,1.39033,1.38827,1.394485,1.394485,TARGET,20.600000000001728,41.54999999999909,39.54999999999909,37.54999999999909,2010
2010-10-22,SHORT,1.38888,1.38566,1.39282,1.39282,TARGET,32.2,39.400000000000546,37.400000000000546,35.400000000000546,2010
2010-10-25,LONG,1.40564,1.40747,1.4005,1.4005,TARGET,18.299999999999983,51.399999999999224,49.399999999999224,47.399999999999224,2010
2010-10-27,SHORT,1.38065,1.37686,1.383795,1.383795,TARGET,37.8999999999996,31.450000000001754,29.450000000001754,27.450000000001754,2010
2010-10-28,LONG,1.38194,1.38522,1.3798949999999999,1.3798949999999999,TARGET,32.79999999999949,20.450000000000745,18.450000000000745,16.450000000000745,2010
2010-11-03,LONG,1.4043,1.406,1.40164,1.40164,TARGET,16.999999999998128,26.600000000001067,24.600000000001067,22.600000000001067,2010
2010-11-08,SHORT,1.39206,1.39024,1.4000249999999999,1.39024,STOP,18.20000000000155,-18.20000000000155,-20.20000000000155,-22.20000000000155,2010
2010-11-09,SHORT,1.3843,1.38209,1.38649,1.38649,TARGET,22.100000000000453,21.899999999999142,19.899999999999142,17.899999999999142,2010
2010-11-11,SHORT,1.37598,1.37468,1.37894,1.37468,STOP,13.000000000000789,-13.000000000000789,-15.000000000000789,-17.00000000000079,2010
2010-11-17,LONG,1.35124,1.35263,1.349165,1.349165,TARGET,13.900000000000023,20.75000000000049,18.75000000000049,16.75000000000049,2010
2010-11-19,LONG,1.3683,1.36934,1.3645999999999998,1.36934,STOP,10.399999999999299,-10.399999999999299,-12.399999999999299,-14.399999999999299,2010
2010-11-22,SHORT,1.37403,1.37231,1.37529,1.37231,STOP,17.20000000000166,-17.20000000000166,-19.20000000000166,-21.20000000000166,2010
2010-11-25,SHORT,1.3309,1.32984,1.3332199999999998,1.32984,STOP,10.600000000000609,-10.600000000000609,-12.600000000000609,-14.600000000000609,2010
2010-11-26,SHORT,1.32729,1.32562,1.3306900000000002,1.32562,STOP,16.700000000000603,-16.700000000000603,-18.700000000000603,-20.700000000000603,2010
2010-12-02,LONG,1.31319,1.31629,1.3116050000000001,1.3116050000000001,TARGET,30.999999999998806,15.849999999999476,13.849999999999476,11.849999999999476,2010
2010-12-03,LONG,1.3224,1.32356,1.321275,1.32356,STOP,11.600000000000499,-11.600000000000499,-13.600000000000499,-15.600000000000499,2010
2010-12-07,LONG,1.3331,1.33714,1.331705,1.33714,STOP,40.40000000000043,-40.40000000000043,-42.40000000000043,-44.40000000000043,2010
2010-12-08,SHORT,1.32035,1.31798,1.32413,1.32413,TARGET,23.699999999999832,37.80000000000116,35.80000000000116,33.80000000000116,2010
2010-12-13,LONG,1.32012,1.32137,1.31933,1.32137,STOP,12.499999999999734,-12.499999999999734,-14.499999999999734,-16.499999999999734,2010
2010-12-15,SHORT,1.32963,1.32854,1.33258,1.32854,STOP,10.900000000000354,-10.900000000000354,-12.900000000000354,-14.900000000000354,2010
2010-12-16,LONG,1.32314,1.3242,1.32214,1.3242,STOP,10.600000000000609,-10.600000000000609,-12.600000000000609,-14.600000000000609,2010
2010-12-22,LONG,1.31417,1.31806,1.31199,1.31199,TARGET,38.89999999999949,21.800000000000708,19.800000000000708,17.800000000000708,2010
2010-12-23,SHORT,1.31029,1.30872,1.31201,1.30872,STOP,15.699999999998493,-15.699999999998493,-17.699999999998493,-19.699999999998493,2010
2010-12-24,LONG,1.3131,1.31341,1.31192,1.31341,STOP,3.1000000000003247,-3.1000000000003247,-5.100000000000325,-7.100000000000325,2010
2010-12-27,LONG,1.3158,1.31676,1.31192,1.31676,STOP,9.599999999998499,-9.599999999998499,-11.599999999998499,-13.599999999998499,2010
2010-12-29,LONG,1.31282,1.31457,1.3108300000000002,1.31457,STOP,17.499999999999183,-17.499999999999183,-19.499999999999183,-21.499999999999183,2010
2010-12-30,LONG,1.32554,1.32645,1.323885,1.32645,STOP,9.099999999999664,-9.099999999999664,-11.099999999999664,-13.099999999999664,2010
2011-01-03,SHORT,1.32761,1.32577,1.331725,1.331725,TARGET,18.400000000000638,41.15000000000091,39.15000000000091,37.15000000000091,2011
2011-01-05,SHORT,1.32679,1.32482,1.329405,1.32482,STOP,19.699999999998052,-19.699999999998052,-21.699999999998052,-23.699999999998052,2011
2011-01-06,SHORT,1.3134,1.31123,1.3149950000000001,1.31123,STOP,21.700000000000053,-21.700000000000053,-23.700000000000053,-25.700000000000053,2011
2011-01-07,SHORT,1.29859,1.29639,1.299955,1.29639,STOP,21.999999999999797,-21.999999999999797,-23.999999999999797,-25.999999999999797,2011
2011-01-12,LONG,1.30137,1.30207,1.2993649999999999,1.30207,STOP,7.0000000000014495,-7.0000000000014495,-9.00000000000145,-11.00000000000145,2011
2011-01-13,LONG,1.31327,1.31369,1.311175,1.31369,STOP,4.20000000000087,-4.20000000000087,-6.20000000000087,-8.20000000000087,2011
2011-01-20,LONG,1.34856,1.35119,1.3457,1.35119,STOP,26.299999999999102,-26.299999999999102,-28.299999999999102,-30.299999999999102,2011
2011-01-26,LONG,1.36901,1.3706,1.367995,1.3706,STOP,15.899999999999803,-15.899999999999803,-17.899999999999803,-19.899999999999803,2011
2011-01-28,SHORT,1.37039,1.36787,1.371955,1.371955,TARGET,25.200000000000777,15.650000000000386,13.650000000000386,11.650000000000386,2011
2011-01-31,LONG,1.36205,1.36279,1.359595,1.36279,STOP,7.399999999999629,-7.399999999999629,-9.399999999999629,-11.399999999999629,2011
2011-02-01,SHORT,1.37114,1.37004,1.3722699999999999,1.3722699999999999,TARGET,11.000000000001009,11.299999999998533,9.299999999998533,7.299999999998533,2011
2011-02-02,SHORT,1.38308,1.38132,1.38423,1.38423,TARGET,17.599999999999838,11.499999999999844,9.499999999999844,7.499999999999844,2011
2011-02-03,SHORT,1.37861,1.37815,1.379975,1.379975,TARGET,4.599999999999049,13.650000000000606,11.650000000000606,9.650000000000606,2011
2011-02-08,LONG,1.36279,1.36643,1.360875,1.36643,STOP,36.40000000000087,-36.40000000000087,-38.40000000000087,-40.40000000000087,2011
2011-02-11,SHORT,1.35551,1.35459,1.358615,1.35459,STOP,9.200000000000319,-9.200000000000319,-11.200000000000319,-13.200000000000319,2011
2011-02-15,SHORT,1.34802,1.34693,1.35028,1.35028,TARGET,10.900000000000354,22.599999999999287,20.599999999999287,18.599999999999287,2011
2011-02-17,SHORT,1.35538,1.3539,1.35787,1.3539,STOP,14.799999999999258,-14.799999999999258,-16.799999999999258,-18.799999999999258,2011
2011-02-18,SHORT,1.35924,1.35737,1.360775,1.35737,STOP,18.700000000000383,-18.700000000000383,-20.700000000000383,-22.700000000000383,2011
2011-02-21,SHORT,1.36672,1.3662,1.36891,1.36891,TARGET,5.199999999998539,21.900000000001363,19.900000000001363,17.900000000001363,2011
2011-02-24,SHORT,1.37459,1.3704,1.376055,1.376055,TARGET,41.89999999999916,14.650000000000496,12.650000000000496,10.650000000000496,2011
2011-02-25,SHORT,1.38089,1.38006,1.38219,1.38006,STOP,8.299999999998864,-8.299999999998864,-10.299999999998864,-12.299999999998864,2011
2011-02-28,LONG,1.37747,1.37838,1.3744399999999999,1.37838,STOP,9.099999999999664,-9.099999999999664,-11.099999999999664,-13.099999999999664,2011
2011-03-01,LONG,1.38282,1.38436,1.381485,1.38436,STOP,15.400000000000968,-15.400000000000968,-17.40000000000097,-19.40000000000097,2011
2011-03-02,LONG,1.37799,1.37895,1.376195,1.37895,STOP,9.599999999998499,-9.599999999998499,-11.599999999998499,-13.599999999998499,2011
2011-03-03,SHORT,1.38495,1.3837,1.38605,1.3837,STOP,12.499999999999734,-12.499999999999734,-14.499999999999734,-16.499999999999734,2011
2011-03-04,LONG,1.39631,1.3976,1.395735,1.3976,STOP,12.900000000000134,-12.900000000000134,-14.900000000000134,-16.900000000000134,2011
2011-03-07,SHORT,1.39655,1.39554,1.39775,1.39775,TARGET,10.099999999999554,12.000000000000899,10.000000000000899,8.000000000000899,2011
2011-03-09,LONG,1.38849,1.39078,1.3884850000000002,1.3884850000000002,TARGET,22.899999999999032,0.049999999998107114,-1.9500000000018929,-3.950000000001893,2011
2011-03-11,LONG,1.38286,1.3837,1.38158,1.3837,STOP,8.399999999999519,-8.399999999999519,-10.399999999999519,-12.399999999999519,2011
2011-03-14,SHORT,1.39159,1.39044,1.393135,1.393135,TARGET,11.500000000002064,15.449999999999076,13.449999999999076,11.449999999999076,2011
2011-03-18,LONG,1.40847,1.40999,1.403335,1.40999,STOP,15.199999999999658,-15.199999999999658,-17.19999999999966,-19.19999999999966,2011
2011-03-21,SHORT,1.4161,1.41566,1.4170099999999999,1.4170099999999999,TARGET,4.3999999999999595,9.099999999999664,7.099999999999664,5.099999999999664,2011
2011-03-23,LONG,1.41757,1.4196,1.4167100000000001,1.4196,STOP,20.299999999999763,-20.299999999999763,-22.299999999999763,-24.299999999999763,2011
2011-03-24,SHORT,1.40757,1.40653,1.4090250000000002,1.40653,STOP,10.399999999999299,-10.399999999999299,-12.399999999999299,-14.399999999999299,2011
2011-03-25,SHORT,1.41721,1.41532,1.41784,1.41532,STOP,18.900000000001693,-18.900000000001693,-20.900000000001693,-22.900000000001693,2011
2011-03-28,LONG,1.40679,1.4085,1.404845,1.404845,TARGET,17.100000000001003,19.450000000000855,17.450000000000855,15.450000000000855,2011
2011-04-01,SHORT,1.41548,1.41454,1.416465,1.416465,TARGET,9.40000000000163,9.850000000000136,7.850000000000136,5.850000000000136,2011
2011-04-05,SHORT,1.41856,1.41815,1.420855,1.41815,STOP,4.100000000000215,-4.100000000000215,-6.100000000000215,-8.100000000000215,2011
2011-04-08,LONG,1.43953,1.4421,1.4345750000000002,1.4421,STOP,25.699999999999612,-25.699999999999612,-27.699999999999612,-29.699999999999612,2011
2011-04-12,LONG,1.44342,1.44532,1.440655,1.44532,STOP,19.000000000000128,-19.000000000000128,-21.000000000000128,-23.000000000000128,2011
2011-04-13,LONG,1.44938,1.45179,1.44759,1.45179,STOP,24.100000000000232,-24.100000000000232,-26.100000000000232,-28.100000000000232,2011
2011-04-15,SHORT,1.44633,1.44419,1.448235,1.44419,STOP,21.399999999998087,-21.399999999998087,-23.399999999998087,-25.399999999998087,2011
2011-04-18,SHORT,1.43522,1.43026,1.43765,1.43026,STOP,49.59999999999853,-49.59999999999853,-51.59999999999853,-53.59999999999853,2011
2011-04-19,LONG,1.42409,1.42631,1.42251,1.42631,STOP,22.199999999998887,-22.199999999998887,-24.199999999998887,-26.199999999998887,2011
2011-04-21,LONG,1.46158,1.46409,1.45607,1.46409,STOP,25.0999999999979,-25.0999999999979,-27.0999999999979,-29.0999999999979,2011
2011-04-27,SHORT,1.46697,1.46561,1.4687649999999999,1.4687649999999999,TARGET,13.600000000000279,17.94999999999769,15.94999999999769,13.94999999999769,2011
2011-05-03,SHORT,1.47729,1.4754,1.4807649999999999,1.4807649999999999,TARGET,18.899999999999473,34.74999999999895,32.74999999999895,30.74999999999895,2011
2011-05-06,SHORT,1.45575,1.45222,1.45602,1.45602,TARGET,35.30000000000033,2.6999999999999247,0.6999999999999247,-1.3000000000000753,2011
2011-05-11,SHORT,1.43824,1.43671,1.440275,1.440275,TARGET,15.300000000000313,20.35000000000009,18.35000000000009,16.35000000000009,2011
2011-05-12,SHORT,1.41926,1.4184,1.421195,1.4184,STOP,8.599999999998609,-8.599999999998609,-10.599999999998609,-12.599999999998609,2011
2011-05-17,LONG,1.41699,1.42241,1.4159700000000002,1.4159700000000002,TARGET,54.199999999999804,10.199999999997988,8.199999999997988,6.1999999999979885,2011
2011-05-20,LONG,1.43309,1.43452,1.43152,1.43152,TARGET,14.300000000000423,15.700000000000713,13.700000000000713,11.700000000000713,2011
2011-05-24,LONG,1.40774,1.41021,1.4041299999999999,1.41021,STOP,24.699999999999722,-24.699999999999722,-26.699999999999722,-28.699999999999722,2011
2011-05-25,SHORT,1.40417,1.40129,1.406155,1.406155,TARGET,28.799999999999937,19.850000000001256,17.850000000001256,15.850000000001256,2011
2011-05-26,LONG,1.41859,1.41957,1.4128349999999998,1.41957,STOP,9.799999999999809,-9.799999999999809,-11.799999999999809,-13.799999999999809,2011
2011-05-31,LONG,1.44029,1.44129,1.436095,1.44129,STOP,9.999999999998899,-9.999999999998899,-11.999999999998899,-13.999999999998899,2011
2011-06-01,LONG,1.44365,1.44474,1.442215,1.442215,TARGET,10.899999999998133,14.350000000000751,12.350000000000751,10.350000000000751,2011
2011-06-03,SHORT,1.44754,1.44671,1.44942,1.44671,STOP,8.300000000001084,-8.300000000001084,-10.300000000001084,-12.300000000001084,2011
2011-06-06,SHORT,1.46244,1.46166,1.46394,1.46166,STOP,7.800000000000029,-7.800000000000029,-9.80000000000003,-11.80000000000003,2011
2011-06-09,LONG,1.46304,1.46457,1.4609100000000002,1.4609100000000002,TARGET,15.300000000000313,21.299999999997432,19.299999999997432,17.299999999997432,2011
2011-06-13,LONG,1.43544,1.43615,1.43396,1.43615,STOP,7.099999999999884,-7.099999999999884,-9.099999999999884,-11.099999999999884,2011
2011-06-16,SHORT,1.40898,1.40731,1.414485,1.414485,TARGET,16.699999999998383,55.05000000000093,53.05000000000093,51.05000000000093,2011
2011-06-20,SHORT,1.42259,1.41912,1.42535,1.42535,TARGET,34.70000000000084,27.599999999998737,25.599999999998737,23.599999999998737,2011
2011-06-24,SHORT,1.42365,1.41969,1.4254,1.4254,TARGET,39.600000000001856,17.499999999999183,15.499999999999183,13.499999999999183,2011
2011-06-27,LONG,1.41513,1.4172,1.412885,1.412885,TARGET,20.700000000000163,22.450000000000525,20.450000000000525,18.450000000000525,2011
2011-06-28,SHORT,1.42714,1.42539,1.4293550000000002,1.4293550000000002,TARGET,17.500000000001403,22.15000000000078,20.15000000000078,18.15000000000078,2011
2011-07-01,LONG,1.45239,1.45432,1.449635,1.449635,TARGET,19.299999999999873,27.55000000000063,25.55000000000063,23.55000000000063,2011
2011-07-05,SHORT,1.44715,1.44623,1.45091,1.44623,STOP,9.200000000000319,-9.200000000000319,-11.200000000000319,-13.200000000000319,2011
2011-07-18,SHORT,1.40572,1.40379,1.408865,1.40379,STOP,19.299999999999873,-19.299999999999873,-21.299999999999873,-23.299999999999873,2011
2011-07-20,LONG,1.41695,1.41914,1.415445,1.41914,STOP,21.900000000001363,-21.900000000001363,-23.900000000001363,-25.900000000001363,2011
2011-07-21,LONG,1.42738,1.4291,1.425595,1.425595,TARGET,17.199999999999438,17.850000000001476,15.850000000001476,13.850000000001476,2011
2011-07-22,LONG,1.44121,1.44373,1.43983,1.43983,TARGET,25.199999999998557,13.800000000001589,11.800000000001589,9.800000000001589,2011
2011-07-25,SHORT,1.43467,1.4329,1.437365,1.437365,TARGET,17.699999999998273,26.95000000000114,24.95000000000114,22.95000000000114,2011
2011-07-26,LONG,1.45079,1.45218,1.4432550000000002,1.45218,STOP,13.900000000000023,-13.900000000000023,-15.900000000000023,-17.900000000000023,2011
2011-07-28,LONG,1.43743,1.44001,1.43541,1.43541,TARGET,25.800000000000267,20.199999999999108,18.199999999999108,16.199999999999108,2011
2011-07-29,SHORT,1.42841,1.42567,1.432175,1.42567,STOP,27.399999999999647,-27.399999999999647,-29.399999999999647,-31.399999999999647,2011
2011-08-01,LONG,1.43977,1.44236,1.43758,1.44236,STOP,25.900000000000922,-25.900000000000922,-27.900000000000922,-29.900000000000922,2011
2011-08-04,SHORT,1.42709,1.42351,1.43174,1.42351,STOP,35.799999999999166,-35.799999999999166,-37.799999999999166,-39.799999999999166,2011
2011-08-05,LONG,1.41146,1.41418,1.4091200000000002,1.41418,STOP,27.200000000000557,-27.200000000000557,-29.200000000000557,-31.200000000000557,2011
2011-08-08,LONG,1.43714,1.44015,1.4331550000000002,1.4331550000000002,TARGET,30.09999999999957,39.84999999999905,37.84999999999905,35.84999999999905,2011
2011-08-09,LONG,1.42468,1.42824,1.4199549999999999,1.4199549999999999,TARGET,35.60000000000007,47.2500000000009,45.2500000000009,43.2500000000009,2011
2011-08-10,LONG,1.43803,1.44008,1.4356200000000001,1.4356200000000001,TARGET,20.500000000001073,24.099999999998012,22.099999999998012,20.099999999998012,2011
2011-08-11,LONG,1.42401,1.42731,1.418525,1.42731,STOP,33.0000000000008,-33.0000000000008,-35.0000000000008,-37.0000000000008,2011
2011-08-12,SHORT,1.41783,1.41494,1.42001,1.42001,TARGET,28.89999999999837,21.800000000000708,19.800000000000708,17.800000000000708,2011
2011-08-15,LONG,1.43154,1.4321,1.4300000000000002,1.4300000000000002,TARGET,5.599999999998939,15.399999999998748,13.399999999998748,11.399999999998748,2011
2011-08-17,SHORT,1.43533,1.4328,1.43848,1.43848,TARGET,25.299999999999212,31.49999999999986,29.49999999999986,27.49999999999986,2011
2011-08-18,LONG,1.44316,1.44509,1.44088,1.44088,TARGET,19.299999999999873,22.800000000000598,20.800000000000598,18.800000000000598,2011
2011-08-19,SHORT,1.42931,1.42588,1.431125,1.431125,TARGET,34.30000000000044,18.149999999999,16.149999999999,14.149999999999,2011
2011-08-23,LONG,1.43899,1.44017,1.437235,1.44017,STOP,11.799999999999589,-11.799999999999589,-13.799999999999589,-15.799999999999589,2011
2011-08-24,LONG,1.44397,1.44496,1.44142,1.44496,STOP,9.900000000000464,-9.900000000000464,-11.900000000000464,-13.900000000000464,2011
2011-08-26,LONG,1.44233,1.44493,1.439935,1.44493,STOP,26.000000000001577,-26.000000000001577,-28.000000000001577,-30.000000000001577,2011
2011-08-31,LONG,1.44369,1.44674,1.44299,1.44299,TARGET,30.49999999999997,6.999999999999229,4.999999999999229,2.999999999999229,2011
2011-09-05,SHORT,1.41444,1.41123,1.415805,1.415805,TARGET,32.09999999999935,13.650000000000606,11.650000000000606,9.650000000000606,2011
2011-09-07,LONG,1.40638,1.40869,1.40337,1.40869,STOP,23.100000000000342,-23.100000000000342,-25.100000000000342,-27.100000000000342,2011
2011-09-12,LONG,1.36079,1.36253,1.3560750000000001,1.36253,STOP,17.400000000000748,-17.400000000000748,-19.400000000000748,-21.400000000000748,2011
2011-09-13,SHORT,1.36248,1.36001,1.36546,1.36001,STOP,24.699999999999722,-24.699999999999722,-26.699999999999722,-28.699999999999722,2011
2011-09-19,LONG,1.3697,1.37024,1.367335,1.37024,STOP,5.399999999999849,-5.399999999999849,-7.399999999999849,-9.39999999999985,2011
2011-09-21,SHORT,1.36854,1.36613,1.37004,1.36613,STOP,24.100000000000232,-24.100000000000232,-26.100000000000232,-28.100000000000232,2011
2011-09-22,SHORT,1.35294,1.35117,1.355645,1.35117,STOP,17.700000000000493,-17.700000000000493,-19.700000000000493,-21.700000000000493,2011
2011-09-30,SHORT,1.35302,1.34879,1.35614,1.34879,STOP,42.29999999999956,-42.29999999999956,-44.29999999999956,-46.29999999999956,2011
2011-10-05,LONG,1.33122,1.33358,1.329445,1.329445,TARGET,23.599999999999177,17.75000000000082,15.75000000000082,13.75000000000082,2011
2011-10-10,LONG,1.34798,1.34905,1.343995,1.34905,STOP,10.700000000001264,-10.700000000001264,-12.700000000001264,-14.700000000001264,2011
2011-10-11,LONG,1.36521,1.36724,1.3635199999999998,1.3635199999999998,TARGET,20.299999999999763,16.900000000001913,14.900000000001913,12.900000000001913,2011
2011-10-13,LONG,1.38135,1.38255,1.379105,1.379105,TARGET,11.999999999998678,22.450000000000525,20.450000000000525,18.450000000000525,2011
2011-10-14,LONG,1.3789,1.38272,1.375695,1.38272,STOP,38.19999999999934,-38.19999999999934,-40.19999999999934,-42.19999999999934,2011
2011-10-20,SHORT,1.36909,1.36735,1.37355,1.37355,TARGET,17.399999999998528,44.6000000000013,42.6000000000013,40.6000000000013,2011
2011-10-25,LONG,1.39244,1.3944,1.3906049999999999,1.3906049999999999,TARGET,19.600000000001838,18.35000000000031,16.35000000000031,14.35000000000031,2011
2011-10-26,LONG,1.3935,1.39402,1.39141,1.39402,STOP,5.20000000000076,-5.20000000000076,-7.20000000000076,-9.20000000000076,2011
2011-10-28,SHORT,1.41611,1.41558,1.417995,1.417995,TARGET,5.299999999999194,18.849999999999145,16.849999999999145,14.849999999999145,2011
2011-11-04,LONG,1.38311,1.38545,1.3809399999999998,1.38545,STOP,23.400000000000087,-23.400000000000087,-25.400000000000087,-27.400000000000087,2011
2011-11-08,LONG,1.37707,1.37779,1.375465,1.37779,STOP,7.200000000000539,-7.200000000000539,-9.20000000000054,-11.20000000000054,2011
2011-11-10,LONG,1.35576,1.35813,1.3531499999999999,1.35813,STOP,23.699999999999832,-23.699999999999832,-25.699999999999832,-27.699999999999832,2011
2011-11-14,SHORT,1.37479,1.373,1.376495,1.373,STOP,17.899999999999583,-17.899999999999583,-19.899999999999583,-21.899999999999583,2011
2011-11-16,LONG,1.35177,1.35456,1.3473600000000001,1.35456,STOP,27.900000000000702,-27.900000000000702,-29.900000000000702,-31.900000000000702,2011
2011-11-18,LONG,1.34936,1.35224,1.347525,1.35224,STOP,28.800000000002157,-28.800000000002157,-30.800000000002157,-32.80000000000216,2011
2011-11-23,SHORT,1.34479,1.34328,1.348815,1.34328,STOP,15.099999999999003,-15.099999999999003,-17.099999999999003,-19.099999999999003,2011
2011-11-25,SHORT,1.33057,1.32953,1.3315649999999999,1.32953,STOP,10.399999999999299,-10.399999999999299,-12.399999999999299,-14.399999999999299,2011
2011-12-01,SHORT,1.34313,1.34179,1.345135,1.345135,TARGET,13.399999999998968,20.050000000000345,18.050000000000345,16.050000000000345,2011
2011-12-02,LONG,1.34833,1.34899,1.346835,1.34899,STOP,6.599999999998829,-6.599999999998829,-8.599999999998829,-10.599999999998829,2011
2011-12-06,SHORT,1.33764,1.33339,1.33811,1.33811,TARGET,42.49999999999865,4.699999999999704,2.6999999999997044,0.6999999999997044,2011
2011-12-07,LONG,1.34417,1.3449,1.3422999999999998,1.3422999999999998,TARGET,7.299999999998974,18.700000000002603,16.700000000002603,14.700000000002603,2011
2011-12-08,LONG,1.34103,1.34293,1.34023,1.34023,TARGET,19.000000000000128,7.999999999999119,5.999999999999119,3.999999999999119,2011
2011-12-13,LONG,1.32051,1.32143,1.318305,1.318305,TARGET,9.200000000000319,22.050000000000125,20.050000000000125,18.050000000000125,2011
2011-12-14,SHORT,1.30198,1.30043,1.30343,1.30343,TARGET,15.499999999999403,14.500000000001734,12.500000000001734,10.500000000001734,2011
2011-12-15,LONG,1.299,1.3038,1.29889,1.29889,TARGET,48.00000000000137,1.0999999999983245,-0.9000000000016755,-2.9000000000016755,2011
2011-12-16,SHORT,1.30249,1.30036,1.303305,1.303305,TARGET,21.299999999999653,8.150000000000102,6.150000000000102,4.150000000000102,2011
2011-12-26,LONG,1.30612,1.3074,1.3051650000000001,1.3074,STOP,12.799999999999478,-12.799999999999478,-14.799999999999478,-16.79999999999948,2011
2011-12-27,LONG,1.30761,1.3083,1.3060200000000002,1.3060200000000002,TARGET,6.900000000000794,15.899999999997583,13.899999999997583,11.899999999997583,2011
2011-12-28,LONG,1.3074,1.30792,1.30673,1.30673,TARGET,5.20000000000076,6.699999999999484,4.699999999999484,2.699999999999484,2011
2012-01-02,LONG,1.29461,1.29504,1.2934100000000002,1.29504,STOP,4.299999999999304,-4.299999999999304,-6.299999999999304,-8.299999999999304,2012
2012-01-04,LONG,1.30546,1.30726,1.3039049999999999,1.3039049999999999,TARGET,18.000000000000238,15.550000000001951,13.550000000001951,11.550000000001951,2012
2012-01-06,LONG,1.27978,1.28121,1.278095,1.278095,TARGET,14.300000000000423,16.849999999999365,14.849999999999365,12.849999999999365,2012
2012-01-10,SHORT,1.27656,1.27427,1.27787,1.27787,TARGET,22.899999999999032,13.100000000001444,11.100000000001444,9.100000000001444,2012
2012-01-12,LONG,1.27259,1.27333,1.271485,1.27333,STOP,7.399999999999629,-7.399999999999629,-9.399999999999629,-11.399999999999629,2012
2012-01-13,SHORT,1.28111,1.27963,1.284415,1.27963,STOP,14.799999999999258,-14.799999999999258,-16.799999999999258,-18.799999999999258,2012
2012-01-18,SHORT,1.27416,1.27336,1.2764199999999999,1.2764199999999999,TARGET,7.999999999999119,22.599999999999287,20.599999999999287,18.599999999999287,2012
2012-01-19,SHORT,1.28491,1.28388,1.285995,1.285995,TARGET,10.300000000000864,10.850000000000026,8.850000000000026,6.850000000000026,2012
2012-01-20,SHORT,1.29539,1.29449,1.296715,1.29449,STOP,9.00000000000123,-9.00000000000123,-11.00000000000123,-13.00000000000123,2012
2012-01-31,LONG,1.31952,1.32123,1.316565,1.316565,TARGET,17.099999999998783,29.55000000000041,27.55000000000041,25.55000000000041,2012
2012-02-03,LONG,1.31505,1.31624,1.313495,1.31624,STOP,11.900000000000244,-11.900000000000244,-13.900000000000244,-15.900000000000244,2012
2012-02-07,LONG,1.31256,1.3154,1.311175,1.3154,STOP,28.399999999999537,-28.399999999999537,-30.399999999999537,-32.39999999999954,2012
2012-02-10,SHORT,1.32586,1.32387,1.327035,1.327035,TARGET,19.899999999999363,11.749999999999261,9.749999999999261,7.749999999999261,2012
2012-02-13,LONG,1.32589,1.32642,1.323305,1.32642,STOP,5.299999999999194,-5.299999999999194,-7.299999999999194,-9.299999999999194,2012
2012-02-16,SHORT,1.29991,1.29889,1.3027000000000002,1.29889,STOP,10.199999999997988,-10.199999999997988,-12.199999999997988,-14.199999999997988,2012
2012-02-22,LONG,1.32445,1.32634,1.322985,1.322985,TARGET,18.900000000001693,14.649999999998276,12.649999999998276,10.649999999998276,2012
2012-02-24,LONG,1.33779,1.33825,1.336795,1.336795,TARGET,4.599999999999049,9.950000000000792,7.9500000000007915,5.9500000000007915,2012
2012-02-27,SHORT,1.34351,1.3421,1.34494,1.3421,STOP,14.099999999999113,-14.099999999999113,-16.099999999999113,-18.099999999999113,2012
2012-02-28,LONG,1.34433,1.34566,1.342355,1.34566,STOP,13.300000000000534,-13.300000000000534,-15.300000000000534,-17.300000000000534,2012
2012-02-29,SHORT,1.34669,1.34515,1.347585,1.34515,STOP,15.399999999998748,-15.399999999998748,-17.399999999998748,-19.399999999998748,2012
2012-03-01,SHORT,1.33254,1.3305,1.333965,1.333965,TARGET,20.400000000000418,14.250000000000096,12.250000000000096,10.250000000000096,2012
2012-03-05,SHORT,1.31872,1.31743,1.3198750000000001,1.3198750000000001,TARGET,12.899999999997913,11.550000000002392,9.550000000002392,7.550000000002392,2012
2012-03-06,SHORT,1.31898,1.3181,1.320655,1.3181,STOP,8.799999999999919,-8.799999999999919,-10.799999999999919,-12.799999999999919,2012
2012-03-07,LONG,1.31522,1.31636,1.31333,1.31333,TARGET,11.399999999999189,18.899999999999473,16.899999999999473,14.899999999999473,2012
2012-03-08,LONG,1.31804,1.31844,1.3159049999999999,1.31844,STOP,3.9999999999995595,-3.9999999999995595,-5.9999999999995595,-7.9999999999995595,2012
2012-03-09,SHORT,1.32263,1.32126,1.3247900000000001,1.32126,STOP,13.699999999998713,-13.699999999998713,-15.699999999998713,-17.699999999998713,2012
2012-03-12,LONG,1.31213,1.31347,1.310035,1.31347,STOP,13.399999999998968,-13.399999999998968,-15.399999999998968,-17.39999999999897,2012
2012-03-15,LONG,1.30548,1.30614,1.3029799999999998,1.30614,STOP,6.6000000000010495,-6.6000000000010495,-8.60000000000105,-10.60000000000105,2012
2012-03-16,SHORT,1.30693,1.30521,1.30831,1.30521,STOP,17.199999999999438,-17.199999999999438,-19.199999999999438,-21.199999999999438,2012
2012-03-20,SHORT,1.32289,1.32043,1.3234249999999999,1.3234249999999999,TARGET,24.599999999999067,5.349999999999522,3.349999999999522,1.3499999999995218,2012
2012-03-21,LONG,1.32776,1.32844,1.3260399999999999,1.3260399999999999,TARGET,6.800000000000139,17.20000000000166,15.200000000001658,13.200000000001658,2012
2012-03-26,SHORT,1.32617,1.3232,1.3265799999999999,1.3232,STOP,29.700000000001392,-29.700000000001392,-31.700000000001392,-33.700000000001396,2012
2012-03-27,SHORT,1.33471,1.3327,1.33549,1.33549,TARGET,20.100000000000673,7.800000000000029,5.800000000000029,3.800000000000029,2012
2012-03-29,LONG,1.33271,1.33411,1.33197,1.33197,TARGET,13.999999999998458,7.399999999999629,5.399999999999629,3.399999999999629,2012
2012-03-30,LONG,1.33583,1.33673,1.333345,1.33673,STOP,8.999999999999009,-8.999999999999009,-10.999999999999009,-12.999999999999009,2012
2012-04-03,LONG,1.33475,1.33671,1.33381,1.33381,TARGET,19.599999999999618,9.40000000000163,7.400000000001629,5.400000000001629,2012
2012-04-04,SHORT,1.31888,1.3175,1.3208600000000001,1.3175,STOP,13.800000000001589,-13.800000000001589,-15.800000000001589,-17.80000000000159,2012
2012-04-05,SHORT,1.31428,1.31297,1.3147950000000002,1.3147950000000002,TARGET,13.099999999999223,5.1500000000026525,3.1500000000026525,1.1500000000026525,2012
2012-04-11,LONG,1.31078,1.31326,1.308735,1.31326,STOP,24.800000000000377,-24.800000000000377,-26.800000000000377,-28.800000000000377,2012
2012-04-13,SHORT,1.3168,1.31616,1.31829,1.31616,STOP,6.399999999999739,-6.399999999999739,-8.39999999999974,-10.39999999999974,2012
2012-04-16,SHORT,1.30115,1.29989,1.3030750000000002,1.3030750000000002,TARGET,12.600000000000389,19.250000000001766,17.250000000001766,15.250000000001766,2012
2012-04-17,SHORT,1.31097,1.30935,1.31186,1.31186,TARGET,16.199999999999548,8.900000000000574,6.900000000000574,4.900000000000574,2012
2012-04-18,SHORT,1.31102,1.30874,1.312465,1.30874,STOP,22.800000000000598,-22.800000000000598,-24.800000000000598,-26.800000000000598,2012
2012-04-19,LONG,1.31308,1.31608,1.311855,1.311855,TARGET,29.999999999998916,12.250000000000316,10.250000000000316,8.250000000000316,2012
2012-04-20,LONG,1.31615,1.31789,1.3146,1.31789,STOP,17.400000000000748,-17.400000000000748,-19.400000000000748,-21.400000000000748,2012
2012-04-27,SHORT,1.31829,1.3157,1.3194949999999999,1.3194949999999999,TARGET,25.899999999998702,12.049999999999006,10.049999999999006,8.049999999999006,2012
2012-04-30,LONG,1.32499,1.32663,1.324205,1.324205,TARGET,16.40000000000086,7.849999999998136,5.849999999998136,3.8499999999981362,2012
2012-05-01,LONG,1.32566,1.32617,1.324625,1.32617,STOP,5.1000000000001044,-5.1000000000001044,-7.1000000000001044,-9.100000000000104,2012
2012-05-03,LONG,1.31509,1.31591,1.314555,1.31591,STOP,8.199999999998209,-8.199999999998209,-10.199999999998209,-12.199999999998209,2012
2012-05-08,SHORT,1.30259,1.30092,1.304345,1.30092,STOP,16.699999999998383,-16.699999999998383,-18.699999999998383,-20.699999999998383,2012
2012-05-10,LONG,1.29566,1.29625,1.294095,1.29625,STOP,5.899999999998684,-5.899999999998684,-7.899999999998684,-9.899999999998684,2012
2012-05-11,LONG,1.29414,1.2951,1.2924,1.2951,STOP,9.599999999998499,-9.599999999998499,-11.599999999998499,-13.599999999998499,2012
2012-05-14,SHORT,1.28788,1.2873,1.289145,1.2873,STOP,5.799999999998029,-5.799999999998029,-7.799999999998029,-9.799999999998029,2012
2012-05-16,SHORT,1.27041,1.26811,1.27188,1.27188,TARGET,22.999999999999687,14.699999999998603,12.699999999998603,10.699999999998603,2012
2012-05-17,SHORT,1.27209,1.2714,1.2734100000000002,1.2734100000000002,TARGET,6.899999999998574,13.200000000002099,11.200000000002099,9.200000000002099,2012
2012-05-23,SHORT,1.26459,1.26143,1.266475,1.266475,TARGET,31.600000000000517,18.849999999999145,16.849999999999145,14.849999999999145,2012
2012-05-28,LONG,1.26013,1.26176,1.25839,1.25839,TARGET,16.300000000000203,17.400000000000748,15.400000000000748,13.400000000000748,2012
2012-05-30,SHORT,1.24615,1.24515,1.24718,1.24515,STOP,10.000000000001119,-10.000000000001119,-12.000000000001119,-14.000000000001119,2012
2012-05-31,LONG,1.23914,1.24171,1.23762,1.24171,STOP,25.700000000001832,-25.700000000001832,-27.700000000001832,-29.700000000001832,2012
2012-06-01,SHORT,1.23288,1.23118,1.234455,1.23118,STOP,17.000000000000348,-17.000000000000348,-19.000000000000348,-21.000000000000348,2012
2012-06-04,LONG,1.2417,1.24278,1.240345,1.24278,STOP,10.799999999999699,-10.799999999999699,-12.799999999999699,-14.799999999999699,2012
2012-06-06,LONG,1.25125,1.25275,1.24784,1.24784,TARGET,15.000000000000568,34.09999999999913,32.09999999999913,30.099999999999127,2012
2012-06-07,SHORT,1.25581,1.25398,1.2571,1.2571,TARGET,18.299999999999983,12.900000000000134,10.900000000000134,8.900000000000134,2012
2012-06-12,LONG,1.25046,1.2519,1.248645,1.2519,STOP,14.400000000001079,-14.400000000001079,-16.40000000000108,-18.40000000000108,2012
2012-06-14,SHORT,1.25566,1.25415,1.256985,1.256985,TARGET,15.099999999999003,13.250000000000206,11.250000000000206,9.250000000000206,2012
2012-06-19,LONG,1.26153,1.26202,1.2599,1.2599,TARGET,4.899999999998794,16.300000000000203,14.300000000000203,12.300000000000203,2012
2012-06-21,SHORT,1.26631,1.2642,1.26764,1.26764,TARGET,21.100000000000563,13.300000000000534,11.300000000000534,9.300000000000534,2012
2012-06-22,SHORT,1.2544,1.25188,1.255335,1.255335,TARGET,25.199999999998557,9.350000000001302,7.350000000001302,5.350000000001302,2012
2012-06-26,LONG,1.25191,1.253,1.25091,1.25091,TARGET,10.899999999998133,10.000000000001119,8.000000000001119,6.000000000001119,2012
2012-07-02,LONG,1.26492,1.26672,1.26356,1.26356,TARGET,18.000000000000238,13.600000000000279,11.600000000000279,9.600000000000279,2012
2012-07-04,SHORT,1.25819,1.25754,1.25939,1.25754,STOP,6.499999999998174,-6.499999999998174,-8.499999999998174,-10.499999999998174,2012
2012-07-06,SHORT,1.23741,1.23657,1.238455,1.238455,TARGET,8.399999999999519,10.450000000001847,8.450000000001847,6.450000000001847,2012
2012-07-09,LONG,1.22945,1.23056,1.22825,1.23056,STOP,11.100000000001664,-11.100000000001664,-13.100000000001664,-15.100000000001664,2012
2012-07-10,LONG,1.2318,1.23336,1.23011,1.23011,TARGET,15.600000000000058,16.899999999999693,14.899999999999693,12.899999999999693,2012
2012-07-11,LONG,1.22668,1.2278,1.22586,1.22586,TARGET,11.200000000000099,8.20000000000043,6.200000000000429,4.200000000000429,2012
2012-07-12,SHORT,1.22249,1.22175,1.2234500000000001,1.22175,STOP,7.4000000000018495,-7.4000000000018495,-9.40000000000185,-11.40000000000185,2012
2012-07-13,LONG,1.22115,1.22178,1.2198449999999998,1.2198449999999998,TARGET,6.300000000001305,13.050000000001116,11.050000000001116,9.050000000001116,2012
2012-07-16,SHORT,1.22339,1.22208,1.2239,1.22208,STOP,13.099999999999223,-13.099999999999223,-15.099999999999223,-17.099999999999223,2012
2012-07-19,LONG,1.22947,1.23209,1.228425,1.228425,TARGET,26.199999999998447,10.449999999999626,8.449999999999626,6.449999999999626,2012
2012-07-24,SHORT,1.21146,1.20915,1.212355,1.20915,STOP,23.100000000000342,-23.100000000000342,-25.100000000000342,-27.100000000000342,2012
2012-07-26,LONG,1.21475,1.21547,1.21374,1.21374,TARGET,7.200000000000539,10.099999999999554,8.099999999999554,6.099999999999554,2012
2012-07-27,SHORT,1.22747,1.22606,1.2282000000000002,1.22606,STOP,14.100000000001334,-14.100000000001334,-16.100000000001334,-18.100000000001334,2012
2012-07-30,SHORT,1.22861,1.22711,1.22945,1.22711,STOP,15.000000000000568,-15.000000000000568,-17.00000000000057,-19.00000000000057,2012
2012-07-31,SHORT,1.22576,1.2248,1.2272500000000002,1.2272500000000002,TARGET,9.599999999998499,14.900000000002134,12.900000000002134,10.900000000002134,2012
2012-08-01,LONG,1.23168,1.23362,1.2298550000000001,1.2298550000000001,TARGET,19.399999999998307,18.249999999999655,16.249999999999655,14.249999999999655,2012
2012-08-09,SHORT,1.23655,1.23587,1.2376,1.23587,STOP,6.800000000000139,-6.800000000000139,-8.80000000000014,-10.80000000000014,2012
2012-08-15,LONG,1.23258,1.23408,1.23252,1.23252,TARGET,15.000000000000568,0.5999999999994898,-1.4000000000005102,-3.40000000000051,2012
2012-08-17,LONG,1.23594,1.23716,1.235015,1.235015,TARGET,12.199999999999989,9.250000000000647,7.250000000000647,5.250000000000647,2012
2012-08-22,SHORT,1.24594,1.2447,1.246805,1.246805,TARGET,12.400000000001299,8.649999999998936,6.649999999998936,4.649999999998936,2012
2012-08-27,SHORT,1.24992,1.24898,1.250645,1.250645,TARGET,9.399999999999409,7.250000000000867,5.250000000000867,3.250000000000867,2012
2012-08-28,LONG,1.25032,1.25101,1.248535,1.25101,STOP,6.899999999998574,-6.899999999998574,-8.899999999998574,-10.899999999998574,2012
2012-08-31,LONG,1.25179,1.25237,1.250855,1.25237,STOP,5.800000000000249,-5.800000000000249,-7.800000000000249,-9.80000000000025,2012
2012-09-06,LONG,1.26159,1.26232,1.260655,1.260655,TARGET,7.300000000001194,9.349999999999081,7.349999999999081,5.349999999999081,2012
2012-09-10,LONG,1.2794,1.2803,1.278765,1.278765,TARGET,8.999999999999009,6.350000000001632,4.350000000001632,2.350000000001632,2012
2012-09-12,LONG,1.28789,1.28997,1.28643,1.28997,STOP,20.800000000000818,-20.800000000000818,-22.800000000000818,-24.800000000000818,2012
2012-09-14,LONG,1.30363,1.30496,1.301175,1.30496,STOP,13.299999999998313,-13.299999999998313,-15.299999999998313,-17.299999999998313,2012
2012-09-17,SHORT,1.31042,1.3092,1.312235,1.3092,STOP,12.199999999999989,-12.199999999999989,-14.199999999999989,-16.19999999999999,2012
2012-09-18,SHORT,1.30914,1.30848,1.3102049999999998,1.30848,STOP,6.599999999998829,-6.599999999998829,-8.599999999998829,-10.599999999998829,2012
2012-09-19,SHORT,1.30351,1.30235,1.3058999999999998,1.30235,STOP,11.600000000000499,-11.600000000000499,-13.600000000000499,-15.600000000000499,2012
2012-09-21,SHORT,1.2965,1.2955,1.29813,1.29813,TARGET,9.999999999998899,16.300000000000203,14.300000000000203,12.300000000000203,2012
2012-09-26,SHORT,1.28649,1.2846,1.288805,1.288805,TARGET,18.899999999999473,23.15000000000067,21.15000000000067,19.15000000000067,2012
2012-09-27,SHORT,1.28693,1.28656,1.288185,1.28656,STOP,3.6999999999998145,-3.6999999999998145,-5.6999999999998145,-7.6999999999998145,2012
2012-09-28,LONG,1.2941,1.29596,1.2925,1.2925,TARGET,18.599999999999728,16.00000000000046,14.000000000000458,12.000000000000458,2012
2012-10-02,SHORT,1.28871,1.28799,1.29005,1.29005,TARGET,7.200000000000539,13.399999999998968,11.399999999998968,9.399999999998968,2012
2012-10-03,SHORT,1.28976,1.28772,1.2905600000000002,1.2905600000000002,TARGET,20.400000000000418,8.00000000000134,6.000000000001339,4.000000000001339,2012
2012-10-05,SHORT,1.30063,1.29938,1.30139,1.30139,TARGET,12.499999999999734,7.600000000000939,5.600000000000939,3.6000000000009393,2012
2012-10-08,SHORT,1.29795,1.29739,1.29969,1.29739,STOP,5.599999999998939,-5.599999999998939,-7.599999999998939,-9.59999999999894,2012
2012-10-10,LONG,1.28699,1.28787,1.28555,1.28555,TARGET,8.799999999999919,14.400000000001079,12.400000000001079,10.400000000001079,2012
2012-10-11,LONG,1.28742,1.28918,1.285145,1.28918,STOP,17.599999999999838,-17.599999999999838,-19.599999999999838,-21.599999999999838,2012
2012-10-18,SHORT,1.30926,1.30835,1.31019,1.31019,TARGET,9.100000000001884,9.299999999998754,7.299999999998754,5.299999999998754,2012
2012-10-19,SHORT,1.30583,1.3048,1.306745,1.3048,STOP,10.300000000000864,-10.300000000000864,-12.300000000000864,-14.300000000000864,2012
2012-10-24,LONG,1.29911,1.29966,1.298235,1.298235,TARGET,5.5000000000005045,8.749999999999591,6.749999999999591,4.749999999999591,2012
2012-10-26,SHORT,1.29291,1.29237,1.29424,1.29237,STOP,5.399999999999849,-5.399999999999849,-7.399999999999849,-9.39999999999985,2012
2012-11-06,SHORT,1.27836,1.2775,1.279205,1.2775,STOP,8.599999999998609,-8.599999999998609,-10.599999999998609,-12.599999999998609,2012
2012-11-08,LONG,1.27707,1.27759,1.275715,1.275715,TARGET,5.20000000000076,13.549999999999951,11.549999999999951,9.549999999999951,2012
2012-11-09,SHORT,1.27373,1.27281,1.276145,1.27281,STOP,9.200000000000319,-9.200000000000319,-11.200000000000319,-13.200000000000319,2012
2012-11-12,SHORT,1.27172,1.26975,1.272735,1.272735,TARGET,19.700000000000273,10.149999999999881,8.149999999999881,6.149999999999881,2012
2012-11-13,SHORT,1.26742,1.2665,1.269055,1.269055,TARGET,9.200000000000319,16.35000000000053,14.35000000000053,12.35000000000053,2012
2012-11-14,LONG,1.27278,1.27308,1.27158,1.27308,STOP,2.9999999999996696,-2.9999999999996696,-4.99999999999967,-6.99999999999967,2012
2012-11-15,LONG,1.27491,1.27569,1.273485,1.27569,STOP,7.800000000000029,-7.800000000000029,-9.80000000000003,-11.80000000000003,2012
2012-11-19,LONG,1.27729,1.27871,1.275935,1.275935,TARGET,14.199999999999768,13.549999999999951,11.549999999999951,9.549999999999951,2012
2012-11-20,LONG,1.28082,1.28178,1.27875,1.27875,TARGET,9.599999999998499,20.700000000000163,18.700000000000163,16.700000000000163,2012
2012-11-22,LONG,1.28613,1.28678,1.2848899999999999,1.2848899999999999,TARGET,6.500000000000394,12.400000000001299,10.400000000001299,8.400000000001299,2012
2012-11-23,LONG,1.28973,1.29088,1.2882850000000001,1.2882850000000001,TARGET,11.499999999999844,14.449999999999186,12.449999999999186,10.449999999999186,2012
2012-11-27,SHORT,1.29744,1.29666,1.29909,1.29666,STOP,7.800000000000029,-7.800000000000029,-9.80000000000003,-11.80000000000003,2012
2012-11-30,LONG,1.30073,1.30235,1.29883,1.29883,TARGET,16.199999999999548,19.000000000000128,17.000000000000128,15.000000000000128,2012
2012-12-06,SHORT,1.30458,1.30424,1.30609,1.30609,TARGET,3.4000000000000696,15.099999999999003,13.099999999999003,11.099999999999003,2012
2012-12-13,SHORT,1.30566,1.30495,1.30759,1.30495,STOP,7.099999999999884,-7.099999999999884,-9.099999999999884,-11.099999999999884,2012
2012-12-18,SHORT,1.31614,1.31563,1.31688,1.31688,TARGET,5.1000000000001044,7.399999999999629,5.399999999999629,3.399999999999629,2012
2012-12-20,LONG,1.32241,1.32358,1.3215750000000002,1.32358,STOP,11.699999999998933,-11.699999999998933,-13.699999999998933,-15.699999999998933,2012
2012-12-25,LONG,1.31886,1.3193,1.317965,1.3193,STOP,4.3999999999999595,-4.3999999999999595,-6.3999999999999595,-8.39999999999996,2012
2012-12-28,LONG,1.32475,1.32522,1.32428,1.32428,TARGET,4.699999999999704,4.700000000001925,2.700000000001925,0.7000000000019249,2012
2012-12-31,SHORT,1.31899,1.31762,1.32114,1.31762,STOP,13.700000000000934,-13.700000000000934,-15.700000000000934,-17.700000000000934,2012
2013-01-04,SHORT,1.3023,1.30056,1.3034599999999998,1.30056,STOP,17.400000000000748,-17.400000000000748,-19.400000000000748,-21.400000000000748,2013
2013-01-07,SHORT,1.30288,1.30165,1.3048199999999999,1.3048199999999999,TARGET,12.300000000000644,19.399999999998307,17.399999999998307,15.399999999998307,2013
2013-01-09,SHORT,1.30678,1.30636,1.30802,1.30636,STOP,4.20000000000087,-4.20000000000087,-6.20000000000087,-8.20000000000087,2013
2013-01-10,LONG,1.30605,1.30716,1.304955,1.30716,STOP,11.100000000001664,-11.100000000001664,-13.100000000001664,-15.100000000001664,2013
2013-01-11,LONG,1.32725,1.32832,1.3262450000000001,1.3262450000000001,TARGET,10.699999999999044,10.049999999999226,8.049999999999226,6.049999999999226,2013
2013-01-14,SHORT,1.33554,1.33475,1.337825,1.337825,TARGET,7.899999999998464,22.850000000000925,20.850000000000925,18.850000000000925,2013
2013-01-16,SHORT,1.32731,1.32618,1.32944,1.32944,TARGET,11.300000000000754,21.299999999999653,19.299999999999653,17.299999999999653,2013
2013-01-21,SHORT,1.33042,1.33001,1.3315899999999998,1.33001,STOP,4.100000000000215,-4.100000000000215,-6.100000000000215,-8.100000000000215,2013
2013-01-22,SHORT,1.33071,1.32668,1.333215,1.333215,TARGET,40.29999999999978,25.049999999999795,23.049999999999795,21.049999999999795,2013
2013-01-23,SHORT,1.33,1.32912,1.3312599999999999,1.32912,STOP,8.799999999999919,-8.799999999999919,-10.799999999999919,-12.799999999999919,2013
2013-01-24,SHORT,1.32986,1.32859,1.3320349999999999,1.3320349999999999,TARGET,12.700000000001044,21.74999999999816,19.74999999999816,17.74999999999816,2013
2013-01-28,SHORT,1.3443,1.34244,1.345615,1.345615,TARGET,18.599999999999728,13.149999999999551,11.149999999999551,9.149999999999551,2013
2013-01-31,SHORT,1.35515,1.35444,1.35674,1.35674,TARGET,7.099999999999884,15.899999999999803,13.899999999999803,11.899999999999803,2013
2013-02-08,LONG,1.34127,1.34271,1.33994,1.34271,STOP,14.400000000001079,-14.400000000001079,-16.40000000000108,-18.40000000000108,2013
2013-02-11,SHORT,1.33657,1.33599,1.3377249999999998,1.33599,STOP,5.800000000000249,-5.800000000000249,-7.800000000000249,-9.80000000000025,2013
2013-02-12,SHORT,1.33803,1.33635,1.339335,1.339335,TARGET,16.80000000000126,13.049999999998896,11.049999999998896,9.049999999998896,2013
2013-02-13,LONG,1.34552,1.34652,1.344675,1.34652,STOP,9.999999999998899,-9.999999999998899,-11.999999999998899,-13.999999999998899,2013
2013-02-22,LONG,1.3218,1.32315,1.320075,1.32315,STOP,13.499999999999623,-13.499999999999623,-15.499999999999623,-17.499999999999623,2013
2013-02-26,LONG,1.30885,1.31187,1.30636,1.30636,TARGET,30.200000000000227,24.900000000001032,22.900000000001032,20.900000000001032,2013
2013-02-27,LONG,1.30754,1.30935,1.3060800000000001,1.30935,STOP,18.100000000000893,-18.100000000000893,-20.100000000000893,-22.100000000000893,2013
2013-03-01,LONG,1.30712,1.3101,1.3070650000000001,1.3070650000000001,TARGET,29.799999999999827,0.5499999999991623,-1.4500000000008377,-3.4500000000008377,2013
2013-03-04,SHORT,1.29971,1.29819,1.3013,1.3013,TARGET,15.199999999999658,15.899999999999803,13.899999999999803,11.899999999999803,2013
2013-03-06,SHORT,1.30482,1.30461,1.30582,1.30461,STOP,2.100000000000435,-2.100000000000435,-4.100000000000435,-6.100000000000435,2013
2013-03-11,LONG,1.30127,1.30179,1.2998699999999999,1.2998699999999999,TARGET,5.20000000000076,14.000000000000679,12.000000000000679,10.000000000000679,2013
2013-03-13,LONG,1.30358,1.30644,1.30341,1.30341,TARGET,28.600000000000847,1.7000000000000348,-0.2999999999999652,-2.299999999999965,2013
2013-03-15,LONG,1.30252,1.30307,1.301455,1.301455,TARGET,5.5000000000005045,10.649999999998716,8.649999999998716,6.649999999998716,2013
2013-03-19,SHORT,1.29362,1.29292,1.2951899999999998,1.29292,STOP,6.999999999999229,-6.999999999999229,-8.999999999999229,-10.999999999999229,2013
2013-03-20,LONG,1.28834,1.29156,1.28772,1.29156,STOP,32.2,-32.2,-34.2,-36.2,2013
2013-03-26,SHORT,1.28572,1.28405,1.286735,1.286735,TARGET,16.700000000000603,10.149999999999881,8.149999999999881,6.149999999999881,2013
2013-03-27,SHORT,1.28405,1.28165,1.2852000000000001,1.28165,STOP,23.999999999999577,-23.999999999999577,-25.999999999999577,-27.999999999999577,2013
2013-04-01,LONG,1.28051,1.28092,1.2789000000000001,1.28092,STOP,4.100000000000215,-4.100000000000215,-6.100000000000215,-8.100000000000215,2013
2013-04-02,SHORT,1.28448,1.28279,1.28606,1.28279,STOP,16.899999999999693,-16.899999999999693,-18.899999999999693,-20.899999999999693,2013
2013-04-09,SHORT,1.30179,1.30056,1.3042099999999999,1.3042099999999999,TARGET,12.300000000000644,24.199999999998667,22.199999999998667,20.199999999998667,2013
2013-04-15,SHORT,1.30686,1.30525,1.30863,1.30863,TARGET,16.099999999998893,17.700000000000493,15.700000000000493,13.700000000000493,2013
2013-04-16,LONG,1.3081,1.30867,1.30562,1.30867,STOP,5.699999999999594,-5.699999999999594,-7.699999999999594,-9.699999999999594,2013
2013-04-18,LONG,1.3059,1.30738,1.30409,1.30409,TARGET,14.799999999999258,18.100000000000893,16.100000000000893,14.100000000000893,2013
2013-04-19,LONG,1.30703,1.30796,1.3061850000000002,1.30796,STOP,9.300000000000974,-9.300000000000974,-11.300000000000974,-13.300000000000974,2013
2013-04-24,SHORT,1.2992,1.29827,1.2999,1.29827,STOP,9.299999999998754,-9.299999999998754,-11.299999999998754,-13.299999999998754,2013
2013-04-25,LONG,1.30605,1.30764,1.3036699999999999,1.30764,STOP,15.899999999999803,-15.899999999999803,-17.899999999999803,-19.899999999999803,2013
2013-05-08,LONG,1.3095,1.31151,1.30851,1.31151,STOP,20.099999999998452,-20.099999999998452,-22.099999999998452,-24.099999999998452,2013
2013-05-09,SHORT,1.31586,1.31412,1.3160599999999998,1.3160599999999998,TARGET,17.400000000000748,1.9999999999975593,-2.440714297335944e-12,-2.0000000000024407,2013
2013-05-10,SHORT,1.30259,1.30044,1.3036050000000001,1.3036050000000001,TARGET,21.499999999998742,10.150000000002102,8.150000000002102,6.150000000002102,2013
2013-05-13,LONG,1.29748,1.29891,1.297465,1.297465,TARGET,14.300000000000423,0.14999999999876223,-1.8500000000012378,-3.8500000000012378,2013
2013-05-16,SHORT,1.28642,1.28611,1.28762,1.28611,STOP,3.0999999999981043,-3.0999999999981043,-5.099999999998104,-7.099999999998104,2013
2013-05-20,LONG,1.28484,1.28538,1.283585,1.28538,STOP,5.399999999999849,-5.399999999999849,-7.399999999999849,-9.39999999999985,2013
2013-05-21,SHORT,1.28644,1.28537,1.2879550000000002,1.2879550000000002,TARGET,10.700000000001264,15.150000000001551,13.150000000001551,11.150000000001551,2013
2013-05-22,LONG,1.29343,1.29444,1.292275,1.29444,STOP,10.099999999999554,-10.099999999999554,-12.099999999999554,-14.099999999999554,2013
2013-05-24,LONG,1.29361,1.29429,1.29204,1.29429,STOP,6.800000000000139,-6.800000000000139,-8.80000000000014,-10.80000000000014,2013
2013-05-29,LONG,1.28564,1.28776,1.2851050000000002,1.28776,STOP,21.200000000001218,-21.200000000001218,-23.200000000001218,-25.200000000001218,2013
2013-05-30,LONG,1.29824,1.30061,1.295935,1.295935,TARGET,23.699999999999832,23.050000000000015,21.050000000000015,19.050000000000015,2013
2013-05-31,SHORT,1.30363,1.3027,1.303955,1.3027,STOP,9.300000000000974,-9.300000000000974,-11.300000000000974,-13.300000000000974,2013
2013-06-03,LONG,1.30163,1.30278,1.30019,1.30278,STOP,11.499999999999844,-11.499999999999844,-13.499999999999844,-15.499999999999844,2013
2013-06-04,LONG,1.30773,1.30839,1.30684,1.30839,STOP,6.599999999998829,-6.599999999998829,-8.599999999998829,-10.599999999998829,2013
2013-06-05,SHORT,1.30652,1.30529,1.308075,1.308075,TARGET,12.299999999998423,15.550000000001951,13.550000000001951,11.550000000001951,2013
2013-06-07,SHORT,1.32369,1.32295,1.325175,1.32295,STOP,7.399999999999629,-7.399999999999629,-9.399999999999629,-11.399999999999629,2013
2013-06-10,SHORT,1.31914,1.31775,1.320965,1.320965,TARGET,13.900000000000023,18.249999999999655,16.249999999999655,14.249999999999655,2013
2013-06-11,LONG,1.329,1.32933,1.3269449999999998,1.32933,STOP,3.2999999999994145,-3.2999999999994145,-5.2999999999994145,-7.2999999999994145,2013
2013-06-12,LONG,1.33161,1.33296,1.330465,1.33296,STOP,13.499999999999623,-13.499999999999623,-15.499999999999623,-17.499999999999623,2013
2013-06-13,LONG,1.33663,1.33733,1.3353549999999998,1.3353549999999998,TARGET,6.999999999999229,12.750000000001371,10.750000000001371,8.750000000001371,2013
2013-06-14,SHORT,1.33457,1.33348,1.33574,1.33348,STOP,10.900000000000354,-10.900000000000354,-12.900000000000354,-14.900000000000354,2013
2013-06-18,SHORT,1.33494,1.33325,1.33567,1.33567,TARGET,16.899999999999693,7.299999999998974,5.299999999998974,3.299999999998974,2013
2013-06-19,LONG,1.33981,1.34055,1.33934,1.34055,STOP,7.399999999999629,-7.399999999999629,-9.399999999999629,-11.399999999999629,2013
2013-06-20,SHORT,1.32565,1.32392,1.327375,1.32392,STOP,17.300000000000093,-17.300000000000093,-19.300000000000093,-21.300000000000093,2013
2013-06-24,SHORT,1.30906,1.30785,1.310095,1.310095,TARGET,12.099999999999334,10.350000000001192,8.350000000001192,6.350000000001192,2013
2013-06-25,LONG,1.31307,1.31471,1.3122250000000002,1.3122250000000002,TARGET,16.40000000000086,8.449999999997626,6.449999999997626,4.449999999997626,2013
2013-06-27,LONG,1.30353,1.30402,1.3024,1.3024,TARGET,4.899999999998794,11.300000000000754,9.300000000000754,7.300000000000754,2013
2013-07-02,LONG,1.30694,1.30766,1.306015,1.306015,TARGET,7.200000000000539,9.250000000000647,7.250000000000647,5.250000000000647,2013
2013-07-04,SHORT,1.29884,1.29855,1.30053,1.29855,STOP,2.8999999999990145,-2.8999999999990145,-4.8999999999990145,-6.8999999999990145,2013
2013-07-05,SHORT,1.28894,1.2884,1.28978,1.2884,STOP,5.399999999999849,-5.399999999999849,-7.399999999999849,-9.39999999999985,2013
2013-07-15,SHORT,1.30533,1.3043,1.3066,1.3043,STOP,10.300000000000864,-10.300000000000864,-12.300000000000864,-14.300000000000864,2013
2013-07-16,LONG,1.30888,1.30986,1.307195,1.307195,TARGET,9.799999999999809,16.849999999999365,14.849999999999365,12.849999999999365,2013
2013-07-17,SHORT,1.31325,1.31275,1.31419,1.31275,STOP,4.999999999999449,-4.999999999999449,-6.999999999999449,-8.99999999999945,2013
2013-07-25,LONG,1.32177,1.32366,1.3204250000000002,1.3204250000000002,TARGET,18.900000000001693,13.449999999997075,11.449999999997075,9.449999999997075,2013
2013-07-26,LONG,1.32883,1.32968,1.3278699999999999,1.3278699999999999,TARGET,8.500000000000174,9.600000000000719,7.600000000000719,5.600000000000719,2013
2013-07-29,SHORT,1.32761,1.32611,1.32831,1.32831,TARGET,15.000000000000568,7.0000000000014495,5.0000000000014495,3.0000000000014495,2013
2013-07-30,LONG,1.32633,1.32695,1.325655,1.32695,STOP,6.200000000000649,-6.200000000000649,-8.20000000000065,-10.20000000000065,2013
2013-07-31,SHORT,1.32561,1.32474,1.32598,1.32598,TARGET,8.699999999999264,3.6999999999998145,1.6999999999998145,-0.30000000000018545,2013
2013-08-02,LONG,1.32226,1.32266,1.3206250000000002,1.3206250000000002,TARGET,3.9999999999995595,16.34999999999831,14.34999999999831,12.34999999999831,2013
2013-08-08,LONG,1.33441,1.3369,1.3340100000000001,1.3340100000000001,TARGET,24.899999999998812,3.9999999999995595,1.9999999999995595,-4.405364961712621e-13,2013
2013-08-09,SHORT,1.3379,1.337,1.338115,1.338115,TARGET,9.00000000000123,2.149999999998542,0.14999999999854197,-1.850000000001458,2013
2013-08-13,SHORT,1.32932,1.32809,1.3301,1.3301,TARGET,12.300000000000644,7.800000000000029,5.800000000000029,3.800000000000029,2013
2013-08-16,SHORT,1.33388,1.33256,1.334705,1.334705,TARGET,13.199999999999878,8.250000000000757,6.250000000000757,4.250000000000757,2013
2013-08-20,SHORT,1.3336,1.33234,1.33427,1.33427,TARGET,12.599999999998168,6.700000000001705,4.700000000001705,2.7000000000017046,2013
2013-08-28,SHORT,1.33736,1.3368,1.33852,1.3368,STOP,5.60000000000116,-5.60000000000116,-7.60000000000116,-9.60000000000116,2013
2013-08-30,SHORT,1.32369,1.32218,1.32443,1.32443,TARGET,15.100000000001224,7.399999999999629,5.399999999999629,3.399999999999629,2013
2013-09-02,LONG,1.32103,1.3227,1.3202699999999998,1.3202699999999998,TARGET,16.700000000000603,7.600000000000939,5.600000000000939,3.6000000000009393,2013
2013-09-03,SHORT,1.31731,1.31604,1.31829,1.31829,TARGET,12.699999999998823,9.799999999999809,7.799999999999809,5.799999999999809,2013
2013-09-04,SHORT,1.31633,1.3157,1.31688,1.31688,TARGET,6.299999999999084,5.5000000000005045,3.5000000000005045,1.5000000000005045,2013
2013-09-05,LONG,1.32027,1.32057,1.3183699999999998,1.32057,STOP,2.9999999999996696,-2.9999999999996696,-4.99999999999967,-6.99999999999967,2013
2013-09-06,SHORT,1.31186,1.31117,1.312775,1.31117,STOP,6.900000000000794,-6.900000000000794,-8.900000000000794,-10.900000000000794,2013
2013-09-09,LONG,1.3179,1.31854,1.3174100000000002,1.3174100000000002,TARGET,6.399999999999739,4.899999999998794,2.899999999998794,0.8999999999987942,2013
2013-09-10,SHORT,1.32522,1.32445,1.3261150000000002,1.32445,STOP,7.7000000000015945,-7.7000000000015945,-9.700000000001594,-11.700000000001594,2013
2013-09-12,SHORT,1.33072,1.3298,1.33138,1.3298,STOP,9.199999999998099,-9.199999999998099,-11.199999999998099,-13.199999999998099,2013
2013-09-19,LONG,1.3535,1.35463,1.352245,1.35463,STOP,11.300000000000754,-11.300000000000754,-13.300000000000754,-15.300000000000754,2013
2013-09-20,SHORT,1.35294,1.35175,1.353415,1.353415,TARGET,11.900000000000244,4.750000000000032,2.750000000000032,0.750000000000032,2013
2013-09-23,LONG,1.35357,1.35425,1.352855,1.352855,TARGET,6.800000000000139,7.150000000000212,5.150000000000212,3.1500000000002117,2013
2013-09-24,LONG,1.34965,1.35188,1.34937,1.34937,TARGET,22.299999999999542,2.80000000000058,0.8000000000005798,-1.1999999999994202,2013
2013-09-25,LONG,1.34795,1.34835,1.34711,1.34835,STOP,3.9999999999995595,-3.9999999999995595,-5.9999999999995595,-7.9999999999995595,2013
2013-09-26,SHORT,1.35139,1.35031,1.351835,1.35031,STOP,10.80000000000192,-10.80000000000192,-12.80000000000192,-14.80000000000192,2013
2013-09-27,LONG,1.34928,1.3497,1.3484099999999999,1.3497,STOP,4.199999999998649,-4.199999999998649,-6.199999999998649,-8.19999999999865,2013
2013-09-30,SHORT,1.34936,1.34813,1.34992,1.34992,TARGET,12.299999999998423,5.60000000000116,3.6000000000011596,1.6000000000011596,2013
2013-10-02,LONG,1.35251,1.35272,1.35163,1.35272,STOP,2.0999999999982144,-2.0999999999982144,-4.099999999998214,-6.099999999998214,2013
2013-10-04,SHORT,1.36218,1.36172,1.3625349999999998,1.36172,STOP,4.599999999999049,-4.599999999999049,-6.599999999999049,-8.59999999999905,2013
2013-10-07,LONG,1.35737,1.3575,1.3567550000000002,1.3575,STOP,1.2999999999996348,-1.2999999999996348,-3.299999999999635,-5.299999999999635,2013
2013-10-10,LONG,1.35235,1.35284,1.35059,1.35284,STOP,4.900000000001015,-4.900000000001015,-6.900000000001015,-8.900000000001015,2013
2013-10-14,SHORT,1.35529,1.3545,1.35601,1.35601,TARGET,7.900000000000684,7.199999999998319,5.199999999998319,3.199999999998319,2013
2013-10-16,LONG,1.35284,1.35439,1.35172,1.35439,STOP,15.499999999999403,-15.499999999999403,-17.499999999999403,-19.499999999999403,2013
2013-10-21,SHORT,1.36719,1.36656,1.367575,1.367575,TARGET,6.299999999999084,3.8500000000007972,1.8500000000007972,-0.14999999999920277,2013
2013-10-22,LONG,1.36732,1.36812,1.36692,1.36692,TARGET,7.999999999999119,4.00000000000178,2.00000000000178,1.779909553079051e-12,2013
2013-10-24,SHORT,1.37785,1.3764,1.37915,1.37915,TARGET,14.499999999999513,13.000000000000789,11.000000000000789,9.000000000000789,2013
2013-11-01,SHORT,1.35394,1.35174,1.356025,1.35174,STOP,21.999999999999797,-21.999999999999797,-23.999999999999797,-25.999999999999797,2013
2013-11-04,LONG,1.34983,1.35055,1.347205,1.35055,STOP,7.199999999998319,-7.199999999998319,-9.199999999998319,-11.199999999998319,2013
2013-11-05,SHORT,1.34912,1.3485,1.35064,1.3485,STOP,6.200000000000649,-6.200000000000649,-8.20000000000065,-10.20000000000065,2013
2013-11-08,LONG,1.34181,1.34279,1.340335,1.34279,STOP,9.799999999999809,-9.799999999999809,-11.799999999999809,-13.799999999999809,2013
2013-11-12,SHORT,1.33859,1.33708,1.33948,1.33708,STOP,15.099999999999003,-15.099999999999003,-17.099999999999003,-19.099999999999003,2013
2013-11-13,SHORT,1.34355,1.34233,1.3441049999999999,1.34233,STOP,12.199999999999989,-12.199999999999989,-14.199999999999989,-16.19999999999999,2013
2013-11-18,LONG,1.35065,1.35177,1.349085,1.35177,STOP,11.200000000000099,-11.200000000000099,-13.200000000000099,-15.200000000000099,2013
2013-11-19,LONG,1.35154,1.35428,1.3511199999999999,1.3511199999999999,TARGET,27.399999999999647,4.20000000000087,2.2000000000008697,0.2000000000008697,2013
2013-11-22,LONG,1.34881,1.34981,1.347585,1.34981,STOP,9.999999999998899,-9.999999999998899,-11.999999999998899,-13.999999999998899,2013
2013-11-25,SHORT,1.35351,1.35258,1.354515,1.35258,STOP,9.300000000000974,-9.300000000000974,-11.300000000000974,-13.300000000000974,2013
2013-11-27,LONG,1.35985,1.36128,1.3578350000000001,1.3578350000000001,TARGET,14.300000000000423,20.14999999999878,18.14999999999878,16.14999999999878,2013
2013-12-04,SHORT,1.35763,1.3567,1.358665,1.358665,TARGET,9.299999999998754,10.350000000001192,8.350000000001192,6.350000000001192,2013
2013-12-06,SHORT,1.36555,1.36508,1.366255,1.366255,TARGET,4.699999999999704,7.049999999999557,5.049999999999557,3.0499999999995566,2013
2013-12-11,LONG,1.37611,1.37695,1.3755950000000001,1.3755950000000001,TARGET,8.399999999999519,5.149999999998212,3.1499999999982116,1.1499999999982116,2013
2013-12-12,SHORT,1.37735,1.37641,1.378525,1.378525,TARGET,9.40000000000163,11.749999999999261,9.749999999999261,7.749999999999261,2013
2013-12-13,LONG,1.37595,1.37691,1.3750749999999998,1.3750749999999998,TARGET,9.600000000000719,8.750000000001812,6.750000000001812,4.750000000001812,2013
2013-12-17,LONG,1.3772,1.37792,1.376305,1.37792,STOP,7.200000000000539,-7.200000000000539,-9.20000000000054,-11.20000000000054,2013
2013-12-18,SHORT,1.37662,1.37605,1.376875,1.376875,TARGET,5.699999999999594,2.5500000000011624,0.5500000000011624,-1.4499999999988376,2013
2013-12-20,LONG,1.36555,1.36632,1.3641,1.3641,TARGET,7.699999999999374,14.499999999999513,12.499999999999513,10.499999999999513,2013
2013-12-24,SHORT,1.36781,1.3672,1.3686699999999998,1.3672,STOP,6.099999999999994,-6.099999999999994,-8.099999999999994,-10.099999999999994,2013
2013-12-30,LONG,1.37599,1.37753,1.37452,1.37753,STOP,15.399999999998748,-15.399999999998748,-17.399999999998748,-19.399999999998748,2013
2014-01-06,LONG,1.35915,1.36062,1.3586200000000002,1.36062,STOP,14.699999999998603,-14.699999999998603,-16.699999999998603,-18.699999999998603,2014
2014-01-08,SHORT,1.36073,1.36006,1.362,1.36006,STOP,6.699999999999484,-6.699999999999484,-8.699999999999484,-10.699999999999484,2014
2014-01-10,SHORT,1.36056,1.36002,1.36112,1.36002,STOP,5.399999999999849,-5.399999999999849,-7.399999999999849,-9.39999999999985,2014
2014-01-13,SHORT,1.36641,1.3657,1.367315,1.3657,STOP,7.099999999999884,-7.099999999999884,-9.099999999999884,-11.099999999999884,2014
2014-01-15,SHORT,1.36284,1.3619,1.365005,1.3619,STOP,9.399999999999409,-9.399999999999409,-11.399999999999409,-13.399999999999409,2014
2014-01-21,SHORT,1.35368,1.35274,1.354825,1.35274,STOP,9.399999999999409,-9.399999999999409,-11.399999999999409,-13.399999999999409,2014
2014-01-24,SHORT,1.36791,1.36627,1.36918,1.36918,TARGET,16.399999999998638,12.700000000001044,10.700000000001044,8.700000000001044,2014
2014-01-27,SHORT,1.36829,1.36749,1.368335,1.368335,TARGET,7.999999999999119,0.4500000000007276,-1.5499999999992724,-3.5499999999992724,2014
2014-01-31,SHORT,1.35409,1.35176,1.354845,1.354845,TARGET,23.299999999999432,7.550000000000612,5.550000000000612,3.5500000000006118,2014
2014-02-03,LONG,1.34923,1.35015,1.348835,1.348835,TARGET,9.200000000000319,3.949999999999232,1.949999999999232,-0.0500000000007681,2014
2014-02-04,SHORT,1.35046,1.34934,1.352125,1.352125,TARGET,11.200000000000099,16.650000000000276,14.650000000000276,12.650000000000276,2014
2014-02-11,LONG,1.36761,1.36829,1.36611,1.36611,TARGET,6.800000000000139,15.000000000000568,13.000000000000568,11.000000000000568,2014
2014-02-12,LONG,1.36405,1.36527,1.3636249999999999,1.3636249999999999,TARGET,12.199999999999989,4.250000000001197,2.2500000000011973,0.25000000000119726,2014
2014-02-18,LONG,1.37172,1.37197,1.3705949999999998,1.37197,STOP,2.4999999999986144,-2.4999999999986144,-4.499999999998614,-6.499999999998614,2014
2014-02-19,SHORT,1.37564,1.37539,1.3764699999999999,1.37539,STOP,2.500000000000835,-2.500000000000835,-4.500000000000835,-6.500000000000835,2014
2014-02-26,SHORT,1.37385,1.37334,1.374235,1.374235,TARGET,5.1000000000001044,3.8500000000007972,1.8500000000007972,-0.14999999999920277,2014
2014-02-28,LONG,1.37144,1.37218,1.3704399999999999,1.37218,STOP,7.399999999999629,-7.399999999999629,-9.399999999999629,-11.399999999999629,2014
2014-03-03,SHORT,1.37743,1.3767,1.378185,1.378185,TARGET,7.299999999998974,7.550000000000612,5.550000000000612,3.5500000000006118,2014
2014-03-04,LONG,1.37651,1.37735,1.3744049999999999,1.37735,STOP,8.40000000000174,-8.40000000000174,-10.40000000000174,-12.40000000000174,2014
2014-03-10,LONG,1.38914,1.3896,1.38842,1.38842,TARGET,4.599999999999049,7.200000000000539,5.200000000000539,3.2000000000005393,2014
2014-03-11,SHORT,1.38618,1.3849,1.3868800000000001,1.3849,STOP,12.799999999999478,-12.799999999999478,-14.799999999999478,-16.79999999999948,2014
2014-03-12,SHORT,1.38525,1.38451,1.38578,1.38578,TARGET,7.4000000000018495,5.299999999999194,3.2999999999991942,1.2999999999991942,2014
2014-03-13,LONG,1.39481,1.39559,1.39223,1.39559,STOP,7.800000000000029,-7.800000000000029,-9.80000000000003,-11.80000000000003,2014
2014-03-14,LONG,1.3865,1.38784,1.3859949999999999,1.38784,STOP,13.399999999998968,-13.399999999998968,-15.399999999998968,-17.39999999999897,2014
2014-03-19,SHORT,1.39178,1.39076,1.392375,1.39076,STOP,10.200000000000209,-10.200000000000209,-12.200000000000209,-14.200000000000209,2014
2014-03-21,SHORT,1.37769,1.37657,1.37835,1.37835,TARGET,11.200000000000099,6.599999999998829,4.599999999998829,2.599999999998829,2014
2014-03-24,LONG,1.37978,1.38266,1.379695,1.379695,TARGET,28.799999999999937,0.8500000000011276,-1.1499999999988724,-3.1499999999988724,2014
2014-03-25,LONG,1.38371,1.38455,1.3832749999999998,1.3832749999999998,TARGET,8.399999999999519,4.350000000001852,2.3500000000018524,0.3500000000018524,2014
2014-03-31,LONG,1.3763,1.37651,1.3754,1.37651,STOP,2.0999999999982144,-2.0999999999982144,-4.099999999998214,-6.099999999998214,2014
2014-04-02,SHORT,1.3793,1.37887,1.38012,1.37887,STOP,4.299999999999304,-4.299999999999304,-6.299999999999304,-8.299999999999304,2014
2014-04-09,LONG,1.37941,1.37987,1.379,1.37987,STOP,4.599999999999049,-4.599999999999049,-6.599999999999049,-8.59999999999905,2014
2014-04-11,LONG,1.38962,1.39056,1.3890500000000001,1.3890500000000001,TARGET,9.399999999999409,5.699999999999594,3.6999999999995943,1.6999999999995943,2014
2014-04-15,SHORT,1.38141,1.38114,1.3817,1.38114,STOP,2.6999999999999247,-2.6999999999999247,-4.699999999999925,-6.699999999999925,2014
2014-04-18,LONG,1.38177,1.38223,1.3813399999999998,1.3813399999999998,TARGET,4.60000000000127,4.300000000001525,2.300000000001525,0.3000000000015248,2014
2014-04-22,LONG,1.37964,1.38051,1.3793549999999999,1.38051,STOP,8.699999999999264,-8.699999999999264,-10.699999999999264,-12.699999999999264,2014
2014-04-24,LONG,1.38247,1.3828,1.38204,1.3828,STOP,3.2999999999994145,-3.2999999999994145,-5.2999999999994145,-7.2999999999994145,2014
2014-04-25,LONG,1.38358,1.38397,1.383215,1.38397,STOP,3.8999999999989043,-3.8999999999989043,-5.899999999998904,-7.899999999998904,2014
2014-04-29,LONG,1.38621,1.38791,1.38604,1.38604,TARGET,17.000000000000348,1.7000000000000348,-0.2999999999999652,-2.299999999999965,2014
2014-05-02,SHORT,1.3857,1.38543,1.38629,1.38543,STOP,2.6999999999999247,-2.6999999999999247,-4.699999999999925,-6.699999999999925,2014
2014-05-05,LONG,1.38747,1.38779,1.3871,1.3871,TARGET,3.20000000000098,3.6999999999998145,1.6999999999998145,-0.30000000000018545,2014
2014-05-07,SHORT,1.39185,1.39116,1.39262,1.39262,TARGET,6.900000000000794,7.699999999999374,5.699999999999374,3.699999999999374,2014
2014-05-09,SHORT,1.38339,1.38247,1.38382,1.38247,STOP,9.199999999998099,-9.199999999998099,-11.199999999998099,-13.199999999998099,2014
2014-05-13,LONG,1.37659,1.37714,1.37595,1.37595,TARGET,5.5000000000005045,6.399999999999739,4.399999999999739,2.3999999999997392,2014
2014-05-14,LONG,1.37211,1.37308,1.3709799999999999,1.3709799999999999,TARGET,9.700000000001374,11.300000000000754,9.300000000000754,7.300000000000754,2014
2014-05-16,LONG,1.37173,1.37268,1.37137,1.37137,TARGET,9.500000000000064,3.5999999999991594,1.5999999999991594,-0.40000000000084057,2014
2014-05-22,SHORT,1.36657,1.36587,1.36752,1.36587,STOP,7.0000000000014495,-7.0000000000014495,-9.00000000000145,-11.00000000000145,2014
2014-05-27,SHORT,1.36458,1.364,1.36563,1.364,STOP,5.799999999998029,-5.799999999998029,-7.799999999998029,-9.799999999998029,2014
2014-05-29,SHORT,1.35924,1.35862,1.36008,1.36008,TARGET,6.200000000000649,8.399999999999519,6.399999999999519,4.399999999999519,2014
2014-05-30,LONG,1.36113,1.36165,1.360525,1.360525,TARGET,5.20000000000076,6.049999999999667,4.049999999999667,2.0499999999996668,2014
2014-06-03,LONG,1.36059,1.36087,1.3599999999999999,1.3599999999999999,TARGET,2.80000000000058,5.9000000000009045,3.9000000000009045,1.9000000000009045,2014
2014-06-04,SHORT,1.36088,1.36045,1.361815,1.36045,STOP,4.300000000001525,-4.300000000001525,-6.300000000001525,-8.300000000001525,2014
2014-06-10,LONG,1.35921,1.36018,1.358925,1.358925,TARGET,9.699999999999154,2.8500000000009074,0.8500000000009074,-1.1499999999990926,2014
2014-06-12,SHORT,1.35329,1.35288,1.353925,1.35288,STOP,4.100000000000215,-4.100000000000215,-6.100000000000215,-8.100000000000215,2014
2014-06-17,SHORT,1.35574,1.35531,1.357175,1.357175,TARGET,4.299999999999304,14.350000000000751,12.350000000000751,10.350000000000751,2014
2014-06-18,LONG,1.35495,1.35563,1.35463,1.35463,TARGET,6.799999999997919,3.20000000000098,1.2000000000009798,-0.7999999999990202,2014
2014-06-24,LONG,1.36018,1.36124,1.35979,1.36124,STOP,10.600000000000609,-10.600000000000609,-12.600000000000609,-14.600000000000609,2014
2014-06-27,LONG,1.36279,1.36339,1.36197,1.36197,TARGET,6.00000000000156,8.20000000000043,6.200000000000429,4.200000000000429,2014
2014-07-01,SHORT,1.36864,1.3679,1.368785,1.368785,TARGET,7.4000000000018495,1.449999999998397,-0.550000000001603,-2.550000000001603,2014
2014-07-03,LONG,1.36564,1.36633,1.36523,1.36633,STOP,6.900000000000794,-6.900000000000794,-8.900000000000794,-10.900000000000794,2014
2014-07-04,SHORT,1.36019,1.3599,1.360635,1.3599,STOP,2.8999999999990145,-2.8999999999990145,-4.8999999999990145,-6.8999999999990145,2014
2014-07-09,SHORT,1.36117,1.36091,1.36166,1.36091,STOP,2.5999999999992696,-2.5999999999992696,-4.59999999999927,-6.59999999999927,2014
2014-07-11,LONG,1.3605,1.36125,1.360105,1.36125,STOP,7.500000000000284,-7.500000000000284,-9.500000000000284,-11.500000000000284,2014
2014-07-15,SHORT,1.36155,1.36051,1.361975,1.361975,TARGET,10.399999999999299,4.249999999998977,2.249999999998977,0.24999999999897682,2014
2014-07-16,SHORT,1.35585,1.35536,1.35641,1.35536,STOP,4.900000000001015,-4.900000000001015,-6.900000000001015,-8.900000000001015,2014
2014-07-17,LONG,1.35327,1.35361,1.35276,1.35361,STOP,3.4000000000000696,-3.4000000000000696,-5.40000000000007,-7.40000000000007,2014
2014-07-21,SHORT,1.35291,1.35269,1.35386,1.35269,STOP,2.20000000000109,-2.20000000000109,-4.20000000000109,-6.20000000000109,2014
2014-07-23,SHORT,1.34594,1.3455,1.346425,1.346425,TARGET,4.3999999999999595,4.850000000000687,2.850000000000687,0.8500000000006871,2014
2014-07-28,LONG,1.34326,1.34385,1.3430149999999998,1.3430149999999998,TARGET,5.9000000000009045,2.4500000000005073,0.4500000000005073,-1.5499999999994927,2014
2014-07-29,SHORT,1.34309,1.34276,1.34347,1.34347,TARGET,3.2999999999994145,3.8000000000004697,1.8000000000004697,-0.19999999999953033,2014
2014-07-31,SHORT,1.33931,1.33854,1.3396249999999998,1.3396249999999998,TARGET,7.699999999999374,3.149999999998432,1.1499999999984318,-0.8500000000015682,2014
2014-08-01,SHORT,1.33842,1.33785,1.338735,1.338735,TARGET,5.699999999999594,3.1500000000006523,1.1500000000006523,-0.8499999999993477,2014
2014-08-06,SHORT,1.33633,1.33588,1.3366500000000001,1.3366500000000001,TARGET,4.500000000000615,3.20000000000098,1.2000000000009798,-0.7999999999990202,2014
2014-08-07,SHORT,1.33804,1.33774,1.338525,1.33774,STOP,2.9999999999996696,-2.9999999999996696,-4.99999999999967,-6.99999999999967,2014
2014-08-12,SHORT,1.33678,1.33621,1.3376350000000001,1.33621,STOP,5.700000000001815,-5.700000000001815,-7.700000000001815,-9.700000000001815,2014
2014-08-14,SHORT,1.33582,1.3355,1.336205,1.336205,TARGET,3.20000000000098,3.8500000000007972,1.8500000000007972,-0.14999999999920277,2014
2014-08-18,SHORT,1.33876,1.33825,1.33933,1.33825,STOP,5.1000000000001044,-5.1000000000001044,-7.1000000000001044,-9.100000000000104,2014
2014-08-19,SHORT,1.33552,1.33466,1.335795,1.33466,STOP,8.60000000000083,-8.60000000000083,-10.60000000000083,-12.60000000000083,2014
2014-08-20,SHORT,1.33032,1.32853,1.3312599999999999,1.32853,STOP,17.899999999999583,-17.899999999999583,-19.899999999999583,-21.899999999999583,2014
2014-08-21,LONG,1.326,1.32628,1.3251050000000002,1.32628,STOP,2.7999999999983594,-2.7999999999983594,-4.799999999998359,-6.799999999998359,2014
2014-08-22,SHORT,1.32739,1.32707,1.3283,1.32707,STOP,3.20000000000098,-3.20000000000098,-5.20000000000098,-7.20000000000098,2014
2014-08-26,LONG,1.32064,1.32093,1.319325,1.319325,TARGET,2.8999999999990145,13.149999999999551,11.149999999999551,9.149999999999551,2014
2014-08-28,LONG,1.32137,1.32208,1.320295,1.320295,TARGET,7.099999999999884,10.749999999999371,8.749999999999371,6.749999999999371,2014
2014-08-29,SHORT,1.31741,1.31617,1.31801,1.31801,TARGET,12.399999999999078,5.999999999999339,3.999999999999339,1.9999999999993392,2014
2014-09-01,LONG,1.31316,1.31349,1.31256,1.31349,STOP,3.2999999999994145,-3.2999999999994145,-5.2999999999994145,-7.2999999999994145,2014
2014-09-02,LONG,1.31272,1.31367,1.3123749999999998,1.3123749999999998,TARGET,9.499999999997844,3.4500000000026176,1.4500000000026176,-0.5499999999973824,2014
2014-09-03,LONG,1.31339,1.31394,1.3128600000000001,1.3128600000000001,TARGET,5.5000000000005045,5.299999999999194,3.2999999999991942,1.2999999999991942,2014
2014-09-05,LONG,1.29382,1.29445,1.293115,1.29445,STOP,6.300000000001305,-6.300000000001305,-8.300000000001305,-10.300000000001305,2014
2014-09-09,SHORT,1.28712,1.28594,1.288345,1.288345,TARGET,11.799999999999589,12.250000000000316,10.250000000000316,8.250000000000316,2014
2014-09-10,LONG,1.29509,1.29629,1.29371,1.29371,TARGET,11.999999999998678,13.800000000001589,11.800000000001589,9.800000000001589,2014
2014-09-12,LONG,1.29248,1.29313,1.29202,1.29202,TARGET,6.499999999998174,4.60000000000127,2.6000000000012697,0.6000000000012697,2014
2014-09-16,SHORT,1.2938,1.2927,1.29483,1.29483,TARGET,11.000000000001009,10.299999999998644,8.299999999998644,6.299999999998644,2014
2014-09-17,SHORT,1.29485,1.29432,1.2953350000000001,1.2953350000000001,TARGET,5.300000000001415,4.850000000000687,2.850000000000687,0.8500000000006871,2014
2014-09-18,LONG,1.28723,1.28811,1.28538,1.28811,STOP,8.799999999999919,-8.799999999999919,-10.799999999999919,-12.799999999999919,2014
2014-09-19,SHORT,1.2901,1.28878,1.29129,1.28878,STOP,13.199999999999878,-13.199999999999878,-15.199999999999878,-17.19999999999988,2014
2014-09-24,LONG,1.28573,1.28636,1.284865,1.284865,TARGET,6.299999999999084,8.650000000001157,6.650000000001157,4.650000000001157,2014
2014-09-29,LONG,1.2686,1.26914,1.26756,1.26914,STOP,5.399999999999849,-5.399999999999849,-7.399999999999849,-9.39999999999985,2014
2014-10-02,SHORT,1.26201,1.26138,1.2647,1.2647,TARGET,6.300000000001305,26.89999999999859,24.89999999999859,22.89999999999859,2014
2014-10-03,SHORT,1.26492,1.2643,1.2659799999999999,1.2643,STOP,6.200000000000649,-6.200000000000649,-8.20000000000065,-10.20000000000065,2014
2014-10-07,LONG,1.26534,1.26646,1.2629549999999998,1.2629549999999998,TARGET,11.200000000000099,23.850000000000815,21.850000000000815,19.850000000000815,2014
2014-10-09,LONG,1.27518,1.27663,1.2739449999999999,1.27663,STOP,14.499999999999513,-14.499999999999513,-16.499999999999513,-18.499999999999513,2014
2014-10-10,SHORT,1.26843,1.26708,1.26994,1.26708,STOP,13.499999999999623,-13.499999999999623,-15.499999999999623,-17.499999999999623,2014
2014-10-15,LONG,1.26449,1.26615,1.2636349999999998,1.26615,STOP,16.60000000000217,-16.60000000000217,-18.60000000000217,-20.60000000000217,2014
2014-10-17,SHORT,1.27963,1.27838,1.28044,1.27838,STOP,12.499999999999734,-12.499999999999734,-14.499999999999734,-16.499999999999734,2014
2014-10-20,SHORT,1.27514,1.27346,1.27584,1.27584,TARGET,16.799999999999038,7.0000000000014495,5.0000000000014495,3.0000000000014495,2014
2014-10-21,LONG,1.28238,1.28401,1.28065,1.28065,TARGET,16.300000000000203,17.300000000000093,15.300000000000093,13.300000000000093,2014
2014-10-24,SHORT,1.26474,1.26419,1.265405,1.26419,STOP,5.5000000000005045,-5.5000000000005045,-7.5000000000005045,-9.500000000000504,2014
2014-10-27,SHORT,1.26766,1.26657,1.269475,1.269475,TARGET,10.900000000000354,18.149999999999,16.149999999999,14.149999999999,2014
2014-10-29,SHORT,1.27287,1.27236,1.273785,1.273785,TARGET,5.1000000000001044,9.149999999999991,7.1499999999999915,5.1499999999999915,2014
2014-10-31,SHORT,1.25617,1.25483,1.25841,1.25841,TARGET,13.400000000001189,22.400000000000198,20.400000000000198,18.400000000000198,2014
2014-11-10,LONG,1.24853,1.24946,1.24713,1.24946,STOP,9.300000000000974,-9.300000000000974,-11.300000000000974,-13.300000000000974,2014
2014-11-12,SHORT,1.24696,1.24303,1.2473999999999998,1.2473999999999998,TARGET,39.29999999999989,4.399999999997739,2.399999999997739,0.39999999999773905,2014
2014-11-17,SHORT,1.25199,1.25154,1.254765,1.25154,STOP,4.499999999998394,-4.499999999998394,-6.499999999998394,-8.499999999998394,2014
2014-11-20,LONG,1.254,1.25752,1.2539799999999999,1.2539799999999999,TARGET,35.199999999999676,0.20000000000131024,-1.7999999999986898,-3.7999999999986898,2014
2014-11-24,LONG,1.23996,1.24061,1.23858,1.23858,TARGET,6.500000000000394,13.799999999999368,11.799999999999368,9.799999999999368,2014
2014-11-25,LONG,1.24345,1.24437,1.242705,1.242705,TARGET,9.200000000000319,7.449999999999957,5.449999999999957,3.4499999999999567,2014
2014-11-26,LONG,1.24847,1.24948,1.2475399999999999,1.2475399999999999,TARGET,10.099999999999554,9.300000000000974,7.300000000000974,5.300000000000974,2014
2014-11-27,SHORT,1.25021,1.24906,1.250395,1.24906,STOP,11.499999999999844,-11.499999999999844,-13.499999999999844,-15.499999999999844,2014
2014-11-28,SHORT,1.24462,1.24292,1.24547,1.24547,TARGET,17.000000000000348,8.500000000000174,6.500000000000174,4.500000000000174,2014
2014-12-01,SHORT,1.24303,1.24195,1.2442,1.2442,TARGET,10.799999999999699,11.699999999998933,9.699999999998933,7.6999999999989335,2014
2014-12-04,LONG,1.23185,1.23231,1.231055,1.23231,STOP,4.60000000000127,-4.60000000000127,-6.60000000000127,-8.60000000000127,2014
2014-12-05,SHORT,1.237,1.23639,1.2380749999999998,1.23639,STOP,6.099999999999994,-6.099999999999994,-8.099999999999994,-10.099999999999994,2014
2014-12-11,SHORT,1.2432,1.2419,1.246315,1.2419,STOP,13.000000000000789,-13.000000000000789,-15.000000000000789,-17.00000000000079,2014
2014-12-16,LONG,1.24621,1.24709,1.2449949999999999,1.24709,STOP,8.799999999999919,-8.799999999999919,-10.799999999999919,-12.799999999999919,2014
2014-12-18,SHORT,1.23327,1.23077,1.23365,1.23365,TARGET,25.000000000001688,3.7999999999982492,1.7999999999982492,-0.20000000000175078,2014
2014-12-19,LONG,1.22846,1.22904,1.22814,1.22814,TARGET,5.799999999998029,3.20000000000098,1.2000000000009798,-0.7999999999990202,2014
2014-12-22,LONG,1.22542,1.22674,1.22384,1.22674,STOP,13.199999999999878,-13.199999999999878,-15.199999999999878,-17.19999999999988,2014
2014-12-23,LONG,1.2234,1.22386,1.2229,1.22386,STOP,4.599999999999049,-4.599999999999049,-6.599999999999049,-8.59999999999905,2014
2014-12-24,LONG,1.21871,1.21899,1.217905,1.21899,STOP,2.80000000000058,-2.80000000000058,-4.80000000000058,-6.80000000000058,2014
2014-12-29,LONG,1.21996,1.2221,1.2184949999999999,1.2184949999999999,TARGET,21.400000000000308,14.650000000000496,12.650000000000496,10.650000000000496,2014
2014-12-31,SHORT,1.21514,1.21481,1.215985,1.21481,STOP,3.300000000001635,-3.300000000001635,-5.300000000001635,-7.300000000001635,2014
2015-01-02,SHORT,1.20529,1.2039,1.206755,1.2039,STOP,13.900000000000023,-13.900000000000023,-15.900000000000023,-17.900000000000023,2015
2015-01-06,SHORT,1.19383,1.19331,1.195135,1.19331,STOP,5.199999999998539,-5.199999999998539,-7.199999999998539,-9.19999999999854,2015
2015-01-07,LONG,1.18763,1.18966,1.186795,1.186795,TARGET,20.299999999999763,8.349999999999191,6.349999999999191,4.349999999999191,2015
2015-01-08,SHORT,1.18179,1.18099,1.183225,1.18099,STOP,7.999999999999119,-7.999999999999119,-9.999999999999119,-11.999999999999119,2015
2015-01-09,LONG,1.18127,1.18185,1.1802549999999998,1.18185,STOP,5.800000000000249,-5.800000000000249,-7.800000000000249,-9.80000000000025,2015
2015-01-13,SHORT,1.18245,1.18167,1.183975,1.18167,STOP,7.800000000000029,-7.800000000000029,-9.80000000000003,-11.80000000000003,2015
2015-01-15,SHORT,1.17621,1.17501,1.177515,1.17501,STOP,11.999999999998678,-11.999999999998678,-13.999999999998678,-15.999999999998678,2015
2015-01-19,LONG,1.15684,1.15774,1.15631,1.15774,STOP,8.999999999999009,-8.999999999999009,-10.999999999999009,-12.999999999999009,2015
2015-01-20,LONG,1.15987,1.1609,1.158505,1.1609,STOP,10.300000000000864,-10.300000000000864,-12.300000000000864,-14.300000000000864,2015
2015-01-22,LONG,1.16164,1.16292,1.15983,1.16292,STOP,12.799999999999478,-12.799999999999478,-14.799999999999478,-16.79999999999948,2015
2015-01-28,SHORT,1.13344,1.13265,1.13563,1.13563,TARGET,7.900000000000684,21.899999999999142,19.899999999999142,17.899999999999142,2015
2015-01-29,LONG,1.12943,1.1299,1.127895,1.1299,STOP,4.699999999999704,-4.699999999999704,-6.699999999999704,-8.699999999999704,2015
2015-01-30,LONG,1.13423,1.13526,1.1331950000000002,1.1331950000000002,TARGET,10.299999999998644,10.349999999998971,8.349999999998971,6.349999999998971,2015
2015-02-02,LONG,1.13238,1.13445,1.130885,1.13445,STOP,20.700000000000163,-20.700000000000163,-22.700000000000163,-24.700000000000163,2015
2015-02-03,SHORT,1.13253,1.13166,1.133655,1.133655,TARGET,8.699999999999264,11.250000000000426,9.250000000000426,7.250000000000426,2015
2015-02-04,SHORT,1.14557,1.14373,1.14699,1.14699,TARGET,18.400000000000638,14.199999999999768,12.199999999999768,10.199999999999768,2015
2015-02-09,LONG,1.1339,1.13595,1.132485,1.132485,TARGET,20.500000000001073,14.14999999999944,12.14999999999944,10.14999999999944,2015
2015-02-10,SHORT,1.13265,1.13161,1.13345,1.13161,STOP,10.399999999999299,-10.399999999999299,-12.399999999999299,-14.399999999999299,2015
2015-02-11,SHORT,1.13144,1.13088,1.1322649999999999,1.13088,STOP,5.599999999998939,-5.599999999998939,-7.599999999998939,-9.59999999999894,2015
2015-02-12,LONG,1.13226,1.13497,1.131335,1.13497,STOP,27.099999999999902,-27.099999999999902,-29.099999999999902,-31.099999999999902,2015
2015-02-18,SHORT,1.13961,1.13779,1.1405699999999999,1.1405699999999999,TARGET,18.199999999999328,9.599999999998499,7.599999999998499,5.599999999998499,2015
2015-02-23,SHORT,1.13626,1.13511,1.137575,1.13511,STOP,11.499999999999844,-11.499999999999844,-13.499999999999844,-15.499999999999844,2015
2015-02-24,SHORT,1.13229,1.13111,1.133205,1.13111,STOP,11.799999999999589,-11.799999999999589,-13.799999999999589,-15.799999999999589,2015
2015-02-26,SHORT,1.13593,1.13511,1.1365750000000001,1.1365750000000001,TARGET,8.20000000000043,6.450000000000067,4.450000000000067,2.450000000000067,2015
2015-02-27,SHORT,1.12051,1.11965,1.1207799999999999,1.1207799999999999,TARGET,8.599999999998609,2.6999999999999247,0.6999999999999247,-1.3000000000000753,2015
2015-03-06,SHORT,1.10169,1.10095,1.102365,1.10095,STOP,7.399999999999629,-7.399999999999629,-9.399999999999629,-11.399999999999629,2015
2015-03-17,LONG,1.0596,1.06131,1.05752,1.05752,TARGET,17.099999999998783,20.800000000000818,18.800000000000818,16.800000000000818,2015
2015-03-23,SHORT,1.07849,1.07673,1.0809099999999998,1.0809099999999998,TARGET,17.599999999999838,24.199999999998667,22.199999999998667,20.199999999998667,2015
2015-04-01,SHORT,1.07317,1.07184,1.07616,1.07616,TARGET,13.300000000000534,29.90000000000048,27.90000000000048,25.90000000000048,2015
2015-04-03,LONG,1.08804,1.08847,1.0873249999999999,1.0873249999999999,TARGET,4.300000000001525,7.150000000000212,5.150000000000212,3.1500000000002117,2015
2015-04-06,SHORT,1.09744,1.0966,1.098535,1.098535,TARGET,8.399999999999519,10.950000000000681,8.950000000000681,6.950000000000681,2015
2015-04-16,SHORT,1.06775,1.066,1.07096,1.066,STOP,17.499999999999183,-17.499999999999183,-19.499999999999183,-21.499999999999183,2015
2015-04-17,LONG,1.07858,1.08037,1.0769799999999998,1.08037,STOP,17.899999999999583,-17.899999999999583,-19.899999999999583,-21.899999999999583,2015
2015-04-22,LONG,1.07482,1.07729,1.07325,1.07729,STOP,24.699999999999722,-24.699999999999722,-26.699999999999722,-28.699999999999722,2015
2015-04-23,SHORT,1.06996,1.06659,1.070965,1.070965,TARGET,33.70000000000095,10.049999999999226,8.049999999999226,6.049999999999226,2015
2015-04-27,SHORT,1.08592,1.0839,1.086275,1.086275,TARGET,20.199999999999108,3.5500000000010523,1.5500000000010523,-0.4499999999989477,2015
2015-04-28,LONG,1.08861,1.08997,1.08786,1.08786,TARGET,13.600000000000279,7.500000000000284,5.500000000000284,3.500000000000284,2015
2015-05-06,LONG,1.12353,1.12705,1.120845,1.120845,TARGET,35.20000000000189,26.849999999998264,24.849999999998264,22.849999999998264,2015
2015-05-07,LONG,1.136,1.13823,1.134555,1.134555,TARGET,22.300000000001763,14.449999999999186,12.449999999999186,10.449999999999186,2015
2015-05-08,SHORT,1.11984,1.11874,1.12275,1.12275,TARGET,10.999999999998789,29.09999999999968,27.09999999999968,25.09999999999968,2015
2015-05-13,LONG,1.12526,1.12613,1.12338,1.12338,TARGET,8.700000000001484,18.799999999998818,16.799999999998818,14.799999999998818,2015
2015-05-20,SHORT,1.11012,1.10675,1.11252,1.11252,TARGET,33.70000000000095,23.999999999999577,21.999999999999577,19.999999999999577,2015
2015-05-21,LONG,1.11284,1.11372,1.111085,1.11372,STOP,8.799999999999919,-8.799999999999919,-10.799999999999919,-12.799999999999919,2015
2015-05-22,LONG,1.11515,1.11555,1.112965,1.11555,STOP,3.9999999999995595,-3.9999999999995595,-5.9999999999995595,-7.9999999999995595,2015
2015-05-25,LONG,1.1,1.10063,1.09862,1.09862,TARGET,6.299999999999084,13.800000000001589,11.800000000001589,9.800000000001589,2015
2015-05-27,LONG,1.09142,1.09209,1.0890499999999999,1.09209,STOP,6.699999999999484,-6.699999999999484,-8.699999999999484,-10.699999999999484,2015
2015-05-28,LONG,1.09227,1.09345,1.09084,1.09345,STOP,11.799999999999589,-11.799999999999589,-13.799999999999589,-15.799999999999589,2015
2015-05-29,SHORT,1.09491,1.09258,1.09559,1.09559,TARGET,23.299999999999432,6.800000000000139,4.800000000000139,2.8000000000001393,2015
2015-06-03,SHORT,1.11419,1.11227,1.116115,1.116115,TARGET,19.199999999999218,19.249999999999545,17.249999999999545,15.249999999999545,2015
2015-06-04,SHORT,1.12573,1.12303,1.1264,1.1264,TARGET,26.999999999999247,6.700000000001705,4.700000000001705,2.7000000000017046,2015
2015-06-09,SHORT,1.12811,1.12627,1.1309300000000002,1.12627,STOP,18.399999999998418,-18.399999999998418,-20.399999999998418,-22.399999999998418,2015
2015-06-11,SHORT,1.1284,1.12805,1.13035,1.12805,STOP,3.5000000000007248,-3.5000000000007248,-5.500000000000725,-7.500000000000725,2015
2015-06-12,SHORT,1.12222,1.12186,1.1244299999999998,1.12186,STOP,3.5999999999991594,-3.5999999999991594,-5.599999999999159,-7.599999999999159,2015
2015-06-17,LONG,1.12667,1.1278,1.125275,1.1278,STOP,11.299999999998533,-11.299999999998533,-13.299999999998533,-15.299999999998533,2015
2015-06-18,LONG,1.13718,1.13802,1.1357149999999998,1.13802,STOP,8.399999999999519,-8.399999999999519,-10.399999999999519,-12.399999999999519,2015
2015-06-26,LONG,1.12045,1.12197,1.1193,1.1193,TARGET,15.199999999999658,11.499999999999844,9.499999999999844,7.499999999999844,2015
2015-06-30,SHORT,1.11915,1.1155,1.120275,1.1155,STOP,36.50000000000153,-36.50000000000153,-38.50000000000153,-40.50000000000153,2015
2015-07-02,LONG,1.10761,1.1085,1.1054650000000001,1.1054650000000001,TARGET,8.900000000000574,21.449999999998415,19.449999999998415,17.449999999998415,2015
2015-07-03,LONG,1.10974,1.11052,1.1090550000000001,1.11052,STOP,7.800000000000029,-7.800000000000029,-9.80000000000003,-11.80000000000003,2015
2015-07-06,LONG,1.10808,1.10954,1.10408,1.10408,TARGET,14.600000000000168,40.000000000000036,38.000000000000036,36.000000000000036,2015
2015-07-07,SHORT,1.10288,1.10185,1.104085,1.10185,STOP,10.300000000000864,-10.300000000000864,-12.300000000000864,-14.300000000000864,2015
2015-07-13,LONG,1.11464,1.11868,1.113095,1.113095,TARGET,40.399999999998215,15.450000000001296,13.450000000001296,11.450000000001296,2015
2015-07-15,LONG,1.10114,1.10216,1.09997,1.10216,STOP,10.200000000000209,-10.200000000000209,-12.200000000000209,-14.200000000000209,2015
2015-07-16,SHORT,1.09141,1.08963,1.09367,1.08963,STOP,17.799999999998928,-17.799999999998928,-19.799999999998928,-21.799999999998928,2015
2015-07-17,LONG,1.09002,1.09069,1.088955,1.088955,TARGET,6.699999999999484,10.650000000000936,8.650000000000936,6.6500000000009365,2015
2015-07-28,SHORT,1.10741,1.10522,1.10856,1.10522,STOP,21.899999999999142,-21.899999999999142,-23.899999999999142,-25.899999999999142,2015
2015-07-30,SHORT,1.09606,1.09461,1.097415,1.097415,TARGET,14.499999999999513,13.549999999999951,11.549999999999951,9.549999999999951,2015
2015-07-31,LONG,1.09464,1.09569,1.093985,1.093985,TARGET,10.499999999999954,6.550000000000722,4.550000000000722,2.550000000000722,2015
2015-08-03,LONG,1.09833,1.09956,1.09769,1.09769,TARGET,12.300000000000644,6.399999999999739,4.399999999999739,2.3999999999997392,2015
2015-08-04,LONG,1.09614,1.09682,1.09478,1.09682,STOP,6.800000000000139,-6.800000000000139,-8.80000000000014,-10.80000000000014,2015
2015-08-06,SHORT,1.09054,1.09002,1.091725,1.09002,STOP,5.20000000000076,-5.20000000000076,-7.20000000000076,-9.20000000000076,2015
2015-08-07,LONG,1.09298,1.09493,1.092055,1.092055,TARGET,19.499999999998963,9.250000000000647,7.250000000000647,5.250000000000647,2015
2015-08-10,LONG,1.09693,1.0981,1.096215,1.096215,TARGET,11.700000000001154,7.150000000000212,5.150000000000212,3.1500000000002117,2015
2015-08-11,LONG,1.10312,1.10414,1.099625,1.10414,STOP,10.199999999997988,-10.199999999997988,-12.199999999997988,-14.199999999997988,2015
2015-08-14,LONG,1.11535,1.11714,1.1149149999999999,1.1149149999999999,TARGET,17.899999999999583,4.350000000001852,2.3500000000018524,0.3500000000018524,2015
2015-08-18,LONG,1.10703,1.10938,1.10667,1.10667,TARGET,23.500000000000743,3.5999999999991594,1.5999999999991594,-0.40000000000084057,2015
2015-08-19,LONG,1.10566,1.10725,1.10425,1.10425,TARGET,15.899999999999803,14.100000000001334,12.100000000001334,10.100000000001334,2015
2015-08-20,SHORT,1.11227,1.11072,1.113155,1.113155,TARGET,15.500000000001624,8.849999999998026,6.849999999998026,4.849999999998026,2015
2015-08-25,SHORT,1.15335,1.15126,1.15622,1.15622,TARGET,20.900000000001473,28.69999999999928,26.69999999999928,24.69999999999928,2015
2015-08-31,SHORT,1.12099,1.12004,1.12333,1.12004,STOP,9.500000000000064,-9.500000000000064,-11.500000000000064,-13.500000000000064,2015
2015-09-01,LONG,1.12675,1.12841,1.124825,1.12841,STOP,16.599999999999948,-16.599999999999948,-18.599999999999948,-20.599999999999948,2015
2015-09-02,SHORT,1.12652,1.12423,1.128055,1.128055,TARGET,22.899999999999032,15.350000000000641,13.350000000000641,11.350000000000641,2015
2015-09-03,LONG,1.1232,1.124,1.1219700000000001,1.124,STOP,8.00000000000134,-8.00000000000134,-10.00000000000134,-12.00000000000134,2015
2015-09-04,LONG,1.11365,1.11423,1.112765,1.11423,STOP,5.800000000000249,-5.800000000000249,-7.800000000000249,-9.80000000000025,2015
2015-09-07,SHORT,1.11423,1.11309,1.115775,1.115775,TARGET,11.400000000001409,15.449999999999076,13.449999999999076,11.449999999999076,2015
2015-09-10,SHORT,1.11951,1.11825,1.1219649999999999,1.11825,STOP,12.600000000000389,-12.600000000000389,-14.600000000000389,-16.60000000000039,2015
2015-09-11,LONG,1.12997,1.1307,1.12879,1.1307,STOP,7.300000000001194,-7.300000000001194,-9.300000000001194,-11.300000000001194,2015
2015-09-14,LONG,1.13505,1.13732,1.1343450000000002,1.1343450000000002,TARGET,22.700000000002163,7.049999999997336,5.049999999997336,3.049999999997336,2015
2015-09-15,SHORT,1.13019,1.12844,1.131485,1.131485,TARGET,17.499999999999183,12.950000000000461,10.950000000000461,8.950000000000461,2015
2015-09-18,LONG,1.14163,1.14308,1.14044,1.14308,STOP,14.500000000001734,-14.500000000001734,-16.500000000001734,-18.500000000001734,2015
2015-09-21,LONG,1.13208,1.13299,1.130315,1.130315,TARGET,9.099999999999664,17.650000000000166,15.650000000000166,13.650000000000166,2015
2015-09-22,SHORT,1.11837,1.11681,1.11945,1.11681,STOP,15.600000000000058,-15.600000000000058,-17.60000000000006,-19.60000000000006,2015
2015-09-23,LONG,1.11389,1.11469,1.112275,1.11469,STOP,7.999999999999119,-7.999999999999119,-9.999999999999119,-11.999999999999119,2015
2015-09-28,SHORT,1.11748,1.11645,1.119415,1.119415,TARGET,10.300000000000864,19.3500000000002,17.3500000000002,15.3500000000002,2015
2015-09-29,LONG,1.1263,1.12801,1.124905,1.124905,TARGET,17.099999999998783,13.950000000000351,11.950000000000351,9.950000000000351,2015
2015-10-05,LONG,1.12467,1.12596,1.12313,1.12596,STOP,12.900000000000134,-12.900000000000134,-14.900000000000134,-16.900000000000134,2015
2015-10-12,LONG,1.13742,1.13845,1.1369950000000002,1.13845,STOP,10.299999999998644,-10.299999999998644,-12.299999999998644,-14.299999999998644,2015
2015-10-16,LONG,1.1378,1.1395,1.1373199999999999,1.1373199999999999,TARGET,17.000000000000348,4.8000000000003595,2.8000000000003595,0.8000000000003595,2015
2015-10-19,SHORT,1.13551,1.13491,1.1366100000000001,1.13491,STOP,5.999999999999339,-5.999999999999339,-7.999999999999339,-9.99999999999934,2015
2015-10-21,LONG,1.13668,1.13775,1.1357599999999999,1.1357599999999999,TARGET,10.700000000001264,9.200000000000319,7.200000000000319,5.200000000000319,2015
2015-10-23,LONG,1.11207,1.11342,1.10977,1.11342,STOP,13.500000000001844,-13.500000000001844,-15.500000000001844,-17.500000000001844,2015
2015-10-26,LONG,1.10354,1.10561,1.1028850000000001,1.1028850000000001,TARGET,20.700000000000163,6.5499999999985015,4.5499999999985015,2.5499999999985015,2015
2015-10-27,SHORT,1.10455,1.10362,1.10572,1.10572,TARGET,9.299999999998754,11.700000000001154,9.700000000001154,7.700000000001154,2015
2015-10-28,LONG,1.10442,1.10509,1.10348,1.10509,STOP,6.699999999999484,-6.699999999999484,-8.699999999999484,-10.699999999999484,2015
2015-11-02,LONG,1.10355,1.10461,1.10297,1.10297,TARGET,10.600000000000609,5.800000000000249,3.8000000000002494,1.8000000000002494,2015
2015-11-05,SHORT,1.08588,1.08359,1.0866850000000001,1.0866850000000001,TARGET,22.899999999999032,8.050000000001667,6.050000000001667,4.050000000001667,2015
2015-11-09,LONG,1.07678,1.07778,1.074925,1.07778,STOP,9.999999999998899,-9.999999999998899,-11.999999999998899,-13.999999999998899,2015
2015-11-10,SHORT,1.07418,1.07299,1.074915,1.07299,STOP,11.899999999998023,-11.899999999998023,-13.899999999998023,-15.899999999998023,2015
2015-11-13,SHORT,1.07724,1.07681,1.07907,1.07681,STOP,4.299999999999304,-4.299999999999304,-6.299999999999304,-8.299999999999304,2015
2015-11-19,SHORT,1.06722,1.0668,1.0693899999999998,1.0668,STOP,4.20000000000087,-4.20000000000087,-6.20000000000087,-8.20000000000087,2015
2015-11-24,LONG,1.06443,1.06471,1.06323,1.06471,STOP,2.80000000000058,-2.80000000000058,-4.80000000000058,-6.80000000000058,2015
2015-11-25,LONG,1.06761,1.06859,1.0659100000000001,1.0659100000000001,TARGET,9.799999999999809,16.999999999998128,14.999999999998128,12.999999999998128,2015
2015-11-30,SHORT,1.05722,1.05634,1.058115,1.058115,TARGET,8.799999999999919,8.949999999998681,6.949999999998681,4.949999999998681,2015
2015-12-01,LONG,1.05948,1.06188,1.0579999999999998,1.06188,STOP,23.999999999999577,-23.999999999999577,-25.999999999999577,-27.999999999999577,2015
2015-12-02,LONG,1.06272,1.06308,1.061795,1.061795,TARGET,3.5999999999991594,9.250000000000647,7.250000000000647,5.250000000000647,2015
2015-12-14,SHORT,1.09545,1.09455,1.09714,1.09714,TARGET,9.00000000000123,16.899999999999693,14.899999999999693,12.899999999999693,2015
2015-12-15,LONG,1.10346,1.10536,1.10129,1.10129,TARGET,18.999999999997907,21.700000000000053,19.700000000000053,17.700000000000053,2015
2015-12-16,SHORT,1.09265,1.09153,1.09373,1.09153,STOP,11.200000000000099,-11.200000000000099,-13.200000000000099,-15.200000000000099,2015
2015-12-18,LONG,1.08555,1.08684,1.08457,1.08457,TARGET,12.900000000000134,9.799999999999809,7.799999999999809,5.799999999999809,2015
2015-12-22,LONG,1.09219,1.09276,1.09145,1.09276,STOP,5.699999999999594,-5.699999999999594,-7.699999999999594,-9.699999999999594,2015
2015-12-24,LONG,1.09411,1.09484,1.09247,1.09484,STOP,7.300000000001194,-7.300000000001194,-9.300000000001194,-11.300000000001194,2015
2015-12-28,LONG,1.09764,1.09795,1.0968550000000001,1.09795,STOP,3.1000000000003247,-3.1000000000003247,-5.100000000000325,-7.100000000000325,2015
2015-12-29,LONG,1.09815,1.09855,1.097385,1.09855,STOP,3.9999999999995595,-3.9999999999995595,-5.9999999999995595,-7.9999999999995595,2015
2015-12-30,LONG,1.09341,1.09432,1.092745,1.09432,STOP,9.099999999999664,-9.099999999999664,-11.099999999999664,-13.099999999999664,2015
2015-12-31,SHORT,1.092,1.09161,1.092795,1.09161,STOP,3.900000000001125,-3.900000000001125,-5.900000000001125,-7.900000000001125,2015
2016-01-07,SHORT,1.07758,1.0771,1.08018,1.08018,TARGET,4.8000000000003595,25.999999999999357,23.999999999999357,21.999999999999357,2016
2016-01-12,LONG,1.08922,1.09002,1.0867300000000002,1.0867300000000002,TARGET,7.999999999999119,24.899999999998812,22.899999999998812,20.899999999998812,2016
2016-01-13,SHORT,1.08165,1.08093,1.0830099999999998,1.0830099999999998,TARGET,7.200000000000539,13.599999999998058,11.599999999998058,9.599999999998058,2016
2016-01-14,SHORT,1.08673,1.08565,1.0881699999999999,1.0881699999999999,TARGET,10.799999999999699,14.399999999998858,12.399999999998858,10.399999999998858,2016
2016-01-15,LONG,1.08878,1.0895,1.08729,1.0895,STOP,7.199999999998319,-7.199999999998319,-9.199999999998319,-11.199999999998319,2016
2016-01-18,SHORT,1.08877,1.08749,1.090535,1.090535,TARGET,12.799999999999478,17.650000000000166,15.650000000000166,13.650000000000166,2016
2016-01-19,SHORT,1.08743,1.08633,1.088845,1.088845,TARGET,10.999999999998789,14.150000000001661,12.150000000001661,10.150000000001661,2016
2016-01-20,LONG,1.09611,1.0976,1.093665,1.093665,TARGET,14.899999999999913,24.449999999998084,22.449999999998084,20.449999999998084,2016
2016-01-26,LONG,1.08577,1.08683,1.085035,1.085035,TARGET,10.600000000000609,7.3499999999993015,5.3499999999993015,3.3499999999993015,2016
2016-01-27,LONG,1.08701,1.08762,1.086045,1.08762,STOP,6.099999999999994,-6.099999999999994,-8.099999999999994,-10.099999999999994,2016
2016-02-01,LONG,1.08508,1.0857,1.0838299999999998,1.0857,STOP,6.200000000000649,-6.200000000000649,-8.20000000000065,-10.20000000000065,2016
2016-02-03,SHORT,1.09131,1.09038,1.092375,1.092375,TARGET,9.300000000000974,10.650000000000936,8.650000000000936,6.6500000000009365,2016
2016-02-04,LONG,1.11164,1.11371,1.1093449999999998,1.11371,STOP,20.700000000000163,-20.700000000000163,-22.700000000000163,-24.700000000000163,2016
2016-02-05,SHORT,1.11871,1.1183,1.120115,1.120115,TARGET,4.100000000000215,14.049999999998786,12.049999999998786,10.049999999998786,2016
2016-02-08,LONG,1.11495,1.11534,1.1139000000000001,1.11534,STOP,3.8999999999989043,-3.8999999999989043,-5.899999999998904,-7.899999999998904,2016
2016-02-09,SHORT,1.11851,1.11676,1.12111,1.11676,STOP,17.499999999999183,-17.499999999999183,-19.499999999999183,-21.499999999999183,2016
2016-02-11,LONG,1.13146,1.13545,1.129715,1.13545,STOP,39.9000000000016,-39.9000000000016,-41.9000000000016,-43.9000000000016,2016
2016-02-16,LONG,1.11761,1.11931,1.116505,1.116505,TARGET,17.000000000000348,11.049999999999116,9.049999999999116,7.049999999999116,2016
2016-02-17,LONG,1.11703,1.11733,1.11456,1.11456,TARGET,2.9999999999996696,24.699999999999722,22.699999999999722,20.699999999999722,2016
2016-02-19,LONG,1.11277,1.11392,1.1114950000000001,1.1114950000000001,TARGET,11.499999999999844,12.749999999999151,10.749999999999151,8.749999999999151,2016
2016-02-23,LONG,1.10434,1.10527,1.103675,1.103675,TARGET,9.299999999998754,6.650000000001377,4.650000000001377,2.650000000001377,2016
2016-02-24,SHORT,1.10017,1.09913,1.101345,1.101345,TARGET,10.40000000000152,11.749999999999261,9.749999999999261,7.749999999999261,2016
2016-02-25,SHORT,1.10118,1.10048,1.102285,1.102285,TARGET,7.0000000000014495,11.049999999999116,9.049999999999116,7.049999999999116,2016
2016-02-29,LONG,1.09467,1.09625,1.093195,1.093195,TARGET,15.799999999999148,14.750000000001151,12.750000000001151,10.750000000001151,2016
2016-03-01,SHORT,1.08751,1.08583,1.08837,1.08837,TARGET,16.799999999999038,8.60000000000083,6.600000000000829,4.600000000000829,2016
2016-03-03,LONG,1.08702,1.08773,1.0864250000000002,1.0864250000000002,TARGET,7.099999999999884,5.949999999999012,3.9499999999990116,1.9499999999990116,2016
2016-03-04,SHORT,1.09374,1.09284,1.0946,1.0946,TARGET,8.999999999999009,8.60000000000083,6.600000000000829,4.600000000000829,2016
2016-03-08,LONG,1.10265,1.10446,1.10201,1.10201,TARGET,18.100000000000893,6.399999999999739,4.399999999999739,2.3999999999997392,2016
2016-03-09,SHORT,1.09688,1.09617,1.098695,1.09617,STOP,7.099999999999884,-7.099999999999884,-9.099999999999884,-11.099999999999884,2016
2016-03-10,SHORT,1.09731,1.09608,1.09816,1.09608,STOP,12.300000000000644,-12.300000000000644,-14.300000000000644,-16.300000000000644,2016
2016-03-15,LONG,1.11113,1.11188,1.110455,1.110455,TARGET,7.500000000000284,6.749999999999812,4.749999999999812,2.7499999999998117,2016
2016-03-16,SHORT,1.10873,1.10745,1.10996,1.10996,TARGET,12.799999999999478,12.300000000000644,10.300000000000644,8.300000000000644,2016
2016-03-18,SHORT,1.12945,1.12765,1.1314250000000001,1.12765,STOP,18.000000000000238,-18.000000000000238,-20.000000000000238,-22.000000000000238,2016
2016-03-23,SHORT,1.11937,1.11845,1.1207099999999999,1.11845,STOP,9.200000000000319,-9.200000000000319,-11.200000000000319,-13.200000000000319,2016
2016-03-28,LONG,1.1165,1.11726,1.115935,1.11726,STOP,7.599999999998719,-7.599999999998719,-9.599999999998719,-11.599999999998719,2016
2016-03-31,LONG,1.13406,1.13445,1.1326049999999999,1.13445,STOP,3.8999999999989043,-3.8999999999989043,-5.899999999998904,-7.899999999998904,2016
2016-04-06,SHORT,1.13675,1.13555,1.13761,1.13555,STOP,11.999999999998678,-11.999999999998678,-13.999999999998678,-15.999999999998678,2016
2016-04-07,LONG,1.14147,1.14475,1.14083,1.14083,TARGET,32.79999999999949,6.399999999999739,4.399999999999739,2.3999999999997392,2016
2016-04-08,SHORT,1.13625,1.13491,1.1366999999999998,1.1366999999999998,TARGET,13.399999999998968,4.499999999998394,2.499999999998394,0.4999999999983942,2016
2016-04-13,SHORT,1.13564,1.13464,1.137355,1.13464,STOP,9.999999999998899,-9.999999999998899,-11.999999999998899,-13.999999999998899,2016
2016-04-14,SHORT,1.12571,1.12339,1.12689,1.12689,TARGET,23.199999999998777,11.799999999999589,9.799999999999589,7.799999999999589,2016
2016-04-15,SHORT,1.12516,1.12457,1.125915,1.125915,TARGET,5.899999999998684,7.550000000000612,5.550000000000612,3.5500000000006118,2016
2016-04-18,LONG,1.13045,1.13133,1.12915,1.13133,STOP,8.799999999999919,-8.799999999999919,-10.799999999999919,-12.799999999999919,2016
2016-04-19,LONG,1.13208,1.13402,1.13146,1.13402,STOP,19.400000000000528,-19.400000000000528,-21.400000000000528,-23.400000000000528,2016
2016-04-20,SHORT,1.13583,1.13489,1.1363400000000001,1.1363400000000001,TARGET,9.399999999999409,5.100000000002325,3.100000000002325,1.100000000002325,2016
2016-04-21,LONG,1.13051,1.13106,1.1296599999999999,1.1296599999999999,TARGET,5.5000000000005045,8.500000000000174,6.500000000000174,4.500000000000174,2016
2016-04-25,LONG,1.12478,1.12559,1.12363,1.12559,STOP,8.100000000001994,-8.100000000001994,-10.100000000001994,-12.100000000001994,2016
2016-04-29,LONG,1.13967,1.14144,1.137435,1.137435,TARGET,17.700000000000493,22.34999999999987,20.34999999999987,18.34999999999987,2016
2016-05-02,SHORT,1.14584,1.14482,1.14686,1.14686,TARGET,10.200000000000209,10.200000000000209,8.200000000000209,6.200000000000209,2016
2016-05-04,LONG,1.15011,1.15112,1.14926,1.14926,TARGET,10.099999999999554,8.500000000000174,6.500000000000174,4.500000000000174,2016
2016-05-10,LONG,1.13918,1.14018,1.1381350000000001,1.1381350000000001,TARGET,9.999999999998899,10.449999999999626,8.449999999999626,6.449999999999626,2016
2016-05-11,LONG,1.13892,1.13977,1.138045,1.13977,STOP,8.500000000000174,-8.500000000000174,-10.500000000000174,-12.500000000000174,2016
2016-05-16,LONG,1.1317,1.13259,1.1310099999999998,1.13259,STOP,8.900000000000574,-8.900000000000574,-10.900000000000574,-12.900000000000574,2016
2016-05-20,LONG,1.12116,1.12276,1.12041,1.12276,STOP,16.00000000000046,-16.00000000000046,-18.00000000000046,-20.00000000000046,2016
2016-05-27,SHORT,1.11849,1.11791,1.11916,1.11791,STOP,5.800000000000249,-5.800000000000249,-7.800000000000249,-9.80000000000025,2016
2016-05-31,SHORT,1.1133,1.11222,1.1142400000000001,1.1142400000000001,TARGET,10.799999999999699,9.40000000000163,7.400000000001629,5.400000000001629,2016
2016-06-02,LONG,1.12135,1.12199,1.11988,1.11988,TARGET,6.399999999999739,14.700000000000824,12.700000000000824,10.700000000000824,2016
2016-06-03,SHORT,1.11437,1.11381,1.115045,1.11381,STOP,5.60000000000116,-5.60000000000116,-7.60000000000116,-9.60000000000116,2016
2016-06-06,LONG,1.13519,1.13634,1.1345200000000002,1.1345200000000002,TARGET,11.499999999999844,6.699999999997264,4.699999999997264,2.6999999999972637,2016
2016-06-07,LONG,1.1367,1.13724,1.135875,1.13724,STOP,5.399999999999849,-5.399999999999849,-7.399999999999849,-9.39999999999985,2016
2016-06-09,SHORT,1.13963,1.13939,1.14054,1.13939,STOP,2.4000000000001798,-2.4000000000001798,-4.40000000000018,-6.40000000000018,2016
2016-06-10,LONG,1.13121,1.13214,1.130275,1.130275,TARGET,9.299999999998754,9.350000000001302,7.350000000001302,5.350000000001302,2016
2016-06-15,LONG,1.12128,1.12286,1.120195,1.12286,STOP,15.799999999999148,-15.799999999999148,-17.799999999999148,-19.799999999999148,2016
2016-06-16,LONG,1.12826,1.12909,1.127185,1.127185,TARGET,8.299999999998864,10.749999999999371,8.749999999999371,6.749999999999371,2016
2016-06-17,SHORT,1.12336,1.12231,1.1251250000000002,1.1251250000000002,TARGET,10.499999999999954,17.650000000002386,15.650000000002386,13.650000000002386,2016
2016-06-20,SHORT,1.13398,1.13387,1.1360999999999999,1.13387,STOP,1.100000000000545,-1.100000000000545,-3.100000000000545,-5.100000000000545,2016
2016-06-21,LONG,1.13376,1.13487,1.13287,1.13287,TARGET,11.099999999999444,8.900000000000574,6.900000000000574,4.900000000000574,2016
2016-06-22,LONG,1.12648,1.12741,1.1253250000000001,1.12741,STOP,9.300000000000974,-9.300000000000974,-11.300000000000974,-13.300000000000974,2016
2016-06-23,LONG,1.13475,1.13549,1.13341,1.13549,STOP,7.4000000000018495,-7.4000000000018495,-9.40000000000185,-11.40000000000185,2016
2016-06-27,LONG,1.10476,1.10635,1.10169,1.10635,STOP,15.899999999999803,-15.899999999999803,-17.899999999999803,-19.899999999999803,2016
2016-06-29,LONG,1.10723,1.11033,1.1063,1.1063,TARGET,31.000000000001027,9.299999999998754,7.299999999998754,5.299999999998754,2016
2016-06-30,LONG,1.11262,1.11301,1.11063,1.11301,STOP,3.900000000001125,-3.900000000001125,-5.900000000001125,-7.900000000001125,2016
2016-07-05,LONG,1.1148,1.11863,1.113575,1.113575,TARGET,38.3,12.250000000000316,10.250000000000316,8.250000000000316,2016
2016-07-06,LONG,1.10678,1.10731,1.105225,1.10731,STOP,5.299999999999194,-5.299999999999194,-7.299999999999194,-9.299999999999194,2016
2016-07-07,SHORT,1.10747,1.1067,1.109065,1.1067,STOP,7.699999999999374,-7.699999999999374,-9.699999999999374,-11.699999999999374,2016
2016-07-11,SHORT,1.10345,1.10159,1.10447,1.10447,TARGET,18.599999999999728,10.200000000000209,8.200000000000209,6.200000000000209,2016
2016-07-15,LONG,1.11389,1.11488,1.112075,1.112075,TARGET,9.900000000000464,18.15000000000122,16.15000000000122,14.15000000000122,2016
2016-07-18,SHORT,1.10532,1.10489,1.10615,1.10489,STOP,4.300000000001525,-4.300000000001525,-6.300000000001525,-8.300000000001525,2016
2016-07-19,SHORT,1.10635,1.10485,1.1071749999999998,1.1071749999999998,TARGET,14.999999999998348,8.249999999998536,6.249999999998536,4.249999999998536,2016
2016-07-22,SHORT,1.10206,1.10164,1.1026099999999999,1.1026099999999999,TARGET,4.20000000000087,5.499999999998284,3.499999999998284,1.499999999998284,2016
2016-07-25,LONG,1.09771,1.09808,1.09654,1.09808,STOP,3.6999999999998145,-3.6999999999998145,-5.6999999999998145,-7.6999999999998145,2016
2016-07-27,LONG,1.10009,1.10058,1.0991749999999998,1.0991749999999998,TARGET,4.899999999998794,9.150000000002212,7.150000000002212,5.150000000002212,2016
2016-07-29,LONG,1.10958,1.11015,1.108465,1.108465,TARGET,5.699999999999594,11.149999999999771,9.149999999999771,7.149999999999771,2016
2016-08-01,SHORT,1.11665,1.11611,1.11737,1.11737,TARGET,5.399999999999849,7.200000000000539,5.200000000000539,3.2000000000005393,2016
2016-08-03,SHORT,1.12092,1.12004,1.121465,1.121465,TARGET,8.799999999999919,5.450000000000177,3.450000000000177,1.450000000000177,2016
2016-08-04,SHORT,1.11373,1.11275,1.1145749999999999,1.11275,STOP,9.80000000000203,-9.80000000000203,-11.80000000000203,-13.80000000000203,2016
2016-08-05,LONG,1.11365,1.11446,1.1134650000000001,1.1134650000000001,TARGET,8.099999999999774,1.849999999998797,-0.15000000000120295,-2.150000000001203,2016
2016-08-09,LONG,1.10903,1.10961,1.10805,1.10805,TARGET,5.800000000000249,9.799999999999809,7.799999999999809,5.799999999999809,2016
2016-08-17,SHORT,1.12606,1.1254,1.1273900000000001,1.1273900000000001,TARGET,6.6000000000010495,13.300000000000534,11.300000000000534,9.300000000000534,2016
2016-08-18,LONG,1.13232,1.13316,1.130915,1.13316,STOP,8.399999999999519,-8.399999999999519,-10.399999999999519,-12.399999999999519,2016
2016-08-19,SHORT,1.13286,1.13223,1.13382,1.13223,STOP,6.299999999999084,-6.299999999999084,-8.299999999999084,-10.299999999999084,2016
2016-08-25,LONG,1.12753,1.12799,1.1267749999999999,1.12799,STOP,4.60000000000127,-4.60000000000127,-6.60000000000127,-8.60000000000127,2016
2016-08-26,LONG,1.12913,1.12993,1.1289500000000001,1.1289500000000001,TARGET,8.00000000000134,1.7999999999984695,-0.2000000000015305,-2.2000000000015305,2016
2016-08-30,SHORT,1.11651,1.11554,1.117855,1.11554,STOP,9.699999999999154,-9.699999999999154,-11.699999999999154,-13.699999999999154,2016
2016-08-31,SHORT,1.11467,1.11296,1.11491,1.11491,TARGET,17.100000000001003,2.4000000000001798,0.40000000000017977,-1.5999999999998202,2016
2016-09-02,SHORT,1.11943,1.11861,1.120005,1.120005,TARGET,8.199999999998209,5.749999999999922,3.749999999999922,1.7499999999999218,2016
2016-09-05,LONG,1.11744,1.11822,1.116815,1.116815,TARGET,7.800000000000029,6.250000000000977,4.250000000000977,2.250000000000977,2016
2016-09-06,LONG,1.11566,1.11604,1.114925,1.11604,STOP,3.7999999999982492,-3.7999999999982492,-5.799999999998249,-7.799999999998249,2016
2016-09-12,LONG,1.12461,1.12639,1.1242800000000002,1.1242800000000002,TARGET,17.799999999998928,3.2999999999994145,1.2999999999994145,-0.7000000000005855,2016
2016-09-13,SHORT,1.12267,1.12169,1.1233650000000002,1.1233650000000002,TARGET,9.799999999999809,6.950000000001122,4.950000000001122,2.950000000001122,2016
2016-09-14,LONG,1.12264,1.12368,1.122085,1.122085,TARGET,10.399999999999299,5.550000000000832,3.550000000000832,1.550000000000832,2016
2016-09-16,SHORT,1.1236,1.12305,1.124225,1.12305,STOP,5.499999999998284,-5.499999999998284,-7.499999999998284,-9.499999999998284,2016
2016-09-19,SHORT,1.11604,1.11507,1.11631,1.11631,TARGET,9.699999999999154,2.6999999999999247,0.6999999999999247,-1.3000000000000753,2016
2016-09-21,LONG,1.11539,1.11588,1.1139800000000002,1.1139800000000002,TARGET,4.899999999998794,14.099999999999113,12.099999999999113,10.099999999999113,2016
2016-09-23,LONG,1.12108,1.12168,1.120285,1.12168,STOP,5.999999999999339,-5.999999999999339,-7.999999999999339,-9.99999999999934,2016
2016-09-26,LONG,1.12398,1.12434,1.1233,1.12434,STOP,3.5999999999991594,-3.5999999999991594,-5.599999999999159,-7.599999999999159,2016
2016-09-27,LONG,1.1251,1.12589,1.124565,1.124565,TARGET,7.900000000000684,5.349999999999522,3.349999999999522,1.3499999999995218,2016
2016-09-29,SHORT,1.12183,1.12128,1.12263,1.12128,STOP,5.5000000000005045,-5.5000000000005045,-7.5000000000005045,-9.500000000000504,2016
2016-10-03,SHORT,1.12266,1.12224,1.123375,1.12224,STOP,4.20000000000087,-4.20000000000087,-6.20000000000087,-8.20000000000087,2016
2016-10-05,LONG,1.12205,1.12328,1.121595,1.121595,TARGET,12.300000000000644,4.550000000000942,2.550000000000942,0.5500000000009422,2016
2016-10-06,SHORT,1.11996,1.11922,1.1204399999999999,1.11922,STOP,7.399999999999629,-7.399999999999629,-9.399999999999629,-11.399999999999629,2016
2016-10-07,SHORT,1.11122,1.11073,1.113095,1.11073,STOP,4.900000000001015,-4.900000000001015,-6.900000000001015,-8.900000000001015,2016
2016-10-17,LONG,1.09888,1.10004,1.097675,1.10004,STOP,11.599999999998278,-11.599999999998278,-13.599999999998278,-15.599999999998278,2016
2016-10-19,LONG,1.09966,1.10048,1.0986449999999999,1.0986449999999999,TARGET,8.199999999998209,10.150000000002102,8.150000000002102,6.150000000002102,2016
2016-10-21,SHORT,1.0897,1.08923,1.09128,1.08923,STOP,4.699999999999704,-4.699999999999704,-6.699999999999704,-8.699999999999704,2016
2016-10-27,LONG,1.09075,1.09138,1.090185,1.09138,STOP,6.299999999999084,-6.299999999999084,-8.299999999999084,-10.299999999999084,2016
2016-11-03,SHORT,1.10953,1.10864,1.11087,1.10864,STOP,8.899999999998354,-8.899999999998354,-10.899999999998354,-12.899999999998354,2016
2016-11-10,SHORT,1.09146,1.09105,1.093375,1.09105,STOP,4.100000000000215,-4.100000000000215,-6.100000000000215,-8.100000000000215,2016
2016-11-11,SHORT,1.08808,1.08713,1.0899450000000002,1.08713,STOP,9.500000000000064,-9.500000000000064,-11.500000000000064,-13.500000000000064,2016
2016-11-14,SHORT,1.07733,1.07695,1.07993,1.07695,STOP,3.7999999999982492,-3.7999999999982492,-5.799999999998249,-7.799999999998249,2016
2016-11-16,SHORT,1.0722,1.07036,1.0739999999999998,1.07036,STOP,18.400000000000638,-18.400000000000638,-20.400000000000638,-22.400000000000638,2016
2016-11-17,LONG,1.07109,1.07275,1.069895,1.07275,STOP,16.599999999999948,-16.599999999999948,-18.599999999999948,-20.599999999999948,2016
2016-11-22,SHORT,1.06167,1.06123,1.063225,1.063225,TARGET,4.3999999999999595,15.550000000001951,13.550000000001951,11.550000000001951,2016
2016-11-24,SHORT,1.05316,1.0518,1.0537800000000002,1.0537800000000002,TARGET,13.600000000000279,6.200000000000649,4.200000000000649,2.2000000000006494,2016
2016-11-29,SHORT,1.05908,1.05821,1.06042,1.06042,TARGET,8.699999999999264,13.399999999998968,11.399999999998968,9.399999999998968,2016
2016-11-30,SHORT,1.06438,1.06192,1.06439,1.06439,TARGET,24.600000000001288,0.09999999999843467,-1.9000000000015653,-3.9000000000015653,2016
2016-12-02,SHORT,1.06633,1.06545,1.067525,1.06545,STOP,8.799999999999919,-8.799999999999919,-10.799999999999919,-12.799999999999919,2016
2016-12-07,LONG,1.0724,1.07326,1.071985,1.071985,TARGET,8.60000000000083,4.150000000000542,2.150000000000542,0.15000000000054214,2016
2016-12-09,LONG,1.06189,1.06297,1.060505,1.060505,TARGET,10.799999999999699,13.849999999999696,11.849999999999696,9.849999999999696,2016
2016-12-12,LONG,1.05642,1.05818,1.0546950000000002,1.05818,STOP,17.599999999999838,-17.599999999999838,-19.599999999999838,-21.599999999999838,2016
2016-12-19,SHORT,1.04438,1.04372,1.04611,1.04372,STOP,6.6000000000010495,-6.6000000000010495,-8.60000000000105,-10.60000000000105,2016
2016-12-22,LONG,1.04458,1.04532,1.0436649999999998,1.04532,STOP,7.399999999999629,-7.399999999999629,-9.399999999999629,-11.399999999999629,2016
2016-12-26,SHORT,1.04479,1.04402,1.0455999999999999,1.0455999999999999,TARGET,7.7000000000015945,8.099999999997554,6.099999999997554,4.099999999997554,2016
2016-12-30,SHORT,1.05209,1.05067,1.055015,1.055015,TARGET,14.199999999999768,29.250000000000664,27.250000000000664,25.250000000000664,2016
2017-01-02,SHORT,1.05121,1.05092,1.051825,1.05092,STOP,2.8999999999990145,-2.8999999999990145,-4.8999999999990145,-6.8999999999990145,2017
2017-01-05,SHORT,1.04965,1.04903,1.05355,1.04903,STOP,6.200000000000649,-6.200000000000649,-8.20000000000065,-10.20000000000065,2017
2017-01-09,LONG,1.05383,1.05559,1.053055,1.053055,TARGET,17.599999999999838,7.749999999999702,5.749999999999702,3.7499999999997016,2017
2017-01-12,LONG,1.06367,1.0649,1.060495,1.0649,STOP,12.300000000000644,-12.300000000000644,-14.300000000000644,-16.300000000000644,2017
2017-01-17,LONG,1.06639,1.06818,1.06332,1.06818,STOP,17.899999999999583,-17.899999999999583,-19.899999999999583,-21.899999999999583,2017
2017-01-24,SHORT,1.07389,1.0735,1.075425,1.0735,STOP,3.900000000001125,-3.900000000001125,-5.900000000001125,-7.900000000001125,2017
2017-01-25,SHORT,1.07227,1.07133,1.0729549999999999,1.0729549999999999,TARGET,9.40000000000163,6.849999999998246,4.849999999998246,2.8499999999982464,2017
2017-01-26,SHORT,1.07399,1.07263,1.07526,1.07263,STOP,13.600000000000279,-13.600000000000279,-15.600000000000279,-17.60000000000028,2017
2017-01-27,LONG,1.06836,1.06983,1.067485,1.067485,TARGET,14.700000000000824,8.749999999999591,6.749999999999591,4.749999999999591,2017
2017-01-31,LONG,1.07102,1.07174,1.0701800000000001,1.07174,STOP,7.199999999998319,-7.199999999998319,-9.199999999998319,-11.199999999998319,2017
2017-02-01,LONG,1.07944,1.08031,1.07889,1.08031,STOP,8.700000000001484,-8.700000000001484,-10.700000000001484,-12.700000000001484,2017
2017-02-02,LONG,1.07934,1.07989,1.07798,1.07989,STOP,5.5000000000005045,-5.5000000000005045,-7.5000000000005045,-9.500000000000504,2017
2017-02-03,SHORT,1.07485,1.07413,1.075855,1.07413,STOP,7.200000000000539,-7.200000000000539,-9.20000000000054,-11.20000000000054,2017
2017-02-09,LONG,1.06956,1.06999,1.06837,1.06999,STOP,4.299999999999304,-4.299999999999304,-6.299999999999304,-8.299999999999304,2017
2017-02-14,LONG,1.06232,1.06333,1.060765,1.06333,STOP,10.100000000001774,-10.100000000001774,-12.100000000001774,-14.100000000001774,2017
2017-02-20,LONG,1.06253,1.06299,1.061485,1.061485,TARGET,4.60000000000127,10.449999999999626,8.449999999999626,6.449999999999626,2017
2017-02-23,SHORT,1.05455,1.05414,1.055815,1.05414,STOP,4.100000000000215,-4.100000000000215,-6.100000000000215,-8.100000000000215,2017
2017-02-24,LONG,1.05852,1.06039,1.05797,1.05797,TARGET,18.700000000000383,5.499999999998284,3.499999999998284,1.499999999998284,2017
2017-02-27,LONG,1.05692,1.05875,1.05633,1.05875,STOP,18.299999999999983,-18.299999999999983,-20.299999999999983,-22.299999999999983,2017
2017-03-02,LONG,1.05422,1.05456,1.05354,1.05354,TARGET,3.4000000000000696,6.800000000000139,4.800000000000139,2.8000000000001393,2017
2017-03-07,LONG,1.05915,1.06025,1.058295,1.058295,TARGET,10.999999999998789,8.550000000000502,6.550000000000502,4.550000000000502,2017
2017-03-08,SHORT,1.05588,1.0551,1.05661,1.0551,STOP,7.800000000000029,-7.800000000000029,-9.80000000000003,-11.80000000000003,2017
2017-03-13,SHORT,1.06813,1.06712,1.06967,1.06712,STOP,10.099999999999554,-10.099999999999554,-12.099999999999554,-14.099999999999554,2017
2017-03-14,SHORT,1.06414,1.06329,1.06512,1.06329,STOP,8.500000000000174,-8.500000000000174,-10.500000000000174,-12.500000000000174,2017
2017-03-15,LONG,1.06289,1.06383,1.062025,1.062025,TARGET,9.40000000000163,8.649999999998936,6.649999999998936,4.649999999998936,2017
2017-03-17,SHORT,1.07654,1.07535,1.0773000000000001,1.0773000000000001,TARGET,11.900000000000244,7.600000000000939,5.600000000000939,3.6000000000009393,2017
2017-03-23,SHORT,1.07819,1.07701,1.079315,1.07701,STOP,11.799999999999589,-11.799999999999589,-13.799999999999589,-15.799999999999589,2017
2017-03-24,LONG,1.07838,1.07863,1.077295,1.07863,STOP,2.500000000000835,-2.500000000000835,-4.500000000000835,-6.500000000000835,2017
2017-03-28,SHORT,1.08557,1.0851,1.086385,1.086385,TARGET,4.699999999999704,8.150000000000102,6.150000000000102,4.150000000000102,2017
2017-04-03,SHORT,1.06676,1.0664,1.0674000000000001,1.0664,STOP,3.5999999999991594,-3.5999999999991594,-5.599999999999159,-7.599999999999159,2017
2017-04-05,LONG,1.0682,1.06872,1.0677349999999999,1.06872,STOP,5.199999999998539,-5.199999999998539,-7.199999999998539,-9.19999999999854,2017
2017-04-07,SHORT,1.06398,1.0635,1.06491,1.0635,STOP,4.8000000000003595,-4.8000000000003595,-6.8000000000003595,-8.80000000000036,2017
2017-04-11,SHORT,1.05839,1.05794,1.0591300000000001,1.05794,STOP,4.499999999998394,-4.499999999998394,-6.499999999998394,-8.499999999998394,2017
2017-04-14,LONG,1.0623,1.06269,1.061515,1.061515,TARGET,3.8999999999989043,7.850000000000357,5.850000000000357,3.8500000000003567,2017
2017-04-18,LONG,1.06523,1.06597,1.0645,1.06597,STOP,7.4000000000018495,-7.4000000000018495,-9.40000000000185,-11.40000000000185,2017
2017-04-19,SHORT,1.07185,1.07081,1.072555,1.072555,TARGET,10.399999999999299,7.049999999999557,5.049999999999557,3.0499999999995566,2017
2017-04-21,LONG,1.07196,1.07379,1.071615,1.071615,TARGET,18.299999999999983,3.450000000000397,1.4500000000003972,-0.5499999999996028,2017
2017-04-27,SHORT,1.08998,1.08918,1.09103,1.08918,STOP,7.999999999999119,-7.999999999999119,-9.999999999999119,-11.999999999999119,2017
2017-05-04,SHORT,1.08856,1.08815,1.08908,1.08908,TARGET,4.100000000000215,5.20000000000076,3.2000000000007596,1.2000000000007596,2017
2017-05-05,SHORT,1.09738,1.09656,1.098135,1.09656,STOP,8.20000000000043,-8.20000000000043,-10.20000000000043,-12.20000000000043,2017
2017-05-08,SHORT,1.09574,1.09538,1.0975899999999998,1.09538,STOP,3.5999999999991594,-3.5999999999991594,-5.599999999999159,-7.599999999999159,2017
2017-05-09,SHORT,1.09212,1.09055,1.09266,1.09055,STOP,15.700000000000713,-15.700000000000713,-17.700000000000713,-19.700000000000713,2017
2017-05-11,LONG,1.0878,1.0882,1.08716,1.0882,STOP,3.9999999999995595,-3.9999999999995595,-5.9999999999995595,-7.9999999999995595,2017
2017-05-12,SHORT,1.0861,1.08562,1.086675,1.086675,TARGET,4.8000000000003595,5.749999999999922,3.749999999999922,1.7499999999999218,2017
2017-05-17,SHORT,1.10877,1.10816,1.11016,1.11016,TARGET,6.099999999999994,13.900000000000023,11.900000000000023,9.900000000000023,2017
2017-05-18,SHORT,1.11387,1.11299,1.115495,1.11299,STOP,8.799999999999919,-8.799999999999919,-10.799999999999919,-12.799999999999919,2017
2017-05-23,SHORT,1.12446,1.12229,1.124525,1.124525,TARGET,21.700000000000053,0.6499999999998174,-1.3500000000001826,-3.3500000000001826,2017
2017-05-24,LONG,1.11907,1.11965,1.118225,1.118225,TARGET,5.800000000000249,8.449999999999847,6.4499999999998465,4.4499999999998465,2017
2017-05-25,LONG,1.1243,1.12503,1.12309,1.12309,TARGET,7.299999999998974,12.100000000001554,10.100000000001554,8.100000000001554,2017
2017-05-26,LONG,1.12117,1.12148,1.11989,1.12148,STOP,3.1000000000003247,-3.1000000000003247,-5.100000000000325,-7.100000000000325,2017
2017-05-29,LONG,1.11746,1.11789,1.116885,1.11789,STOP,4.300000000001525,-4.300000000001525,-6.300000000001525,-8.300000000001525,2017
2017-05-30,LONG,1.1137,1.1145,1.11276,1.1145,STOP,8.00000000000134,-8.00000000000134,-10.00000000000134,-12.00000000000134,2017
2017-05-31,LONG,1.11801,1.11969,1.11731,1.11731,TARGET,16.80000000000126,6.999999999999229,4.999999999999229,2.999999999999229,2017
2017-06-01,SHORT,1.12338,1.1232,1.124505,1.1232,STOP,1.80000000000069,-1.80000000000069,-3.80000000000069,-5.80000000000069,2017
2017-06-07,SHORT,1.12601,1.12462,1.12691,1.12691,TARGET,13.900000000000023,9.00000000000123,7.000000000001229,5.000000000001229,2017
2017-06-08,SHORT,1.12494,1.12443,1.12551,1.12443,STOP,5.1000000000001044,-5.1000000000001044,-7.1000000000001044,-9.100000000000104,2017
2017-06-09,SHORT,1.11802,1.11698,1.11968,1.11698,STOP,10.399999999999299,-10.399999999999299,-12.399999999999299,-14.399999999999299,2017
2017-06-12,LONG,1.12155,1.12274,1.1207,1.12274,STOP,11.900000000000244,-11.900000000000244,-13.900000000000244,-15.900000000000244,2017
2017-06-14,SHORT,1.12075,1.12028,1.12134,1.12028,STOP,4.699999999999704,-4.699999999999704,-6.699999999999704,-8.699999999999704,2017
2017-06-16,LONG,1.11526,1.11572,1.1147,1.11572,STOP,4.60000000000127,-4.60000000000127,-6.60000000000127,-8.60000000000127,2017
2017-06-19,SHORT,1.11913,1.11864,1.1197249999999999,1.11864,STOP,4.899999999998794,-4.899999999998794,-6.899999999998794,-8.899999999998794,2017
2017-06-20,LONG,1.11563,1.11624,1.11505,1.11505,TARGET,6.099999999999994,5.799999999998029,3.799999999998029,1.799999999998029,2017
2017-06-22,SHORT,1.11623,1.11544,1.1168200000000001,1.1168200000000001,TARGET,7.900000000000684,5.9000000000009045,3.9000000000009045,1.9000000000009045,2017
2017-06-26,LONG,1.11993,1.12043,1.119445,1.12043,STOP,4.999999999999449,-4.999999999999449,-6.999999999999449,-8.99999999999945,2017
2017-06-29,LONG,1.14189,1.14282,1.139805,1.14282,STOP,9.299999999998754,-9.299999999998754,-11.299999999998754,-13.299999999998754,2017
2017-06-30,SHORT,1.14283,1.14171,1.143555,1.14171,STOP,11.200000000000099,-11.200000000000099,-13.200000000000099,-15.200000000000099,2017
2017-07-03,SHORT,1.1406,1.1401,1.14142,1.1401,STOP,5.00000000000167,-5.00000000000167,-7.00000000000167,-9.00000000000167,2017
2017-07-06,LONG,1.13529,1.13571,1.13418,1.13571,STOP,4.20000000000087,-4.20000000000087,-6.20000000000087,-8.20000000000087,2017
2017-07-10,LONG,1.14079,1.1418,1.140345,1.140345,TARGET,10.099999999999554,4.450000000000287,2.450000000000287,0.45000000000028706,2017
2017-07-11,LONG,1.13972,1.1399,1.13904,1.13904,TARGET,1.7999999999984695,6.800000000000139,4.800000000000139,2.8000000000001393,2017
2017-07-13,LONG,1.14447,1.14528,1.14316,1.14316,TARGET,8.099999999999774,13.100000000001444,11.100000000001444,9.100000000001444,2017
2017-07-14,LONG,1.14103,1.14239,1.14019,1.14239,STOP,13.600000000000279,-13.600000000000279,-15.600000000000279,-17.60000000000028,2017
2017-07-17,SHORT,1.14569,1.14519,1.146565,1.14519,STOP,5.00000000000167,-5.00000000000167,-7.00000000000167,-9.00000000000167,2017
2017-07-19,SHORT,1.15338,1.15263,1.15422,1.15263,STOP,7.500000000000284,-7.500000000000284,-9.500000000000284,-11.500000000000284,2017
2017-07-20,SHORT,1.15046,1.14959,1.151855,1.14959,STOP,8.700000000001484,-8.700000000001484,-10.700000000001484,-12.700000000001484,2017
2017-07-21,LONG,1.16384,1.16736,1.16295,1.16736,STOP,35.199999999999676,-35.199999999999676,-37.199999999999676,-39.199999999999676,2017
2017-07-26,SHORT,1.16342,1.16276,1.164355,1.164355,TARGET,6.599999999998829,9.350000000001302,7.350000000001302,5.350000000001302,2017
2017-07-27,SHORT,1.17254,1.17149,1.1749,1.17149,STOP,10.499999999999954,-10.499999999999954,-12.499999999999954,-14.499999999999954,2017
2017-07-28,LONG,1.16949,1.17153,1.168355,1.17153,STOP,20.400000000000418,-20.400000000000418,-22.400000000000418,-24.400000000000418,2017
2017-08-01,SHORT,1.18204,1.1811,1.1826699999999999,1.1826699999999999,TARGET,9.399999999999409,6.299999999999084,4.299999999999084,2.299999999999084,2017
2017-08-02,LONG,1.18255,1.18407,1.18119,1.18407,STOP,15.199999999999658,-15.199999999999658,-17.19999999999966,-19.19999999999966,2017
2017-08-03,SHORT,1.18362,1.18305,1.184555,1.184555,TARGET,5.699999999999594,9.350000000001302,7.350000000001302,5.350000000001302,2017
2017-08-07,LONG,1.18009,1.1814,1.17892,1.17892,TARGET,13.099999999999223,11.700000000001154,9.700000000001154,7.700000000001154,2017
2017-08-10,SHORT,1.17275,1.17155,1.1744949999999998,1.17155,STOP,11.999999999998678,-11.999999999998678,-13.999999999998678,-15.999999999998678,2017
2017-08-14,SHORT,1.18098,1.18004,1.182205,1.18004,STOP,9.399999999999409,-9.399999999999409,-11.399999999999409,-13.399999999999409,2017
2017-08-16,SHORT,1.17353,1.17289,1.17408,1.17408,TARGET,6.399999999999739,5.5000000000005045,3.5000000000005045,1.5000000000005045,2017
2017-08-18,LONG,1.17352,1.17588,1.1724450000000002,1.1724450000000002,TARGET,23.600000000001398,10.74999999999715,8.74999999999715,6.749999999997151,2017
2017-08-24,SHORT,1.1795,1.17886,1.180595,1.17886,STOP,6.399999999999739,-6.399999999999739,-8.39999999999974,-10.39999999999974,2017
2017-08-31,LONG,1.1897,1.19033,1.18839,1.18839,TARGET,6.300000000001305,13.099999999999223,11.099999999999223,9.099999999999223,2017
2017-09-01,SHORT,1.18879,1.18795,1.190115,1.18795,STOP,8.399999999999519,-8.399999999999519,-10.399999999999519,-12.399999999999519,2017
2017-09-04,LONG,1.18895,1.1901,1.1883650000000001,1.1901,STOP,11.499999999999844,-11.499999999999844,-13.499999999999844,-15.499999999999844,2017
2017-09-11,SHORT,1.20011,1.19932,1.20094,1.20094,TARGET,7.900000000000684,8.299999999998864,6.299999999998864,4.299999999998864,2017
2017-09-13,LONG,1.19915,1.19947,1.19786,1.19786,TARGET,3.20000000000098,12.900000000000134,10.900000000000134,8.900000000000134,2017
2017-09-14,LONG,1.18935,1.18978,1.188015,1.18978,STOP,4.300000000001525,-4.300000000001525,-6.300000000001525,-8.300000000001525,2017
2017-09-15,LONG,1.1921,1.19272,1.1912449999999999,1.19272,STOP,6.200000000000649,-6.200000000000649,-8.20000000000065,-10.20000000000065,2017
2017-09-19,LONG,1.19862,1.20062,1.197375,1.197375,TARGET,20.000000000000018,12.449999999999406,10.449999999999406,8.449999999999406,2017
2017-09-25,SHORT,1.19186,1.19047,1.1927500000000002,1.19047,STOP,13.900000000000023,-13.900000000000023,-15.900000000000023,-17.900000000000023,2017
2017-09-26,SHORT,1.18404,1.18214,1.184875,1.18214,STOP,19.000000000000128,-19.000000000000128,-21.000000000000128,-23.000000000000128,2017
2017-09-28,LONG,1.17541,1.17723,1.17386,1.17723,STOP,18.199999999999328,-18.199999999999328,-20.199999999999328,-22.199999999999328,2017
2017-09-29,LONG,1.179,1.1798,1.1781899999999998,1.1798,STOP,7.999999999999119,-7.999999999999119,-9.999999999999119,-11.999999999999119,2017
2017-10-03,LONG,1.17392,1.17475,1.17179,1.17475,STOP,8.299999999998864,-8.299999999998864,-10.299999999998864,-12.299999999998864,2017
2017-10-10,LONG,1.17796,1.17857,1.17611,1.17857,STOP,6.099999999999994,-6.099999999999994,-8.099999999999994,-10.099999999999994,2017
2017-10-11,LONG,1.18266,1.18305,1.1811349999999998,1.18305,STOP,3.8999999999989043,-3.8999999999989043,-5.899999999998904,-7.899999999998904,2017
2017-10-13,SHORT,1.18253,1.18151,1.18383,1.18151,STOP,10.200000000000209,-10.200000000000209,-12.200000000000209,-14.200000000000209,2017
2017-10-16,SHORT,1.17943,1.17805,1.18066,1.18066,TARGET,13.799999999999368,12.300000000000644,10.300000000000644,8.300000000000644,2017
2017-10-17,SHORT,1.17668,1.17549,1.17808,1.17549,STOP,11.900000000000244,-11.900000000000244,-13.900000000000244,-15.900000000000244,2017
2017-10-18,SHORT,1.17649,1.17479,1.176975,1.17479,STOP,17.000000000000348,-17.000000000000348,-19.000000000000348,-21.000000000000348,2017
2017-10-19,SHORT,1.17966,1.17902,1.18046,1.17902,STOP,6.399999999999739,-6.399999999999739,-8.39999999999974,-10.39999999999974,2017
2017-10-20,SHORT,1.18055,1.17907,1.1831,1.17907,STOP,14.799999999999258,-14.799999999999258,-16.799999999999258,-18.799999999999258,2017
2017-10-23,SHORT,1.17546,1.1751,1.176355,1.1751,STOP,3.5999999999991594,-3.5999999999991594,-5.599999999999159,-7.599999999999159,2017
2017-10-24,SHORT,1.17517,1.17428,1.17594,1.17594,TARGET,8.900000000000574,7.699999999999374,5.699999999999374,3.699999999999374,2017
2017-10-25,LONG,1.17634,1.17667,1.17594,1.17667,STOP,3.300000000001635,-3.300000000001635,-5.300000000001635,-7.300000000001635,2017
2017-10-26,SHORT,1.18163,1.18125,1.18255,1.18125,STOP,3.8000000000004697,-3.8000000000004697,-5.80000000000047,-7.80000000000047,2017
2017-10-27,SHORT,1.16256,1.16199,1.1635,1.16199,STOP,5.699999999999594,-5.699999999999594,-7.699999999999594,-9.699999999999594,2017
2017-11-06,SHORT,1.15969,1.15881,1.1610200000000002,1.1610200000000002,TARGET,8.80000000000214,13.300000000000534,11.300000000000534,9.300000000000534,2017
2017-11-08,LONG,1.16033,1.16111,1.159435,1.159435,TARGET,7.800000000000029,8.950000000000902,6.950000000000902,4.950000000000902,2017
2017-11-13,SHORT,1.16447,1.16373,1.16533,1.16533,TARGET,7.399999999999629,8.60000000000083,6.600000000000829,4.600000000000829,2017
2017-11-16,SHORT,1.17792,1.17751,1.178825,1.17751,STOP,4.100000000000215,-4.100000000000215,-6.100000000000215,-8.100000000000215,2017
2017-11-21,LONG,1.17472,1.17577,1.1739700000000002,1.1739700000000002,TARGET,10.499999999999954,7.499999999998064,5.499999999998064,3.4999999999980638,2017
2017-11-23,LONG,1.18364,1.18462,1.18256,1.18462,STOP,9.799999999999809,-9.799999999999809,-11.799999999999809,-13.799999999999809,2017
2017-11-24,LONG,1.18583,1.18645,1.1847750000000001,1.18645,STOP,6.200000000000649,-6.200000000000649,-8.20000000000065,-10.20000000000065,2017
2017-11-27,LONG,1.19308,1.19566,1.19226,1.19226,TARGET,25.800000000000267,8.199999999998209,6.199999999998209,4.199999999998209,2017
2017-12-01,LONG,1.19326,1.19403,1.1914500000000001,1.1914500000000001,TARGET,7.699999999999374,18.099999999998673,16.099999999998673,14.099999999998673,2017
2017-12-04,SHORT,1.18578,1.18495,1.186595,1.186595,TARGET,8.300000000001084,8.150000000000102,6.150000000000102,4.150000000000102,2017
2017-12-06,SHORT,1.18195,1.18133,1.1832150000000001,1.18133,STOP,6.200000000000649,-6.200000000000649,-8.20000000000065,-10.20000000000065,2017
2017-12-13,SHORT,1.17433,1.17374,1.17523,1.17523,TARGET,5.9000000000009045,8.999999999999009,6.999999999999009,4.999999999999009,2017
2017-12-14,SHORT,1.18217,1.18171,1.183115,1.18171,STOP,4.599999999999049,-4.599999999999049,-6.599999999999049,-8.59999999999905,2017
2017-12-20,LONG,1.18476,1.18539,1.1838899999999999,1.1838899999999999,TARGET,6.299999999999084,8.700000000001484,6.700000000001484,4.700000000001484,2017
2017-12-21,LONG,1.18814,1.18895,1.1872449999999999,1.1872449999999999,TARGET,8.099999999999774,8.950000000000902,6.950000000000902,4.950000000000902,2017
2017-12-22,LONG,1.18545,1.18619,1.183795,1.183795,TARGET,7.4000000000018495,16.54999999999962,14.54999999999962,12.54999999999962,2017
2017-12-26,LONG,1.18723,1.18756,1.186825,1.186825,TARGET,3.2999999999994145,4.049999999999887,2.049999999999887,0.049999999999887024,2017
2018-01-03,SHORT,1.20425,1.20311,1.205285,1.20311,STOP,11.400000000001409,-11.400000000001409,-13.400000000001409,-15.400000000001409,2018
2018-01-05,SHORT,1.20577,1.20556,1.20681,1.20556,STOP,2.100000000000435,-2.100000000000435,-4.100000000000435,-6.100000000000435,2018
2018-01-10,LONG,1.19491,1.19549,1.193625,1.193625,TARGET,5.800000000000249,12.849999999999806,10.849999999999806,8.849999999999806,2018
2018-01-11,SHORT,1.19384,1.19322,1.195315,1.19322,STOP,6.200000000000649,-6.200000000000649,-8.20000000000065,-10.20000000000065,2018
2018-01-15,LONG,1.22394,1.22453,1.22138,1.22453,STOP,5.899999999998684,-5.899999999998684,-7.899999999998684,-9.899999999998684,2018
2018-01-18,LONG,1.22088,1.22172,1.2191550000000002,1.22172,STOP,8.399999999999519,-8.399999999999519,-10.399999999999519,-12.399999999999519,2018
2018-01-19,LONG,1.22698,1.22847,1.22511,1.22847,STOP,14.899999999999913,-14.899999999999913,-16.899999999999913,-18.899999999999913,2018
2018-01-22,LONG,1.22562,1.2267,1.223555,1.223555,TARGET,10.799999999999699,20.649999999999835,18.649999999999835,16.649999999999835,2018
2018-01-30,SHORT,1.23507,1.2339,1.236745,1.2339,STOP,11.699999999998933,-11.699999999998933,-13.699999999998933,-15.699999999998933,2018
2018-01-31,LONG,1.24482,1.24598,1.24245,1.24598,STOP,11.600000000000499,-11.600000000000499,-13.600000000000499,-15.600000000000499,2018
2018-02-01,LONG,1.24273,1.24342,1.2410899999999998,1.24342,STOP,6.900000000000794,-6.900000000000794,-8.900000000000794,-10.900000000000794,2018
2018-02-02,LONG,1.25095,1.25165,1.25008,1.25165,STOP,6.999999999999229,-6.999999999999229,-8.999999999999229,-10.999999999999229,2018
2018-02-05,LONG,1.24622,1.24748,1.245315,1.245315,TARGET,12.599999999998168,9.050000000001557,7.050000000001557,5.050000000001557,2018
2018-02-07,SHORT,1.23769,1.23627,1.23868,1.23868,TARGET,14.199999999999768,9.900000000000464,7.900000000000464,5.900000000000464,2018
2018-02-09,LONG,1.22615,1.22838,1.225415,1.225415,TARGET,22.299999999999542,7.350000000001522,5.350000000001522,3.350000000001522,2018
2018-02-13,LONG,1.23239,1.23377,1.230475,1.23377,STOP,13.799999999999368,-13.799999999999368,-15.799999999999368,-17.79999999999937,2018
2018-02-14,SHORT,1.23514,1.23459,1.237165,1.23459,STOP,5.499999999998284,-5.499999999998284,-7.499999999998284,-9.499999999998284,2018
2018-02-19,SHORT,1.24069,1.24028,1.241965,1.24028,STOP,4.100000000000215,-4.100000000000215,-6.100000000000215,-8.100000000000215,2018
2018-02-21,SHORT,1.23187,1.23075,1.23308,1.23308,TARGET,11.200000000000099,12.099999999999334,10.099999999999334,8.099999999999334,2018
2018-02-22,LONG,1.2281,1.22875,1.227225,1.227225,TARGET,6.500000000000394,8.749999999999591,6.749999999999591,4.749999999999591,2018
2018-03-01,SHORT,1.21843,1.21798,1.219475,1.219475,TARGET,4.499999999998394,10.450000000001847,8.450000000001847,6.450000000001847,2018
2018-03-02,SHORT,1.22657,1.22544,1.22747,1.22747,TARGET,11.299999999998533,9.00000000000123,7.000000000001229,5.000000000001229,2018
2018-03-06,SHORT,1.23348,1.23325,1.234865,1.23325,STOP,2.2999999999995246,-2.2999999999995246,-4.299999999999525,-6.299999999999525,2018
2018-03-07,SHORT,1.24175,1.24039,1.24218,1.24218,TARGET,13.599999999998058,4.300000000001525,2.300000000001525,0.3000000000015248,2018
2018-03-09,SHORT,1.22956,1.22912,1.23082,1.22912,STOP,4.3999999999999595,-4.3999999999999595,-6.3999999999999595,-8.39999999999996,2018
2018-03-12,LONG,1.23249,1.23395,1.23159,1.23159,TARGET,14.600000000000168,9.00000000000123,7.000000000001229,5.000000000001229,2018
2018-03-13,SHORT,1.23257,1.23145,1.23348,1.23348,TARGET,11.200000000000099,9.099999999999664,7.099999999999664,5.099999999999664,2018
2018-03-15,SHORT,1.23645,1.23609,1.2374049999999999,1.23609,STOP,3.60000000000138,-3.60000000000138,-5.60000000000138,-7.60000000000138,2018
2018-03-16,LONG,1.23219,1.23253,1.230855,1.23253,STOP,3.4000000000000696,-3.4000000000000696,-5.40000000000007,-7.40000000000007,2018
2018-03-22,LONG,1.23645,1.23748,1.23553,1.23553,TARGET,10.299999999998644,9.200000000000319,7.200000000000319,5.200000000000319,2018
2018-03-26,LONG,1.23803,1.23937,1.236655,1.23937,STOP,13.400000000001189,-13.400000000001189,-15.400000000001189,-17.40000000000119,2018
2018-03-27,LONG,1.24535,1.24741,1.244995,1.244995,TARGET,20.599999999999508,3.549999999998832,1.5499999999988319,-0.45000000000116813,2018
2018-03-29,SHORT,1.23028,1.22956,1.23183,1.23183,TARGET,7.200000000000539,15.499999999999403,13.499999999999403,11.499999999999403,2018
2018-04-02,LONG,1.23281,1.23318,1.231945,1.23318,STOP,3.6999999999998145,-3.6999999999998145,-5.6999999999998145,-7.6999999999998145,2018
2018-04-04,SHORT,1.22698,1.22595,1.22778,1.22595,STOP,10.299999999998644,-10.299999999998644,-12.299999999998644,-14.299999999998644,2018
2018-04-09,SHORT,1.22679,1.22625,1.2275749999999999,1.2275749999999999,TARGET,5.399999999999849,7.849999999998136,5.849999999998136,3.8499999999981362,2018
2018-04-10,LONG,1.2325,1.23351,1.231775,1.231775,TARGET,10.100000000001774,7.249999999998646,5.249999999998646,3.2499999999986464,2018
2018-04-16,SHORT,1.23289,1.23269,1.2335150000000001,1.2335150000000001,TARGET,1.9999999999997797,6.250000000000977,4.250000000000977,2.250000000000977,2018
2018-04-18,SHORT,1.23671,1.23488,1.237355,1.23488,STOP,18.299999999999983,-18.299999999999983,-20.299999999999983,-22.299999999999983,2018
2018-04-20,LONG,1.2348,1.23529,1.234245,1.234245,TARGET,4.900000000001015,5.549999999998612,3.5499999999986116,1.5499999999986116,2018
2018-04-23,LONG,1.22728,1.22894,1.22721,1.22721,TARGET,16.599999999999948,0.700000000000145,-1.299999999999855,-3.299999999999855,2018
2018-04-26,LONG,1.21763,1.21874,1.217235,1.217235,TARGET,11.099999999999444,3.949999999999232,1.949999999999232,-0.0500000000007681,2018
2018-04-30,SHORT,1.21224,1.21086,1.21296,1.21086,STOP,13.799999999999368,-13.799999999999368,-15.799999999999368,-17.79999999999937,2018
2018-05-10,LONG,1.18748,1.18772,1.185905,1.18772,STOP,2.4000000000001798,-2.4000000000001798,-4.40000000000018,-6.40000000000018,2018
2018-05-11,SHORT,1.19071,1.18911,1.191535,1.191535,TARGET,16.00000000000046,8.250000000000757,6.250000000000757,4.250000000000757,2018
2018-05-16,LONG,1.18427,1.18541,1.1829399999999999,1.1829399999999999,TARGET,11.400000000001409,13.300000000000534,11.300000000000534,9.300000000000534,2018
2018-05-17,SHORT,1.18102,1.17924,1.1821899999999999,1.1821899999999999,TARGET,17.799999999998928,11.699999999998933,9.699999999998933,7.6999999999989335,2018
2018-05-18,LONG,1.18096,1.18221,1.18014,1.18014,TARGET,12.499999999999734,8.20000000000043,6.200000000000429,4.200000000000429,2018
2018-05-22,SHORT,1.17741,1.17567,1.178535,1.178535,TARGET,17.400000000000748,11.250000000000426,9.250000000000426,7.250000000000426,2018
2018-05-23,SHORT,1.17519,1.17337,1.17698,1.17337,STOP,18.199999999999328,-18.199999999999328,-20.199999999999328,-22.199999999999328,2018
2018-05-28,SHORT,1.16856,1.1678,1.17061,1.1678,STOP,7.600000000000939,-7.600000000000939,-9.60000000000094,-11.60000000000094,2018
2018-05-31,LONG,1.16853,1.16928,1.166835,1.16928,STOP,7.500000000000284,-7.500000000000284,-9.500000000000284,-11.500000000000284,2018
2018-06-01,LONG,1.17049,1.17178,1.1685150000000002,1.1685150000000002,TARGET,12.900000000000134,19.74999999999838,17.74999999999838,15.74999999999838,2018
2018-06-04,LONG,1.16964,1.17148,1.16819,1.17148,STOP,18.400000000000638,-18.400000000000638,-20.400000000000638,-22.400000000000638,2018
2018-06-05,LONG,1.1703,1.17081,1.16933,1.16933,TARGET,5.1000000000001044,9.699999999999154,7.699999999999154,5.699999999999154,2018
2018-06-11,LONG,1.18072,1.18205,1.17938,1.17938,TARGET,13.300000000000534,13.399999999998968,11.399999999998968,9.399999999998968,2018
2018-06-13,SHORT,1.17411,1.1733,1.1746249999999998,1.1746249999999998,TARGET,8.099999999999774,5.149999999998212,3.1499999999982116,1.1499999999982116,2018
2018-06-14,LONG,1.18089,1.18197,1.18001,1.18197,STOP,10.799999999999699,-10.799999999999699,-12.799999999999699,-14.799999999999699,2018
2018-06-15,SHORT,1.15606,1.15432,1.156965,1.156965,TARGET,17.400000000000748,9.049999999999336,7.049999999999336,5.049999999999336,2018
2018-06-18,SHORT,1.15765,1.15653,1.15872,1.15872,TARGET,11.200000000000099,10.699999999999044,8.699999999999044,6.699999999999044,2018
2018-06-20,SHORT,1.15676,1.15365,1.15812,1.15812,TARGET,31.09999999999946,13.600000000000279,11.600000000000279,9.600000000000279,2018
2018-06-21,SHORT,1.15574,1.15351,1.1566999999999998,1.1566999999999998,TARGET,22.299999999999542,9.599999999998499,7.599999999998499,5.599999999998499,2018
2018-06-25,SHORT,1.16435,1.16286,1.165035,1.165035,TARGET,14.899999999999913,6.850000000000467,4.850000000000467,2.850000000000467,2018
2018-06-27,LONG,1.16636,1.1672,1.16518,1.16518,TARGET,8.399999999999519,11.799999999999589,9.799999999999589,7.799999999999589,2018
2018-06-28,SHORT,1.1555,1.15274,1.156015,1.156015,TARGET,27.599999999998737,5.150000000000432,3.150000000000432,1.150000000000432,2018
2018-07-02,SHORT,1.16397,1.16327,1.1657950000000001,1.16327,STOP,6.999999999999229,-6.999999999999229,-8.999999999999229,-10.999999999999229,2018
2018-07-05,LONG,1.16936,1.17053,1.167195,1.17053,STOP,11.700000000001154,-11.700000000001154,-13.700000000001154,-15.700000000001154,2018
2018-07-06,LONG,1.17015,1.17221,1.1691349999999998,1.17221,STOP,20.599999999999508,-20.599999999999508,-22.599999999999508,-24.599999999999508,2018
2018-07-09,LONG,1.17654,1.17722,1.17598,1.17598,TARGET,6.800000000000139,5.599999999998939,3.599999999998939,1.5999999999989392,2018
2018-07-11,LONG,1.17325,1.17406,1.17299,1.17299,TARGET,8.100000000001994,2.5999999999992696,0.5999999999992696,-1.4000000000007304,2018
2018-07-12,LONG,1.16815,1.16929,1.167805,1.167805,TARGET,11.399999999999189,3.450000000000397,1.4500000000003972,-0.5499999999996028,2018
2018-07-16,LONG,1.17056,1.17097,1.16913,1.17097,STOP,4.100000000000215,-4.100000000000215,-6.100000000000215,-8.100000000000215,2018
2018-07-23,SHORT,1.17239,1.17143,1.173585,1.173585,TARGET,9.600000000000719,11.950000000000571,9.950000000000571,7.950000000000571,2018
2018-07-24,SHORT,1.16762,1.16545,1.16885,1.16885,TARGET,21.700000000000053,12.299999999998423,10.299999999998423,8.299999999998423,2018
2018-07-25,LONG,1.16971,1.17007,1.16868,1.17007,STOP,3.5999999999991594,-3.5999999999991594,-5.599999999999159,-7.599999999999159,2018
2018-07-26,SHORT,1.1727,1.17227,1.173515,1.17227,STOP,4.300000000001525,-4.300000000001525,-6.300000000001525,-8.300000000001525,2018
2018-07-27,LONG,1.16546,1.16577,1.16465,1.16465,TARGET,3.1000000000003247,8.099999999999774,6.099999999999774,4.099999999999774,2018
2018-07-31,LONG,1.17131,1.17311,1.170925,1.17311,STOP,18.000000000000238,-18.000000000000238,-20.000000000000238,-22.000000000000238,2018
2018-08-01,LONG,1.16891,1.16938,1.168405,1.168405,TARGET,4.700000000001925,5.049999999999777,3.049999999999777,1.049999999999777,2018
2018-08-14,LONG,1.14145,1.14278,1.14061,1.14278,STOP,13.299999999998313,-13.299999999998313,-15.299999999998313,-17.299999999998313,2018
2018-08-17,LONG,1.13881,1.1393,1.13775,1.1393,STOP,4.899999999998794,-4.899999999998794,-6.899999999998794,-8.899999999998794,2018
2018-08-20,SHORT,1.1423,1.1411,1.143065,1.1411,STOP,12.000000000000899,-12.000000000000899,-14.000000000000899,-16.0000000000009,2018
2018-08-28,LONG,1.16933,1.16995,1.167975,1.16995,STOP,6.200000000000649,-6.200000000000649,-8.20000000000065,-10.20000000000065,2018
2018-08-29,SHORT,1.16737,1.16631,1.1685349999999999,1.16631,STOP,10.600000000000609,-10.600000000000609,-12.600000000000609,-14.600000000000609,2018
2018-08-30,LONG,1.17097,1.17181,1.169965,1.169965,TARGET,8.399999999999519,10.050000000001447,8.050000000001447,6.050000000001447,2018
2018-09-03,LONG,1.16149,1.162,1.160215,1.162,STOP,5.1000000000001044,-5.1000000000001044,-7.1000000000001044,-9.100000000000104,2018
2018-09-06,SHORT,1.16246,1.16138,1.16392,1.16392,TARGET,10.799999999999699,14.600000000000168,12.600000000000168,10.600000000000168,2018
2018-09-10,SHORT,1.15414,1.1533,1.1551900000000002,1.1551900000000002,TARGET,8.399999999999519,10.500000000002174,8.500000000002174,6.500000000002174,2018
2018-09-12,SHORT,1.15837,1.15703,1.159175,1.159175,TARGET,13.399999999998968,8.050000000001667,6.050000000001667,4.050000000001667,2018
2018-09-13,SHORT,1.16196,1.16166,1.163055,1.16166,STOP,3.00000000000189,-3.00000000000189,-5.00000000000189,-7.00000000000189,2018
2018-09-21,LONG,1.17857,1.18027,1.17807,1.17807,TARGET,17.000000000000348,4.999999999999449,2.9999999999994493,0.9999999999994493,2018
2018-09-25,LONG,1.17473,1.17743,1.174485,1.174485,TARGET,26.999999999999247,2.4500000000005073,0.4500000000005073,-1.5499999999994927,2018
2018-09-26,LONG,1.1768,1.17755,1.176215,1.176215,TARGET,7.500000000000284,5.850000000000577,3.850000000000577,1.850000000000577,2018
2018-09-27,SHORT,1.17054,1.16851,1.172385,1.16851,STOP,20.299999999999763,-20.299999999999763,-22.299999999999763,-24.299999999999763,2018
2018-10-01,SHORT,1.1592,1.15738,1.1597849999999998,1.1597849999999998,TARGET,18.199999999999328,5.8499999999983565,3.8499999999983565,1.8499999999983565,2018
2018-10-04,LONG,1.14846,1.14993,1.1474250000000001,1.14993,STOP,14.699999999998603,-14.699999999998603,-16.699999999998603,-18.699999999998603,2018
2018-10-16,LONG,1.15917,1.15984,1.15792,1.15792,TARGET,6.699999999999484,12.499999999999734,10.499999999999734,8.499999999999734,2018
2018-10-18,SHORT,1.14925,1.14875,1.14978,1.14978,TARGET,5.00000000000167,5.299999999999194,3.2999999999991942,1.2999999999991942,2018
2018-10-26,LONG,1.13752,1.13836,1.136705,1.136705,TARGET,8.399999999999519,8.150000000000102,6.150000000000102,4.150000000000102,2018
2018-10-29,LONG,1.13963,1.14113,1.1393900000000001,1.1393900000000001,TARGET,15.000000000000568,2.3999999999979593,0.3999999999979593,-1.6000000000020407,2018
2018-10-30,SHORT,1.13713,1.13605,1.137765,1.137765,TARGET,10.799999999999699,6.349999999999412,4.349999999999412,2.3499999999994117,2018
2018-10-31,LONG,1.13453,1.13561,1.1343,1.13561,STOP,10.799999999999699,-10.799999999999699,-12.799999999999699,-14.799999999999699,2018
2018-11-02,LONG,1.14245,1.1443,1.141045,1.1443,STOP,18.500000000001293,-18.500000000001293,-20.500000000001293,-22.500000000001293,2018
2018-11-05,SHORT,1.13829,1.1379,1.139025,1.139025,TARGET,3.900000000001125,7.3499999999993015,5.3499999999993015,3.3499999999993015,2018
2018-11-06,LONG,1.14123,1.14246,1.14066,1.14246,STOP,12.300000000000644,-12.300000000000644,-14.300000000000644,-16.300000000000644,2018
2018-11-07,LONG,1.14719,1.14752,1.14337,1.14752,STOP,3.300000000001635,-3.300000000001635,-5.300000000001635,-7.300000000001635,2018
2018-11-08,LONG,1.14328,1.14446,1.142945,1.142945,TARGET,11.799999999999589,3.349999999999742,1.349999999999742,-0.6500000000002579,2018
2018-11-09,SHORT,1.13436,1.13319,1.135485,1.13319,STOP,11.700000000001154,-11.700000000001154,-13.700000000001154,-15.700000000001154,2018
2018-11-14,SHORT,1.12865,1.1278,1.1302349999999999,1.1278,STOP,8.500000000000174,-8.500000000000174,-10.500000000000174,-12.500000000000174,2018
2018-11-15,LONG,1.13443,1.13508,1.1329150000000001,1.1329150000000001,TARGET,6.500000000000394,15.14999999999933,13.14999999999933,11.14999999999933,2018
2018-11-16,LONG,1.13482,1.13678,1.133665,1.133665,TARGET,19.599999999999618,11.550000000000171,9.550000000000171,7.550000000000171,2018
2018-11-19,LONG,1.1414,1.14291,1.140455,1.14291,STOP,15.100000000001224,-15.100000000001224,-17.100000000001224,-19.100000000001224,2018
2018-11-20,LONG,1.14536,1.14723,1.145045,1.145045,TARGET,18.700000000000383,3.149999999998432,1.1499999999984318,-0.8500000000015682,2018
2018-11-21,LONG,1.14002,1.14099,1.138315,1.138315,TARGET,9.699999999999154,17.050000000000676,15.050000000000676,13.050000000000676,2018
2018-11-29,LONG,1.13917,1.13975,1.13775,1.13775,TARGET,5.800000000000249,14.199999999999768,12.199999999999768,10.199999999999768,2018
2018-11-30,SHORT,1.13851,1.13749,1.13925,1.13749,STOP,10.200000000000209,-10.200000000000209,-12.200000000000209,-14.200000000000209,2018
2018-12-04,LONG,1.13818,1.13981,1.136895,1.13981,STOP,16.300000000000203,-16.300000000000203,-18.300000000000203,-20.300000000000203,2018
2018-12-06,SHORT,1.1329,1.13235,1.13402,1.13235,STOP,5.5000000000005045,-5.5000000000005045,-7.5000000000005045,-9.500000000000504,2018
2018-12-07,SHORT,1.1366,1.13628,1.137345,1.137345,TARGET,3.20000000000098,7.449999999999957,5.449999999999957,3.4499999999999567,2018
2018-12-11,LONG,1.13693,1.13776,1.13624,1.13776,STOP,8.300000000001084,-8.300000000001084,-10.300000000001084,-12.300000000001084,2018
2018-12-12,SHORT,1.13219,1.13153,1.13278,1.13278,TARGET,6.6000000000010495,5.899999999998684,3.899999999998684,1.899999999998684,2018
2018-12-17,LONG,1.13115,1.13228,1.130795,1.13228,STOP,11.299999999998533,-11.299999999998533,-13.299999999998533,-15.299999999998533,2018
2018-12-21,LONG,1.14606,1.14739,1.1451600000000002,1.1451600000000002,TARGET,13.299999999998313,8.999999999999009,6.999999999999009,4.999999999999009,2018
2018-12-27,LONG,1.13874,1.13931,1.137385,1.13931,STOP,5.699999999999594,-5.699999999999594,-7.699999999999594,-9.699999999999594,2018
2018-12-28,LONG,1.14654,1.14704,1.1448399999999999,1.14704,STOP,5.00000000000167,-5.00000000000167,-7.00000000000167,-9.00000000000167,2018
2018-12-31,LONG,1.14486,1.14519,1.143575,1.14519,STOP,3.2999999999994145,-3.2999999999994145,-5.2999999999994145,-7.2999999999994145,2018
