entry_ts,exit_ts,side,reason,risk_pips,gross_pips,net_normal,net_stress,comp_known,year
2010-01-27 08:00:00+00:00,2010-01-27 20:00:00+00:00,-1,TIME,49.800000000002065,25.699999999999612,23.699999999999612,21.699999999999612,2010-01-27 04:05:00+00:00,2010
2010-02-01 10:00:00+00:00,2010-02-01 22:00:00+00:00,1,TIME,61.49999999999878,17.599999999999838,15.599999999999838,13.599999999999838,2010-02-01 04:15:00+00:00,2010
2010-02-03 08:00:00+00:00,2010-02-03 15:00:00+00:00,1,STOP,47.399999999999665,-47.399999999999665,-49.399999999999665,-51.399999999999665,2010-02-03 03:15:00+00:00,2010
2010-02-04 08:00:00+00:00,2010-02-04 16:00:00+00:00,-1,TARGET,55.10000000000126,82.65000000000188,80.65000000000188,78.65000000000188,2010-02-04 06:45:00+00:00,2010
2010-02-12 08:00:00+00:00,2010-02-12 10:00:00+00:00,-1,TARGET,60.100000000000705,90.14999999999995,88.14999999999995,86.14999999999995,2010-02-12 05:05:00+00:00,2010
2010-02-15 06:00:00+00:00,2010-02-15 18:00:00+00:00,-1,TIME,51.29999999999857,-14.599999999997948,-16.599999999997948,-18.599999999997948,2010-02-15 03:00:00+00:00,2010
2010-02-16 05:00:00+00:00,2010-02-16 16:00:00+00:00,1,TARGET,64.80000000000041,97.20000000000172,95.20000000000172,93.20000000000172,2010-02-16 00:05:00+00:00,2010
2010-02-17 11:00:00+00:00,2010-02-17 15:00:00+00:00,-1,TARGET,52.09999999999937,78.14999999999905,76.14999999999905,74.14999999999905,2010-02-17 04:35:00+00:00,2010
2010-02-23 05:00:00+00:00,2010-02-23 11:00:00+00:00,1,STOP,51.900000000000276,-51.900000000000276,-53.900000000000276,-55.900000000000276,2010-02-23 02:35:00+00:00,2010
2010-02-24 11:00:00+00:00,2010-02-24 23:00:00+00:00,1,TIME,56.59999999999998,-18.299999999999983,-20.299999999999983,-22.299999999999983,2010-02-24 09:00:00+00:00,2010
2010-03-03 16:00:00+00:00,2010-03-04 04:00:00+00:00,1,TIME,86.20000000000071,-3.00000000000189,-5.00000000000189,-7.00000000000189,2010-03-03 08:10:00+00:00,2010
2010-03-05 16:00:00+00:00,2010-03-08 00:00:00+00:00,1,TIME,55.600000000000094,29.29999999999877,27.29999999999877,25.29999999999877,2010-03-05 04:35:00+00:00,2010
2010-03-09 09:00:00+00:00,2010-03-09 21:00:00+00:00,-1,TIME,60.300000000002015,-3.1000000000003247,-5.100000000000325,-7.100000000000325,2010-03-09 03:35:00+00:00,2010
2010-03-10 08:00:00+00:00,2010-03-10 11:00:00+00:00,-1,STOP,58.6999999999982,-58.6999999999982,-60.6999999999982,-62.6999999999982,2010-03-10 02:40:00+00:00,2010
2010-03-12 04:00:00+00:00,2010-03-12 10:00:00+00:00,1,TARGET,52.9999999999986,79.49999999999679,77.49999999999679,75.49999999999679,2010-03-12 03:00:00+00:00,2010
2010-03-15 10:00:00+00:00,2010-03-15 22:00:00+00:00,-1,TIME,72.3000000000007,30.90000000000037,28.90000000000037,26.90000000000037,2010-03-15 00:10:00+00:00,2010
2010-03-16 05:00:00+00:00,2010-03-16 17:00:00+00:00,1,TIME,57.099999999998815,56.59999999999998,54.59999999999998,52.59999999999998,2010-03-16 02:50:00+00:00,2010
2010-03-17 08:00:00+00:00,2010-03-17 15:00:00+00:00,1,STOP,61.99999999999983,-61.99999999999983,-63.99999999999983,-65.99999999999983,2010-03-17 06:45:00+00:00,2010
2010-03-19 10:00:00+00:00,2010-03-19 22:00:00+00:00,-1,TIME,68.20000000000049,36.79999999999905,34.79999999999905,32.79999999999905,2010-03-19 03:15:00+00:00,2010
2010-03-22 13:00:00+00:00,2010-03-22 16:00:00+00:00,-1,STOP,80.59999999999955,-80.59999999999955,-82.59999999999955,-84.59999999999955,2010-03-22 01:40:00+00:00,2010
2010-03-23 08:00:00+00:00,2010-03-23 20:00:00+00:00,-1,TIME,58.19999999999936,10.900000000000354,8.900000000000354,6.900000000000354,2010-03-23 03:55:00+00:00,2010
2010-03-25 06:00:00+00:00,2010-03-25 10:00:00+00:00,-1,STOP,57.000000000000384,-57.000000000000384,-59.000000000000384,-61.000000000000384,2010-03-25 05:00:00+00:00,2010
2010-03-30 00:00:00+00:00,2010-03-30 12:00:00+00:00,1,TIME,57.099999999998815,-7.399999999999629,-9.399999999999629,-11.399999999999629,2010-03-29 23:45:00+00:00,2010
2010-03-31 09:00:00+00:00,2010-03-31 14:00:00+00:00,1,TARGET,59.19999999999925,88.79999999999998,86.79999999999998,84.79999999999998,2010-03-31 02:50:00+00:00,2010
2010-04-02 13:00:00+00:00,2010-04-05 00:00:00+00:00,-1,TIME,76.89999999999974,19.299999999999873,17.299999999999873,15.299999999999873,2010-04-02 03:25:00+00:00,2010
2010-04-07 11:00:00+00:00,2010-04-07 23:00:00+00:00,-1,TIME,58.700000000000415,6.299999999999084,4.299999999999084,2.299999999999084,2010-04-07 04:35:00+00:00,2010
2010-04-09 07:00:00+00:00,2010-04-09 14:00:00+00:00,1,TARGET,53.19999999999991,79.80000000000098,77.80000000000098,75.80000000000098,2010-04-09 02:30:00+00:00,2010
2010-04-13 10:00:00+00:00,2010-04-13 12:00:00+00:00,-1,STOP,47.399999999999665,-47.399999999999665,-49.399999999999665,-51.399999999999665,2010-04-13 00:10:00+00:00,2010
2010-04-15 05:00:00+00:00,2010-04-15 08:00:00+00:00,-1,TARGET,43.999999999999595,65.99999999999939,63.99999999999939,61.99999999999939,2010-04-15 03:05:00+00:00,2010
2010-04-20 10:00:00+00:00,2010-04-20 13:00:00+00:00,1,STOP,49.5000000000001,-49.5000000000001,-51.5000000000001,-53.5000000000001,2010-04-20 04:40:00+00:00,2010
2010-04-21 05:00:00+00:00,2010-04-21 06:00:00+00:00,-1,STOP,47.80000000000006,-47.80000000000006,-49.80000000000006,-51.80000000000006,2010-04-21 04:00:00+00:00,2010
2010-04-22 08:00:00+00:00,2010-04-22 09:00:00+00:00,1,STOP,52.00000000000093,-52.00000000000093,-54.00000000000093,-56.00000000000093,2010-04-21 23:55:00+00:00,2010
2010-04-26 09:00:00+00:00,2010-04-26 21:00:00+00:00,-1,STOP,73.19999999999993,-73.19999999999993,-75.19999999999993,-77.19999999999993,2010-04-26 03:10:00+00:00,2010
2010-04-30 07:00:00+00:00,2010-04-30 19:00:00+00:00,1,TIME,67.29999999999903,20.100000000000673,18.100000000000673,16.100000000000673,2010-04-30 03:30:00+00:00,2010
2010-05-03 15:00:00+00:00,2010-05-04 03:00:00+00:00,-1,TIME,78.30000000000003,-23.400000000000087,-25.400000000000087,-27.400000000000087,2010-05-03 13:25:00+00:00,2010
2010-05-04 09:00:00+00:00,2010-05-04 17:00:00+00:00,-1,TARGET,81.59999999999944,122.39999999999806,120.39999999999806,118.39999999999806,2010-05-04 03:50:00+00:00,2010
2010-05-13 06:00:00+00:00,2010-05-13 08:00:00+00:00,1,STOP,60.499999999998884,-60.499999999998884,-62.499999999998884,-64.49999999999889,2010-05-13 03:20:00+00:00,2010
2010-06-01 07:00:00+00:00,2010-06-01 08:00:00+00:00,-1,TARGET,81.8999999999992,122.84999999999879,120.84999999999879,118.84999999999879,2010-06-01 01:20:00+00:00,2010
2010-06-04 12:00:00+00:00,2010-06-07 00:00:00+00:00,-1,TIME,175.6000000000002,121.2000000000013,119.2000000000013,117.2000000000013,2010-06-04 02:05:00+00:00,2010
2010-06-09 12:00:00+00:00,2010-06-10 00:00:00+00:00,1,TIME,77.89999999999964,-7.500000000000284,-9.500000000000284,-11.500000000000284,2010-06-09 04:05:00+00:00,2010
2010-06-11 12:00:00+00:00,2010-06-11 15:00:00+00:00,1,STOP,73.39999999999903,-73.39999999999903,-75.39999999999903,-77.39999999999903,2010-06-11 01:10:00+00:00,2010
2010-06-15 07:00:00+00:00,2010-06-15 10:00:00+00:00,-1,STOP,93.60000000000035,-93.60000000000035,-95.60000000000035,-97.60000000000035,2010-06-15 05:00:00+00:00,2010
2010-06-17 10:00:00+00:00,2010-06-17 22:00:00+00:00,1,TIME,121.39999999999817,-6.799999999997919,-8.799999999997919,-10.799999999997919,2010-06-17 00:40:00+00:00,2010
2010-06-22 10:00:00+00:00,2010-06-22 22:00:00+00:00,-1,TIME,80.50000000000112,1.40000000000029,-0.5999999999997101,-2.59999999999971,2010-06-22 04:40:00+00:00,2010
2010-06-23 14:00:00+00:00,2010-06-23 18:00:00+00:00,-1,STOP,80.4999999999989,-80.4999999999989,-82.4999999999989,-84.4999999999989,2010-06-23 04:15:00+00:00,2010
2010-06-24 08:00:00+00:00,2010-06-24 15:00:00+00:00,-1,STOP,65.20000000000081,-65.20000000000081,-67.20000000000081,-69.20000000000081,2010-06-24 06:30:00+00:00,2010
2010-06-25 09:00:00+00:00,2010-06-25 17:00:00+00:00,-1,STOP,76.50000000000156,-76.50000000000156,-78.50000000000156,-80.50000000000156,2010-06-25 05:10:00+00:00,2010
2010-06-28 13:00:00+00:00,2010-06-29 01:00:00+00:00,-1,TIME,66.6000000000011,50.799999999999734,48.799999999999734,46.799999999999734,2010-06-28 04:20:00+00:00,2010
2010-06-29 07:00:00+00:00,2010-06-29 19:00:00+00:00,-1,TIME,80.8999999999993,29.90000000000048,27.90000000000048,25.90000000000048,2010-06-29 04:00:00+00:00,2010
2010-06-30 05:00:00+00:00,2010-06-30 17:00:00+00:00,1,TIME,72.00000000000095,33.69999999999873,31.69999999999873,29.69999999999873,2010-06-30 00:55:00+00:00,2010
2010-07-01 09:00:00+00:00,2010-07-01 14:00:00+00:00,1,TARGET,108.10000000000208,162.1500000000031,160.1500000000031,158.1500000000031,2010-07-01 06:25:00+00:00,2010
2010-07-02 13:00:00+00:00,2010-07-05 00:00:00+00:00,1,TIME,109.7999999999999,-38.000000000000256,-40.000000000000256,-42.000000000000256,2010-07-02 07:00:00+00:00,2010
2010-07-05 14:00:00+00:00,2010-07-06 02:00:00+00:00,-1,TIME,64.69999999999976,15.300000000000313,13.300000000000313,11.300000000000313,2010-07-05 03:40:00+00:00,2010
2010-07-08 20:00:00+00:00,2010-07-09 08:00:00+00:00,1,TIME,59.19999999999925,2.20000000000109,0.20000000000108997,-1.79999999999891,2010-07-08 12:05:00+00:00,2010
2010-07-13 01:00:00+00:00,2010-07-13 06:00:00+00:00,1,STOP,57.200000000001694,-57.200000000001694,-59.200000000001694,-61.200000000001694,2010-07-12 16:30:00+00:00,2010
2010-07-20 06:00:00+00:00,2010-07-20 09:00:00+00:00,1,STOP,57.19999999999947,-57.19999999999947,-59.19999999999947,-61.19999999999947,2010-07-19 20:20:00+00:00,2010
2010-07-21 10:00:00+00:00,2010-07-21 22:00:00+00:00,-1,TIME,98.79999999999889,71.4999999999999,69.4999999999999,67.4999999999999,2010-07-21 01:45:00+00:00,2010
2010-07-22 08:00:00+00:00,2010-07-22 14:00:00+00:00,1,TARGET,76.90000000000197,115.35000000000295,113.35000000000295,111.35000000000295,2010-07-22 06:35:00+00:00,2010
2010-07-23 09:00:00+00:00,2010-07-23 12:00:00+00:00,1,STOP,56.79999999999907,-56.79999999999907,-58.79999999999907,-60.79999999999907,2010-07-23 01:50:00+00:00,2010
2010-07-26 07:00:00+00:00,2010-07-26 08:00:00+00:00,1,STOP,58.20000000000158,-58.20000000000158,-60.20000000000158,-62.20000000000158,2010-07-26 06:30:00+00:00,2010
2010-07-27 12:00:00+00:00,2010-07-27 14:00:00+00:00,1,STOP,75.00000000000061,-75.00000000000061,-77.00000000000061,-79.00000000000061,2010-07-27 03:30:00+00:00,2010
2010-07-28 07:00:00+00:00,2010-07-28 19:00:00+00:00,1,TIME,57.000000000000384,-38.000000000000256,-40.000000000000256,-42.000000000000256,2010-07-28 03:25:00+00:00,2010
2010-07-29 07:00:00+00:00,2010-07-29 19:00:00+00:00,1,TIME,60.2999999999998,50.499999999999986,48.499999999999986,46.499999999999986,2010-07-29 03:00:00+00:00,2010
2010-07-30 01:00:00+00:00,2010-07-30 13:00:00+00:00,-1,TIME,52.90000000000017,22.699999999999942,20.699999999999942,18.699999999999942,2010-07-29 20:15:00+00:00,2010
2010-08-02 13:00:00+00:00,2010-08-03 01:00:00+00:00,1,TIME,69.6999999999992,65.20000000000081,63.20000000000081,61.20000000000081,2010-08-02 08:35:00+00:00,2010
2010-08-03 06:00:00+00:00,2010-08-03 07:00:00+00:00,-1,STOP,42.79999999999839,-42.79999999999839,-44.79999999999839,-46.79999999999839,2010-08-03 02:10:00+00:00,2010
2010-08-04 08:00:00+00:00,2010-08-04 14:00:00+00:00,-1,TARGET,42.29999999999956,63.45000000000045,61.45000000000045,59.45000000000045,2010-08-04 02:35:00+00:00,2010
2010-08-05 07:00:00+00:00,2010-08-05 09:00:00+00:00,-1,STOP,57.59999999999987,-57.59999999999987,-59.59999999999987,-61.59999999999987,2010-08-05 02:10:00+00:00,2010
2010-08-06 08:00:00+00:00,2010-08-06 12:00:00+00:00,1,TARGET,54.00000000000071,81.00000000000217,79.00000000000217,77.00000000000217,2010-08-06 03:55:00+00:00,2010
2010-08-09 11:00:00+00:00,2010-08-09 23:00:00+00:00,-1,TIME,56.2000000000018,32.09999999999935,30.099999999999348,28.099999999999348,2010-08-09 02:35:00+00:00,2010
2010-08-13 06:00:00+00:00,2010-08-13 10:00:00+00:00,1,STOP,51.70000000000119,-51.70000000000119,-53.70000000000119,-55.70000000000119,2010-08-13 03:40:00+00:00,2010
2010-08-17 06:00:00+00:00,2010-08-17 18:00:00+00:00,1,TIME,53.800000000001624,34.999999999998366,32.999999999998366,30.999999999998366,2010-08-17 02:45:00+00:00,2010
2010-08-20 09:00:00+00:00,2010-08-20 21:00:00+00:00,-1,TIME,85.60000000000123,47.8999999999985,45.8999999999985,43.8999999999985,2010-08-20 03:50:00+00:00,2010
2010-08-23 15:00:00+00:00,2010-08-24 03:00:00+00:00,-1,TIME,68.79999999999997,17.899999999999583,15.899999999999583,13.899999999999583,2010-08-23 03:30:00+00:00,2010
2010-08-24 10:00:00+00:00,2010-08-24 14:00:00+00:00,-1,STOP,62.59999999999932,-62.59999999999932,-64.59999999999931,-66.59999999999931,2010-08-24 07:40:00+00:00,2010
2010-08-30 10:00:00+00:00,2010-08-30 22:00:00+00:00,-1,TIME,62.89999999999907,55.79999999999918,53.79999999999918,51.79999999999918,2010-08-30 03:05:00+00:00,2010
2010-08-31 10:00:00+00:00,2010-08-31 22:00:00+00:00,1,TIME,61.19999999999903,-4.699999999999704,-6.699999999999704,-8.699999999999704,2010-08-31 04:20:00+00:00,2010
2010-09-01 06:00:00+00:00,2010-09-01 09:00:00+00:00,1,TARGET,54.39999999999889,81.59999999999944,79.59999999999944,77.59999999999944,2010-09-01 04:00:00+00:00,2010
2010-09-02 04:00:00+00:00,2010-09-02 12:00:00+00:00,-1,STOP,54.80000000000151,-54.80000000000151,-56.80000000000151,-58.80000000000151,2010-09-02 02:05:00+00:00,2010
2010-09-03 10:00:00+00:00,2010-09-03 22:00:00+00:00,1,TIME,45.100000000000136,55.70000000000075,53.70000000000075,51.70000000000075,2010-09-03 00:50:00+00:00,2010
2010-09-06 06:00:00+00:00,2010-09-06 18:00:00+00:00,1,TIME,51.399999999999224,-30.600000000000627,-32.60000000000063,-34.60000000000063,2010-09-06 01:30:00+00:00,2010
2010-09-07 00:00:00+00:00,2010-09-07 12:00:00+00:00,-1,TIME,96.00000000000053,65.59999999999899,63.599999999998985,61.599999999998985,2010-09-06 19:25:00+00:00,2010
2010-09-08 06:00:00+00:00,2010-09-08 08:00:00+00:00,1,STOP,43.400000000000105,-43.400000000000105,-45.400000000000105,-47.400000000000105,2010-09-08 05:45:00+00:00,2010
2010-09-14 08:00:00+00:00,2010-09-14 09:00:00+00:00,1,STOP,57.899999999999615,-57.899999999999615,-59.899999999999615,-61.899999999999615,2010-09-14 02:30:00+00:00,2010
2010-09-16 09:00:00+00:00,2010-09-16 21:00:00+00:00,1,TIME,81.2999999999997,23.200000000000998,21.200000000000998,19.200000000000998,2010-09-16 03:10:00+00:00,2010
2010-09-17 05:00:00+00:00,2010-09-17 11:00:00+00:00,1,STOP,64.90000000000107,-64.90000000000107,-66.90000000000107,-68.90000000000107,2010-09-17 02:30:00+00:00,2010
2010-09-20 07:00:00+00:00,2010-09-20 19:00:00+00:00,1,TIME,69.90000000000052,-40.70000000000018,-42.70000000000018,-44.70000000000018,2010-09-20 02:40:00+00:00,2010
2010-09-21 09:00:00+00:00,2010-09-21 18:00:00+00:00,1,TARGET,85.60000000000123,128.40000000000185,126.40000000000185,124.40000000000185,2010-09-21 01:55:00+00:00,2010
2010-09-23 09:00:00+00:00,2010-09-23 21:00:00+00:00,-1,TIME,76.8000000000013,24.100000000000232,22.100000000000232,20.100000000000232,2010-09-23 05:35:00+00:00,2010
2010-09-27 09:00:00+00:00,2010-09-27 12:00:00+00:00,-1,STOP,50.99999999999882,-50.99999999999882,-52.99999999999882,-54.99999999999882,2010-09-27 01:40:00+00:00,2010
2010-09-29 07:00:00+00:00,2010-09-29 19:00:00+00:00,1,TIME,60.99999999999994,26.000000000001577,24.000000000001577,22.000000000001577,2010-09-29 03:20:00+00:00,2010
2010-10-04 08:00:00+00:00,2010-10-04 20:00:00+00:00,-1,TIME,58.59999999999976,47.20000000000057,45.20000000000057,43.20000000000057,2010-10-04 05:05:00+00:00,2010
2010-10-06 10:00:00+00:00,2010-10-06 11:00:00+00:00,1,STOP,47.900000000000716,-47.900000000000716,-49.900000000000716,-51.900000000000716,2010-10-06 02:45:00+00:00,2010
2010-10-07 07:00:00+00:00,2010-10-07 16:00:00+00:00,1,STOP,79.70000000000032,-79.70000000000032,-81.70000000000032,-83.70000000000032,2010-10-07 04:25:00+00:00,2010
2010-10-29 05:00:00+00:00,2010-10-29 17:00:00+00:00,-1,TIME,63.99999999999961,-28.799999999999937,-30.799999999999937,-32.79999999999994,2010-10-29 02:50:00+00:00,2010
2010-11-02 06:00:00+00:00,2010-11-02 12:00:00+00:00,1,TARGET,69.39999999999947,104.10000000000029,102.10000000000029,100.10000000000029,2010-11-02 02:00:00+00:00,2010
2010-11-04 09:00:00+00:00,2010-11-04 21:00:00+00:00,1,TIME,118.40000000000072,1.100000000000545,-0.899999999999455,-2.899999999999455,2010-11-04 06:55:00+00:00,2010
2010-11-05 10:00:00+00:00,2010-11-05 12:00:00+00:00,-1,TARGET,79.29999999999993,118.94999999999989,116.94999999999989,114.94999999999989,2010-11-05 03:20:00+00:00,2010
2010-11-09 00:00:00+00:00,2010-11-09 11:00:00+00:00,-1,STOP,90.09999999999962,-90.09999999999962,-92.09999999999962,-94.09999999999962,2010-11-08 21:00:00+00:00,2010
2010-11-10 10:00:00+00:00,2010-11-10 14:00:00+00:00,1,STOP,73.60000000000034,-73.60000000000034,-75.60000000000034,-77.60000000000034,2010-11-10 08:15:00+00:00,2010
2010-11-17 10:00:00+00:00,2010-11-17 22:00:00+00:00,1,TIME,76.19999999999959,5.60000000000116,3.6000000000011596,1.6000000000011596,2010-11-17 05:10:00+00:00,2010
2010-11-18 04:00:00+00:00,2010-11-18 16:00:00+00:00,1,TIME,79.90000000000163,16.199999999999548,14.199999999999548,12.199999999999548,2010-11-18 02:20:00+00:00,2010
2010-11-19 07:00:00+00:00,2010-11-19 19:00:00+00:00,1,TIME,78.69999999999821,-15.899999999999803,-17.899999999999803,-19.899999999999803,2010-11-19 04:25:00+00:00,2010
2010-11-24 09:00:00+00:00,2010-11-24 21:00:00+00:00,-1,TIME,88.99999999999908,7.900000000000684,5.900000000000684,3.9000000000006843,2010-11-24 04:05:00+00:00,2010
2010-11-25 10:00:00+00:00,2010-11-25 15:00:00+00:00,-1,STOP,76.19999999999959,-76.19999999999959,-78.19999999999959,-80.19999999999959,2010-11-25 04:45:00+00:00,2010
2010-11-26 06:00:00+00:00,2010-11-26 18:00:00+00:00,-1,TIME,74.89999999999996,67.20000000000059,65.20000000000059,63.200000000000585,2010-11-26 01:35:00+00:00,2010
2010-11-29 08:00:00+00:00,2010-11-29 11:00:00+00:00,1,STOP,115.20000000000196,-115.20000000000196,-117.20000000000196,-119.20000000000196,2010-11-29 03:35:00+00:00,2010
2010-12-01 08:00:00+00:00,2010-12-01 16:00:00+00:00,1,TARGET,74.80000000000153,112.20000000000229,110.20000000000229,108.20000000000229,2010-12-01 06:05:00+00:00,2010
2010-12-02 08:00:00+00:00,2010-12-02 13:00:00+00:00,1,STOP,73.19999999999993,-73.19999999999993,-75.19999999999993,-77.19999999999993,2010-12-02 05:40:00+00:00,2010
2010-12-03 11:00:00+00:00,2010-12-03 15:00:00+00:00,1,TARGET,76.50000000000156,114.75000000000345,112.75000000000345,110.75000000000345,2010-12-03 04:20:00+00:00,2010
2010-12-10 07:00:00+00:00,2010-12-10 15:00:00+00:00,1,STOP,71.89999999999807,-71.89999999999807,-73.89999999999807,-75.89999999999807,2010-12-10 04:35:00+00:00,2010
2010-12-13 12:00:00+00:00,2010-12-13 18:00:00+00:00,1,TARGET,99.40000000000059,149.09999999999977,147.09999999999977,145.09999999999977,2010-12-13 01:25:00+00:00,2010
2010-12-14 08:00:00+00:00,2010-12-14 15:00:00+00:00,1,STOP,81.80000000000075,-81.80000000000075,-83.80000000000075,-85.80000000000075,2010-12-14 03:55:00+00:00,2010
2010-12-16 16:00:00+00:00,2010-12-17 01:00:00+00:00,-1,STOP,77.50000000000145,-77.50000000000145,-79.50000000000145,-81.50000000000145,2010-12-16 06:05:00+00:00,2010
2010-12-22 15:00:00+00:00,2010-12-23 03:00:00+00:00,-1,TIME,90.50000000000001,-20.999999999999908,-22.999999999999908,-24.999999999999908,2010-12-22 12:55:00+00:00,2010
2010-12-23 14:00:00+00:00,2010-12-24 02:00:00+00:00,-1,TIME,73.39999999999903,-59.299999999999905,-61.299999999999905,-63.299999999999905,2010-12-23 06:25:00+00:00,2010
2010-12-24 08:00:00+00:00,2010-12-24 20:00:00+00:00,1,TIME,44.599999999999085,-22.299999999999542,-24.299999999999542,-26.299999999999542,2010-12-24 04:20:00+00:00,2010
2010-12-28 00:00:00+00:00,2010-12-28 12:00:00+00:00,1,TIME,77.59999999999988,78.600000000002,76.600000000002,74.600000000002,2010-12-27 14:10:00+00:00,2010
2010-12-29 08:00:00+00:00,2010-12-29 18:00:00+00:00,1,TARGET,58.00000000000027,87.00000000000152,85.00000000000152,83.00000000000152,2010-12-29 04:00:00+00:00,2010
2010-12-30 13:00:00+00:00,2010-12-31 01:00:00+00:00,1,TIME,61.299999999999685,31.49999999999986,29.49999999999986,27.49999999999986,2010-12-30 06:05:00+00:00,2010
2010-12-31 07:00:00+00:00,2010-12-31 19:00:00+00:00,1,TIME,117.59999999999992,-23.500000000000743,-25.500000000000743,-27.500000000000743,2010-12-31 05:45:00+00:00,2010
2011-01-04 10:00:00+00:00,2011-01-04 15:00:00+00:00,1,STOP,76.30000000000025,-76.30000000000025,-78.30000000000025,-80.30000000000025,2011-01-04 06:55:00+00:00,2011
2011-01-06 08:00:00+00:00,2011-01-06 16:00:00+00:00,-1,TARGET,71.10000000000171,106.65000000000146,104.65000000000146,102.65000000000146,2011-01-06 06:00:00+00:00,2011
2011-01-07 12:00:00+00:00,2011-01-10 00:00:00+00:00,-1,TIME,57.899999999999615,77.20000000000171,75.20000000000171,73.20000000000171,2011-01-07 05:00:00+00:00,2011
2011-01-10 16:00:00+00:00,2011-01-11 04:00:00+00:00,1,TIME,54.799999999999294,4.999999999999449,2.9999999999994493,0.9999999999994493,2011-01-10 06:50:00+00:00,2011
2011-01-12 10:00:00+00:00,2011-01-12 19:00:00+00:00,1,TARGET,71.79999999999964,107.69999999999946,105.69999999999946,103.69999999999946,2011-01-12 07:40:00+00:00,2011
2011-01-13 09:00:00+00:00,2011-01-13 13:00:00+00:00,1,TARGET,54.400000000001114,81.60000000000167,79.60000000000167,77.60000000000167,2011-01-13 06:05:00+00:00,2011
2011-01-14 08:00:00+00:00,2011-01-14 12:00:00+00:00,1,STOP,72.39999999999912,-72.39999999999912,-74.39999999999912,-76.39999999999912,2011-01-14 05:35:00+00:00,2011
2011-01-18 05:00:00+00:00,2011-01-18 09:00:00+00:00,1,TARGET,62.100000000000485,93.14999999999962,91.14999999999962,89.14999999999962,2011-01-18 03:00:00+00:00,2011
2011-01-24 12:00:00+00:00,2011-01-24 14:00:00+00:00,-1,STOP,70.00000000000117,-70.00000000000117,-72.00000000000117,-74.00000000000117,2011-01-24 03:50:00+00:00,2011
2011-01-26 10:00:00+00:00,2011-01-26 15:00:00+00:00,1,STOP,64.80000000000041,-64.80000000000041,-66.80000000000041,-68.80000000000041,2011-01-26 06:45:00+00:00,2011
2011-01-28 14:00:00+00:00,2011-01-28 15:00:00+00:00,-1,TARGET,49.29999999999879,73.94999999999818,71.94999999999818,69.94999999999818,2011-01-28 05:20:00+00:00,2011
2011-01-31 08:00:00+00:00,2011-01-31 12:00:00+00:00,1,TARGET,52.200000000000024,78.30000000000003,76.30000000000003,74.30000000000003,2011-01-31 04:40:00+00:00,2011
2011-02-02 12:00:00+00:00,2011-02-03 00:00:00+00:00,-1,TIME,59.59999999999965,-14.099999999999113,-16.099999999999113,-18.099999999999113,2011-02-02 05:15:00+00:00,2011
2011-02-03 12:00:00+00:00,2011-02-03 13:00:00+00:00,-1,TARGET,57.59999999999987,86.3999999999998,84.3999999999998,82.3999999999998,2011-02-03 03:50:00+00:00,2011
2011-02-04 14:00:00+00:00,2011-02-07 00:00:00+00:00,-1,TIME,79.79999999999876,9.300000000000974,7.300000000000974,5.300000000000974,2011-02-04 02:45:00+00:00,2011
2011-02-07 12:00:00+00:00,2011-02-08 00:00:00+00:00,-1,TIME,78.80000000000109,-47.699999999999406,-49.699999999999406,-51.699999999999406,2011-02-07 04:30:00+00:00,2011
2011-02-09 14:00:00+00:00,2011-02-10 02:00:00+00:00,1,TIME,57.59999999999987,43.999999999999595,41.999999999999595,39.999999999999595,2011-02-09 06:05:00+00:00,2011
2011-02-10 06:00:00+00:00,2011-02-10 13:00:00+00:00,-1,TARGET,55.099999999999035,82.64999999999745,80.64999999999745,78.64999999999745,2011-02-10 05:10:00+00:00,2011
2011-02-15 08:00:00+00:00,2011-02-15 09:00:00+00:00,-1,STOP,57.59999999999987,-57.59999999999987,-59.59999999999987,-61.59999999999987,2011-02-15 05:05:00+00:00,2011
2011-02-18 10:00:00+00:00,2011-02-18 13:00:00+00:00,-1,STOP,56.09999999999893,-56.09999999999893,-58.09999999999893,-60.09999999999893,2011-02-18 02:40:00+00:00,2011
2011-02-21 15:00:00+00:00,2011-02-22 03:00:00+00:00,-1,TARGET,52.69999999999886,79.04999999999828,77.04999999999828,75.04999999999828,2011-02-21 04:45:00+00:00,2011
2011-02-24 08:00:00+00:00,2011-02-24 09:00:00+00:00,-1,STOP,76.00000000000051,-76.00000000000051,-78.00000000000051,-80.00000000000051,2011-02-24 03:35:00+00:00,2011
2011-02-25 11:00:00+00:00,2011-02-25 23:00:00+00:00,-1,TIME,57.70000000000053,27.099999999999902,25.099999999999902,23.099999999999902,2011-02-25 05:50:00+00:00,2011
2011-03-01 09:00:00+00:00,2011-03-01 19:00:00+00:00,1,STOP,56.400000000000894,-56.400000000000894,-58.400000000000894,-60.400000000000894,2011-03-01 03:40:00+00:00,2011
2011-03-02 10:00:00+00:00,2011-03-02 14:00:00+00:00,1,TARGET,48.599999999998644,72.89999999999796,70.89999999999796,68.89999999999796,2011-03-02 07:35:00+00:00,2011
2011-03-03 14:00:00+00:00,2011-03-04 02:00:00+00:00,1,TIME,120.8000000000009,-6.6000000000010495,-8.60000000000105,-10.60000000000105,2011-03-03 02:30:00+00:00,2011
2011-03-07 10:00:00+00:00,2011-03-07 18:00:00+00:00,1,STOP,68.20000000000049,-68.20000000000049,-70.20000000000049,-72.20000000000049,2011-03-07 03:10:00+00:00,2011
2011-03-08 08:00:00+00:00,2011-03-08 14:00:00+00:00,-1,TARGET,45.399999999999885,68.09999999999982,66.09999999999982,64.09999999999982,2011-03-08 04:15:00+00:00,2011
2011-03-09 09:00:00+00:00,2011-03-09 11:00:00+00:00,-1,STOP,49.600000000000755,-49.600000000000755,-51.600000000000755,-53.600000000000755,2011-03-09 03:15:00+00:00,2011
2011-03-16 10:00:00+00:00,2011-03-16 17:00:00+00:00,-1,TARGET,43.600000000001415,65.40000000000212,63.40000000000212,61.40000000000212,2011-03-16 07:20:00+00:00,2011
2011-03-21 13:00:00+00:00,2011-03-22 01:00:00+00:00,1,TIME,51.40000000000144,27.29999999999899,25.29999999999899,23.29999999999899,2011-03-21 04:00:00+00:00,2011
2011-03-22 11:00:00+00:00,2011-03-22 13:00:00+00:00,1,STOP,48.00000000000137,-48.00000000000137,-50.00000000000137,-52.00000000000137,2011-03-22 04:15:00+00:00,2011
2011-03-25 09:00:00+00:00,2011-03-25 16:00:00+00:00,-1,TARGET,47.80000000000006,71.69999999999898,69.69999999999898,67.69999999999898,2011-03-25 04:50:00+00:00,2011
2011-03-29 06:00:00+00:00,2011-03-29 11:00:00+00:00,1,STOP,52.499999999999766,-52.499999999999766,-54.499999999999766,-56.499999999999766,2011-03-29 03:15:00+00:00,2011
2011-03-31 06:00:00+00:00,2011-03-31 08:00:00+00:00,1,TARGET,37.59999999999985,56.400000000000894,54.400000000000894,52.400000000000894,2011-03-31 04:25:00+00:00,2011
2011-04-01 11:00:00+00:00,2011-04-01 13:00:00+00:00,-1,TARGET,50.00000000000115,75.00000000000284,73.00000000000284,71.00000000000284,2011-04-01 07:45:00+00:00,2011
2011-04-05 07:00:00+00:00,2011-04-05 16:00:00+00:00,-1,STOP,47.399999999999665,-47.399999999999665,-49.399999999999665,-51.399999999999665,2011-04-05 03:20:00+00:00,2011
2011-04-07 03:00:00+00:00,2011-04-07 15:00:00+00:00,-1,TIME,45.29999999999923,14.700000000000824,12.700000000000824,10.700000000000824,2011-04-07 02:15:00+00:00,2011
2011-04-11 12:00:00+00:00,2011-04-12 00:00:00+00:00,-1,TIME,46.10000000000003,15.500000000001624,13.500000000001624,11.500000000001624,2011-04-11 08:55:00+00:00,2011
2011-04-13 07:00:00+00:00,2011-04-13 16:00:00+00:00,1,STOP,58.39999999999845,-58.39999999999845,-60.39999999999845,-62.39999999999845,2011-04-13 04:00:00+00:00,2011
2011-04-15 10:00:00+00:00,2011-04-15 22:00:00+00:00,-1,TIME,46.800000000000175,28.900000000000592,26.900000000000592,24.900000000000592,2011-04-15 04:05:00+00:00,2011
2011-04-19 08:00:00+00:00,2011-04-19 16:00:00+00:00,1,TARGET,52.80000000000173,79.20000000000148,77.20000000000148,75.20000000000148,2011-04-19 03:35:00+00:00,2011
2011-04-22 06:00:00+00:00,2011-04-22 18:00:00+00:00,1,TIME,50.3000000000009,-31.000000000001027,-33.00000000000102,-35.00000000000102,2011-04-22 05:00:00+00:00,2011
2011-04-27 15:00:00+00:00,2011-04-27 16:00:00+00:00,-1,STOP,55.600000000000094,-55.600000000000094,-57.600000000000094,-59.600000000000094,2011-04-27 13:40:00+00:00,2011
2011-04-29 09:00:00+00:00,2011-04-29 20:00:00+00:00,1,STOP,54.100000000001366,-54.100000000001366,-56.100000000001366,-58.100000000001366,2011-04-29 05:45:00+00:00,2011
2011-05-11 12:00:00+00:00,2011-05-11 15:00:00+00:00,-1,TARGET,60.2999999999998,90.44999999999969,88.44999999999969,86.44999999999969,2011-05-11 06:35:00+00:00,2011
2011-05-12 10:00:00+00:00,2011-05-12 15:00:00+00:00,-1,STOP,84.40000000000002,-84.40000000000002,-86.40000000000002,-88.40000000000002,2011-05-12 06:35:00+00:00,2011
2011-05-18 13:00:00+00:00,2011-05-19 01:00:00+00:00,-1,STOP,71.69999999999898,-71.69999999999898,-73.69999999999898,-75.69999999999898,2011-05-18 08:15:00+00:00,2011
2011-05-20 08:00:00+00:00,2011-05-20 10:00:00+00:00,1,STOP,54.499999999999545,-54.499999999999545,-56.499999999999545,-58.499999999999545,2011-05-20 04:25:00+00:00,2011
2011-05-25 01:00:00+00:00,2011-05-25 13:00:00+00:00,-1,TIME,60.100000000000705,-0.8000000000008001,-2.8000000000008,-4.8000000000008,2011-05-24 23:35:00+00:00,2011
2011-05-31 23:00:00+00:00,2011-06-01 11:00:00+00:00,1,TIME,60.80000000000085,-30.300000000000882,-32.30000000000088,-34.30000000000088,2011-05-31 12:30:00+00:00,2011
2011-06-03 14:00:00+00:00,2011-06-06 00:00:00+00:00,1,TIME,85.39999999999992,111.30000000000084,109.30000000000084,107.30000000000084,2011-06-03 04:50:00+00:00,2011
2011-06-07 07:00:00+00:00,2011-06-07 19:00:00+00:00,1,TIME,86.20000000000071,50.499999999999986,48.499999999999986,46.499999999999986,2011-06-07 04:05:00+00:00,2011
2011-06-09 13:00:00+00:00,2011-06-10 01:00:00+00:00,-1,TIME,112.59999999999825,-3.4000000000000696,-5.40000000000007,-7.40000000000007,2011-06-09 10:15:00+00:00,2011
2011-06-10 05:00:00+00:00,2011-06-10 14:00:00+00:00,-1,TARGET,63.60000000000143,95.40000000000103,93.40000000000103,91.40000000000103,2011-06-10 01:45:00+00:00,2011
2011-06-16 05:00:00+00:00,2011-06-16 17:00:00+00:00,-1,TIME,80.40000000000046,-32.09999999999935,-34.09999999999935,-36.09999999999935,2011-06-16 04:20:00+00:00,2011
2011-06-24 08:00:00+00:00,2011-06-24 08:00:00+00:00,-1,STOP,69.79999999999986,-69.79999999999986,-71.79999999999986,-73.79999999999986,2011-06-24 07:10:00+00:00,2011
2011-06-29 10:00:00+00:00,2011-06-29 22:00:00+00:00,1,TIME,67.29999999999903,28.600000000000847,26.600000000000847,24.600000000000847,2011-06-29 02:10:00+00:00,2011
2011-07-01 07:00:00+00:00,2011-07-01 13:00:00+00:00,1,STOP,69.20000000000037,-69.20000000000037,-71.20000000000037,-73.20000000000037,2011-07-01 04:20:00+00:00,2011
2011-07-04 12:00:00+00:00,2011-07-05 00:00:00+00:00,-1,TIME,69.59999999999854,-43.10000000000036,-45.10000000000036,-47.10000000000036,2011-07-04 07:00:00+00:00,2011
2011-07-05 19:00:00+00:00,2011-07-06 07:00:00+00:00,-1,TIME,93.80000000000166,-12.800000000001699,-14.800000000001699,-16.8000000000017,2011-07-05 13:35:00+00:00,2011
2011-07-07 07:00:00+00:00,2011-07-07 07:00:00+00:00,1,STOP,56.30000000000024,-56.30000000000024,-58.30000000000024,-60.30000000000024,2011-07-06 22:55:00+00:00,2011
2011-07-08 08:00:00+00:00,2011-07-08 09:00:00+00:00,-1,TARGET,55.899999999999835,83.85000000000086,81.85000000000086,79.85000000000086,2011-07-08 02:05:00+00:00,2011
2011-07-20 07:00:00+00:00,2011-07-20 19:00:00+00:00,1,TIME,77.10000000000105,36.09999999999891,34.09999999999891,32.09999999999891,2011-07-20 06:25:00+00:00,2011
2011-07-22 13:00:00+00:00,2011-07-25 00:00:00+00:00,-1,TIME,75.00000000000061,-4.300000000001525,-6.300000000001525,-8.300000000001525,2011-07-22 07:55:00+00:00,2011
2011-07-25 02:00:00+00:00,2011-07-25 14:00:00+00:00,1,TIME,76.89999999999974,-55.49999999999944,-57.49999999999944,-59.49999999999944,2011-07-25 00:20:00+00:00,2011
2011-07-27 11:00:00+00:00,2011-07-27 16:00:00+00:00,-1,TARGET,72.3000000000007,108.45000000000215,106.45000000000215,104.45000000000215,2011-07-27 02:30:00+00:00,2011
2011-07-28 10:00:00+00:00,2011-07-28 22:00:00+00:00,-1,TIME,89.60000000000079,-27.999999999999137,-29.999999999999137,-31.999999999999137,2011-07-28 02:55:00+00:00,2011
2011-07-29 04:00:00+00:00,2011-07-29 06:00:00+00:00,1,STOP,61.59999999999943,-61.59999999999943,-63.59999999999943,-65.59999999999943,2011-07-29 01:55:00+00:00,2011
2011-08-01 07:00:00+00:00,2011-08-01 13:00:00+00:00,1,STOP,64.50000000000067,-64.50000000000067,-66.50000000000067,-68.50000000000067,2011-08-01 03:25:00+00:00,2011
2011-08-02 07:00:00+00:00,2011-08-02 14:00:00+00:00,-1,STOP,95.70000000000078,-95.70000000000078,-97.70000000000078,-99.70000000000078,2011-08-02 04:50:00+00:00,2011
2011-08-03 08:00:00+00:00,2011-08-03 20:00:00+00:00,1,TIME,79.80000000000098,77.19999999999949,75.19999999999949,73.19999999999949,2011-08-03 04:35:00+00:00,2011
2011-08-15 13:00:00+00:00,2011-08-16 01:00:00+00:00,1,TIME,105.20000000000084,72.00000000000095,70.00000000000095,68.00000000000095,2011-08-15 12:00:00+00:00,2011
2011-08-16 06:00:00+00:00,2011-08-16 18:00:00+00:00,-1,TIME,64.50000000000067,0.700000000000145,-1.299999999999855,-3.299999999999855,2011-08-16 01:45:00+00:00,2011
2011-08-17 10:00:00+00:00,2011-08-17 22:00:00+00:00,1,TIME,79.09999999999862,-6.499999999998174,-8.499999999998174,-10.499999999998174,2011-08-17 06:10:00+00:00,2011
2011-08-18 11:00:00+00:00,2011-08-18 23:00:00+00:00,-1,TIME,83.90000000000119,52.200000000000024,50.200000000000024,48.200000000000024,2011-08-18 03:15:00+00:00,2011
2011-08-19 08:00:00+00:00,2011-08-19 11:00:00+00:00,-1,STOP,67.09999999999994,-67.09999999999994,-69.09999999999994,-71.09999999999994,2011-08-19 02:50:00+00:00,2011
2011-08-22 07:00:00+00:00,2011-08-22 10:00:00+00:00,-1,STOP,72.99999999999862,-72.99999999999862,-74.99999999999862,-76.99999999999862,2011-08-22 02:55:00+00:00,2011
2011-08-23 08:00:00+00:00,2011-08-23 20:00:00+00:00,1,TIME,112.00000000000098,-24.700000000001943,-26.700000000001943,-28.700000000001943,2011-08-23 01:35:00+00:00,2011
2011-08-24 10:00:00+00:00,2011-08-24 22:00:00+00:00,1,TIME,89.39999999999948,-58.30000000000002,-60.30000000000002,-62.30000000000002,2011-08-24 01:25:00+00:00,2011
2011-08-25 08:00:00+00:00,2011-08-25 14:00:00+00:00,1,STOP,65.29999999999924,-65.29999999999924,-67.29999999999924,-69.29999999999924,2011-08-25 02:35:00+00:00,2011
2011-08-26 06:00:00+00:00,2011-08-26 14:00:00+00:00,1,STOP,69.99999999999895,-69.99999999999895,-71.99999999999895,-73.99999999999895,2011-08-26 03:15:00+00:00,2011
2011-08-29 06:00:00+00:00,2011-08-29 18:00:00+00:00,1,TIME,102.40000000000026,-42.10000000000047,-44.10000000000047,-46.10000000000047,2011-08-29 03:45:00+00:00,2011
2011-09-01 08:00:00+00:00,2011-09-01 20:00:00+00:00,-1,TIME,115.79999999999923,32.30000000000066,30.300000000000658,28.300000000000658,2011-09-01 03:45:00+00:00,2011
2011-09-02 07:00:00+00:00,2011-09-02 19:00:00+00:00,-1,TIME,57.79999999999896,52.60000000000042,50.60000000000042,48.60000000000042,2011-09-02 02:55:00+00:00,2011
2011-09-06 06:00:00+00:00,2011-09-06 08:00:00+00:00,-1,STOP,74.39999999999891,-74.39999999999891,-76.39999999999891,-78.39999999999891,2011-09-06 01:30:00+00:00,2011
2011-09-08 12:00:00+00:00,2011-09-08 16:00:00+00:00,-1,TARGET,66.8000000000002,100.2000000000014,98.2000000000014,96.2000000000014,2011-09-08 03:05:00+00:00,2011
2011-09-09 09:00:00+00:00,2011-09-09 13:00:00+00:00,-1,TARGET,83.40000000000013,125.10000000000021,123.10000000000021,121.10000000000021,2011-09-09 05:35:00+00:00,2011
2011-09-15 09:00:00+00:00,2011-09-15 13:00:00+00:00,1,TARGET,69.10000000000194,103.65000000000401,101.65000000000401,99.65000000000401,2011-09-15 07:45:00+00:00,2011
2011-09-16 08:00:00+00:00,2011-09-16 20:00:00+00:00,-1,TIME,100.99999999999997,0.30000000000196536,-1.6999999999980346,-3.6999999999980346,2011-09-16 02:40:00+00:00,2011
2011-09-21 12:00:00+00:00,2011-09-21 15:00:00+00:00,-1,STOP,74.30000000000047,-74.30000000000047,-76.30000000000047,-78.30000000000047,2011-09-21 02:15:00+00:00,2011
2011-10-03 13:00:00+00:00,2011-10-03 18:00:00+00:00,-1,TARGET,71.20000000000014,106.80000000000022,104.80000000000022,102.80000000000022,2011-10-03 12:00:00+00:00,2011
2011-10-04 08:00:00+00:00,2011-10-04 14:00:00+00:00,-1,STOP,77.59999999999988,-77.59999999999988,-79.59999999999988,-81.59999999999988,2011-10-04 06:25:00+00:00,2011
2011-10-06 12:00:00+00:00,2011-10-06 14:00:00+00:00,-1,STOP,94.60000000000024,-94.60000000000024,-96.60000000000024,-98.60000000000024,2011-10-06 04:50:00+00:00,2011
2011-10-07 13:00:00+00:00,2011-10-07 16:00:00+00:00,1,STOP,93.79999999999943,-93.79999999999943,-95.79999999999943,-97.79999999999943,2011-10-07 02:25:00+00:00,2011
2011-10-11 09:00:00+00:00,2011-10-11 21:00:00+00:00,-1,TIME,98.19999999999939,-46.500000000000426,-48.500000000000426,-50.500000000000426,2011-10-11 04:20:00+00:00,2011
2011-10-13 09:00:00+00:00,2011-10-13 21:00:00+00:00,-1,TIME,98.30000000000005,-41.70000000000007,-43.70000000000007,-45.70000000000007,2011-10-13 01:55:00+00:00,2011
2011-10-17 11:00:00+00:00,2011-10-17 23:00:00+00:00,-1,TIME,98.0000000000003,53.10000000000148,51.10000000000148,49.10000000000148,2011-10-17 01:15:00+00:00,2011
2011-10-18 08:00:00+00:00,2011-10-18 19:00:00+00:00,-1,STOP,77.09999999999883,-77.09999999999883,-79.09999999999883,-81.09999999999883,2011-10-18 01:35:00+00:00,2011
2011-10-20 03:00:00+00:00,2011-10-20 09:00:00+00:00,-1,STOP,72.90000000000019,-72.90000000000019,-74.90000000000019,-76.90000000000019,2011-10-20 02:35:00+00:00,2011
2011-10-21 12:00:00+00:00,2011-10-24 00:00:00+00:00,1,TIME,79.80000000000098,40.50000000000109,38.50000000000109,36.50000000000109,2011-10-21 06:25:00+00:00,2011
2011-10-24 06:00:00+00:00,2011-10-24 10:00:00+00:00,1,STOP,104.69999999999979,-104.69999999999979,-106.69999999999979,-108.69999999999979,2011-10-24 01:00:00+00:00,2011
2011-10-28 11:00:00+00:00,2011-10-28 23:00:00+00:00,-1,TIME,77.30000000000014,12.600000000000389,10.600000000000389,8.600000000000389,2011-10-28 06:10:00+00:00,2011
2011-11-04 14:00:00+00:00,2011-11-07 00:00:00+00:00,-1,TIME,123.40000000000018,-57.49999999999922,-59.49999999999922,-61.49999999999922,2011-11-04 04:55:00+00:00,2011
2011-11-07 08:00:00+00:00,2011-11-07 14:00:00+00:00,-1,STOP,77.0000000000004,-77.0000000000004,-79.0000000000004,-81.0000000000004,2011-11-07 03:25:00+00:00,2011
2011-11-08 15:00:00+00:00,2011-11-09 03:00:00+00:00,1,TIME,108.70000000000157,0.1999999999990898,-1.8000000000009102,-3.80000000000091,2011-11-08 03:15:00+00:00,2011
2011-11-09 10:00:00+00:00,2011-11-09 22:00:00+00:00,-1,TIME,152.2000000000001,162.9999999999998,160.9999999999998,158.9999999999998,2011-11-09 06:40:00+00:00,2011
2011-11-10 07:00:00+00:00,2011-11-10 09:00:00+00:00,-1,STOP,79.00000000000017,-79.00000000000017,-81.00000000000017,-83.00000000000017,2011-11-10 06:30:00+00:00,2011
2011-11-11 09:00:00+00:00,2011-11-11 16:00:00+00:00,1,TARGET,88.19999999999827,132.29999999999632,130.29999999999632,128.29999999999632,2011-11-11 03:40:00+00:00,2011
2011-11-14 10:00:00+00:00,2011-11-14 22:00:00+00:00,-1,TIME,95.79999999999922,66.59999999999889,64.59999999999889,62.599999999998886,2011-11-14 03:40:00+00:00,2011
2011-11-15 07:00:00+00:00,2011-11-15 19:00:00+00:00,-1,TIME,69.30000000000102,39.09999999999858,37.09999999999858,35.09999999999858,2011-11-15 01:55:00+00:00,2011
2011-11-18 08:00:00+00:00,2011-11-18 20:00:00+00:00,1,TIME,69.19999999999816,-1.4999999999987246,-3.4999999999987246,-5.499999999998725,2011-11-18 05:05:00+00:00,2011
2011-11-21 08:00:00+00:00,2011-11-21 20:00:00+00:00,-1,TIME,70.40000000000157,-2.20000000000109,-4.20000000000109,-6.20000000000109,2011-11-21 02:35:00+00:00,2011
2011-11-22 11:00:00+00:00,2011-11-22 23:00:00+00:00,1,TIME,70.60000000000066,-25.500000000000522,-27.500000000000522,-29.500000000000522,2011-11-22 04:10:00+00:00,2011
2011-11-23 02:00:00+00:00,2011-11-23 14:00:00+00:00,-1,TIME,76.19999999999959,77.70000000000054,75.70000000000054,73.70000000000054,2011-11-23 01:00:00+00:00,2011
2011-11-24 04:00:00+00:00,2011-11-24 14:00:00+00:00,1,STOP,60.40000000000045,-60.40000000000045,-62.40000000000045,-64.40000000000046,2011-11-24 03:00:00+00:00,2011
2011-11-25 04:00:00+00:00,2011-11-25 13:00:00+00:00,-1,TARGET,63.10000000000038,94.65000000000056,92.65000000000056,90.65000000000056,2011-11-25 01:35:00+00:00,2011
2011-11-29 06:00:00+00:00,2011-11-29 18:00:00+00:00,1,TIME,79.90000000000163,-35.80000000000138,-37.80000000000138,-39.80000000000138,2011-11-29 04:05:00+00:00,2011
2011-11-30 07:00:00+00:00,2011-11-30 13:00:00+00:00,-1,STOP,72.90000000000019,-72.90000000000019,-74.90000000000019,-76.90000000000019,2011-11-30 02:15:00+00:00,2011
2011-12-01 10:00:00+00:00,2011-12-01 22:00:00+00:00,1,TIME,74.89999999999996,-34.89999999999993,-36.89999999999993,-38.89999999999993,2011-12-01 02:55:00+00:00,2011
2011-12-02 13:00:00+00:00,2011-12-02 15:00:00+00:00,1,STOP,77.30000000000014,-77.30000000000014,-79.30000000000014,-81.30000000000014,2011-12-02 03:30:00+00:00,2011
2011-12-05 08:00:00+00:00,2011-12-05 20:00:00+00:00,1,TIME,85.20000000000083,-50.200000000000244,-52.200000000000244,-54.200000000000244,2011-12-05 04:05:00+00:00,2011
2011-12-06 08:00:00+00:00,2011-12-06 10:00:00+00:00,-1,STOP,61.80000000000074,-61.80000000000074,-63.80000000000074,-65.80000000000075,2011-12-06 06:50:00+00:00,2011
2011-12-07 07:00:00+00:00,2011-12-07 13:00:00+00:00,1,STOP,82.20000000000115,-82.20000000000115,-84.20000000000115,-86.20000000000115,2011-12-06 23:10:00+00:00,2011
2011-12-12 08:00:00+00:00,2011-12-12 16:00:00+00:00,-1,TARGET,81.19999999999905,121.79999999999858,119.79999999999858,117.79999999999858,2011-12-12 02:15:00+00:00,2011
2011-12-14 12:00:00+00:00,2011-12-15 00:00:00+00:00,-1,TIME,62.29999999999958,8.399999999999519,6.399999999999519,4.399999999999519,2011-12-14 07:35:00+00:00,2011
2011-12-15 08:00:00+00:00,2011-12-15 09:00:00+00:00,1,STOP,65.89999999999874,-65.89999999999874,-67.89999999999874,-69.89999999999874,2011-12-15 04:15:00+00:00,2011
2011-12-15 10:00:00+00:00,2011-12-15 13:00:00+00:00,-1,STOP,68.4000000000018,-68.4000000000018,-70.4000000000018,-72.4000000000018,2011-12-15 09:35:00+00:00,2011
2011-12-16 13:00:00+00:00,2011-12-19 00:00:00+00:00,1,TIME,82.69999999999999,-34.800000000001496,-36.800000000001496,-38.800000000001496,2011-12-16 03:50:00+00:00,2011
2011-12-19 04:00:00+00:00,2011-12-19 16:00:00+00:00,-1,TIME,62.80000000000063,-33.799999999999386,-35.799999999999386,-37.799999999999386,2011-12-19 02:30:00+00:00,2011
2011-12-21 09:00:00+00:00,2011-12-21 12:00:00+00:00,1,STOP,83.5000000000008,-83.5000000000008,-85.5000000000008,-87.5000000000008,2011-12-21 05:10:00+00:00,2011
2011-12-22 09:00:00+00:00,2011-12-22 13:00:00+00:00,1,STOP,66.30000000000136,-66.30000000000136,-68.30000000000136,-70.30000000000136,2011-12-22 04:20:00+00:00,2011
2011-12-23 03:00:00+00:00,2011-12-23 15:00:00+00:00,1,TIME,57.70000000000053,-40.40000000000043,-42.40000000000043,-44.40000000000043,2011-12-23 00:35:00+00:00,2011
2011-12-30 15:00:00+00:00,2012-01-02 00:00:00+00:00,1,TIME,64.4,-34.89999999999993,-36.89999999999993,-38.89999999999993,2011-12-30 04:35:00+00:00,2012
2012-01-02 17:00:00+00:00,2012-01-03 01:00:00+00:00,-1,STOP,47.399999999999665,-47.399999999999665,-49.399999999999665,-51.399999999999665,2012-01-02 05:35:00+00:00,2012
2012-01-04 11:00:00+00:00,2012-01-04 13:00:00+00:00,-1,TARGET,50.599999999998424,75.89999999999763,73.89999999999763,71.89999999999763,2012-01-04 07:15:00+00:00,2012
2012-01-05 09:00:00+00:00,2012-01-05 21:00:00+00:00,-1,TIME,85.69999999999966,75.30000000000037,73.30000000000037,71.30000000000037,2012-01-05 04:05:00+00:00,2012
2012-01-06 06:00:00+00:00,2012-01-06 18:00:00+00:00,-1,TIME,49.399999999999444,49.399999999999444,47.399999999999444,45.399999999999444,2012-01-06 01:55:00+00:00,2012
2012-01-10 11:00:00+00:00,2012-01-10 23:00:00+00:00,1,STOP,43.199999999998795,-43.199999999998795,-45.199999999998795,-47.199999999998795,2012-01-10 07:05:00+00:00,2012
2012-01-12 10:00:00+00:00,2012-01-12 15:00:00+00:00,1,TARGET,58.900000000001725,88.3500000000037,86.3500000000037,84.3500000000037,2012-01-12 05:40:00+00:00,2012
2012-01-13 07:00:00+00:00,2012-01-13 10:00:00+00:00,1,STOP,56.900000000001945,-56.900000000001945,-58.900000000001945,-60.900000000001945,2012-01-13 04:05:00+00:00,2012
2012-01-17 02:00:00+00:00,2012-01-17 14:00:00+00:00,1,TIME,66.39999999999979,21.100000000000563,19.100000000000563,17.100000000000563,2012-01-16 22:15:00+00:00,2012
2012-01-19 09:00:00+00:00,2012-01-19 20:00:00+00:00,1,TARGET,47.50000000000032,71.25000000000048,69.25000000000048,67.25000000000048,2012-01-19 08:05:00+00:00,2012
2012-01-20 09:00:00+00:00,2012-01-20 21:00:00+00:00,-1,TIME,58.00000000000027,-5.499999999998284,-7.499999999998284,-9.499999999998284,2012-01-20 08:30:00+00:00,2012
2012-01-25 10:00:00+00:00,2012-01-25 17:00:00+00:00,-1,STOP,58.400000000000674,-58.400000000000674,-60.400000000000674,-62.400000000000674,2012-01-25 05:10:00+00:00,2012
2012-01-27 10:00:00+00:00,2012-01-27 17:00:00+00:00,1,TARGET,48.799999999999955,73.19999999999993,71.19999999999993,69.19999999999993,2012-01-27 06:45:00+00:00,2012
2012-02-01 07:00:00+00:00,2012-02-01 09:00:00+00:00,-1,STOP,56.199999999999584,-56.199999999999584,-58.199999999999584,-60.199999999999584,2012-02-01 05:00:00+00:00,2012
2012-02-03 10:00:00+00:00,2012-02-03 13:00:00+00:00,1,STOP,52.00000000000093,-52.00000000000093,-54.00000000000093,-56.00000000000093,2012-02-03 05:30:00+00:00,2012
2012-02-07 08:00:00+00:00,2012-02-07 15:00:00+00:00,1,TARGET,57.79999999999896,86.69999999999955,84.69999999999955,82.69999999999955,2012-02-07 05:35:00+00:00,2012
2012-02-08 07:00:00+00:00,2012-02-08 19:00:00+00:00,1,TIME,50.799999999999734,-10.899999999998133,-12.899999999998133,-14.899999999998133,2012-02-08 03:45:00+00:00,2012
2012-02-10 04:00:00+00:00,2012-02-10 13:00:00+00:00,-1,TARGET,55.600000000000094,83.40000000000013,81.40000000000013,79.40000000000013,2012-02-10 01:45:00+00:00,2012
2012-02-17 10:00:00+00:00,2012-02-17 22:00:00+00:00,1,TIME,51.600000000000534,-14.000000000000679,-16.00000000000068,-18.00000000000068,2012-02-17 07:05:00+00:00,2012
2012-02-21 00:00:00+00:00,2012-02-21 03:00:00+00:00,-1,STOP,69.50000000000011,-69.50000000000011,-71.50000000000011,-73.50000000000011,2012-02-20 22:55:00+00:00,2012
2012-02-24 09:00:00+00:00,2012-02-24 21:00:00+00:00,1,TIME,66.10000000000005,70.29999999999869,68.29999999999869,66.29999999999869,2012-02-24 06:20:00+00:00,2012
2012-02-27 09:00:00+00:00,2012-02-27 21:00:00+00:00,-1,TIME,60.2999999999998,29.200000000000337,27.200000000000337,25.200000000000337,2012-02-27 02:50:00+00:00,2012
2012-02-28 04:00:00+00:00,2012-02-28 16:00:00+00:00,1,TIME,61.39999999999812,-3.8999999999989043,-5.899999999998904,-7.899999999998904,2012-02-27 22:25:00+00:00,2012
2012-02-29 13:00:00+00:00,2012-02-29 15:00:00+00:00,-1,TARGET,48.09999999999981,72.14999999999971,70.14999999999971,68.14999999999971,2012-02-29 04:10:00+00:00,2012
2012-03-01 13:00:00+00:00,2012-03-02 01:00:00+00:00,-1,TIME,55.400000000001,-12.700000000001044,-14.700000000001044,-16.700000000001044,2012-03-01 05:35:00+00:00,2012
2012-03-02 08:00:00+00:00,2012-03-02 20:00:00+00:00,-1,TIME,70.20000000000026,60.80000000000085,58.80000000000085,56.80000000000085,2012-03-02 01:55:00+00:00,2012
2012-03-06 05:00:00+00:00,2012-03-06 13:00:00+00:00,-1,TARGET,43.600000000001415,65.40000000000212,63.40000000000212,61.40000000000212,2012-03-06 00:25:00+00:00,2012
2012-03-08 08:00:00+00:00,2012-03-08 12:00:00+00:00,1,TARGET,46.39999999999977,69.59999999999854,67.59999999999854,65.59999999999854,2012-03-08 04:05:00+00:00,2012
2012-03-09 07:00:00+00:00,2012-03-09 13:00:00+00:00,-1,TARGET,58.19999999999936,87.29999999999905,85.29999999999905,83.29999999999905,2012-03-09 03:40:00+00:00,2012
2012-03-12 06:00:00+00:00,2012-03-12 09:00:00+00:00,-1,STOP,49.89999999999828,-49.89999999999828,-51.89999999999828,-53.89999999999828,2012-03-12 02:55:00+00:00,2012
2012-03-13 09:00:00+00:00,2012-03-13 21:00:00+00:00,-1,TIME,61.9000000000014,44.599999999999085,42.599999999999085,40.599999999999085,2012-03-13 04:05:00+00:00,2012
2012-03-15 07:00:00+00:00,2012-03-15 19:00:00+00:00,1,TIME,49.20000000000035,42.9999999999997,40.9999999999997,38.9999999999997,2012-03-15 03:05:00+00:00,2012
2012-03-16 09:00:00+00:00,2012-03-16 12:00:00+00:00,-1,STOP,45.90000000000094,-45.90000000000094,-47.90000000000094,-49.90000000000094,2012-03-16 05:20:00+00:00,2012
2012-03-20 08:00:00+00:00,2012-03-20 20:00:00+00:00,-1,TIME,39.49999999999898,1.1999999999989797,-0.8000000000010203,-2.8000000000010203,2012-03-20 03:25:00+00:00,2012
2012-03-23 08:00:00+00:00,2012-03-23 20:00:00+00:00,1,TIME,64.80000000000041,28.700000000001502,26.700000000001502,24.700000000001502,2012-03-23 03:35:00+00:00,2012
2012-03-26 08:00:00+00:00,2012-03-26 12:00:00+00:00,-1,STOP,44.99999999999948,-44.99999999999948,-46.99999999999948,-48.99999999999948,2012-03-26 02:20:00+00:00,2012
2012-03-27 15:00:00+00:00,2012-03-28 03:00:00+00:00,-1,TIME,44.99999999999948,-8.299999999998864,-10.299999999998864,-12.299999999998864,2012-03-27 04:05:00+00:00,2012
2012-03-29 08:00:00+00:00,2012-03-29 09:00:00+00:00,1,STOP,47.099999999999916,-47.099999999999916,-49.099999999999916,-51.099999999999916,2012-03-29 04:20:00+00:00,2012
2012-04-02 08:00:00+00:00,2012-04-02 12:00:00+00:00,1,STOP,41.50000000000098,-41.50000000000098,-43.50000000000098,-45.50000000000098,2012-04-02 03:05:00+00:00,2012
2012-04-03 12:00:00+00:00,2012-04-03 18:00:00+00:00,-1,TARGET,47.999999999999154,71.99999999999874,69.99999999999874,67.99999999999874,2012-04-03 03:50:00+00:00,2012
2012-04-05 01:00:00+00:00,2012-04-05 09:00:00+00:00,1,STOP,41.999999999999815,-41.999999999999815,-43.999999999999815,-45.999999999999815,2012-04-05 00:15:00+00:00,2012
2012-04-09 16:00:00+00:00,2012-04-10 01:00:00+00:00,1,TARGET,38.19999999999934,57.300000000000125,55.300000000000125,53.300000000000125,2012-04-09 13:35:00+00:00,2012
2012-04-11 06:00:00+00:00,2012-04-11 18:00:00+00:00,1,TIME,39.1000000000008,5.099999999997884,3.099999999997884,1.099999999997884,2012-04-11 04:00:00+00:00,2012
2012-04-12 03:00:00+00:00,2012-04-12 15:00:00+00:00,1,TIME,42.800000000000615,38.19999999999934,36.19999999999934,34.19999999999934,2012-04-12 02:45:00+00:00,2012
2012-04-13 09:00:00+00:00,2012-04-13 14:00:00+00:00,-1,TARGET,52.60000000000042,78.90000000000174,76.90000000000174,74.90000000000174,2012-04-13 05:50:00+00:00,2012
2012-04-17 07:00:00+00:00,2012-04-17 08:00:00+00:00,-1,STOP,48.00000000000137,-48.00000000000137,-50.00000000000137,-52.00000000000137,2012-04-17 05:35:00+00:00,2012
2012-04-18 09:00:00+00:00,2012-04-18 21:00:00+00:00,-1,TIME,66.70000000000175,-40.10000000000069,-42.10000000000069,-44.10000000000069,2012-04-18 03:25:00+00:00,2012
2012-04-19 08:00:00+00:00,2012-04-19 11:00:00+00:00,1,STOP,35.90000000000204,-35.90000000000204,-37.90000000000204,-39.90000000000204,2012-04-19 02:40:00+00:00,2012
2012-04-20 06:00:00+00:00,2012-04-20 14:00:00+00:00,1,TARGET,40.70000000000018,61.05000000000027,59.05000000000027,57.05000000000027,2012-04-20 01:50:00+00:00,2012
2012-04-23 07:00:00+00:00,2012-04-23 19:00:00+00:00,-1,TIME,58.59999999999976,24.399999999999977,22.399999999999977,20.399999999999977,2012-04-23 01:35:00+00:00,2012
2012-04-24 07:00:00+00:00,2012-04-24 19:00:00+00:00,1,TIME,52.700000000001076,17.899999999999583,15.899999999999583,13.899999999999583,2012-04-24 02:55:00+00:00,2012
2012-04-26 08:00:00+00:00,2012-04-26 10:00:00+00:00,1,STOP,54.799999999999294,-54.799999999999294,-56.799999999999294,-58.799999999999294,2012-04-26 06:25:00+00:00,2012
2012-04-30 10:00:00+00:00,2012-04-30 22:00:00+00:00,-1,TIME,41.50000000000098,-13.600000000000279,-15.600000000000279,-17.60000000000028,2012-04-30 00:35:00+00:00,2012
2012-05-02 08:00:00+00:00,2012-05-02 20:00:00+00:00,-1,TIME,68.60000000000088,19.199999999999218,17.199999999999218,15.199999999999218,2012-05-02 02:10:00+00:00,2012
2012-05-04 08:00:00+00:00,2012-05-04 20:00:00+00:00,-1,TIME,45.699999999999626,45.199999999998575,43.199999999998575,41.199999999998575,2012-05-04 00:45:00+00:00,2012
2012-05-08 04:00:00+00:00,2012-05-08 16:00:00+00:00,-1,TIME,36.6999999999984,13.800000000001589,11.800000000001589,9.800000000001589,2012-05-08 01:00:00+00:00,2012
2012-05-09 13:00:00+00:00,2012-05-10 01:00:00+00:00,-1,TIME,64.9999999999995,-3.1000000000003247,-5.100000000000325,-7.100000000000325,2012-05-09 10:20:00+00:00,2012
2012-05-10 07:00:00+00:00,2012-05-10 19:00:00+00:00,1,TIME,38.89999999999949,-11.599999999998278,-13.599999999998278,-15.599999999998278,2012-05-10 06:35:00+00:00,2012
2012-05-22 09:00:00+00:00,2012-05-22 17:00:00+00:00,-1,TARGET,42.40000000000021,63.59999999999921,61.59999999999921,59.59999999999921,2012-05-22 08:00:00+00:00,2012
2012-05-25 07:00:00+00:00,2012-05-25 12:00:00+00:00,1,STOP,36.599999999999966,-36.599999999999966,-38.599999999999966,-40.599999999999966,2012-05-25 05:20:00+00:00,2012
2012-05-29 08:00:00+00:00,2012-05-29 15:00:00+00:00,1,STOP,61.40000000000034,-61.40000000000034,-63.40000000000034,-65.40000000000035,2012-05-29 01:25:00+00:00,2012
2012-05-31 08:00:00+00:00,2012-05-31 14:00:00+00:00,1,STOP,45.80000000000028,-45.80000000000028,-47.80000000000028,-49.80000000000028,2012-05-31 05:10:00+00:00,2012
2012-06-07 10:00:00+00:00,2012-06-07 22:00:00+00:00,1,TIME,44.39999999999999,-24.199999999998667,-26.199999999998667,-28.199999999998667,2012-06-07 04:05:00+00:00,2012
2012-06-13 08:00:00+00:00,2012-06-13 20:00:00+00:00,1,TIME,55.600000000000094,43.90000000000116,41.90000000000116,39.90000000000116,2012-06-13 03:15:00+00:00,2012
2012-06-14 09:00:00+00:00,2012-06-14 13:00:00+00:00,-1,STOP,46.500000000000426,-46.500000000000426,-48.500000000000426,-50.500000000000426,2012-06-14 06:15:00+00:00,2012
2012-06-15 13:00:00+00:00,2012-06-15 17:00:00+00:00,-1,STOP,46.19999999999846,-46.19999999999846,-48.19999999999846,-50.19999999999846,2012-06-15 07:05:00+00:00,2012
2012-06-20 09:00:00+00:00,2012-06-20 16:00:00+00:00,1,STOP,37.799999999998946,-37.799999999998946,-39.799999999998946,-41.799999999998946,2012-06-20 06:35:00+00:00,2012
2012-06-25 06:00:00+00:00,2012-06-25 18:00:00+00:00,-1,TIME,48.90000000000061,24.200000000000887,22.200000000000887,20.200000000000887,2012-06-25 03:35:00+00:00,2012
2012-06-26 01:00:00+00:00,2012-06-26 12:00:00+00:00,1,STOP,43.400000000000105,-43.400000000000105,-45.400000000000105,-47.400000000000105,2012-06-25 18:35:00+00:00,2012
2012-06-27 15:00:00+00:00,2012-06-28 03:00:00+00:00,-1,STOP,48.200000000000465,-48.200000000000465,-50.200000000000465,-52.200000000000465,2012-06-27 03:30:00+00:00,2012
2012-06-29 03:00:00+00:00,2012-06-29 12:00:00+00:00,1,TARGET,102.49999999999869,153.74999999999915,151.74999999999915,149.74999999999915,2012-06-28 20:20:00+00:00,2012
2012-07-02 12:00:00+00:00,2012-07-03 00:00:00+00:00,-1,TIME,55.899999999999835,27.300000000001212,25.300000000001212,23.300000000001212,2012-07-02 05:40:00+00:00,2012
2012-07-04 08:00:00+00:00,2012-07-04 14:00:00+00:00,-1,TARGET,46.90000000000083,70.35000000000124,68.35000000000124,66.35000000000124,2012-07-04 02:35:00+00:00,2012
2012-07-05 10:00:00+00:00,2012-07-05 12:00:00+00:00,-1,TARGET,50.09999999999959,75.14999999999938,73.14999999999938,71.14999999999938,2012-07-05 02:40:00+00:00,2012
2012-07-09 20:00:00+00:00,2012-07-10 08:00:00+00:00,1,TIME,43.499999999998536,-23.199999999998777,-25.199999999998777,-27.199999999998777,2012-07-09 12:05:00+00:00,2012
2012-07-11 09:00:00+00:00,2012-07-11 15:00:00+00:00,1,STOP,54.00000000000071,-54.00000000000071,-56.00000000000071,-58.00000000000071,2012-07-11 02:00:00+00:00,2012
2012-07-12 08:00:00+00:00,2012-07-12 20:00:00+00:00,-1,TIME,37.8999999999996,6.399999999999739,4.399999999999739,2.3999999999997392,2012-07-12 06:05:00+00:00,2012
2012-07-13 13:00:00+00:00,2012-07-13 13:00:00+00:00,-1,STOP,47.59999999999875,-47.59999999999875,-49.59999999999875,-51.59999999999875,2012-07-13 02:55:00+00:00,2012
2012-07-16 09:00:00+00:00,2012-07-16 15:00:00+00:00,-1,STOP,47.50000000000032,-47.50000000000032,-49.50000000000032,-51.50000000000032,2012-07-16 01:40:00+00:00,2012
2012-07-17 15:00:00+00:00,2012-07-18 03:00:00+00:00,-1,TIME,100.79999999999866,-78.99999999999795,-80.99999999999795,-82.99999999999795,2012-07-17 12:15:00+00:00,2012
2012-07-18 10:00:00+00:00,2012-07-18 22:00:00+00:00,-1,TIME,69.20000000000037,-44.50000000000065,-46.50000000000065,-48.50000000000065,2012-07-18 05:25:00+00:00,2012
2012-07-19 10:00:00+00:00,2012-07-19 13:00:00+00:00,1,STOP,48.400000000001775,-48.400000000001775,-50.400000000001775,-52.400000000001775,2012-07-19 06:45:00+00:00,2012
2012-07-20 10:00:00+00:00,2012-07-20 13:00:00+00:00,-1,TARGET,52.799999999999514,79.19999999999926,77.19999999999926,75.19999999999926,2012-07-20 02:40:00+00:00,2012
2012-07-24 08:00:00+00:00,2012-07-24 20:00:00+00:00,-1,TIME,41.29999999999967,32.80000000000172,30.800000000001717,28.800000000001717,2012-07-24 02:45:00+00:00,2012
2012-07-25 08:00:00+00:00,2012-07-25 11:00:00+00:00,1,TARGET,44.49999999999843,66.74999999999764,64.74999999999764,62.74999999999764,2012-07-25 03:40:00+00:00,2012
2012-07-26 09:00:00+00:00,2012-07-26 10:00:00+00:00,-1,STOP,39.80000000000094,-39.80000000000094,-41.80000000000094,-43.80000000000094,2012-07-26 04:50:00+00:00,2012
2012-07-27 09:00:00+00:00,2012-07-27 10:00:00+00:00,-1,STOP,61.1000000000006,-61.1000000000006,-63.1000000000006,-65.10000000000059,2012-07-27 02:30:00+00:00,2012
2012-07-30 07:00:00+00:00,2012-07-30 19:00:00+00:00,-1,TIME,46.800000000000175,16.300000000000203,14.300000000000203,12.300000000000203,2012-07-30 06:20:00+00:00,2012
2012-07-31 02:00:00+00:00,2012-07-31 14:00:00+00:00,1,TIME,47.399999999999665,20.599999999999508,18.599999999999508,16.599999999999508,2012-07-30 23:45:00+00:00,2012
2012-08-03 06:00:00+00:00,2012-08-03 10:00:00+00:00,1,TARGET,38.599999999999746,57.899999999999615,55.899999999999615,53.899999999999615,2012-08-03 04:40:00+00:00,2012
2012-08-07 08:00:00+00:00,2012-08-07 20:00:00+00:00,1,TIME,39.29999999999989,-26.100000000000012,-28.100000000000012,-30.100000000000012,2012-08-07 04:05:00+00:00,2012
2012-08-08 07:00:00+00:00,2012-08-08 19:00:00+00:00,-1,TIME,49.300000000001006,11.900000000000244,9.900000000000244,7.900000000000244,2012-08-08 06:15:00+00:00,2012
2012-08-09 09:00:00+00:00,2012-08-09 21:00:00+00:00,-1,TIME,49.20000000000035,32.10000000000157,30.10000000000157,28.10000000000157,2012-08-09 06:20:00+00:00,2012
2012-08-10 12:00:00+00:00,2012-08-10 14:00:00+00:00,-1,STOP,42.10000000000047,-42.10000000000047,-44.10000000000047,-46.10000000000047,2012-08-10 03:25:00+00:00,2012
2012-08-14 08:00:00+00:00,2012-08-14 14:00:00+00:00,1,STOP,52.00000000000093,-52.00000000000093,-54.00000000000093,-56.00000000000093,2012-08-14 02:25:00+00:00,2012
2012-08-15 10:00:00+00:00,2012-08-15 22:00:00+00:00,-1,TIME,43.59999999999919,24.700000000001943,22.700000000001943,20.700000000001943,2012-08-15 00:40:00+00:00,2012
2012-08-16 01:00:00+00:00,2012-08-16 06:00:00+00:00,1,STOP,40.09999999999847,-40.09999999999847,-42.09999999999847,-44.09999999999847,2012-08-15 22:10:00+00:00,2012
2012-08-17 14:00:00+00:00,2012-08-20 00:00:00+00:00,-1,TIME,43.10000000000036,-2.6999999999999247,-4.699999999999925,-6.699999999999925,2012-08-17 02:20:00+00:00,2012
2012-08-20 07:00:00+00:00,2012-08-20 11:00:00+00:00,1,STOP,53.300000000000566,-53.300000000000566,-55.300000000000566,-57.300000000000566,2012-08-20 03:30:00+00:00,2012
2012-08-21 05:00:00+00:00,2012-08-21 10:00:00+00:00,1,TARGET,40.19999999999912,60.2999999999998,58.2999999999998,56.2999999999998,2012-08-21 02:10:00+00:00,2012
2012-08-23 07:00:00+00:00,2012-08-23 19:00:00+00:00,1,TIME,49.699999999999186,1.7000000000000348,-0.2999999999999652,-2.299999999999965,2012-08-23 06:30:00+00:00,2012
2012-08-24 07:00:00+00:00,2012-08-24 12:00:00+00:00,-1,TARGET,40.50000000000109,60.750000000000526,58.750000000000526,56.750000000000526,2012-08-24 02:30:00+00:00,2012
2012-08-27 07:00:00+00:00,2012-08-27 19:00:00+00:00,-1,TIME,43.59999999999919,-8.799999999999919,-10.799999999999919,-12.799999999999919,2012-08-27 03:50:00+00:00,2012
2012-08-27 20:00:00+00:00,2012-08-28 08:00:00+00:00,-1,TIME,36.399999999998656,-6.999999999999229,-8.999999999999229,-10.999999999999229,2012-08-27 19:10:00+00:00,2012
2012-08-30 06:00:00+00:00,2012-08-30 14:00:00+00:00,1,STOP,34.600000000000186,-34.600000000000186,-36.600000000000186,-38.600000000000186,2012-08-30 01:20:00+00:00,2012
2012-08-31 09:00:00+00:00,2012-08-31 14:00:00+00:00,1,TARGET,56.700000000000635,85.04999999999984,83.04999999999984,81.04999999999984,2012-08-31 02:40:00+00:00,2012
2012-09-06 12:00:00+00:00,2012-09-06 12:00:00+00:00,1,STOP,47.20000000000057,-47.20000000000057,-49.20000000000057,-51.20000000000057,2012-09-06 02:50:00+00:00,2012
2012-09-07 08:00:00+00:00,2012-09-07 12:00:00+00:00,1,TARGET,58.400000000000674,87.600000000001,85.600000000001,83.600000000001,2012-09-07 02:40:00+00:00,2012
2012-09-10 10:00:00+00:00,2012-09-10 22:00:00+00:00,-1,TIME,38.09999999999869,21.400000000000308,19.400000000000308,17.400000000000308,2012-09-10 04:20:00+00:00,2012
2012-09-12 05:00:00+00:00,2012-09-12 08:00:00+00:00,1,STOP,31.09999999999946,-31.09999999999946,-33.09999999999946,-35.09999999999946,2012-09-12 02:45:00+00:00,2012
2012-09-13 04:00:00+00:00,2012-09-13 13:00:00+00:00,1,STOP,36.79999999999905,-36.79999999999905,-38.79999999999905,-40.79999999999905,2012-09-13 02:55:00+00:00,2012
2012-09-18 08:00:00+00:00,2012-09-18 20:00:00+00:00,-1,TIME,42.69999999999996,41.59999999999941,39.59999999999941,37.59999999999941,2012-09-18 05:45:00+00:00,2012
2012-09-19 05:00:00+00:00,2012-09-19 08:00:00+00:00,1,STOP,41.999999999999815,-41.999999999999815,-43.999999999999815,-45.999999999999815,2012-09-19 03:35:00+00:00,2012
2012-09-25 06:00:00+00:00,2012-09-25 12:00:00+00:00,-1,STOP,52.90000000000017,-52.90000000000017,-54.90000000000017,-56.90000000000017,2012-09-25 05:20:00+00:00,2012
2012-09-27 10:00:00+00:00,2012-09-27 16:00:00+00:00,-1,STOP,47.000000000001485,-47.000000000001485,-49.000000000001485,-51.000000000001485,2012-09-27 07:55:00+00:00,2012
2012-09-28 09:00:00+00:00,2012-09-28 13:00:00+00:00,1,STOP,37.70000000000051,-37.70000000000051,-39.70000000000051,-41.70000000000051,2012-09-28 05:45:00+00:00,2012
2012-10-02 09:00:00+00:00,2012-10-02 21:00:00+00:00,1,TIME,36.50000000000153,5.599999999998939,3.599999999998939,1.5999999999989392,2012-10-02 03:35:00+00:00,2012
2012-10-04 03:00:00+00:00,2012-10-04 12:00:00+00:00,1,TARGET,39.00000000000014,58.50000000000133,56.50000000000133,54.50000000000133,2012-10-03 22:30:00+00:00,2012
2012-10-05 14:00:00+00:00,2012-10-08 00:00:00+00:00,1,TIME,60.2999999999998,-41.70000000000007,-43.70000000000007,-45.70000000000007,2012-10-05 03:45:00+00:00,2012
2012-10-09 01:00:00+00:00,2012-10-09 07:00:00+00:00,1,STOP,41.49999999999876,-41.49999999999876,-43.49999999999876,-45.49999999999876,2012-10-08 22:35:00+00:00,2012
2012-10-12 08:00:00+00:00,2012-10-12 20:00:00+00:00,1,TIME,71.30000000000081,-28.500000000000192,-30.500000000000192,-32.50000000000019,2012-10-11 23:25:00+00:00,2012
2012-10-16 07:00:00+00:00,2012-10-16 19:00:00+00:00,1,TIME,53.29999999999835,53.800000000001624,51.800000000001624,49.800000000001624,2012-10-16 05:35:00+00:00,2012
2012-10-17 13:00:00+00:00,2012-10-18 01:00:00+00:00,1,TIME,45.199999999998575,-22.899999999999032,-24.899999999999032,-26.899999999999032,2012-10-17 09:20:00+00:00,2012
2012-10-18 19:00:00+00:00,2012-10-19 07:00:00+00:00,-1,TIME,56.400000000000894,10.900000000000354,8.900000000000354,6.900000000000354,2012-10-18 08:30:00+00:00,2012
2012-10-22 06:00:00+00:00,2012-10-22 18:00:00+00:00,1,TIME,43.999999999999595,-11.399999999999189,-13.399999999999189,-15.399999999999189,2012-10-22 01:35:00+00:00,2012
2012-10-23 07:00:00+00:00,2012-10-23 12:00:00+00:00,-1,TARGET,43.90000000000116,65.85000000000063,63.850000000000634,61.850000000000634,2012-10-23 02:25:00+00:00,2012
2012-10-24 02:00:00+00:00,2012-10-24 08:00:00+00:00,1,STOP,36.30000000000022,-36.30000000000022,-38.30000000000022,-40.30000000000022,2012-10-24 00:35:00+00:00,2012
2012-10-25 03:00:00+00:00,2012-10-25 15:00:00+00:00,1,TIME,40.89999999999927,-22.699999999999942,-24.699999999999942,-26.699999999999942,2012-10-25 01:15:00+00:00,2012
2012-10-26 11:00:00+00:00,2012-10-26 23:00:00+00:00,-1,TIME,70.9000000000004,-46.69999999999952,-48.69999999999952,-50.69999999999952,2012-10-26 02:40:00+00:00,2012
2012-10-29 08:00:00+00:00,2012-10-29 20:00:00+00:00,-1,TIME,38.89999999999949,3.4000000000000696,1.4000000000000696,-0.5999999999999304,2012-10-29 02:25:00+00:00,2012
2012-10-30 08:00:00+00:00,2012-10-30 20:00:00+00:00,1,TIME,47.999999999999154,26.300000000001322,24.300000000001322,22.300000000001322,2012-10-30 03:35:00+00:00,2012
2012-10-31 09:00:00+00:00,2012-10-31 21:00:00+00:00,1,TIME,51.999999999998714,-38.89999999999949,-40.89999999999949,-42.89999999999949,2012-10-31 00:05:00+00:00,2012
2012-11-01 08:00:00+00:00,2012-11-01 20:00:00+00:00,-1,TIME,46.39999999999977,-0.0,-2.0,-4.0,2012-11-01 02:10:00+00:00,2012
2012-11-02 06:00:00+00:00,2012-11-02 18:00:00+00:00,-1,TIME,60.89999999999929,73.40000000000124,71.40000000000124,69.40000000000124,2012-11-02 03:10:00+00:00,2012
2012-11-05 03:00:00+00:00,2012-11-05 15:00:00+00:00,-1,TIME,39.39999999999832,38.200000000001566,36.200000000001566,34.200000000001566,2012-11-05 01:50:00+00:00,2012
2012-11-08 10:00:00+00:00,2012-11-08 22:00:00+00:00,-1,TIME,46.400000000001995,-12.600000000000389,-14.600000000000389,-16.60000000000039,2012-11-08 01:25:00+00:00,2012
2012-11-12 04:00:00+00:00,2012-11-12 16:00:00+00:00,1,TIME,36.000000000000476,-15.899999999999803,-17.899999999999803,-19.899999999999803,2012-11-12 01:10:00+00:00,2012
2012-11-13 01:00:00+00:00,2012-11-13 13:00:00+00:00,-1,TIME,34.000000000000696,-0.4999999999988347,-2.4999999999988347,-4.499999999998835,2012-11-12 20:10:00+00:00,2012
2012-11-14 08:00:00+00:00,2012-11-14 20:00:00+00:00,1,TIME,36.599999999999966,13.000000000000789,11.000000000000789,9.000000000000789,2012-11-14 03:45:00+00:00,2012
2012-11-16 07:00:00+00:00,2012-11-16 15:00:00+00:00,-1,TARGET,35.00000000000058,52.50000000000199,50.50000000000199,48.50000000000199,2012-11-16 04:00:00+00:00,2012
2012-11-21 04:00:00+00:00,2012-11-21 13:00:00+00:00,-1,STOP,54.50000000000177,-54.50000000000177,-56.50000000000177,-58.50000000000177,2012-11-21 02:45:00+00:00,2012
2012-11-23 06:00:00+00:00,2012-11-23 14:00:00+00:00,1,TARGET,30.999999999998806,46.49999999999821,44.49999999999821,42.49999999999821,2012-11-23 04:00:00+00:00,2012
2012-11-26 23:00:00+00:00,2012-11-27 10:00:00+00:00,1,STOP,41.20000000000123,-41.20000000000123,-43.20000000000123,-45.20000000000123,2012-11-26 21:20:00+00:00,2012
2012-11-28 12:00:00+00:00,2012-11-28 21:00:00+00:00,-1,STOP,55.39999999999878,-55.39999999999878,-57.39999999999878,-59.39999999999878,2012-11-28 02:05:00+00:00,2012
2012-11-29 08:00:00+00:00,2012-11-29 20:00:00+00:00,1,TIME,35.09999999999902,8.300000000001084,6.300000000001084,4.300000000001084,2012-11-29 07:35:00+00:00,2012
2012-12-04 12:00:00+00:00,2012-12-05 00:00:00+00:00,1,TIME,38.3,17.899999999999583,15.899999999999583,13.899999999999583,2012-12-04 03:05:00+00:00,2012
2012-12-06 01:00:00+00:00,2012-12-06 13:00:00+00:00,-1,TIME,36.49999999999931,-21.199999999998997,-23.199999999998997,-25.199999999998997,2012-12-05 23:35:00+00:00,2012
2012-12-07 08:00:00+00:00,2012-12-07 20:00:00+00:00,-1,TIME,42.60000000000152,10.499999999999954,8.499999999999954,6.499999999999954,2012-12-07 04:05:00+00:00,2012
2012-12-11 05:00:00+00:00,2012-12-11 15:00:00+00:00,1,TARGET,33.10000000000146,49.6500000000033,47.6500000000033,45.6500000000033,2012-12-11 01:00:00+00:00,2012
2012-12-12 11:00:00+00:00,2012-12-12 17:00:00+00:00,1,TARGET,43.50000000000076,65.25000000000114,63.25000000000114,61.25000000000114,2012-12-12 02:45:00+00:00,2012
2012-12-14 06:00:00+00:00,2012-12-14 17:00:00+00:00,1,TARGET,30.400000000001537,45.60000000000341,43.60000000000341,41.60000000000341,2012-12-14 05:25:00+00:00,2012
2012-12-17 15:00:00+00:00,2012-12-18 03:00:00+00:00,1,TIME,24.699999999999722,-2.4999999999986144,-4.499999999998614,-6.499999999998614,2012-12-17 05:05:00+00:00,2012
2012-12-24 08:00:00+00:00,2012-12-24 20:00:00+00:00,1,TIME,40.200000000001346,-6.300000000001305,-8.300000000001305,-10.300000000001305,2012-12-24 03:25:00+00:00,2012
2012-12-27 08:00:00+00:00,2012-12-27 15:00:00+00:00,1,STOP,33.99999999999847,-33.99999999999847,-35.99999999999847,-37.99999999999847,2012-12-27 03:05:00+00:00,2012
2012-12-28 09:00:00+00:00,2012-12-28 21:00:00+00:00,-1,TIME,45.29999999999923,-4.8000000000003595,-6.8000000000003595,-8.80000000000036,2012-12-28 07:45:00+00:00,2012
2012-12-31 05:00:00+00:00,2012-12-31 17:00:00+00:00,-1,TIME,40.50000000000109,12.199999999999989,10.199999999999989,8.199999999999989,2012-12-31 01:35:00+00:00,2012
2013-01-09 12:00:00+00:00,2013-01-10 00:00:00+00:00,-1,TIME,40.09999999999847,-2.7999999999983594,-4.799999999998359,-6.799999999998359,2013-01-09 02:45:00+00:00,2013
2013-01-10 10:00:00+00:00,2013-01-10 14:00:00+00:00,1,TARGET,63.69999999999987,95.5499999999998,93.5499999999998,91.5499999999998,2013-01-10 05:15:00+00:00,2013
2013-01-11 14:00:00+00:00,2013-01-14 00:00:00+00:00,1,TIME,94.39999999999893,17.500000000001403,15.500000000001403,13.500000000001403,2013-01-11 05:50:00+00:00,2013
2013-01-18 08:00:00+00:00,2013-01-18 09:00:00+00:00,1,STOP,37.29999999999789,-37.29999999999789,-39.29999999999789,-41.29999999999789,2013-01-18 05:50:00+00:00,2013
2013-01-23 10:00:00+00:00,2013-01-23 15:00:00+00:00,1,STOP,35.69999999999851,-35.69999999999851,-37.69999999999851,-39.69999999999851,2013-01-23 04:35:00+00:00,2013
2013-01-24 07:00:00+00:00,2013-01-24 08:00:00+00:00,1,STOP,51.49999999999988,-51.49999999999988,-53.49999999999988,-55.49999999999988,2013-01-24 04:30:00+00:00,2013
2013-01-25 08:00:00+00:00,2013-01-25 20:00:00+00:00,1,TIME,59.70000000000031,54.700000000000855,52.700000000000855,50.700000000000855,2013-01-25 04:20:00+00:00,2013
2013-01-28 08:00:00+00:00,2013-01-28 20:00:00+00:00,-1,TIME,46.800000000000175,-23.900000000001143,-25.900000000001143,-27.900000000001143,2013-01-28 01:40:00+00:00,2013
2013-01-29 11:00:00+00:00,2013-01-29 14:00:00+00:00,-1,STOP,41.999999999999815,-41.999999999999815,-43.999999999999815,-45.999999999999815,2013-01-29 02:35:00+00:00,2013
2013-01-30 08:00:00+00:00,2013-01-30 20:00:00+00:00,1,TIME,50.60000000000064,54.499999999999545,52.499999999999545,50.499999999999545,2013-01-30 02:25:00+00:00,2013
2013-01-31 08:00:00+00:00,2013-01-31 15:00:00+00:00,-1,STOP,35.30000000000033,-35.30000000000033,-37.30000000000033,-39.30000000000033,2013-01-31 03:05:00+00:00,2013
2013-02-06 08:00:00+00:00,2013-02-06 20:00:00+00:00,-1,TIME,50.99999999999882,19.900000000001583,17.900000000001583,15.900000000001583,2013-02-06 04:35:00+00:00,2013
2013-02-07 09:00:00+00:00,2013-02-07 13:00:00+00:00,1,STOP,59.200000000001474,-59.200000000001474,-61.200000000001474,-63.200000000001474,2013-02-07 02:05:00+00:00,2013
2013-02-08 10:00:00+00:00,2013-02-08 12:00:00+00:00,1,STOP,38.89999999999949,-38.89999999999949,-40.89999999999949,-42.89999999999949,2013-02-08 04:00:00+00:00,2013
2013-02-11 10:00:00+00:00,2013-02-11 22:00:00+00:00,1,TIME,44.299999999999336,8.799999999999919,6.799999999999919,4.799999999999919,2013-02-11 03:10:00+00:00,2013
2013-02-12 11:00:00+00:00,2013-02-12 23:00:00+00:00,1,TIME,57.899999999999615,15.800000000001369,13.800000000001369,11.800000000001369,2013-02-12 07:15:00+00:00,2013
2013-02-13 11:00:00+00:00,2013-02-13 15:00:00+00:00,1,STOP,46.69999999999952,-46.69999999999952,-48.69999999999952,-50.69999999999952,2013-02-13 03:20:00+00:00,2013
2013-02-14 07:00:00+00:00,2013-02-14 10:00:00+00:00,-1,TARGET,46.69999999999952,70.04999999999927,68.04999999999927,66.04999999999927,2013-02-14 03:25:00+00:00,2013
2013-02-15 07:00:00+00:00,2013-02-15 08:00:00+00:00,1,STOP,45.699999999999626,-45.699999999999626,-47.699999999999626,-49.699999999999626,2013-02-15 05:00:00+00:00,2013
2013-02-25 06:00:00+00:00,2013-02-25 10:00:00+00:00,1,TARGET,43.499999999998536,65.24999999999892,63.24999999999892,61.24999999999892,2013-02-25 03:45:00+00:00,2013
2013-02-27 08:00:00+00:00,2013-02-27 20:00:00+00:00,1,TIME,56.59999999999998,32.90000000000015,30.900000000000148,28.900000000000148,2013-02-27 04:00:00+00:00,2013
2013-02-28 10:00:00+00:00,2013-02-28 20:00:00+00:00,-1,TARGET,42.599999999999305,63.899999999998954,61.899999999998954,59.899999999998954,2013-02-28 07:25:00+00:00,2013
2013-03-01 10:00:00+00:00,2013-03-01 22:00:00+00:00,-1,TIME,55.899999999999835,19.700000000000273,17.700000000000273,15.700000000000273,2013-03-01 03:35:00+00:00,2013
2013-03-04 07:00:00+00:00,2013-03-04 19:00:00+00:00,-1,TIME,43.8000000000005,-12.700000000001044,-14.700000000001044,-16.700000000001044,2013-03-04 05:20:00+00:00,2013
2013-03-05 08:00:00+00:00,2013-03-05 20:00:00+00:00,1,TIME,40.29999999999978,-4.999999999999449,-6.999999999999449,-8.99999999999945,2013-03-05 07:20:00+00:00,2013
2013-03-06 11:00:00+00:00,2013-03-06 21:00:00+00:00,-1,TARGET,40.89999999999927,61.34999999999779,59.34999999999779,57.34999999999779,2013-03-06 06:10:00+00:00,2013
2013-03-07 09:00:00+00:00,2013-03-07 14:00:00+00:00,1,TARGET,57.800000000001184,86.70000000000176,84.70000000000176,82.70000000000176,2013-03-07 04:25:00+00:00,2013
2013-03-08 11:00:00+00:00,2013-03-08 13:00:00+00:00,1,STOP,40.40000000000043,-40.40000000000043,-42.40000000000043,-44.40000000000043,2013-03-08 02:35:00+00:00,2013
2013-03-11 17:00:00+00:00,2013-03-12 05:00:00+00:00,1,TIME,38.599999999999746,11.600000000000499,9.600000000000499,7.600000000000499,2013-03-11 05:50:00+00:00,2013
2013-03-13 08:00:00+00:00,2013-03-13 08:00:00+00:00,1,STOP,47.50000000000032,-47.50000000000032,-49.50000000000032,-51.50000000000032,2013-03-13 02:35:00+00:00,2013
2013-03-14 11:00:00+00:00,2013-03-14 15:00:00+00:00,-1,STOP,47.600000000000975,-47.600000000000975,-49.600000000000975,-51.600000000000975,2013-03-14 03:35:00+00:00,2013
2013-03-15 08:00:00+00:00,2013-03-15 12:00:00+00:00,1,TARGET,45.50000000000054,68.25000000000081,66.25000000000081,64.25000000000081,2013-03-15 04:30:00+00:00,2013
2013-03-19 16:00:00+00:00,2013-03-20 04:00:00+00:00,-1,TIME,81.99999999999984,12.700000000001044,10.700000000001044,8.700000000001044,2013-03-19 07:40:00+00:00,2013
2013-03-21 09:00:00+00:00,2013-03-21 21:00:00+00:00,-1,TIME,79.40000000000057,-8.799999999999919,-10.799999999999919,-12.799999999999919,2013-03-21 06:30:00+00:00,2013
2013-03-22 10:00:00+00:00,2013-03-22 15:00:00+00:00,1,TARGET,47.59999999999875,71.39999999999924,69.39999999999924,67.39999999999924,2013-03-22 03:55:00+00:00,2013
2013-03-26 07:00:00+00:00,2013-03-26 14:00:00+00:00,1,STOP,40.70000000000018,-40.70000000000018,-42.70000000000018,-44.70000000000018,2013-03-26 05:20:00+00:00,2013
2013-03-27 08:00:00+00:00,2013-03-27 20:00:00+00:00,-1,TIME,53.200000000002134,51.59999999999831,49.59999999999831,47.59999999999831,2013-03-27 03:15:00+00:00,2013
2013-03-28 07:00:00+00:00,2013-03-28 19:00:00+00:00,1,TIME,45.59999999999897,22.300000000001763,20.300000000001763,18.300000000001763,2013-03-27 23:15:00+00:00,2013
2013-03-29 06:00:00+00:00,2013-03-29 18:00:00+00:00,-1,TIME,41.400000000000325,-17.000000000000348,-19.000000000000348,-21.000000000000348,2013-03-29 01:25:00+00:00,2013
2013-04-02 11:00:00+00:00,2013-04-02 23:00:00+00:00,-1,TIME,40.599999999999525,9.600000000000719,7.600000000000719,5.600000000000719,2013-04-02 02:10:00+00:00,2013
2013-04-04 08:00:00+00:00,2013-04-04 13:00:00+00:00,-1,STOP,52.60000000000042,-52.60000000000042,-54.60000000000042,-56.60000000000042,2013-04-04 07:50:00+00:00,2013
2013-04-05 07:00:00+00:00,2013-04-05 12:00:00+00:00,-1,STOP,41.10000000000058,-41.10000000000058,-43.10000000000058,-45.10000000000058,2013-04-05 05:30:00+00:00,2013
2013-04-08 06:00:00+00:00,2013-04-08 10:00:00+00:00,-1,STOP,42.40000000000021,-42.40000000000021,-44.40000000000021,-46.40000000000021,2013-04-08 04:30:00+00:00,2013
2013-04-10 08:00:00+00:00,2013-04-10 12:00:00+00:00,1,STOP,31.69999999999895,-31.69999999999895,-33.69999999999895,-35.69999999999895,2013-04-10 03:10:00+00:00,2013
2013-04-11 09:00:00+00:00,2013-04-11 21:00:00+00:00,1,TIME,38.89999999999949,18.20000000000155,16.20000000000155,14.200000000001548,2013-04-11 03:30:00+00:00,2013
2013-04-12 08:00:00+00:00,2013-04-12 20:00:00+00:00,-1,TIME,67.39999999999968,-38.89999999999949,-40.89999999999949,-42.89999999999949,2013-04-12 03:15:00+00:00,2013
2013-04-17 08:00:00+00:00,2013-04-17 14:00:00+00:00,-1,TARGET,42.599999999999305,63.899999999998954,61.899999999998954,59.899999999998954,2013-04-17 04:05:00+00:00,2013
2013-04-19 09:00:00+00:00,2013-04-19 21:00:00+00:00,1,TIME,50.69999999999908,-42.69999999999996,-44.69999999999996,-46.69999999999996,2013-04-19 05:25:00+00:00,2013
2013-04-22 08:00:00+00:00,2013-04-22 20:00:00+00:00,-1,TIME,48.6999999999993,-23.699999999999832,-25.699999999999832,-27.699999999999832,2013-04-22 03:30:00+00:00,2013
2013-04-23 04:00:00+00:00,2013-04-23 07:00:00+00:00,-1,STOP,34.600000000000186,-34.600000000000186,-36.600000000000186,-38.600000000000186,2013-04-23 03:35:00+00:00,2013
2013-04-24 13:00:00+00:00,2013-04-24 19:00:00+00:00,-1,STOP,38.09999999999869,-38.09999999999869,-40.09999999999869,-42.09999999999869,2013-04-24 02:40:00+00:00,2013
2013-04-29 07:00:00+00:00,2013-04-29 19:00:00+00:00,1,TIME,45.699999999999626,32.00000000000092,30.000000000000917,28.000000000000917,2013-04-29 05:00:00+00:00,2013
2013-04-30 09:00:00+00:00,2013-04-30 13:00:00+00:00,-1,STOP,55.19999999999969,-55.19999999999969,-57.19999999999969,-59.19999999999969,2013-04-30 00:15:00+00:00,2013
2013-05-01 09:00:00+00:00,2013-05-01 21:00:00+00:00,1,TIME,45.50000000000054,-12.000000000000899,-14.000000000000899,-16.0000000000009,2013-05-01 03:05:00+00:00,2013
2013-05-03 07:00:00+00:00,2013-05-03 12:00:00+00:00,1,STOP,61.80000000000074,-61.80000000000074,-63.80000000000074,-65.80000000000075,2013-05-03 03:30:00+00:00,2013
2013-05-06 11:00:00+00:00,2013-05-06 23:00:00+00:00,-1,TIME,40.10000000000069,25.599999999998957,23.599999999998957,21.599999999998957,2013-05-06 04:40:00+00:00,2013
2013-05-07 06:00:00+00:00,2013-05-07 18:00:00+00:00,1,TIME,35.10000000000124,-2.500000000000835,-4.500000000000835,-6.500000000000835,2013-05-07 02:30:00+00:00,2013
2013-05-08 07:00:00+00:00,2013-05-08 13:00:00+00:00,1,TARGET,41.199999999999015,61.79999999999852,59.79999999999852,57.79999999999852,2013-05-08 02:10:00+00:00,2013
2013-05-09 10:00:00+00:00,2013-05-09 18:00:00+00:00,-1,TARGET,41.999999999999815,62.99999999999972,60.99999999999972,58.99999999999972,2013-05-09 03:25:00+00:00,2013
2013-05-10 09:00:00+00:00,2013-05-10 21:00:00+00:00,-1,TIME,49.300000000001006,11.399999999999189,9.399999999999189,7.399999999999189,2013-05-10 07:10:00+00:00,2013
2013-05-15 07:00:00+00:00,2013-05-15 19:00:00+00:00,-1,TIME,56.59999999999998,22.699999999999942,20.699999999999942,18.699999999999942,2013-05-15 05:10:00+00:00,2013
2013-05-16 13:00:00+00:00,2013-05-17 01:00:00+00:00,1,TIME,43.50000000000076,-14.800000000001479,-16.80000000000148,-18.80000000000148,2013-05-16 04:15:00+00:00,2013
2013-05-20 04:00:00+00:00,2013-05-20 16:00:00+00:00,1,TIME,39.00000000000014,21.999999999999797,19.999999999999797,17.999999999999797,2013-05-20 02:00:00+00:00,2013
2013-05-22 14:00:00+00:00,2013-05-22 14:00:00+00:00,1,STOP,43.29999999999945,-43.29999999999945,-45.29999999999945,-47.29999999999945,2013-05-22 07:15:00+00:00,2013
2013-05-23 08:00:00+00:00,2013-05-23 15:00:00+00:00,1,TARGET,40.29999999999978,60.44999999999856,58.44999999999856,56.44999999999856,2013-05-23 06:20:00+00:00,2013
2013-05-31 09:00:00+00:00,2013-05-31 15:00:00+00:00,-1,TARGET,45.399999999999885,68.09999999999982,66.09999999999982,64.09999999999982,2013-05-31 01:55:00+00:00,2013
2013-06-06 05:00:00+00:00,2013-06-06 12:00:00+00:00,1,TARGET,37.8999999999996,56.8499999999994,54.8499999999994,52.8499999999994,2013-06-06 01:55:00+00:00,2013
2013-06-07 09:00:00+00:00,2013-06-07 11:00:00+00:00,-1,STOP,38.10000000000091,-38.10000000000091,-40.10000000000091,-42.10000000000091,2013-06-07 05:40:00+00:00,2013
2013-06-10 05:00:00+00:00,2013-06-10 15:00:00+00:00,-1,STOP,33.60000000000029,-33.60000000000029,-35.60000000000029,-37.60000000000029,2013-06-10 04:05:00+00:00,2013
2013-06-12 10:00:00+00:00,2013-06-12 14:00:00+00:00,-1,STOP,37.90000000000182,-37.90000000000182,-39.90000000000182,-41.90000000000182,2013-06-12 06:00:00+00:00,2013
2013-06-25 07:00:00+00:00,2013-06-25 12:00:00+00:00,1,STOP,40.40000000000043,-40.40000000000043,-42.40000000000043,-44.40000000000043,2013-06-25 05:40:00+00:00,2013
2013-06-27 15:00:00+00:00,2013-06-27 16:00:00+00:00,-1,STOP,39.70000000000029,-39.70000000000029,-41.70000000000029,-43.70000000000029,2013-06-27 08:20:00+00:00,2013
2013-07-01 05:00:00+00:00,2013-07-01 17:00:00+00:00,1,TIME,36.000000000000476,26.200000000000667,24.200000000000667,22.200000000000667,2013-07-01 02:15:00+00:00,2013
2013-07-02 07:00:00+00:00,2013-07-02 08:00:00+00:00,1,STOP,40.10000000000069,-40.10000000000069,-42.10000000000069,-44.10000000000069,2013-07-02 03:15:00+00:00,2013
2013-07-03 08:00:00+00:00,2013-07-03 15:00:00+00:00,-1,STOP,68.99999999999906,-68.99999999999906,-70.99999999999906,-72.99999999999906,2013-07-03 06:35:00+00:00,2013
2013-07-04 05:00:00+00:00,2013-07-04 12:00:00+00:00,-1,TARGET,34.40000000000109,51.60000000000275,49.60000000000275,47.60000000000275,2013-07-04 03:15:00+00:00,2013
2013-07-05 08:00:00+00:00,2013-07-05 12:00:00+00:00,-1,TARGET,40.70000000000018,61.05000000000027,59.05000000000027,57.05000000000027,2013-07-05 05:00:00+00:00,2013
2013-07-08 05:00:00+00:00,2013-07-08 09:00:00+00:00,-1,STOP,31.49999999999986,-31.49999999999986,-33.49999999999986,-35.49999999999986,2013-07-08 01:05:00+00:00,2013
2013-07-09 06:00:00+00:00,2013-07-09 14:00:00+00:00,1,STOP,38.19999999999934,-38.19999999999934,-40.19999999999934,-42.19999999999934,2013-07-09 01:10:00+00:00,2013
2013-07-10 06:00:00+00:00,2013-07-10 14:00:00+00:00,1,TARGET,36.49999999999931,54.74999999999896,52.74999999999896,50.74999999999896,2013-07-10 05:00:00+00:00,2013
2013-07-15 09:00:00+00:00,2013-07-15 21:00:00+00:00,-1,TIME,56.50000000000155,-35.80000000000138,-37.80000000000138,-39.80000000000138,2013-07-15 05:05:00+00:00,2013
2013-07-16 06:00:00+00:00,2013-07-16 18:00:00+00:00,1,TIME,50.299999999998676,56.2000000000018,54.2000000000018,52.2000000000018,2013-07-16 04:40:00+00:00,2013
2013-07-17 06:00:00+00:00,2013-07-17 12:00:00+00:00,-1,STOP,43.999999999999595,-43.999999999999595,-45.999999999999595,-47.999999999999595,2013-07-17 04:25:00+00:00,2013
2013-07-18 13:00:00+00:00,2013-07-19 01:00:00+00:00,-1,TIME,48.500000000000206,-16.300000000000203,-18.300000000000203,-20.300000000000203,2013-07-18 06:35:00+00:00,2013
2013-07-22 10:00:00+00:00,2013-07-22 22:00:00+00:00,1,TIME,50.799999999999734,2.100000000000435,0.10000000000043485,-1.8999999999995651,2013-07-22 06:45:00+00:00,2013
2013-07-23 10:00:00+00:00,2013-07-23 14:00:00+00:00,-1,STOP,45.999999999999375,-45.999999999999375,-47.999999999999375,-49.999999999999375,2013-07-23 01:40:00+00:00,2013
2013-07-25 07:00:00+00:00,2013-07-25 09:00:00+00:00,1,STOP,41.10000000000058,-41.10000000000058,-43.10000000000058,-45.10000000000058,2013-07-25 04:35:00+00:00,2013
2013-07-26 13:00:00+00:00,2013-07-29 00:00:00+00:00,-1,TIME,34.399999999998876,-24.299999999999322,-26.299999999999322,-28.299999999999322,2013-07-26 07:10:00+00:00,2013
2013-07-29 14:00:00+00:00,2013-07-30 02:00:00+00:00,-1,TIME,46.299999999999116,-12.199999999999989,-14.199999999999989,-16.19999999999999,2013-07-29 03:45:00+00:00,2013
2013-07-31 08:00:00+00:00,2013-07-31 12:00:00+00:00,1,STOP,45.600000000001195,-45.600000000001195,-47.600000000001195,-49.600000000001195,2013-07-31 02:30:00+00:00,2013
2013-08-02 13:00:00+00:00,2013-08-05 00:00:00+00:00,1,TIME,79.29999999999993,8.599999999998609,6.599999999998609,4.599999999998609,2013-08-02 03:45:00+00:00,2013
2013-08-05 13:00:00+00:00,2013-08-06 01:00:00+00:00,-1,TIME,45.29999999999923,-13.600000000000279,-15.600000000000279,-17.60000000000028,2013-08-05 01:40:00+00:00,2013
2013-08-06 10:00:00+00:00,2013-08-06 22:00:00+00:00,1,TIME,51.79999999999962,20.000000000000018,18.000000000000018,16.000000000000018,2013-08-06 02:05:00+00:00,2013
2013-08-07 08:00:00+00:00,2013-08-07 10:00:00+00:00,-1,STOP,34.69999999999862,-34.69999999999862,-36.69999999999862,-38.69999999999862,2013-08-07 03:00:00+00:00,2013
2013-08-08 06:00:00+00:00,2013-08-08 16:00:00+00:00,1,TARGET,34.600000000000186,51.900000000000276,49.900000000000276,47.900000000000276,2013-08-08 02:10:00+00:00,2013
2013-08-09 13:00:00+00:00,2013-08-12 00:00:00+00:00,-1,TIME,37.70000000000051,24.200000000000887,22.200000000000887,20.200000000000887,2013-08-09 01:50:00+00:00,2013
2013-08-12 08:00:00+00:00,2013-08-12 20:00:00+00:00,-1,TIME,45.20000000000079,3.2999999999994145,1.2999999999994145,-0.7000000000005855,2013-08-12 03:10:00+00:00,2013
2013-08-14 06:00:00+00:00,2013-08-14 18:00:00+00:00,1,TIME,34.399999999998876,-20.700000000000163,-22.700000000000163,-24.700000000000163,2013-08-14 03:10:00+00:00,2013
2013-08-15 03:00:00+00:00,2013-08-15 12:00:00+00:00,1,STOP,60.80000000000085,-60.80000000000085,-62.80000000000085,-64.80000000000085,2013-08-14 20:00:00+00:00,2013
2013-08-16 07:00:00+00:00,2013-08-16 12:00:00+00:00,-1,STOP,37.10000000000102,-37.10000000000102,-39.10000000000102,-41.10000000000102,2013-08-16 05:50:00+00:00,2013
2013-08-19 11:00:00+00:00,2013-08-19 23:00:00+00:00,1,TIME,47.900000000000716,-22.699999999999942,-24.699999999999942,-26.699999999999942,2013-08-19 02:35:00+00:00,2013
2013-08-21 07:00:00+00:00,2013-08-21 15:00:00+00:00,-1,TARGET,32.2,48.299999999998896,46.299999999998896,44.299999999998896,2013-08-21 01:50:00+00:00,2013
2013-08-23 05:00:00+00:00,2013-08-23 14:00:00+00:00,-1,STOP,31.90000000000026,-31.90000000000026,-33.90000000000026,-35.90000000000026,2013-08-23 03:00:00+00:00,2013
2013-08-26 07:00:00+00:00,2013-08-26 19:00:00+00:00,-1,TIME,29.200000000000337,2.5999999999992696,0.5999999999992696,-1.4000000000007304,2013-08-26 03:00:00+00:00,2013
2013-08-27 09:00:00+00:00,2013-08-27 13:00:00+00:00,-1,STOP,55.000000000000604,-55.000000000000604,-57.000000000000604,-59.000000000000604,2013-08-27 00:40:00+00:00,2013
2013-08-28 09:00:00+00:00,2013-08-28 13:00:00+00:00,-1,TARGET,34.29999999999822,51.44999999999733,49.44999999999733,47.44999999999733,2013-08-28 01:35:00+00:00,2013
2013-08-29 06:00:00+00:00,2013-08-29 10:00:00+00:00,-1,TARGET,39.1000000000008,58.65000000000231,56.65000000000231,54.65000000000231,2013-08-29 02:35:00+00:00,2013
2013-08-30 13:00:00+00:00,2013-09-02 00:00:00+00:00,-1,TIME,32.79999999999949,15.300000000000313,13.300000000000313,11.300000000000313,2013-08-30 03:35:00+00:00,2013
2013-09-02 15:00:00+00:00,2013-09-03 03:00:00+00:00,-1,TIME,36.599999999999966,-0.40000000000040004,-2.4000000000004,-4.4000000000004,2013-09-02 12:55:00+00:00,2013
2013-09-04 11:00:00+00:00,2013-09-04 23:00:00+00:00,1,TIME,27.099999999999902,23.200000000000998,21.200000000000998,19.200000000000998,2013-09-04 03:45:00+00:00,2013
2013-09-05 05:00:00+00:00,2013-09-05 10:00:00+00:00,-1,STOP,29.599999999998516,-29.599999999998516,-31.599999999998516,-33.599999999998516,2013-09-05 02:55:00+00:00,2013
2013-09-06 11:00:00+00:00,2013-09-06 12:00:00+00:00,-1,STOP,33.0000000000008,-33.0000000000008,-35.0000000000008,-37.0000000000008,2013-09-06 02:10:00+00:00,2013
2013-09-09 09:00:00+00:00,2013-09-09 15:00:00+00:00,1,TARGET,39.70000000000029,59.550000000001546,57.550000000001546,55.550000000001546,2013-09-09 02:45:00+00:00,2013
2013-09-10 09:00:00+00:00,2013-09-10 21:00:00+00:00,-1,TIME,31.200000000000117,-17.499999999999183,-19.499999999999183,-21.499999999999183,2013-09-10 03:00:00+00:00,2013
2013-09-11 02:00:00+00:00,2013-09-11 05:00:00+00:00,1,STOP,30.400000000001537,-30.400000000001537,-32.40000000000154,-34.40000000000154,2013-09-11 01:05:00+00:00,2013
2013-09-12 09:00:00+00:00,2013-09-12 14:00:00+00:00,-1,STOP,36.800000000001276,-36.800000000001276,-38.800000000001276,-40.800000000001276,2013-09-12 04:50:00+00:00,2013
2013-09-17 07:00:00+00:00,2013-09-17 19:00:00+00:00,1,TIME,28.799999999999937,3.5999999999991594,1.5999999999991594,-0.40000000000084057,2013-09-17 04:15:00+00:00,2013
2013-09-20 15:00:00+00:00,2013-09-23 00:00:00+00:00,-1,TIME,29.50000000000008,-23.599999999999177,-25.599999999999177,-27.599999999999177,2013-09-20 04:55:00+00:00,2013
2013-09-23 07:00:00+00:00,2013-09-23 07:00:00+00:00,1,STOP,28.500000000000192,-28.500000000000192,-30.500000000000192,-32.50000000000019,2013-09-23 03:00:00+00:00,2013
2013-09-23 08:00:00+00:00,2013-09-23 20:00:00+00:00,-1,TIME,35.199999999999676,15.100000000001224,13.100000000001224,11.100000000001224,2013-09-23 07:15:00+00:00,2013
2013-09-24 10:00:00+00:00,2013-09-24 22:00:00+00:00,-1,TIME,31.799999999999606,12.100000000001554,10.100000000001554,8.100000000001554,2013-09-24 02:35:00+00:00,2013
2013-09-25 04:00:00+00:00,2013-09-25 08:00:00+00:00,-1,STOP,29.50000000000008,-29.50000000000008,-31.50000000000008,-33.500000000000085,2013-09-25 00:55:00+00:00,2013
2013-09-26 10:00:00+00:00,2013-09-26 22:00:00+00:00,-1,TIME,45.799999999998064,4.3999999999999595,2.3999999999999595,0.3999999999999595,2013-09-26 03:05:00+00:00,2013
2013-09-27 08:00:00+00:00,2013-09-27 11:00:00+00:00,1,TARGET,23.999999999999577,36.000000000000476,34.000000000000476,32.000000000000476,2013-09-27 02:10:00+00:00,2013
2013-10-01 05:00:00+00:00,2013-10-01 14:00:00+00:00,1,STOP,28.900000000000592,-28.900000000000592,-30.900000000000592,-32.90000000000059,2013-10-01 03:00:00+00:00,2013
2013-10-02 13:00:00+00:00,2013-10-03 01:00:00+00:00,1,TIME,74.39999999999891,1.500000000000945,-0.499999999999055,-2.499999999999055,2013-10-02 07:50:00+00:00,2013
2013-10-03 03:00:00+00:00,2013-10-03 15:00:00+00:00,1,TARGET,27.900000000000702,41.85000000000105,39.85000000000105,37.85000000000105,2013-10-03 01:35:00+00:00,2013
2013-10-04 09:00:00+00:00,2013-10-04 16:00:00+00:00,-1,TARGET,28.700000000001502,43.05000000000225,41.05000000000225,39.05000000000225,2013-10-04 04:05:00+00:00,2013
2013-10-07 07:00:00+00:00,2013-10-07 14:00:00+00:00,1,STOP,28.29999999999888,-28.29999999999888,-30.29999999999888,-32.29999999999888,2013-10-07 05:40:00+00:00,2013
2013-10-08 14:00:00+00:00,2013-10-09 02:00:00+00:00,1,TIME,33.30000000000055,-23.600000000001398,-25.600000000001398,-27.600000000001398,2013-10-08 02:55:00+00:00,2013
2013-10-14 13:00:00+00:00,2013-10-15 01:00:00+00:00,1,TIME,41.59999999999941,-33.799999999999386,-35.799999999999386,-37.799999999999386,2013-10-14 12:00:00+00:00,2013
2013-10-15 09:00:00+00:00,2013-10-15 10:00:00+00:00,-1,TARGET,33.70000000000095,50.55000000000032,48.55000000000032,46.55000000000032,2013-10-15 05:00:00+00:00,2013
2013-10-18 07:00:00+00:00,2013-10-18 19:00:00+00:00,1,TIME,31.90000000000026,-9.40000000000163,-11.40000000000163,-13.40000000000163,2013-10-18 01:15:00+00:00,2013
2013-10-21 09:00:00+00:00,2013-10-21 21:00:00+00:00,-1,TIME,27.29999999999899,-9.600000000000719,-11.600000000000719,-13.600000000000719,2013-10-21 03:15:00+00:00,2013
2013-10-22 13:00:00+00:00,2013-10-23 01:00:00+00:00,1,TIME,62.59999999999932,55.400000000001,53.400000000001,51.400000000001,2013-10-22 02:15:00+00:00,2013
2013-10-23 08:00:00+00:00,2013-10-23 13:00:00+00:00,-1,STOP,37.30000000000011,-37.30000000000011,-39.30000000000011,-41.30000000000011,2013-10-23 02:20:00+00:00,2013
2013-10-24 06:00:00+00:00,2013-10-24 08:00:00+00:00,1,STOP,39.00000000000014,-39.00000000000014,-41.00000000000014,-43.00000000000014,2013-10-24 02:15:00+00:00,2013
2013-10-28 13:00:00+00:00,2013-10-29 01:00:00+00:00,-1,TIME,29.399999999999427,5.9000000000009045,3.9000000000009045,1.9000000000009045,2013-10-28 01:15:00+00:00,2013
2013-10-29 09:00:00+00:00,2013-10-29 14:00:00+00:00,-1,STOP,31.70000000000117,-31.70000000000117,-33.70000000000117,-35.70000000000117,2013-10-29 07:45:00+00:00,2013
2013-10-30 09:00:00+00:00,2013-10-30 18:00:00+00:00,1,STOP,35.199999999999676,-35.199999999999676,-37.199999999999676,-39.199999999999676,2013-10-30 04:15:00+00:00,2013
2013-11-04 04:00:00+00:00,2013-11-04 08:00:00+00:00,-1,STOP,28.89999999999837,-28.89999999999837,-30.89999999999837,-32.89999999999837,2013-11-04 01:10:00+00:00,2013
2013-11-05 08:00:00+00:00,2013-11-05 20:00:00+00:00,-1,TIME,33.0000000000008,17.799999999998928,15.799999999998928,13.799999999998928,2013-11-05 02:25:00+00:00,2013
2013-11-07 13:00:00+00:00,2013-11-08 01:00:00+00:00,-1,TIME,157.59999999999997,-36.49999999999931,-38.49999999999931,-40.49999999999931,2013-11-07 06:10:00+00:00,2013
2013-11-11 08:00:00+00:00,2013-11-11 20:00:00+00:00,1,TIME,29.200000000000337,33.599999999998076,31.599999999998076,29.599999999998076,2013-11-11 04:00:00+00:00,2013
2013-11-12 06:00:00+00:00,2013-11-12 13:00:00+00:00,-1,STOP,28.600000000000847,-28.600000000000847,-30.600000000000847,-32.60000000000085,2013-11-11 22:10:00+00:00,2013
2013-11-13 05:00:00+00:00,2013-11-13 09:00:00+00:00,1,STOP,29.29999999999877,-29.29999999999877,-31.29999999999877,-33.299999999998775,2013-11-13 03:20:00+00:00,2013
2013-11-15 10:00:00+00:00,2013-11-15 13:00:00+00:00,-1,STOP,27.500000000000302,-27.500000000000302,-29.500000000000302,-31.500000000000302,2013-11-15 06:15:00+00:00,2013
2013-11-18 08:00:00+00:00,2013-11-18 20:00:00+00:00,1,TIME,33.70000000000095,-4.300000000001525,-6.300000000001525,-8.300000000001525,2013-11-18 02:25:00+00:00,2013
2013-11-19 11:00:00+00:00,2013-11-19 14:00:00+00:00,-1,STOP,28.900000000000592,-28.900000000000592,-30.900000000000592,-32.90000000000059,2013-11-19 04:50:00+00:00,2013
2013-11-25 10:00:00+00:00,2013-11-25 22:00:00+00:00,-1,TIME,40.200000000001346,0.2999999999997449,-1.700000000000255,-3.700000000000255,2013-11-25 04:10:00+00:00,2013
2013-11-26 09:00:00+00:00,2013-11-26 21:00:00+00:00,1,TIME,44.90000000000105,13.300000000000534,11.300000000000534,9.300000000000534,2013-11-26 06:30:00+00:00,2013
2013-11-28 09:00:00+00:00,2013-11-28 21:00:00+00:00,1,TIME,48.19999999999824,-2.2999999999995246,-4.299999999999525,-6.299999999999525,2013-11-28 03:00:00+00:00,2013
2013-11-29 01:00:00+00:00,2013-11-29 13:00:00+00:00,1,TIME,25.299999999999212,0.5999999999994898,-1.4000000000005102,-3.40000000000051,2013-11-28 21:05:00+00:00,2013
2013-12-03 09:00:00+00:00,2013-12-03 21:00:00+00:00,1,TIME,42.800000000000615,21.599999999999397,19.599999999999397,17.599999999999397,2013-12-03 04:35:00+00:00,2013
2013-12-04 07:00:00+00:00,2013-12-04 14:00:00+00:00,-1,TARGET,28.999999999999027,43.499999999998536,41.499999999998536,39.499999999998536,2013-12-04 04:55:00+00:00,2013
2013-12-09 09:00:00+00:00,2013-12-09 21:00:00+00:00,1,TIME,33.60000000000029,24.699999999999722,22.699999999999722,20.699999999999722,2013-12-09 03:25:00+00:00,2013
2013-12-10 15:00:00+00:00,2013-12-11 03:00:00+00:00,1,TIME,46.500000000000426,-34.399999999998876,-36.399999999998876,-38.399999999998876,2013-12-10 12:55:00+00:00,2013
2013-12-11 15:00:00+00:00,2013-12-12 03:00:00+00:00,1,TIME,40.000000000000036,6.399999999999739,4.399999999999739,2.3999999999997392,2013-12-11 03:50:00+00:00,2013
2013-12-12 10:00:00+00:00,2013-12-12 22:00:00+00:00,-1,TIME,33.49999999999964,14.700000000000824,12.700000000000824,10.700000000000824,2013-12-12 06:15:00+00:00,2013
2013-12-13 11:00:00+00:00,2013-12-13 23:00:00+00:00,-1,TIME,54.00000000000071,-30.000000000001137,-32.00000000000114,-34.00000000000114,2013-12-13 03:25:00+00:00,2013
2013-12-16 10:00:00+00:00,2013-12-16 22:00:00+00:00,1,TIME,36.599999999999966,-8.300000000001084,-10.300000000001084,-12.300000000001084,2013-12-16 08:35:00+00:00,2013
2013-12-17 06:00:00+00:00,2013-12-17 14:00:00+00:00,1,STOP,30.90000000000037,-30.90000000000037,-32.900000000000375,-34.900000000000375,2013-12-17 03:50:00+00:00,2013
2013-12-18 13:00:00+00:00,2013-12-18 18:00:00+00:00,-1,STOP,29.69999999999917,-29.69999999999917,-31.69999999999917,-33.69999999999917,2013-12-18 04:20:00+00:00,2013
2013-12-23 13:00:00+00:00,2013-12-24 01:00:00+00:00,1,TIME,31.69999999999895,-11.399999999999189,-13.399999999999189,-15.399999999999189,2013-12-23 03:55:00+00:00,2013
2013-12-24 14:00:00+00:00,2013-12-25 02:00:00+00:00,-1,TIME,28.89999999999837,4.8000000000003595,2.8000000000003595,0.8000000000003595,2013-12-24 10:30:00+00:00,2013
2013-12-27 01:00:00+00:00,2013-12-27 06:00:00+00:00,1,TARGET,31.70000000000117,47.55000000000287,45.55000000000287,43.55000000000287,2013-12-26 16:20:00+00:00,2013
2013-12-31 07:00:00+00:00,2013-12-31 19:00:00+00:00,-1,TIME,30.600000000000627,10.200000000000209,8.200000000000209,6.200000000000209,2013-12-31 03:00:00+00:00,2013
2014-01-07 11:00:00+00:00,2014-01-07 15:00:00+00:00,1,STOP,31.30000000000077,-31.30000000000077,-33.30000000000077,-35.30000000000077,2014-01-07 09:20:00+00:00,2014
2014-01-10 11:00:00+00:00,2014-01-10 13:00:00+00:00,-1,STOP,29.09999999999968,-29.09999999999968,-31.09999999999968,-33.09999999999968,2014-01-10 08:20:00+00:00,2014
2014-01-13 14:00:00+00:00,2014-01-14 02:00:00+00:00,-1,TIME,37.39999999999854,-10.699999999999044,-12.699999999999044,-14.699999999999044,2014-01-13 03:30:00+00:00,2014
2014-01-14 09:00:00+00:00,2014-01-14 21:00:00+00:00,1,TIME,30.200000000000227,-1.40000000000029,-3.40000000000029,-5.40000000000029,2014-01-14 06:35:00+00:00,2014
2014-01-17 10:00:00+00:00,2014-01-17 15:00:00+00:00,-1,TARGET,26.900000000000812,40.350000000002325,38.350000000002325,36.350000000002325,2014-01-17 06:50:00+00:00,2014
2014-01-23 08:00:00+00:00,2014-01-23 15:00:00+00:00,1,TARGET,57.10000000000104,85.65000000000155,83.65000000000155,81.65000000000155,2014-01-23 04:50:00+00:00,2014
2014-01-24 09:00:00+00:00,2014-01-24 11:00:00+00:00,-1,STOP,26.200000000000667,-26.200000000000667,-28.200000000000667,-30.200000000000667,2014-01-24 05:50:00+00:00,2014
2014-01-27 09:00:00+00:00,2014-01-27 11:00:00+00:00,1,STOP,29.50000000000008,-29.50000000000008,-31.50000000000008,-33.500000000000085,2014-01-27 01:05:00+00:00,2014
2014-01-28 07:00:00+00:00,2014-01-28 09:00:00+00:00,1,STOP,31.200000000000117,-31.200000000000117,-33.20000000000012,-35.20000000000012,2014-01-28 01:20:00+00:00,2014
2014-01-29 09:00:00+00:00,2014-01-29 12:00:00+00:00,1,STOP,27.800000000000047,-27.800000000000047,-29.800000000000047,-31.800000000000047,2014-01-29 02:55:00+00:00,2014
2014-01-31 07:00:00+00:00,2014-01-31 11:00:00+00:00,-1,STOP,29.09999999999968,-29.09999999999968,-31.09999999999968,-33.09999999999968,2014-01-31 03:45:00+00:00,2014
2014-02-03 10:00:00+00:00,2014-02-03 22:00:00+00:00,1,TIME,28.900000000000592,16.00000000000046,14.000000000000458,12.000000000000458,2014-02-03 06:45:00+00:00,2014
2014-02-05 16:00:00+00:00,2014-02-06 04:00:00+00:00,1,TIME,27.700000000001612,-10.200000000000209,-12.200000000000209,-14.200000000000209,2014-02-05 04:50:00+00:00,2014
2014-02-06 13:00:00+00:00,2014-02-06 13:00:00+00:00,-1,STOP,34.69999999999862,-34.69999999999862,-36.69999999999862,-38.69999999999862,2014-02-06 12:40:00+00:00,2014
2014-02-07 09:00:00+00:00,2014-02-07 13:00:00+00:00,-1,STOP,50.100000000001806,-50.100000000001806,-52.100000000001806,-54.100000000001806,2014-02-07 03:15:00+00:00,2014
2014-02-10 09:00:00+00:00,2014-02-10 21:00:00+00:00,1,TIME,34.999999999998366,-0.2999999999997449,-2.299999999999745,-4.299999999999745,2014-02-10 05:30:00+00:00,2014
2014-02-11 01:00:00+00:00,2014-02-11 13:00:00+00:00,1,TIME,44.899999999998826,4.20000000000087,2.2000000000008697,0.2000000000008697,2014-02-10 23:15:00+00:00,2014
2014-02-12 12:00:00+00:00,2014-02-13 00:00:00+00:00,-1,TIME,77.19999999999949,-11.200000000000099,-13.200000000000099,-15.200000000000099,2014-02-12 05:50:00+00:00,2014
2014-02-14 08:00:00+00:00,2014-02-14 20:00:00+00:00,1,TIME,44.30000000000156,-8.40000000000174,-10.40000000000174,-12.40000000000174,2014-02-14 01:00:00+00:00,2014
2014-02-19 10:00:00+00:00,2014-02-19 22:00:00+00:00,-1,TIME,24.600000000001288,15.699999999998493,13.699999999998493,11.699999999998493,2014-02-19 02:10:00+00:00,2014
2014-02-21 15:00:00+00:00,2014-02-24 00:00:00+00:00,1,TIME,50.39999999999933,-7.999999999999119,-9.999999999999119,-11.999999999999119,2014-02-21 05:25:00+00:00,2014
2014-02-24 09:00:00+00:00,2014-02-24 12:00:00+00:00,1,STOP,28.900000000000592,-28.900000000000592,-30.900000000000592,-32.90000000000059,2014-02-24 05:10:00+00:00,2014
2014-02-25 08:00:00+00:00,2014-02-25 15:00:00+00:00,1,STOP,29.400000000001647,-29.400000000001647,-31.400000000001647,-33.40000000000165,2014-02-25 03:55:00+00:00,2014
2014-02-26 13:00:00+00:00,2014-02-26 14:00:00+00:00,-1,TARGET,30.799999999999716,46.19999999999846,44.19999999999846,42.19999999999846,2014-02-26 04:05:00+00:00,2014
2014-02-27 09:00:00+00:00,2014-02-27 16:00:00+00:00,-1,STOP,34.30000000000044,-34.30000000000044,-36.30000000000044,-38.30000000000044,2014-02-27 06:10:00+00:00,2014
2014-02-28 05:00:00+00:00,2014-02-28 09:00:00+00:00,-1,STOP,26.49999999999819,-26.49999999999819,-28.49999999999819,-30.49999999999819,2014-02-28 04:15:00+00:00,2014
2014-03-04 07:00:00+00:00,2014-03-04 19:00:00+00:00,1,TIME,31.49999999999986,-17.099999999998783,-19.099999999998783,-21.099999999998783,2014-03-04 06:00:00+00:00,2014
2014-03-05 11:00:00+00:00,2014-03-05 23:00:00+00:00,-1,TIME,31.600000000000517,-17.599999999999838,-19.599999999999838,-21.599999999999838,2014-03-05 03:15:00+00:00,2014
2014-03-06 05:00:00+00:00,2014-03-06 11:00:00+00:00,-1,STOP,22.800000000000598,-22.800000000000598,-24.800000000000598,-26.800000000000598,2014-03-06 03:00:00+00:00,2014
2014-03-07 09:00:00+00:00,2014-03-07 11:00:00+00:00,1,TARGET,25.699999999999612,38.549999999999415,36.549999999999415,34.549999999999415,2014-03-07 05:00:00+00:00,2014
2014-03-10 08:00:00+00:00,2014-03-10 15:00:00+00:00,1,STOP,28.099999999999792,-28.099999999999792,-30.099999999999792,-32.099999999999795,2014-03-10 04:50:00+00:00,2014
2014-03-11 08:00:00+00:00,2014-03-11 20:00:00+00:00,-1,TIME,37.400000000000766,-9.300000000000974,-11.300000000000974,-13.300000000000974,2014-03-11 01:55:00+00:00,2014
2014-03-12 08:00:00+00:00,2014-03-12 12:00:00+00:00,-1,STOP,27.399999999999647,-27.399999999999647,-29.399999999999647,-31.399999999999647,2014-03-12 01:35:00+00:00,2014
2014-03-13 05:00:00+00:00,2014-03-13 17:00:00+00:00,1,STOP,51.20000000000013,-51.20000000000013,-53.20000000000013,-55.20000000000013,2014-03-13 03:20:00+00:00,2014
2014-03-17 08:00:00+00:00,2014-03-17 13:00:00+00:00,-1,STOP,38.09999999999869,-38.09999999999869,-40.09999999999869,-42.09999999999869,2014-03-17 04:05:00+00:00,2014
2014-03-18 08:00:00+00:00,2014-03-18 11:00:00+00:00,-1,STOP,21.100000000000563,-21.100000000000563,-23.100000000000563,-25.100000000000563,2014-03-18 02:50:00+00:00,2014
2014-03-19 10:00:00+00:00,2014-03-19 18:00:00+00:00,-1,TARGET,26.399999999999757,39.59999999999963,37.59999999999963,35.59999999999963,2014-03-19 04:40:00+00:00,2014
2014-03-21 10:00:00+00:00,2014-03-21 22:00:00+00:00,1,TIME,28.200000000000447,-2.80000000000058,-4.80000000000058,-6.80000000000058,2014-03-21 03:35:00+00:00,2014
2014-03-24 06:00:00+00:00,2014-03-24 09:00:00+00:00,1,STOP,25.599999999998957,-25.599999999998957,-27.599999999998957,-29.599999999998957,2014-03-24 03:10:00+00:00,2014
2014-03-25 10:00:00+00:00,2014-03-25 16:00:00+00:00,-1,TARGET,38.60000000000196,57.90000000000184,55.90000000000184,53.90000000000184,2014-03-25 06:10:00+00:00,2014
2014-03-26 09:00:00+00:00,2014-03-26 21:00:00+00:00,-1,TIME,33.799999999999386,17.400000000000748,15.400000000000748,13.400000000000748,2014-03-26 06:00:00+00:00,2014
2014-03-27 08:00:00+00:00,2014-03-27 16:00:00+00:00,-1,TARGET,24.699999999999722,37.05000000000069,35.05000000000069,33.05000000000069,2014-03-27 05:55:00+00:00,2014
2014-03-28 09:00:00+00:00,2014-03-28 13:00:00+00:00,-1,STOP,40.19999999999912,-40.19999999999912,-42.19999999999912,-44.19999999999912,2014-03-28 04:00:00+00:00,2014
2014-03-31 10:00:00+00:00,2014-03-31 22:00:00+00:00,1,TIME,40.19999999999912,-10.900000000000354,-12.900000000000354,-14.900000000000354,2014-03-31 02:05:00+00:00,2014
2014-04-01 08:00:00+00:00,2014-04-01 20:00:00+00:00,1,TIME,32.09999999999935,1.40000000000029,-0.5999999999997101,-2.59999999999971,2014-04-01 03:25:00+00:00,2014
2014-04-02 11:00:00+00:00,2014-04-02 23:00:00+00:00,-1,TIME,27.800000000000047,21.700000000000053,19.700000000000053,17.700000000000053,2014-04-01 23:45:00+00:00,2014
2014-04-03 14:00:00+00:00,2014-04-04 02:00:00+00:00,-1,TIME,56.89999999999973,4.100000000000215,2.1000000000002146,0.10000000000021458,2014-04-03 02:05:00+00:00,2014
2014-04-07 07:00:00+00:00,2014-04-07 19:00:00+00:00,1,TIME,28.799999999999937,28.29999999999888,26.29999999999888,24.29999999999888,2014-04-07 02:45:00+00:00,2014
2014-04-08 08:00:00+00:00,2014-04-08 20:00:00+00:00,1,TIME,34.09999999999913,34.19999999999978,32.19999999999978,30.199999999999783,2014-04-08 01:05:00+00:00,2014
2014-04-11 08:00:00+00:00,2014-04-11 11:00:00+00:00,1,STOP,25.999999999999357,-25.999999999999357,-27.999999999999357,-29.999999999999357,2014-04-11 02:45:00+00:00,2014
2014-04-15 08:00:00+00:00,2014-04-15 20:00:00+00:00,-1,TIME,33.30000000000055,-9.300000000000974,-11.300000000000974,-13.300000000000974,2014-04-14 20:45:00+00:00,2014
2014-04-16 06:00:00+00:00,2014-04-16 18:00:00+00:00,1,TIME,27.500000000000302,-3.6999999999998145,-5.6999999999998145,-7.6999999999998145,2014-04-16 03:00:00+00:00,2014
2014-04-21 15:00:00+00:00,2014-04-22 03:00:00+00:00,-1,TIME,27.200000000000557,7.600000000000939,5.600000000000939,3.6000000000009393,2014-04-21 13:15:00+00:00,2014
2014-04-23 07:00:00+00:00,2014-04-23 19:00:00+00:00,1,TIME,28.099999999999792,-7.399999999999629,-9.399999999999629,-11.399999999999629,2014-04-23 03:50:00+00:00,2014
2014-04-24 13:00:00+00:00,2014-04-25 01:00:00+00:00,-1,TIME,43.799999999998285,-34.69999999999862,-36.69999999999862,-38.69999999999862,2014-04-24 02:30:00+00:00,2014
2014-04-25 10:00:00+00:00,2014-04-25 22:00:00+00:00,1,TIME,26.699999999999502,-8.500000000000174,-10.500000000000174,-12.500000000000174,2014-04-25 02:40:00+00:00,2014
2014-04-29 06:00:00+00:00,2014-04-29 12:00:00+00:00,1,STOP,23.700000000002053,-23.700000000002053,-25.700000000002053,-27.700000000002053,2014-04-29 04:15:00+00:00,2014
2014-04-30 06:00:00+00:00,2014-04-30 09:00:00+00:00,-1,STOP,25.900000000000922,-25.900000000000922,-27.900000000000922,-29.900000000000922,2014-04-30 01:05:00+00:00,2014
2014-05-01 07:00:00+00:00,2014-05-01 19:00:00+00:00,1,TIME,33.70000000000095,-21.899999999999142,-23.899999999999142,-25.899999999999142,2014-05-01 00:50:00+00:00,2014
2014-05-02 02:00:00+00:00,2014-05-02 12:00:00+00:00,-1,TARGET,25.599999999998957,38.399999999998435,36.399999999998435,34.399999999998435,2014-05-01 21:10:00+00:00,2014
2014-05-05 13:00:00+00:00,2014-05-06 01:00:00+00:00,1,TIME,24.300000000001543,-8.500000000000174,-10.500000000000174,-12.500000000000174,2014-05-05 03:00:00+00:00,2014
2014-05-07 06:00:00+00:00,2014-05-07 18:00:00+00:00,-1,TIME,22.299999999999542,3.1000000000003247,1.1000000000003247,-0.8999999999996753,2014-05-07 01:05:00+00:00,2014
2014-05-08 08:00:00+00:00,2014-05-08 11:00:00+00:00,1,TARGET,20.099999999998452,30.14999999999768,28.14999999999768,26.14999999999768,2014-05-08 02:50:00+00:00,2014
2014-05-12 06:00:00+00:00,2014-05-12 18:00:00+00:00,1,TIME,18.60000000000195,-5.399999999999849,-7.399999999999849,-9.39999999999985,2014-05-12 04:55:00+00:00,2014
2014-05-15 08:00:00+00:00,2014-05-15 15:00:00+00:00,-1,STOP,48.299999999998896,-48.299999999998896,-50.299999999998896,-52.299999999998896,2014-05-14 23:50:00+00:00,2014
2014-05-16 11:00:00+00:00,2014-05-16 23:00:00+00:00,-1,TIME,27.29999999999899,0.20000000000131024,-1.7999999999986898,-3.7999999999986898,2014-05-16 03:40:00+00:00,2014
2014-05-19 08:00:00+00:00,2014-05-19 20:00:00+00:00,1,TIME,25.299999999999212,-8.099999999999774,-10.099999999999774,-12.099999999999774,2014-05-19 02:45:00+00:00,2014
2014-05-20 07:00:00+00:00,2014-05-20 19:00:00+00:00,-1,TIME,27.599999999998737,-2.1999999999988695,-4.1999999999988695,-6.1999999999988695,2014-05-20 02:50:00+00:00,2014
2014-05-21 06:00:00+00:00,2014-05-21 10:00:00+00:00,1,STOP,19.299999999999873,-19.299999999999873,-21.299999999999873,-23.299999999999873,2014-05-20 21:25:00+00:00,2014
2014-05-23 09:00:00+00:00,2014-05-23 21:00:00+00:00,-1,TIME,39.59999999999963,-7.699999999999374,-9.699999999999374,-11.699999999999374,2014-05-23 02:50:00+00:00,2014
2014-05-26 08:00:00+00:00,2014-05-26 20:00:00+00:00,1,TIME,23.499999999998522,6.399999999999739,4.399999999999739,2.3999999999997392,2014-05-26 02:25:00+00:00,2014
2014-05-28 08:00:00+00:00,2014-05-28 14:00:00+00:00,-1,TARGET,17.899999999999583,26.850000000000485,24.850000000000485,22.850000000000485,2014-05-28 06:05:00+00:00,2014
2014-05-29 03:00:00+00:00,2014-05-29 07:00:00+00:00,1,STOP,17.700000000000493,-17.700000000000493,-19.700000000000493,-21.700000000000493,2014-05-29 01:25:00+00:00,2014
2014-05-30 13:00:00+00:00,2014-05-30 14:00:00+00:00,1,TARGET,18.700000000000383,28.049999999999464,26.049999999999464,24.049999999999464,2014-05-30 03:25:00+00:00,2014
2014-06-02 08:00:00+00:00,2014-06-02 20:00:00+00:00,-1,TIME,30.49999999999997,9.500000000000064,7.500000000000064,5.500000000000064,2014-06-02 07:00:00+00:00,2014
2014-06-03 10:00:00+00:00,2014-06-03 12:00:00+00:00,1,TARGET,20.799999999998597,31.199999999997896,29.199999999997896,27.199999999997896,2014-06-03 03:30:00+00:00,2014
2014-06-05 09:00:00+00:00,2014-06-05 11:00:00+00:00,1,STOP,19.100000000000783,-19.100000000000783,-21.100000000000783,-23.100000000000783,2014-06-05 04:45:00+00:00,2014
2014-06-06 08:00:00+00:00,2014-06-06 09:00:00+00:00,-1,TARGET,17.599999999999838,26.399999999999757,24.399999999999757,22.399999999999757,2014-06-06 06:30:00+00:00,2014
2014-06-09 07:00:00+00:00,2014-06-09 09:00:00+00:00,1,STOP,35.199999999999676,-35.199999999999676,-37.199999999999676,-39.199999999999676,2014-06-09 02:05:00+00:00,2014
2014-06-10 09:00:00+00:00,2014-06-10 21:00:00+00:00,-1,TIME,43.10000000000036,10.699999999999044,8.699999999999044,6.699999999999044,2014-06-10 01:15:00+00:00,2014
2014-06-16 06:00:00+00:00,2014-06-16 07:00:00+00:00,1,STOP,21.100000000000563,-21.100000000000563,-23.100000000000563,-25.100000000000563,2014-06-16 04:40:00+00:00,2014
2014-06-18 09:00:00+00:00,2014-06-18 14:00:00+00:00,1,TARGET,17.700000000000493,26.55000000000074,24.55000000000074,22.55000000000074,2014-06-18 00:40:00+00:00,2014
2014-06-20 05:00:00+00:00,2014-06-20 10:00:00+00:00,1,STOP,23.499999999998522,-23.499999999998522,-25.499999999998522,-27.499999999998522,2014-06-20 04:00:00+00:00,2014
2014-06-24 07:00:00+00:00,2014-06-24 15:00:00+00:00,1,STOP,25.600000000001177,-25.600000000001177,-27.600000000001177,-29.600000000001177,2014-06-24 02:20:00+00:00,2014
2014-06-25 07:00:00+00:00,2014-06-25 12:00:00+00:00,1,TARGET,17.599999999999838,26.399999999999757,24.399999999999757,22.399999999999757,2014-06-25 06:00:00+00:00,2014
2014-06-26 08:00:00+00:00,2014-06-26 13:00:00+00:00,-1,TARGET,22.900000000001253,34.350000000002986,32.350000000002986,30.350000000002986,2014-06-26 01:00:00+00:00,2014
2014-06-27 07:00:00+00:00,2014-06-27 19:00:00+00:00,1,TIME,26.500000000000412,11.399999999999189,9.399999999999189,7.399999999999189,2014-06-27 03:45:00+00:00,2014
2014-06-30 08:00:00+00:00,2014-06-30 14:00:00+00:00,1,TARGET,21.700000000000053,32.550000000000075,30.550000000000075,28.550000000000075,2014-06-30 03:50:00+00:00,2014
2014-07-01 07:00:00+00:00,2014-07-01 14:00:00+00:00,-1,STOP,15.099999999999003,-15.099999999999003,-17.099999999999003,-19.099999999999003,2014-07-01 02:55:00+00:00,2014
2014-07-02 05:00:00+00:00,2014-07-02 12:00:00+00:00,-1,TARGET,20.999999999999908,31.49999999999986,29.49999999999986,27.49999999999986,2014-07-02 02:05:00+00:00,2014
2014-07-03 08:00:00+00:00,2014-07-03 12:00:00+00:00,1,STOP,21.499999999998742,-21.499999999998742,-23.499999999998742,-25.499999999998742,2014-07-03 00:15:00+00:00,2014
2014-07-04 08:00:00+00:00,2014-07-04 20:00:00+00:00,-1,TIME,29.399999999999427,-2.4000000000001798,-4.40000000000018,-6.40000000000018,2014-07-04 01:15:00+00:00,2014
2014-07-07 07:00:00+00:00,2014-07-07 08:00:00+00:00,-1,STOP,21.100000000000563,-21.100000000000563,-23.100000000000563,-25.100000000000563,2014-07-07 04:00:00+00:00,2014
2014-07-08 14:00:00+00:00,2014-07-09 02:00:00+00:00,1,TIME,24.500000000000632,0.8999999999992347,-1.1000000000007653,-3.1000000000007653,2014-07-08 12:30:00+00:00,2014
2014-07-10 10:00:00+00:00,2014-07-10 22:00:00+00:00,-1,TIME,25.199999999998557,17.500000000001403,15.500000000001403,13.500000000001403,2014-07-10 06:20:00+00:00,2014
2014-07-11 09:00:00+00:00,2014-07-11 21:00:00+00:00,1,TIME,22.599999999999287,-7.199999999998319,-9.199999999998319,-11.199999999998319,2014-07-11 02:15:00+00:00,2014
2014-07-15 09:00:00+00:00,2014-07-15 14:00:00+00:00,-1,TARGET,21.799999999998487,32.69999999999662,30.69999999999662,28.69999999999662,2014-07-15 03:40:00+00:00,2014
2014-07-16 05:00:00+00:00,2014-07-16 12:00:00+00:00,-1,TARGET,20.400000000000418,30.600000000000627,28.600000000000627,26.600000000000627,2014-07-16 02:40:00+00:00,2014
2014-07-18 09:00:00+00:00,2014-07-18 13:00:00+00:00,1,STOP,20.299999999999763,-20.299999999999763,-22.299999999999763,-24.299999999999763,2014-07-18 04:05:00+00:00,2014
2014-07-23 08:00:00+00:00,2014-07-23 20:00:00+00:00,-1,TIME,19.000000000000128,-5.800000000000249,-7.800000000000249,-9.80000000000025,2014-07-23 01:30:00+00:00,2014
2014-07-24 07:00:00+00:00,2014-07-24 07:00:00+00:00,-1,STOP,20.500000000001073,-20.500000000001073,-22.500000000001073,-24.500000000001073,2014-07-24 02:10:00+00:00,2014
2014-07-25 09:00:00+00:00,2014-07-25 21:00:00+00:00,-1,TIME,29.400000000001647,16.999999999998128,14.999999999998128,12.999999999998128,2014-07-25 00:05:00+00:00,2014
2014-07-28 11:00:00+00:00,2014-07-28 23:00:00+00:00,1,TIME,17.699999999998273,-0.700000000000145,-2.700000000000145,-4.700000000000145,2014-07-28 02:05:00+00:00,2014
2014-07-30 08:00:00+00:00,2014-07-30 14:00:00+00:00,-1,TARGET,20.299999999999763,30.449999999999644,28.449999999999644,26.449999999999644,2014-07-30 01:45:00+00:00,2014
2014-07-31 12:00:00+00:00,2014-08-01 00:00:00+00:00,-1,TIME,17.20000000000166,-4.699999999999704,-6.699999999999704,-8.699999999999704,2014-07-31 06:35:00+00:00,2014
2014-08-01 10:00:00+00:00,2014-08-01 12:00:00+00:00,1,TARGET,17.000000000000348,25.500000000000522,23.500000000000522,21.500000000000522,2014-08-01 01:55:00+00:00,2014
2014-08-04 16:00:00+00:00,2014-08-05 04:00:00+00:00,-1,TIME,18.899999999999473,-5.699999999999594,-7.699999999999594,-9.699999999999594,2014-08-04 06:20:00+00:00,2014
2014-08-13 08:00:00+00:00,2014-08-13 12:00:00+00:00,-1,STOP,18.100000000000893,-18.100000000000893,-20.100000000000893,-22.100000000000893,2014-08-13 03:05:00+00:00,2014
2014-08-14 10:00:00+00:00,2014-08-14 22:00:00+00:00,1,TIME,24.300000000001543,-16.500000000001513,-18.500000000001513,-20.500000000001513,2014-08-14 05:10:00+00:00,2014
2014-08-15 08:00:00+00:00,2014-08-15 12:00:00+00:00,1,TARGET,18.20000000000155,27.300000000003433,25.300000000003433,23.300000000003433,2014-08-15 04:05:00+00:00,2014
2014-08-18 07:00:00+00:00,2014-08-18 14:00:00+00:00,-1,TARGET,14.700000000000824,22.050000000000125,20.050000000000125,18.050000000000125,2014-08-18 05:10:00+00:00,2014
2014-08-19 07:00:00+00:00,2014-08-19 14:00:00+00:00,-1,TARGET,22.500000000000853,33.75000000000128,31.75000000000128,29.75000000000128,2014-08-19 01:55:00+00:00,2014
2014-08-20 03:00:00+00:00,2014-08-20 10:00:00+00:00,-1,TARGET,19.700000000000273,29.55000000000041,27.55000000000041,25.55000000000041,2014-08-20 00:55:00+00:00,2014
2014-08-22 06:00:00+00:00,2014-08-22 09:00:00+00:00,1,STOP,17.099999999998783,-17.099999999998783,-19.099999999998783,-21.099999999998783,2014-08-22 02:35:00+00:00,2014
2014-08-29 07:00:00+00:00,2014-08-29 09:00:00+00:00,-1,STOP,23.499999999998522,-23.499999999998522,-25.499999999998522,-27.499999999998522,2014-08-29 02:55:00+00:00,2014
2014-09-02 02:00:00+00:00,2014-09-02 14:00:00+00:00,-1,TIME,26.300000000001322,-6.6000000000010495,-8.60000000000105,-10.60000000000105,2014-09-01 18:25:00+00:00,2014
2014-09-03 09:00:00+00:00,2014-09-03 21:00:00+00:00,1,TIME,20.000000000000018,9.099999999999664,7.099999999999664,5.099999999999664,2014-09-03 03:20:00+00:00,2014
2014-09-04 11:00:00+00:00,2014-09-04 11:00:00+00:00,-1,TARGET,25.399999999999867,38.10000000000091,36.10000000000091,34.10000000000091,2014-09-04 04:15:00+00:00,2014
2014-09-08 04:00:00+00:00,2014-09-08 16:00:00+00:00,-1,TIME,24.699999999999722,-8.500000000000174,-10.500000000000174,-12.500000000000174,2014-09-08 03:15:00+00:00,2014
2014-09-12 13:00:00+00:00,2014-09-12 13:00:00+00:00,1,STOP,26.89999999999859,-26.89999999999859,-28.89999999999859,-30.89999999999859,2014-09-12 05:15:00+00:00,2014
2014-09-16 02:00:00+00:00,2014-09-16 06:00:00+00:00,1,STOP,24.099999999998012,-24.099999999998012,-26.099999999998012,-28.099999999998012,2014-09-16 01:30:00+00:00,2014
2014-09-17 06:00:00+00:00,2014-09-17 12:00:00+00:00,-1,STOP,23.800000000000487,-23.800000000000487,-25.800000000000487,-27.800000000000487,2014-09-17 05:00:00+00:00,2014
2014-09-23 09:00:00+00:00,2014-09-23 21:00:00+00:00,1,TIME,40.19999999999912,-35.70000000000073,-37.70000000000073,-39.70000000000073,2014-09-23 07:25:00+00:00,2014
2014-09-24 12:00:00+00:00,2014-09-24 13:00:00+00:00,-1,TARGET,28.099999999999792,42.14999999999858,40.14999999999858,38.14999999999858,2014-09-24 03:45:00+00:00,2014
2014-09-25 07:00:00+00:00,2014-09-25 19:00:00+00:00,-1,TIME,49.699999999999186,-11.200000000000099,-13.200000000000099,-15.200000000000099,2014-09-25 05:45:00+00:00,2014
2014-09-26 12:00:00+00:00,2014-09-26 13:00:00+00:00,-1,TARGET,28.600000000000847,42.90000000000127,40.90000000000127,38.90000000000127,2014-09-26 05:20:00+00:00,2014
2014-09-29 05:00:00+00:00,2014-09-29 07:00:00+00:00,-1,STOP,25.399999999999867,-25.399999999999867,-27.399999999999867,-29.399999999999867,2014-09-29 03:15:00+00:00,2014
2014-09-30 09:00:00+00:00,2014-09-30 11:00:00+00:00,-1,TARGET,46.90000000000083,70.35000000000124,68.35000000000124,66.35000000000124,2014-09-30 03:55:00+00:00,2014
2014-10-01 08:00:00+00:00,2014-10-01 14:00:00+00:00,-1,STOP,38.7000000000004,-38.7000000000004,-40.7000000000004,-42.7000000000004,2014-10-01 02:05:00+00:00,2014
2014-10-06 07:00:00+00:00,2014-10-06 14:00:00+00:00,1,TARGET,28.999999999999027,43.499999999998536,41.499999999998536,39.499999999998536,2014-10-06 01:45:00+00:00,2014
2014-10-17 08:00:00+00:00,2014-10-17 08:00:00+00:00,-1,STOP,37.39999999999854,-37.39999999999854,-39.39999999999854,-41.39999999999854,2014-10-17 05:25:00+00:00,2014
2014-10-20 07:00:00+00:00,2014-10-20 11:00:00+00:00,-1,STOP,44.599999999999085,-44.599999999999085,-46.599999999999085,-48.599999999999085,2014-10-20 03:30:00+00:00,2014
2014-10-21 05:00:00+00:00,2014-10-21 09:00:00+00:00,1,STOP,35.00000000000058,-35.00000000000058,-37.00000000000058,-39.00000000000058,2014-10-21 04:55:00+00:00,2014
2014-10-22 09:00:00+00:00,2014-10-22 21:00:00+00:00,-1,TIME,51.20000000000013,40.99999999999992,38.99999999999992,36.99999999999992,2014-10-22 05:50:00+00:00,2014
2014-10-23 12:00:00+00:00,2014-10-23 14:00:00+00:00,1,STOP,37.10000000000102,-37.10000000000102,-39.10000000000102,-41.10000000000102,2014-10-23 02:10:00+00:00,2014
2014-10-28 13:00:00+00:00,2014-10-29 01:00:00+00:00,1,TIME,57.39999999999856,-12.399999999999078,-14.399999999999078,-16.39999999999908,2014-10-28 02:05:00+00:00,2014
2014-10-31 05:00:00+00:00,2014-10-31 13:00:00+00:00,-1,TARGET,45.600000000001195,68.4000000000018,66.4000000000018,64.4000000000018,2014-10-31 01:25:00+00:00,2014
2014-11-04 16:00:00+00:00,2014-11-05 04:00:00+00:00,1,TIME,77.59999999999988,-8.799999999999919,-10.799999999999919,-12.799999999999919,2014-11-04 12:40:00+00:00,2014
2014-11-06 05:00:00+00:00,2014-11-06 13:00:00+00:00,1,STOP,53.399999999999004,-53.399999999999004,-55.399999999999004,-57.399999999999004,2014-11-06 03:15:00+00:00,2014
2014-11-07 11:00:00+00:00,2014-11-07 13:00:00+00:00,1,STOP,40.29999999999978,-40.29999999999978,-42.29999999999978,-44.29999999999978,2014-11-07 05:50:00+00:00,2014
2014-11-10 11:00:00+00:00,2014-11-10 14:00:00+00:00,1,STOP,54.89999999999995,-54.89999999999995,-56.89999999999995,-58.89999999999995,2014-11-10 08:50:00+00:00,2014
2014-11-11 08:00:00+00:00,2014-11-11 16:00:00+00:00,-1,STOP,48.39999999999955,-48.39999999999955,-50.39999999999955,-52.39999999999955,2014-11-11 02:50:00+00:00,2014
2014-11-13 09:00:00+00:00,2014-11-13 21:00:00+00:00,1,TIME,45.59999999999897,13.000000000000789,11.000000000000789,9.000000000000789,2014-11-13 05:00:00+00:00,2014
2014-11-14 05:00:00+00:00,2014-11-14 15:00:00+00:00,-1,STOP,50.200000000000244,-50.200000000000244,-52.200000000000244,-54.200000000000244,2014-11-14 01:45:00+00:00,2014
2014-11-18 08:00:00+00:00,2014-11-18 20:00:00+00:00,1,TIME,45.499999999998316,44.800000000000395,42.800000000000395,40.800000000000395,2014-11-18 02:30:00+00:00,2014
2014-11-19 14:00:00+00:00,2014-11-20 02:00:00+00:00,1,TIME,53.699999999998745,-27.800000000000047,-29.800000000000047,-31.800000000000047,2014-11-19 03:10:00+00:00,2014
2014-11-20 09:00:00+00:00,2014-11-20 13:00:00+00:00,-1,STOP,44.200000000000905,-44.200000000000905,-46.200000000000905,-48.200000000000905,2014-11-20 07:30:00+00:00,2014
2014-11-21 09:00:00+00:00,2014-11-21 21:00:00+00:00,-1,TIME,102.20000000000117,73.99999999999851,71.99999999999851,69.99999999999851,2014-11-21 05:35:00+00:00,2014
2014-11-24 12:00:00+00:00,2014-11-25 00:00:00+00:00,1,TIME,39.70000000000029,22.599999999999287,20.599999999999287,18.599999999999287,2014-11-24 04:25:00+00:00,2014
2014-11-26 12:00:00+00:00,2014-11-26 12:00:00+00:00,-1,STOP,34.19999999999978,-34.19999999999978,-36.19999999999978,-38.19999999999978,2014-11-26 02:45:00+00:00,2014
2014-11-27 09:00:00+00:00,2014-11-27 21:00:00+00:00,-1,TIME,44.800000000000395,19.400000000000528,17.400000000000528,15.400000000000528,2014-11-27 02:45:00+00:00,2014
2014-11-28 08:00:00+00:00,2014-11-28 11:00:00+00:00,-1,STOP,38.90000000000171,-38.90000000000171,-40.90000000000171,-42.90000000000171,2014-11-28 04:45:00+00:00,2014
2014-12-01 08:00:00+00:00,2014-12-01 08:00:00+00:00,-1,STOP,34.600000000000186,-34.600000000000186,-36.600000000000186,-38.600000000000186,2014-12-01 04:05:00+00:00,2014
2014-12-02 08:00:00+00:00,2014-12-02 16:00:00+00:00,-1,TARGET,40.599999999999525,60.89999999999929,58.89999999999929,56.89999999999929,2014-12-02 06:20:00+00:00,2014
2014-12-03 06:00:00+00:00,2014-12-03 14:00:00+00:00,-1,TARGET,39.9000000000016,59.85000000000351,57.85000000000351,55.85000000000351,2014-12-03 03:15:00+00:00,2014
2014-12-05 11:00:00+00:00,2014-12-05 13:00:00+00:00,-1,TARGET,37.799999999998946,56.69999999999842,54.69999999999842,52.69999999999842,2014-12-05 05:35:00+00:00,2014
2014-12-08 08:00:00+00:00,2014-12-08 17:00:00+00:00,-1,STOP,40.29999999999978,-40.29999999999978,-42.29999999999978,-44.29999999999978,2014-12-08 03:00:00+00:00,2014
2014-12-10 15:00:00+00:00,2014-12-10 23:00:00+00:00,1,TARGET,49.099999999999696,73.65000000000066,71.65000000000066,69.65000000000066,2014-12-10 05:20:00+00:00,2014
2014-12-12 09:00:00+00:00,2014-12-12 21:00:00+00:00,1,TIME,46.39999999999977,30.200000000000227,28.200000000000227,26.200000000000227,2014-12-12 07:25:00+00:00,2014
2014-12-15 10:00:00+00:00,2014-12-15 16:00:00+00:00,-1,STOP,49.600000000000755,-49.600000000000755,-51.600000000000755,-53.600000000000755,2014-12-15 05:25:00+00:00,2014
2014-12-16 09:00:00+00:00,2014-12-16 12:00:00+00:00,1,TARGET,51.399999999999224,77.09999999999883,75.09999999999883,73.09999999999883,2014-12-16 05:25:00+00:00,2014
2014-12-17 07:00:00+00:00,2014-12-17 15:00:00+00:00,-1,TARGET,40.599999999999525,60.89999999999929,58.89999999999929,56.89999999999929,2014-12-17 04:35:00+00:00,2014
2014-12-19 11:00:00+00:00,2014-12-19 23:00:00+00:00,-1,TIME,41.70000000000007,34.49999999999953,32.49999999999953,30.49999999999953,2014-12-19 00:55:00+00:00,2014
2014-12-22 08:00:00+00:00,2014-12-22 19:00:00+00:00,1,STOP,47.20000000000057,-47.20000000000057,-49.20000000000057,-51.20000000000057,2014-12-22 04:05:00+00:00,2014
2014-12-23 13:00:00+00:00,2014-12-24 01:00:00+00:00,-1,TIME,36.09999999999891,27.600000000000957,25.600000000000957,23.600000000000957,2014-12-23 06:25:00+00:00,2014
2014-12-24 09:00:00+00:00,2014-12-24 21:00:00+00:00,1,TIME,34.89999999999993,3.4999999999985043,1.4999999999985043,-0.5000000000014957,2014-12-24 01:35:00+00:00,2014
2014-12-26 13:00:00+00:00,2014-12-29 00:00:00+00:00,-1,TIME,37.10000000000102,16.499999999999293,14.499999999999293,12.499999999999293,2014-12-26 11:05:00+00:00,2014
2015-01-09 10:00:00+00:00,2015-01-09 13:00:00+00:00,1,STOP,35.49999999999942,-35.49999999999942,-37.49999999999942,-39.49999999999942,2015-01-09 06:05:00+00:00,2015
2015-01-15 10:00:00+00:00,2015-01-15 14:00:00+00:00,-1,TARGET,69.60000000000078,104.40000000000227,102.40000000000227,100.40000000000227,2015-01-15 05:45:00+00:00,2015
2015-01-19 10:00:00+00:00,2015-01-19 22:00:00+00:00,1,TIME,64.5999999999991,-11.200000000000099,-13.200000000000099,-15.200000000000099,2015-01-19 08:10:00+00:00,2015
2015-01-21 07:00:00+00:00,2015-01-21 14:00:00+00:00,1,TARGET,40.70000000000018,61.05000000000027,59.05000000000027,57.05000000000027,2015-01-21 04:20:00+00:00,2015
2015-01-30 11:00:00+00:00,2015-01-30 12:00:00+00:00,1,STOP,45.20000000000079,-45.20000000000079,-47.20000000000079,-49.20000000000079,2015-01-30 07:50:00+00:00,2015
2015-02-03 14:00:00+00:00,2015-02-04 02:00:00+00:00,1,TIME,118.89999999999955,22.999999999999687,20.999999999999687,18.999999999999687,2015-02-03 03:50:00+00:00,2015
2015-02-04 10:00:00+00:00,2015-02-04 21:00:00+00:00,-1,TARGET,46.90000000000083,70.35000000000124,68.35000000000124,66.35000000000124,2015-02-04 08:00:00+00:00,2015
2015-02-06 08:00:00+00:00,2015-02-06 13:00:00+00:00,-1,TARGET,50.3000000000009,75.45000000000134,73.45000000000134,71.45000000000134,2015-02-06 06:05:00+00:00,2015
2015-02-09 13:00:00+00:00,2015-02-09 19:00:00+00:00,-1,STOP,77.30000000000014,-77.30000000000014,-79.30000000000014,-81.30000000000014,2015-02-09 04:00:00+00:00,2015
2015-02-10 10:00:00+00:00,2015-02-10 22:00:00+00:00,-1,TIME,70.20000000000026,-35.30000000000033,-37.30000000000033,-39.30000000000033,2015-02-10 02:35:00+00:00,2015
2015-02-11 02:00:00+00:00,2015-02-11 14:00:00+00:00,1,TIME,41.799999999998505,-14.199999999999768,-16.19999999999977,-18.19999999999977,2015-02-11 01:05:00+00:00,2015
2015-02-16 08:00:00+00:00,2015-02-16 16:00:00+00:00,1,STOP,43.10000000000036,-43.10000000000036,-45.10000000000036,-47.10000000000036,2015-02-16 03:05:00+00:00,2015
2015-02-18 12:00:00+00:00,2015-02-19 00:00:00+00:00,-1,TIME,54.80000000000151,-29.300000000000992,-31.300000000000992,-33.30000000000099,2015-02-18 02:20:00+00:00,2015
2015-02-19 09:00:00+00:00,2015-02-19 10:00:00+00:00,1,STOP,45.50000000000054,-45.50000000000054,-47.50000000000054,-49.50000000000054,2015-02-19 08:20:00+00:00,2015
2015-02-20 09:00:00+00:00,2015-02-20 17:00:00+00:00,-1,STOP,68.20000000000049,-68.20000000000049,-70.20000000000049,-72.20000000000049,2015-02-19 23:45:00+00:00,2015
2015-02-24 10:00:00+00:00,2015-02-24 22:00:00+00:00,-1,TIME,57.40000000000078,-37.0999999999988,-39.0999999999988,-41.0999999999988,2015-02-24 02:00:00+00:00,2015
2015-02-25 07:00:00+00:00,2015-02-25 19:00:00+00:00,1,TIME,45.399999999999885,1.9999999999997797,-2.2026824808563106e-13,-2.0000000000002203,2015-02-25 05:10:00+00:00,2015
2015-02-27 11:00:00+00:00,2015-02-27 14:00:00+00:00,1,STOP,53.600000000000314,-53.600000000000314,-55.600000000000314,-57.600000000000314,2015-02-27 03:05:00+00:00,2015
2015-03-02 10:00:00+00:00,2015-03-02 22:00:00+00:00,1,TIME,54.799999999999294,-32.90000000000015,-34.90000000000015,-36.90000000000015,2015-03-02 07:25:00+00:00,2015
2015-03-03 10:00:00+00:00,2015-03-03 22:00:00+00:00,-1,TIME,45.399999999999885,-3.1000000000003247,-5.100000000000325,-7.100000000000325,2015-03-03 03:00:00+00:00,2015
2015-03-04 09:00:00+00:00,2015-03-04 21:00:00+00:00,-1,TIME,72.09999999999938,59.60000000000187,57.60000000000187,55.60000000000187,2015-03-04 05:20:00+00:00,2015
2015-03-05 05:00:00+00:00,2015-03-05 13:00:00+00:00,-1,STOP,36.000000000000476,-36.000000000000476,-38.000000000000476,-40.000000000000476,2015-03-05 03:00:00+00:00,2015
2015-03-06 10:00:00+00:00,2015-03-06 14:00:00+00:00,-1,TARGET,66.99999999999928,100.49999999999892,98.49999999999892,96.49999999999892,2015-03-06 05:10:00+00:00,2015
2015-03-09 09:00:00+00:00,2015-03-09 21:00:00+00:00,1,TIME,55.79999999999918,-40.70000000000018,-42.70000000000018,-44.70000000000018,2015-03-09 03:55:00+00:00,2015
2015-03-10 04:00:00+00:00,2015-03-10 16:00:00+00:00,-1,TARGET,66.19999999999848,99.29999999999772,97.29999999999772,95.29999999999772,2015-03-10 01:55:00+00:00,2015
2015-03-17 08:00:00+00:00,2015-03-17 20:00:00+00:00,1,TIME,60.2999999999998,-21.899999999999142,-23.899999999999142,-25.899999999999142,2015-03-17 06:05:00+00:00,2015
2015-03-18 06:00:00+00:00,2015-03-18 10:00:00+00:00,-1,STOP,42.00000000000203,-42.00000000000203,-44.00000000000203,-46.00000000000203,2015-03-18 02:50:00+00:00,2015
2015-03-20 12:00:00+00:00,2015-03-20 13:00:00+00:00,1,TARGET,58.89999999999951,88.34999999999926,86.34999999999926,84.34999999999926,2015-03-20 09:55:00+00:00,2015
2015-03-25 08:00:00+00:00,2015-03-25 20:00:00+00:00,1,TIME,51.399999999999224,16.700000000000603,14.700000000000603,12.700000000000603,2015-03-25 04:00:00+00:00,2015
2015-03-26 08:00:00+00:00,2015-03-26 13:00:00+00:00,1,STOP,59.200000000001474,-59.200000000001474,-61.200000000001474,-63.200000000001474,2015-03-26 02:50:00+00:00,2015
2015-03-27 08:00:00+00:00,2015-03-27 12:00:00+00:00,-1,STOP,86.49999999999824,-86.49999999999824,-88.49999999999824,-90.49999999999824,2015-03-27 05:25:00+00:00,2015
2015-03-31 04:00:00+00:00,2015-03-31 08:00:00+00:00,-1,TARGET,50.200000000000244,75.30000000000037,73.30000000000037,71.30000000000037,2015-03-31 02:25:00+00:00,2015
2015-04-02 07:00:00+00:00,2015-04-02 13:00:00+00:00,1,TARGET,59.099999999998595,88.64999999999678,86.64999999999678,84.64999999999678,2015-04-02 02:35:00+00:00,2015
2015-04-03 12:00:00+00:00,2015-04-03 12:00:00+00:00,1,TARGET,53.19999999999991,79.80000000000098,77.80000000000098,75.80000000000098,2015-04-03 01:25:00+00:00,2015
2015-04-06 13:00:00+00:00,2015-04-06 19:00:00+00:00,1,STOP,54.199999999999804,-54.199999999999804,-56.199999999999804,-58.199999999999804,2015-04-06 01:30:00+00:00,2015
2015-04-07 09:00:00+00:00,2015-04-07 21:00:00+00:00,-1,TIME,105.89999999999877,34.50000000000175,32.50000000000175,30.500000000001748,2015-04-07 07:20:00+00:00,2015
2015-04-09 08:00:00+00:00,2015-04-09 15:00:00+00:00,-1,TARGET,50.499999999999986,75.74999999999886,73.74999999999886,71.74999999999886,2015-04-09 07:15:00+00:00,2015
2015-04-10 08:00:00+00:00,2015-04-10 20:00:00+00:00,-1,TIME,73.69999999999877,4.00000000000178,2.00000000000178,1.779909553079051e-12,2015-04-10 03:40:00+00:00,2015
2015-04-13 08:00:00+00:00,2015-04-13 20:00:00+00:00,-1,TIME,62.300000000001795,-14.500000000001734,-16.500000000001734,-18.500000000001734,2015-04-13 03:00:00+00:00,2015
2015-04-14 05:00:00+00:00,2015-04-14 12:00:00+00:00,-1,STOP,45.29999999999923,-45.29999999999923,-47.29999999999923,-49.29999999999923,2015-04-14 01:20:00+00:00,2015
2015-04-15 04:00:00+00:00,2015-04-15 16:00:00+00:00,-1,TIME,49.79999999999984,29.399999999999427,27.399999999999427,25.399999999999427,2015-04-15 03:55:00+00:00,2015
2015-04-17 09:00:00+00:00,2015-04-17 13:00:00+00:00,1,STOP,82.29999999999959,-82.29999999999959,-84.29999999999959,-86.29999999999959,2015-04-17 07:15:00+00:00,2015
2015-04-20 09:00:00+00:00,2015-04-20 21:00:00+00:00,-1,TIME,70.30000000000092,16.300000000000203,14.300000000000203,12.300000000000203,2015-04-20 03:00:00+00:00,2015
2015-04-22 09:00:00+00:00,2015-04-22 12:00:00+00:00,1,STOP,59.00000000000016,-59.00000000000016,-61.00000000000016,-63.00000000000016,2015-04-22 04:25:00+00:00,2015
2015-04-23 01:00:00+00:00,2015-04-23 11:00:00+00:00,-1,STOP,57.300000000000125,-57.300000000000125,-59.300000000000125,-61.300000000000125,2015-04-22 23:45:00+00:00,2015
2015-04-28 10:00:00+00:00,2015-04-28 15:00:00+00:00,1,TARGET,48.500000000000206,72.7499999999992,70.7499999999992,68.7499999999992,2015-04-28 04:55:00+00:00,2015
2015-04-29 08:00:00+00:00,2015-04-29 13:00:00+00:00,1,TARGET,52.80000000000173,79.20000000000148,77.20000000000148,75.20000000000148,2015-04-29 02:00:00+00:00,2015
2015-05-01 08:00:00+00:00,2015-05-01 15:00:00+00:00,1,STOP,55.699999999998525,-55.699999999998525,-57.699999999998525,-59.699999999998525,2015-05-01 07:05:00+00:00,2015
2015-05-04 08:00:00+00:00,2015-05-04 20:00:00+00:00,-1,TIME,75.99999999999828,-1.1999999999989797,-3.1999999999989797,-5.19999999999898,2015-05-04 02:50:00+00:00,2015
2015-05-05 05:00:00+00:00,2015-05-05 14:00:00+00:00,-1,STOP,58.59999999999976,-58.59999999999976,-60.59999999999976,-62.59999999999976,2015-05-05 01:20:00+00:00,2015
2015-05-06 04:00:00+00:00,2015-05-06 13:00:00+00:00,1,TARGET,58.50000000000133,87.75000000000199,85.75000000000199,83.75000000000199,2015-05-06 02:40:00+00:00,2015
2015-05-07 10:00:00+00:00,2015-05-07 11:00:00+00:00,1,STOP,61.19999999999903,-61.19999999999903,-63.19999999999903,-65.19999999999902,2015-05-07 01:55:00+00:00,2015
2015-05-13 13:00:00+00:00,2015-05-14 01:00:00+00:00,1,TIME,101.4999999999988,41.29999999999967,39.29999999999967,37.29999999999967,2015-05-13 02:25:00+00:00,2015
2015-05-14 07:00:00+00:00,2015-05-14 19:00:00+00:00,1,TIME,81.59999999999944,-15.100000000001224,-17.100000000001224,-19.100000000001224,2015-05-14 02:00:00+00:00,2015
2015-05-15 09:00:00+00:00,2015-05-15 14:00:00+00:00,-1,STOP,59.099999999998595,-59.099999999998595,-61.099999999998595,-63.099999999998595,2015-05-15 04:05:00+00:00,2015
2015-05-18 08:00:00+00:00,2015-05-18 20:00:00+00:00,-1,TIME,76.49999999999935,81.59999999999944,79.59999999999944,77.59999999999944,2015-05-18 02:25:00+00:00,2015
2015-05-19 08:00:00+00:00,2015-05-19 20:00:00+00:00,-1,TIME,158.80000000000115,34.30000000000044,32.30000000000044,30.300000000000438,2015-05-19 05:50:00+00:00,2015
2015-05-20 06:00:00+00:00,2015-05-20 18:00:00+00:00,-1,TIME,67.20000000000059,-1.1999999999989797,-3.1999999999989797,-5.19999999999898,2015-05-20 00:35:00+00:00,2015
2015-05-21 09:00:00+00:00,2015-05-21 21:00:00+00:00,1,TIME,67.50000000000034,-42.800000000000615,-44.800000000000615,-46.800000000000615,2015-05-21 06:15:00+00:00,2015
2015-05-22 08:00:00+00:00,2015-05-22 12:00:00+00:00,1,STOP,57.99999999999805,-57.99999999999805,-59.99999999999805,-61.99999999999805,2015-05-21 23:25:00+00:00,2015
2015-05-25 16:00:00+00:00,2015-05-26 04:00:00+00:00,-1,TIME,54.199999999999804,27.999999999999137,25.999999999999137,23.999999999999137,2015-05-25 05:15:00+00:00,2015
2015-05-27 07:00:00+00:00,2015-05-27 11:00:00+00:00,1,STOP,55.70000000000075,-55.70000000000075,-57.70000000000075,-59.70000000000075,2015-05-27 02:00:00+00:00,2015
2015-05-28 07:00:00+00:00,2015-05-28 14:00:00+00:00,1,STOP,64.20000000000093,-64.20000000000093,-66.20000000000093,-68.20000000000093,2015-05-28 03:20:00+00:00,2015
2015-05-29 10:00:00+00:00,2015-05-29 22:00:00+00:00,1,TIME,63.10000000000038,-3.8000000000004697,-5.80000000000047,-7.80000000000047,2015-05-29 04:50:00+00:00,2015
2015-06-02 07:00:00+00:00,2015-06-02 11:00:00+00:00,1,TARGET,61.80000000000074,92.70000000000111,90.70000000000111,88.70000000000111,2015-06-02 03:30:00+00:00,2015
2015-06-04 07:00:00+00:00,2015-06-04 08:00:00+00:00,-1,STOP,45.90000000000094,-45.90000000000094,-47.90000000000094,-49.90000000000094,2015-06-04 02:10:00+00:00,2015
2015-06-08 08:00:00+00:00,2015-06-08 18:00:00+00:00,1,TARGET,82.89999999999908,124.34999999999974,122.34999999999974,120.34999999999974,2015-06-08 02:05:00+00:00,2015
2015-06-10 06:00:00+00:00,2015-06-10 08:00:00+00:00,1,TARGET,51.900000000000276,77.85000000000153,75.85000000000153,73.85000000000153,2015-06-10 03:20:00+00:00,2015
2015-06-11 08:00:00+00:00,2015-06-11 20:00:00+00:00,-1,TIME,69.50000000000011,-7.999999999999119,-9.999999999999119,-11.999999999999119,2015-06-11 03:20:00+00:00,2015
2015-06-12 07:00:00+00:00,2015-06-12 15:00:00+00:00,-1,STOP,58.400000000000674,-58.400000000000674,-60.400000000000674,-62.400000000000674,2015-06-12 02:55:00+00:00,2015
2015-06-16 07:00:00+00:00,2015-06-16 09:00:00+00:00,1,STOP,75.3999999999988,-75.3999999999988,-77.3999999999988,-79.3999999999988,2015-06-16 02:45:00+00:00,2015
2015-06-17 04:00:00+00:00,2015-06-17 16:00:00+00:00,1,TIME,56.80000000000129,-17.599999999999838,-19.599999999999838,-21.599999999999838,2015-06-16 23:35:00+00:00,2015
2015-06-18 08:00:00+00:00,2015-06-18 20:00:00+00:00,1,TIME,53.800000000001624,-3.300000000001635,-5.300000000001635,-7.300000000001635,2015-06-18 06:55:00+00:00,2015
2015-06-19 05:00:00+00:00,2015-06-19 17:00:00+00:00,-1,TIME,46.10000000000003,10.799999999999699,8.799999999999699,6.799999999999699,2015-06-19 04:40:00+00:00,2015
2015-06-24 08:00:00+00:00,2015-06-24 20:00:00+00:00,1,TIME,69.09999999999971,-25.999999999999357,-27.999999999999357,-29.999999999999357,2015-06-24 02:05:00+00:00,2015
2015-07-01 11:00:00+00:00,2015-07-01 23:00:00+00:00,-1,TIME,52.50000000000199,65.99999999999939,63.99999999999939,61.99999999999939,2015-07-01 03:00:00+00:00,2015
2015-07-02 13:00:00+00:00,2015-07-03 01:00:00+00:00,1,TIME,62.40000000000023,-7.699999999999374,-9.699999999999374,-11.699999999999374,2015-07-02 04:00:00+00:00,2015
2015-07-07 08:00:00+00:00,2015-07-07 20:00:00+00:00,-1,TIME,71.20000000000014,-10.699999999999044,-12.699999999999044,-14.699999999999044,2015-07-07 05:30:00+00:00,2015
2015-07-09 06:00:00+00:00,2015-07-09 07:00:00+00:00,1,STOP,58.50000000000133,-58.50000000000133,-60.50000000000133,-62.50000000000133,2015-07-09 02:30:00+00:00,2015
2015-07-13 07:00:00+00:00,2015-07-13 07:00:00+00:00,1,STOP,76.19999999999959,-76.19999999999959,-78.19999999999959,-80.19999999999959,2015-07-13 04:35:00+00:00,2015
2015-07-14 10:00:00+00:00,2015-07-14 22:00:00+00:00,1,TIME,60.600000000001764,-26.800000000000157,-28.800000000000157,-30.800000000000157,2015-07-14 04:40:00+00:00,2015
2015-07-15 13:00:00+00:00,2015-07-16 01:00:00+00:00,-1,TIME,72.1000000000016,38.599999999999746,36.599999999999746,34.599999999999746,2015-07-15 01:40:00+00:00,2015
2015-07-16 08:00:00+00:00,2015-07-16 20:00:00+00:00,-1,TIME,66.8000000000002,21.599999999999397,19.599999999999397,17.599999999999397,2015-07-16 04:30:00+00:00,2015
2015-07-17 13:00:00+00:00,2015-07-20 00:00:00+00:00,-1,TIME,60.79999999999863,35.50000000000164,33.50000000000164,31.50000000000164,2015-07-17 01:15:00+00:00,2015
2015-07-20 02:00:00+00:00,2015-07-20 14:00:00+00:00,-1,TIME,50.19999999999802,-11.999999999998678,-13.999999999998678,-15.999999999998678,2015-07-20 00:35:00+00:00,2015
2015-07-21 12:00:00+00:00,2015-07-21 17:00:00+00:00,1,TARGET,63.90000000000118,95.85000000000176,93.85000000000176,91.85000000000176,2015-07-21 03:10:00+00:00,2015
2015-07-22 12:00:00+00:00,2015-07-23 00:00:00+00:00,-1,TIME,51.600000000000534,-7.099999999999884,-9.099999999999884,-11.099999999999884,2015-07-22 02:50:00+00:00,2015
2015-07-23 08:00:00+00:00,2015-07-23 20:00:00+00:00,1,TIME,77.59999999999988,9.300000000000974,7.300000000000974,5.300000000000974,2015-07-23 07:05:00+00:00,2015
2015-07-24 08:00:00+00:00,2015-07-24 20:00:00+00:00,-1,TIME,73.09999999999927,-35.799999999999166,-37.799999999999166,-39.799999999999166,2015-07-24 05:50:00+00:00,2015
2015-07-27 03:00:00+00:00,2015-07-27 07:00:00+00:00,1,TARGET,51.699999999998965,77.54999999999956,75.54999999999956,73.54999999999956,2015-07-27 02:35:00+00:00,2015
2015-07-28 03:00:00+00:00,2015-07-28 15:00:00+00:00,-1,TIME,46.599999999998865,43.90000000000116,41.90000000000116,39.90000000000116,2015-07-28 01:25:00+00:00,2015
2015-07-29 01:00:00+00:00,2015-07-29 13:00:00+00:00,1,TIME,51.49999999999988,-25.199999999998557,-27.199999999998557,-29.199999999998557,2015-07-28 21:30:00+00:00,2015
2015-07-30 14:00:00+00:00,2015-07-31 02:00:00+00:00,-1,TIME,56.59999999999998,-7.999999999999119,-9.999999999999119,-11.999999999999119,2015-07-30 11:55:00+00:00,2015
2015-07-31 07:00:00+00:00,2015-07-31 12:00:00+00:00,1,TARGET,49.000000000001265,73.50000000000189,71.50000000000189,69.50000000000189,2015-07-31 05:45:00+00:00,2015
2015-08-03 11:00:00+00:00,2015-08-03 23:00:00+00:00,-1,TIME,45.30000000000145,10.099999999999554,8.099999999999554,6.099999999999554,2015-08-03 06:05:00+00:00,2015
2015-08-04 10:00:00+00:00,2015-08-04 17:00:00+00:00,1,STOP,44.39999999999999,-44.39999999999999,-46.39999999999999,-48.39999999999999,2015-08-04 03:00:00+00:00,2015
2015-08-05 13:00:00+00:00,2015-08-06 01:00:00+00:00,1,TIME,50.200000000000244,13.999999999998458,11.999999999998458,9.999999999998458,2015-08-05 11:40:00+00:00,2015
2015-08-06 08:00:00+00:00,2015-08-06 16:00:00+00:00,-1,STOP,43.50000000000076,-43.50000000000076,-45.50000000000076,-47.50000000000076,2015-08-06 05:30:00+00:00,2015
2015-08-07 08:00:00+00:00,2015-08-07 12:00:00+00:00,1,STOP,47.20000000000057,-47.20000000000057,-49.20000000000057,-51.20000000000057,2015-08-07 01:25:00+00:00,2015
2015-08-10 11:00:00+00:00,2015-08-10 14:00:00+00:00,-1,STOP,46.10000000000003,-46.10000000000003,-48.10000000000003,-50.10000000000003,2015-08-10 03:25:00+00:00,2015
2015-08-14 11:00:00+00:00,2015-08-14 14:00:00+00:00,1,STOP,49.79999999999984,-49.79999999999984,-51.79999999999984,-53.79999999999984,2015-08-14 03:00:00+00:00,2015
2015-08-17 08:00:00+00:00,2015-08-17 12:00:00+00:00,-1,STOP,45.999999999999375,-45.999999999999375,-47.999999999999375,-49.999999999999375,2015-08-17 05:30:00+00:00,2015
2015-08-18 05:00:00+00:00,2015-08-18 17:00:00+00:00,-1,TIME,42.200000000001125,24.299999999999322,22.299999999999322,20.299999999999322,2015-08-18 01:40:00+00:00,2015
2015-08-19 06:00:00+00:00,2015-08-19 17:00:00+00:00,1,TARGET,41.10000000000058,61.64999999999976,59.64999999999976,57.64999999999976,2015-08-19 00:35:00+00:00,2015
2015-08-20 10:00:00+00:00,2015-08-20 14:00:00+00:00,1,TARGET,42.69999999999996,64.04999999999994,62.04999999999994,60.04999999999994,2015-08-20 06:55:00+00:00,2015
2015-08-28 08:00:00+00:00,2015-08-28 14:00:00+00:00,1,STOP,65.20000000000081,-65.20000000000081,-67.20000000000081,-69.20000000000081,2015-08-28 07:10:00+00:00,2015
2015-09-04 08:00:00+00:00,2015-09-04 12:00:00+00:00,1,STOP,45.20000000000079,-45.20000000000079,-47.20000000000079,-49.20000000000079,2015-09-04 03:20:00+00:00,2015
2015-09-08 04:00:00+00:00,2015-09-08 16:00:00+00:00,1,TIME,68.79999999999997,-23.800000000000487,-25.800000000000487,-27.800000000000487,2015-09-07 19:10:00+00:00,2015
2015-09-08 20:00:00+00:00,2015-09-09 06:00:00+00:00,1,STOP,47.59999999999875,-47.59999999999875,-49.59999999999875,-51.59999999999875,2015-09-08 19:05:00+00:00,2015
2015-09-11 16:00:00+00:00,2015-09-14 00:00:00+00:00,1,TIME,72.90000000000019,5.9000000000009045,3.9000000000009045,1.9000000000009045,2015-09-11 05:00:00+00:00,2015
2015-09-14 04:00:00+00:00,2015-09-14 12:00:00+00:00,1,STOP,45.199999999998575,-45.199999999998575,-47.199999999998575,-49.199999999998575,2015-09-14 03:15:00+00:00,2015
2015-09-16 09:00:00+00:00,2015-09-16 14:00:00+00:00,-1,STOP,48.799999999999955,-48.799999999999955,-50.799999999999955,-52.799999999999955,2015-09-16 02:35:00+00:00,2015
2015-09-17 08:00:00+00:00,2015-09-17 18:00:00+00:00,1,TARGET,48.200000000000465,72.3000000000007,70.3000000000007,68.3000000000007,2015-09-17 04:35:00+00:00,2015
2015-09-21 12:00:00+00:00,2015-09-22 00:00:00+00:00,-1,TIME,70.60000000000066,63.99999999999961,61.99999999999961,59.99999999999961,2015-09-21 08:00:00+00:00,2015
2015-09-22 07:00:00+00:00,2015-09-22 19:00:00+00:00,-1,TIME,50.09999999999959,41.10000000000058,39.10000000000058,37.10000000000058,2015-09-22 02:30:00+00:00,2015
2015-09-23 11:00:00+00:00,2015-09-23 23:00:00+00:00,1,TIME,55.49999999999944,26.100000000000012,24.100000000000012,22.100000000000012,2015-09-23 02:05:00+00:00,2015
2015-09-28 07:00:00+00:00,2015-09-28 14:00:00+00:00,-1,STOP,46.599999999998865,-46.599999999998865,-48.599999999998865,-50.599999999998865,2015-09-28 03:15:00+00:00,2015
2015-09-29 06:00:00+00:00,2015-09-29 08:00:00+00:00,1,STOP,40.29999999999978,-40.29999999999978,-42.29999999999978,-44.29999999999978,2015-09-29 03:30:00+00:00,2015
2015-09-30 07:00:00+00:00,2015-09-30 19:00:00+00:00,-1,TIME,47.399999999999665,53.999999999998494,51.999999999998494,49.999999999998494,2015-09-30 03:05:00+00:00,2015
2015-10-01 04:00:00+00:00,2015-10-01 13:00:00+00:00,-1,STOP,49.099999999999696,-49.099999999999696,-51.099999999999696,-53.099999999999696,2015-10-01 01:00:00+00:00,2015
2015-10-02 10:00:00+00:00,2015-10-02 12:00:00+00:00,-1,STOP,46.99999999999926,-46.99999999999926,-48.99999999999926,-50.99999999999926,2015-10-02 01:30:00+00:00,2015
2015-10-06 08:00:00+00:00,2015-10-06 20:00:00+00:00,1,TIME,44.99999999999948,62.100000000000485,60.100000000000485,58.100000000000485,2015-10-06 03:35:00+00:00,2015
2015-10-07 04:00:00+00:00,2015-10-07 07:00:00+00:00,1,STOP,44.299999999999336,-44.299999999999336,-46.299999999999336,-48.299999999999336,2015-10-07 02:30:00+00:00,2015
2015-10-08 08:00:00+00:00,2015-10-08 20:00:00+00:00,1,TIME,65.20000000000081,-16.199999999999548,-18.199999999999548,-20.199999999999548,2015-10-08 02:35:00+00:00,2015
2015-10-09 08:00:00+00:00,2015-10-09 20:00:00+00:00,1,TIME,74.10000000000139,18.000000000000238,16.000000000000238,14.000000000000238,2015-10-09 06:25:00+00:00,2015
2015-10-13 00:00:00+00:00,2015-10-13 07:00:00+00:00,-1,STOP,42.90000000000127,-42.90000000000127,-44.90000000000127,-46.90000000000127,2015-10-12 21:35:00+00:00,2015
2015-10-14 01:00:00+00:00,2015-10-14 13:00:00+00:00,1,TIME,41.10000000000058,46.200000000000685,44.200000000000685,42.200000000000685,2015-10-14 00:55:00+00:00,2015
2015-10-15 08:00:00+00:00,2015-10-15 20:00:00+00:00,-1,TIME,53.29999999999835,62.20000000000114,60.20000000000114,58.20000000000114,2015-10-15 06:10:00+00:00,2015
2015-10-16 10:00:00+00:00,2015-10-16 22:00:00+00:00,-1,TIME,48.599999999998644,1.100000000000545,-0.899999999999455,-2.899999999999455,2015-10-16 05:05:00+00:00,2015
2015-10-19 10:00:00+00:00,2015-10-19 22:00:00+00:00,-1,TIME,62.59999999999932,-5.999999999999339,-7.999999999999339,-9.99999999999934,2015-10-19 06:25:00+00:00,2015
2015-10-21 08:00:00+00:00,2015-10-21 20:00:00+00:00,1,TIME,38.89999999999949,-32.600000000000406,-34.600000000000406,-36.600000000000406,2015-10-21 00:40:00+00:00,2015
2015-10-22 06:00:00+00:00,2015-10-22 12:00:00+00:00,-1,TARGET,40.000000000000036,60.00000000000005,58.00000000000005,56.00000000000005,2015-10-21 20:30:00+00:00,2015
2015-10-28 11:00:00+00:00,2015-10-28 18:00:00+00:00,1,STOP,38.7000000000004,-38.7000000000004,-40.7000000000004,-42.7000000000004,2015-10-28 01:20:00+00:00,2015
2015-10-30 09:00:00+00:00,2015-10-30 21:00:00+00:00,1,TIME,45.50000000000054,-3.6999999999998145,-5.6999999999998145,-7.6999999999998145,2015-10-30 06:10:00+00:00,2015
2015-11-03 09:00:00+00:00,2015-11-03 21:00:00+00:00,-1,TIME,48.30000000000112,30.999999999998806,28.999999999998806,26.999999999998806,2015-11-03 03:10:00+00:00,2015
2015-11-04 09:00:00+00:00,2015-11-04 15:00:00+00:00,-1,TARGET,46.299999999999116,69.44999999999979,67.44999999999979,65.44999999999979,2015-11-04 01:20:00+00:00,2015
2015-11-05 04:00:00+00:00,2015-11-05 07:00:00+00:00,1,STOP,30.400000000001537,-30.400000000001537,-32.40000000000154,-34.40000000000154,2015-11-05 03:05:00+00:00,2015
2015-11-06 14:00:00+00:00,2015-11-09 00:00:00+00:00,-1,TIME,159.00000000000026,5.599999999998939,3.599999999998939,1.5999999999989392,2015-11-06 04:00:00+00:00,2015
2015-11-09 03:00:00+00:00,2015-11-09 15:00:00+00:00,1,TIME,38.7000000000004,-27.500000000000302,-29.500000000000302,-31.500000000000302,2015-11-09 02:25:00+00:00,2015
2015-11-10 05:00:00+00:00,2015-11-10 13:00:00+00:00,-1,TARGET,32.59999999999818,48.899999999998386,46.899999999998386,44.899999999998386,2015-11-10 04:30:00+00:00,2015
2015-11-18 09:00:00+00:00,2015-11-18 16:00:00+00:00,1,STOP,39.59999999999963,-39.59999999999963,-41.59999999999963,-43.59999999999963,2015-11-18 03:15:00+00:00,2015
2015-11-20 08:00:00+00:00,2015-11-20 20:00:00+00:00,-1,TIME,51.600000000000534,37.199999999999456,35.199999999999456,33.199999999999456,2015-11-20 05:25:00+00:00,2015
2015-11-24 09:00:00+00:00,2015-11-24 21:00:00+00:00,1,TIME,49.699999999999186,-14.499999999999513,-16.499999999999513,-18.499999999999513,2015-11-24 05:15:00+00:00,2015
2015-12-02 11:00:00+00:00,2015-12-02 23:00:00+00:00,-1,TIME,46.60000000000108,-17.400000000000748,-19.400000000000748,-21.400000000000748,2015-12-02 04:00:00+00:00,2015
2015-12-07 09:00:00+00:00,2015-12-07 21:00:00+00:00,-1,TIME,70.70000000000131,-31.600000000000517,-33.60000000000052,-35.60000000000052,2015-12-07 05:45:00+00:00,2015
2015-12-08 06:00:00+00:00,2015-12-08 18:00:00+00:00,1,TIME,34.49999999999953,28.700000000001502,26.700000000001502,24.700000000001502,2015-12-08 03:30:00+00:00,2015
2015-12-11 09:00:00+00:00,2015-12-11 14:00:00+00:00,1,TARGET,37.80000000000116,56.700000000000635,54.700000000000635,52.700000000000635,2015-12-11 03:05:00+00:00,2015
2015-12-16 10:00:00+00:00,2015-12-16 18:00:00+00:00,-1,STOP,37.39999999999854,-37.39999999999854,-39.39999999999854,-41.39999999999854,2015-12-16 09:05:00+00:00,2015
2015-12-21 14:00:00+00:00,2015-12-22 02:00:00+00:00,1,TIME,50.39999999999933,22.100000000000453,20.100000000000453,18.100000000000453,2015-12-21 07:35:00+00:00,2015
2015-12-22 12:00:00+00:00,2015-12-23 00:00:00+00:00,1,TIME,41.600000000001636,5.1000000000001044,3.1000000000001044,1.1000000000001044,2015-12-22 03:20:00+00:00,2015
2015-12-23 09:00:00+00:00,2015-12-23 21:00:00+00:00,-1,TIME,51.500000000002096,-4.3999999999999595,-6.3999999999999595,-8.39999999999996,2015-12-23 06:05:00+00:00,2015
2015-12-25 06:00:00+00:00,2015-12-25 18:00:00+00:00,1,TIME,37.30000000000011,-3.5000000000007248,-5.500000000000725,-7.500000000000725,2015-12-24 18:40:00+00:00,2015
2015-12-31 12:00:00+00:00,2016-01-01 00:00:00+00:00,-1,TIME,45.80000000000028,35.10000000000124,33.10000000000124,31.100000000001238,2015-12-31 06:45:00+00:00,2016
2016-01-05 08:00:00+00:00,2016-01-05 11:00:00+00:00,-1,TARGET,30.09999999999957,45.15000000000047,43.15000000000047,41.15000000000047,2016-01-05 05:20:00+00:00,2016
2016-01-13 15:00:00+00:00,2016-01-14 03:00:00+00:00,1,TIME,42.10000000000047,37.0999999999988,35.0999999999988,33.0999999999988,2016-01-13 12:20:00+00:00,2016
2016-01-14 08:00:00+00:00,2016-01-14 08:00:00+00:00,-1,STOP,36.999999999998145,-36.999999999998145,-38.999999999998145,-40.999999999998145,2016-01-14 07:15:00+00:00,2016
2016-01-15 09:00:00+00:00,2016-01-15 13:00:00+00:00,1,TARGET,47.900000000000716,71.84999999999997,69.84999999999997,67.84999999999997,2016-01-15 06:50:00+00:00,2016
2016-01-18 16:00:00+00:00,2016-01-19 04:00:00+00:00,-1,TIME,37.400000000000766,-17.100000000001003,-19.100000000001003,-21.100000000001003,2016-01-18 13:05:00+00:00,2016
2016-01-19 07:00:00+00:00,2016-01-19 14:00:00+00:00,-1,STOP,31.399999999999206,-31.399999999999206,-33.39999999999921,-35.39999999999921,2016-01-19 04:05:00+00:00,2016
2016-01-25 09:00:00+00:00,2016-01-25 21:00:00+00:00,1,TIME,37.4999999999992,27.69999999999939,25.69999999999939,23.69999999999939,2016-01-25 04:20:00+00:00,2016
2016-01-26 08:00:00+00:00,2016-01-26 11:00:00+00:00,1,STOP,42.79999999999839,-42.79999999999839,-44.79999999999839,-46.79999999999839,2016-01-26 01:30:00+00:00,2016
2016-01-27 10:00:00+00:00,2016-01-27 22:00:00+00:00,1,TIME,35.89999999999982,20.600000000001728,18.600000000001728,16.600000000001728,2016-01-27 03:35:00+00:00,2016
2016-02-01 10:00:00+00:00,2016-02-01 22:00:00+00:00,1,TIME,37.59999999999985,30.49999999999997,28.49999999999997,26.49999999999997,2016-02-01 04:40:00+00:00,2016
2016-02-02 05:00:00+00:00,2016-02-02 17:00:00+00:00,1,TIME,41.10000000000058,-8.20000000000043,-10.20000000000043,-12.20000000000043,2016-02-02 03:10:00+00:00,2016
2016-02-03 14:00:00+00:00,2016-02-03 15:00:00+00:00,1,TARGET,52.09999999999937,78.14999999999905,76.14999999999905,74.14999999999905,2016-02-03 05:55:00+00:00,2016
2016-02-05 14:00:00+00:00,2016-02-08 00:00:00+00:00,-1,TIME,63.10000000000038,15.999999999998238,13.999999999998238,11.999999999998238,2016-02-05 05:35:00+00:00,2016
2016-02-10 08:00:00+00:00,2016-02-10 13:00:00+00:00,-1,TARGET,37.00000000000036,55.49999999999944,53.49999999999944,51.49999999999944,2016-02-10 05:55:00+00:00,2016
2016-02-16 16:00:00+00:00,2016-02-17 04:00:00+00:00,-1,TIME,40.800000000000836,-13.700000000000934,-15.700000000000934,-17.700000000000934,2016-02-16 05:40:00+00:00,2016
2016-02-18 12:00:00+00:00,2016-02-19 00:00:00+00:00,-1,TIME,59.59999999999965,-10.199999999997988,-12.199999999997988,-14.199999999997988,2016-02-18 03:35:00+00:00,2016
2016-02-22 08:00:00+00:00,2016-02-22 13:00:00+00:00,-1,TARGET,50.39999999999933,75.60000000000011,73.60000000000011,71.60000000000011,2016-02-22 03:00:00+00:00,2016
2016-02-23 02:00:00+00:00,2016-02-23 09:00:00+00:00,1,STOP,40.10000000000069,-40.10000000000069,-42.10000000000069,-44.10000000000069,2016-02-22 23:50:00+00:00,2016
2016-02-24 08:00:00+00:00,2016-02-24 15:00:00+00:00,-1,STOP,40.29999999999978,-40.29999999999978,-42.29999999999978,-44.29999999999978,2016-02-24 03:00:00+00:00,2016
2016-02-29 06:00:00+00:00,2016-02-29 09:00:00+00:00,1,STOP,31.70000000000117,-31.70000000000117,-33.70000000000117,-35.70000000000117,2016-02-29 03:50:00+00:00,2016
2016-03-01 15:00:00+00:00,2016-03-02 03:00:00+00:00,-1,TIME,36.40000000000087,-7.4000000000018495,-9.40000000000185,-11.40000000000185,2016-03-01 03:05:00+00:00,2016
2016-03-02 14:00:00+00:00,2016-03-03 02:00:00+00:00,-1,TIME,37.400000000000766,-28.700000000001502,-30.700000000001502,-32.7000000000015,2016-03-02 05:35:00+00:00,2016
2016-03-03 09:00:00+00:00,2016-03-03 15:00:00+00:00,1,TARGET,36.70000000000062,55.05000000000093,53.05000000000093,51.05000000000093,2016-03-03 04:50:00+00:00,2016
2016-03-04 11:00:00+00:00,2016-03-04 13:00:00+00:00,1,STOP,48.899999999998386,-48.899999999998386,-50.899999999998386,-52.899999999998386,2016-03-04 04:40:00+00:00,2016
2016-03-07 08:00:00+00:00,2016-03-07 17:00:00+00:00,-1,STOP,48.299999999998896,-48.299999999998896,-50.299999999998896,-52.299999999998896,2016-03-07 04:55:00+00:00,2016
2016-03-08 08:00:00+00:00,2016-03-08 18:00:00+00:00,1,STOP,41.400000000000325,-41.400000000000325,-43.400000000000325,-45.400000000000325,2016-03-08 04:50:00+00:00,2016
2016-03-09 14:00:00+00:00,2016-03-09 15:00:00+00:00,-1,STOP,38.90000000000171,-38.90000000000171,-40.90000000000171,-42.90000000000171,2016-03-09 13:30:00+00:00,2016
2016-03-10 13:00:00+00:00,2016-03-10 14:00:00+00:00,-1,STOP,150.70000000000138,-150.70000000000138,-152.70000000000138,-154.70000000000138,2016-03-10 11:20:00+00:00,2016
2016-03-14 08:00:00+00:00,2016-03-14 17:00:00+00:00,-1,TARGET,38.3,57.44999999999889,55.44999999999889,53.44999999999889,2016-03-14 05:00:00+00:00,2016
2016-03-15 10:00:00+00:00,2016-03-15 12:00:00+00:00,-1,STOP,41.3999999999981,-41.3999999999981,-43.3999999999981,-45.3999999999981,2016-03-15 04:30:00+00:00,2016
2016-03-18 07:00:00+00:00,2016-03-18 19:00:00+00:00,-1,TIME,41.50000000000098,26.299999999999102,24.299999999999102,22.299999999999102,2016-03-18 03:40:00+00:00,2016
2016-03-21 08:00:00+00:00,2016-03-21 20:00:00+00:00,-1,TIME,47.600000000000975,6.199999999998429,4.199999999998429,2.199999999998429,2016-03-21 03:00:00+00:00,2016
2016-03-22 09:00:00+00:00,2016-03-22 21:00:00+00:00,-1,TIME,63.500000000000774,-14.499999999999513,-16.499999999999513,-18.499999999999513,2016-03-22 02:55:00+00:00,2016
2016-03-23 07:00:00+00:00,2016-03-23 19:00:00+00:00,-1,TIME,44.99999999999948,11.499999999999844,9.499999999999844,7.499999999999844,2016-03-23 01:25:00+00:00,2016
2016-03-24 12:00:00+00:00,2016-03-25 00:00:00+00:00,-1,TIME,42.40000000000021,-12.500000000001954,-14.500000000001954,-16.500000000001954,2016-03-24 01:45:00+00:00,2016
2016-03-29 06:00:00+00:00,2016-03-29 13:00:00+00:00,-1,STOP,32.2,-32.2,-34.2,-36.2,2016-03-29 01:10:00+00:00,2016
2016-03-30 08:00:00+00:00,2016-03-30 20:00:00+00:00,1,TIME,49.900000000000496,6.999999999999229,4.999999999999229,2.999999999999229,2016-03-30 06:15:00+00:00,2016
2016-04-01 09:00:00+00:00,2016-04-01 14:00:00+00:00,1,STOP,32.80000000000172,-32.80000000000172,-34.80000000000172,-36.80000000000172,2016-04-01 03:10:00+00:00,2016
2016-04-04 07:00:00+00:00,2016-04-04 19:00:00+00:00,-1,TIME,37.00000000000036,-21.700000000000053,-23.700000000000053,-25.700000000000053,2016-04-04 04:00:00+00:00,2016
2016-04-05 08:00:00+00:00,2016-04-05 20:00:00+00:00,-1,TIME,49.600000000000755,-29.799999999999827,-31.799999999999827,-33.79999999999983,2016-04-05 03:00:00+00:00,2016
2016-04-06 07:00:00+00:00,2016-04-06 13:00:00+00:00,-1,STOP,35.00000000000058,-35.00000000000058,-37.00000000000058,-39.00000000000058,2016-04-06 05:25:00+00:00,2016
2016-04-08 15:00:00+00:00,2016-04-11 00:00:00+00:00,1,TIME,46.99999999999926,-1.5999999999993797,-3.5999999999993797,-5.59999999999938,2016-04-08 03:35:00+00:00,2016
2016-04-12 08:00:00+00:00,2016-04-12 12:00:00+00:00,1,STOP,34.89999999999993,-34.89999999999993,-36.89999999999993,-38.89999999999993,2016-04-12 03:30:00+00:00,2016
2016-04-15 12:00:00+00:00,2016-04-18 00:00:00+00:00,1,TIME,33.60000000000029,16.199999999999548,14.199999999999548,12.199999999999548,2016-04-15 02:00:00+00:00,2016
2016-04-18 12:00:00+00:00,2016-04-19 00:00:00+00:00,1,TIME,32.600000000000406,-1.100000000000545,-3.100000000000545,-5.100000000000545,2016-04-18 05:10:00+00:00,2016
2016-04-19 07:00:00+00:00,2016-04-19 19:00:00+00:00,1,TIME,35.50000000000164,36.30000000000022,34.30000000000022,32.30000000000022,2016-04-19 02:00:00+00:00,2016
2016-04-21 12:00:00+00:00,2016-04-21 12:00:00+00:00,1,TARGET,41.09999999999836,61.64999999999754,59.64999999999754,57.64999999999754,2016-04-21 05:20:00+00:00,2016
2016-04-22 08:00:00+00:00,2016-04-22 16:00:00+00:00,-1,TARGET,30.400000000001537,45.600000000001195,43.600000000001195,41.600000000001195,2016-04-22 03:00:00+00:00,2016
2016-04-25 08:00:00+00:00,2016-04-25 20:00:00+00:00,1,TIME,36.30000000000022,4.699999999999704,2.6999999999997044,0.6999999999997044,2016-04-25 03:00:00+00:00,2016
2016-04-26 08:00:00+00:00,2016-04-26 13:00:00+00:00,1,TARGET,32.999999999998586,49.499999999997875,47.499999999997875,45.499999999997875,2016-04-26 01:25:00+00:00,2016
2016-05-03 06:00:00+00:00,2016-05-03 07:00:00+00:00,1,TARGET,32.80000000000172,49.200000000002575,47.200000000002575,45.200000000002575,2016-05-03 04:35:00+00:00,2016
2016-05-05 08:00:00+00:00,2016-05-05 20:00:00+00:00,-1,TIME,51.300000000000786,54.00000000000071,52.00000000000071,50.00000000000071,2016-05-05 02:20:00+00:00,2016
2016-05-06 08:00:00+00:00,2016-05-06 12:00:00+00:00,1,TARGET,35.199999999999676,52.799999999999514,50.799999999999514,48.799999999999514,2016-05-06 01:55:00+00:00,2016
2016-05-09 07:00:00+00:00,2016-05-09 11:00:00+00:00,1,STOP,36.49999999999931,-36.49999999999931,-38.49999999999931,-40.49999999999931,2016-05-09 05:45:00+00:00,2016
2016-05-10 11:00:00+00:00,2016-05-10 14:00:00+00:00,-1,STOP,40.800000000000836,-40.800000000000836,-42.800000000000836,-44.800000000000836,2016-05-10 04:20:00+00:00,2016
2016-05-11 12:00:00+00:00,2016-05-12 00:00:00+00:00,1,TIME,33.70000000000095,24.800000000000377,22.800000000000377,20.800000000000377,2016-05-11 03:00:00+00:00,2016
2016-05-12 06:00:00+00:00,2016-05-12 16:00:00+00:00,-1,TARGET,28.799999999999937,43.20000000000101,41.20000000000101,39.20000000000101,2016-05-12 01:45:00+00:00,2016
2016-05-13 07:00:00+00:00,2016-05-13 19:00:00+00:00,-1,TIME,50.799999999999734,36.40000000000087,34.40000000000087,32.40000000000087,2016-05-13 03:15:00+00:00,2016
2016-05-16 09:00:00+00:00,2016-05-16 21:00:00+00:00,1,TIME,27.999999999999137,-1.8999999999991246,-3.8999999999991246,-5.899999999999125,2016-05-16 05:10:00+00:00,2016
2016-05-19 11:00:00+00:00,2016-05-19 23:00:00+00:00,-1,TIME,32.600000000000406,0.8999999999992347,-1.1000000000007653,-3.1000000000007653,2016-05-19 06:15:00+00:00,2016
2016-05-20 07:00:00+00:00,2016-05-20 19:00:00+00:00,1,TIME,30.700000000001282,-2.80000000000058,-4.80000000000058,-6.80000000000058,2016-05-20 02:50:00+00:00,2016
2016-05-23 04:00:00+00:00,2016-05-23 08:00:00+00:00,1,STOP,31.89999999999804,-31.89999999999804,-33.899999999998045,-35.899999999998045,2016-05-23 01:50:00+00:00,2016
2016-05-24 07:00:00+00:00,2016-05-24 13:00:00+00:00,-1,TARGET,29.700000000001392,44.55000000000098,42.55000000000098,40.55000000000098,2016-05-24 05:00:00+00:00,2016
2016-05-26 13:00:00+00:00,2016-05-27 01:00:00+00:00,1,TIME,35.49999999999942,-8.599999999998609,-10.599999999998609,-12.599999999998609,2016-05-26 12:30:00+00:00,2016
2016-05-27 12:00:00+00:00,2016-05-27 18:00:00+00:00,-1,TARGET,34.19999999999978,51.29999999999857,49.29999999999857,47.29999999999857,2016-05-27 04:50:00+00:00,2016
2016-05-30 09:00:00+00:00,2016-05-30 21:00:00+00:00,1,TIME,36.40000000000087,2.2999999999995246,0.29999999999952465,-1.7000000000004754,2016-05-30 06:00:00+00:00,2016
2016-06-01 08:00:00+00:00,2016-06-01 20:00:00+00:00,1,TIME,38.40000000000065,40.19999999999912,38.19999999999912,36.19999999999912,2016-06-01 06:20:00+00:00,2016
2016-06-03 10:00:00+00:00,2016-06-03 12:00:00+00:00,-1,STOP,28.799999999999937,-28.799999999999937,-30.799999999999937,-32.79999999999994,2016-06-03 02:35:00+00:00,2016
2016-06-07 12:00:00+00:00,2016-06-08 00:00:00+00:00,-1,TIME,31.69999999999895,-9.399999999999409,-11.399999999999409,-13.399999999999409,2016-06-07 05:20:00+00:00,2016
2016-06-08 05:00:00+00:00,2016-06-08 17:00:00+00:00,1,TIME,31.200000000000117,24.900000000001032,22.900000000001032,20.900000000001032,2016-06-08 02:45:00+00:00,2016
2016-06-09 02:00:00+00:00,2016-06-09 07:00:00+00:00,1,STOP,27.800000000000047,-27.800000000000047,-29.800000000000047,-31.800000000000047,2016-06-09 00:30:00+00:00,2016
2016-06-14 07:00:00+00:00,2016-06-14 14:00:00+00:00,-1,TARGET,41.59999999999941,62.39999999999801,60.39999999999801,58.39999999999801,2016-06-14 02:15:00+00:00,2016
2016-06-15 07:00:00+00:00,2016-06-15 18:00:00+00:00,1,TARGET,37.400000000000766,56.100000000001145,54.100000000001145,52.100000000001145,2016-06-15 05:30:00+00:00,2016
2016-06-30 06:00:00+00:00,2016-06-30 08:00:00+00:00,-1,STOP,41.199999999999015,-41.199999999999015,-43.199999999999015,-45.199999999999015,2016-06-30 05:20:00+00:00,2016
2016-07-04 09:00:00+00:00,2016-07-04 17:00:00+00:00,-1,STOP,40.000000000000036,-40.000000000000036,-42.000000000000036,-44.000000000000036,2016-07-04 04:50:00+00:00,2016
2016-07-05 02:00:00+00:00,2016-07-05 07:00:00+00:00,-1,STOP,32.399999999999096,-32.399999999999096,-34.399999999999096,-36.399999999999096,2016-07-04 23:25:00+00:00,2016
2016-07-07 08:00:00+00:00,2016-07-07 20:00:00+00:00,-1,TIME,44.10000000000025,0.1999999999990898,-1.8000000000009102,-3.80000000000091,2016-07-07 07:30:00+00:00,2016
2016-07-08 04:00:00+00:00,2016-07-08 12:00:00+00:00,1,STOP,29.000000000001247,-29.000000000001247,-31.000000000001247,-33.00000000000125,2016-07-08 02:10:00+00:00,2016
2016-07-11 08:00:00+00:00,2016-07-11 11:00:00+00:00,-1,STOP,34.399999999998876,-34.399999999998876,-36.399999999998876,-38.399999999998876,2016-07-11 01:40:00+00:00,2016
2016-07-12 02:00:00+00:00,2016-07-12 14:00:00+00:00,1,TIME,41.49999999999876,15.200000000001879,13.200000000001879,11.200000000001879,2016-07-12 01:20:00+00:00,2016
2016-07-13 08:00:00+00:00,2016-07-13 12:00:00+00:00,-1,STOP,39.400000000000546,-39.400000000000546,-41.400000000000546,-43.400000000000546,2016-07-13 05:05:00+00:00,2016
2016-07-14 12:00:00+00:00,2016-07-15 00:00:00+00:00,1,TIME,66.89999999999863,-45.399999999999885,-47.399999999999885,-49.399999999999885,2016-07-14 02:10:00+00:00,2016
2016-07-15 09:00:00+00:00,2016-07-15 13:00:00+00:00,1,STOP,41.10000000000058,-41.10000000000058,-43.10000000000058,-45.10000000000058,2016-07-15 00:55:00+00:00,2016
2016-07-18 16:00:00+00:00,2016-07-19 04:00:00+00:00,1,TIME,37.8999999999996,2.80000000000058,0.8000000000005798,-1.1999999999994202,2016-07-18 12:00:00+00:00,2016
2016-07-20 07:00:00+00:00,2016-07-20 19:00:00+00:00,-1,TIME,46.10000000000003,-15.000000000000568,-17.00000000000057,-19.00000000000057,2016-07-20 00:20:00+00:00,2016
2016-07-21 04:00:00+00:00,2016-07-21 14:00:00+00:00,1,STOP,41.10000000000058,-41.10000000000058,-43.10000000000058,-45.10000000000058,2016-07-21 01:15:00+00:00,2016
2016-07-22 15:00:00+00:00,2016-07-25 00:00:00+00:00,-1,TIME,53.099999999999255,11.300000000000754,9.300000000000754,7.300000000000754,2016-07-22 03:35:00+00:00,2016
2016-07-25 09:00:00+00:00,2016-07-25 21:00:00+00:00,1,TIME,30.49999999999997,12.299999999998423,10.299999999998423,8.299999999998423,2016-07-25 03:00:00+00:00,2016
2016-07-29 10:00:00+00:00,2016-07-29 14:00:00+00:00,1,TARGET,41.90000000000138,62.85000000000096,60.85000000000096,58.85000000000096,2016-07-29 02:50:00+00:00,2016
2016-08-01 12:00:00+00:00,2016-08-02 00:00:00+00:00,-1,TIME,32.600000000000406,-10.600000000000609,-12.600000000000609,-14.600000000000609,2016-08-01 05:00:00+00:00,2016
2016-08-03 07:00:00+00:00,2016-08-03 17:00:00+00:00,-1,TARGET,31.999999999998696,47.99999999999693,45.99999999999693,43.99999999999693,2016-08-03 01:05:00+00:00,2016
2016-08-04 07:00:00+00:00,2016-08-04 19:00:00+00:00,-1,TIME,36.49999999999931,-1.1999999999989797,-3.1999999999989797,-5.19999999999898,2016-08-04 05:30:00+00:00,2016
2016-08-05 09:00:00+00:00,2016-08-05 12:00:00+00:00,1,STOP,28.300000000001102,-28.300000000001102,-30.300000000001102,-32.300000000001106,2016-08-05 00:00:00+00:00,2016
2016-08-08 14:00:00+00:00,2016-08-09 02:00:00+00:00,-1,TIME,31.49999999999986,-2.5999999999992696,-4.59999999999927,-6.59999999999927,2016-08-08 03:45:00+00:00,2016
2016-08-11 06:00:00+00:00,2016-08-11 18:00:00+00:00,-1,TIME,27.399999999999647,24.100000000000232,22.100000000000232,20.100000000000232,2016-08-11 03:20:00+00:00,2016
2016-08-12 13:00:00+00:00,2016-08-15 00:00:00+00:00,1,TIME,77.59999999999988,-44.69999999999974,-46.69999999999974,-48.69999999999974,2016-08-12 04:35:00+00:00,2016
2016-08-15 12:00:00+00:00,2016-08-16 00:00:00+00:00,1,TIME,29.09999999999968,-0.9999999999998899,-2.99999999999989,-4.99999999999989,2016-08-15 03:20:00+00:00,2016
2016-08-16 06:00:00+00:00,2016-08-16 07:00:00+00:00,1,TARGET,37.80000000000116,56.70000000000286,54.70000000000286,52.70000000000286,2016-08-16 01:15:00+00:00,2016
2016-08-17 06:00:00+00:00,2016-08-17 18:00:00+00:00,-1,STOP,26.100000000000012,-26.100000000000012,-28.100000000000012,-30.100000000000012,2016-08-17 03:15:00+00:00,2016
2016-08-23 05:00:00+00:00,2016-08-23 15:00:00+00:00,1,STOP,28.799999999999937,-28.799999999999937,-30.799999999999937,-32.79999999999994,2016-08-23 02:35:00+00:00,2016
2016-08-24 10:00:00+00:00,2016-08-24 22:00:00+00:00,-1,TIME,30.90000000000037,17.499999999999183,15.499999999999183,13.499999999999183,2016-08-24 06:00:00+00:00,2016
2016-08-25 01:00:00+00:00,2016-08-25 13:00:00+00:00,1,TIME,29.000000000001247,20.000000000000018,18.000000000000018,16.000000000000018,2016-08-24 23:35:00+00:00,2016
2016-08-26 07:00:00+00:00,2016-08-26 14:00:00+00:00,1,STOP,27.099999999999902,-27.099999999999902,-29.099999999999902,-31.099999999999902,2016-08-26 02:05:00+00:00,2016
2016-08-29 08:00:00+00:00,2016-08-29 20:00:00+00:00,-1,TIME,25.999999999999357,-5.899999999998684,-7.899999999998684,-9.899999999998684,2016-08-29 07:05:00+00:00,2016
2016-08-30 14:00:00+00:00,2016-08-31 02:00:00+00:00,-1,TIME,30.200000000000227,-4.500000000000615,-6.500000000000615,-8.500000000000615,2016-08-30 13:20:00+00:00,2016
2016-09-01 08:00:00+00:00,2016-09-01 14:00:00+00:00,-1,STOP,36.40000000000087,-36.40000000000087,-38.40000000000087,-40.40000000000087,2016-09-01 03:15:00+00:00,2016
2016-09-02 09:00:00+00:00,2016-09-02 12:00:00+00:00,-1,STOP,22.299999999999542,-22.299999999999542,-24.299999999999542,-26.299999999999542,2016-09-02 02:45:00+00:00,2016
2016-09-05 05:00:00+00:00,2016-09-05 13:00:00+00:00,1,STOP,24.200000000000887,-24.200000000000887,-26.200000000000887,-28.200000000000887,2016-09-05 02:30:00+00:00,2016
2016-09-06 09:00:00+00:00,2016-09-06 14:00:00+00:00,1,TARGET,24.200000000000887,36.30000000000244,34.30000000000244,32.30000000000244,2016-09-06 00:00:00+00:00,2016
2016-09-08 07:00:00+00:00,2016-09-08 10:00:00+00:00,1,TARGET,24.499999999998412,36.74999999999873,34.74999999999873,32.74999999999873,2016-09-08 05:40:00+00:00,2016
2016-09-09 13:00:00+00:00,2016-09-12 00:00:00+00:00,-1,TIME,51.300000000000786,-6.900000000000794,-8.900000000000794,-10.900000000000794,2016-09-09 10:00:00+00:00,2016
2016-09-13 10:00:00+00:00,2016-09-13 12:00:00+00:00,-1,STOP,27.599999999998737,-27.599999999998737,-29.599999999998737,-31.599999999998737,2016-09-13 06:15:00+00:00,2016
2016-09-14 07:00:00+00:00,2016-09-14 19:00:00+00:00,1,TIME,29.600000000000737,16.799999999999038,14.799999999999038,12.799999999999038,2016-09-14 06:05:00+00:00,2016
2016-09-15 07:00:00+00:00,2016-09-15 12:00:00+00:00,-1,STOP,28.900000000000592,-28.900000000000592,-30.900000000000592,-32.90000000000059,2016-09-15 04:35:00+00:00,2016
2016-09-16 10:00:00+00:00,2016-09-16 13:00:00+00:00,-1,TARGET,30.90000000000037,46.350000000001664,44.350000000001664,42.350000000001664,2016-09-16 02:10:00+00:00,2016
2016-09-19 14:00:00+00:00,2016-09-20 02:00:00+00:00,1,TIME,26.599999999998847,-6.299999999999084,-8.299999999999084,-10.299999999999084,2016-09-19 02:55:00+00:00,2016
2016-09-20 07:00:00+00:00,2016-09-20 14:00:00+00:00,1,STOP,30.89999999999815,-30.89999999999815,-32.89999999999815,-34.89999999999815,2016-09-20 02:50:00+00:00,2016
2016-09-21 05:00:00+00:00,2016-09-21 17:00:00+00:00,-1,TIME,41.999999999999815,-28.600000000000847,-30.600000000000847,-32.60000000000085,2016-09-21 03:00:00+00:00,2016
2016-09-23 11:00:00+00:00,2016-09-23 23:00:00+00:00,1,TIME,29.799999999999827,0.10000000000065512,-1.8999999999993449,-3.899999999999345,2016-09-23 05:40:00+00:00,2016
2016-09-26 11:00:00+00:00,2016-09-26 23:00:00+00:00,1,TIME,26.800000000000157,7.299999999998974,5.299999999998974,3.299999999998974,2016-09-26 03:05:00+00:00,2016
2016-09-27 12:00:00+00:00,2016-09-28 00:00:00+00:00,-1,TIME,37.00000000000036,8.799999999999919,6.799999999999919,4.799999999999919,2016-09-27 04:15:00+00:00,2016
2016-09-28 07:00:00+00:00,2016-09-28 12:00:00+00:00,-1,STOP,26.699999999999502,-26.699999999999502,-28.699999999999502,-30.699999999999502,2016-09-28 03:45:00+00:00,2016
2016-09-29 10:00:00+00:00,2016-09-29 14:00:00+00:00,-1,STOP,24.600000000001288,-24.600000000001288,-26.600000000001288,-28.600000000001288,2016-09-29 07:55:00+00:00,2016
2016-09-30 08:00:00+00:00,2016-09-30 14:00:00+00:00,-1,STOP,40.000000000000036,-40.000000000000036,-42.000000000000036,-44.000000000000036,2016-09-30 05:00:00+00:00,2016
2016-10-03 15:00:00+00:00,2016-10-04 03:00:00+00:00,-1,TIME,27.800000000000047,17.100000000001003,15.100000000001003,13.100000000001003,2016-10-03 03:25:00+00:00,2016
2016-10-06 07:00:00+00:00,2016-10-06 15:00:00+00:00,-1,TARGET,25.200000000000777,37.80000000000116,35.80000000000116,33.80000000000116,2016-10-06 04:05:00+00:00,2016
2016-10-11 07:00:00+00:00,2016-10-11 11:00:00+00:00,-1,TARGET,26.900000000000812,40.35000000000011,38.35000000000011,36.35000000000011,2016-10-11 05:00:00+00:00,2016
2016-10-14 04:00:00+00:00,2016-10-14 15:00:00+00:00,-1,TARGET,27.099999999999902,40.64999999999985,38.64999999999985,36.64999999999985,2016-10-14 03:10:00+00:00,2016
2016-10-18 00:00:00+00:00,2016-10-18 12:00:00+00:00,1,STOP,28.399999999999537,-28.399999999999537,-30.399999999999537,-32.39999999999954,2016-10-17 20:30:00+00:00,2016
2016-10-19 13:00:00+00:00,2016-10-20 01:00:00+00:00,-1,TIME,31.600000000000517,-1.40000000000029,-3.40000000000029,-5.40000000000029,2016-10-19 03:10:00+00:00,2016
2016-10-25 13:00:00+00:00,2016-10-25 15:00:00+00:00,-1,STOP,34.600000000000186,-34.600000000000186,-36.600000000000186,-38.600000000000186,2016-10-25 01:45:00+00:00,2016
2016-10-26 07:00:00+00:00,2016-10-26 19:00:00+00:00,1,TIME,32.00000000000092,0.09999999999843467,-1.9000000000015653,-3.9000000000015653,2016-10-26 06:30:00+00:00,2016
2016-10-27 11:00:00+00:00,2016-10-27 16:00:00+00:00,1,STOP,33.09999999999924,-33.09999999999924,-35.09999999999924,-37.09999999999924,2016-10-27 04:50:00+00:00,2016
2016-10-28 07:00:00+00:00,2016-10-28 17:00:00+00:00,1,TARGET,26.900000000000812,40.35000000000011,38.35000000000011,36.35000000000011,2016-10-28 04:55:00+00:00,2016
2016-11-01 08:00:00+00:00,2016-11-01 11:00:00+00:00,1,TARGET,27.900000000000702,41.85000000000105,39.85000000000105,37.85000000000105,2016-11-01 04:00:00+00:00,2016
2016-11-02 05:00:00+00:00,2016-11-02 14:00:00+00:00,1,TARGET,26.200000000000667,39.30000000000211,37.30000000000211,35.30000000000211,2016-11-02 04:05:00+00:00,2016
2016-11-04 15:00:00+00:00,2016-11-07 00:00:00+00:00,1,TIME,27.89999999999848,-20.000000000000018,-22.000000000000018,-24.000000000000018,2016-11-04 07:35:00+00:00,2016
2016-11-08 08:00:00+00:00,2016-11-08 17:00:00+00:00,1,STOP,27.89999999999848,-27.89999999999848,-29.89999999999848,-31.89999999999848,2016-11-08 02:50:00+00:00,2016
2016-11-23 07:00:00+00:00,2016-11-23 08:00:00+00:00,1,STOP,28.800000000002157,-28.800000000002157,-30.800000000002157,-32.80000000000216,2016-11-23 04:30:00+00:00,2016
2016-12-01 06:00:00+00:00,2016-12-01 18:00:00+00:00,1,TIME,37.99999999999803,11.400000000001409,9.400000000001409,7.400000000001409,2016-12-01 04:50:00+00:00,2016
2016-12-06 13:00:00+00:00,2016-12-07 01:00:00+00:00,-1,TIME,37.30000000000011,18.199999999999328,16.199999999999328,14.199999999999328,2016-12-06 08:00:00+00:00,2016
2016-12-07 13:00:00+00:00,2016-12-08 01:00:00+00:00,1,TIME,33.09999999999924,22.600000000001508,20.600000000001508,18.600000000001508,2016-12-07 04:45:00+00:00,2016
2016-12-08 04:00:00+00:00,2016-12-08 12:00:00+00:00,1,TARGET,37.80000000000116,56.70000000000286,54.70000000000286,52.70000000000286,2016-12-08 02:25:00+00:00,2016
2016-12-09 10:00:00+00:00,2016-12-09 11:00:00+00:00,1,STOP,36.49999999999931,-36.49999999999931,-38.49999999999931,-40.49999999999931,2016-12-09 05:15:00+00:00,2016
2016-12-13 09:00:00+00:00,2016-12-13 15:00:00+00:00,-1,STOP,26.800000000000157,-26.800000000000157,-28.800000000000157,-30.800000000000157,2016-12-13 05:15:00+00:00,2016
2016-12-14 07:00:00+00:00,2016-12-14 08:00:00+00:00,1,STOP,32.50000000000197,-32.50000000000197,-34.50000000000197,-36.50000000000197,2016-12-14 04:40:00+00:00,2016
2016-12-16 07:00:00+00:00,2016-12-16 15:00:00+00:00,1,STOP,40.70000000000018,-40.70000000000018,-42.70000000000018,-44.70000000000018,2016-12-16 05:55:00+00:00,2016
2016-12-19 12:00:00+00:00,2016-12-20 00:00:00+00:00,-1,TIME,51.399999999999224,25.399999999999867,23.399999999999867,21.399999999999867,2016-12-19 09:10:00+00:00,2016
2016-12-21 14:00:00+00:00,2016-12-22 02:00:00+00:00,1,TIME,58.79999999999885,1.2999999999996348,-0.7000000000003652,-2.700000000000365,2016-12-21 04:50:00+00:00,2016
2017-01-02 09:00:00+00:00,2017-01-02 21:00:00+00:00,-1,TIME,48.00000000000137,30.599999999998406,28.599999999998406,26.599999999998406,2017-01-02 06:05:00+00:00,2017
2017-01-02 22:00:00+00:00,2017-01-03 04:00:00+00:00,-1,STOP,36.30000000000022,-36.30000000000022,-38.30000000000022,-40.30000000000022,2017-01-02 21:05:00+00:00,2017
2017-01-04 09:00:00+00:00,2017-01-04 19:00:00+00:00,1,TARGET,43.600000000001415,65.40000000000212,63.40000000000212,61.40000000000212,2017-01-04 06:45:00+00:00,2017
2017-01-06 14:00:00+00:00,2017-01-09 00:00:00+00:00,-1,TIME,64.30000000000157,14.799999999999258,12.799999999999258,10.799999999999258,2017-01-06 11:50:00+00:00,2017
2017-01-09 11:00:00+00:00,2017-01-09 15:00:00+00:00,-1,STOP,34.79999999999927,-34.79999999999927,-36.79999999999927,-38.79999999999927,2017-01-09 05:10:00+00:00,2017
2017-01-11 10:00:00+00:00,2017-01-11 14:00:00+00:00,-1,TARGET,36.000000000000476,54.00000000000071,52.00000000000071,50.00000000000071,2017-01-11 05:05:00+00:00,2017
2017-01-13 10:00:00+00:00,2017-01-13 14:00:00+00:00,1,STOP,40.29999999999978,-40.29999999999978,-42.29999999999978,-44.29999999999978,2017-01-13 07:30:00+00:00,2017
2017-01-17 03:00:00+00:00,2017-01-17 09:00:00+00:00,1,TARGET,40.89999999999927,61.350000000000016,59.350000000000016,57.350000000000016,2017-01-16 20:05:00+00:00,2017
2017-01-18 07:00:00+00:00,2017-01-18 19:00:00+00:00,-1,TIME,36.40000000000087,13.600000000000279,11.600000000000279,9.600000000000279,2017-01-18 01:55:00+00:00,2017
2017-01-19 10:00:00+00:00,2017-01-19 13:00:00+00:00,1,STOP,38.599999999999746,-38.599999999999746,-40.599999999999746,-42.599999999999746,2017-01-19 08:05:00+00:00,2017
2017-01-23 22:00:00+00:00,2017-01-24 10:00:00+00:00,1,TIME,42.89999999999905,-23.299999999999432,-25.299999999999432,-27.299999999999432,2017-01-23 12:40:00+00:00,2017
2017-01-25 08:00:00+00:00,2017-01-25 11:00:00+00:00,-1,STOP,42.50000000000087,-42.50000000000087,-44.50000000000087,-46.50000000000087,2017-01-25 06:05:00+00:00,2017
2017-01-26 08:00:00+00:00,2017-01-26 14:00:00+00:00,-1,TARGET,34.69999999999862,52.04999999999682,50.04999999999682,48.04999999999682,2017-01-26 07:40:00+00:00,2017
2017-01-27 10:00:00+00:00,2017-01-27 22:00:00+00:00,1,TIME,34.40000000000109,2.9999999999996696,0.9999999999996696,-1.0000000000003304,2017-01-27 08:05:00+00:00,2017
2017-01-31 12:00:00+00:00,2017-02-01 00:00:00+00:00,1,TIME,71.4999999999999,50.299999999998676,48.299999999998676,46.299999999998676,2017-01-31 05:10:00+00:00,2017
2017-02-01 14:00:00+00:00,2017-02-02 02:00:00+00:00,-1,TIME,49.399999999999444,-22.599999999999287,-24.599999999999287,-26.599999999999287,2017-02-01 05:25:00+00:00,2017
2017-02-02 09:00:00+00:00,2017-02-02 19:00:00+00:00,1,STOP,52.700000000001076,-52.700000000001076,-54.700000000001076,-56.700000000001076,2017-02-02 07:25:00+00:00,2017
2017-02-03 09:00:00+00:00,2017-02-03 14:00:00+00:00,-1,STOP,33.49999999999964,-33.49999999999964,-35.49999999999964,-37.49999999999964,2017-02-03 07:00:00+00:00,2017
2017-02-06 08:00:00+00:00,2017-02-06 20:00:00+00:00,-1,TIME,42.50000000000087,4.699999999999704,2.6999999999997044,0.6999999999997044,2017-02-06 03:50:00+00:00,2017
2017-02-08 07:00:00+00:00,2017-02-08 14:00:00+00:00,-1,STOP,38.89999999999949,-38.89999999999949,-40.89999999999949,-42.89999999999949,2017-02-08 06:15:00+00:00,2017
2017-02-09 07:00:00+00:00,2017-02-09 19:00:00+00:00,-1,TIME,41.400000000000325,12.300000000000644,10.300000000000644,8.300000000000644,2017-02-09 02:05:00+00:00,2017
2017-02-10 08:00:00+00:00,2017-02-10 20:00:00+00:00,-1,TIME,40.40000000000043,7.299999999998974,5.299999999998974,3.299999999998974,2017-02-10 03:00:00+00:00,2017
2017-02-13 08:00:00+00:00,2017-02-13 14:00:00+00:00,1,STOP,30.89999999999815,-30.89999999999815,-32.89999999999815,-34.89999999999815,2017-02-13 06:45:00+00:00,2017
2017-02-14 09:00:00+00:00,2017-02-14 15:00:00+00:00,1,STOP,39.20000000000145,-39.20000000000145,-41.20000000000145,-43.20000000000145,2017-02-14 01:40:00+00:00,2017
2017-02-15 10:00:00+00:00,2017-02-15 16:00:00+00:00,-1,STOP,31.200000000000117,-31.200000000000117,-33.20000000000012,-35.20000000000012,2017-02-15 03:20:00+00:00,2017
2017-02-17 10:00:00+00:00,2017-02-17 22:00:00+00:00,-1,TIME,36.09999999999891,31.90000000000026,29.90000000000026,27.90000000000026,2017-02-17 02:50:00+00:00,2017
2017-02-22 08:00:00+00:00,2017-02-22 16:00:00+00:00,-1,STOP,45.30000000000145,-45.30000000000145,-47.30000000000145,-49.30000000000145,2017-02-21 21:15:00+00:00,2017
2017-02-23 14:00:00+00:00,2017-02-24 02:00:00+00:00,1,TIME,35.30000000000033,-4.900000000001015,-6.900000000001015,-8.900000000001015,2017-02-23 07:05:00+00:00,2017
2017-02-27 08:00:00+00:00,2017-02-27 16:00:00+00:00,1,TARGET,29.799999999999827,44.69999999999974,42.69999999999974,40.69999999999974,2017-02-27 05:45:00+00:00,2017
2017-03-02 13:00:00+00:00,2017-03-03 01:00:00+00:00,-1,TIME,33.49999999999964,4.3999999999999595,2.3999999999999595,0.3999999999999595,2017-03-02 08:25:00+00:00,2017
2017-03-03 07:00:00+00:00,2017-03-03 13:00:00+00:00,1,TARGET,31.200000000000117,46.800000000000175,44.800000000000175,42.800000000000175,2017-03-03 04:15:00+00:00,2017
2017-03-07 10:00:00+00:00,2017-03-07 22:00:00+00:00,-1,TIME,39.00000000000014,-2.20000000000109,-4.20000000000109,-6.20000000000109,2017-03-07 03:55:00+00:00,2017
2017-03-08 08:00:00+00:00,2017-03-08 20:00:00+00:00,-1,TIME,28.599999999998627,11.600000000000499,9.600000000000499,7.600000000000499,2017-03-07 22:05:00+00:00,2017
2017-03-10 09:00:00+00:00,2017-03-10 15:00:00+00:00,1,TARGET,38.7000000000004,58.0500000000006,56.0500000000006,54.0500000000006,2017-03-10 04:25:00+00:00,2017
2017-03-14 00:00:00+00:00,2017-03-14 12:00:00+00:00,-1,TIME,29.69999999999917,18.599999999999728,16.599999999999728,14.599999999999728,2017-03-13 20:45:00+00:00,2017
2017-03-15 07:00:00+00:00,2017-03-15 18:00:00+00:00,1,TARGET,27.69999999999939,41.54999999999909,39.54999999999909,37.54999999999909,2017-03-15 06:00:00+00:00,2017
2017-03-16 09:00:00+00:00,2017-03-16 18:00:00+00:00,-1,STOP,37.0999999999988,-37.0999999999988,-39.0999999999988,-41.0999999999988,2017-03-16 08:05:00+00:00,2017
2017-03-17 08:00:00+00:00,2017-03-17 20:00:00+00:00,-1,TIME,28.69999999999928,11.499999999999844,9.499999999999844,7.499999999999844,2017-03-17 07:25:00+00:00,2017
2017-03-20 02:00:00+00:00,2017-03-20 14:00:00+00:00,1,TIME,28.999999999999027,-5.199999999998539,-7.199999999998539,-9.19999999999854,2017-03-20 00:05:00+00:00,2017
2017-03-22 09:00:00+00:00,2017-03-22 14:00:00+00:00,-1,STOP,32.09999999999935,-32.09999999999935,-34.09999999999935,-36.09999999999935,2017-03-21 22:25:00+00:00,2017
2017-03-23 09:00:00+00:00,2017-03-23 21:00:00+00:00,-1,TIME,30.599999999998406,-8.699999999999264,-10.699999999999264,-12.699999999999264,2017-03-23 06:15:00+00:00,2017
2017-03-28 07:00:00+00:00,2017-03-28 18:00:00+00:00,-1,TARGET,24.199999999998667,36.299999999998,34.299999999998,32.299999999998,2017-03-28 04:05:00+00:00,2017
2017-03-30 03:00:00+00:00,2017-03-30 15:00:00+00:00,-1,TIME,27.69999999999939,11.600000000000499,9.600000000000499,7.600000000000499,2017-03-30 02:20:00+00:00,2017
2017-03-31 10:00:00+00:00,2017-03-31 15:00:00+00:00,-1,STOP,27.100000000002122,-27.100000000002122,-29.100000000002122,-31.100000000002122,2017-03-31 05:05:00+00:00,2017
2017-04-04 11:00:00+00:00,2017-04-04 20:00:00+00:00,-1,STOP,34.000000000000696,-34.000000000000696,-36.000000000000696,-38.000000000000696,2017-04-04 03:25:00+00:00,2017
2017-04-05 17:00:00+00:00,2017-04-06 05:00:00+00:00,-1,TIME,38.40000000000065,-27.900000000000702,-29.900000000000702,-31.900000000000702,2017-04-05 06:20:00+00:00,2017
2017-04-06 08:00:00+00:00,2017-04-06 20:00:00+00:00,-1,TIME,38.000000000000256,4.500000000000615,2.5000000000006146,0.5000000000006146,2017-04-06 06:35:00+00:00,2017
2017-04-07 08:00:00+00:00,2017-04-07 12:00:00+00:00,-1,STOP,26.900000000000812,-26.900000000000812,-28.900000000000812,-30.900000000000812,2017-04-07 02:55:00+00:00,2017
2017-04-10 14:00:00+00:00,2017-04-11 02:00:00+00:00,1,TIME,26.800000000000157,-10.200000000000209,-12.200000000000209,-14.200000000000209,2017-04-10 08:50:00+00:00,2017
2017-04-11 10:00:00+00:00,2017-04-11 22:00:00+00:00,1,TIME,26.100000000000012,-1.40000000000029,-3.40000000000029,-5.40000000000029,2017-04-11 04:15:00+00:00,2017
2017-04-12 08:00:00+00:00,2017-04-12 17:00:00+00:00,1,STOP,24.399999999999977,-24.399999999999977,-26.399999999999977,-28.399999999999977,2017-04-12 03:45:00+00:00,2017
2017-04-18 11:00:00+00:00,2017-04-18 15:00:00+00:00,1,TARGET,28.900000000000592,43.349999999999774,41.349999999999774,39.349999999999774,2017-04-18 04:05:00+00:00,2017
2017-04-19 09:00:00+00:00,2017-04-19 21:00:00+00:00,-1,TIME,20.400000000000418,6.299999999999084,4.299999999999084,2.299999999999084,2017-04-19 05:45:00+00:00,2017
2017-04-20 05:00:00+00:00,2017-04-20 08:00:00+00:00,1,TARGET,27.300000000001212,40.950000000001815,38.950000000001815,36.950000000001815,2017-04-20 01:00:00+00:00,2017
2017-04-21 10:00:00+00:00,2017-04-21 20:00:00+00:00,-1,STOP,24.300000000001543,-24.300000000001543,-26.300000000001543,-28.300000000001543,2017-04-21 05:40:00+00:00,2017
2017-04-25 07:00:00+00:00,2017-04-25 14:00:00+00:00,1,TARGET,31.600000000000517,47.40000000000188,45.40000000000188,43.40000000000188,2017-04-25 06:40:00+00:00,2017
2017-05-01 13:00:00+00:00,2017-05-02 01:00:00+00:00,1,TIME,33.60000000000029,-10.000000000001119,-12.000000000001119,-14.000000000001119,2017-05-01 02:50:00+00:00,2017
2017-05-02 15:00:00+00:00,2017-05-02 18:00:00+00:00,-1,STOP,23.800000000000487,-23.800000000000487,-25.800000000000487,-27.800000000000487,2017-05-02 10:10:00+00:00,2017
2017-05-03 09:00:00+00:00,2017-05-03 21:00:00+00:00,-1,TIME,24.699999999999722,27.500000000000302,25.500000000000302,23.500000000000302,2017-05-03 05:55:00+00:00,2017
2017-05-04 08:00:00+00:00,2017-05-04 15:00:00+00:00,1,TARGET,36.89999999999971,55.350000000000676,53.350000000000676,51.350000000000676,2017-05-04 07:25:00+00:00,2017
2017-05-05 09:00:00+00:00,2017-05-05 12:00:00+00:00,-1,STOP,28.900000000000592,-28.900000000000592,-30.900000000000592,-32.90000000000059,2017-05-05 03:55:00+00:00,2017
2017-05-09 07:00:00+00:00,2017-05-09 19:00:00+00:00,-1,TIME,33.49999999999964,38.40000000000065,36.40000000000065,34.40000000000065,2017-05-09 02:35:00+00:00,2017
2017-05-11 08:00:00+00:00,2017-05-11 11:00:00+00:00,1,STOP,29.90000000000048,-29.90000000000048,-31.90000000000048,-33.90000000000048,2017-05-11 06:30:00+00:00,2017
2017-05-12 11:00:00+00:00,2017-05-12 12:00:00+00:00,1,TARGET,21.799999999998487,32.69999999999884,30.699999999998838,28.699999999998838,2017-05-12 01:05:00+00:00,2017
2017-05-15 07:00:00+00:00,2017-05-15 11:00:00+00:00,1,TARGET,24.500000000000632,36.750000000000945,34.750000000000945,32.750000000000945,2017-05-15 01:05:00+00:00,2017
2017-05-16 05:00:00+00:00,2017-05-16 07:00:00+00:00,1,TARGET,26.299999999999102,39.44999999999865,37.44999999999865,35.44999999999865,2017-05-16 00:00:00+00:00,2017
2017-05-23 07:00:00+00:00,2017-05-23 07:00:00+00:00,-1,STOP,29.200000000000337,-29.200000000000337,-31.200000000000337,-33.20000000000034,2017-05-23 02:30:00+00:00,2017
2017-05-29 21:00:00+00:00,2017-05-30 05:00:00+00:00,-1,TARGET,27.500000000000302,41.24999999999934,39.24999999999934,37.24999999999934,2017-05-29 16:55:00+00:00,2017
2017-05-31 06:00:00+00:00,2017-05-31 07:00:00+00:00,-1,STOP,28.799999999999937,-28.799999999999937,-30.799999999999937,-32.79999999999994,2017-05-31 02:10:00+00:00,2017
2017-06-01 09:00:00+00:00,2017-06-01 21:00:00+00:00,-1,TIME,30.49999999999997,13.700000000000934,11.700000000000934,9.700000000000934,2017-06-01 05:40:00+00:00,2017
2017-06-02 12:00:00+00:00,2017-06-02 12:00:00+00:00,-1,STOP,21.999999999999797,-21.999999999999797,-23.999999999999797,-25.999999999999797,2017-06-02 02:05:00+00:00,2017
2017-06-05 11:00:00+00:00,2017-06-05 23:00:00+00:00,-1,TIME,42.10000000000047,-15.199999999999658,-17.19999999999966,-19.19999999999966,2017-06-05 02:40:00+00:00,2017
2017-06-06 02:00:00+00:00,2017-06-06 07:00:00+00:00,1,STOP,29.599999999998516,-29.599999999998516,-31.599999999998516,-33.599999999998516,2017-06-06 01:10:00+00:00,2017
2017-06-07 08:00:00+00:00,2017-06-07 10:00:00+00:00,-1,TARGET,30.300000000000882,45.45000000000243,43.45000000000243,41.45000000000243,2017-06-07 01:15:00+00:00,2017
2017-06-08 10:00:00+00:00,2017-06-08 22:00:00+00:00,-1,TIME,39.20000000000145,27.999999999999137,25.999999999999137,23.999999999999137,2017-06-08 04:45:00+00:00,2017
2017-06-12 06:00:00+00:00,2017-06-12 18:00:00+00:00,1,TIME,25.399999999999867,-8.500000000000174,-10.500000000000174,-12.500000000000174,2017-06-12 03:45:00+00:00,2017
2017-06-13 06:00:00+00:00,2017-06-13 07:00:00+00:00,-1,STOP,28.500000000000192,-28.500000000000192,-30.500000000000192,-32.50000000000019,2017-06-13 01:35:00+00:00,2017
2017-06-14 07:00:00+00:00,2017-06-14 12:00:00+00:00,1,TARGET,25.800000000000267,38.7000000000004,36.7000000000004,34.7000000000004,2017-06-14 04:05:00+00:00,2017
2017-06-16 08:00:00+00:00,2017-06-16 20:00:00+00:00,1,TIME,34.69999999999862,33.50000000000186,31.50000000000186,29.50000000000186,2017-06-16 01:00:00+00:00,2017
2017-06-19 11:00:00+00:00,2017-06-19 12:00:00+00:00,1,STOP,21.199999999998997,-21.199999999998997,-23.199999999998997,-25.199999999998997,2017-06-19 02:10:00+00:00,2017
2017-06-20 14:00:00+00:00,2017-06-21 02:00:00+00:00,-1,TIME,30.700000000001282,1.5999999999993797,-0.4000000000006203,-2.4000000000006203,2017-06-20 03:30:00+00:00,2017
2017-06-21 09:00:00+00:00,2017-06-21 21:00:00+00:00,1,TIME,23.699999999999832,25.600000000001177,23.600000000001177,21.600000000001177,2017-06-21 02:45:00+00:00,2017
2017-06-22 06:00:00+00:00,2017-06-22 15:00:00+00:00,1,STOP,27.800000000000047,-27.800000000000047,-29.800000000000047,-31.800000000000047,2017-06-22 05:45:00+00:00,2017
2017-06-23 07:00:00+00:00,2017-06-23 19:00:00+00:00,1,TIME,33.30000000000055,24.499999999998412,22.499999999998412,20.499999999998412,2017-06-23 00:50:00+00:00,2017
2017-06-26 10:00:00+00:00,2017-06-26 12:00:00+00:00,-1,STOP,31.799999999999606,-31.799999999999606,-33.799999999999606,-35.799999999999606,2017-06-26 01:50:00+00:00,2017
2017-06-27 09:00:00+00:00,2017-06-27 21:00:00+00:00,1,TIME,73.60000000000034,89.50000000000013,87.50000000000013,85.50000000000013,2017-06-27 03:45:00+00:00,2017
2017-06-30 08:00:00+00:00,2017-06-30 20:00:00+00:00,-1,TIME,33.49999999999964,-9.399999999999409,-11.399999999999409,-13.399999999999409,2017-06-30 04:20:00+00:00,2017
2017-07-03 08:00:00+00:00,2017-07-03 20:00:00+00:00,-1,TIME,31.000000000001027,31.90000000000026,29.90000000000026,27.90000000000026,2017-07-03 03:00:00+00:00,2017
2017-07-04 06:00:00+00:00,2017-07-04 18:00:00+00:00,-1,TIME,31.000000000001027,-2.6999999999999247,-4.699999999999925,-6.699999999999925,2017-07-03 21:45:00+00:00,2017
2017-07-05 00:00:00+00:00,2017-07-05 09:00:00+00:00,1,STOP,21.700000000000053,-21.700000000000053,-23.700000000000053,-25.700000000000053,2017-07-04 20:05:00+00:00,2017
2017-07-07 13:00:00+00:00,2017-07-10 00:00:00+00:00,-1,TIME,23.599999999999177,-1.40000000000029,-3.40000000000029,-5.40000000000029,2017-07-07 03:40:00+00:00,2017
2017-07-10 08:00:00+00:00,2017-07-10 09:00:00+00:00,1,STOP,29.50000000000008,-29.50000000000008,-31.50000000000008,-33.500000000000085,2017-07-10 02:55:00+00:00,2017
2017-07-11 06:00:00+00:00,2017-07-11 12:00:00+00:00,-1,STOP,24.599999999999067,-24.599999999999067,-26.599999999999067,-28.599999999999067,2017-07-11 00:25:00+00:00,2017
2017-07-14 07:00:00+00:00,2017-07-14 12:00:00+00:00,1,TARGET,28.49999999999797,42.74999999999584,40.74999999999584,38.74999999999584,2017-07-14 04:50:00+00:00,2017
2017-07-17 08:00:00+00:00,2017-07-17 14:00:00+00:00,-1,STOP,33.60000000000029,-33.60000000000029,-35.60000000000029,-37.60000000000029,2017-07-17 04:40:00+00:00,2017
2017-07-20 04:00:00+00:00,2017-07-20 12:00:00+00:00,-1,STOP,26.200000000000667,-26.200000000000667,-28.200000000000667,-30.200000000000667,2017-07-20 01:55:00+00:00,2017
2017-07-21 07:00:00+00:00,2017-07-21 19:00:00+00:00,1,TIME,44.90000000000105,15.899999999999803,13.899999999999803,11.899999999999803,2017-07-21 03:45:00+00:00,2017
2017-07-24 07:00:00+00:00,2017-07-24 19:00:00+00:00,-1,TIME,38.49999999999909,2.60000000000149,0.60000000000149,-1.39999999999851,2017-07-24 04:45:00+00:00,2017
2017-07-25 03:00:00+00:00,2017-07-25 12:00:00+00:00,1,TARGET,27.399999999999647,41.09999999999836,39.09999999999836,37.09999999999836,2017-07-25 01:10:00+00:00,2017
2017-07-26 07:00:00+00:00,2017-07-26 18:00:00+00:00,-1,STOP,23.800000000000487,-23.800000000000487,-25.800000000000487,-27.800000000000487,2017-07-26 03:20:00+00:00,2017
2017-07-28 07:00:00+00:00,2017-07-28 12:00:00+00:00,1,TARGET,26.300000000001322,39.45000000000087,37.45000000000087,35.45000000000087,2017-07-28 06:05:00+00:00,2017
2017-07-31 14:00:00+00:00,2017-07-31 14:00:00+00:00,1,TARGET,25.600000000001177,38.400000000002876,36.400000000002876,34.400000000002876,2017-07-31 13:00:00+00:00,2017
2017-08-03 15:00:00+00:00,2017-08-04 03:00:00+00:00,1,TIME,44.90000000000105,-4.3999999999999595,-6.3999999999999595,-8.39999999999996,2017-08-03 06:45:00+00:00,2017
2017-08-08 02:00:00+00:00,2017-08-08 14:00:00+00:00,1,STOP,34.600000000000186,-34.600000000000186,-36.600000000000186,-38.600000000000186,2017-08-07 20:15:00+00:00,2017
2017-08-11 08:00:00+00:00,2017-08-11 12:00:00+00:00,-1,STOP,31.999999999998696,-31.999999999998696,-33.99999999999869,-35.99999999999869,2017-08-11 06:35:00+00:00,2017
2017-08-14 08:00:00+00:00,2017-08-14 20:00:00+00:00,-1,TIME,26.699999999999502,23.200000000000998,21.200000000000998,19.200000000000998,2017-08-14 06:40:00+00:00,2017
2017-08-15 06:00:00+00:00,2017-08-15 12:00:00+00:00,-1,TARGET,35.39999999999876,53.09999999999704,51.09999999999704,49.09999999999704,2017-08-15 01:10:00+00:00,2017
2017-08-16 08:00:00+00:00,2017-08-16 18:00:00+00:00,-1,STOP,29.50000000000008,-29.50000000000008,-31.50000000000008,-33.500000000000085,2017-08-16 03:15:00+00:00,2017
2017-08-17 08:00:00+00:00,2017-08-17 09:00:00+00:00,-1,TARGET,34.09999999999913,51.14999999999981,49.14999999999981,47.14999999999981,2017-08-17 06:15:00+00:00,2017
2017-08-21 07:00:00+00:00,2017-08-21 11:00:00+00:00,-1,STOP,29.599999999998516,-29.599999999998516,-31.599999999998516,-33.599999999998516,2017-08-21 03:40:00+00:00,2017
2017-08-22 06:00:00+00:00,2017-08-22 09:00:00+00:00,-1,TARGET,26.000000000001577,39.000000000002366,37.000000000002366,35.000000000002366,2017-08-22 02:40:00+00:00,2017
2017-08-23 08:00:00+00:00,2017-08-23 20:00:00+00:00,1,TIME,36.40000000000087,36.19999999999956,34.19999999999956,32.19999999999956,2017-08-22 20:30:00+00:00,2017
2017-08-24 07:00:00+00:00,2017-08-24 19:00:00+00:00,-1,TIME,32.09999999999935,-13.999999999998458,-15.999999999998458,-17.999999999998458,2017-08-24 01:55:00+00:00,2017
2017-08-28 15:00:00+00:00,2017-08-29 03:00:00+00:00,1,TIME,38.000000000000256,14.799999999999258,12.799999999999258,10.799999999999258,2017-08-28 12:05:00+00:00,2017
2017-08-29 07:00:00+00:00,2017-08-29 19:00:00+00:00,1,TIME,62.50000000000089,-25.300000000001432,-27.300000000001432,-29.300000000001432,2017-08-29 03:10:00+00:00,2017
2017-08-31 11:00:00+00:00,2017-08-31 15:00:00+00:00,-1,STOP,42.40000000000021,-42.40000000000021,-44.40000000000021,-46.40000000000021,2017-08-31 05:05:00+00:00,2017
2017-09-04 07:00:00+00:00,2017-09-04 19:00:00+00:00,1,TIME,37.59999999999985,6.6000000000010495,4.6000000000010495,2.6000000000010495,2017-09-04 05:00:00+00:00,2017
2017-09-06 08:00:00+00:00,2017-09-06 20:00:00+00:00,1,TIME,35.39999999999876,-18.700000000000383,-20.700000000000383,-22.700000000000383,2017-09-06 06:05:00+00:00,2017
2017-09-07 08:00:00+00:00,2017-09-07 12:00:00+00:00,1,TARGET,45.699999999999626,68.54999999999833,66.54999999999833,64.54999999999833,2017-09-07 04:30:00+00:00,2017
2017-09-12 11:00:00+00:00,2017-09-12 23:00:00+00:00,-1,TIME,41.70000000000007,-35.10000000000124,-37.10000000000124,-39.10000000000124,2017-09-12 03:35:00+00:00,2017
2017-09-13 02:00:00+00:00,2017-09-13 13:00:00+00:00,1,STOP,42.200000000001125,-42.200000000001125,-44.200000000001125,-46.200000000001125,2017-09-13 01:50:00+00:00,2017
2017-09-14 08:00:00+00:00,2017-09-14 12:00:00+00:00,1,STOP,35.00000000000058,-35.00000000000058,-37.00000000000058,-39.00000000000058,2017-09-14 03:30:00+00:00,2017
2017-09-15 09:00:00+00:00,2017-09-15 12:00:00+00:00,1,TARGET,33.90000000000004,50.85000000000006,48.85000000000006,46.85000000000006,2017-09-15 05:10:00+00:00,2017
2017-09-18 08:00:00+00:00,2017-09-18 11:00:00+00:00,-1,STOP,36.000000000000476,-36.000000000000476,-38.000000000000476,-40.000000000000476,2017-09-18 04:35:00+00:00,2017
2017-09-20 19:00:00+00:00,2017-09-21 07:00:00+00:00,-1,TIME,130.69999999999914,-5.1000000000001044,-7.1000000000001044,-9.100000000000104,2017-09-20 12:55:00+00:00,2017
2017-09-22 05:00:00+00:00,2017-09-22 17:00:00+00:00,1,TIME,32.2,-15.499999999999403,-17.499999999999403,-19.499999999999403,2017-09-22 03:20:00+00:00,2017
2017-09-26 08:00:00+00:00,2017-09-26 20:00:00+00:00,-1,TIME,50.499999999999986,19.900000000001583,17.900000000001583,15.900000000001583,2017-09-26 03:20:00+00:00,2017
2017-09-27 07:00:00+00:00,2017-09-27 19:00:00+00:00,-1,TIME,42.200000000001125,1.3999999999980695,-0.6000000000019305,-2.6000000000019305,2017-09-27 06:25:00+00:00,2017
2017-09-29 11:00:00+00:00,2017-09-29 23:00:00+00:00,1,TIME,39.799999999998725,1.2000000000012,-0.7999999999987999,-2.7999999999988,2017-09-29 01:10:00+00:00,2017
2017-10-05 09:00:00+00:00,2017-10-05 10:00:00+00:00,1,STOP,28.900000000000592,-28.900000000000592,-30.900000000000592,-32.90000000000059,2017-10-05 00:20:00+00:00,2017
2017-10-06 04:00:00+00:00,2017-10-06 14:00:00+00:00,-1,STOP,32.399999999999096,-32.399999999999096,-34.399999999999096,-36.399999999999096,2017-10-06 02:35:00+00:00,2017
2017-10-10 02:00:00+00:00,2017-10-10 14:00:00+00:00,1,TIME,52.09999999999937,26.200000000000667,24.200000000000667,22.200000000000667,2017-10-09 19:25:00+00:00,2017
2017-10-12 13:00:00+00:00,2017-10-13 01:00:00+00:00,-1,TIME,32.399999999999096,3.1000000000003247,1.1000000000003247,-0.8999999999996753,2017-10-12 06:20:00+00:00,2017
2017-10-16 06:00:00+00:00,2017-10-16 18:00:00+00:00,-1,TIME,30.000000000001137,-8.900000000000574,-10.900000000000574,-12.900000000000574,2017-10-16 05:05:00+00:00,2017
2017-10-18 09:00:00+00:00,2017-10-18 15:00:00+00:00,-1,STOP,35.199999999999676,-35.199999999999676,-37.199999999999676,-39.199999999999676,2017-10-18 05:30:00+00:00,2017
2017-10-19 07:00:00+00:00,2017-10-19 08:00:00+00:00,1,STOP,34.89999999999993,-34.89999999999993,-36.89999999999993,-38.89999999999993,2017-10-19 06:05:00+00:00,2017
2017-10-23 09:00:00+00:00,2017-10-23 21:00:00+00:00,-1,TIME,37.99999999999803,-2.5999999999992696,-4.59999999999927,-6.59999999999927,2017-10-23 06:15:00+00:00,2017
2017-10-24 19:00:00+00:00,2017-10-25 07:00:00+00:00,1,TIME,42.69999999999996,-24.100000000000232,-26.100000000000232,-28.100000000000232,2017-10-24 07:25:00+00:00,2017
2017-10-25 14:00:00+00:00,2017-10-26 02:00:00+00:00,1,TIME,44.800000000000395,30.49999999999997,28.49999999999997,26.49999999999997,2017-10-25 07:10:00+00:00,2017
2017-10-26 10:00:00+00:00,2017-10-26 11:00:00+00:00,-1,TARGET,27.900000000000702,41.85000000000105,39.85000000000105,37.85000000000105,2017-10-26 08:40:00+00:00,2017
2017-10-27 12:00:00+00:00,2017-10-30 00:00:00+00:00,-1,TIME,36.09999999999891,1.8999999999991246,-0.10000000000087539,-2.1000000000008754,2017-10-27 11:05:00+00:00,2017
2017-10-30 08:00:00+00:00,2017-10-30 20:00:00+00:00,1,TIME,29.29999999999877,35.00000000000058,33.00000000000058,31.000000000000583,2017-10-30 06:10:00+00:00,2017
2017-10-31 17:00:00+00:00,2017-11-01 05:00:00+00:00,1,TIME,33.40000000000121,-27.800000000000047,-29.800000000000047,-31.800000000000047,2017-10-31 08:55:00+00:00,2017
2017-11-03 08:00:00+00:00,2017-11-03 12:00:00+00:00,-1,STOP,27.200000000000557,-27.200000000000557,-29.200000000000557,-31.200000000000557,2017-11-03 04:00:00+00:00,2017
2017-11-07 08:00:00+00:00,2017-11-07 20:00:00+00:00,-1,TIME,27.399999999999647,1.4999999999987246,-0.5000000000012754,-2.5000000000012754,2017-11-07 04:35:00+00:00,2017
2017-11-09 07:00:00+00:00,2017-11-09 16:00:00+00:00,1,TARGET,29.29999999999877,43.94999999999705,41.94999999999705,39.94999999999705,2017-11-08 23:15:00+00:00,2017
2017-11-10 08:00:00+00:00,2017-11-10 09:00:00+00:00,-1,STOP,21.999999999999797,-21.999999999999797,-23.999999999999797,-25.999999999999797,2017-11-10 04:25:00+00:00,2017
2017-11-13 08:00:00+00:00,2017-11-13 13:00:00+00:00,-1,STOP,28.89999999999837,-28.89999999999837,-30.89999999999837,-32.89999999999837,2017-11-13 03:55:00+00:00,2017
2017-11-14 08:00:00+00:00,2017-11-14 12:00:00+00:00,1,TARGET,37.90000000000182,56.85000000000162,54.85000000000162,52.85000000000162,2017-11-14 00:05:00+00:00,2017
2017-11-15 08:00:00+00:00,2017-11-15 13:00:00+00:00,1,TARGET,29.799999999999827,44.69999999999974,42.69999999999974,40.69999999999974,2017-11-15 06:00:00+00:00,2017
2017-11-21 12:00:00+00:00,2017-11-22 00:00:00+00:00,-1,TIME,30.90000000000037,-19.600000000001838,-21.600000000001838,-23.600000000001838,2017-11-21 04:25:00+00:00,2017
2017-11-22 08:00:00+00:00,2017-11-22 19:00:00+00:00,1,TARGET,29.799999999999827,44.69999999999974,42.69999999999974,40.69999999999974,2017-11-22 04:05:00+00:00,2017
2017-11-28 08:00:00+00:00,2017-11-28 08:00:00+00:00,-1,STOP,23.400000000000087,-23.400000000000087,-25.400000000000087,-27.400000000000087,2017-11-28 05:30:00+00:00,2017
2017-11-30 10:00:00+00:00,2017-11-30 14:00:00+00:00,-1,STOP,38.89999999999949,-38.89999999999949,-40.89999999999949,-42.89999999999949,2017-11-30 03:40:00+00:00,2017
2017-12-07 11:00:00+00:00,2017-12-07 18:00:00+00:00,-1,STOP,29.300000000000992,-29.300000000000992,-31.300000000000992,-33.30000000000099,2017-12-07 04:35:00+00:00,2017
2017-12-11 09:00:00+00:00,2017-12-11 21:00:00+00:00,1,TIME,34.000000000000696,-21.400000000000308,-23.400000000000308,-25.400000000000308,2017-12-11 06:25:00+00:00,2017
2017-12-12 09:00:00+00:00,2017-12-12 13:00:00+00:00,1,STOP,26.89999999999859,-26.89999999999859,-28.89999999999859,-30.89999999999859,2017-12-12 07:35:00+00:00,2017
2017-12-13 18:00:00+00:00,2017-12-13 19:00:00+00:00,1,TARGET,25.399999999999867,38.10000000000091,36.10000000000091,34.10000000000091,2017-12-13 11:15:00+00:00,2017
2017-12-18 07:00:00+00:00,2017-12-18 14:00:00+00:00,1,TARGET,26.200000000000667,39.30000000000211,37.30000000000211,35.30000000000211,2017-12-18 06:00:00+00:00,2017
2017-12-19 08:00:00+00:00,2017-12-19 20:00:00+00:00,1,TIME,30.49999999999997,38.800000000001056,36.800000000001056,34.800000000001056,2017-12-19 06:00:00+00:00,2017
2017-12-20 15:00:00+00:00,2017-12-21 03:00:00+00:00,1,TIME,31.29999999999855,14.800000000001479,12.800000000001479,10.800000000001479,2017-12-20 06:00:00+00:00,2017
2017-12-21 13:00:00+00:00,2017-12-22 00:00:00+00:00,-1,TARGET,26.300000000001322,39.450000000003094,37.450000000003094,35.450000000003094,2017-12-21 04:00:00+00:00,2017
2017-12-22 16:00:00+00:00,2017-12-22 21:00:00+00:00,-1,STOP,27.400000000001867,-27.400000000001867,-29.400000000001867,-31.400000000001867,2017-12-22 12:30:00+00:00,2017
2017-12-25 07:00:00+00:00,2017-12-25 19:00:00+00:00,1,TIME,28.700000000001502,8.900000000000574,6.900000000000574,4.900000000000574,2017-12-25 04:30:00+00:00,2017
2017-12-27 10:00:00+00:00,2017-12-27 22:00:00+00:00,1,TIME,35.30000000000033,-0.7999999999985796,-2.7999999999985796,-4.79999999999858,2017-12-27 01:40:00+00:00,2017
2017-12-28 05:00:00+00:00,2017-12-28 17:00:00+00:00,1,TIME,33.10000000000146,33.599999999998076,31.599999999998076,29.599999999998076,2017-12-27 23:25:00+00:00,2017
2017-12-29 09:00:00+00:00,2017-12-29 16:00:00+00:00,1,TARGET,33.29999999999833,49.949999999996386,47.949999999996386,45.949999999996386,2017-12-29 01:20:00+00:00,2017
2018-01-03 08:00:00+00:00,2018-01-03 20:00:00+00:00,-1,TIME,26.999999999999247,22.800000000000598,20.800000000000598,18.800000000000598,2018-01-03 04:00:00+00:00,2018
2018-01-05 07:00:00+00:00,2018-01-05 19:00:00+00:00,-1,TIME,28.799999999999937,11.599999999998278,9.599999999998278,7.599999999998278,2018-01-05 03:30:00+00:00,2018
2018-01-08 05:00:00+00:00,2018-01-08 08:00:00+00:00,-1,TARGET,26.799999999997937,40.199999999996905,38.199999999996905,36.199999999996905,2018-01-08 04:00:00+00:00,2018
2018-01-09 07:00:00+00:00,2018-01-09 13:00:00+00:00,-1,TARGET,24.499999999998412,36.74999999999873,34.74999999999873,32.74999999999873,2018-01-09 04:25:00+00:00,2018
2018-01-10 02:00:00+00:00,2018-01-10 10:00:00+00:00,1,TARGET,29.399999999999427,44.099999999998026,42.099999999998026,40.099999999998026,2018-01-09 21:30:00+00:00,2018
2018-01-30 07:00:00+00:00,2018-01-30 09:00:00+00:00,-1,STOP,42.200000000001125,-42.200000000001125,-44.200000000001125,-46.200000000001125,2018-01-30 05:40:00+00:00,2018
2018-02-02 10:00:00+00:00,2018-02-02 13:00:00+00:00,-1,TARGET,31.799999999999606,47.699999999999406,45.699999999999406,43.699999999999406,2018-02-02 08:50:00+00:00,2018
2018-02-05 08:00:00+00:00,2018-02-05 09:00:00+00:00,-1,STOP,33.90000000000004,-33.90000000000004,-35.90000000000004,-37.90000000000004,2018-02-05 06:55:00+00:00,2018
2018-02-07 10:00:00+00:00,2018-02-07 17:00:00+00:00,-1,TARGET,54.00000000000071,80.99999999999996,78.99999999999996,76.99999999999996,2018-02-07 04:40:00+00:00,2018
2018-02-08 09:00:00+00:00,2018-02-08 14:00:00+00:00,-1,STOP,45.70000000000185,-45.70000000000185,-47.70000000000185,-49.70000000000185,2018-02-08 06:35:00+00:00,2018
2018-02-09 08:00:00+00:00,2018-02-09 11:00:00+00:00,1,STOP,49.099999999999696,-49.099999999999696,-51.099999999999696,-53.099999999999696,2018-02-09 05:20:00+00:00,2018
2018-02-13 06:00:00+00:00,2018-02-13 18:00:00+00:00,1,TIME,40.800000000000836,39.69999999999807,37.69999999999807,35.69999999999807,2018-02-13 05:50:00+00:00,2018
2018-02-14 03:00:00+00:00,2018-02-14 13:00:00+00:00,1,STOP,43.10000000000036,-43.10000000000036,-45.10000000000036,-47.10000000000036,2018-02-14 01:45:00+00:00,2018
2018-02-19 14:00:00+00:00,2018-02-20 02:00:00+00:00,-1,TIME,62.29999999999958,-21.599999999999397,-23.599999999999397,-25.599999999999397,2018-02-19 06:45:00+00:00,2018
2018-02-20 08:00:00+00:00,2018-02-20 20:00:00+00:00,-1,TIME,55.300000000000345,25.199999999998557,23.199999999998557,21.199999999998557,2018-02-20 03:00:00+00:00,2018
2018-02-21 08:00:00+00:00,2018-02-21 20:00:00+00:00,-1,TIME,46.39999999999977,13.299999999998313,11.299999999998313,9.299999999998313,2018-02-20 21:10:00+00:00,2018
2018-02-22 14:00:00+00:00,2018-02-23 02:00:00+00:00,1,TIME,53.70000000000097,11.799999999999589,9.799999999999589,7.799999999999589,2018-02-22 08:00:00+00:00,2018
2018-02-23 04:00:00+00:00,2018-02-23 16:00:00+00:00,-1,TIME,45.100000000000136,7.500000000000284,5.500000000000284,3.500000000000284,2018-02-23 02:10:00+00:00,2018
2018-02-27 14:00:00+00:00,2018-02-28 02:00:00+00:00,-1,TIME,55.099999999999035,58.00000000000027,56.00000000000027,54.00000000000027,2018-02-27 06:50:00+00:00,2018
2018-02-28 09:00:00+00:00,2018-02-28 21:00:00+00:00,-1,TIME,43.999999999999595,10.300000000000864,8.300000000000864,6.300000000000864,2018-02-28 03:45:00+00:00,2018
2018-03-01 10:00:00+00:00,2018-03-01 16:00:00+00:00,-1,STOP,33.60000000000029,-33.60000000000029,-35.60000000000029,-37.60000000000029,2018-03-01 05:20:00+00:00,2018
2018-03-02 11:00:00+00:00,2018-03-02 23:00:00+00:00,1,TIME,39.00000000000014,28.200000000000447,26.200000000000447,24.200000000000447,2018-03-02 08:00:00+00:00,2018
2018-03-05 07:00:00+00:00,2018-03-05 16:00:00+00:00,-1,STOP,46.70000000000174,-46.70000000000174,-48.70000000000174,-50.70000000000174,2018-03-05 02:50:00+00:00,2018
2018-03-06 12:00:00+00:00,2018-03-07 00:00:00+00:00,1,TIME,72.69999999999888,18.20000000000155,16.20000000000155,14.200000000001548,2018-03-06 08:25:00+00:00,2018
2018-03-07 11:00:00+00:00,2018-03-07 15:00:00+00:00,1,STOP,42.69999999999996,-42.69999999999996,-44.69999999999996,-46.69999999999996,2018-03-07 06:00:00+00:00,2018
2018-03-08 10:00:00+00:00,2018-03-08 12:00:00+00:00,-1,STOP,39.89999999999938,-39.89999999999938,-41.89999999999938,-43.89999999999938,2018-03-08 01:45:00+00:00,2018
2018-03-09 11:00:00+00:00,2018-03-09 15:00:00+00:00,-1,STOP,38.200000000001566,-38.200000000001566,-40.200000000001566,-42.200000000001566,2018-03-09 04:30:00+00:00,2018
2018-03-12 08:00:00+00:00,2018-03-12 11:00:00+00:00,1,STOP,39.29999999999989,-39.29999999999989,-41.29999999999989,-43.29999999999989,2018-03-12 02:45:00+00:00,2018
2018-03-13 13:00:00+00:00,2018-03-14 01:00:00+00:00,1,TIME,55.49999999999944,28.200000000000447,26.200000000000447,24.200000000000447,2018-03-13 02:35:00+00:00,2018
2018-03-14 09:00:00+00:00,2018-03-14 21:00:00+00:00,-1,TIME,36.800000000001276,7.800000000000029,5.800000000000029,3.800000000000029,2018-03-14 03:20:00+00:00,2018
2018-03-15 12:00:00+00:00,2018-03-16 00:00:00+00:00,-1,TIME,35.39999999999876,42.10000000000047,40.10000000000047,38.10000000000047,2018-03-15 03:30:00+00:00,2018
2018-03-16 14:00:00+00:00,2018-03-19 00:00:00+00:00,-1,TIME,45.100000000000136,3.4000000000000696,1.4000000000000696,-0.5999999999999304,2018-03-16 06:05:00+00:00,2018
2018-03-19 13:00:00+00:00,2018-03-20 01:00:00+00:00,1,TIME,42.399999999997995,38.40000000000065,36.40000000000065,34.40000000000065,2018-03-19 01:40:00+00:00,2018
2018-03-20 10:00:00+00:00,2018-03-20 16:00:00+00:00,-1,TARGET,42.1999999999989,63.29999999999725,61.29999999999725,59.29999999999725,2018-03-20 04:40:00+00:00,2018
2018-03-21 08:00:00+00:00,2018-03-21 19:00:00+00:00,1,TARGET,38.7000000000004,58.0500000000006,56.0500000000006,54.0500000000006,2018-03-21 04:15:00+00:00,2018
2018-03-23 16:00:00+00:00,2018-03-26 00:00:00+00:00,1,TIME,42.40000000000021,-4.300000000001525,-6.300000000001525,-8.300000000001525,2018-03-23 10:50:00+00:00,2018
2018-03-26 08:00:00+00:00,2018-03-26 13:00:00+00:00,1,TARGET,33.599999999998076,50.399999999997114,48.399999999997114,46.399999999997114,2018-03-26 03:45:00+00:00,2018
2018-03-27 07:00:00+00:00,2018-03-27 08:00:00+00:00,1,STOP,31.600000000000517,-31.600000000000517,-33.60000000000052,-35.60000000000052,2018-03-27 01:50:00+00:00,2018
2018-03-28 04:00:00+00:00,2018-03-28 06:00:00+00:00,1,STOP,31.49999999999986,-31.49999999999986,-33.49999999999986,-35.49999999999986,2018-03-28 01:45:00+00:00,2018
2018-03-29 06:00:00+00:00,2018-03-29 07:00:00+00:00,1,STOP,33.30000000000055,-33.30000000000055,-35.30000000000055,-37.30000000000055,2018-03-29 05:35:00+00:00,2018
2018-03-30 08:00:00+00:00,2018-03-30 20:00:00+00:00,1,TIME,33.30000000000055,-5.60000000000116,-7.60000000000116,-9.60000000000116,2018-03-30 05:15:00+00:00,2018
2018-04-03 07:00:00+00:00,2018-04-03 13:00:00+00:00,1,STOP,40.99999999999992,-40.99999999999992,-42.99999999999992,-44.99999999999992,2018-04-03 03:00:00+00:00,2018
2018-04-04 03:00:00+00:00,2018-04-04 15:00:00+00:00,1,TIME,27.500000000000302,17.099999999998783,15.099999999998783,13.099999999998783,2018-04-04 01:15:00+00:00,2018
2018-04-05 07:00:00+00:00,2018-04-05 19:00:00+00:00,-1,TIME,40.70000000000018,26.299999999999102,24.299999999999102,22.299999999999102,2018-04-05 02:40:00+00:00,2018
2018-04-06 08:00:00+00:00,2018-04-06 13:00:00+00:00,-1,STOP,32.80000000000172,-32.80000000000172,-34.80000000000172,-36.80000000000172,2018-04-06 05:45:00+00:00,2018
2018-04-09 13:00:00+00:00,2018-04-10 01:00:00+00:00,1,TIME,52.69999999999886,12.099999999999334,10.099999999999334,8.099999999999334,2018-04-09 03:00:00+00:00,2018
2018-04-11 07:00:00+00:00,2018-04-11 19:00:00+00:00,1,TIME,40.10000000000069,-13.799999999999368,-15.799999999999368,-17.79999999999937,2018-04-11 04:00:00+00:00,2018
2018-04-12 09:00:00+00:00,2018-04-12 21:00:00+00:00,-1,TIME,33.90000000000004,19.500000000001183,17.500000000001183,15.500000000001183,2018-04-12 06:20:00+00:00,2018
2018-04-13 08:00:00+00:00,2018-04-13 11:00:00+00:00,1,STOP,29.90000000000048,-29.90000000000048,-31.90000000000048,-33.90000000000048,2018-04-13 03:25:00+00:00,2018
2018-04-16 08:00:00+00:00,2018-04-16 20:00:00+00:00,1,TIME,41.69999999999785,18.900000000001693,16.900000000001693,14.900000000001693,2018-04-16 00:30:00+00:00,2018
2018-04-17 07:00:00+00:00,2018-04-17 10:00:00+00:00,1,STOP,39.199999999999235,-39.199999999999235,-41.199999999999235,-43.199999999999235,2018-04-17 02:05:00+00:00,2018
2018-04-18 12:00:00+00:00,2018-04-19 00:00:00+00:00,1,TIME,29.09999999999968,-4.3999999999999595,-6.3999999999999595,-8.39999999999996,2018-04-18 05:00:00+00:00,2018
2018-04-20 08:00:00+00:00,2018-04-20 13:00:00+00:00,-1,TARGET,33.60000000000029,50.39999999999933,48.39999999999933,46.39999999999933,2018-04-20 03:50:00+00:00,2018
2018-04-23 08:00:00+00:00,2018-04-23 13:00:00+00:00,-1,TARGET,28.700000000001502,43.05000000000225,41.05000000000225,39.05000000000225,2018-04-23 05:05:00+00:00,2018
2018-04-25 05:00:00+00:00,2018-04-25 11:00:00+00:00,-1,TARGET,27.800000000000047,41.70000000000007,39.70000000000007,37.70000000000007,2018-04-25 03:20:00+00:00,2018
2018-04-26 12:00:00+00:00,2018-04-26 12:00:00+00:00,-1,STOP,31.600000000000517,-31.600000000000517,-33.60000000000052,-35.60000000000052,2018-04-26 03:30:00+00:00,2018
2018-04-27 07:00:00+00:00,2018-04-27 19:00:00+00:00,-1,STOP,36.40000000000087,-36.40000000000087,-38.40000000000087,-40.40000000000087,2018-04-27 05:15:00+00:00,2018
2018-04-30 09:00:00+00:00,2018-04-30 21:00:00+00:00,-1,TIME,33.90000000000004,27.29999999999899,25.29999999999899,23.29999999999899,2018-04-30 06:20:00+00:00,2018
2018-05-01 07:00:00+00:00,2018-05-01 13:00:00+00:00,-1,TARGET,34.600000000000186,51.900000000000276,49.900000000000276,47.900000000000276,2018-05-01 05:25:00+00:00,2018
2018-05-02 08:00:00+00:00,2018-05-02 13:00:00+00:00,1,STOP,28.799999999999937,-28.799999999999937,-30.799999999999937,-32.79999999999994,2018-05-02 05:15:00+00:00,2018
2018-05-04 07:00:00+00:00,2018-05-04 19:00:00+00:00,-1,TIME,38.3,3.5999999999991594,1.5999999999991594,-0.40000000000084057,2018-05-04 05:30:00+00:00,2018
2018-05-07 07:00:00+00:00,2018-05-07 19:00:00+00:00,-1,TIME,40.89999999999927,12.600000000000389,10.600000000000389,8.600000000000389,2018-05-07 04:45:00+00:00,2018
2018-05-08 09:00:00+00:00,2018-05-08 21:00:00+00:00,-1,TIME,50.39999999999933,24.500000000000632,22.500000000000632,20.500000000000632,2018-05-08 02:05:00+00:00,2018
2018-05-10 05:00:00+00:00,2018-05-10 12:00:00+00:00,1,TARGET,30.399999999999316,45.59999999999897,43.59999999999897,41.59999999999897,2018-05-10 04:45:00+00:00,2018
2018-05-11 07:00:00+00:00,2018-05-11 09:00:00+00:00,-1,STOP,36.49999999999931,-36.49999999999931,-38.49999999999931,-40.49999999999931,2018-05-11 04:20:00+00:00,2018
2018-05-15 12:00:00+00:00,2018-05-16 00:00:00+00:00,-1,TIME,61.1000000000006,57.899999999999615,55.899999999999615,53.899999999999615,2018-05-15 07:50:00+00:00,2018
2018-05-18 07:00:00+00:00,2018-05-18 09:00:00+00:00,1,STOP,35.00000000000058,-35.00000000000058,-37.00000000000058,-39.00000000000058,2018-05-17 22:40:00+00:00,2018
2018-05-22 07:00:00+00:00,2018-05-22 07:00:00+00:00,-1,STOP,35.69999999999851,-35.69999999999851,-37.69999999999851,-39.69999999999851,2018-05-22 06:20:00+00:00,2018
2018-05-23 02:00:00+00:00,2018-05-23 07:00:00+00:00,-1,TARGET,36.599999999999966,54.89999999999995,52.89999999999995,50.89999999999995,2018-05-23 00:15:00+00:00,2018
2018-05-24 07:00:00+00:00,2018-05-24 19:00:00+00:00,1,TIME,30.29999999999866,9.500000000000064,7.500000000000064,5.500000000000064,2018-05-24 06:20:00+00:00,2018
2018-05-25 08:00:00+00:00,2018-05-25 10:00:00+00:00,-1,STOP,42.60000000000152,-42.60000000000152,-44.60000000000152,-46.60000000000152,2018-05-25 06:15:00+00:00,2018
2018-05-29 07:00:00+00:00,2018-05-29 09:00:00+00:00,-1,TARGET,44.200000000000905,66.30000000000136,64.30000000000136,62.30000000000136,2018-05-29 00:25:00+00:00,2018
2018-05-30 06:00:00+00:00,2018-05-30 07:00:00+00:00,1,TARGET,36.999999999998145,55.499999999997215,53.499999999997215,51.499999999997215,2018-05-30 04:45:00+00:00,2018
2018-05-31 06:00:00+00:00,2018-05-31 15:00:00+00:00,1,STOP,36.19999999999956,-36.19999999999956,-38.19999999999956,-40.19999999999956,2018-05-31 03:35:00+00:00,2018
2018-06-05 13:00:00+00:00,2018-06-05 16:00:00+00:00,-1,STOP,42.69999999999996,-42.69999999999996,-44.69999999999996,-46.69999999999996,2018-06-05 02:35:00+00:00,2018
2018-06-06 08:00:00+00:00,2018-06-06 20:00:00+00:00,1,TIME,56.89999999999973,9.899999999998244,7.8999999999982435,5.8999999999982435,2018-06-06 04:15:00+00:00,2018
2018-06-07 06:00:00+00:00,2018-06-07 18:00:00+00:00,1,TIME,44.49999999999843,4.8000000000003595,2.8000000000003595,0.8000000000003595,2018-06-06 22:00:00+00:00,2018
2018-06-08 07:00:00+00:00,2018-06-08 19:00:00+00:00,-1,TIME,44.800000000000395,8.00000000000134,6.000000000001339,4.000000000001339,2018-06-08 03:55:00+00:00,2018
2018-06-13 11:00:00+00:00,2018-06-13 18:00:00+00:00,1,STOP,28.599999999998627,-28.599999999998627,-30.599999999998627,-32.59999999999863,2018-06-13 05:15:00+00:00,2018
2018-06-14 09:00:00+00:00,2018-06-14 11:00:00+00:00,1,STOP,39.80000000000094,-39.80000000000094,-41.80000000000094,-43.80000000000094,2018-06-14 07:40:00+00:00,2018
2018-06-19 00:00:00+00:00,2018-06-19 06:00:00+00:00,1,STOP,40.599999999999525,-40.599999999999525,-42.599999999999525,-44.599999999999525,2018-06-18 21:00:00+00:00,2018
2018-06-20 09:00:00+00:00,2018-06-20 12:00:00+00:00,-1,STOP,38.19999999999934,-38.19999999999934,-40.19999999999934,-42.19999999999934,2018-06-20 02:05:00+00:00,2018
2018-06-21 04:00:00+00:00,2018-06-21 09:00:00+00:00,-1,TARGET,36.10000000000113,54.1500000000017,52.1500000000017,50.1500000000017,2018-06-20 23:30:00+00:00,2018
2018-06-22 06:00:00+00:00,2018-06-22 18:00:00+00:00,1,TIME,37.30000000000011,29.09999999999968,27.09999999999968,25.09999999999968,2018-06-22 02:50:00+00:00,2018
2018-06-25 07:00:00+00:00,2018-06-25 08:00:00+00:00,-1,STOP,36.50000000000153,-36.50000000000153,-38.50000000000153,-40.50000000000153,2018-06-25 04:10:00+00:00,2018
2018-06-26 09:00:00+00:00,2018-06-26 21:00:00+00:00,-1,TIME,45.100000000000136,26.900000000000812,24.900000000000812,22.900000000000812,2018-06-26 03:00:00+00:00,2018
2018-06-27 09:00:00+00:00,2018-06-27 17:00:00+00:00,-1,TARGET,41.10000000000058,61.65000000000198,59.65000000000198,57.65000000000198,2018-06-27 04:25:00+00:00,2018
2018-06-28 07:00:00+00:00,2018-06-28 09:00:00+00:00,-1,STOP,33.0000000000008,-33.0000000000008,-35.0000000000008,-37.0000000000008,2018-06-28 05:55:00+00:00,2018
2018-07-02 04:00:00+00:00,2018-07-02 15:00:00+00:00,-1,TARGET,37.4999999999992,56.24999999999769,54.24999999999769,52.24999999999769,2018-07-02 02:45:00+00:00,2018
2018-07-04 02:00:00+00:00,2018-07-04 08:00:00+00:00,1,STOP,35.50000000000164,-35.50000000000164,-37.50000000000164,-39.50000000000164,2018-07-03 18:05:00+00:00,2018
2018-07-05 06:00:00+00:00,2018-07-05 18:00:00+00:00,1,TIME,41.80000000000072,-11.200000000000099,-13.200000000000099,-15.200000000000099,2018-07-05 04:20:00+00:00,2018
2018-07-06 07:00:00+00:00,2018-07-06 19:00:00+00:00,1,TIME,50.09999999999959,22.100000000000453,20.100000000000453,18.100000000000453,2018-07-06 01:25:00+00:00,2018
2018-07-09 06:00:00+00:00,2018-07-09 17:00:00+00:00,1,STOP,36.49999999999931,-36.49999999999931,-38.49999999999931,-40.49999999999931,2018-07-09 00:35:00+00:00,2018
2018-07-10 09:00:00+00:00,2018-07-10 21:00:00+00:00,-1,TIME,38.399999999998435,-17.700000000000493,-19.700000000000493,-21.700000000000493,2018-07-10 02:00:00+00:00,2018
2018-07-11 09:00:00+00:00,2018-07-11 12:00:00+00:00,-1,STOP,41.199999999999015,-41.199999999999015,-43.199999999999015,-45.199999999999015,2018-07-11 02:55:00+00:00,2018
2018-07-12 11:00:00+00:00,2018-07-12 23:00:00+00:00,-1,TIME,38.7000000000004,-2.4000000000001798,-4.40000000000018,-6.40000000000018,2018-07-12 05:00:00+00:00,2018
2018-07-13 07:00:00+00:00,2018-07-13 19:00:00+00:00,-1,TIME,42.69999999999996,-31.200000000000117,-33.20000000000012,-35.20000000000012,2018-07-13 04:15:00+00:00,2018
2018-07-16 06:00:00+00:00,2018-07-16 18:00:00+00:00,1,TIME,45.20000000000079,7.800000000000029,5.800000000000029,3.800000000000029,2018-07-16 02:50:00+00:00,2018
2018-07-17 07:00:00+00:00,2018-07-17 12:00:00+00:00,1,STOP,40.10000000000069,-40.10000000000069,-42.10000000000069,-44.10000000000069,2018-07-16 20:50:00+00:00,2018
2018-07-18 05:00:00+00:00,2018-07-18 17:00:00+00:00,-1,TIME,37.8999999999996,-11.099999999999444,-13.099999999999444,-15.099999999999444,2018-07-18 03:50:00+00:00,2018
2018-07-19 07:00:00+00:00,2018-07-19 17:00:00+00:00,-1,STOP,37.8999999999996,-37.8999999999996,-39.8999999999996,-41.8999999999996,2018-07-19 01:40:00+00:00,2018
2018-07-23 09:00:00+00:00,2018-07-23 21:00:00+00:00,-1,TIME,43.50000000000076,14.799999999999258,12.799999999999258,10.799999999999258,2018-07-23 05:55:00+00:00,2018
2018-07-24 05:00:00+00:00,2018-07-24 11:00:00+00:00,-1,STOP,39.29999999999989,-39.29999999999989,-41.29999999999989,-43.29999999999989,2018-07-24 01:10:00+00:00,2018
2018-07-26 09:00:00+00:00,2018-07-26 14:00:00+00:00,-1,TARGET,30.200000000000227,45.30000000000145,43.30000000000145,41.30000000000145,2018-07-26 07:40:00+00:00,2018
2018-07-27 09:00:00+00:00,2018-07-27 21:00:00+00:00,-1,TIME,41.50000000000098,-29.799999999999827,-31.799999999999827,-33.79999999999983,2018-07-27 02:25:00+00:00,2018
2018-07-30 08:00:00+00:00,2018-07-30 15:00:00+00:00,1,TARGET,32.29999999999844,48.44999999999766,46.44999999999766,44.44999999999766,2018-07-30 01:00:00+00:00,2018
2018-07-31 07:00:00+00:00,2018-07-31 17:00:00+00:00,1,STOP,31.799999999999606,-31.799999999999606,-33.799999999999606,-35.799999999999606,2018-07-31 01:00:00+00:00,2018
2018-08-01 04:00:00+00:00,2018-08-01 16:00:00+00:00,-1,TIME,30.799999999999716,14.900000000002134,12.900000000002134,10.900000000002134,2018-08-01 02:35:00+00:00,2018
2018-08-02 03:00:00+00:00,2018-08-02 11:00:00+00:00,-1,TARGET,31.799999999999606,47.699999999999406,45.699999999999406,43.699999999999406,2018-08-02 01:35:00+00:00,2018
2018-08-03 07:00:00+00:00,2018-08-03 19:00:00+00:00,-1,TIME,32.49999999999975,0.40000000000040004,-1.5999999999996,-3.5999999999996,2018-08-03 04:45:00+00:00,2018
2018-08-06 11:00:00+00:00,2018-08-06 23:00:00+00:00,-1,TIME,41.89999999999916,-19.000000000000128,-21.000000000000128,-23.000000000000128,2018-08-06 06:30:00+00:00,2018
2018-08-07 07:00:00+00:00,2018-08-07 19:00:00+00:00,1,TIME,36.89999999999971,13.700000000000934,11.700000000000934,9.700000000000934,2018-08-07 02:00:00+00:00,2018
2018-08-08 04:00:00+00:00,2018-08-08 11:00:00+00:00,1,STOP,36.599999999999966,-36.599999999999966,-38.599999999999966,-40.599999999999966,2018-08-07 20:40:00+00:00,2018
2018-08-09 08:00:00+00:00,2018-08-09 19:00:00+00:00,-1,TARGET,36.09999999999891,54.149999999997256,52.149999999997256,50.149999999997256,2018-08-09 04:45:00+00:00,2018
2018-08-17 09:00:00+00:00,2018-08-17 21:00:00+00:00,1,TIME,35.09999999999902,41.90000000000138,39.90000000000138,37.90000000000138,2018-08-17 06:30:00+00:00,2018
2018-08-22 10:00:00+00:00,2018-08-22 22:00:00+00:00,1,TIME,32.600000000000406,0.700000000000145,-1.299999999999855,-3.299999999999855,2018-08-22 06:50:00+00:00,2018
2018-08-24 05:00:00+00:00,2018-08-24 14:00:00+00:00,1,TARGET,33.10000000000146,49.65000000000108,47.65000000000108,45.65000000000108,2018-08-24 04:55:00+00:00,2018
2018-08-27 07:00:00+00:00,2018-08-27 13:00:00+00:00,-1,STOP,45.399999999999885,-45.399999999999885,-47.399999999999885,-49.399999999999885,2018-08-27 03:50:00+00:00,2018
2018-08-28 10:00:00+00:00,2018-08-28 22:00:00+00:00,1,TIME,34.19999999999978,-9.799999999999809,-11.799999999999809,-13.799999999999809,2018-08-28 03:00:00+00:00,2018
2018-08-29 07:00:00+00:00,2018-08-29 14:00:00+00:00,-1,STOP,32.90000000000015,-32.90000000000015,-34.90000000000015,-36.90000000000015,2018-08-29 06:30:00+00:00,2018
2018-08-30 13:00:00+00:00,2018-08-31 01:00:00+00:00,-1,TIME,36.19999999999956,12.799999999999478,10.799999999999478,8.799999999999478,2018-08-30 02:10:00+00:00,2018
2018-08-31 06:00:00+00:00,2018-08-31 11:00:00+00:00,1,STOP,31.30000000000077,-31.30000000000077,-33.30000000000077,-35.30000000000077,2018-08-31 04:25:00+00:00,2018
2018-09-03 11:00:00+00:00,2018-09-03 23:00:00+00:00,1,TIME,31.600000000000517,0.9999999999998899,-1.0000000000001101,-3.00000000000011,2018-09-03 03:25:00+00:00,2018
2018-09-04 07:00:00+00:00,2018-09-04 19:00:00+00:00,-1,TIME,45.89999999999872,-2.1999999999988695,-4.1999999999988695,-6.1999999999988695,2018-09-04 03:25:00+00:00,2018
2018-09-07 07:00:00+00:00,2018-09-07 11:00:00+00:00,1,STOP,34.70000000000084,-34.70000000000084,-36.70000000000084,-38.70000000000084,2018-09-07 03:00:00+00:00,2018
2018-09-10 07:00:00+00:00,2018-09-10 08:00:00+00:00,-1,STOP,39.00000000000014,-39.00000000000014,-41.00000000000014,-43.00000000000014,2018-09-10 04:10:00+00:00,2018
2018-09-11 01:00:00+00:00,2018-09-11 06:00:00+00:00,-1,STOP,26.900000000000812,-26.900000000000812,-28.900000000000812,-30.900000000000812,2018-09-11 00:55:00+00:00,2018
2018-09-12 07:00:00+00:00,2018-09-12 14:00:00+00:00,-1,STOP,41.49999999999876,-41.49999999999876,-43.49999999999876,-45.49999999999876,2018-09-12 03:25:00+00:00,2018
2018-09-13 08:00:00+00:00,2018-09-13 12:00:00+00:00,-1,STOP,28.799999999999937,-28.799999999999937,-30.799999999999937,-32.79999999999994,2018-09-13 03:25:00+00:00,2018
2018-09-14 05:00:00+00:00,2018-09-14 12:00:00+00:00,1,STOP,28.600000000000847,-28.600000000000847,-30.600000000000847,-32.60000000000085,2018-09-14 02:00:00+00:00,2018
2018-09-17 09:00:00+00:00,2018-09-17 21:00:00+00:00,1,TIME,32.399999999999096,29.999999999998916,27.999999999998916,25.999999999998916,2018-09-17 04:10:00+00:00,2018
2018-09-18 06:00:00+00:00,2018-09-18 16:00:00+00:00,1,STOP,32.2,-32.2,-34.2,-36.2,2018-09-18 00:05:00+00:00,2018
2018-09-19 06:00:00+00:00,2018-09-19 14:00:00+00:00,1,STOP,34.600000000000186,-34.600000000000186,-36.600000000000186,-38.600000000000186,2018-09-19 04:25:00+00:00,2018
2018-09-20 08:00:00+00:00,2018-09-20 11:00:00+00:00,1,TARGET,36.50000000000153,54.75000000000119,52.75000000000119,50.75000000000119,2018-09-20 02:25:00+00:00,2018
2018-09-21 09:00:00+00:00,2018-09-21 11:00:00+00:00,1,STOP,35.60000000000007,-35.60000000000007,-37.60000000000007,-39.60000000000007,2018-09-21 05:00:00+00:00,2018
2018-09-24 06:00:00+00:00,2018-09-24 08:00:00+00:00,-1,STOP,28.500000000000192,-28.500000000000192,-30.500000000000192,-32.50000000000019,2018-09-24 03:00:00+00:00,2018
2018-09-25 08:00:00+00:00,2018-09-25 20:00:00+00:00,1,TIME,38.19999999999934,-3.4000000000000696,-5.40000000000007,-7.40000000000007,2018-09-25 05:15:00+00:00,2018
2018-09-26 01:00:00+00:00,2018-09-26 13:00:00+00:00,-1,TIME,34.89999999999993,17.099999999998783,15.099999999998783,13.099999999998783,2018-09-25 23:20:00+00:00,2018
2018-09-28 07:00:00+00:00,2018-09-28 11:00:00+00:00,-1,TARGET,36.30000000000022,54.44999999999922,52.44999999999922,50.44999999999922,2018-09-28 06:05:00+00:00,2018
2018-10-01 06:00:00+00:00,2018-10-01 18:00:00+00:00,-1,TIME,36.19999999999956,14.000000000000679,12.000000000000679,10.000000000000679,2018-10-01 04:00:00+00:00,2018
2018-10-02 06:00:00+00:00,2018-10-02 18:00:00+00:00,-1,TIME,47.80000000000006,4.60000000000127,2.6000000000012697,0.6000000000012697,2018-10-02 02:30:00+00:00,2018
2018-10-05 09:00:00+00:00,2018-10-05 12:00:00+00:00,-1,STOP,33.199999999999896,-33.199999999999896,-35.199999999999896,-37.199999999999896,2018-10-05 02:55:00+00:00,2018
2018-10-08 07:00:00+00:00,2018-10-08 19:00:00+00:00,-1,TIME,34.09999999999913,8.40000000000174,6.400000000001739,4.400000000001739,2018-10-08 04:00:00+00:00,2018
2018-10-09 10:00:00+00:00,2018-10-09 18:00:00+00:00,-1,STOP,45.90000000000094,-45.90000000000094,-47.90000000000094,-49.90000000000094,2018-10-09 01:40:00+00:00,2018
2018-10-10 14:00:00+00:00,2018-10-11 02:00:00+00:00,1,TIME,36.89999999999971,44.39999999999999,42.39999999999999,40.39999999999999,2018-10-10 05:15:00+00:00,2018
2018-10-12 13:00:00+00:00,2018-10-15 00:00:00+00:00,-1,TIME,52.299999999998455,7.0000000000014495,5.0000000000014495,3.0000000000014495,2018-10-12 05:10:00+00:00,2018
2018-10-15 09:00:00+00:00,2018-10-15 21:00:00+00:00,1,TIME,36.6999999999984,6.200000000000649,4.200000000000649,2.2000000000006494,2018-10-15 02:10:00+00:00,2018
2018-10-16 03:00:00+00:00,2018-10-16 13:00:00+00:00,-1,STOP,33.09999999999924,-33.09999999999924,-35.09999999999924,-37.09999999999924,2018-10-15 21:10:00+00:00,2018
2018-10-17 03:00:00+00:00,2018-10-17 15:00:00+00:00,-1,TIME,40.40000000000043,31.600000000000517,29.600000000000517,27.600000000000517,2018-10-17 01:50:00+00:00,2018
2018-10-18 06:00:00+00:00,2018-10-18 09:00:00+00:00,-1,STOP,32.49999999999975,-32.49999999999975,-34.49999999999975,-36.49999999999975,2018-10-18 05:05:00+00:00,2018
2018-10-19 08:00:00+00:00,2018-10-19 13:00:00+00:00,-1,STOP,31.799999999999606,-31.799999999999606,-33.799999999999606,-35.799999999999606,2018-10-19 04:30:00+00:00,2018
2018-10-22 07:00:00+00:00,2018-10-22 10:00:00+00:00,1,STOP,45.000000000001705,-45.000000000001705,-47.000000000001705,-49.000000000001705,2018-10-22 04:50:00+00:00,2018
2018-10-23 04:00:00+00:00,2018-10-23 15:00:00+00:00,-1,STOP,33.40000000000121,-33.40000000000121,-35.40000000000121,-37.40000000000121,2018-10-23 01:00:00+00:00,2018
2018-10-24 07:00:00+00:00,2018-10-24 08:00:00+00:00,-1,TARGET,33.90000000000004,50.85000000000006,48.85000000000006,46.85000000000006,2018-10-24 03:05:00+00:00,2018
2018-10-25 03:00:00+00:00,2018-10-25 13:00:00+00:00,1,STOP,31.49999999999986,-31.49999999999986,-33.49999999999986,-35.49999999999986,2018-10-24 23:05:00+00:00,2018
2018-10-26 10:00:00+00:00,2018-10-26 14:00:00+00:00,-1,STOP,31.90000000000026,-31.90000000000026,-33.90000000000026,-35.90000000000026,2018-10-26 01:35:00+00:00,2018
2018-10-29 09:00:00+00:00,2018-10-29 10:00:00+00:00,-1,STOP,33.0000000000008,-33.0000000000008,-35.0000000000008,-37.0000000000008,2018-10-29 08:10:00+00:00,2018
2018-10-30 08:00:00+00:00,2018-10-30 20:00:00+00:00,-1,TIME,37.00000000000036,17.499999999999183,15.499999999999183,13.499999999999183,2018-10-30 02:20:00+00:00,2018
2018-10-31 10:00:00+00:00,2018-10-31 22:00:00+00:00,-1,TIME,33.50000000000186,23.499999999998522,21.499999999998522,19.499999999998522,2018-10-31 03:05:00+00:00,2018
2018-11-02 06:00:00+00:00,2018-11-02 15:00:00+00:00,1,STOP,33.199999999999896,-33.199999999999896,-35.199999999999896,-37.199999999999896,2018-11-02 05:35:00+00:00,2018
2018-11-05 12:00:00+00:00,2018-11-05 15:00:00+00:00,-1,STOP,28.300000000001102,-28.300000000001102,-30.300000000001102,-32.300000000001106,2018-11-05 03:45:00+00:00,2018
2018-11-06 14:00:00+00:00,2018-11-07 02:00:00+00:00,1,TIME,35.00000000000058,-7.399999999999629,-9.399999999999629,-11.399999999999629,2018-11-06 05:15:00+00:00,2018
2018-11-09 17:00:00+00:00,2018-11-12 00:00:00+00:00,-1,TIME,31.799999999999606,0.9999999999998899,-1.0000000000001101,-3.00000000000011,2018-11-09 14:25:00+00:00,2018
2018-11-12 06:00:00+00:00,2018-11-12 08:00:00+00:00,-1,TARGET,37.199999999999456,55.79999999999918,53.79999999999918,51.79999999999918,2018-11-12 04:20:00+00:00,2018
2018-11-19 10:00:00+00:00,2018-11-19 22:00:00+00:00,1,TIME,36.30000000000022,24.299999999999322,22.299999999999322,20.299999999999322,2018-11-19 02:05:00+00:00,2018
2018-11-20 09:00:00+00:00,2018-11-20 17:00:00+00:00,-1,TARGET,33.199999999999896,49.79999999999984,47.79999999999984,45.79999999999984,2018-11-20 03:15:00+00:00,2018
2018-11-21 07:00:00+00:00,2018-11-21 19:00:00+00:00,1,TIME,34.10000000000135,-3.1000000000003247,-5.100000000000325,-7.100000000000325,2018-11-21 05:10:00+00:00,2018
2018-11-22 11:00:00+00:00,2018-11-22 23:00:00+00:00,1,TIME,35.60000000000007,-11.200000000000099,-13.200000000000099,-15.200000000000099,2018-11-22 03:35:00+00:00,2018
2018-11-26 08:00:00+00:00,2018-11-26 18:00:00+00:00,1,STOP,36.19999999999956,-36.19999999999956,-38.19999999999956,-40.19999999999956,2018-11-26 03:55:00+00:00,2018
2018-11-27 08:00:00+00:00,2018-11-27 20:00:00+00:00,-1,TIME,43.199999999998795,17.100000000001003,15.100000000001003,13.100000000001003,2018-11-27 03:15:00+00:00,2018
2018-11-28 15:00:00+00:00,2018-11-28 17:00:00+00:00,-1,STOP,30.49999999999997,-30.49999999999997,-32.49999999999997,-34.49999999999997,2018-11-28 03:35:00+00:00,2018
2018-11-29 11:00:00+00:00,2018-11-29 12:00:00+00:00,-1,STOP,40.89999999999927,-40.89999999999927,-42.89999999999927,-44.89999999999927,2018-11-29 06:10:00+00:00,2018
2018-11-30 10:00:00+00:00,2018-11-30 15:00:00+00:00,-1,TARGET,29.700000000001392,44.55000000000098,42.55000000000098,40.55000000000098,2018-11-30 07:30:00+00:00,2018
2018-12-05 12:00:00+00:00,2018-12-05 15:00:00+00:00,1,STOP,36.30000000000022,-36.30000000000022,-38.30000000000022,-40.30000000000022,2018-12-05 05:00:00+00:00,2018
2018-12-06 08:00:00+00:00,2018-12-06 13:00:00+00:00,-1,STOP,34.10000000000135,-34.10000000000135,-36.10000000000135,-38.10000000000135,2018-12-06 03:40:00+00:00,2018
2018-12-11 10:00:00+00:00,2018-12-11 14:00:00+00:00,1,STOP,31.90000000000026,-31.90000000000026,-33.90000000000026,-35.90000000000026,2018-12-11 04:00:00+00:00,2018
2018-12-12 11:00:00+00:00,2018-12-12 15:00:00+00:00,1,TARGET,28.799999999999937,43.20000000000101,41.20000000000101,39.20000000000101,2018-12-12 03:25:00+00:00,2018
2018-12-13 14:00:00+00:00,2018-12-14 02:00:00+00:00,-1,TIME,42.599999999999305,-18.400000000000638,-20.400000000000638,-22.400000000000638,2018-12-13 04:35:00+00:00,2018
2018-12-14 09:00:00+00:00,2018-12-14 21:00:00+00:00,-1,TIME,80.29999999999981,-8.700000000001484,-10.700000000001484,-12.700000000001484,2018-12-14 03:55:00+00:00,2018
2018-12-17 07:00:00+00:00,2018-12-17 18:00:00+00:00,1,TARGET,30.599999999998406,45.899999999996496,43.899999999996496,41.899999999996496,2018-12-17 02:45:00+00:00,2018
2018-12-18 02:00:00+00:00,2018-12-18 14:00:00+00:00,1,TIME,31.599999999998296,20.000000000000018,18.000000000000018,16.000000000000018,2018-12-17 21:45:00+00:00,2018
2018-12-31 05:00:00+00:00,2018-12-31 11:00:00+00:00,-1,STOP,37.70000000000051,-37.70000000000051,-39.70000000000051,-41.70000000000051,2018-12-31 02:55:00+00:00,2018
