1	2010.01.19 09:15	sell	1	1.01	1.43931	1.44128	1.43439	0.00	10000.00
2	2010.01.19 10:45	modify	1	1.01	1.43931	1.43921	1.43439	0.00	10000.00
3	2010.01.19 11:00	t/p	1	1.01	1.43439	1.43921	1.43439	496.92	10496.92
4	2010.02.15 14:00	sell	2	4.05	1.36095	1.36276	1.35643	0.00	10496.92
5	2010.02.15 16:47	modify	2	4.05	1.36095	1.36085	1.35643	0.00	10496.92
6	2010.02.15 17:39	s/l	2	4.05	1.36085	1.36085	1.35643	40.50	10537.42
7	2010.02.16 11:30	buy	3	1.80	1.36601	1.36368	1.37184	0.00	10537.42
8	2010.02.16 13:38	s/l	3	1.80	1.36368	1.36368	1.37184	-419.40	10118.02
9	2010.03.08 15:00	buy	4	1.12	1.36653	1.36473	1.37103	0.00	10118.02
10	2010.03.08 16:32	s/l	4	1.12	1.36473	1.36473	1.37103	-201.60	9916.42
11	2010.03.10 08:00	sell	5	0.92	1.35826	1.36040	1.35291	0.00	9916.42
12	2010.03.10 09:00	modify	5	0.92	1.35826	1.35816	1.35291	0.00	9916.42
13	2010.03.10 10:14	s/l	5	0.92	1.35816	1.35816	1.35291	9.20	9925.62
14	2010.03.10 15:00	buy	6	3.12	1.36154	1.35932	1.36709	0.00	9925.62
15	2010.03.10 16:52	modify	6	3.12	1.36154	1.36164	1.36709	0.00	9925.62
16	2010.03.10 17:03	t/p	6	3.12	1.36709	1.36164	1.36709	1731.60	11657.22
17	2010.03.11 09:30	buy	7	1.20	1.36425	1.36232	1.36908	0.00	11657.22
18	2010.03.11 14:30	modify	7	1.20	1.36425	1.36435	1.36908	0.00	11657.22
19	2010.03.11 14:44	s/l	7	1.20	1.36435	1.36435	1.36908	12.00	11669.22
20	2010.03.16 08:00	sell	8	2.62	1.36831	1.37009	1.36386	0.00	11669.22
21	2010.03.16 11:00	s/l	8	2.62	1.37009	1.37009	1.36386	-466.36	11202.86
22	2010.04.05 08:00	sell	9	1.15	1.34992	1.35186	1.34507	0.00	11202.86
23	2010.04.05 08:34	modify	9	1.15	1.34992	1.34982	1.34507	0.00	11202.86
24	2010.04.05 15:14	s/l	9	1.15	1.34982	1.34982	1.34507	11.50	11214.36
25	2010.06.30 09:45	sell	10	3.90	1.22160	1.22361	1.21658	0.00	11214.36
26	2010.06.30 11:17	s/l	10	3.90	1.22361	1.22361	1.21658	-783.90	10430.46
27	2010.08.18 09:45	sell	11	1.00	1.28290	1.28497	1.27773	0.00	10430.46
28	2010.08.18 09:51	s/l	11	1.00	1.28497	1.28497	1.27773	-207.00	10223.46
29	2010.08.30 08:15	buy	12	1.03	1.27451	1.27254	1.27944	0.00	10223.46
30	2010.08.30 08:58	s/l	12	1.03	1.27254	1.27254	1.27944	-202.91	10020.55
31	2010.08.30 08:58	sell	13	0.87	1.27253	1.27481	1.26683	0.00	10020.55
32	2010.08.30 14:20	modify	13	0.87	1.27253	1.27243	1.26683	0.00	10020.55
33	2010.08.30 18:29	t/p	13	0.87	1.26683	1.27243	1.26683	495.90	10516.45
34	2010.09.01 10:00	buy	14	0.98	1.27200	1.26987	1.27733	0.00	10516.45
35	2010.09.01 10:44	modify	14	0.98	1.27200	1.27210	1.27733	0.00	10516.45
36	2010.09.01 11:27	t/p	14	0.98	1.27733	1.27210	1.27733	522.34	11038.79
37	2010.09.06 15:00	buy	15	3.78	1.28850	1.28646	1.29360	0.00	11038.79
38	2010.09.07 01:04	s/l	15	3.78	1.28646	1.28646	1.29360	-802.66	10236.13
39	2010.09.20 08:45	buy	16	1.01	1.30852	1.30650	1.31357	0.00	10236.13
40	2010.09.20 09:35	modify	16	1.01	1.30852	1.30862	1.31357	0.00	10236.13
41	2010.09.20 13:57	s/l	16	1.01	1.30862	1.30862	1.31357	10.10	10246.23
42	2010.12.22 08:30	sell	17	3.77	1.31303	1.31493	1.30828	0.00	10246.23
43	2010.12.22 10:43	s/l	17	3.77	1.31493	1.31493	1.30828	-716.30	9529.93
44	2010.12.27 15:00	buy	18	0.83	1.31514	1.31285	1.32087	0.00	9529.93
45	2010.12.27 19:01	s/l	18	0.83	1.31285	1.31285	1.32087	-190.07	9339.86
46	2010.12.29 11:30	sell	19	0.78	1.31229	1.31468	1.30632	0.00	9339.86
47	2010.12.29 17:33	s/l	19	0.78	1.31468	1.31468	1.30632	-186.42	9153.44
48	2011.02.09 09:30	buy	20	0.75	1.36507	1.36265	1.37112	0.00	9153.44
49	2011.02.09 11:48	s/l	20	0.75	1.36265	1.36265	1.37112	-181.50	8971.94
50	2011.03.08 08:30	buy	21	0.86	1.39830	1.39622	1.40350	0.00	8971.94
51	2011.03.08 08:39	s/l	21	0.86	1.39622	1.39622	1.40350	-178.88	8793.06
52	2011.03.08 08:39	sell	22	0.76	1.39622	1.39851	1.39050	0.00	8793.06
53	2011.03.08 09:34	modify	22	0.76	1.39622	1.39612	1.39050	0.00	8793.06
54	2011.03.08 13:23	t/p	22	0.76	1.39050	1.39612	1.39050	434.72	9227.78
55	2011.03.23 10:15	sell	23	0.81	1.41753	1.41980	1.41186	0.00	9227.78
56	2011.03.23 11:15	s/l	23	0.81	1.41980	1.41980	1.41186	-183.87	9043.91
57	2011.03.23 11:15	buy	24	0.75	1.41980	1.41740	1.42580	0.00	9043.91
58	2011.03.23 12:16	s/l	24	0.75	1.41740	1.41740	1.42580	-180.00	8863.91
59	2011.03.30 08:15	sell	25	1.04	1.40821	1.40990	1.40399	0.00	8863.91
60	2011.03.30 10:08	s/l	25	1.04	1.40990	1.40990	1.40399	-175.76	8688.15
61	2011.04.05 08:15	sell	26	1.14	1.41931	1.42083	1.41551	0.00	8688.15
62	2011.04.05 08:30	modify	26	1.14	1.41931	1.41921	1.41551	0.00	8688.15
63	2011.04.05 09:18	s/l	26	1.14	1.41921	1.41921	1.41551	11.40	8699.55
64	2011.04.12 08:15	sell	27	3.71	1.43919	1.44083	1.43509	0.00	8699.55
65	2011.04.12 09:11	s/l	27	3.71	1.44083	1.44083	1.43509	-608.44	8091.11
66	2011.08.22 08:30	sell	28	1.04	1.43580	1.43735	1.43193	0.00	8091.11
67	2011.08.22 09:07	s/l	28	1.04	1.43735	1.43735	1.43193	-161.20	7929.91
68	2011.08.24 08:15	buy	29	0.68	1.44161	1.43930	1.44739	0.00	7929.91
69	2011.08.24 10:00	s/l	29	0.68	1.43930	1.43930	1.44739	-157.08	7772.83
70	2011.09.08 10:30	sell	30	0.39	1.40645	1.40843	1.40150	0.00	7772.83
71	2011.09.08 12:49	modify	30	0.39	1.40645	1.40635	1.40150	0.00	7772.83
72	2011.09.08 13:35	t/p	30	0.39	1.40150	1.40635	1.40150	193.05	7965.88
73	2011.12.08 08:15	buy	31	1.59	1.34176	1.34001	1.34614	0.00	7965.88
74	2011.12.08 10:05	s/l	31	1.59	1.34001	1.34001	1.34614	-278.25	7687.63
75	2011.12.19 08:45	sell	32	0.78	1.30068	1.30264	1.29578	0.00	7687.63
76	2011.12.19 09:07	s/l	32	0.78	1.30264	1.30264	1.29578	-152.88	7534.75
77	2011.12.19 15:15	sell	33	0.71	1.30218	1.30428	1.29693	0.00	7534.75
78	2011.12.19 21:54	modify	33	0.71	1.30218	1.30208	1.29693	0.00	7534.75
79	2011.12.20 09:35	s/l	33	0.71	1.30208	1.30208	1.29693	8.90	7543.65
80	2012.03.07 08:00	sell	34	3.38	1.31391	1.31547	1.31001	0.00	7543.65
81	2012.03.07 11:22	s/l	34	3.38	1.31547	1.31547	1.31001	-527.28	7016.37
82	2012.03.08 09:00	buy	35	0.45	1.31786	1.31631	1.32174	0.00	7016.37
83	2012.03.08 10:31	modify	35	0.45	1.31786	1.31796	1.32174	0.00	7016.37
84	2012.03.08 10:36	t/p	35	0.45	1.32174	1.31796	1.32174	174.60	7190.97
85	2012.03.29 08:15	buy	36	1.21	1.33281	1.33074	1.33799	0.00	7190.97
86	2012.03.29 11:06	s/l	36	1.21	1.33074	1.33074	1.33799	-250.47	6940.50
87	2012.04.03 08:15	buy	37	0.70	1.33466	1.33269	1.33959	0.00	6940.50
88	2012.04.03 13:16	s/l	37	0.70	1.33269	1.33269	1.33959	-137.90	6802.60
89	2012.04.09 15:15	sell	38	0.68	1.30563	1.30761	1.30068	0.00	6802.60
90	2012.04.09 16:31	s/l	38	0.68	1.30761	1.30761	1.30068	-134.64	6667.96
91	2012.04.09 16:31	buy	39	0.64	1.30761	1.30554	1.31279	0.00	6667.96
92	2012.04.09 18:33	modify	39	0.64	1.30761	1.30771	1.31279	0.00	6667.96
93	2012.04.09 18:59	t/p	39	0.64	1.31279	1.30771	1.31279	331.52	6999.48
94	2012.04.12 10:45	buy	40	0.28	1.31315	1.31066	1.31938	0.00	6999.48
95	2012.04.12 11:09	s/l	40	0.28	1.31066	1.31066	1.31938	-69.72	6929.76
96	2012.04.17 09:15	buy	41	0.62	1.31100	1.30879	1.31653	0.00	6929.76
97	2012.04.17 09:55	modify	41	0.62	1.31100	1.31110	1.31653	0.00	6929.76
98	2012.04.17 11:00	t/p	41	0.62	1.31653	1.31110	1.31653	342.86	7272.62
99	2012.04.18 14:45	sell	42	2.49	1.30804	1.31008	1.30294	0.00	7272.62
100	2012.04.18 16:35	s/l	42	2.49	1.31008	1.31008	1.30294	-507.96	6764.66
101	2012.04.18 16:35	sell	43	29.59	1.31007	1.31023	1.30967	0.00	6764.66
102	2012.04.18 16:35	s/l	43	29.59	1.31023	1.31023	1.30967	-473.44	6291.22
103	2012.04.19 11:30	buy	44	0.34	1.31388	1.31203	1.31851	0.00	6291.22
104	2012.04.19 12:23	s/l	44	0.34	1.31203	1.31203	1.31851	-62.90	6228.32
105	2012.04.26 15:30	buy	45	0.28	1.32181	1.31963	1.32726	0.00	6228.32
106	2012.04.26 16:16	modify	45	0.28	1.32181	1.32191	1.32726	0.00	6228.32
107	2012.04.26 23:00	s/l	45	0.28	1.32191	1.32191	1.32726	2.80	6231.12
108	2012.05.10 10:15	sell	46	0.90	1.29446	1.29688	1.28841	0.00	6231.12
109	2012.05.10 15:12	s/l	46	0.90	1.29688	1.29688	1.28841	-217.80	6013.32
110	2012.05.17 08:45	sell	47	0.27	1.27264	1.27480	1.26724	0.00	6013.32
111	2012.05.17 12:19	modify	47	0.27	1.27264	1.27254	1.26724	0.00	6013.32
112	2012.05.17 13:26	t/p	47	0.27	1.26724	1.27254	1.26724	145.80	6159.12
113	2012.05.22 09:15	buy	48	2.79	1.27961	1.27807	1.28346	0.00	6159.12
114	2012.05.22 10:43	s/l	48	2.79	1.27807	1.27807	1.28346	-429.66	5729.46
115	2012.05.29 11:45	sell	49	0.48	1.25401	1.25635	1.24816	0.00	5729.46
116	2012.05.29 17:36	modify	49	0.48	1.25401	1.25391	1.24816	0.00	5729.46
117	2012.05.29 17:45	t/p	49	0.48	1.24816	1.25391	1.24816	280.80	6010.26
118	2012.06.19 08:30	sell	50	2.14	1.25960	1.26156	1.25470	0.00	6010.26
119	2012.06.19 09:16	s/l	50	2.14	1.26156	1.26156	1.25470	-419.44	5590.82
120	2012.06.26 09:00	sell	51	0.48	1.25010	1.25240	1.24435	0.00	5590.82
121	2012.06.26 09:39	s/l	51	0.48	1.25240	1.25240	1.24435	-110.40	5480.42
122	2012.06.27 08:45	sell	52	0.70	1.24880	1.25035	1.24493	0.00	5480.42
123	2012.06.27 15:09	modify	52	0.70	1.24880	1.24870	1.24493	0.00	5480.42
124	2012.06.27 17:18	t/p	52	0.70	1.24493	1.24870	1.24493	270.90	5751.32
125	2012.07.11 10:15	sell	53	2.58	1.22620	1.22776	1.22230	0.00	5751.32
126	2012.07.11 10:41	s/l	53	2.58	1.22776	1.22776	1.22230	-402.48	5348.84
127	2012.07.16 09:30	buy	54	0.58	1.22370	1.22188	1.22825	0.00	5348.84
128	2012.07.16 10:45	s/l	54	0.58	1.22188	1.22188	1.22825	-105.56	5243.28
129	2012.07.18 09:15	buy	55	0.65	1.22915	1.22754	1.23318	0.00	5243.28
130	2012.07.18 10:09	s/l	55	0.65	1.22754	1.22754	1.23318	-104.65	5138.63
131	2012.07.18 10:09	sell	56	0.49	1.22753	1.22960	1.22236	0.00	5138.63
132	2012.07.18 11:40	modify	56	0.49	1.22753	1.22743	1.22236	0.00	5138.63
133	2012.07.18 13:02	t/p	56	0.49	1.22236	1.22743	1.22236	253.33	5391.96
134	2012.07.31 09:45	buy	57	0.54	1.22778	1.22579	1.23276	0.00	5391.96
135	2012.07.31 10:05	s/l	57	0.54	1.22579	1.22579	1.23276	-107.46	5284.50
136	2012.07.31 11:00	sell	58	0.51	1.22571	1.22777	1.22056	0.00	5284.50
137	2012.07.31 11:56	s/l	58	0.51	1.22777	1.22777	1.22056	-105.06	5179.44
138	2012.08.08 11:30	sell	59	0.46	1.23711	1.23933	1.23156	0.00	5179.44
139	2012.08.08 14:13	modify	59	0.46	1.23711	1.23701	1.23156	0.00	5179.44
140	2012.08.08 17:12	s/l	59	0.46	1.23701	1.23701	1.23156	4.60	5184.04
141	2012.08.09 09:15	sell	60	0.73	1.23620	1.23866	1.23005	0.00	5184.04
142	2012.08.09 12:03	modify	60	0.73	1.23620	1.23610	1.23005	0.00	5184.04
143	2012.08.09 13:24	t/p	60	0.73	1.23005	1.23610	1.23005	448.95	5632.99
144	2012.08.13 09:45	sell	61	1.19	1.22776	1.22964	1.22306	0.00	5632.99
145	2012.08.13 11:00	s/l	61	1.19	1.22964	1.22964	1.22306	-223.72	5409.27
146	2012.08.13 11:00	buy	62	1.47	1.22964	1.22817	1.23332	0.00	5409.27
147	2012.08.13 11:20	modify	62	1.47	1.22964	1.22974	1.23332	0.00	5409.27
148	2012.08.13 12:58	t/p	62	1.47	1.23332	1.22974	1.23332	540.96	5950.23
149	2012.08.15 11:45	sell	63	0.71	1.23236	1.23403	1.22819	0.00	5950.23
150	2012.08.15 12:09	modify	63	0.71	1.23236	1.23226	1.22819	0.00	5950.23
151	2012.08.15 12:20	t/p	63	0.71	1.22819	1.23226	1.22819	296.07	6246.30
152	2012.08.20 08:15	buy	64	2.07	1.23483	1.23272	1.24011	0.00	6246.30
153	2012.08.20 12:02	s/l	64	2.07	1.23272	1.23272	1.24011	-436.77	5809.53
154	2012.08.28 08:15	sell	65	0.71	1.24795	1.24957	1.24390	0.00	5809.53
155	2012.08.28 09:49	s/l	65	0.71	1.24957	1.24957	1.24390	-115.02	5694.51
156	2012.09.03 09:15	buy	66	0.59	1.25800	1.25609	1.26278	0.00	5694.51
157	2012.09.03 17:16	modify	66	0.59	1.25800	1.25810	1.26278	0.00	5694.51
158	2012.09.04 01:07	s/l	66	0.59	1.25810	1.25810	1.26278	0.98	5695.49
159	2012.10.02 08:30	buy	67	2.44	1.29130	1.28967	1.29538	0.00	5695.49
160	2012.10.02 08:58	s/l	67	2.44	1.28967	1.28967	1.29538	-397.72	5297.77
161	2012.10.03 08:15	sell	68	0.55	1.28867	1.29059	1.28387	0.00	5297.77
162	2012.10.03 09:41	s/l	68	0.55	1.29059	1.29059	1.28387	-105.60	5192.17
163	2012.10.11 08:00	sell	69	0.25	1.28581	1.28788	1.28064	0.00	5192.17
164	2012.10.11 10:10	s/l	69	0.25	1.28788	1.28788	1.28064	-51.75	5140.42
165	2012.10.15 08:15	sell	70	0.61	1.29007	1.29174	1.28590	0.00	5140.42
166	2012.10.15 08:51	s/l	70	0.61	1.29174	1.29174	1.28590	-101.87	5038.55
167	2012.10.15 08:51	buy	71	0.42	1.29174	1.28939	1.29762	0.00	5038.55
168	2012.10.15 09:47	modify	71	0.42	1.29174	1.29184	1.29762	0.00	5038.55
169	2012.10.15 13:05	t/p	71	0.42	1.29762	1.29184	1.29762	246.96	5285.51
170	2012.10.18 10:45	buy	72	0.25	1.31033	1.30827	1.31548	0.00	5285.51
171	2012.10.18 16:17	s/l	72	0.25	1.30827	1.30827	1.31548	-51.50	5234.01
172	2012.10.22 09:15	sell	73	0.46	1.30396	1.30619	1.29839	0.00	5234.01
173	2012.10.22 12:13	s/l	73	0.46	1.30619	1.30619	1.29839	-102.58	5131.43
174	2012.10.22 12:13	buy	74	0.67	1.30619	1.30466	1.31002	0.00	5131.43
175	2012.10.22 15:15	s/l	74	0.67	1.30466	1.30466	1.31002	-102.51	5028.92
176	2012.10.25 11:30	buy	75	0.26	1.30147	1.29960	1.30615	0.00	5028.92
177	2012.10.25 12:50	s/l	75	0.26	1.29960	1.29960	1.30615	-48.62	4980.30
178	2012.10.25 12:50	sell	76	0.25	1.29960	1.30154	1.29475	0.00	4980.30
179	2012.10.25 15:55	modify	76	0.25	1.29960	1.29950	1.29475	0.00	4980.30
180	2012.10.25 17:25	t/p	76	0.25	1.29475	1.29950	1.29475	121.25	5101.55
181	2012.11.01 08:15	sell	77	0.26	1.29467	1.29662	1.28980	0.00	5101.55
182	2012.11.01 13:32	s/l	77	0.26	1.29662	1.29662	1.28980	-50.70	5050.85
183	2012.11.06 16:15	sell	78	0.64	1.27995	1.28151	1.27605	0.00	5050.85
184	2012.11.06 17:37	s/l	78	0.64	1.28151	1.28151	1.27605	-99.84	4951.01
185	2012.11.14 08:45	buy	79	0.52	1.27217	1.27029	1.27687	0.00	4951.01
186	2012.11.14 10:52	modify	79	0.52	1.27217	1.27227	1.27687	0.00	4951.01
187	2012.11.14 20:00	t/p	79	0.52	1.27687	1.27227	1.27687	244.40	5195.41
188	2012.11.28 10:30	sell	80	1.73	1.29182	1.29392	1.28657	0.00	5195.41
189	2012.11.28 14:19	modify	80	1.73	1.29182	1.29172	1.28657	0.00	5195.41
190	2012.11.28 16:36	s/l	80	1.73	1.29172	1.29172	1.28657	17.30	5212.71
191	2012.11.29 09:00	buy	81	0.45	1.29636	1.29409	1.30204	0.00	5212.71
192	2012.11.29 13:47	modify	81	0.45	1.29636	1.29646	1.30204	0.00	5212.71
193	2012.11.29 17:41	s/l	81	0.45	1.29646	1.29646	1.30204	4.50	5217.21
194	2012.12.11 10:30	buy	82	0.94	1.29587	1.29366	1.30140	0.00	5217.21
195	2012.12.11 12:50	modify	82	0.94	1.29587	1.29597	1.30140	0.00	5217.21
196	2012.12.11 19:41	t/p	82	0.94	1.30140	1.29597	1.30140	519.82	5737.03
197	2013.01.09 10:30	sell	83	1.29	1.30796	1.30973	1.30354	0.00	5737.03
198	2013.01.09 12:42	modify	83	1.29	1.30796	1.30786	1.30354	0.00	5737.03
199	2013.01.09 17:56	s/l	83	1.29	1.30786	1.30786	1.30354	12.90	5749.93
200	2013.01.17 08:45	sell	84	0.52	1.32862	1.33081	1.32315	0.00	5749.93
201	2013.01.17 09:03	s/l	84	0.52	1.33081	1.33081	1.32315	-113.88	5636.05
202	2013.01.21 08:45	sell	85	0.70	1.33176	1.33335	1.32779	0.00	5636.05
203	2013.01.22 05:00	s/l	85	0.70	1.33335	1.33335	1.32779	-109.52	5526.52
204	2013.01.29 09:45	buy	86	0.49	1.34542	1.34319	1.35100	0.00	5526.52
205	2013.01.29 11:46	s/l	86	0.49	1.34319	1.34319	1.35100	-109.27	5417.25
206	2013.02.12 08:45	sell	87	0.49	1.33733	1.33953	1.33183	0.00	5417.25
207	2013.02.12 10:01	s/l	87	0.49	1.33953	1.33953	1.33183	-107.80	5309.45
208	2013.02.18 08:15	sell	88	0.58	1.33366	1.33549	1.32909	0.00	5309.45
209	2013.02.18 10:22	s/l	88	0.58	1.33549	1.33549	1.32909	-106.14	5203.31
210	2013.02.19 11:00	sell	89	0.60	1.33427	1.33600	1.32995	0.00	5203.31
211	2013.02.19 11:00	s/l	89	0.60	1.33600	1.33600	1.32995	-103.80	5099.51
212	2013.02.19 11:00	buy	90	0.53	1.33600	1.33411	1.34073	0.00	5099.51
213	2013.02.19 11:19	s/l	90	0.53	1.33411	1.33411	1.34073	-100.17	4999.34
214	2013.03.05 09:00	buy	91	0.43	1.30469	1.30240	1.31042	0.00	4999.34
215	2013.03.05 11:44	s/l	91	0.43	1.30240	1.30240	1.31042	-98.47	4900.87
216	2013.03.11 09:30	sell	92	0.60	1.30037	1.30199	1.29632	0.00	4900.87
217	2013.03.11 18:03	s/l	92	0.60	1.30199	1.30199	1.29632	-97.20	4803.67
218	2013.03.19 08:30	sell	93	0.46	1.29425	1.29630	1.28913	0.00	4803.67
219	2013.03.19 16:37	modify	93	0.46	1.29425	1.29415	1.28913	0.00	4803.67
220	2013.03.19 16:57	t/p	93	0.46	1.28913	1.29415	1.28913	235.52	5039.19
221	2013.03.28 09:45	sell	94	0.85	1.27897	1.28103	1.27382	0.00	5039.19
222	2013.03.28 09:58	modify	94	0.85	1.27897	1.27887	1.27382	0.00	5039.19
223	2013.03.28 11:18	s/l	94	0.85	1.27887	1.27887	1.27382	8.50	5047.69
224	2013.04.03 14:00	buy	95	0.88	1.28289	1.28061	1.28859	0.00	5047.69
225	2013.04.03 16:15	modify	95	0.88	1.28289	1.28299	1.28859	0.00	5047.69
226	2013.04.04 07:05	s/l	95	0.88	1.28299	1.28299	1.28859	-13.23	5034.46
227	2013.04.04 07:05	sell	96	0.46	1.28298	1.28515	1.27756	0.00	5034.46
228	2013.04.04 10:00	modify	96	0.46	1.28298	1.28288	1.27756	0.00	5034.46
229	2013.04.04 14:32	s/l	96	0.46	1.28288	1.28288	1.27756	4.60	5039.06
230	2013.04.15 10:00	sell	97	0.49	1.30742	1.30946	1.30232	0.00	5039.06
231	2013.04.15 14:18	s/l	97	0.49	1.30946	1.30946	1.30232	-99.96	4939.10
232	2013.04.22 08:15	sell	98	0.58	1.30575	1.30743	1.30155	0.00	4939.10
233	2013.04.22 09:04	s/l	98	0.58	1.30743	1.30743	1.30155	-97.44	4841.66
234	2013.04.22 09:30	sell	99	0.44	1.30554	1.30774	1.30004	0.00	4841.66
235	2013.04.22 14:54	modify	99	0.44	1.30554	1.30544	1.30004	0.00	4841.66
236	2013.04.22 18:40	s/l	99	0.44	1.30544	1.30544	1.30004	4.40	4846.06
237	2013.04.24 14:30	sell	100	1.59	1.29957	1.30170	1.29425	0.00	4846.06
238	2013.04.24 19:05	s/l	100	1.59	1.30170	1.30170	1.29425	-338.67	4507.39
239	2013.04.25 10:15	buy	101	0.25	1.30423	1.30246	1.30866	0.00	4507.39
240	2013.04.25 11:00	modify	101	0.25	1.30423	1.30433	1.30866	0.00	4507.39
241	2013.04.25 14:15	t/p	101	0.25	1.30866	1.30433	1.30866	110.75	4618.14
242	2013.04.29 08:15	buy	102	1.89	1.30577	1.30406	1.31005	0.00	4618.14
243	2013.04.29 09:24	modify	102	1.89	1.30577	1.30587	1.31005	0.00	4618.14
244	2013.04.29 14:03	t/p	102	1.89	1.31005	1.30587	1.31005	808.92	5427.06
245	2013.04.30 15:15	buy	103	1.06	1.30853	1.30649	1.31363	0.00	5427.06
246	2013.04.30 15:35	modify	103	1.06	1.30853	1.30863	1.31363	0.00	5427.06
247	2013.04.30 15:40	t/p	103	1.06	1.31363	1.30863	1.31363	540.60	5967.66
248	2013.05.02 10:15	buy	104	0.60	1.31676	1.31478	1.32171	0.00	5967.66
249	2013.05.02 13:45	s/l	104	0.60	1.31478	1.31478	1.32171	-118.80	5848.86
250	2013.05.06 10:45	sell	105	0.76	1.31067	1.31220	1.30685	0.00	5848.86
251	2013.05.06 16:24	modify	105	0.76	1.31067	1.31057	1.30685	0.00	5848.86
252	2013.05.06 16:26	t/p	105	0.76	1.30685	1.31057	1.30685	290.32	6139.18
253	2013.05.14 09:15	buy	106	2.68	1.30125	1.29965	1.30525	0.00	6139.18
254	2013.05.14 09:30	s/l	106	2.68	1.29965	1.29965	1.30525	-428.80	5710.38
255	2013.05.14 11:00	sell	107	0.66	1.29949	1.30120	1.29522	0.00	5710.38
256	2013.05.14 11:10	s/l	107	0.66	1.30120	1.30120	1.29522	-112.86	5597.52
257	2013.05.21 11:30	buy	108	0.47	1.28856	1.28622	1.29441	0.00	5597.52
258	2013.05.21 12:23	s/l	108	0.47	1.28622	1.28622	1.29441	-109.98	5487.54
259	2013.05.21 16:00	sell	109	0.73	1.28596	1.28746	1.28221	0.00	5487.54
260	2013.05.21 17:11	s/l	109	0.73	1.28746	1.28746	1.28221	-109.50	5378.04
261	2013.05.22 09:00	buy	110	0.70	1.29166	1.29013	1.29549	0.00	5378.04
262	2013.05.22 09:45	modify	110	0.70	1.29166	1.29176	1.29549	0.00	5378.04
263	2013.05.22 14:21	s/l	110	0.70	1.29176	1.29176	1.29549	7.00	5385.04
264	2013.05.28 11:15	sell	111	2.25	1.28973	1.29140	1.28556	0.00	5385.04
265	2013.05.28 11:26	s/l	111	2.25	1.29140	1.29140	1.28556	-375.75	5009.29
266	2013.06.12 15:45	buy	112	0.50	1.32857	1.32659	1.33352	0.00	5009.29
267	2013.06.12 17:00	modify	112	0.50	1.32857	1.32867	1.33352	0.00	5009.29
268	2013.06.12 17:47	t/p	112	0.50	1.33352	1.32867	1.33352	247.50	5256.79
269	2013.06.25 10:15	sell	113	1.90	1.31269	1.31462	1.30787	0.00	5256.79
270	2013.06.25 14:35	modify	113	1.90	1.31269	1.31259	1.30787	0.00	5256.79
271	2013.06.25 16:00	t/p	113	1.90	1.30787	1.31259	1.30787	915.80	6172.59
272	2013.07.04 09:15	sell	114	0.62	1.29863	1.30062	1.29366	0.00	6172.59
273	2013.07.04 11:56	s/l	114	0.62	1.30062	1.30062	1.29366	-123.38	6049.21
274	2013.07.04 11:56	buy	115	0.82	1.30062	1.29916	1.30427	0.00	6049.21
275	2013.07.04 13:43	s/l	115	0.82	1.29916	1.29916	1.30427	-119.72	5929.49
276	2013.07.10 14:15	sell	116	0.68	1.28125	1.28298	1.27693	0.00	5929.49
277	2013.07.10 15:58	s/l	116	0.68	1.28298	1.28298	1.27693	-117.64	5811.85
278	2013.07.23 16:15	buy	117	0.74	1.31936	1.31781	1.32324	0.00	5811.85
279	2013.07.23 16:41	modify	117	0.74	1.31936	1.31946	1.32324	0.00	5811.85
280	2013.07.23 20:51	t/p	117	0.74	1.32324	1.31946	1.32324	287.12	6098.97
281	2013.08.13 09:30	sell	118	1.82	1.32899	1.33133	1.32314	0.00	6098.97
282	2013.08.13 11:15	s/l	118	1.82	1.33133	1.33133	1.32314	-425.88	5673.09
283	2013.08.14 11:15	sell	119	0.55	1.32524	1.32730	1.32009	0.00	5673.09
284	2013.08.15 04:09	s/l	119	0.55	1.32730	1.32730	1.32009	-109.12	5563.98
285	2013.08.22 16:30	sell	120	0.27	1.33300	1.33506	1.32785	0.00	5563.98
286	2013.08.22 17:06	s/l	120	0.27	1.33506	1.33506	1.32785	-55.62	5508.36
287	2013.08.28 11:30	buy	121	0.66	1.33763	1.33597	1.34178	0.00	5508.36
288	2013.08.28 12:33	s/l	121	0.66	1.33597	1.33597	1.34178	-109.56	5398.80
289	2013.08.28 12:33	sell	122	0.59	1.33596	1.33777	1.33144	0.00	5398.80
290	2013.08.28 15:35	modify	122	0.59	1.33596	1.33586	1.33144	0.00	5398.80
291	2013.08.28 15:45	t/p	122	0.59	1.33144	1.33586	1.33144	266.68	5665.48
292	2013.09.02 10:00	sell	123	0.64	1.32101	1.32276	1.31664	0.00	5665.48
293	2013.09.03 07:19	modify	123	0.64	1.32101	1.32091	1.31664	0.00	5665.48
294	2013.09.03 08:30	t/p	123	0.64	1.31664	1.32091	1.31664	281.30	5946.78
295	2013.09.11 10:15	buy	124	2.61	1.32661	1.32502	1.33059	0.00	5946.78
296	2013.09.11 15:53	modify	124	2.61	1.32661	1.32671	1.33059	0.00	5946.78
297	2013.09.11 17:02	t/p	124	2.61	1.33059	1.32671	1.33059	1038.78	6985.56
298	2013.09.23 14:30	buy	125	1.52	1.35152	1.34969	1.35610	0.00	6985.56
299	2013.09.23 15:17	s/l	125	1.52	1.34969	1.34969	1.35610	-278.16	6707.40
300	2013.09.26 15:30	sell	126	0.44	1.34922	1.35073	1.34545	0.00	6707.40
301	2013.09.26 16:00	s/l	126	0.44	1.35073	1.35073	1.34545	-66.44	6640.96
302	2013.10.07 14:00	sell	127	0.79	1.35668	1.35836	1.35248	0.00	6640.96
303	2013.10.07 17:17	s/l	127	0.79	1.35836	1.35836	1.35248	-132.72	6508.24
304	2013.10.08 15:45	buy	128	0.56	1.35953	1.35724	1.36526	0.00	6508.24
305	2013.10.08 18:46	s/l	128	0.56	1.35724	1.35724	1.36526	-128.24	6380.00
306	2013.10.23 15:00	buy	129	0.80	1.37630	1.37472	1.38025	0.00	6380.00
307	2013.10.23 15:48	modify	129	0.80	1.37630	1.37640	1.38025	0.00	6380.00
308	2013.10.23 16:12	s/l	129	0.80	1.37640	1.37640	1.38025	8.00	6388.00
309	2013.11.06 08:45	buy	130	2.47	1.35089	1.34908	1.35542	0.00	6388.00
310	2013.11.06 09:26	s/l	130	2.47	1.34908	1.34908	1.35542	-447.07	5940.93
311	2013.11.12 09:45	sell	131	0.57	1.33736	1.33944	1.33216	0.00	5940.93
312	2013.11.12 11:53	s/l	131	0.57	1.33944	1.33944	1.33216	-118.56	5822.37
313	2013.11.14 09:15	buy	132	0.33	1.34685	1.34509	1.35125	0.00	5822.37
314	2013.11.14 10:37	s/l	132	0.33	1.34509	1.34509	1.35125	-58.08	5764.29
315	2013.11.14 10:37	sell	133	0.34	1.34509	1.34675	1.34094	0.00	5764.29
316	2013.11.14 12:12	modify	133	0.34	1.34509	1.34499	1.34094	0.00	5764.29
317	2013.11.14 14:30	s/l	133	0.34	1.34499	1.34499	1.34094	3.40	5767.69
318	2013.11.19 10:00	buy	134	0.57	1.35196	1.34995	1.35699	0.00	5767.69
319	2013.11.19 11:06	s/l	134	0.57	1.34995	1.34995	1.35699	-114.57	5653.12
320	2013.11.19 11:06	sell	135	0.48	1.34994	1.35229	1.34407	0.00	5653.12
321	2013.11.19 15:50	s/l	135	0.48	1.35229	1.35229	1.34407	-112.80	5540.32
322	2013.11.20 15:30	buy	136	0.72	1.35377	1.35225	1.35757	0.00	5540.32
323	2013.11.20 16:20	s/l	136	0.72	1.35225	1.35225	1.35757	-109.44	5430.88
324	2013.12.02 08:45	buy	137	0.59	1.36124	1.35941	1.36582	0.00	5430.88
325	2013.12.02 09:32	s/l	137	0.59	1.35941	1.35941	1.36582	-107.97	5322.91
326	2013.12.02 09:32	sell	138	0.49	1.35941	1.36157	1.35401	0.00	5322.91
327	2013.12.02 10:26	modify	138	0.49	1.35941	1.35931	1.35401	0.00	5322.91
328	2013.12.02 12:19	t/p	138	0.49	1.35401	1.35931	1.35401	264.60	5587.51
329	2013.12.11 10:00	buy	139	0.46	1.37631	1.37392	1.38229	0.00	5587.51
330	2013.12.11 16:49	modify	139	0.46	1.37631	1.37641	1.38229	0.00	5587.51
331	2013.12.12 10:50	s/l	139	0.46	1.37641	1.37641	1.38229	-6.91	5580.60
332	2013.12.12 16:00	buy	140	0.26	1.37754	1.37544	1.38279	0.00	5580.60
333	2013.12.12 16:04	s/l	140	0.26	1.37544	1.37544	1.38279	-54.60	5526.00
334	2013.12.16 10:30	buy	141	0.44	1.37724	1.37477	1.38342	0.00	5526.00
335	2013.12.16 18:21	s/l	141	0.44	1.37477	1.37477	1.38342	-108.68	5417.32
336	2013.12.26 16:45	buy	142	0.32	1.36977	1.36809	1.37397	0.00	5417.32
337	2013.12.27 03:51	modify	142	0.32	1.36977	1.36987	1.37397	0.00	5417.32
338	2013.12.27 04:10	t/p	142	0.32	1.37397	1.36987	1.37397	131.73	5549.05
339	2013.12.31 15:30	sell	143	1.71	1.37694	1.37920	1.37129	0.00	5549.05
340	2014.01.02 08:42	modify	143	1.71	1.37694	1.37684	1.37129	0.00	5549.05
341	2014.01.02 12:01	t/p	143	1.71	1.37129	1.37684	1.37129	983.50	6532.54
342	2014.01.14 11:45	buy	144	1.30	1.36802	1.36601	1.37305	0.00	6532.54
343	2014.01.14 14:30	s/l	144	1.30	1.36601	1.36601	1.37305	-261.30	6271.24
344	2014.01.14 15:30	buy	145	0.76	1.36736	1.36573	1.37144	0.00	6271.24
345	2014.01.15 02:34	s/l	145	0.76	1.36573	1.36573	1.37144	-130.22	6141.02
346	2014.01.16 08:30	sell	146	0.29	1.36069	1.36275	1.35554	0.00	6141.02
347	2014.01.16 10:33	s/l	146	0.29	1.36275	1.36275	1.35554	-59.74	6081.28
348	2014.01.21 09:00	sell	147	0.67	1.35465	1.35645	1.35015	0.00	6081.28
349	2014.01.21 12:59	modify	147	0.67	1.35465	1.35455	1.35015	0.00	6081.28
350	2014.01.21 16:59	s/l	147	0.67	1.35455	1.35455	1.35015	6.70	6087.98
351	2014.01.22 09:00	sell	148	1.83	1.35444	1.35676	1.34864	0.00	6087.98
352	2014.01.22 13:43	s/l	148	1.83	1.35676	1.35676	1.34864	-424.56	5663.42
353	2014.01.28 16:45	sell	149	0.62	1.36570	1.36750	1.36120	0.00	5663.42
354	2014.01.29 09:30	s/l	149	0.62	1.36750	1.36750	1.36120	-110.03	5553.39
355	2014.02.04 15:15	sell	150	0.57	1.35118	1.35310	1.34638	0.00	5553.39
356	2014.02.05 14:00	s/l	150	0.57	1.35310	1.35310	1.34638	-107.99	5445.40
357	2014.02.17 10:15	buy	151	0.55	1.37136	1.36940	1.37626	0.00	5445.40
358	2014.02.17 14:24	s/l	151	0.55	1.36940	1.36940	1.37626	-107.80	5337.60
359	2014.02.18 11:45	buy	152	0.46	1.37278	1.37050	1.37848	0.00	5337.60
360	2014.02.18 15:11	modify	152	0.46	1.37278	1.37288	1.37848	0.00	5337.60
361	2014.02.19 20:20	s/l	152	0.46	1.37288	1.37288	1.37848	0.76	5338.36
362	2014.03.17 10:00	buy	153	1.69	1.39046	1.38826	1.39596	0.00	5338.36
363	2014.03.17 14:48	modify	153	1.69	1.39046	1.39056	1.39596	0.00	5338.36
364	2014.03.18 10:15	s/l	153	1.69	1.39056	1.39056	1.39596	2.80	5341.16
365	2014.03.24 15:15	sell	154	1.15	1.37678	1.37863	1.37216	0.00	5341.16
366	2014.03.24 16:55	s/l	154	1.15	1.37863	1.37863	1.37216	-212.75	5128.41
367	2014.03.24 16:55	buy	155	1.24	1.37863	1.37698	1.38276	0.00	5128.41
368	2014.03.24 18:26	modify	155	1.24	1.37863	1.37873	1.38276	0.00	5128.41
369	2014.03.24 18:51	t/p	155	1.24	1.38276	1.37873	1.38276	512.12	5640.53
370	2014.03.25 16:30	sell	156	0.53	1.37853	1.38062	1.37331	0.00	5640.53
371	2014.03.25 17:15	modify	156	0.53	1.37853	1.37843	1.37331	0.00	5640.53
372	2014.03.25 17:30	s/l	156	0.53	1.37843	1.37843	1.37331	5.30	5645.83
373	2014.03.27 08:30	sell	157	1.13	1.37720	1.37894	1.37285	0.00	5645.83
374	2014.03.27 11:04	modify	157	1.13	1.37720	1.37710	1.37285	0.00	5645.83
375	2014.03.27 12:55	s/l	157	1.13	1.37710	1.37710	1.37285	11.30	5657.13
376	2014.03.27 15:30	sell	158	0.74	1.37613	1.37764	1.37236	0.00	5657.13
377	2014.03.27 16:59	modify	158	0.74	1.37613	1.37603	1.37236	0.00	5657.13
378	2014.03.28 09:01	t/p	158	0.74	1.37236	1.37603	1.37236	280.86	5937.99
379	2014.04.02 15:30	sell	159	1.35	1.37764	1.37939	1.37327	0.00	5937.99
380	2014.04.03 13:17	modify	159	1.35	1.37764	1.37754	1.37327	0.00	5937.99
381	2014.04.03 13:45	s/l	159	1.35	1.37754	1.37754	1.37327	23.77	5961.76
382	2014.04.14 10:15	sell	160	1.57	1.38483	1.38634	1.38106	0.00	5961.76
383	2014.04.14 10:49	modify	160	1.57	1.38483	1.38473	1.38106	0.00	5961.76
384	2014.04.14 14:35	t/p	160	1.57	1.38106	1.38473	1.38106	591.89	6553.65
385	2014.05.14 11:45	sell	161	1.69	1.37124	1.37279	1.36737	0.00	6553.65
386	2014.05.15 09:10	modify	161	1.69	1.37124	1.37114	1.36737	0.00	6553.65
387	2014.05.15 09:53	t/p	161	1.69	1.36737	1.37114	1.36737	666.89	7220.53
388	2014.05.20 16:45	sell	162	1.92	1.36912	1.37062	1.36537	0.00	7220.53
389	2014.05.21 02:38	s/l	162	1.92	1.37062	1.37062	1.36537	-283.13	6937.40
390	2014.05.21 02:38	buy	163	3.74	1.37062	1.36988	1.37247	0.00	6937.40
391	2014.05.21 08:51	modify	163	3.74	1.37062	1.37072	1.37247	0.00	6937.40
392	2014.05.21 10:09	s/l	163	3.74	1.37072	1.37072	1.37247	37.40	6974.80
393	2014.05.22 09:15	sell	164	0.43	1.36629	1.36790	1.36227	0.00	6974.80
394	2014.05.22 09:39	s/l	164	0.43	1.36790	1.36790	1.36227	-69.23	6905.57
395	2014.05.29 15:00	sell	165	0.27	1.36023	1.36273	1.35398	0.00	6905.57
396	2014.05.30 15:14	s/l	165	0.27	1.36273	1.36273	1.35398	-66.82	6838.76
397	2014.05.30 15:14	buy	166	0.56	1.36274	1.36032	1.36879	0.00	6838.76
398	2014.06.02 10:00	s/l	166	0.56	1.36032	1.36032	1.36879	-140.19	6698.57
399	2014.06.11 16:15	sell	167	0.69	1.35313	1.35506	1.34831	0.00	6698.57
400	2014.06.12 16:43	s/l	167	0.69	1.35506	1.35506	1.34831	-127.92	6570.65
401	2014.06.12 16:43	buy	168	0.37	1.35507	1.35330	1.35950	0.00	6570.65
402	2014.06.13 10:00	modify	168	0.37	1.35507	1.35517	1.35950	0.00	6570.65
403	2014.06.13 12:52	s/l	168	0.37	1.35517	1.35517	1.35950	0.61	6571.26
404	2014.08.27 15:45	sell	169	0.80	1.31722	1.31885	1.31315	0.00	6571.26
405	2014.08.27 16:15	s/l	169	0.80	1.31885	1.31885	1.31315	-130.40	6440.86
406	2014.08.27 16:15	buy	170	0.56	1.31885	1.31659	1.32450	0.00	6440.86
407	2014.08.28 15:26	s/l	170	0.56	1.31659	1.31659	1.32450	-140.58	6300.28
408	2014.09.10 08:45	buy	171	0.71	1.29397	1.29221	1.29837	0.00	6300.28
409	2014.09.10 14:36	s/l	171	0.71	1.29221	1.29221	1.29837	-124.96	6175.32
410	2014.09.17 16:00	buy	172	0.77	1.29661	1.29501	1.30061	0.00	6175.32
411	2014.09.17 17:16	s/l	172	0.77	1.29501	1.29501	1.30061	-123.20	6052.12
412	2014.10.02 11:45	buy	173	0.38	1.26413	1.26255	1.26808	0.00	6052.12
413	2014.10.02 14:30	s/l	173	0.38	1.26255	1.26255	1.26808	-60.04	5992.08
414	2014.10.08 09:15	buy	174	0.50	1.26450	1.26215	1.27038	0.00	5992.08
415	2014.10.08 11:15	modify	174	0.50	1.26450	1.26460	1.27038	0.00	5992.08
416	2014.10.08 13:47	s/l	174	0.50	1.26460	1.26460	1.27038	5.00	5997.08
417	2014.10.13 15:30	buy	175	2.38	1.26918	1.26742	1.27358	0.00	5997.08
418	2014.10.13 17:21	s/l	175	2.38	1.26742	1.26742	1.27358	-418.88	5578.20
419	2014.10.20 15:00	sell	176	0.59	1.27670	1.27859	1.27198	0.00	5578.20
420	2014.10.20 17:33	s/l	176	0.59	1.27859	1.27859	1.27198	-111.51	5466.69
421	2014.11.04 08:30	sell	177	0.64	1.25028	1.25197	1.24606	0.00	5466.69
422	2014.11.04 11:17	s/l	177	0.64	1.25197	1.25197	1.24606	-108.16	5358.53
423	2014.11.04 11:17	buy	178	0.49	1.25197	1.24981	1.25737	0.00	5358.53
424	2014.11.04 16:30	modify	178	0.49	1.25197	1.25207	1.25737	0.00	5358.53
425	2014.11.04 16:55	t/p	178	0.49	1.25737	1.25207	1.25737	264.60	5623.13
426	2014.11.06 11:45	buy	179	0.31	1.25200	1.25021	1.25648	0.00	5623.13
427	2014.11.06 14:33	s/l	179	0.31	1.25021	1.25021	1.25648	-55.49	5567.64
428	2014.11.19 09:00	buy	180	0.50	1.25344	1.25125	1.25892	0.00	5567.64
429	2014.11.19 14:55	modify	180	0.50	1.25344	1.25354	1.25892	0.00	5567.64
430	2014.11.19 16:03	s/l	180	0.50	1.25354	1.25354	1.25892	5.00	5572.64
431	2014.11.25 11:30	sell	181	2.50	1.24276	1.24432	1.23886	0.00	5572.64
432	2014.11.25 15:31	modify	181	2.50	1.24276	1.24266	1.23886	0.00	5572.64
433	2014.11.25 16:29	s/l	181	2.50	1.24266	1.24266	1.23886	25.00	5597.64
434	2014.11.26 10:15	buy	182	1.44	1.24785	1.24630	1.25173	0.00	5597.64
435	2014.11.26 11:06	s/l	182	1.44	1.24630	1.24630	1.25173	-223.20	5374.44
436	2014.11.26 14:15	buy	183	0.45	1.24645	1.24409	1.25235	0.00	5374.44
437	2014.11.26 15:38	modify	183	0.45	1.24645	1.24655	1.25235	0.00	5374.44
438	2014.11.26 17:58	t/p	183	0.45	1.25235	1.24655	1.25235	265.50	5639.94
439	2014.12.10 14:45	buy	184	1.93	1.23839	1.23635	1.24349	0.00	5639.94
440	2014.12.10 17:00	modify	184	1.93	1.23839	1.23849	1.24349	0.00	5639.94
441	2014.12.10 17:37	t/p	184	1.93	1.24349	1.23849	1.24349	984.30	6624.24
442	2014.12.15 08:45	buy	185	1.54	1.24551	1.24380	1.24979	0.00	6624.24
443	2014.12.15 10:13	s/l	185	1.54	1.24380	1.24380	1.24979	-263.34	6360.90
444	2014.12.17 09:15	buy	186	0.66	1.24923	1.24733	1.25398	0.00	6360.90
445	2014.12.17 09:55	s/l	186	0.66	1.24733	1.24733	1.25398	-125.40	6235.50
446	2014.12.22 14:45	sell	187	0.82	1.22570	1.22722	1.22190	0.00	6235.50
447	2014.12.22 21:50	modify	187	0.82	1.22570	1.22560	1.22190	0.00	6235.50
448	2014.12.22 21:59	t/p	187	0.82	1.22190	1.22560	1.22190	311.60	6547.10
449	2014.12.29 09:45	sell	188	2.37	1.21739	1.21932	1.21257	0.00	6547.10
450	2014.12.29 11:20	s/l	188	2.37	1.21932	1.21932	1.21257	-457.41	6089.69
451	2015.01.13 09:15	buy	189	0.75	1.18384	1.18223	1.18787	0.00	6089.69
452	2015.01.13 10:43	s/l	189	0.75	1.18223	1.18223	1.18787	-120.75	5968.94
453	2015.01.15 10:15	sell	190	0.26	1.17647	1.17875	1.17077	0.00	5968.94
454	2015.01.15 11:31	modify	190	0.26	1.17647	1.17637	1.17077	0.00	5968.94
455	2015.01.15 11:31	t/p	190	0.26	1.17077	1.17637	1.17077	148.20	6117.14
456	2015.01.20 10:15	sell	191	2.43	1.15765	1.15941	1.15325	0.00	6117.14
457	2015.01.20 11:37	s/l	191	2.43	1.15941	1.15941	1.15325	-427.68	5689.46
458	2015.01.20 15:15	sell	192	0.66	1.15785	1.15956	1.15358	0.00	5689.46
459	2015.01.20 15:25	s/l	192	0.66	1.15956	1.15956	1.15358	-112.86	5576.60
460	2015.01.21 09:15	sell	193	0.61	1.15688	1.15869	1.15236	0.00	5576.60
461	2015.01.21 14:55	s/l	193	0.61	1.15869	1.15869	1.15236	-110.41	5466.19
462	2015.02.02 10:30	buy	194	0.57	1.13235	1.13044	1.13713	0.00	5466.19
463	2015.02.02 11:59	modify	194	0.57	1.13235	1.13245	1.13713	0.00	5466.19
464	2015.02.02 13:25	s/l	194	0.57	1.13245	1.13245	1.13713	5.70	5471.89
465	2015.02.03 09:00	buy	195	2.51	1.13388	1.13236	1.13768	0.00	5471.89
466	2015.02.03 10:01	s/l	195	2.51	1.13236	1.13236	1.13768	-381.52	5090.37
467	2015.02.10 10:30	sell	196	0.56	1.13188	1.13368	1.12738	0.00	5090.37
468	2015.02.10 11:27	modify	196	0.56	1.13188	1.13178	1.12738	0.00	5090.37
469	2015.02.10 13:50	t/p	196	0.56	1.12738	1.13178	1.12738	252.00	5342.37
470	2015.02.12 16:30	buy	197	0.77	1.13514	1.13272	1.14119	0.00	5342.37
471	2015.02.12 16:48	modify	197	0.77	1.13514	1.13524	1.14119	0.00	5342.37
472	2015.02.12 18:40	t/p	197	0.77	1.14119	1.13524	1.14119	465.85	5808.22
473	2015.02.17 08:45	sell	198	1.33	1.13504	1.13678	1.13069	0.00	5808.22
474	2015.02.17 11:08	s/l	198	1.33	1.13678	1.13678	1.13069	-231.42	5576.80
475	2015.02.18 15:15	sell	199	0.64	1.13716	1.13890	1.13281	0.00	5576.80
476	2015.02.18 17:13	modify	199	0.64	1.13716	1.13706	1.13281	0.00	5576.80
477	2015.02.18 21:00	s/l	199	0.64	1.13706	1.13706	1.13281	6.40	5583.20
478	2015.02.24 16:15	sell	200	1.62	1.13176	1.13416	1.12576	0.00	5583.20
479	2015.02.24 17:15	s/l	200	1.62	1.13416	1.13416	1.12576	-388.80	5194.40
480	2015.02.25 10:45	buy	201	0.61	1.13718	1.13548	1.14143	0.00	5194.40
481	2015.02.25 12:38	s/l	201	0.61	1.13548	1.13548	1.14143	-103.70	5090.70
482	2015.03.02 15:45	sell	202	0.57	1.12167	1.12345	1.11722	0.00	5090.70
483	2015.03.02 17:36	modify	202	0.57	1.12167	1.12157	1.11722	0.00	5090.70
484	2015.03.03 11:41	t/p	202	0.57	1.11722	1.12157	1.11722	255.10	5345.80
485	2015.03.18 10:45	buy	203	1.91	1.06096	1.05901	1.06584	0.00	5345.80
486	2015.03.18 14:51	s/l	203	1.91	1.05901	1.05901	1.06584	-372.45	4973.35
487	2015.03.18 16:00	buy	204	0.40	1.06114	1.05871	1.06722	0.00	4973.35
488	2015.03.18 18:02	modify	204	0.40	1.06114	1.06124	1.06722	0.00	4973.35
489	2015.03.18 20:00	t/p	204	0.40	1.06722	1.06124	1.06722	243.20	5216.55
490	2015.04.07 08:00	sell	205	1.63	1.09238	1.09462	1.08678	0.00	5216.55
491	2015.04.07 08:58	s/l	205	1.63	1.09462	1.09462	1.08678	-365.12	4851.43
492	2015.04.08 14:30	sell	206	0.47	1.08561	1.08767	1.08046	0.00	4851.43
493	2015.04.08 15:32	s/l	206	0.47	1.08767	1.08767	1.08046	-96.82	4754.61
494	2015.04.15 09:30	buy	207	0.43	1.06461	1.06244	1.07004	0.00	4754.61
495	2015.04.15 10:23	s/l	207	0.43	1.06244	1.06244	1.07004	-93.31	4661.30
496	2015.04.20 09:30	buy	208	0.53	1.07898	1.07724	1.08333	0.00	4661.30
497	2015.04.20 10:06	s/l	208	0.53	1.07724	1.07724	1.08333	-92.22	4569.08
498	2015.04.21 08:30	sell	209	0.54	1.07223	1.07390	1.06806	0.00	4569.08
499	2015.04.21 09:11	modify	209	0.54	1.07223	1.07213	1.06806	0.00	4569.08
500	2015.04.21 09:47	t/p	209	0.54	1.06806	1.07213	1.06806	225.18	4794.26
501	2015.04.23 08:00	sell	210	0.97	1.07024	1.07196	1.06594	0.00	4794.26
502	2015.04.23 10:02	modify	210	0.97	1.07024	1.07014	1.06594	0.00	4794.26
503	2015.04.23 11:04	s/l	210	0.97	1.07014	1.07014	1.06594	9.70	4803.96
504	2015.04.27 14:00	buy	211	0.80	1.08453	1.08213	1.09053	0.00	4803.96
505	2015.04.27 15:14	s/l	211	0.80	1.08213	1.08213	1.09053	-192.00	4611.96
506	2015.04.28 11:45	buy	212	0.44	1.08818	1.08611	1.09336	0.00	4611.96
507	2015.04.28 12:15	modify	212	0.44	1.08818	1.08828	1.09336	0.00	4611.96
508	2015.04.28 13:46	t/p	212	0.44	1.09336	1.08828	1.09336	227.92	4839.88
509	2015.06.16 09:45	buy	213	1.55	1.12784	1.12566	1.13329	0.00	4839.88
510	2015.06.16 09:54	modify	213	1.55	1.12784	1.12794	1.13329	0.00	4839.88
511	2015.06.16 10:41	s/l	213	1.55	1.12794	1.12794	1.13329	15.50	4855.38
512	2015.06.17 10:00	buy	214	0.98	1.12588	1.12391	1.13081	0.00	4855.38
513	2015.06.17 11:14	modify	214	0.98	1.12588	1.12598	1.13081	0.00	4855.38
514	2015.06.17 11:56	s/l	214	0.98	1.12598	1.12598	1.13081	9.80	4865.18
515	2015.07.29 16:30	sell	215	0.80	1.10352	1.10594	1.09747	0.00	4865.18
516	2015.07.29 21:00	s/l	215	0.80	1.10594	1.10594	1.09747	-193.60	4671.58
517	2015.08.03 09:15	sell	216	0.54	1.09711	1.09882	1.09284	0.00	4671.58
518	2015.08.03 09:57	s/l	216	0.54	1.09882	1.09882	1.09284	-92.34	4579.24
519	2015.08.17 14:00	sell	217	0.53	1.10862	1.11034	1.10432	0.00	4579.24
520	2015.08.17 14:50	s/l	217	0.53	1.11034	1.11034	1.10432	-91.16	4488.08
521	2015.08.18 10:30	sell	218	0.53	1.10653	1.10821	1.10233	0.00	4488.08
522	2015.08.18 10:54	s/l	218	0.53	1.10821	1.10821	1.10233	-89.04	4399.04
523	2015.08.18 10:54	buy	219	0.41	1.10822	1.10609	1.11355	0.00	4399.04
524	2015.08.18 12:37	s/l	219	0.41	1.10609	1.10609	1.11355	-87.33	4311.71
525	2015.09.03 09:30	sell	220	0.28	1.12218	1.12370	1.11838	0.00	4311.71
526	2015.09.03 10:05	s/l	220	0.28	1.12370	1.12370	1.11838	-42.56	4269.15
527	2015.09.24 08:00	buy	221	0.26	1.11923	1.11764	1.12321	0.00	4269.15
528	2015.09.24 09:38	modify	221	0.26	1.11923	1.11933	1.12321	0.00	4269.15
529	2015.09.24 11:10	s/l	221	0.26	1.11933	1.11933	1.12321	2.60	4271.75
530	2015.09.30 14:30	sell	222	1.42	1.12060	1.12270	1.11535	0.00	4271.75
531	2015.09.30 17:25	modify	222	1.42	1.12060	1.12050	1.11535	0.00	4271.75
532	2015.10.01 06:33	t/p	222	1.42	1.11535	1.12050	1.11535	756.30	5028.05
533	2015.10.06 09:15	sell	223	1.24	1.11779	1.11940	1.11377	0.00	5028.05
534	2015.10.06 09:37	s/l	223	1.24	1.11940	1.11940	1.11377	-199.64	4828.41
535	2015.10.06 09:37	buy	224	0.85	1.11940	1.11715	1.12503	0.00	4828.41
536	2015.10.06 14:38	modify	224	0.85	1.11940	1.11950	1.12503	0.00	4828.41
537	2015.10.06 17:50	t/p	224	0.85	1.12503	1.11950	1.12503	478.55	5306.96
538	2015.10.08 10:00	buy	225	0.31	1.12617	1.12448	1.13040	0.00	5306.96
539	2015.10.08 10:18	modify	225	0.31	1.12617	1.12627	1.13040	0.00	5306.96
540	2015.10.08 10:24	t/p	225	0.31	1.13040	1.12627	1.13040	131.13	5438.09
541	2015.10.13 15:30	buy	226	2.20	1.13865	1.13692	1.14298	0.00	5438.09
542	2015.10.13 17:02	s/l	226	2.20	1.13692	1.13692	1.14298	-380.60	5057.49
543	2015.10.14 15:15	buy	227	0.58	1.14096	1.13924	1.14526	0.00	5057.49
544	2015.10.14 15:30	modify	227	0.58	1.14096	1.14106	1.14526	0.00	5057.49
545	2015.10.14 16:47	s/l	227	0.58	1.14106	1.14106	1.14526	5.80	5063.29
546	2015.10.19 10:15	sell	228	1.69	1.13584	1.13793	1.13062	0.00	5063.29
547	2015.10.19 12:37	modify	228	1.69	1.13584	1.13574	1.13062	0.00	5063.29
548	2015.10.19 17:59	t/p	228	1.69	1.13062	1.13574	1.13062	882.18	5945.47
549	2015.10.27 10:00	sell	229	1.35	1.10549	1.10725	1.10109	0.00	5945.47
550	2015.10.27 14:25	s/l	229	1.35	1.10725	1.10725	1.10109	-237.60	5707.87
551	2015.10.28 10:45	sell	230	0.70	1.10362	1.10525	1.09955	0.00	5707.87
552	2015.10.28 11:07	s/l	230	0.70	1.10525	1.10525	1.09955	-114.10	5593.77
553	2015.11.10 10:15	sell	231	0.61	1.07475	1.07657	1.07020	0.00	5593.77
554	2015.11.10 14:49	modify	231	0.61	1.07475	1.07465	1.07020	0.00	5593.77
555	2015.11.10 14:54	t/p	231	0.61	1.07020	1.07465	1.07020	277.55	5871.32
556	2015.11.11 10:00	buy	232	2.20	1.07489	1.07303	1.07954	0.00	5871.32
557	2015.11.11 13:17	s/l	232	2.20	1.07303	1.07303	1.07954	-409.20	5462.12
558	2015.11.16 15:15	sell	233	0.70	1.07229	1.07384	1.06842	0.00	5462.12
559	2015.11.16 15:37	s/l	233	0.70	1.07384	1.07384	1.06842	-108.50	5353.62
560	2015.11.18 14:15	buy	234	0.69	1.06716	1.06563	1.07099	0.00	5353.62
561	2015.11.18 16:00	s/l	234	0.69	1.06563	1.06563	1.07099	-105.57	5248.05
562	2015.11.18 16:00	sell	235	0.65	1.06563	1.06723	1.06163	0.00	5248.05
563	2015.11.18 16:43	s/l	235	0.65	1.06723	1.06723	1.06163	-104.00	5144.05
564	2015.11.19 11:00	buy	236	0.21	1.06882	1.06647	1.07470	0.00	5144.05
565	2015.11.19 16:25	modify	236	0.21	1.06882	1.06892	1.07470	0.00	5144.05
566	2015.11.19 18:09	t/p	236	0.21	1.07470	1.06892	1.07470	123.48	5267.53
567	2015.12.01 10:15	sell	237	2.13	1.05779	1.05952	1.05347	0.00	5267.53
568	2015.12.01 10:46	s/l	237	2.13	1.05952	1.05952	1.05347	-368.49	4899.04
569	2015.12.01 10:46	sell	238	22.86	1.05950	1.05965	1.05913	0.00	4899.04
570	2015.12.01 10:47	s/l	238	22.86	1.05965	1.05965	1.05913	-342.90	4556.14
571	2015.12.14 09:15	sell	239	0.60	1.09585	1.09735	1.09210	0.00	4556.14
572	2015.12.14 13:25	s/l	239	0.60	1.09735	1.09735	1.09210	-90.00	4466.14
573	2015.12.16 16:30	sell	240	0.58	1.09260	1.09414	1.08875	0.00	4466.14
574	2015.12.16 17:58	s/l	240	0.58	1.09414	1.09414	1.08875	-89.32	4376.82
575	2015.12.21 15:15	buy	241	0.50	1.08708	1.08534	1.09143	0.00	4376.82
576	2015.12.21 15:44	modify	241	0.50	1.08708	1.08718	1.09143	0.00	4376.82
577	2015.12.21 17:27	t/p	241	0.50	1.09143	1.08718	1.09143	217.50	4594.32
578	2015.12.22 10:00	buy	242	1.61	1.09206	1.09007	1.09704	0.00	4594.32
579	2015.12.22 15:14	modify	242	1.61	1.09206	1.09216	1.09704	0.00	4594.32
580	2015.12.22 17:06	t/p	242	1.61	1.09704	1.09216	1.09704	801.78	5396.10
581	2015.12.24 16:45	buy	243	0.45	1.09565	1.09327	1.10160	0.00	5396.10
582	2015.12.28 13:11	modify	243	0.45	1.09565	1.09575	1.10160	0.00	5396.10
583	2015.12.29 15:14	s/l	243	0.45	1.09575	1.09575	1.10160	-6.76	5389.33
584	2015.12.29 15:14	sell	244	1.19	1.09574	1.09755	1.09122	0.00	5389.33
585	2015.12.29 15:37	modify	244	1.19	1.09574	1.09564	1.09122	0.00	5389.33
586	2015.12.29 15:48	t/p	244	1.19	1.09122	1.09564	1.09122	537.88	5927.21
587	2015.12.30 15:30	sell	245	0.75	1.09190	1.09347	1.08798	0.00	5927.21
588	2015.12.30 15:58	s/l	245	0.75	1.09347	1.09347	1.08798	-117.75	5809.46
589	2015.12.30 16:45	sell	246	0.66	1.09274	1.09448	1.08839	0.00	5809.46
590	2015.12.31 12:25	modify	246	0.66	1.09274	1.09264	1.08839	0.00	5809.46
591	2015.12.31 14:39	t/p	246	0.66	1.08839	1.09264	1.08839	292.12	6101.59
592	2016.01.12 08:30	buy	247	2.35	1.08901	1.08720	1.09354	0.00	6101.59
593	2016.01.12 10:32	s/l	247	2.35	1.08720	1.08720	1.09354	-425.35	5676.24
594	2016.01.19 10:45	sell	248	0.71	1.08654	1.08812	1.08259	0.00	5676.24
595	2016.01.19 10:52	s/l	248	0.71	1.08812	1.08812	1.08259	-112.18	5564.06
596	2016.01.25 14:30	sell	249	0.72	1.08113	1.08267	1.07728	0.00	5564.06
597	2016.01.25 15:29	s/l	249	0.72	1.08267	1.08267	1.07728	-110.88	5453.18
598	2016.01.25 15:29	buy	250	0.53	1.08267	1.08064	1.08775	0.00	5453.18
599	2016.01.26 03:06	modify	250	0.53	1.08267	1.08277	1.08775	0.00	5453.18
600	2016.01.26 12:50	s/l	250	0.53	1.08277	1.08277	1.08775	0.88	5454.05
601	2016.01.27 11:00	buy	251	0.66	1.08668	1.08505	1.09076	0.00	5454.05
602	2016.01.27 14:56	modify	251	0.66	1.08668	1.08678	1.09076	0.00	5454.05
603	2016.01.27 15:26	t/p	251	0.66	1.09076	1.08678	1.09076	269.28	5723.33
604	2016.02.03 14:45	buy	252	1.89	1.09295	1.09084	1.09823	0.00	5723.33
605	2016.02.03 15:24	modify	252	1.89	1.09295	1.09305	1.09823	0.00	5723.33
606	2016.02.03 16:45	t/p	252	1.89	1.09823	1.09305	1.09823	997.92	6721.25
607	2016.02.08 10:15	buy	253	1.76	1.11485	1.11333	1.11865	0.00	6721.25
608	2016.02.08 11:17	modify	253	1.76	1.11485	1.11495	1.11865	0.00	6721.25
609	2016.02.08 13:08	s/l	253	1.76	1.11495	1.11495	1.11865	17.60	6738.85
610	2016.02.17 15:15	sell	254	1.68	1.11355	1.11515	1.10955	0.00	6738.85
611	2016.02.17 16:15	modify	254	1.68	1.11355	1.11345	1.10955	0.00	6738.85
612	2016.02.17 16:44	s/l	254	1.68	1.11345	1.11345	1.10955	16.80	6755.65
613	2016.02.18 10:00	sell	255	0.65	1.11271	1.11477	1.10756	0.00	6755.65
614	2016.02.18 13:58	modify	255	0.65	1.11271	1.11261	1.10756	0.00	6755.65
615	2016.02.18 16:19	t/p	255	0.65	1.10756	1.11261	1.10756	334.75	7090.40
616	2016.02.23 10:30	sell	256	1.59	1.10366	1.10544	1.09921	0.00	7090.40
617	2016.02.23 11:16	modify	256	1.59	1.10366	1.10356	1.09921	0.00	7090.40
618	2016.02.23 11:34	t/p	256	1.59	1.09921	1.10356	1.09921	707.55	7797.95
619	2016.03.15 11:30	sell	257	1.55	1.10961	1.11161	1.10461	0.00	7797.95
620	2016.03.15 14:43	s/l	257	1.55	1.11161	1.11161	1.10461	-310.00	7487.95
621	2016.03.16 08:45	sell	258	0.97	1.10877	1.11030	1.10495	0.00	7487.95
622	2016.03.16 15:14	modify	258	0.97	1.10877	1.10867	1.10495	0.00	7487.95
623	2016.03.16 19:51	s/l	258	0.97	1.10867	1.10867	1.10495	9.70	7497.65
624	2016.04.11 15:30	buy	259	2.41	1.14056	1.13839	1.14599	0.00	7497.65
625	2016.04.11 16:53	modify	259	2.41	1.14056	1.14066	1.14599	0.00	7497.65
626	2016.04.11 18:57	s/l	259	2.41	1.14066	1.14066	1.14599	24.10	7521.75
627	2016.04.18 15:30	buy	260	1.50	1.13169	1.12969	1.13669	0.00	7521.75
628	2016.04.18 16:40	s/l	260	1.50	1.12969	1.12969	1.13669	-300.00	7221.75
629	2016.04.26 09:15	buy	261	0.94	1.12721	1.12568	1.13104	0.00	7221.75
630	2016.04.26 10:00	s/l	261	0.94	1.12568	1.12568	1.13104	-143.82	7077.93
631	2016.04.26 15:15	buy	262	0.74	1.12873	1.12683	1.13348	0.00	7077.93
632	2016.04.26 15:35	modify	262	0.74	1.12873	1.12883	1.13348	0.00	7077.93
633	2016.04.26 16:23	t/p	262	0.74	1.13348	1.12883	1.13348	351.50	7429.43
634	2016.04.27 09:30	buy	263	3.21	1.13052	1.12890	1.13457	0.00	7429.43
635	2016.04.27 10:38	modify	263	3.21	1.13052	1.13062	1.13457	0.00	7429.43
636	2016.04.27 12:16	s/l	263	3.21	1.13062	1.13062	1.13457	32.10	7461.53
637	2016.04.27 15:30	buy	264	1.44	1.13114	1.12908	1.13629	0.00	7461.53
638	2016.04.27 20:14	modify	264	1.44	1.13114	1.13124	1.13629	0.00	7461.53
639	2016.04.27 21:00	s/l	264	1.44	1.13124	1.13124	1.13629	14.40	7475.93
640	2016.05.09 08:45	sell	265	1.89	1.13988	1.14146	1.13593	0.00	7475.93
641	2016.05.09 09:52	s/l	265	1.89	1.14146	1.14146	1.13593	-298.62	7177.31
642	2016.05.09 10:15	sell	266	0.64	1.13993	1.14214	1.13441	0.00	7177.31
643	2016.05.10 13:58	modify	266	0.64	1.13993	1.13983	1.13441	0.00	7177.31
644	2016.05.10 17:42	s/l	266	0.64	1.13983	1.13983	1.13441	8.02	7185.34
645	2016.05.17 11:45	sell	267	2.87	1.13230	1.13405	1.12793	0.00	7185.34
646	2016.05.17 16:46	s/l	267	2.87	1.13405	1.13405	1.12793	-502.25	6683.09
647	2016.05.23 15:30	sell	268	0.77	1.12019	1.12192	1.11587	0.00	6683.09
648	2016.05.23 20:14	s/l	268	0.77	1.12192	1.12192	1.11587	-133.21	6549.88
649	2016.05.24 10:30	sell	269	0.57	1.11949	1.12175	1.11384	0.00	6549.88
650	2016.05.24 15:31	modify	269	0.57	1.11949	1.11939	1.11384	0.00	6549.88
651	2016.05.24 22:16	t/p	269	0.57	1.11384	1.11939	1.11384	322.05	6871.93
652	2016.06.13 15:30	sell	270	2.39	1.12597	1.12798	1.12095	0.00	6871.93
653	2016.06.13 17:12	s/l	270	2.39	1.12798	1.12798	1.12095	-480.39	6391.54
654	2016.07.04 14:45	buy	271	0.67	1.11379	1.11190	1.11852	0.00	6391.54
655	2016.07.05 10:29	modify	271	0.67	1.11379	1.11389	1.11852	0.00	6391.54
656	2016.07.05 10:30	t/p	271	0.67	1.11852	1.11389	1.11852	311.32	6702.86
657	2016.07.05 15:45	buy	272	1.91	1.11521	1.11276	1.12134	0.00	6702.86
658	2016.07.05 17:31	s/l	272	1.91	1.11276	1.11276	1.12134	-467.95	6234.91
659	2016.07.13 10:15	sell	273	0.62	1.10468	1.10669	1.09966	0.00	6234.91
660	2016.07.13 12:30	s/l	273	0.62	1.10669	1.10669	1.09966	-124.62	6110.29
661	2016.07.21 09:45	buy	274	0.35	1.10426	1.10252	1.10861	0.00	6110.29
662	2016.07.21 10:27	s/l	274	0.35	1.10252	1.10252	1.10861	-60.90	6049.39
663	2016.07.21 10:27	sell	275	0.25	1.10252	1.10489	1.09660	0.00	6049.39
664	2016.07.21 15:40	s/l	275	0.25	1.10489	1.10489	1.09660	-59.25	5990.14
665	2016.08.25 16:00	buy	276	0.31	1.12941	1.12748	1.13424	0.00	5990.14
666	2016.08.25 18:53	s/l	276	0.31	1.12748	1.12748	1.13424	-59.83	5930.31
667	2016.09.13 16:15	sell	277	0.56	1.12266	1.12475	1.11744	0.00	5930.31
668	2016.09.13 17:05	s/l	277	0.56	1.12475	1.12475	1.11744	-117.04	5813.27
669	2016.09.14 10:30	sell	278	0.59	1.12235	1.12430	1.11748	0.00	5813.27
670	2016.09.14 17:22	s/l	278	0.59	1.12430	1.12430	1.11748	-115.05	5698.22
671	2016.09.29 15:45	sell	279	0.28	1.12069	1.12270	1.11567	0.00	5698.22
672	2016.09.29 17:13	s/l	279	0.28	1.12270	1.12270	1.11567	-56.28	5641.94
673	2016.10.03 10:45	buy	280	0.58	1.12377	1.12185	1.12857	0.00	5641.94
674	2016.10.03 17:00	s/l	280	0.58	1.12185	1.12185	1.12857	-111.36	5530.58
675	2016.10.19 14:00	sell	281	0.57	1.09847	1.10038	1.09370	0.00	5530.58
676	2016.10.19 17:50	modify	281	0.57	1.09847	1.09837	1.09370	0.00	5530.58
677	2016.10.20 14:25	s/l	281	0.57	1.09837	1.09837	1.09370	10.04	5540.61
678	2016.10.27 16:15	buy	282	1.25	1.09265	1.09111	1.09650	0.00	5540.61
679	2016.10.27 17:07	s/l	282	1.25	1.09111	1.09111	1.09650	-192.50	5348.11
680	2016.11.23 14:00	sell	283	0.66	1.06221	1.06381	1.05821	0.00	5348.11
681	2016.11.23 15:20	modify	283	0.66	1.06221	1.06211	1.05821	0.00	5348.11
682	2016.11.23 15:31	t/p	283	0.66	1.05821	1.06211	1.05821	264.00	5612.11
683	2016.11.29 09:30	sell	284	2.35	1.05923	1.06090	1.05506	0.00	5612.11
684	2016.11.29 10:02	s/l	284	2.35	1.06090	1.06090	1.05506	-392.45	5219.66
685	2016.11.29 11:00	sell	285	0.44	1.05922	1.06159	1.05330	0.00	5219.66
686	2016.11.29 17:10	s/l	285	0.44	1.06159	1.06159	1.05330	-104.28	5115.38
687	2016.11.30 10:30	buy	286	0.48	1.06382	1.06170	1.06912	0.00	5115.38
688	2016.11.30 15:15	s/l	286	0.48	1.06170	1.06170	1.06912	-101.76	5013.62
689	2016.12.07 10:45	buy	287	0.46	1.07313	1.07097	1.07853	0.00	5013.62
690	2016.12.07 12:06	s/l	287	0.46	1.07097	1.07097	1.07853	-99.36	4914.26
691	2016.12.07 12:06	sell	288	0.41	1.07097	1.07335	1.06502	0.00	4914.26
692	2016.12.07 14:46	s/l	288	0.41	1.07335	1.07335	1.06502	-97.58	4816.68
693	2016.12.14 14:00	buy	289	0.60	1.06484	1.06325	1.06882	0.00	4816.68
694	2016.12.14 16:02	s/l	289	0.60	1.06325	1.06325	1.06882	-95.40	4721.28
695	2016.12.19 09:00	buy	290	0.46	1.04757	1.04554	1.05265	0.00	4721.28
696	2016.12.19 11:47	s/l	290	0.46	1.04554	1.04554	1.05265	-93.38	4627.90
697	2016.12.19 11:47	sell	291	0.55	1.04554	1.04720	1.04139	0.00	4627.90
698	2016.12.19 13:54	modify	291	0.55	1.04554	1.04544	1.04139	0.00	4627.90
699	2016.12.19 15:20	t/p	291	0.55	1.04139	1.04544	1.04139	228.25	4856.15
700	2016.12.22 16:15	buy	292	0.20	1.04507	1.04268	1.05105	0.00	4856.15
701	2016.12.22 17:07	modify	292	0.20	1.04507	1.04517	1.05105	0.00	4856.15
702	2016.12.22 18:02	s/l	292	0.20	1.04517	1.04517	1.05105	2.00	4858.15
703	2016.12.29 11:15	buy	293	1.00	1.04570	1.04400	1.04995	0.00	4858.15
704	2016.12.29 17:57	modify	293	1.00	1.04570	1.04580	1.04995	0.00	4858.15
705	2016.12.30 01:22	t/p	293	1.00	1.04995	1.04580	1.04995	416.66	5274.81
706	2017.01.11 11:15	sell	294	1.32	1.05446	1.05605	1.05049	0.00	5274.81
707	2017.01.11 12:29	modify	294	1.32	1.05446	1.05436	1.05049	0.00	5274.81
708	2017.01.11 14:08	t/p	294	1.32	1.05049	1.05436	1.05049	524.04	5798.85
709	2017.01.16 09:15	sell	295	0.99	1.06079	1.06311	1.05499	0.00	5798.85
710	2017.01.17 06:10	s/l	295	0.99	1.06311	1.06311	1.05499	-227.17	5571.68
711	2017.01.17 06:10	buy	296	1.21	1.06312	1.06128	1.06772	0.00	5571.68
712	2017.01.17 07:59	modify	296	1.21	1.06312	1.06322	1.06772	0.00	5571.68
713	2017.01.17 11:30	t/p	296	1.21	1.06772	1.06322	1.06772	556.60	6128.28
714	2017.01.18 10:15	buy	297	0.58	1.06946	1.06735	1.07474	0.00	6128.28
715	2017.01.18 14:57	s/l	297	0.58	1.06735	1.06735	1.07474	-122.38	6005.90
716	2017.01.26 11:45	sell	298	0.34	1.07280	1.07454	1.06845	0.00	6005.90
717	2017.01.26 15:01	modify	298	0.34	1.07280	1.07270	1.06845	0.00	6005.90
718	2017.01.26 16:20	t/p	298	0.34	1.06845	1.07270	1.06845	147.90	6153.80
719	2017.01.31 10:00	buy	299	2.48	1.06996	1.06823	1.07429	0.00	6153.80
720	2017.01.31 13:40	modify	299	2.48	1.06996	1.07006	1.07429	0.00	6153.80
721	2017.01.31 13:47	t/p	299	2.48	1.07429	1.07006	1.07429	1073.84	7227.64
722	2017.02.02 09:30	buy	300	0.74	1.07950	1.07755	1.08438	0.00	7227.64
723	2017.02.02 15:47	modify	300	0.74	1.07950	1.07960	1.08438	0.00	7227.64
724	2017.02.02 18:17	s/l	300	0.74	1.07960	1.07960	1.08438	7.40	7235.04
725	2017.02.09 15:30	sell	301	0.91	1.06815	1.06974	1.06418	0.00	7235.04
726	2017.02.09 17:00	modify	301	0.91	1.06815	1.06805	1.06418	0.00	7235.04
727	2017.02.10 09:58	t/p	301	0.91	1.06418	1.06805	1.06418	363.58	7598.62
728	2017.02.20 15:00	sell	302	1.61	1.06094	1.06282	1.05624	0.00	7598.62
729	2017.02.21 03:19	modify	302	1.61	1.06094	1.06084	1.05624	0.00	7598.62
730	2017.02.21 10:34	t/p	302	1.61	1.05624	1.06084	1.05624	760.78	8359.40
731	2017.02.23 10:15	buy	303	0.71	1.05621	1.05386	1.06209	0.00	8359.40
732	2017.02.23 12:08	s/l	303	0.71	1.05386	1.05386	1.06209	-166.85	8192.55
733	2017.02.23 12:08	sell	304	0.79	1.05386	1.05593	1.04869	0.00	8192.55
734	2017.02.23 14:09	s/l	304	0.79	1.05593	1.05593	1.04869	-163.53	8029.02
735	2017.02.27 10:00	buy	305	0.82	1.05814	1.05620	1.06299	0.00	8029.02
736	2017.02.27 17:59	modify	305	0.82	1.05814	1.05824	1.06299	0.00	8029.02
737	2017.02.27 18:49	t/p	305	0.82	1.06299	1.05824	1.06299	397.70	8426.72
738	2017.02.28 11:15	buy	306	3.29	1.05918	1.05739	1.06366	0.00	8426.72
739	2017.02.28 17:13	modify	306	3.29	1.05918	1.05928	1.06366	0.00	8426.72
740	2017.02.28 21:59	s/l	306	3.29	1.05928	1.05928	1.06366	32.90	8459.62
741	2017.03.02 11:45	sell	307	0.85	1.05257	1.05455	1.04762	0.00	8459.62
742	2017.03.02 21:26	modify	307	0.85	1.05257	1.05247	1.04762	0.00	8459.62
743	2017.03.03 08:51	s/l	307	0.85	1.05247	1.05247	1.04762	10.66	8470.28
744	2017.03.06 15:30	buy	308	1.90	1.06011	1.05833	1.06456	0.00	8470.28
745	2017.03.06 18:32	s/l	308	1.90	1.05833	1.05833	1.06456	-338.20	8132.08
746	2017.03.22 08:45	buy	309	0.97	1.08101	1.07934	1.08519	0.00	8132.08
747	2017.03.22 09:33	s/l	309	0.97	1.07934	1.07934	1.08519	-161.99	7970.09
748	2017.03.22 15:00	buy	310	0.75	1.08040	1.07830	1.08565	0.00	7970.09
749	2017.03.23 03:02	s/l	310	0.75	1.07830	1.07830	1.08565	-176.27	7793.81
750	2017.03.23 03:02	sell	311	0.56	1.07830	1.07968	1.07485	0.00	7793.81
751	2017.03.23 08:28	s/l	311	0.56	1.07968	1.07968	1.07485	-77.28	7716.53
752	2017.03.28 15:30	buy	312	0.84	1.08649	1.08466	1.09107	0.00	7716.53
753	2017.03.28 19:12	s/l	312	0.84	1.08466	1.08466	1.09107	-153.72	7562.81
754	2017.04.06 15:30	sell	313	0.38	1.06577	1.06772	1.06090	0.00	7562.81
755	2017.04.07 14:03	modify	313	0.38	1.06577	1.06567	1.06090	0.00	7562.81
756	2017.04.07 15:30	s/l	313	0.38	1.06567	1.06567	1.06090	4.76	7567.58
757	2017.04.27 15:00	sell	314	1.53	1.08862	1.09034	1.08432	0.00	7567.58
758	2017.04.27 15:35	s/l	314	1.53	1.09034	1.09034	1.08432	-263.16	7304.42
759	2017.05.08 08:45	buy	315	0.69	1.09896	1.09686	1.10421	0.00	7304.42
760	2017.05.08 10:13	s/l	315	0.69	1.09686	1.09686	1.10421	-144.90	7159.52
761	2017.05.08 15:00	sell	316	0.71	1.09381	1.09581	1.08881	0.00	7159.52
762	2017.05.09 09:26	modify	316	0.71	1.09381	1.09371	1.08881	0.00	7159.52
763	2017.05.09 13:46	t/p	316	0.71	1.08881	1.09371	1.08881	356.80	7516.32
764	2017.05.25 10:30	buy	317	1.70	1.12384	1.12230	1.12769	0.00	7516.32
765	2017.05.25 12:34	s/l	317	1.70	1.12230	1.12230	1.12769	-261.80	7254.52
766	2017.05.31 10:00	buy	318	0.72	1.11880	1.11681	1.12378	0.00	7254.52
767	2017.05.31 14:05	modify	318	0.72	1.11880	1.11890	1.12378	0.00	7254.52
768	2017.05.31 16:49	t/p	318	0.72	1.12378	1.11890	1.12378	358.56	7613.08
769	2017.06.05 10:15	buy	319	2.96	1.12759	1.12579	1.13209	0.00	7613.08
770	2017.06.05 13:22	s/l	319	2.96	1.12579	1.12579	1.13209	-532.80	7080.28
771	2017.06.08 11:30	sell	320	0.46	1.12515	1.12666	1.12138	0.00	7080.28
772	2017.06.08 14:46	modify	320	0.46	1.12515	1.12505	1.12138	0.00	7080.28
773	2017.06.08 15:38	t/p	320	0.46	1.12138	1.12505	1.12138	173.42	7253.70
774	2017.06.12 14:15	buy	321	2.75	1.12241	1.12057	1.12701	0.00	7253.70
775	2017.06.12 16:51	s/l	321	2.75	1.12057	1.12057	1.12701	-506.00	6747.70
776	2017.06.21 16:30	sell	322	0.64	1.11336	1.11546	1.10811	0.00	6747.70
777	2017.06.21 21:22	s/l	322	0.64	1.11546	1.11546	1.10811	-134.40	6613.30
778	2017.07.05 11:30	sell	323	0.76	1.13503	1.13675	1.13073	0.00	6613.30
779	2017.07.05 12:00	modify	323	0.76	1.13503	1.13493	1.13073	0.00	6613.30
780	2017.07.05 21:00	s/l	323	0.76	1.13493	1.13493	1.13073	7.60	6620.90
781	2017.07.20 10:30	sell	324	1.17	1.15072	1.15270	1.14577	0.00	6620.90
782	2017.07.20 15:43	s/l	324	1.17	1.15270	1.15270	1.14577	-231.66	6389.24
783	2017.07.26 16:45	sell	325	0.54	1.16337	1.16572	1.15750	0.00	6389.24
784	2017.07.26 21:01	s/l	325	0.54	1.16572	1.16572	1.15750	-126.90	6262.34
785	2017.07.31 09:00	buy	326	0.76	1.17456	1.17293	1.17864	0.00	6262.34
786	2017.07.31 09:16	s/l	326	0.76	1.17293	1.17293	1.17864	-123.88	6138.46
787	2017.07.31 09:16	sell	327	0.61	1.17293	1.17492	1.16796	0.00	6138.46
788	2017.07.31 16:51	s/l	327	0.61	1.17492	1.17492	1.16796	-121.39	6017.07
789	2017.08.03 10:00	buy	328	0.38	1.18511	1.18354	1.18904	0.00	6017.07
790	2017.08.03 11:00	s/l	328	0.38	1.18354	1.18354	1.18904	-59.66	5957.41
791	2017.08.03 11:00	sell	329	0.44	1.18353	1.18487	1.18018	0.00	5957.41
792	2017.08.03 12:34	s/l	329	0.44	1.18487	1.18487	1.18018	-58.96	5898.45
793	2017.08.07 15:45	sell	330	0.67	1.17887	1.18062	1.17450	0.00	5898.45
794	2017.08.08 04:05	s/l	330	0.67	1.18062	1.18062	1.17450	-115.55	5782.90
795	2017.08.08 04:05	buy	331	1.28	1.18062	1.17972	1.18287	0.00	5782.90
796	2017.08.08 04:51	modify	331	1.28	1.18062	1.18072	1.18287	0.00	5782.90
797	2017.08.08 05:47	s/l	331	1.28	1.18072	1.18072	1.18287	12.80	5795.70
798	2017.08.22 15:45	sell	332	0.59	1.17550	1.17746	1.17060	0.00	5795.70
799	2017.08.23 10:32	s/l	332	0.59	1.17746	1.17746	1.17060	-114.14	5681.55
800	2017.09.06 09:00	buy	333	0.62	1.19253	1.19072	1.19706	0.00	5681.55
801	2017.09.07 10:46	modify	333	0.62	1.19253	1.19263	1.19706	0.00	5681.55
802	2017.09.07 12:21	t/p	333	0.62	1.19706	1.19263	1.19706	265.34	5946.89
803	2017.09.11 10:45	buy	334	1.95	1.20121	1.19908	1.20654	0.00	5946.89
804	2017.09.11 14:38	s/l	334	1.95	1.19908	1.19908	1.20654	-415.35	5531.54
805	2017.09.12 11:30	sell	335	0.68	1.19614	1.19776	1.19209	0.00	5531.54
806	2017.09.12 13:45	modify	335	0.68	1.19614	1.19604	1.19209	0.00	5531.54
807	2017.09.12 17:18	s/l	335	0.68	1.19604	1.19604	1.19209	6.80	5538.34
808	2017.09.13 10:30	buy	336	1.97	1.19861	1.19665	1.20351	0.00	5538.34
809	2017.09.13 12:53	s/l	336	1.97	1.19665	1.19665	1.20351	-386.12	5152.22
810	2017.09.13 14:00	buy	337	0.60	1.19866	1.19695	1.20294	0.00	5152.22
811	2017.09.13 16:01	s/l	337	0.60	1.19695	1.19695	1.20294	-102.60	5049.62
812	2017.09.18 15:30	buy	338	0.56	1.19576	1.19397	1.20024	0.00	5049.62
813	2017.09.18 18:53	s/l	338	0.56	1.19397	1.19397	1.20024	-100.24	4949.38
814	2017.09.28 16:00	sell	339	0.25	1.17668	1.17863	1.17181	0.00	4949.38
815	2017.09.28 16:20	s/l	339	0.25	1.17863	1.17863	1.17181	-48.75	4900.63
816	2017.09.28 16:20	buy	340	0.22	1.17863	1.17644	1.18411	0.00	4900.63
817	2017.09.29 15:30	modify	340	0.22	1.17863	1.17873	1.18411	0.00	4900.63
818	2017.10.02 04:10	s/l	340	0.22	1.17873	1.17873	1.18411	-1.47	4899.16
819	2017.10.03 15:45	sell	341	0.57	1.17382	1.17553	1.16955	0.00	4899.16
820	2017.10.03 16:24	s/l	341	0.57	1.17553	1.17553	1.16955	-97.47	4801.69
821	2017.10.03 16:24	buy	342	0.48	1.17553	1.17357	1.18043	0.00	4801.69
822	2017.10.04 00:51	s/l	342	0.48	1.17357	1.17357	1.18043	-98.09	4703.61
823	2017.10.19 09:45	buy	343	0.27	1.18123	1.17952	1.18551	0.00	4703.61
824	2017.10.19 11:09	s/l	343	0.27	1.17952	1.17952	1.18551	-46.17	4657.44
825	2017.10.19 11:09	sell	344	0.19	1.17952	1.18189	1.17360	0.00	4657.44
826	2017.10.19 13:21	s/l	344	0.19	1.18189	1.18189	1.17360	-45.03	4612.41
827	2017.10.31 10:30	sell	345	0.53	1.16350	1.16521	1.15923	0.00	4612.41
828	2017.10.31 18:26	s/l	345	0.53	1.16521	1.16521	1.15923	-90.63	4521.78
829	2017.11.06 09:15	sell	346	0.48	1.15999	1.16185	1.15534	0.00	4521.78
830	2017.11.07 10:43	modify	346	0.48	1.15999	1.15989	1.15534	0.00	4521.78
831	2017.11.08 01:19	s/l	346	0.48	1.15989	1.15989	1.15534	7.23	4529.01
832	2017.11.08 14:15	sell	347	1.94	1.15881	1.16044	1.15474	0.00	4529.01
833	2017.11.09 07:31	s/l	347	1.94	1.16044	1.16044	1.15474	-301.46	4227.55
834	2017.11.09 07:31	sell	348	8.22	1.16042	1.16060	1.15997	0.00	4227.55
835	2017.11.09 07:33	modify	348	8.22	1.16042	1.16032	1.15997	0.00	4227.55
836	2017.11.09 07:45	s/l	348	8.22	1.16032	1.16032	1.15997	82.20	4309.75
837	2017.11.09 16:45	buy	349	0.19	1.16204	1.15982	1.16759	0.00	4309.75
838	2017.11.09 18:46	modify	349	0.19	1.16204	1.16214	1.16759	0.00	4309.75
839	2017.11.10 17:30	t/p	349	0.19	1.16759	1.16214	1.16759	103.86	4413.61
840	2017.11.16 08:30	buy	350	0.79	1.17957	1.17763	1.18442	0.00	4413.61
841	2017.11.16 09:36	s/l	350	0.79	1.17763	1.17763	1.18442	-153.26	4260.35
842	2017.11.22 16:30	buy	351	0.37	1.17671	1.17445	1.18236	0.00	4260.35
843	2017.11.22 21:01	modify	351	0.37	1.17671	1.17681	1.18236	0.00	4260.35
844	2017.11.22 21:30	t/p	351	0.37	1.18236	1.17681	1.18236	209.05	4469.40
845	2017.11.28 10:15	buy	352	1.58	1.19040	1.18842	1.19535	0.00	4469.40
846	2017.11.28 12:08	s/l	352	1.58	1.18842	1.18842	1.19535	-312.84	4156.56
847	2017.11.28 16:30	sell	353	0.50	1.18844	1.19010	1.18429	0.00	4156.56
848	2017.11.28 20:20	modify	353	0.50	1.18844	1.18834	1.18429	0.00	4156.56
849	2017.11.28 21:21	t/p	353	0.50	1.18429	1.18834	1.18429	207.50	4364.06
850	2017.12.06 09:45	sell	354	1.41	1.18199	1.18415	1.17659	0.00	4364.06
851	2017.12.06 16:58	modify	354	1.41	1.18199	1.18189	1.17659	0.00	4364.06
852	2017.12.08 03:43	t/p	354	1.41	1.17659	1.18189	1.17659	775.70	5139.77
853	2017.12.21 15:45	buy	355	0.60	1.18695	1.18524	1.19123	0.00	5139.77
854	2017.12.21 16:09	s/l	355	0.60	1.18524	1.18524	1.19123	-102.60	5037.17
855	2018.01.18 15:45	buy	356	0.27	1.22434	1.22252	1.22889	0.00	5037.17
856	2018.01.18 19:51	s/l	356	0.27	1.22252	1.22252	1.22889	-49.14	4988.03
857	2018.01.29 08:30	sell	357	0.57	1.24115	1.24288	1.23683	0.00	4988.03
858	2018.01.29 09:08	s/l	357	0.57	1.24288	1.24288	1.23683	-98.61	4889.42
859	2018.01.29 09:30	sell	358	0.42	1.24081	1.24309	1.23511	0.00	4889.42
860	2018.01.29 15:27	modify	358	0.42	1.24081	1.24071	1.23511	0.00	4889.42
861	2018.01.29 16:36	t/p	358	0.42	1.23511	1.24071	1.23511	239.40	5128.82
862	2018.02.01 08:15	sell	359	0.93	1.24092	1.24284	1.23612	0.00	5128.82
863	2018.02.01 10:14	s/l	359	0.93	1.24284	1.24284	1.23612	-178.56	4950.26
864	2018.02.05 14:00	sell	360	0.56	1.24476	1.24651	1.24039	0.00	4950.26
865	2018.02.05 16:05	modify	360	0.56	1.24476	1.24466	1.24039	0.00	4950.26
866	2018.02.05 16:40	t/p	360	0.56	1.24039	1.24466	1.24039	244.72	5194.98
867	2018.02.07 08:15	sell	361	2.20	1.23774	1.23939	1.23362	0.00	5194.98
868	2018.02.07 08:47	s/l	361	2.20	1.23939	1.23939	1.23362	-363.00	4831.98
869	2018.02.07 11:15	sell	362	0.42	1.23676	1.23904	1.23106	0.00	4831.98
870	2018.02.07 16:06	modify	362	0.42	1.23676	1.23666	1.23106	0.00	4831.98
871	2018.02.07 17:30	t/p	362	0.42	1.23106	1.23666	1.23106	239.40	5071.38
872	2018.02.12 14:15	sell	363	2.32	1.22619	1.22772	1.22237	0.00	5071.38
873	2018.02.12 15:34	modify	363	2.32	1.22619	1.22609	1.22237	0.00	5071.38
874	2018.02.12 16:43	s/l	363	2.32	1.22609	1.22609	1.22237	23.20	5094.58
875	2018.02.26 09:45	buy	364	1.08	1.23322	1.23134	1.23792	0.00	5094.58
876	2018.02.26 15:47	s/l	364	1.08	1.23134	1.23134	1.23792	-203.04	4891.54
877	2018.02.27 08:30	buy	365	0.64	1.23331	1.23179	1.23711	0.00	4891.54
878	2018.02.27 13:41	s/l	365	0.64	1.23179	1.23179	1.23711	-97.28	4794.26
879	2018.03.06 10:30	buy	366	0.54	1.23436	1.23260	1.23876	0.00	4794.26
880	2018.03.06 13:23	modify	366	0.54	1.23436	1.23446	1.23876	0.00	4794.26
881	2018.03.06 13:32	t/p	366	0.54	1.23876	1.23446	1.23876	237.60	5031.86
882	2018.03.08 09:45	buy	367	0.88	1.24118	1.23919	1.24616	0.00	5031.86
883	2018.03.08 10:52	s/l	367	0.88	1.23919	1.23919	1.24616	-175.12	4856.74
884	2018.04.03 15:45	sell	368	0.42	1.22940	1.23169	1.22368	0.00	4856.74
885	2018.04.03 16:29	modify	368	0.42	1.22940	1.22930	1.22368	0.00	4856.74
886	2018.04.04 10:59	s/l	368	0.42	1.22930	1.22930	1.22368	5.27	4862.00
887	2018.04.04 15:15	sell	369	2.14	1.22759	1.22918	1.22362	0.00	4862.00
888	2018.04.04 15:49	s/l	369	2.14	1.22918	1.22918	1.22362	-340.26	4521.74
889	2018.04.09 14:45	buy	370	0.57	1.22796	1.22640	1.23186	0.00	4521.74
890	2018.04.09 15:13	modify	370	0.57	1.22796	1.22806	1.23186	0.00	4521.74
891	2018.04.09 16:05	t/p	370	0.57	1.23186	1.22806	1.23186	222.30	4744.04
892	2018.04.18 11:15	buy	371	1.89	1.23700	1.23525	1.24138	0.00	4744.04
893	2018.04.18 12:00	s/l	371	1.89	1.23525	1.23525	1.24138	-330.75	4413.29
894	2018.05.03 16:00	sell	372	0.18	1.19795	1.20031	1.19205	0.00	4413.29
895	2018.05.03 21:44	s/l	372	0.18	1.20031	1.20031	1.19205	-42.48	4370.81
896	2018.05.08 10:00	sell	373	0.50	1.19179	1.19351	1.18749	0.00	4370.81
897	2018.05.08 11:27	modify	373	0.50	1.19179	1.19169	1.18749	0.00	4370.81
898	2018.05.08 12:42	t/p	373	0.50	1.18749	1.19169	1.18749	215.00	4585.81
899	2018.05.10 10:15	sell	374	0.77	1.18604	1.18812	1.18084	0.00	4585.81
900	2018.05.10 12:15	s/l	374	0.77	1.18812	1.18812	1.18084	-160.16	4425.65
901	2018.05.15 11:00	sell	375	0.55	1.19231	1.19391	1.18831	0.00	4425.65
902	2018.05.15 14:10	modify	375	0.55	1.19231	1.19221	1.18831	0.00	4425.65
903	2018.05.15 14:28	t/p	375	0.55	1.18831	1.19221	1.18831	220.00	4645.65
904	2018.05.17 09:15	sell	376	0.72	1.18149	1.18374	1.17587	0.00	4645.65
905	2018.05.17 13:27	modify	376	0.72	1.18149	1.18139	1.17587	0.00	4645.65
906	2018.05.18 08:58	s/l	376	0.72	1.18139	1.18139	1.17587	9.03	4654.68
907	2018.06.12 15:00	buy	377	0.95	1.17935	1.17741	1.18420	0.00	4654.68
908	2018.06.12 19:58	s/l	377	0.95	1.17741	1.17741	1.18420	-184.30	4470.38
909	2018.06.13 09:15	sell	378	0.59	1.17397	1.17548	1.17020	0.00	4470.38
910	2018.06.13 12:52	s/l	378	0.59	1.17548	1.17548	1.17020	-89.09	4381.29
911	2018.06.20 10:00	sell	379	0.44	1.15667	1.15862	1.15180	0.00	4381.29
912	2018.06.20 10:42	s/l	379	0.44	1.15862	1.15862	1.15180	-85.80	4295.49
913	2018.06.21 11:15	sell	380	0.27	1.15541	1.15697	1.15151	0.00	4295.49
914	2018.06.21 11:50	modify	380	0.27	1.15541	1.15531	1.15151	0.00	4295.49
915	2018.06.21 12:02	t/p	380	0.27	1.15151	1.15531	1.15151	105.30	4400.79
916	2018.06.27 08:15	sell	381	1.62	1.16401	1.16590	1.15929	0.00	4400.79
917	2018.06.27 09:09	s/l	381	1.62	1.16590	1.16590	1.15929	-306.18	4094.61
918	2018.06.27 10:45	sell	382	0.41	1.16544	1.16741	1.16052	0.00	4094.61
919	2018.06.27 11:35	modify	382	0.41	1.16544	1.16534	1.16052	0.00	4094.61
920	2018.06.27 15:48	t/p	382	0.41	1.16052	1.16534	1.16052	201.72	4296.33
921	2018.07.05 08:30	buy	383	0.91	1.16643	1.16479	1.17053	0.00	4296.33
922	2018.07.05 08:51	modify	383	0.91	1.16643	1.16653	1.17053	0.00	4296.33
923	2018.07.05 09:37	t/p	383	0.91	1.17053	1.16653	1.17053	373.10	4669.43
924	2018.07.10 09:45	buy	384	1.11	1.17465	1.17297	1.17885	0.00	4669.43
925	2018.07.10 11:39	s/l	384	1.11	1.17297	1.17297	1.17885	-186.48	4482.95
926	2018.07.10 11:45	sell	385	0.37	1.17264	1.17505	1.16662	0.00	4482.95
927	2018.07.11 15:45	s/l	385	0.37	1.17505	1.17505	1.16662	-88.23	4394.72
928	2018.07.24 11:30	sell	386	0.45	1.16796	1.16988	1.16316	0.00	4394.72
929	2018.07.24 13:09	s/l	386	0.45	1.16988	1.16988	1.16316	-86.40	4308.32
930	2018.07.24 16:45	buy	387	0.48	1.17052	1.16876	1.17492	0.00	4308.32
931	2018.07.24 18:51	s/l	387	0.48	1.16876	1.16876	1.17492	-84.48	4223.84
932	2018.07.25 16:00	buy	388	0.54	1.16990	1.16834	1.17380	0.00	4223.84
933	2018.07.25 17:43	s/l	388	0.54	1.16834	1.16834	1.17380	-84.24	4139.60
934	2018.08.01 16:45	sell	389	0.54	1.16783	1.16935	1.16403	0.00	4139.60
935	2018.08.02 05:44	modify	389	0.54	1.16783	1.16773	1.16403	0.00	4139.60
936	2018.08.02 09:35	t/p	389	0.54	1.16403	1.16773	1.16403	209.31	4348.90
937	2018.08.16 11:30	buy	390	0.66	1.13776	1.13548	1.14346	0.00	4348.90
938	2018.08.16 20:47	s/l	390	0.66	1.13548	1.13548	1.14346	-150.48	4198.42
939	2018.08.27 14:15	buy	391	0.55	1.16177	1.16026	1.16555	0.00	4198.42
940	2018.08.27 15:20	modify	391	0.55	1.16177	1.16187	1.16555	0.00	4198.42
941	2018.08.27 16:48	t/p	391	0.55	1.16555	1.16187	1.16555	207.90	4406.32
942	2018.09.05 09:15	sell	392	2.02	1.15819	1.15971	1.15439	0.00	4406.32
943	2018.09.05 10:16	modify	392	2.02	1.15819	1.15809	1.15439	0.00	4406.32
944	2018.09.05 10:22	t/p	392	2.02	1.15439	1.15809	1.15439	767.60	5173.92
945	2018.09.06 10:30	buy	393	0.46	1.16337	1.16114	1.16895	0.00	5173.92
946	2018.09.06 18:06	s/l	393	0.46	1.16114	1.16114	1.16895	-102.58	5071.34
947	2018.09.12 11:45	sell	394	0.43	1.15831	1.16064	1.15249	0.00	5071.34
948	2018.09.12 17:01	s/l	394	0.43	1.16064	1.16064	1.15249	-100.19	4971.15
949	2018.09.25 11:45	buy	395	0.39	1.17560	1.17311	1.18183	0.00	4971.15
950	2018.09.26 15:20	s/l	395	0.39	1.17311	1.17311	1.18183	-100.36	4870.79
951	2018.09.26 15:20	sell	396	0.58	1.17311	1.17478	1.16894	0.00	4870.79
952	2018.09.26 17:45	s/l	396	0.58	1.17478	1.17478	1.16894	-96.86	4773.93
953	2018.10.10 14:00	buy	397	0.55	1.15026	1.14853	1.15459	0.00	4773.93
954	2018.10.10 17:09	modify	397	0.55	1.15026	1.15036	1.15459	0.00	4773.93
955	2018.10.11 04:51	t/p	397	0.55	1.15459	1.15036	1.15459	224.38	4998.31
956	2018.10.16 10:30	buy	398	1.50	1.15911	1.15678	1.16494	0.00	4998.31
957	2018.10.16 12:23	s/l	398	1.50	1.15678	1.15678	1.16494	-349.50	4648.81
958	2018.10.18 15:15	sell	399	0.28	1.15042	1.15208	1.14627	0.00	4648.81
959	2018.10.18 19:15	modify	399	0.28	1.15042	1.15032	1.14627	0.00	4648.81
960	2018.10.18 20:19	t/p	399	0.28	1.14627	1.15032	1.14627	116.20	4765.01
961	2018.10.25 16:15	sell	400	0.70	1.14105	1.14342	1.13513	0.00	4765.01
962	2018.10.25 16:40	modify	400	0.70	1.14105	1.14095	1.13513	0.00	4765.01
963	2018.10.26 12:53	t/p	400	0.70	1.13513	1.14095	1.13513	416.18	5181.19
964	2018.11.08 09:15	sell	401	0.49	1.14158	1.14369	1.13631	0.00	5181.19
965	2018.11.08 10:02	s/l	401	0.49	1.14369	1.14369	1.13631	-103.39	5077.80
966	2018.11.08 11:00	sell	402	0.30	1.14295	1.14463	1.13875	0.00	5077.80
967	2018.11.08 13:34	modify	402	0.30	1.14295	1.14285	1.13875	0.00	5077.80
968	2018.11.08 15:15	s/l	402	0.30	1.14285	1.14285	1.13875	3.00	5080.80
969	2018.11.21 11:45	sell	403	1.43	1.13826	1.14073	1.13209	0.00	5080.80
970	2018.11.21 13:23	s/l	403	1.43	1.14073	1.14073	1.13209	-353.21	4727.59
971	2018.11.26 15:00	sell	404	0.62	1.13561	1.13712	1.13184	0.00	4727.59
972	2018.11.26 15:34	s/l	404	0.62	1.13712	1.13712	1.13184	-93.62	4633.97
973	2018.12.13 15:30	buy	405	0.19	1.13807	1.13570	1.14400	0.00	4633.97
974	2018.12.13 15:38	s/l	405	0.19	1.13570	1.13570	1.14400	-45.03	4588.94
975	2018.12.27 09:45	sell	406	0.28	1.13748	1.13907	1.13351	0.00	4588.94
976	2018.12.27 10:24	s/l	406	0.28	1.13907	1.13907	1.13351	-44.52	4544.42
977	2018.12.27 10:24	buy	407	0.22	1.13907	1.13708	1.14405	0.00	4544.42
978	2018.12.27 14:58	s/l	407	0.22	1.13708	1.13708	1.14405	-43.78	4500.64
979	2018.12.31 10:00	buy	408	0.43	1.14428	1.14219	1.14951	0.00	4500.64
980	2019.01.02 07:58	modify	408	0.43	1.14428	1.14438	1.14951	0.00	4500.64
981	2019.01.02 08:10	t/p	408	0.43	1.14951	1.14438	1.14951	217.71	4718.35
982	2019.01.09 15:45	buy	409	1.89	1.14633	1.14459	1.15068	0.00	4718.35
983	2019.01.09 16:35	modify	409	1.89	1.14633	1.14643	1.15068	0.00	4718.35
984	2019.01.09 16:36	t/p	409	1.89	1.15068	1.14643	1.15068	822.15	5540.50
985	2019.01.14 14:45	sell	410	1.36	1.14570	1.14732	1.14165	0.00	5540.50
986	2019.01.14 17:55	s/l	410	1.36	1.14732	1.14732	1.14165	-220.32	5320.18
987	2019.01.17 15:45	sell	411	0.28	1.13876	1.14064	1.13406	0.00	5320.18
988	2019.01.18 12:02	s/l	411	0.28	1.14064	1.14064	1.13406	-51.93	5268.25
989	2019.01.30 10:30	buy	412	0.59	1.14396	1.14218	1.14841	0.00	5268.25
990	2019.01.30 13:11	s/l	412	0.59	1.14218	1.14218	1.14841	-105.02	5163.23
991	2019.02.13 14:00	buy	413	0.49	1.13294	1.13087	1.13812	0.00	5163.23
992	2019.02.13 14:54	s/l	413	0.49	1.13087	1.13087	1.13812	-101.43	5061.80
993	2019.02.20 14:30	buy	414	0.55	1.13406	1.13223	1.13864	0.00	5061.80
994	2019.02.20 18:51	modify	414	0.55	1.13406	1.13416	1.13864	0.00	5061.80
995	2019.02.20 21:11	s/l	414	0.55	1.13416	1.13416	1.13864	5.50	5067.30
996	2019.03.11 15:30	buy	415	1.64	1.12518	1.12302	1.13058	0.00	5067.30
997	2019.03.11 17:51	s/l	415	1.64	1.12302	1.12302	1.13058	-354.24	4713.06
998	2019.03.14 09:30	buy	416	0.30	1.13253	1.13098	1.13641	0.00	4713.06
999	2019.03.14 12:01	s/l	416	0.30	1.13098	1.13098	1.13641	-46.50	4666.56
1000	2019.10.03 15:45	buy	417	0.28	1.09621	1.09460	1.10024	0.00	4666.56
1001	2019.10.03 17:00	modify	417	0.28	1.09621	1.09631	1.10024	0.00	4666.56
1002	2019.10.03 23:59	s/l	417	0.28	1.09631	1.09631	1.10024	2.80	4669.36
1003	2019.10.16 15:45	buy	418	1.40	1.10442	1.10210	1.11022	0.00	4669.36
1004	2019.10.16 19:25	modify	418	1.40	1.10442	1.10452	1.11022	0.00	4669.36
1005	2019.10.17 12:30	t/p	418	1.40	1.11022	1.10452	1.11022	776.96	5446.32
1006	2019.11.07 16:00	sell	419	0.62	1.10670	1.10843	1.10238	0.00	5446.32
1007	2019.11.07 17:57	modify	419	0.62	1.10670	1.10660	1.10238	0.00	5446.32
1008	2019.11.08 17:02	t/p	419	0.62	1.10238	1.10660	1.10238	269.41	5715.73
1009	2020.02.24 10:30	buy	420	1.24	1.08283	1.08099	1.08743	0.00	5715.73
1010	2020.02.24 17:07	modify	420	1.24	1.08283	1.08293	1.08743	0.00	5715.73
1011	2020.02.25 18:16	t/p	420	1.24	1.08743	1.08293	1.08743	560.05	6275.78
1012	2020.03.04 10:00	buy	421	1.53	1.11594	1.11430	1.12004	0.00	6275.78
1013	2020.03.04 10:42	modify	421	1.53	1.11594	1.11604	1.12004	0.00	6275.78
1014	2020.03.04 11:04	s/l	421	1.53	1.11604	1.11604	1.12004	15.30	6291.08
1015	2020.04.06 09:15	sell	422	1.11	1.08149	1.08374	1.07587	0.00	6291.08
1016	2020.04.06 15:45	modify	422	1.11	1.08149	1.08139	1.07587	0.00	6291.08
1017	2020.04.06 18:24	s/l	422	1.11	1.08139	1.08139	1.07587	11.10	6302.18
1018	2020.04.09 15:15	buy	423	0.64	1.08670	1.08475	1.09158	0.00	6302.18
1019	2020.04.09 15:53	modify	423	0.64	1.08670	1.08680	1.09158	0.00	6302.18
1020	2020.04.09 16:13	t/p	423	0.64	1.09158	1.08680	1.09158	312.32	6614.50
1021	2020.04.13 09:30	buy	424	1.52	1.09488	1.09314	1.09923	0.00	6614.50
1022	2020.04.13 11:20	s/l	424	1.52	1.09314	1.09314	1.09923	-264.48	6350.02
1023	2020.04.13 15:00	buy	425	0.54	1.09303	1.09072	1.09881	0.00	6350.02
1024	2020.04.13 16:29	s/l	425	0.54	1.09072	1.09072	1.09881	-124.74	6225.28
1025	2020.04.20 08:45	sell	426	0.61	1.08528	1.08731	1.08021	0.00	6225.28
1026	2020.04.20 11:46	s/l	426	0.61	1.08731	1.08731	1.08021	-123.83	6101.45
1027	2020.04.20 11:46	buy	427	0.77	1.08731	1.08574	1.09124	0.00	6101.45
1028	2020.04.20 14:08	s/l	427	0.77	1.08574	1.08574	1.09124	-120.89	5980.56
1029	2020.04.28 10:30	buy	428	0.51	1.08307	1.08076	1.08885	0.00	5980.56
1030	2020.04.28 12:20	modify	428	0.51	1.08307	1.08317	1.08885	0.00	5980.56
1031	2020.04.28 17:59	s/l	428	0.51	1.08317	1.08317	1.08885	5.10	5985.66
1032	2020.04.29 16:00	buy	429	2.11	1.08573	1.08375	1.09068	0.00	5985.66
1033	2020.04.30 10:05	modify	429	2.11	1.08573	1.08583	1.09068	0.00	5985.66
1034	2020.04.30 16:08	s/l	429	2.11	1.08583	1.08583	1.09068	-31.72	5953.95
1035	2020.05.07 11:00	sell	430	0.30	1.07988	1.08182	1.07503	0.00	5953.95
1036	2020.05.07 17:03	modify	430	0.30	1.07988	1.07978	1.07503	0.00	5953.95
1037	2020.05.07 18:45	s/l	430	0.30	1.07978	1.07978	1.07503	3.00	5956.95
1038	2020.05.12 10:45	sell	431	1.99	1.08086	1.08295	1.07564	0.00	5956.95
1039	2020.05.12 13:25	s/l	431	1.99	1.08295	1.08295	1.07564	-415.91	5541.04
1040	2020.05.27 11:00	buy	432	0.72	1.09651	1.09499	1.10031	0.00	5541.04
1041	2020.05.27 12:03	s/l	432	0.72	1.09499	1.09499	1.10031	-109.44	5431.60
1042	2020.06.08 10:00	buy	433	0.71	1.12944	1.12791	1.13327	0.00	5431.60
1043	2020.06.08 13:35	s/l	433	0.71	1.12791	1.12791	1.13327	-108.63	5322.97
1044	2020.06.09 09:45	sell	434	0.46	1.12753	1.12980	1.12186	0.00	5322.97
1045	2020.06.09 11:19	modify	434	0.46	1.12753	1.12743	1.12186	0.00	5322.97
1046	2020.06.09 13:09	s/l	434	0.46	1.12743	1.12743	1.12186	4.60	5327.57
1047	2020.06.24 14:00	buy	435	2.33	1.13069	1.12909	1.13469	0.00	5327.57
1048	2020.06.24 14:43	s/l	435	2.33	1.12909	1.12909	1.13469	-372.80	4954.77
1049	2020.07.08 09:15	sell	436	0.55	1.12656	1.12836	1.12206	0.00	4954.77
1050	2020.07.08 10:06	s/l	436	0.55	1.12836	1.12836	1.12206	-99.00	4855.77
1051	2020.07.08 14:45	buy	437	0.63	1.12893	1.12740	1.13276	0.00	4855.77
1052	2020.07.08 16:32	modify	437	0.63	1.12893	1.12903	1.13276	0.00	4855.77
1053	2020.07.08 16:39	t/p	437	0.63	1.13276	1.12903	1.13276	241.29	5097.06
1054	2020.07.14 11:45	buy	438	1.72	1.13492	1.13285	1.14010	0.00	5097.06
1055	2020.07.14 14:36	modify	438	1.72	1.13492	1.13502	1.14010	0.00	5097.06
1056	2020.07.14 17:29	t/p	438	1.72	1.14010	1.13502	1.14010	890.96	5988.02
1057	2020.07.16 15:00	buy	439	0.63	1.14133	1.13944	1.14606	0.00	5988.02
1058	2020.07.16 17:40	modify	439	0.63	1.14133	1.14143	1.14606	0.00	5988.02
1059	2020.07.16 19:39	s/l	439	0.63	1.14143	1.14143	1.14606	6.30	5994.32
1060	2020.07.21 10:15	buy	440	0.98	1.14589	1.14345	1.15199	0.00	5994.32
1061	2020.07.21 10:46	s/l	440	0.98	1.14345	1.14345	1.15199	-239.12	5755.20
1062	2020.07.29 09:15	buy	441	0.68	1.17407	1.17240	1.17825	0.00	5755.20
1063	2020.07.29 10:43	modify	441	0.68	1.17407	1.17417	1.17825	0.00	5755.20
1064	2020.07.29 14:01	s/l	441	0.68	1.17417	1.17417	1.17825	6.80	5762.00
1065	2020.08.17 14:45	buy	442	2.10	1.18510	1.18318	1.18990	0.00	5762.00
1066	2020.08.17 16:51	modify	442	2.10	1.18510	1.18520	1.18990	0.00	5762.00
1067	2020.08.18 09:33	t/p	442	2.10	1.18990	1.18520	1.18990	990.48	6752.47
1068	2020.08.27 10:45	buy	443	0.78	1.18316	1.18144	1.18746	0.00	6752.47
1069	2020.08.27 13:34	s/l	443	0.78	1.18144	1.18144	1.18746	-134.16	6618.31
1070	2020.09.02 09:30	sell	444	0.70	1.18965	1.19153	1.18495	0.00	6618.31
1071	2020.09.02 10:32	modify	444	0.70	1.18965	1.18955	1.18495	0.00	6618.31
1072	2020.09.02 14:31	t/p	444	0.70	1.18495	1.18955	1.18495	329.00	6947.31
1073	2020.09.09 11:45	sell	445	2.28	1.17679	1.17892	1.17147	0.00	6947.31
1074	2020.09.09 15:49	s/l	445	2.28	1.17892	1.17892	1.17147	-485.64	6461.67
1075	2020.09.10 11:30	buy	446	0.35	1.18319	1.18138	1.18772	0.00	6461.67
1076	2020.09.10 15:31	modify	446	0.35	1.18319	1.18329	1.18772	0.00	6461.67
1077	2020.09.10 15:31	t/p	446	0.35	1.18772	1.18329	1.18772	158.55	6620.22
1078	2020.09.30 15:30	buy	447	2.45	1.17154	1.16965	1.17627	0.00	6620.22
1079	2020.09.30 16:38	s/l	447	2.45	1.16965	1.16965	1.17627	-463.05	6157.17
1080	2020.10.12 10:45	buy	448	0.67	1.18219	1.18036	1.18677	0.00	6157.17
1081	2020.10.12 12:24	s/l	448	0.67	1.18036	1.18036	1.18677	-122.61	6034.56
1082	2020.10.13 16:15	sell	449	0.65	1.17823	1.18006	1.17366	0.00	6034.56
1083	2020.10.13 16:39	modify	449	0.65	1.17823	1.17813	1.17366	0.00	6034.56
1084	2020.10.13 18:47	t/p	449	0.65	1.17366	1.17813	1.17366	297.05	6331.61
1085	2020.11.10 10:00	sell	450	2.11	1.18168	1.18378	1.17643	0.00	6331.61
1086	2020.11.10 10:28	s/l	450	2.11	1.18378	1.18378	1.17643	-443.10	5888.51
1087	2020.11.11 09:45	sell	451	0.75	1.18144	1.18301	1.17752	0.00	5888.51
1088	2020.11.11 10:20	modify	451	0.75	1.18144	1.18134	1.17752	0.00	5888.51
1089	2020.11.11 12:55	t/p	451	0.75	1.17752	1.18134	1.17752	294.00	6182.51
1090	2020.11.12 16:00	buy	452	1.02	1.18095	1.17883	1.18625	0.00	6182.51
1091	2020.11.12 16:29	s/l	452	1.02	1.17883	1.17883	1.18625	-216.24	5966.27
1092	2020.11.19 10:30	sell	453	0.34	1.18360	1.18534	1.17925	0.00	5966.27
1093	2020.11.19 20:55	s/l	453	0.34	1.18534	1.18534	1.17925	-59.16	5907.11
1094	2020.11.25 15:00	buy	454	0.73	1.18959	1.18799	1.19359	0.00	5907.11
1095	2020.11.25 17:39	modify	454	0.73	1.18959	1.18969	1.19359	0.00	5907.11
1096	2020.11.26 08:23	t/p	454	0.73	1.19359	1.18969	1.19359	273.73	6180.84
1097	2020.12.01 15:30	buy	455	2.15	1.19823	1.19622	1.20326	0.00	6180.84
1098	2020.12.01 17:17	modify	455	2.15	1.19823	1.19833	1.20326	0.00	6180.84
1099	2020.12.01 17:49	t/p	455	2.15	1.20326	1.19833	1.20326	1081.45	7262.29
1100	2020.12.15 16:30	buy	456	1.52	1.21529	1.21338	1.22007	0.00	7262.29
1101	2020.12.16 10:30	modify	456	1.52	1.21529	1.21539	1.22007	0.00	7262.29
1102	2020.12.16 10:34	t/p	456	1.52	1.22007	1.21539	1.22007	713.88	7976.17
1103	2020.12.22 10:00	sell	457	2.11	1.22167	1.22318	1.21790	0.00	7976.17
1104	2020.12.22 12:52	s/l	457	2.11	1.22318	1.22318	1.21790	-318.61	7657.56
1105	2020.12.23 10:15	sell	458	0.80	1.21838	1.22029	1.21361	0.00	7657.56
1106	2020.12.23 16:30	s/l	458	0.80	1.22029	1.22029	1.21361	-152.80	7504.76
1107	2020.12.28 15:15	buy	459	0.80	1.22187	1.22001	1.22652	0.00	7504.76
1108	2020.12.29 09:12	modify	459	0.80	1.22187	1.22197	1.22652	0.00	7504.76
1109	2020.12.29 16:48	t/p	459	0.80	1.22652	1.22197	1.22652	365.32	7870.08
1110	2020.12.31 11:00	buy	460	1.68	1.23012	1.22849	1.23420	0.00	7870.08
1111	2020.12.31 11:15	s/l	460	1.68	1.22849	1.22849	1.23420	-273.84	7596.24
1112	2021.01.05 10:15	buy	461	0.91	1.22697	1.22531	1.23112	0.00	7596.24
1113	2021.01.05 18:45	modify	461	0.91	1.22697	1.22707	1.23112	0.00	7596.24
1114	2021.01.06 02:50	t/p	461	0.91	1.23112	1.22707	1.23112	370.06	7966.30
1115	2021.01.21 11:30	buy	462	1.27	1.21412	1.21193	1.21960	0.00	7966.30
1116	2021.01.22 02:14	modify	462	1.27	1.21412	1.21422	1.21960	0.00	7966.30
1117	2021.01.25 12:00	s/l	462	1.27	1.21422	1.21422	1.21960	-8.49	7957.81
1118	2021.01.28 15:15	sell	463	0.35	1.20907	1.21129	1.20352	0.00	7957.81
1119	2021.01.28 15:50	s/l	463	0.35	1.21129	1.21129	1.20352	-77.70	7880.11
1120	2021.02.02 11:45	sell	464	0.77	1.20683	1.20886	1.20176	0.00	7880.11
1121	2021.02.02 12:16	modify	464	0.77	1.20683	1.20673	1.20176	0.00	7880.11
1122	2021.02.02 19:01	t/p	464	0.77	1.20176	1.20673	1.20176	390.39	8270.50
1123	2021.02.08 09:45	buy	465	3.64	1.20459	1.20300	1.20857	0.00	8270.50
1124	2021.02.08 10:29	s/l	465	3.64	1.20300	1.20300	1.20857	-578.76	7691.74
1125	2021.02.08 15:45	buy	466	0.83	1.20367	1.20182	1.20830	0.00	7691.74
1126	2021.02.08 17:05	modify	466	0.83	1.20367	1.20377	1.20830	0.00	7691.74
1127	2021.02.08 18:21	s/l	466	0.83	1.20377	1.20377	1.20830	8.30	7700.04
1128	2021.02.22 10:15	buy	467	3.26	1.21199	1.21034	1.21612	0.00	7700.04
1129	2021.02.22 10:27	s/l	467	3.26	1.21034	1.21034	1.21612	-537.90	7162.14
1130	2021.04.15 16:30	buy	468	0.40	1.19716	1.19541	1.20154	0.00	7162.14
1131	2021.04.16 04:04	s/l	468	0.40	1.19541	1.19541	1.20154	-73.34	7088.80
1132	2021.04.21 16:15	sell	469	0.93	1.20019	1.20171	1.19639	0.00	7088.80
1133	2021.04.21 17:26	s/l	469	0.93	1.20171	1.20171	1.19639	-141.36	6947.44
1134	2021.05.13 11:30	sell	470	0.37	1.20814	1.20997	1.20357	0.00	6947.44
1135	2021.05.13 11:50	modify	470	0.37	1.20814	1.20804	1.20357	0.00	6947.44
1136	2021.05.13 14:23	s/l	470	0.37	1.20804	1.20804	1.20357	3.70	6951.14
1137	2021.05.27 09:30	sell	471	1.38	1.21872	1.22048	1.21432	0.00	6951.14
1138	2021.05.27 10:17	s/l	471	1.38	1.22048	1.22048	1.21432	-242.88	6708.26
1139	2021.05.27 16:00	sell	472	0.37	1.21861	1.22041	1.21411	0.00	6708.26
1140	2021.05.27 17:17	s/l	472	0.37	1.22041	1.22041	1.21411	-66.60	6641.66
1141	2021.05.31 15:00	buy	473	0.86	1.21993	1.21839	1.22378	0.00	6641.66
1142	2021.05.31 17:55	modify	473	0.86	1.21993	1.22003	1.22378	0.00	6641.66
1143	2021.06.01 10:30	t/p	473	0.86	1.22378	1.22003	1.22378	323.92	6965.58
1144	2021.06.23 10:45	buy	474	1.97	1.19343	1.19096	1.19961	0.00	6965.58
1145	2021.06.25 16:56	modify	474	1.97	1.19343	1.19353	1.19961	0.00	6965.58
1146	2021.06.25 19:29	s/l	474	1.97	1.19353	1.19353	1.19961	-46.05	6919.53
1147	2021.07.05 09:45	buy	475	0.87	1.18658	1.18499	1.19056	0.00	6919.53
1148	2021.07.06 09:04	modify	475	0.87	1.18658	1.18668	1.19056	0.00	6919.53
1149	2021.07.06 11:07	s/l	475	0.87	1.18668	1.18668	1.19056	1.44	6920.97
1150	2021.07.07 16:00	sell	476	2.17	1.18159	1.18382	1.17602	0.00	6920.97
1151	2021.07.07 17:32	modify	476	2.17	1.18159	1.18149	1.17602	0.00	6920.97
1152	2021.07.07 21:02	s/l	476	2.17	1.18149	1.18149	1.17602	21.70	6942.67
1153	2021.07.20 15:15	sell	477	1.39	1.17749	1.17948	1.17252	0.00	6942.67
1154	2021.07.21 17:40	s/l	477	1.39	1.17948	1.17948	1.17252	-273.08	6669.59
1155	2021.08.05 15:30	sell	478	0.38	1.18418	1.18592	1.17983	0.00	6669.59
1156	2021.08.06 11:23	modify	478	0.38	1.18418	1.18408	1.17983	0.00	6669.59
1157	2021.08.06 15:30	t/p	478	0.38	1.17983	1.18408	1.17983	166.26	6835.85
1158	2021.08.25 16:15	buy	479	2.47	1.17433	1.17240	1.17916	0.00	6835.85
1159	2021.08.25 21:13	modify	479	2.47	1.17433	1.17443	1.17916	0.00	6835.85
1160	2021.08.27 03:35	s/l	479	2.47	1.17443	1.17443	1.17916	-57.74	6778.11
1161	2021.09.01 15:30	buy	480	0.89	1.18263	1.18112	1.18641	0.00	6778.11
1162	2021.09.01 17:45	modify	480	0.89	1.18263	1.18273	1.18641	0.00	6778.11
1163	2021.09.02 17:38	t/p	480	0.89	1.18641	1.18273	1.18641	314.14	7092.25
1164	2021.09.23 15:45	buy	481	1.34	1.17305	1.17121	1.17765	0.00	7092.25
1165	2021.09.24 15:32	s/l	481	1.34	1.17121	1.17121	1.17765	-257.74	6834.51
1166	2021.09.27 14:30	sell	482	0.88	1.16971	1.17125	1.16586	0.00	6834.51
1167	2021.09.28 10:10	modify	482	0.88	1.16971	1.16961	1.16586	0.00	6834.51
1168	2021.09.28 17:15	s/l	482	0.88	1.16961	1.16961	1.16586	11.03	6845.54
1169	2021.10.05 16:15	sell	483	2.85	1.15887	1.16055	1.15467	0.00	6845.54
1170	2021.10.05 18:13	s/l	483	2.85	1.16055	1.16055	1.15467	-478.80	6366.74
1171	2021.10.25 10:45	buy	484	0.53	1.16630	1.16392	1.17225	0.00	6366.74
1172	2021.10.25 12:18	s/l	484	0.53	1.16392	1.16392	1.17225	-126.14	6240.60
1173	2021.11.04 16:00	sell	485	0.31	1.15534	1.15731	1.15042	0.00	6240.60
1174	2021.11.05 14:30	modify	485	0.31	1.15534	1.15524	1.15042	0.00	6240.60
1175	2021.11.05 17:39	s/l	485	0.31	1.15524	1.15524	1.15042	3.89	6244.49
1176	2021.11.08 10:45	buy	486	2.10	1.15691	1.15483	1.16211	0.00	6244.49
1177	2021.11.09 07:05	modify	486	2.10	1.15691	1.15701	1.16211	0.00	6244.49
1178	2021.11.09 15:01	s/l	486	2.10	1.15701	1.15701	1.16211	3.48	6247.97
1179	2021.11.15 15:00	sell	487	1.59	1.14409	1.14566	1.14017	0.00	6247.97
1180	2021.11.15 18:02	modify	487	1.59	1.14409	1.14399	1.14017	0.00	6247.97
1181	2021.11.15 19:24	t/p	487	1.59	1.14017	1.14399	1.14017	623.28	6871.25
1182	2021.11.18 16:30	buy	488	0.83	1.13411	1.13247	1.13821	0.00	6871.25
1183	2021.11.18 19:04	modify	488	0.83	1.13411	1.13421	1.13821	0.00	6871.25
1184	2021.11.19 10:01	s/l	488	0.83	1.13421	1.13421	1.13821	1.37	6872.62
1185	2021.12.01 15:30	buy	489	1.39	1.13284	1.13087	1.13777	0.00	6872.62
1186	2021.12.02 09:56	s/l	489	1.39	1.13087	1.13087	1.13777	-308.62	6564.00
1187	2021.12.02 10:45	buy	490	0.40	1.13242	1.13080	1.13647	0.00	6564.00
1188	2021.12.02 18:20	s/l	490	0.40	1.13080	1.13080	1.13647	-64.80	6499.20
1189	2021.12.27 14:15	sell	491	0.80	1.13070	1.13231	1.12668	0.00	6499.20
1190	2021.12.27 16:38	s/l	491	0.80	1.13231	1.13231	1.12668	-128.80	6370.40
1191	2021.12.27 16:38	buy	492	0.78	1.13232	1.13070	1.13637	0.00	6370.40
1192	2021.12.28 16:41	s/l	492	0.78	1.13070	1.13070	1.13637	-132.87	6237.53
1193	2022.01.03 15:30	buy	493	0.73	1.13631	1.13461	1.14056	0.00	6237.53
1194	2022.01.03 15:51	s/l	493	0.73	1.13461	1.13461	1.14056	-124.10	6113.43
1195	2022.01.03 15:51	sell	494	0.61	1.13461	1.13660	1.12964	0.00	6113.43
1196	2022.01.03 16:50	modify	494	0.61	1.13461	1.13451	1.12964	0.00	6113.43
1197	2022.01.03 17:27	t/p	494	0.61	1.12964	1.13451	1.12964	303.17	6416.60
1198	2022.01.05 15:15	buy	495	0.83	1.13182	1.13029	1.13565	0.00	6416.60
1199	2022.01.05 17:01	modify	495	0.83	1.13182	1.13192	1.13565	0.00	6416.60
1200	2022.01.05 21:09	s/l	495	0.83	1.13192	1.13192	1.13565	8.30	6424.90
1201	2022.01.06 16:45	buy	496	1.05	1.13256	1.13043	1.13789	0.00	6424.90
1202	2022.01.06 17:26	s/l	496	1.05	1.13043	1.13043	1.13789	-223.65	6201.25
1203	2022.01.20 16:30	sell	497	0.37	1.13429	1.13596	1.13012	0.00	6201.25
1204	2022.01.20 20:37	modify	497	0.37	1.13429	1.13419	1.13012	0.00	6201.25
1205	2022.01.21 03:03	t/p	497	0.37	1.13012	1.13419	1.13012	155.23	6356.48
1206	2022.02.08 15:15	sell	498	2.41	1.14073	1.14257	1.13613	0.00	6356.48
1207	2022.02.09 04:02	s/l	498	2.41	1.14257	1.14257	1.13613	-437.33	5919.15
1208	2022.02.09 15:45	buy	499	0.68	1.14450	1.14278	1.14880	0.00	5919.15
1209	2022.02.09 16:24	s/l	499	0.68	1.14278	1.14278	1.14880	-116.96	5802.19
1210	2022.02.16 16:45	buy	500	0.61	1.13702	1.13512	1.14177	0.00	5802.19
1211	2022.02.17 05:55	s/l	500	0.61	1.13512	1.13512	1.14177	-131.17	5671.02
1212	2022.02.17 08:45	sell	501	0.26	1.13546	1.13760	1.13011	0.00	5671.02
1213	2022.02.17 10:00	s/l	501	0.26	1.13760	1.13760	1.13011	-55.64	5615.38
1214	2022.02.17 10:00	buy	502	0.26	1.13760	1.13551	1.14283	0.00	5615.38
1215	2022.02.17 10:28	s/l	502	0.26	1.13551	1.13551	1.14283	-54.34	5561.04
1216	2022.03.09 10:15	buy	503	0.54	1.09293	1.09089	1.09803	0.00	5561.04
1217	2022.03.09 11:27	modify	503	0.54	1.09293	1.09303	1.09803	0.00	5561.04
1218	2022.03.09 12:06	t/p	503	0.54	1.09803	1.09303	1.09803	275.40	5836.44
1219	2022.03.29 09:45	buy	504	1.87	1.10025	1.09807	1.10570	0.00	5836.44
1220	2022.03.29 11:53	s/l	504	1.87	1.09807	1.09807	1.10570	-407.66	5428.78
1221	2022.04.07 10:15	sell	505	0.31	1.09124	1.09298	1.08689	0.00	5428.78
1222	2022.04.07 11:11	modify	505	0.31	1.09124	1.09114	1.08689	0.00	5428.78
1223	2022.04.07 12:20	t/p	505	0.31	1.08689	1.09114	1.08689	134.85	5563.63
1224	2022.04.11 09:30	sell	506	2.37	1.08789	1.08953	1.08379	0.00	5563.63
1225	2022.04.11 10:26	s/l	506	2.37	1.08953	1.08953	1.08379	-388.68	5174.95
1226	2022.04.13 09:30	sell	507	0.53	1.08275	1.08469	1.07790	0.00	5174.95
1227	2022.04.13 14:32	s/l	507	0.53	1.08469	1.08469	1.07790	-102.82	5072.13
1228	2022.04.13 15:00	sell	508	0.55	1.08313	1.08497	1.07853	0.00	5072.13
1229	2022.04.13 18:02	s/l	508	0.55	1.08497	1.08497	1.07853	-101.20	4970.93
1230	2022.04.19 16:15	sell	509	0.65	1.07876	1.08028	1.07496	0.00	4970.93
1231	2022.04.19 16:43	s/l	509	0.65	1.08028	1.08028	1.07496	-98.80	4872.13
1232	2022.04.19 16:43	buy	510	0.51	1.08029	1.07840	1.08502	0.00	4872.13
1233	2022.04.19 18:02	s/l	510	0.51	1.07840	1.07840	1.08502	-96.39	4775.74
1234	2022.04.20 11:30	buy	511	0.61	1.08193	1.08037	1.08583	0.00	4775.74
1235	2022.04.20 12:09	modify	511	0.61	1.08193	1.08203	1.08583	0.00	4775.74
1236	2022.04.20 12:38	t/p	511	0.61	1.08583	1.08203	1.08583	237.90	5013.64
1237	2022.04.21 08:15	buy	512	0.98	1.08450	1.08272	1.08895	0.00	5013.64
1238	2022.04.21 09:30	modify	512	0.98	1.08450	1.08460	1.08895	0.00	5013.64
1239	2022.04.21 09:41	t/p	512	0.98	1.08895	1.08460	1.08895	436.10	5449.74
1240	2022.05.03 08:00	sell	513	0.88	1.05017	1.05263	1.04402	0.00	5449.74
1241	2022.05.03 10:36	s/l	513	0.88	1.05263	1.05263	1.04402	-216.48	5233.26
1242	2022.05.04 15:30	buy	514	0.52	1.05412	1.05213	1.05910	0.00	5233.26
1243	2022.05.04 21:01	modify	514	0.52	1.05412	1.05422	1.05910	0.00	5233.26
1244	2022.05.04 21:10	s/l	514	0.52	1.05422	1.05422	1.05910	5.20	5238.46
1245	2022.05.18 15:15	buy	515	1.89	1.05222	1.05029	1.05705	0.00	5238.46
1246	2022.05.18 17:31	s/l	515	1.89	1.05029	1.05029	1.05705	-364.77	4873.69
1247	2022.05.26 10:45	buy	516	0.24	1.06934	1.06734	1.07434	0.00	4873.69
1248	2022.05.26 18:13	modify	516	0.24	1.06934	1.06944	1.07434	0.00	4873.69
1249	2022.05.27 04:33	t/p	516	0.24	1.07434	1.06944	1.07434	118.00	4991.69
1250	2022.06.01 16:45	sell	517	1.76	1.07130	1.07328	1.06635	0.00	4991.69
1251	2022.06.01 17:04	modify	517	1.76	1.07130	1.07120	1.06635	0.00	4991.69
1252	2022.06.01 17:18	t/p	517	1.76	1.06635	1.07120	1.06635	871.20	5862.89
1253	2022.06.08 11:45	sell	518	1.16	1.06769	1.06970	1.06267	0.00	5862.89
1254	2022.06.08 12:30	s/l	518	1.16	1.06970	1.06970	1.06267	-233.16	5629.73
1255	2022.06.21 09:45	buy	519	0.73	1.05279	1.05126	1.05662	0.00	5629.73
1256	2022.06.21 10:16	modify	519	0.73	1.05279	1.05289	1.05662	0.00	5629.73
1257	2022.06.21 11:19	t/p	519	0.73	1.05662	1.05289	1.05662	279.59	5909.32
1258	2022.06.22 16:00	buy	520	2.29	1.05310	1.05130	1.05760	0.00	5909.32
1259	2022.06.22 16:41	modify	520	2.29	1.05310	1.05320	1.05760	0.00	5909.32
1260	2022.06.22 17:37	t/p	520	2.29	1.05760	1.05320	1.05760	1030.50	6939.82
1261	2022.06.27 10:00	buy	521	1.71	1.05686	1.05524	1.06091	0.00	6939.82
1262	2022.06.27 17:48	modify	521	1.71	1.05686	1.05696	1.06091	0.00	6939.82
1263	2022.06.27 18:15	t/p	521	1.71	1.06091	1.05696	1.06091	692.55	7632.37
1264	2022.06.28 11:30	buy	522	1.98	1.05880	1.05726	1.06265	0.00	7632.37
1265	2022.06.28 14:52	s/l	522	1.98	1.05726	1.05726	1.06265	-304.92	7327.45
1266	2022.07.13 10:00	sell	523	0.95	1.00335	1.00488	0.99953	0.00	7327.45
1267	2022.07.13 10:00	s/l	523	0.95	1.00488	1.00488	0.99953	-145.35	7182.10
1268	2022.07.19 08:15	buy	524	0.75	1.01413	1.01223	1.01888	0.00	7182.10
1269	2022.07.19 10:00	modify	524	0.75	1.01413	1.01423	1.01888	0.00	7182.10
1270	2022.07.19 10:29	t/p	524	0.75	1.01888	1.01423	1.01888	356.25	7538.35
1271	2022.08.01 09:45	buy	525	3.40	1.02270	1.02115	1.02658	0.00	7538.35
1272	2022.08.01 11:33	modify	525	3.40	1.02270	1.02280	1.02658	0.00	7538.35
1273	2022.08.01 11:41	t/p	525	3.40	1.02658	1.02280	1.02658	1319.20	8857.55
1274	2022.08.03 16:15	sell	526	1.79	1.01762	1.01959	1.01270	0.00	8857.55
1275	2022.08.03 17:01	modify	526	1.79	1.01762	1.01752	1.01270	0.00	8857.55
1276	2022.08.03 17:35	t/p	526	1.79	1.01270	1.01752	1.01270	880.68	9738.23
1277	2022.08.08 14:15	buy	527	1.84	1.01999	1.01788	1.02527	0.00	9738.23
1278	2022.08.09 11:30	modify	527	1.84	1.01999	1.02009	1.02527	0.00	9738.23
1279	2022.08.10 14:53	t/p	527	1.84	1.02527	1.02009	1.02527	940.81	10679.04
1280	2022.08.11 09:15	buy	528	1.36	1.02897	1.02741	1.03287	0.00	10679.04
1281	2022.08.11 09:58	modify	528	1.36	1.02897	1.02907	1.03287	0.00	10679.04
1282	2022.08.11 10:33	t/p	528	1.36	1.03287	1.02907	1.03287	530.40	11209.44
1283	2022.08.17 09:15	sell	529	2.91	1.01733	1.01887	1.01348	0.00	11209.44
1284	2022.08.17 10:20	modify	529	2.91	1.01733	1.01723	1.01348	0.00	11209.44
1285	2022.08.17 11:27	s/l	529	2.91	1.01723	1.01723	1.01348	29.10	11238.54
1286	2022.08.17 14:30	sell	530	2.28	1.01597	1.01794	1.01105	0.00	11238.54
1287	2022.08.17 17:04	s/l	530	2.28	1.01794	1.01794	1.01105	-449.16	10789.38
1288	2022.08.18 09:00	sell	531	0.66	1.01644	1.01806	1.01239	0.00	10789.38
1289	2022.08.18 13:09	s/l	531	0.66	1.01806	1.01806	1.01239	-106.92	10682.46
1290	2022.08.18 15:45	sell	532	0.45	1.01654	1.01889	1.01067	0.00	10682.46
1291	2022.08.18 16:45	modify	532	0.45	1.01654	1.01644	1.01067	0.00	10682.46
1292	2022.08.18 19:17	t/p	532	0.45	1.01067	1.01644	1.01067	264.15	10946.61
1293	2022.08.24 09:00	sell	533	4.14	0.99430	0.99615	0.98968	0.00	10946.61
1294	2022.08.24 15:45	modify	533	4.14	0.99430	0.99420	0.98968	0.00	10946.61
1295	2022.08.24 17:46	s/l	533	4.14	0.99420	0.99420	0.98968	41.40	10988.01
1296	2022.10.17 10:15	buy	534	2.44	0.97468	0.97288	0.97918	0.00	10988.01
1297	2022.10.17 11:32	s/l	534	2.44	0.97288	0.97288	0.97918	-439.20	10548.81
1298	2022.10.25 11:15	buy	535	0.94	0.98730	0.98507	0.99288	0.00	10548.81
1299	2022.10.25 14:05	s/l	535	0.94	0.98507	0.98507	0.99288	-209.62	10339.19
1300	2022.10.25 16:00	buy	536	1.00	0.98748	0.98542	0.99263	0.00	10339.19
1301	2022.10.25 16:16	modify	536	1.00	0.98748	0.98758	0.99263	0.00	10339.19
1302	2022.10.25 16:24	t/p	536	1.00	0.99263	0.98758	0.99263	515.00	10854.19
1303	2022.11.01 11:15	sell	537	3.36	0.99183	0.99409	0.98618	0.00	10854.19
1304	2022.11.01 12:26	s/l	537	3.36	0.99409	0.99409	0.98618	-759.36	10094.83
1305	2022.11.17 09:45	buy	538	0.53	1.03868	1.03681	1.04336	0.00	10094.83
1306	2022.11.17 11:34	s/l	538	0.53	1.03681	1.03681	1.04336	-99.11	9995.72
1307	2022.12.06 10:30	sell	539	0.89	1.04892	1.05116	1.04332	0.00	9995.72
1308	2022.12.06 13:20	s/l	539	0.89	1.05116	1.05116	1.04332	-199.36	9796.36
1309	2022.12.08 11:00	buy	540	0.59	1.05268	1.05104	1.05678	0.00	9796.36
1310	2022.12.08 11:20	s/l	540	0.59	1.05104	1.05104	1.05678	-96.76	9699.60
1311	2022.12.08 11:20	sell	541	0.51	1.05104	1.05294	1.04629	0.00	9699.60
1312	2022.12.08 15:36	s/l	541	0.51	1.05294	1.05294	1.04629	-96.90	9602.70
1313	2022.12.13 08:00	buy	542	1.09	1.05518	1.05342	1.05958	0.00	9602.70
1314	2022.12.13 10:49	s/l	542	1.09	1.05342	1.05342	1.05958	-191.84	9410.86
1315	2022.12.15 08:30	buy	543	0.61	1.06600	1.06447	1.06983	0.00	9410.86
1316	2022.12.15 09:44	s/l	543	0.61	1.06447	1.06447	1.06983	-93.33	9317.53
1317	2022.12.15 09:44	sell	544	0.50	1.06446	1.06629	1.05989	0.00	9317.53
1318	2022.12.15 11:00	modify	544	0.50	1.06446	1.06436	1.05989	0.00	9317.53
1319	2022.12.15 15:16	s/l	544	0.50	1.06436	1.06436	1.05989	5.00	9322.53
1320	2022.12.21 11:00	buy	545	0.93	1.06346	1.06147	1.06844	0.00	9322.53
1321	2022.12.21 11:37	s/l	545	0.93	1.06147	1.06147	1.06844	-185.07	9137.46
1322	2022.12.21 11:37	sell	546	0.76	1.06147	1.06387	1.05547	0.00	9137.46
1323	2022.12.21 15:09	s/l	546	0.76	1.06387	1.06387	1.05547	-182.40	8955.06
1324	2022.12.22 11:45	buy	547	0.59	1.06419	1.06269	1.06794	0.00	8955.06
1325	2022.12.22 13:00	s/l	547	0.59	1.06269	1.06269	1.06794	-88.50	8866.56
1326	2022.12.22 15:00	buy	548	0.39	1.06371	1.06147	1.06931	0.00	8866.56
1327	2022.12.22 15:34	s/l	548	0.39	1.06147	1.06147	1.06931	-87.36	8779.20
1328	2022.12.26 15:15	buy	549	1.10	1.06300	1.06141	1.06698	0.00	8779.20
1329	2022.12.27 04:01	modify	549	1.10	1.06300	1.06310	1.06698	0.00	8779.20
1330	2022.12.27 15:00	s/l	549	1.10	1.06310	1.06310	1.06698	1.82	8781.02
1331	2022.12.28 16:30	buy	550	2.74	1.06541	1.06317	1.07101	0.00	8781.02
1332	2022.12.28 17:36	s/l	550	2.74	1.06317	1.06317	1.07101	-613.76	8167.26
1333	2023.01.04 15:30	buy	551	0.78	1.06138	1.05929	1.06661	0.00	8167.26
1334	2023.01.04 17:04	s/l	551	0.78	1.05929	1.05929	1.06661	-163.02	8004.24
1335	2023.01.05 08:15	buy	552	0.40	1.06197	1.06001	1.06687	0.00	8004.24
1336	2023.01.05 09:44	s/l	552	0.40	1.06001	1.06001	1.06687	-78.40	7925.84
1337	2023.01.05 09:44	sell	553	0.50	1.06000	1.06157	1.05608	0.00	7925.84
1338	2023.01.05 10:02	s/l	553	0.50	1.06157	1.06157	1.05608	-78.50	7847.34
1339	2023.01.11 11:30	buy	554	0.67	1.07468	1.07235	1.08051	0.00	7847.34
1340	2023.01.12 15:28	modify	554	0.67	1.07468	1.07478	1.08051	0.00	7847.34
1341	2023.01.12 15:28	t/p	554	0.67	1.08051	1.07478	1.08051	373.84	8221.18
1342	2023.01.17 09:45	buy	555	3.59	1.08260	1.08100	1.08660	0.00	8221.18
1343	2023.01.17 12:28	s/l	555	3.59	1.08100	1.08100	1.08660	-574.40	7646.78
1344	2023.01.17 12:28	buy	556	44.60	1.08102	1.08090	1.08132	0.00	7646.78
1345	2023.01.17 12:30	modify	556	44.60	1.08102	1.08112	1.08132	0.00	7646.78
1346	2023.01.17 12:31	s/l	556	44.60	1.08112	1.08112	1.08132	446.00	8092.78
1347	2023.01.24 15:00	sell	557	0.87	1.08598	1.08784	1.08133	0.00	8092.78
1348	2023.01.24 15:26	s/l	557	0.87	1.08784	1.08784	1.08133	-161.82	7930.96
1349	2023.01.30 09:30	sell	558	1.05	1.08567	1.08718	1.08190	0.00	7930.96
1350	2023.01.30 10:00	s/l	558	1.05	1.08718	1.08718	1.08190	-158.55	7772.41
1351	2023.01.30 10:00	buy	559	0.75	1.08718	1.08511	1.09236	0.00	7772.41
1352	2023.01.30 11:49	modify	559	0.75	1.08718	1.08728	1.09236	0.00	7772.41
1353	2023.01.30 17:54	s/l	559	0.75	1.08728	1.08728	1.09236	7.50	7779.91
1354	2023.02.08 15:00	sell	560	0.88	1.07338	1.07513	1.06901	0.00	7779.91
1355	2023.02.09 10:23	s/l	560	0.88	1.07513	1.07513	1.06901	-147.30	7632.61
1356	2023.02.15 14:00	sell	561	1.00	1.07111	1.07263	1.06731	0.00	7632.61
1357	2023.02.15 15:30	modify	561	1.00	1.07111	1.07101	1.06731	0.00	7632.61
1358	2023.02.15 16:23	t/p	561	1.00	1.06731	1.07101	1.06731	380.00	8012.61
1359	2023.02.16 10:30	buy	562	1.49	1.07194	1.07007	1.07662	0.00	8012.61
1360	2023.02.16 10:54	s/l	562	1.49	1.07007	1.07007	1.07662	-278.63	7733.98
1361	2023.02.20 15:45	buy	563	0.90	1.06855	1.06684	1.07283	0.00	7733.98
1362	2023.02.21 03:13	s/l	563	0.90	1.06684	1.06684	1.07283	-161.41	7572.57
1363	2023.02.21 16:00	sell	564	0.80	1.06529	1.06716	1.06062	0.00	7572.57
1364	2023.02.21 16:35	s/l	564	0.80	1.06716	1.06716	1.06062	-149.60	7422.97
1365	2023.02.21 16:35	buy	565	0.67	1.06717	1.06497	1.07267	0.00	7422.97
1366	2023.02.21 16:45	s/l	565	0.67	1.06497	1.06497	1.07267	-147.40	7275.57
1367	2023.02.23 09:30	sell	566	0.42	1.06124	1.06296	1.05694	0.00	7275.57
1368	2023.02.23 13:22	modify	566	0.42	1.06124	1.06114	1.05694	0.00	7275.57
1369	2023.02.23 14:29	s/l	566	0.42	1.06114	1.06114	1.05694	4.20	7279.77
1370	2023.03.09 16:00	buy	567	1.07	1.05744	1.05506	1.06339	0.00	7279.77
1371	2023.03.10 15:30	modify	567	1.07	1.05744	1.05754	1.06339	0.00	7279.77
1372	2023.03.10 15:42	t/p	567	1.07	1.06339	1.05754	1.06339	627.72	7907.49
1373	2023.03.14 11:45	buy	568	1.80	1.07069	1.06894	1.07507	0.00	7907.49
1374	2023.03.14 14:30	modify	568	1.80	1.07069	1.07079	1.07507	0.00	7907.49
1375	2023.03.14 14:35	s/l	568	1.80	1.07079	1.07079	1.07507	18.00	7925.49
1376	2023.03.16 11:30	sell	569	0.77	1.06092	1.06296	1.05582	0.00	7925.49
1377	2023.03.16 14:43	modify	569	0.77	1.06092	1.06082	1.05582	0.00	7925.49
1378	2023.03.16 15:15	s/l	569	0.77	1.06082	1.06082	1.05582	7.70	7933.19
1379	2023.03.27 10:30	sell	570	1.42	1.07620	1.07842	1.07065	0.00	7933.19
1380	2023.03.27 16:24	s/l	570	1.42	1.07842	1.07842	1.07065	-315.24	7617.95
1381	2023.03.27 16:24	buy	571	1.67	1.07842	1.07660	1.08297	0.00	7617.95
1382	2023.03.28 03:38	modify	571	1.67	1.07842	1.07852	1.08297	0.00	7617.95
1383	2023.03.28 10:37	t/p	571	1.67	1.08297	1.07852	1.08297	745.92	8363.86
1384	2023.03.29 16:00	buy	572	0.98	1.08539	1.08370	1.08962	0.00	8363.86
1385	2023.03.29 16:23	s/l	572	0.98	1.08370	1.08370	1.08962	-165.62	8198.24
1386	2023.04.04 09:30	buy	573	0.87	1.08998	1.08810	1.09468	0.00	8198.24
1387	2023.04.04 10:52	modify	573	0.87	1.08998	1.09008	1.09468	0.00	8198.24
1388	2023.04.04 14:59	s/l	573	0.87	1.09008	1.09008	1.09468	8.70	8206.94
1389	2023.04.05 15:30	buy	574	3.46	1.09522	1.09356	1.09937	0.00	8206.94
1390	2023.04.05 17:10	s/l	574	3.46	1.09356	1.09356	1.09937	-574.36	7632.58
1391	2023.04.10 14:30	sell	575	0.85	1.08936	1.09114	1.08491	0.00	7632.58
1392	2023.04.10 15:09	modify	575	0.85	1.08936	1.08926	1.08491	0.00	7632.58
1393	2023.04.10 15:59	t/p	575	0.85	1.08491	1.08926	1.08491	378.25	8010.83
1394	2023.04.11 10:15	buy	576	3.41	1.08954	1.08790	1.09364	0.00	8010.83
1395	2023.04.11 12:32	modify	576	3.41	1.08954	1.08964	1.09364	0.00	8010.83
1396	2023.04.11 20:12	s/l	576	3.41	1.08964	1.08964	1.09364	34.10	8044.93
1397	2023.04.19 10:45	sell	577	1.96	1.09581	1.09745	1.09171	0.00	8044.93
1398	2023.04.19 12:32	modify	577	1.96	1.09581	1.09571	1.09171	0.00	8044.93
1399	2023.04.19 16:07	s/l	577	1.96	1.09571	1.09571	1.09171	19.60	8064.53
1400	2023.05.02 11:00	sell	578	1.41	1.09858	1.10086	1.09288	0.00	8064.53
1401	2023.05.02 12:58	modify	578	1.41	1.09858	1.09848	1.09288	0.00	8064.53
1402	2023.05.02 17:35	s/l	578	1.41	1.09848	1.09848	1.09288	14.10	8078.63
1403	2023.05.10 11:00	sell	579	1.62	1.09646	1.09845	1.09149	0.00	8078.63
1404	2023.05.10 15:31	s/l	579	1.62	1.09845	1.09845	1.09149	-322.38	7756.25
1405	2023.05.16 16:45	buy	580	0.96	1.08878	1.08717	1.09281	0.00	7756.25
1406	2023.05.16 17:04	s/l	580	0.96	1.08717	1.08717	1.09281	-154.56	7601.69
1407	2023.05.22 09:30	buy	581	0.95	1.08212	1.08053	1.08610	0.00	7601.69
1408	2023.05.22 10:13	s/l	581	0.95	1.08053	1.08053	1.08610	-151.05	7450.64
1409	2023.05.22 10:13	sell	582	0.71	1.08053	1.08262	1.07531	0.00	7450.64
1410	2023.05.22 13:26	s/l	582	0.71	1.08262	1.08262	1.07531	-148.39	7302.25
1411	2023.05.24 16:45	sell	583	0.76	1.07770	1.07961	1.07293	0.00	7302.25
1412	2023.05.25 00:03	modify	583	0.76	1.07770	1.07760	1.07293	0.00	7302.25
1413	2023.05.25 09:08	t/p	583	0.76	1.07293	1.07760	1.07293	368.30	7670.56
1414	2023.06.01 10:30	sell	584	1.64	1.06724	1.06887	1.06317	0.00	7670.56
1415	2023.06.01 12:03	s/l	584	1.64	1.06887	1.06887	1.06317	-267.32	7403.24
1416	2023.06.15 11:00	buy	585	0.35	1.08272	1.08065	1.08790	0.00	7403.24
1417	2023.06.15 15:30	modify	585	0.35	1.08272	1.08282	1.08790	0.00	7403.24
1418	2023.06.15 15:41	t/p	585	0.35	1.08790	1.08282	1.08790	181.30	7584.54
1419	2023.06.21 16:00	buy	586	2.79	1.09252	1.09062	1.09727	0.00	7584.54
1420	2023.06.21 17:35	modify	586	2.79	1.09252	1.09262	1.09727	0.00	7584.54
1421	2023.06.21 19:51	t/p	586	2.79	1.09727	1.09262	1.09727	1325.25	8909.79
1422	2023.07.06 16:30	buy	587	0.76	1.08860	1.08626	1.09445	0.00	8909.79
1423	2023.07.06 17:06	s/l	587	0.76	1.08626	1.08626	1.09445	-177.84	8731.95
1424	2023.07.19 09:15	sell	588	0.89	1.12182	1.12377	1.11695	0.00	8731.95
1425	2023.07.19 12:18	s/l	588	0.89	1.12377	1.12377	1.11695	-173.55	8558.40
1426	2023.07.20 10:45	sell	589	0.40	1.12018	1.12230	1.11488	0.00	8558.40
1427	2023.07.20 17:09	modify	589	0.40	1.12018	1.12008	1.11488	0.00	8558.40
1428	2023.07.20 17:30	t/p	589	0.40	1.11488	1.12008	1.11488	212.00	8770.40
1429	2023.07.24 10:30	sell	590	2.46	1.11241	1.11490	1.10619	0.00	8770.40
1430	2023.07.24 10:32	modify	590	2.46	1.11241	1.11231	1.10619	0.00	8770.40
1431	2023.07.24 22:41	t/p	590	2.46	1.10619	1.11231	1.10619	1530.12	10300.52
1432	2023.07.27 10:15	buy	591	1.00	1.11082	1.10878	1.11592	0.00	10300.52
1433	2023.07.27 11:56	modify	591	1.00	1.11082	1.11092	1.11592	0.00	10300.52
1434	2023.07.27 15:17	s/l	591	1.00	1.11092	1.11092	1.11592	10.00	10310.52
1435	2023.08.02 09:15	sell	592	2.57	1.09833	1.09993	1.09433	0.00	10310.52
1436	2023.08.02 15:40	modify	592	2.57	1.09833	1.09823	1.09433	0.00	10310.52
1437	2023.08.02 17:09	t/p	592	2.57	1.09433	1.09823	1.09433	1028.00	11338.52
1438	2023.08.03 15:30	sell	593	0.99	1.09279	1.09508	1.08707	0.00	11338.52
1439	2023.08.03 15:41	s/l	593	0.99	1.09508	1.09508	1.08707	-226.71	11111.81
1440	2023.08.29 10:30	buy	594	1.25	1.08241	1.08064	1.08684	0.00	11111.81
1441	2023.08.29 12:07	s/l	594	1.25	1.08064	1.08064	1.08684	-221.25	10890.56
1442	2023.09.12 16:00	sell	595	1.37	1.07073	1.07231	1.06678	0.00	10890.56
1443	2023.09.12 18:08	s/l	595	1.37	1.07231	1.07231	1.06678	-216.46	10674.10
1444	2023.09.20 16:15	buy	596	1.11	1.07094	1.06902	1.07574	0.00	10674.10
1445	2023.09.20 21:01	s/l	596	1.11	1.06902	1.06902	1.07574	-213.12	10460.98
1446	2023.09.25 15:00	sell	597	1.38	1.06305	1.06456	1.05928	0.00	10460.98
1447	2023.09.25 16:31	modify	597	1.38	1.06305	1.06295	1.05928	0.00	10460.98
1448	2023.09.25 17:07	t/p	597	1.38	1.05928	1.06295	1.05928	520.26	10981.24
1449	2023.10.10 11:15	buy	598	3.07	1.05824	1.05574	1.06449	0.00	10981.24
1450	2023.10.10 19:03	modify	598	3.07	1.05824	1.05834	1.06449	0.00	10981.24
1451	2023.10.11 15:30	s/l	598	3.07	1.05834	1.05834	1.06449	5.08	10986.32
1452	2023.11.02 10:45	buy	599	1.26	1.06065	1.05891	1.06500	0.00	10986.32
1453	2023.11.02 12:41	modify	599	1.26	1.06065	1.06075	1.06500	0.00	10986.32
1454	2023.11.02 14:14	t/p	599	1.26	1.06500	1.06075	1.06500	548.10	11534.42
1455	2023.11.21 16:15	buy	600	2.57	1.09548	1.09369	1.09996	0.00	11534.42
1456	2023.11.21 17:53	s/l	600	2.57	1.09369	1.09369	1.09996	-460.03	11074.39
1457	2023.11.22 10:30	sell	601	1.04	1.09005	1.09216	1.08478	0.00	11074.39
1458	2023.11.22 17:00	modify	601	1.04	1.09005	1.08995	1.08478	0.00	11074.39
1459	2023.11.23 04:12	s/l	601	1.04	1.08995	1.08995	1.08478	18.31	11092.70
1460	2023.11.28 15:30	buy	602	4.64	1.09600	1.09433	1.10018	0.00	11092.70
1461	2023.11.28 17:04	modify	602	4.64	1.09600	1.09610	1.10018	0.00	11092.70
1462	2023.11.28 17:43	t/p	602	4.64	1.10018	1.09610	1.10018	1939.52	13032.22
1463	2023.12.04 15:45	sell	603	3.19	1.08617	1.08780	1.08210	0.00	13032.22
1464	2023.12.04 16:12	modify	603	3.19	1.08617	1.08607	1.08210	0.00	13032.22
1465	2023.12.04 16:20	t/p	603	3.19	1.08210	1.08607	1.08210	1298.33	14330.55
1466	2024.01.08 10:15	sell	604	3.13	1.09323	1.09506	1.08866	0.00	14330.55
1467	2024.01.08 13:21	s/l	604	3.13	1.09506	1.09506	1.08866	-572.79	13757.76
1468	2024.01.09 11:15	sell	605	1.78	1.09385	1.09539	1.09000	0.00	13757.76
1469	2024.01.09 18:03	modify	605	1.78	1.09385	1.09375	1.09000	0.00	13757.76
1470	2024.01.09 19:27	s/l	605	1.78	1.09375	1.09375	1.09000	17.80	13775.56
1471	2024.01.15 15:15	sell	606	6.30	1.09459	1.09612	1.09077	0.00	13775.56
1472	2024.01.16 02:55	modify	606	6.30	1.09459	1.09449	1.09077	0.00	13775.56
1473	2024.01.16 10:32	t/p	606	6.30	1.09077	1.09449	1.09077	2422.58	16198.14
1474	2024.01.18 11:30	buy	607	1.66	1.08942	1.08747	1.09430	0.00	16198.14
1475	2024.01.18 14:58	s/l	607	1.66	1.08747	1.08747	1.09430	-323.70	15874.44
1476	2024.01.24 11:15	buy	608	1.31	1.08847	1.08606	1.09450	0.00	15874.44
1477	2024.01.24 15:50	modify	608	1.31	1.08847	1.08857	1.09450	0.00	15874.44
1478	2024.01.24 21:19	s/l	608	1.31	1.08857	1.08857	1.09450	13.10	15887.54
1479	2024.02.29 16:15	buy	609	2.85	1.08463	1.08268	1.08951	0.00	15887.54
1480	2024.02.29 17:52	s/l	609	2.85	1.08268	1.08268	1.08951	-555.75	15331.79
1481	2024.04.17 16:15	buy	610	1.96	1.06450	1.06294	1.06840	0.00	15331.79
1482	2024.04.17 20:58	modify	610	1.96	1.06450	1.06460	1.06840	0.00	15331.79
1483	2024.04.18 09:04	t/p	610	1.96	1.06840	1.06460	1.06840	715.34	16047.13
1484	2024.05.29 16:15	sell	611	5.94	1.08387	1.08576	1.07915	0.00	16047.13
1485	2024.05.29 18:31	modify	611	5.94	1.08387	1.08377	1.07915	0.00	16047.13
1486	2024.05.30 08:23	t/p	611	5.94	1.07915	1.08377	1.07915	2848.87	18896.00
1487	2024.07.08 09:45	buy	612	4.72	1.08286	1.08126	1.08686	0.00	18896.00
1488	2024.07.09 14:39	s/l	612	4.72	1.08126	1.08126	1.08686	-794.58	18101.41
1489	2024.07.25 16:30	sell	613	1.09	1.08402	1.08567	1.07990	0.00	18101.41
1490	2024.07.25 17:50	s/l	613	1.09	1.08567	1.08567	1.07990	-179.85	17921.56
1491	2024.07.31 15:30	buy	614	2.05	1.08404	1.08230	1.08839	0.00	17921.56
1492	2024.07.31 17:47	s/l	614	2.05	1.08230	1.08230	1.08839	-356.70	17564.86
1493	2024.08.01 16:15	sell	615	0.82	1.07890	1.08102	1.07360	0.00	17564.86
1494	2024.08.01 17:00	s/l	615	0.82	1.08102	1.08102	1.07360	-173.84	17391.02
1495	2024.08.22 11:15	buy	616	0.84	1.11458	1.11253	1.11971	0.00	17391.02
1496	2024.08.22 16:45	s/l	616	0.84	1.11253	1.11253	1.11971	-172.20	17218.82
1497	2024.08.22 16:45	sell	617	0.82	1.11224	1.11433	1.10702	0.00	17218.82
1498	2024.08.23 17:04	s/l	617	0.82	1.11433	1.11433	1.10702	-169.30	17049.52
1499	2024.08.28 11:30	sell	618	1.98	1.11438	1.11610	1.11008	0.00	17049.52
1500	2024.08.28 14:57	modify	618	1.98	1.11438	1.11428	1.11008	0.00	17049.52
1501	2024.08.29 11:04	t/p	618	1.98	1.11008	1.11428	1.11008	866.46	17915.99
1502	2024.09.24 15:15	buy	619	7.24	1.11373	1.11200	1.11806	0.00	17915.99
1503	2024.09.24 17:28	modify	619	7.24	1.11373	1.11383	1.11806	0.00	17915.99
1504	2024.09.24 23:56	t/p	619	7.24	1.11806	1.11383	1.11806	3134.92	21050.91
1505	2024.09.26 16:15	sell	620	1.82	1.11409	1.11640	1.10832	0.00	21050.91
1506	2024.09.26 17:43	s/l	620	1.82	1.11640	1.11640	1.10832	-420.42	20630.49
1507	2024.10.24 16:15	buy	621	1.32	1.08021	1.07865	1.08411	0.00	20630.49
1508	2024.10.24 21:50	modify	621	1.32	1.08021	1.08031	1.08411	0.00	20630.49
1509	2024.10.25 19:50	s/l	621	1.32	1.08031	1.08031	1.08411	2.19	20632.67
1510	2024.10.30 15:45	buy	622	6.71	1.08308	1.08093	1.08846	0.00	20632.67
1511	2024.10.30 17:44	modify	622	6.71	1.08308	1.08318	1.08846	0.00	20632.67
1512	2024.10.31 14:41	t/p	622	6.71	1.08846	1.08318	1.08846	3442.02	24074.69
1513	2024.10.31 16:30	buy	623	2.18	1.08715	1.08495	1.09265	0.00	24074.69
1514	2024.10.31 17:51	s/l	623	2.18	1.08495	1.08495	1.09265	-479.60	23595.09
1515	2024.11.13 16:30	sell	624	2.27	1.06206	1.06413	1.05689	0.00	23595.09
1516	2024.11.13 16:52	modify	624	2.27	1.06206	1.06196	1.05689	0.00	23595.09
1517	2024.11.13 17:06	t/p	624	2.27	1.05689	1.06196	1.05689	1173.59	24768.68
1518	2024.11.18 15:30	buy	625	9.68	1.05572	1.05393	1.06020	0.00	24768.68
1519	2024.11.18 18:58	modify	625	9.68	1.05572	1.05582	1.06020	0.00	24768.68
1520	2024.11.18 21:06	t/p	625	9.68	1.06020	1.05582	1.06020	4336.64	29105.32
1521	2024.11.21 16:15	sell	626	3.52	1.05245	1.05410	1.04833	0.00	29105.32
1522	2024.11.21 17:08	s/l	626	3.52	1.05410	1.05410	1.04833	-580.80	28524.52
1523	2024.11.26 10:00	sell	627	3.68	1.04719	1.04874	1.04332	0.00	28524.52
1524	2024.11.26 10:21	s/l	627	3.68	1.04874	1.04874	1.04332	-570.40	27954.12
1525	2024.11.28 16:45	buy	628	1.85	1.05445	1.05294	1.05823	0.00	27954.12
1526	2024.11.29 02:36	modify	628	1.85	1.05445	1.05455	1.05823	0.00	27954.12
1527	2024.11.29 09:00	t/p	628	1.85	1.05823	1.05455	1.05823	683.86	28637.98
1528	2024.12.02 09:15	sell	629	9.23	1.05174	1.05391	1.04632	0.00	28637.98
1529	2024.12.02 16:42	modify	629	9.23	1.05174	1.05164	1.04632	0.00	28637.98
1530	2024.12.02 17:02	t/p	629	9.23	1.04632	1.05164	1.04632	5002.66	33640.64
1531	2024.12.03 16:00	buy	630	8.79	1.05244	1.05091	1.05627	0.00	33640.64
1532	2024.12.03 17:00	s/l	630	8.79	1.05091	1.05091	1.05627	-1344.87	32295.77
1533	2024.12.04 10:45	sell	631	3.43	1.04980	1.05168	1.04510	0.00	32295.77
1534	2024.12.04 17:00	s/l	631	3.43	1.05168	1.05168	1.04510	-644.84	31650.93
1535	2024.12.05 11:45	buy	632	2.09	1.05342	1.05191	1.05720	0.00	31650.93
1536	2024.12.05 15:30	modify	632	2.09	1.05342	1.05352	1.05720	0.00	31650.93
1537	2024.12.05 16:00	t/p	632	2.09	1.05720	1.05352	1.05720	790.02	32440.95
1538	2025.01.02 11:45	sell	633	6.92	1.03557	1.03721	1.03147	0.00	32440.95
1539	2025.01.02 12:48	modify	633	6.92	1.03557	1.03547	1.03147	0.00	32440.95
1540	2025.01.02 12:49	t/p	633	6.92	1.03147	1.03547	1.03147	2837.20	35278.15
1541	2025.01.14 16:30	buy	634	5.92	1.02652	1.02414	1.03247	0.00	35278.15
1542	2025.01.14 18:16	modify	634	5.92	1.02652	1.02662	1.03247	0.00	35278.15
1543	2025.01.15 15:30	t/p	634	5.92	1.03247	1.02662	1.03247	3473.00	38751.16
1544	2025.01.27 09:45	buy	635	8.42	1.04703	1.04519	1.05163	0.00	38751.16
1545	2025.01.27 12:05	modify	635	8.42	1.04703	1.04713	1.05163	0.00	38751.16
1546	2025.01.27 13:13	t/p	635	8.42	1.05163	1.04713	1.05163	3873.20	42624.36
1547	2025.01.30 11:15	sell	636	5.22	1.04097	1.04260	1.03690	0.00	42624.36
1548	2025.01.30 15:53	s/l	636	5.22	1.04260	1.04260	1.03690	-850.86	41773.50
1549	2025.02.04 15:15	buy	637	5.42	1.03361	1.03207	1.03746	0.00	41773.50
1550	2025.02.04 16:18	modify	637	5.42	1.03361	1.03371	1.03746	0.00	41773.50
1551	2025.02.04 17:00	t/p	637	5.42	1.03746	1.03371	1.03746	2086.70	43860.20
1552	2025.02.10 14:00	sell	638	19.68	1.03204	1.03360	1.02814	0.00	43860.20
1553	2025.02.11 04:34	modify	638	19.68	1.03204	1.03194	1.02814	0.00	43860.20
1554	2025.02.11 10:57	s/l	638	19.68	1.03194	1.03194	1.02814	246.71	44106.90
1555	2025.02.26 10:30	buy	639	8.95	1.05093	1.04896	1.05586	0.00	44106.90
1556	2025.02.26 13:50	s/l	639	8.95	1.04896	1.04896	1.05586	-1763.15	42343.75
1557	2025.03.12 16:45	buy	640	3.55	1.09028	1.08790	1.09623	0.00	42343.75
1558	2025.03.13 08:07	s/l	640	3.55	1.08790	1.08790	1.09623	-933.76	41409.99
1559	2025.03.13 09:45	sell	641	1.66	1.08621	1.08870	1.07999	0.00	41409.99
1560	2025.03.13 15:12	modify	641	1.66	1.08621	1.08611	1.07999	0.00	41409.99
1561	2025.03.13 16:03	s/l	641	1.66	1.08611	1.08611	1.07999	16.60	41426.59
1562	2025.03.17 15:00	buy	642	17.68	1.09018	1.08854	1.09428	0.00	41426.59
1563	2025.03.17 17:25	modify	642	17.68	1.09018	1.09028	1.09428	0.00	41426.59
1564	2025.03.18 10:11	t/p	642	17.68	1.09428	1.09028	1.09428	7101.28	48527.87
1565	2025.03.19 15:00	sell	643	11.35	1.09014	1.09185	1.08587	0.00	48527.87
1566	2025.03.19 17:58	modify	643	11.35	1.09014	1.09004	1.08587	0.00	48527.87
1567	2025.03.19 20:36	s/l	643	11.35	1.09004	1.09004	1.08587	113.50	48641.37
1568	2025.03.24 14:00	sell	644	10.24	1.08320	1.08510	1.07845	0.00	48641.37
1569	2025.03.24 15:51	modify	644	10.24	1.08320	1.08310	1.07845	0.00	48641.37
1570	2025.03.24 18:41	t/p	644	10.24	1.07845	1.08310	1.07845	4864.00	53505.37
1571	2025.03.25 16:15	sell	645	9.51	1.08051	1.08276	1.07489	0.00	53505.37
1572	2025.03.26 15:29	modify	645	9.51	1.08051	1.08041	1.07489	0.00	53505.37
1573	2025.03.26 21:17	t/p	645	9.51	1.07489	1.08041	1.07489	5368.74	58874.11
1574	2025.03.27 15:45	buy	646	5.52	1.07959	1.07746	1.08492	0.00	58874.11
1575	2025.03.28 11:03	s/l	646	5.52	1.07746	1.07746	1.08492	-1221.82	57652.29
1576	2025.03.31 14:15	buy	647	6.40	1.08255	1.08075	1.08705	0.00	57652.29
1577	2025.03.31 15:42	s/l	647	6.40	1.08075	1.08075	1.08705	-1152.00	56500.29
1578	2025.04.17 10:45	buy	648	2.94	1.13697	1.13505	1.14177	0.00	56500.29
1579	2025.04.17 15:16	s/l	648	2.94	1.13505	1.13505	1.14177	-564.48	55935.81
1580	2025.04.17 15:16	sell	649	2.67	1.13502	1.13711	1.12980	0.00	55935.81
1581	2025.04.17 16:05	s/l	649	2.67	1.13711	1.13711	1.12980	-558.03	55377.78
1582	2025.04.29 10:45	buy	650	5.42	1.14052	1.13848	1.14562	0.00	55377.78
1583	2025.04.29 11:13	s/l	650	5.42	1.13848	1.13848	1.14562	-1105.68	54272.10
1584	2025.04.29 15:30	buy	651	5.83	1.13862	1.13676	1.14327	0.00	54272.10
1585	2025.04.29 16:18	modify	651	5.83	1.13862	1.13872	1.14327	0.00	54272.10
1586	2025.04.29 17:47	s/l	651	5.83	1.13872	1.13872	1.14327	58.30	54330.40
1587	2025.04.30 10:30	sell	652	17.93	1.13797	1.14009	1.13267	0.00	54330.40
1588	2025.04.30 18:21	modify	652	17.93	1.13797	1.13787	1.13267	0.00	54330.40
1589	2025.04.30 18:30	t/p	652	17.93	1.13267	1.13787	1.13267	9502.90	63833.30
1590	2025.05.01 15:00	sell	653	5.59	1.13197	1.13425	1.12627	0.00	63833.30
1591	2025.05.01 17:20	modify	653	5.59	1.13197	1.13187	1.12627	0.00	63833.30
1592	2025.05.02 09:10	s/l	653	5.59	1.13187	1.13187	1.12627	70.08	63903.37
1593	2025.05.14 09:30	buy	654	15.12	1.11946	1.11777	1.12369	0.00	63903.37
1594	2025.05.14 11:03	modify	654	15.12	1.11946	1.11956	1.12369	0.00	63903.37
1595	2025.05.14 11:07	t/p	654	15.12	1.12369	1.11956	1.12369	6395.76	70299.13
1596	2025.05.15 09:30	buy	655	5.71	1.12077	1.11831	1.12692	0.00	70299.13
1597	2025.05.15 14:34	s/l	655	5.71	1.11831	1.11831	1.12692	-1404.66	68894.47
1598	2025.05.22 15:45	sell	656	2.89	1.12926	1.13164	1.12331	0.00	68894.47
1599	2025.05.22 20:28	modify	656	2.89	1.12926	1.12916	1.12331	0.00	68894.47
1600	2025.05.23 03:24	s/l	656	2.89	1.12916	1.12916	1.12331	36.23	68930.70
1601	2025.05.27 09:15	buy	657	21.07	1.13874	1.13645	1.14447	0.00	68930.70
1602	2025.05.27 09:59	s/l	657	21.07	1.13645	1.13645	1.14447	-4825.03	64105.67
1603	2025.05.28 14:00	sell	658	7.63	1.13254	1.13422	1.12834	0.00	64105.67
1604	2025.05.28 16:11	modify	658	7.63	1.13254	1.13244	1.12834	0.00	64105.67
1605	2025.05.29 02:10	t/p	658	7.63	1.12834	1.13244	1.12834	3262.65	67368.32
1606	2025.06.05 10:15	buy	659	15.51	1.14189	1.14037	1.14569	0.00	67368.32
1607	2025.06.05 15:30	modify	659	15.51	1.14189	1.14199	1.14569	0.00	67368.32
1608	2025.06.05 15:50	s/l	659	15.51	1.14199	1.14199	1.14569	155.10	67523.42
1609	2025.06.10 10:00	sell	660	12.16	1.13940	1.14162	1.13385	0.00	67523.42
1610	2025.06.10 12:41	s/l	660	12.16	1.14162	1.14162	1.13385	-2699.52	64823.90
1611	2025.06.16 08:15	buy	661	8.05	1.15458	1.15297	1.15861	0.00	64823.90
1612	2025.06.16 09:51	modify	661	8.05	1.15458	1.15468	1.15861	0.00	64823.90
1613	2025.06.16 16:00	t/p	661	8.05	1.15861	1.15468	1.15861	3244.15	68068.05
1614	2025.06.18 11:30	sell	662	30.74	1.15033	1.15188	1.14646	0.00	68068.05
1615	2025.06.18 17:04	s/l	662	30.74	1.15188	1.15188	1.14646	-4764.70	63303.35
1616	2025.07.09 10:45	sell	663	6.29	1.17098	1.17299	1.16596	0.00	63303.35
1617	2025.07.10 02:39	s/l	663	6.29	1.17299	1.17299	1.16596	-1216.44	62086.92
1618	2025.07.17 09:15	sell	664	3.25	1.16080	1.16271	1.15603	0.00	62086.92
1619	2025.07.17 09:30	modify	664	3.25	1.16080	1.16070	1.15603	0.00	62086.92
1620	2025.07.17 15:30	t/p	664	3.25	1.15603	1.16070	1.15603	1550.25	63637.17
1621	2025.07.22 16:45	buy	665	19.62	1.16990	1.16763	1.17558	0.00	63637.17
1622	2025.07.22 18:16	modify	665	19.62	1.16990	1.17000	1.17558	0.00	63637.17
1623	2025.07.22 19:07	t/p	665	19.62	1.17558	1.17000	1.17558	11144.16	74781.33
1624	2025.08.21 16:45	sell	666	8.30	1.16334	1.16514	1.15884	0.00	74781.33
1625	2025.08.21 17:45	modify	666	8.30	1.16334	1.16324	1.15884	0.00	74781.33
1626	2025.08.22 07:21	t/p	666	8.30	1.15884	1.16324	1.15884	3756.05	78537.38
1627	2025.08.26 09:15	sell	667	19.51	1.16297	1.16458	1.15895	0.00	78537.38
1628	2025.08.26 10:12	modify	667	19.51	1.16297	1.16287	1.15895	0.00	78537.38
1629	2025.08.26 12:12	s/l	667	19.51	1.16287	1.16287	1.15895	195.10	78732.48
1630	2025.09.03 15:45	sell	668	20.85	1.16452	1.16603	1.16075	0.00	78732.48
1631	2025.09.03 17:00	s/l	668	20.85	1.16603	1.16603	1.16075	-3148.35	75584.13
1632	2025.09.29 15:00	buy	669	6.77	1.17293	1.17070	1.17851	0.00	75584.13
1633	2025.10.01 08:00	modify	669	6.77	1.17293	1.17303	1.17851	0.00	75584.13
1634	2025.10.01 13:02	s/l	669	6.77	1.17303	1.17303	1.17851	-45.28	75538.85
1635	2025.10.01 15:15	sell	670	7.99	1.17234	1.17423	1.16762	0.00	75538.85
1636	2025.10.01 15:15	s/l	670	7.99	1.17423	1.17423	1.16762	-1510.11	74028.74
1637	2025.10.01 15:15	buy	671	7.05	1.17423	1.17213	1.17948	0.00	74028.74
1638	2025.10.01 18:20	s/l	671	7.05	1.17213	1.17213	1.17948	-1480.50	72548.24
1639	2025.10.02 10:15	buy	672	3.72	1.17516	1.17321	1.18004	0.00	72548.24
1640	2025.10.02 16:39	s/l	672	3.72	1.17321	1.17321	1.18004	-725.40	71822.84
1641	2025.10.02 16:39	sell	673	5.32	1.17321	1.17456	1.16984	0.00	71822.84
1642	2025.10.02 17:11	modify	673	5.32	1.17321	1.17311	1.16984	0.00	71822.84
1643	2025.10.02 18:15	t/p	673	5.32	1.16984	1.17311	1.16984	1792.84	73615.68
1644	2025.10.09 09:15	sell	674	4.25	1.16299	1.16472	1.15867	0.00	73615.68
1645	2025.10.09 11:35	modify	674	4.25	1.16299	1.16289	1.15867	0.00	73615.68
1646	2025.10.09 17:22	t/p	674	4.25	1.15867	1.16289	1.15867	1836.00	75451.68
1647	2025.10.14 09:30	sell	675	25.76	1.15710	1.15915	1.15198	0.00	75451.68
1648	2025.10.14 17:40	s/l	675	25.76	1.15915	1.15915	1.15198	-5280.80	70170.88
1649	2025.10.15 16:45	buy	676	7.42	1.16272	1.16083	1.16745	0.00	70170.88
1650	2025.10.16 03:27	modify	676	7.42	1.16272	1.16282	1.16745	0.00	70170.88
1651	2025.10.16 04:51	t/p	676	7.42	1.16745	1.16282	1.16745	3323.92	73494.80
1652	2025.10.27 10:45	buy	677	32.15	1.16315	1.16155	1.16715	0.00	73494.80
1653	2025.10.28 02:20	modify	677	32.15	1.16315	1.16325	1.16715	0.00	73494.80
1654	2025.10.28 15:07	s/l	677	32.15	1.16325	1.16325	1.16715	53.24	73548.04
1655	2025.10.28 16:30	buy	678	12.30	1.16557	1.16318	1.17155	0.00	73548.04
1656	2025.10.29 06:55	s/l	678	12.30	1.16318	1.16318	1.17155	-3042.33	70505.71
1657	2025.10.29 06:55	sell	679	35.69	1.16318	1.16397	1.16121	0.00	70505.71
1658	2025.10.29 11:11	modify	679	35.69	1.16318	1.16308	1.16121	0.00	70505.71
1659	2025.10.29 11:32	s/l	679	35.69	1.16308	1.16308	1.16121	356.90	70862.61
1660	2025.11.10 09:45	buy	680	7.42	1.15705	1.15514	1.16183	0.00	70862.61
1661	2025.11.10 17:41	s/l	680	7.42	1.15514	1.15514	1.16183	-1417.22	69445.39
1662	2025.11.19 15:45	sell	681	7.63	1.15749	1.15931	1.15294	0.00	69445.39
1663	2025.11.19 17:10	modify	681	7.63	1.15749	1.15739	1.15294	0.00	69445.39
1664	2025.11.19 19:26	t/p	681	7.63	1.15294	1.15739	1.15294	3471.65	72917.04
1665	2025.12.01 09:30	buy	682	26.86	1.16082	1.15892	1.16557	0.00	72917.04
1666	2025.12.01 14:37	modify	682	26.86	1.16082	1.16092	1.16557	0.00	72917.04
1667	2025.12.01 21:11	s/l	682	26.86	1.16092	1.16092	1.16557	268.60	73185.64
1668	2025.12.16 16:00	buy	683	14.00	1.17758	1.17549	1.18281	0.00	73185.64
1669	2025.12.16 20:07	s/l	683	14.00	1.17549	1.17549	1.18281	-2926.00	70259.64
1670	2025.12.24 11:00	buy	684	6.41	1.17995	1.17776	1.18543	0.00	70259.64
1671	2025.12.24 16:55	s/l	684	6.41	1.17776	1.17776	1.18543	-1403.79	68855.85
1672	2026.01.12 15:15	buy	685	8.19	1.16925	1.16757	1.17345	0.00	68855.85
1673	2026.01.12 16:29	s/l	685	8.19	1.16757	1.16757	1.17345	-1375.92	67479.93
1674	2026.01.12 16:29	sell	686	5.44	1.16757	1.17005	1.16137	0.00	67479.93
1675	2026.01.13 18:14	modify	686	5.44	1.16757	1.16747	1.16137	0.00	67479.93
1676	2026.01.15 15:30	t/p	686	5.44	1.16137	1.16747	1.16137	3441.78	70921.71
1677	2026.01.19 09:15	buy	687	8.24	1.16400	1.16228	1.16830	0.00	70921.71
1678	2026.01.19 10:07	s/l	687	8.24	1.16228	1.16228	1.16830	-1417.28	69504.43
1679	2026.01.19 10:07	sell	688	7.24	1.16228	1.16420	1.15748	0.00	69504.43
1680	2026.01.19 16:49	s/l	688	7.24	1.16420	1.16420	1.15748	-1390.08	68114.35
1681	2026.01.29 15:00	buy	689	3.70	1.19613	1.19429	1.20073	0.00	68114.35
1682	2026.01.29 15:49	s/l	689	3.70	1.19429	1.19429	1.20073	-680.80	67433.55
1683	2026.02.04 16:15	sell	690	6.74	1.18076	1.18276	1.17576	0.00	67433.55
1684	2026.02.05 23:02	modify	690	6.74	1.18076	1.18066	1.17576	0.00	67433.55
1685	2026.02.06 15:49	s/l	690	6.74	1.18066	1.18066	1.17576	135.77	67569.32
1686	2026.02.18 16:00	sell	691	19.30	1.18236	1.18481	1.17624	0.00	67569.32
1687	2026.02.18 20:47	modify	691	19.30	1.18236	1.18226	1.17624	0.00	67569.32
1688	2026.02.19 15:04	t/p	691	19.30	1.17624	1.18226	1.17624	11958.43	79527.75
1689	2026.02.25 16:00	sell	692	16.92	1.17734	1.17922	1.17264	0.00	79527.75
1690	2026.02.25 17:07	s/l	692	16.92	1.17922	1.17922	1.17264	-3180.96	76346.79
1691	2026.03.17 09:15	buy	693	9.54	1.14885	1.14725	1.15285	0.00	76346.79
1692	2026.03.17 10:48	modify	693	9.54	1.14885	1.14895	1.15285	0.00	76346.79
1693	2026.03.17 15:00	t/p	693	9.54	1.15285	1.14895	1.15285	3816.00	80162.79
