1	2010.01.19 09:15	sell	1	1.01	1.43931	1.44128	1.43439	0.00	10000.00
2	2010.01.19 10:45	modify	1	1.01	1.43931	1.43921	1.43439	0.00	10000.00
3	2010.01.19 11:00	t/p	1	1.01	1.43439	1.43921	1.43439	496.92	10496.92
4	2010.02.15 14:00	sell	2	4.05	1.36095	1.36276	1.35643	0.00	10496.92
5	2010.02.15 16:47	modify	2	4.05	1.36095	1.36085	1.35643	0.00	10496.92
6	2010.02.15 17:39	s/l	2	4.05	1.36085	1.36085	1.35643	40.50	10537.42
7	2010.02.16 11:30	buy	3	1.80	1.36601	1.36368	1.37184	0.00	10537.42
8	2010.02.16 12:40	sell	4	5.40	1.36424	1.36601	1.36368	0.00	10537.42
9	2010.02.16 13:05	s/l	4	5.40	1.36601	1.36601	1.36368	-955.80	9581.62
10	2010.02.16 13:37	sell	5	5.40	1.36423	1.36601	1.36368	0.00	9581.62
11	2010.02.16 13:38	s/l	3	1.80	1.36368	1.36368	1.37184	-419.40	9162.22
12	2010.02.16 13:38	t/p	5	5.40	1.36368	1.36601	1.36368	297.00	9459.22
13	2010.03.08 15:00	buy	6	1.05	1.36653	1.36473	1.37103	0.00	9459.22
14	2010.03.08 16:32	s/l	6	1.05	1.36473	1.36473	1.37103	-189.00	9270.22
15	2010.03.10 08:00	sell	7	0.86	1.35826	1.36040	1.35291	0.00	9270.22
16	2010.03.10 09:00	modify	7	0.86	1.35826	1.35816	1.35291	0.00	9270.22
17	2010.03.10 10:14	s/l	7	0.86	1.35816	1.35816	1.35291	8.60	9278.82
18	2010.03.10 15:00	buy	8	2.92	1.36154	1.35932	1.36709	0.00	9278.82
19	2010.03.10 16:52	modify	8	2.92	1.36154	1.36164	1.36709	0.00	9278.82
20	2010.03.10 17:03	t/p	8	2.92	1.36709	1.36164	1.36709	1620.60	10899.42
21	2010.03.11 09:30	buy	9	1.12	1.36425	1.36232	1.36908	0.00	10899.42
22	2010.03.11 14:30	modify	9	1.12	1.36425	1.36435	1.36908	0.00	10899.42
23	2010.03.11 14:44	s/l	9	1.12	1.36435	1.36435	1.36908	11.20	10910.62
24	2010.03.16 08:00	sell	10	2.45	1.36831	1.37009	1.36386	0.00	10910.62
25	2010.03.16 11:00	buy	11	7.35	1.36967	1.36831	1.37009	0.00	10910.62
26	2010.03.16 11:00	s/l	10	2.45	1.37009	1.37009	1.36386	-436.10	10474.52
27	2010.03.16 11:00	t/p	11	7.35	1.37009	1.36831	1.37009	308.70	10783.22
28	2010.04.05 08:00	sell	12	1.11	1.34992	1.35186	1.34507	0.00	10783.22
29	2010.04.05 08:34	modify	12	1.11	1.34992	1.34982	1.34507	0.00	10783.22
30	2010.04.05 15:14	s/l	12	1.11	1.34982	1.34982	1.34507	11.10	10794.32
31	2010.06.30 09:45	sell	13	3.75	1.22160	1.22361	1.21658	0.00	10794.32
32	2010.06.30 10:14	buy	14	11.25	1.22311	1.22160	1.22361	0.00	10794.32
33	2010.06.30 10:37	s/l	14	11.25	1.22160	1.22160	1.22361	-1698.75	9095.57
34	2010.06.30 11:17	buy	15	11.25	1.22313	1.22160	1.22361	0.00	9095.57
35	2010.06.30 11:17	s/l	13	3.75	1.22361	1.22361	1.21658	-753.75	8341.82
36	2010.06.30 11:17	t/p	15	11.25	1.22361	1.22160	1.22361	540.00	8881.82
37	2010.08.18 09:45	sell	16	0.85	1.28290	1.28497	1.27773	0.00	8881.82
38	2010.08.18 09:51	s/l	16	0.85	1.28497	1.28497	1.27773	-175.95	8705.87
39	2010.08.30 08:15	buy	17	0.88	1.27451	1.27254	1.27944	0.00	8705.87
40	2010.08.30 08:58	s/l	17	0.88	1.27254	1.27254	1.27944	-173.36	8532.51
41	2010.08.30 08:58	sell	18	0.74	1.27253	1.27481	1.26683	0.00	8532.51
42	2010.08.30 14:20	modify	18	0.74	1.27253	1.27243	1.26683	0.00	8532.51
43	2010.08.30 18:29	t/p	18	0.74	1.26683	1.27243	1.26683	421.80	8954.31
44	2010.09.01 10:00	buy	19	0.84	1.27200	1.26987	1.27733	0.00	8954.31
45	2010.09.01 10:44	modify	19	0.84	1.27200	1.27210	1.27733	0.00	8954.31
46	2010.09.01 11:27	t/p	19	0.84	1.27733	1.27210	1.27733	447.72	9402.03
47	2010.09.06 15:00	buy	20	3.22	1.28850	1.28646	1.29360	0.00	9402.03
48	2010.09.07 00:41	sell	21	9.66	1.28697	1.28850	1.28646	0.00	9402.03
49	2010.09.07 01:04	s/l	20	3.22	1.28646	1.28646	1.29360	-683.75	8718.28
50	2010.09.07 01:04	t/p	21	9.66	1.28646	1.28850	1.28646	492.66	9210.94
51	2010.09.20 08:45	buy	22	0.91	1.30852	1.30650	1.31357	0.00	9210.94
52	2010.09.20 09:35	modify	22	0.91	1.30852	1.30862	1.31357	0.00	9210.94
53	2010.09.20 13:57	s/l	22	0.91	1.30862	1.30862	1.31357	9.10	9220.04
54	2010.12.22 08:30	sell	23	3.39	1.31303	1.31493	1.30828	0.00	9220.04
55	2010.12.22 09:13	buy	24	10.17	1.31446	1.31303	1.31493	0.00	9220.04
56	2010.12.22 10:04	s/l	24	10.17	1.31303	1.31303	1.31493	-1454.31	7765.73
57	2010.12.22 10:39	buy	25	10.17	1.31447	1.31303	1.31493	0.00	7765.73
58	2010.12.22 10:43	s/l	23	3.39	1.31493	1.31493	1.30828	-644.10	7121.63
59	2010.12.22 10:43	t/p	25	10.17	1.31493	1.31303	1.31493	467.82	7589.45
60	2010.12.27 15:00	buy	26	0.66	1.31514	1.31285	1.32087	0.00	7589.45
61	2010.12.27 19:01	s/l	26	0.66	1.31285	1.31285	1.32087	-151.14	7438.31
62	2010.12.29 11:30	sell	27	0.62	1.31229	1.31468	1.30632	0.00	7438.31
63	2010.12.29 17:33	s/l	27	0.62	1.31468	1.31468	1.30632	-148.18	7290.13
64	2011.02.09 09:30	buy	28	0.60	1.36507	1.36265	1.37112	0.00	7290.13
65	2011.02.09 11:48	s/l	28	0.60	1.36265	1.36265	1.37112	-145.20	7144.93
66	2011.03.08 08:30	buy	29	0.68	1.39830	1.39622	1.40350	0.00	7144.93
67	2011.03.08 08:39	s/l	29	0.68	1.39622	1.39622	1.40350	-141.44	7003.49
68	2011.03.08 08:39	sell	30	0.61	1.39622	1.39851	1.39050	0.00	7003.49
69	2011.03.08 09:34	modify	30	0.61	1.39622	1.39612	1.39050	0.00	7003.49
70	2011.03.08 13:23	t/p	30	0.61	1.39050	1.39612	1.39050	348.92	7352.41
71	2011.03.23 10:15	sell	31	0.64	1.41753	1.41980	1.41186	0.00	7352.41
72	2011.03.23 11:15	s/l	31	0.64	1.41980	1.41980	1.41186	-145.28	7207.13
73	2011.03.23 11:15	buy	32	0.60	1.41980	1.41740	1.42580	0.00	7207.13
74	2011.03.23 12:16	s/l	32	0.60	1.41740	1.41740	1.42580	-144.00	7063.13
75	2011.03.30 08:15	sell	33	0.83	1.40821	1.40990	1.40399	0.00	7063.13
76	2011.03.30 10:08	s/l	33	0.83	1.40990	1.40990	1.40399	-140.27	6922.86
77	2011.04.05 08:15	sell	34	0.91	1.41931	1.42083	1.41551	0.00	6922.86
78	2011.04.05 08:30	modify	34	0.91	1.41931	1.41921	1.41551	0.00	6922.86
79	2011.04.05 09:18	s/l	34	0.91	1.41921	1.41921	1.41551	9.10	6931.96
80	2011.04.12 08:15	sell	35	2.95	1.43919	1.44083	1.43509	0.00	6931.96
81	2011.04.12 09:10	buy	36	8.85	1.44045	1.43919	1.44083	0.00	6931.96
82	2011.04.12 09:11	s/l	35	2.95	1.44083	1.44083	1.43509	-483.80	6448.16
83	2011.04.12 09:11	t/p	36	8.85	1.44083	1.43919	1.44083	336.30	6784.46
84	2011.08.22 08:30	sell	37	0.87	1.43580	1.43735	1.43193	0.00	6784.46
85	2011.08.22 09:07	s/l	37	0.87	1.43735	1.43735	1.43193	-134.85	6649.61
86	2011.08.24 08:15	buy	38	0.57	1.44161	1.43930	1.44739	0.00	6649.61
87	2011.08.24 10:00	s/l	38	0.57	1.43930	1.43930	1.44739	-131.67	6517.94
88	2011.09.08 10:30	sell	39	0.32	1.40645	1.40843	1.40150	0.00	6517.94
89	2011.09.08 12:49	modify	39	0.32	1.40645	1.40635	1.40150	0.00	6517.94
90	2011.09.08 13:35	t/p	39	0.32	1.40150	1.40635	1.40150	158.40	6676.34
91	2011.12.08 08:15	buy	40	1.33	1.34176	1.34001	1.34614	0.00	6676.34
92	2011.12.08 10:01	sell	41	3.99	1.34042	1.34176	1.34001	0.00	6676.34
93	2011.12.08 10:05	s/l	40	1.33	1.34001	1.34001	1.34614	-232.75	6443.59
94	2011.12.08 10:05	t/p	41	3.99	1.34001	1.34176	1.34001	163.59	6607.18
95	2011.12.19 08:45	sell	42	0.67	1.30068	1.30264	1.29578	0.00	6607.18
96	2011.12.19 09:07	s/l	42	0.67	1.30264	1.30264	1.29578	-131.32	6475.86
97	2011.12.19 15:15	sell	43	0.61	1.30218	1.30428	1.29693	0.00	6475.86
98	2011.12.19 21:54	modify	43	0.61	1.30218	1.30208	1.29693	0.00	6475.86
99	2011.12.20 09:35	s/l	43	0.61	1.30208	1.30208	1.29693	7.65	6483.51
100	2012.03.07 08:00	sell	44	2.90	1.31391	1.31547	1.31001	0.00	6483.51
101	2012.03.07 11:21	buy	45	8.70	1.31509	1.31391	1.31547	0.00	6483.51
102	2012.03.07 11:22	s/l	44	2.90	1.31547	1.31547	1.31001	-452.40	6031.11
103	2012.03.07 11:22	t/p	45	8.70	1.31547	1.31391	1.31547	330.60	6361.71
104	2012.03.08 09:00	buy	46	0.41	1.31786	1.31631	1.32174	0.00	6361.71
105	2012.03.08 10:31	modify	46	0.41	1.31786	1.31796	1.32174	0.00	6361.71
106	2012.03.08 10:36	t/p	46	0.41	1.32174	1.31796	1.32174	159.08	6520.79
107	2012.03.29 08:15	buy	47	1.10	1.33281	1.33074	1.33799	0.00	6520.79
108	2012.03.29 11:02	sell	48	3.30	1.33124	1.33281	1.33074	0.00	6520.79
109	2012.03.29 11:06	s/l	47	1.10	1.33074	1.33074	1.33799	-227.70	6293.09
110	2012.03.29 11:06	t/p	48	3.30	1.33074	1.33281	1.33074	165.00	6458.09
111	2012.04.03 08:15	buy	49	0.65	1.33466	1.33269	1.33959	0.00	6458.09
112	2012.04.03 13:16	s/l	49	0.65	1.33269	1.33269	1.33959	-128.05	6330.04
113	2012.04.09 15:15	sell	50	0.63	1.30563	1.30761	1.30068	0.00	6330.04
114	2012.04.09 16:31	s/l	50	0.63	1.30761	1.30761	1.30068	-124.74	6205.30
115	2012.04.09 16:31	buy	51	0.59	1.30761	1.30554	1.31279	0.00	6205.30
116	2012.04.09 18:33	modify	51	0.59	1.30761	1.30771	1.31279	0.00	6205.30
117	2012.04.09 18:59	t/p	51	0.59	1.31279	1.30771	1.31279	305.62	6510.92
118	2012.04.12 10:45	buy	52	0.26	1.31315	1.31066	1.31938	0.00	6510.92
119	2012.04.12 11:09	s/l	52	0.26	1.31066	1.31066	1.31938	-64.74	6446.18
120	2012.04.17 09:15	buy	53	0.58	1.31100	1.30879	1.31653	0.00	6446.18
121	2012.04.17 09:55	modify	53	0.58	1.31100	1.31110	1.31653	0.00	6446.18
122	2012.04.17 11:00	t/p	53	0.58	1.31653	1.31110	1.31653	320.74	6766.92
123	2012.04.18 14:45	sell	54	2.32	1.30804	1.31008	1.30294	0.00	6766.92
124	2012.04.18 15:52	buy	55	6.96	1.30959	1.30804	1.31008	0.00	6766.92
125	2012.04.18 16:35	s/l	54	2.32	1.31008	1.31008	1.30294	-473.28	6293.64
126	2012.04.18 16:35	t/p	55	6.96	1.31008	1.30804	1.31008	341.04	6634.68
127	2012.04.19 11:30	buy	56	0.35	1.31388	1.31203	1.31851	0.00	6634.68
128	2012.04.19 12:23	s/l	56	0.35	1.31203	1.31203	1.31851	-64.75	6569.93
129	2012.04.26 15:30	buy	57	0.30	1.32181	1.31963	1.32726	0.00	6569.93
130	2012.04.26 16:16	modify	57	0.30	1.32181	1.32191	1.32726	0.00	6569.93
131	2012.04.26 23:00	s/l	57	0.30	1.32191	1.32191	1.32726	3.00	6572.93
132	2012.05.10 10:15	sell	58	0.95	1.29446	1.29688	1.28841	0.00	6572.93
133	2012.05.10 14:08	buy	59	2.85	1.29628	1.29446	1.29688	0.00	6572.93
134	2012.05.10 15:12	s/l	58	0.95	1.29688	1.29688	1.28841	-229.90	6343.03
135	2012.05.10 15:12	t/p	59	2.85	1.29688	1.29446	1.29688	171.00	6514.03
136	2012.05.17 08:45	sell	60	0.30	1.27264	1.27480	1.26724	0.00	6514.03
137	2012.05.17 12:19	modify	60	0.30	1.27264	1.27254	1.26724	0.00	6514.03
138	2012.05.17 13:26	t/p	60	0.30	1.26724	1.27254	1.26724	162.00	6676.03
139	2012.05.22 09:15	buy	61	3.03	1.27961	1.27807	1.28346	0.00	6676.03
140	2012.05.22 10:42	sell	62	9.09	1.27844	1.27961	1.27807	0.00	6676.03
141	2012.05.22 10:43	s/l	61	3.03	1.27807	1.27807	1.28346	-466.62	6209.41
142	2012.05.22 10:43	t/p	62	9.09	1.27807	1.27961	1.27807	336.33	6545.74
143	2012.05.29 11:45	sell	63	0.55	1.25401	1.25635	1.24816	0.00	6545.74
144	2012.05.29 17:36	modify	63	0.55	1.25401	1.25391	1.24816	0.00	6545.74
145	2012.05.29 17:45	t/p	63	0.55	1.24816	1.25391	1.24816	321.75	6867.49
146	2012.06.19 08:30	sell	64	2.45	1.25960	1.26156	1.25470	0.00	6867.49
147	2012.06.19 09:06	buy	65	7.35	1.26111	1.25960	1.26156	0.00	6867.49
148	2012.06.19 09:16	s/l	64	2.45	1.26156	1.26156	1.25470	-480.20	6387.29
149	2012.06.19 09:16	t/p	65	7.35	1.26156	1.25960	1.26156	330.75	6718.04
150	2012.06.26 09:00	sell	66	0.58	1.25010	1.25240	1.24435	0.00	6718.04
151	2012.06.26 09:39	s/l	66	0.58	1.25240	1.25240	1.24435	-133.40	6584.64
152	2012.06.27 08:45	sell	67	0.84	1.24880	1.25035	1.24493	0.00	6584.64
153	2012.06.27 15:09	modify	67	0.84	1.24880	1.24870	1.24493	0.00	6584.64
154	2012.06.27 17:18	t/p	67	0.84	1.24493	1.24870	1.24493	325.08	6909.72
155	2012.07.11 10:15	sell	68	3.10	1.22620	1.22776	1.22230	0.00	6909.72
156	2012.07.11 10:40	buy	69	9.30	1.22738	1.22620	1.22776	0.00	6909.72
157	2012.07.11 10:41	s/l	68	3.10	1.22776	1.22776	1.22230	-483.60	6426.12
158	2012.07.11 10:41	t/p	69	9.30	1.22776	1.22620	1.22776	353.40	6779.52
159	2012.07.16 09:30	buy	70	0.74	1.22370	1.22188	1.22825	0.00	6779.52
160	2012.07.16 10:45	s/l	70	0.74	1.22188	1.22188	1.22825	-134.68	6644.84
161	2012.07.18 09:15	buy	71	0.82	1.22915	1.22754	1.23318	0.00	6644.84
162	2012.07.18 10:09	s/l	71	0.82	1.22754	1.22754	1.23318	-132.02	6512.82
163	2012.07.18 10:09	sell	72	0.62	1.22753	1.22960	1.22236	0.00	6512.82
164	2012.07.18 11:40	modify	72	0.62	1.22753	1.22743	1.22236	0.00	6512.82
165	2012.07.18 13:02	t/p	72	0.62	1.22236	1.22743	1.22236	320.54	6833.36
166	2012.07.31 09:45	buy	73	0.68	1.22778	1.22579	1.23276	0.00	6833.36
167	2012.07.31 10:05	s/l	73	0.68	1.22579	1.22579	1.23276	-135.32	6698.04
168	2012.07.31 11:00	sell	74	0.65	1.22571	1.22777	1.22056	0.00	6698.04
169	2012.07.31 11:56	s/l	74	0.65	1.22777	1.22777	1.22056	-133.90	6564.14
170	2012.07.31 11:56	buy	75	0.53	1.22777	1.22530	1.23395	0.00	6564.14
171	2012.07.31 14:51	modify	75	0.53	1.22777	1.22787	1.23395	0.00	6564.14
172	2012.07.31 15:13	s/l	75	0.53	1.22787	1.22787	1.23395	5.30	6569.44
173	2012.08.08 11:30	sell	76	0.59	1.23711	1.23933	1.23156	0.00	6569.44
174	2012.08.08 14:13	modify	76	0.59	1.23711	1.23701	1.23156	0.00	6569.44
175	2012.08.08 17:12	s/l	76	0.59	1.23701	1.23701	1.23156	5.90	6575.34
176	2012.08.09 09:15	sell	77	0.93	1.23620	1.23866	1.23005	0.00	6575.34
177	2012.08.09 12:03	modify	77	0.93	1.23620	1.23610	1.23005	0.00	6575.34
178	2012.08.09 13:24	t/p	77	0.93	1.23005	1.23610	1.23005	571.95	7147.29
179	2012.08.13 09:45	sell	78	1.52	1.22776	1.22964	1.22306	0.00	7147.29
180	2012.08.13 10:34	buy	79	4.56	1.22919	1.22776	1.22964	0.00	7147.29
181	2012.08.13 11:00	s/l	78	1.52	1.22964	1.22964	1.22306	-285.76	6861.53
182	2012.08.13 11:00	buy	80	1.86	1.22964	1.22817	1.23332	0.00	6861.53
183	2012.08.13 11:00	t/p	79	4.56	1.22964	1.22776	1.22964	205.20	7066.73
184	2012.08.13 11:20	modify	80	1.86	1.22964	1.22974	1.23332	0.00	7066.73
185	2012.08.13 12:58	t/p	80	1.86	1.23332	1.22974	1.23332	684.48	7751.21
186	2012.08.15 11:45	sell	81	0.92	1.23236	1.23403	1.22819	0.00	7751.21
187	2012.08.15 12:09	modify	81	0.92	1.23236	1.23226	1.22819	0.00	7751.21
188	2012.08.15 12:20	t/p	81	0.92	1.22819	1.23226	1.22819	383.64	8134.85
189	2012.08.20 08:15	buy	82	2.69	1.23483	1.23272	1.24011	0.00	8134.85
190	2012.08.20 12:01	sell	83	8.07	1.23324	1.23483	1.23272	0.00	8134.85
191	2012.08.20 12:02	s/l	82	2.69	1.23272	1.23272	1.24011	-567.59	7567.26
192	2012.08.20 12:02	t/p	83	8.07	1.23272	1.23483	1.23272	419.64	7986.90
193	2012.08.28 08:15	sell	84	0.98	1.24795	1.24957	1.24390	0.00	7986.90
194	2012.08.28 09:49	s/l	84	0.98	1.24957	1.24957	1.24390	-158.76	7828.14
195	2012.09.03 09:15	buy	85	0.81	1.25800	1.25609	1.26278	0.00	7828.14
196	2012.09.03 17:16	modify	85	0.81	1.25800	1.25810	1.26278	0.00	7828.14
197	2012.09.04 01:07	s/l	85	0.81	1.25810	1.25810	1.26278	1.34	7829.48
198	2012.10.02 08:30	buy	86	3.36	1.29130	1.28967	1.29538	0.00	7829.48
199	2012.10.02 08:38	sell	87	10.08	1.29007	1.29130	1.28967	0.00	7829.48
200	2012.10.02 08:58	s/l	86	3.36	1.28967	1.28967	1.29538	-547.68	7281.80
201	2012.10.02 08:58	t/p	87	10.08	1.28967	1.29130	1.28967	403.20	7685.00
202	2012.10.03 08:15	sell	88	0.80	1.28867	1.29059	1.28387	0.00	7685.00
203	2012.10.03 09:41	s/l	88	0.80	1.29059	1.29059	1.28387	-153.60	7531.40
204	2012.10.11 08:00	sell	89	0.36	1.28581	1.28788	1.28064	0.00	7531.40
205	2012.10.11 10:10	s/l	89	0.36	1.28788	1.28788	1.28064	-74.52	7456.88
206	2012.10.15 08:15	sell	90	0.89	1.29007	1.29174	1.28590	0.00	7456.88
207	2012.10.15 08:51	s/l	90	0.89	1.29174	1.29174	1.28590	-148.63	7308.25
208	2012.10.15 08:51	buy	91	0.62	1.29174	1.28939	1.29762	0.00	7308.25
209	2012.10.15 09:47	modify	91	0.62	1.29174	1.29184	1.29762	0.00	7308.25
210	2012.10.15 13:05	t/p	91	0.62	1.29762	1.29184	1.29762	364.56	7672.81
211	2012.10.18 10:45	buy	92	0.37	1.31033	1.30827	1.31548	0.00	7672.81
212	2012.10.18 16:17	s/l	92	0.37	1.30827	1.30827	1.31548	-76.22	7596.59
213	2012.10.22 09:15	sell	93	0.68	1.30396	1.30619	1.29839	0.00	7596.59
214	2012.10.22 12:13	s/l	93	0.68	1.30619	1.30619	1.29839	-151.64	7444.95
215	2012.10.22 12:13	buy	94	0.97	1.30619	1.30466	1.31002	0.00	7444.95
216	2012.10.22 15:15	s/l	94	0.97	1.30466	1.30466	1.31002	-148.41	7296.54
217	2012.10.25 11:30	buy	95	0.39	1.30147	1.29960	1.30615	0.00	7296.54
218	2012.10.25 12:50	s/l	95	0.39	1.29960	1.29960	1.30615	-72.93	7223.61
219	2012.10.25 12:50	sell	96	0.37	1.29960	1.30154	1.29475	0.00	7223.61
220	2012.10.25 15:55	modify	96	0.37	1.29960	1.29950	1.29475	0.00	7223.61
221	2012.10.25 17:25	t/p	96	0.37	1.29475	1.29950	1.29475	179.45	7403.06
222	2012.11.01 08:15	sell	97	0.37	1.29467	1.29662	1.28980	0.00	7403.06
223	2012.11.01 13:32	s/l	97	0.37	1.29662	1.29662	1.28980	-72.15	7330.91
224	2012.11.06 16:15	sell	98	0.93	1.27995	1.28151	1.27605	0.00	7330.91
225	2012.11.06 17:37	s/l	98	0.93	1.28151	1.28151	1.27605	-145.08	7185.83
226	2012.11.14 08:45	buy	99	0.76	1.27217	1.27029	1.27687	0.00	7185.83
227	2012.11.14 10:52	modify	99	0.76	1.27217	1.27227	1.27687	0.00	7185.83
228	2012.11.14 20:00	t/p	99	0.76	1.27687	1.27227	1.27687	357.20	7543.03
229	2012.11.28 10:30	sell	100	2.51	1.29182	1.29392	1.28657	0.00	7543.03
230	2012.11.28 14:19	modify	100	2.51	1.29182	1.29172	1.28657	0.00	7543.03
231	2012.11.28 16:36	s/l	100	2.51	1.29172	1.29172	1.28657	25.10	7568.13
232	2012.11.29 09:00	buy	101	0.66	1.29636	1.29409	1.30204	0.00	7568.13
233	2012.11.29 13:47	modify	101	0.66	1.29636	1.29646	1.30204	0.00	7568.13
234	2012.11.29 17:41	s/l	101	0.66	1.29646	1.29646	1.30204	6.60	7574.73
235	2012.12.11 10:30	buy	102	1.37	1.29587	1.29366	1.30140	0.00	7574.73
236	2012.12.11 12:50	modify	102	1.37	1.29587	1.29597	1.30140	0.00	7574.73
237	2012.12.11 19:41	t/p	102	1.37	1.30140	1.29597	1.30140	757.61	8332.34
238	2013.01.09 10:30	sell	103	1.88	1.30796	1.30973	1.30354	0.00	8332.34
239	2013.01.09 12:42	modify	103	1.88	1.30796	1.30786	1.30354	0.00	8332.34
240	2013.01.09 17:56	s/l	103	1.88	1.30786	1.30786	1.30354	18.80	8351.14
241	2013.01.17 08:45	sell	104	0.76	1.32862	1.33081	1.32315	0.00	8351.14
242	2013.01.17 09:01	buy	105	2.28	1.33027	1.32862	1.33081	0.00	8351.14
243	2013.01.17 09:03	s/l	104	0.76	1.33081	1.33081	1.32315	-166.44	8184.70
244	2013.01.17 09:08	t/p	105	2.28	1.33081	1.32862	1.33081	123.12	8307.82
245	2013.01.21 08:45	sell	106	1.04	1.33176	1.33335	1.32779	0.00	8307.82
246	2013.01.22 05:00	s/l	106	1.04	1.33335	1.33335	1.32779	-162.72	8145.10
247	2013.01.29 09:45	buy	107	0.73	1.34542	1.34319	1.35100	0.00	8145.10
248	2013.01.29 11:46	s/l	107	0.73	1.34319	1.34319	1.35100	-162.79	7982.31
249	2013.02.12 08:45	sell	108	0.72	1.33733	1.33953	1.33183	0.00	7982.31
250	2013.02.12 10:01	s/l	108	0.72	1.33953	1.33953	1.33183	-158.40	7823.91
251	2013.02.18 08:15	sell	109	0.85	1.33366	1.33549	1.32909	0.00	7823.91
252	2013.02.18 10:22	s/l	109	0.85	1.33549	1.33549	1.32909	-155.55	7668.36
253	2013.02.19 11:00	sell	110	0.88	1.33427	1.33600	1.32995	0.00	7668.36
254	2013.02.19 11:00	s/l	110	0.88	1.33600	1.33600	1.32995	-152.24	7516.12
255	2013.02.19 11:00	buy	111	0.79	1.33600	1.33411	1.34073	0.00	7516.12
256	2013.02.19 11:19	s/l	111	0.79	1.33411	1.33411	1.34073	-149.31	7366.81
257	2013.03.05 09:00	buy	112	0.64	1.30469	1.30240	1.31042	0.00	7366.81
258	2013.03.05 11:44	s/l	112	0.64	1.30240	1.30240	1.31042	-146.56	7220.25
259	2013.03.11 09:30	sell	113	0.89	1.30037	1.30199	1.29632	0.00	7220.25
260	2013.03.11 18:03	s/l	113	0.89	1.30199	1.30199	1.29632	-144.18	7076.07
261	2013.03.19 08:30	sell	114	0.69	1.29425	1.29630	1.28913	0.00	7076.07
262	2013.03.19 16:37	modify	114	0.69	1.29425	1.29415	1.28913	0.00	7076.07
263	2013.03.19 16:57	t/p	114	0.69	1.28913	1.29415	1.28913	353.28	7429.35
264	2013.03.28 09:45	sell	115	1.26	1.27897	1.28103	1.27382	0.00	7429.35
265	2013.03.28 09:58	modify	115	1.26	1.27897	1.27887	1.27382	0.00	7429.35
266	2013.03.28 11:18	s/l	115	1.26	1.27887	1.27887	1.27382	12.60	7441.95
267	2013.04.03 14:00	buy	116	1.30	1.28289	1.28061	1.28859	0.00	7441.95
268	2013.04.03 16:15	modify	116	1.30	1.28289	1.28299	1.28859	0.00	7441.95
269	2013.04.04 07:05	s/l	116	1.30	1.28299	1.28299	1.28859	-19.54	7422.41
270	2013.04.04 07:05	sell	117	0.68	1.28298	1.28515	1.27756	0.00	7422.41
271	2013.04.04 10:00	modify	117	0.68	1.28298	1.28288	1.27756	0.00	7422.41
272	2013.04.04 14:32	s/l	117	0.68	1.28288	1.28288	1.27756	6.80	7429.21
273	2013.04.15 10:00	sell	118	0.72	1.30742	1.30946	1.30232	0.00	7429.21
274	2013.04.15 14:18	s/l	118	0.72	1.30946	1.30946	1.30232	-146.88	7282.33
275	2013.04.22 08:15	sell	119	0.86	1.30575	1.30743	1.30155	0.00	7282.33
276	2013.04.22 09:04	s/l	119	0.86	1.30743	1.30743	1.30155	-144.48	7137.85
277	2013.04.22 09:30	sell	120	0.64	1.30554	1.30774	1.30004	0.00	7137.85
278	2013.04.22 14:54	modify	120	0.64	1.30554	1.30544	1.30004	0.00	7137.85
279	2013.04.22 18:40	s/l	120	0.64	1.30544	1.30544	1.30004	6.40	7144.25
280	2013.04.24 14:30	sell	121	2.34	1.29957	1.30170	1.29425	0.00	7144.25
281	2013.04.24 16:28	buy	122	7.02	1.30119	1.29957	1.30170	0.00	7144.25
282	2013.04.24 16:35	s/l	122	7.02	1.29957	1.29957	1.30170	-1137.24	6007.01
283	2013.04.24 19:05	buy	123	7.02	1.30121	1.29957	1.30170	0.00	6007.01
284	2013.04.24 19:05	s/l	121	2.34	1.30170	1.30170	1.29425	-498.42	5508.59
285	2013.04.24 19:05	t/p	123	7.02	1.30170	1.29957	1.30170	343.98	5852.57
286	2013.04.25 10:15	buy	124	0.33	1.30423	1.30246	1.30866	0.00	5852.57
287	2013.04.25 11:00	modify	124	0.33	1.30423	1.30433	1.30866	0.00	5852.57
288	2013.04.25 14:15	t/p	124	0.33	1.30866	1.30433	1.30866	146.19	5998.76
289	2013.04.29 08:15	buy	125	2.45	1.30577	1.30406	1.31005	0.00	5998.76
290	2013.04.29 09:24	modify	125	2.45	1.30577	1.30587	1.31005	0.00	5998.76
291	2013.04.29 14:03	t/p	125	2.45	1.31005	1.30587	1.31005	1048.60	7047.36
292	2013.04.30 15:15	buy	126	1.38	1.30853	1.30649	1.31363	0.00	7047.36
293	2013.04.30 15:35	modify	126	1.38	1.30853	1.30863	1.31363	0.00	7047.36
294	2013.04.30 15:40	t/p	126	1.38	1.31363	1.30863	1.31363	703.80	7751.16
295	2013.05.02 10:15	buy	127	0.78	1.31676	1.31478	1.32171	0.00	7751.16
296	2013.05.02 13:44	sell	128	2.34	1.31524	1.31676	1.31478	0.00	7751.16
297	2013.05.02 13:45	s/l	127	0.78	1.31478	1.31478	1.32171	-154.44	7596.72
298	2013.05.02 13:45	t/p	128	2.34	1.31478	1.31676	1.31478	107.64	7704.36
299	2013.05.06 10:45	sell	129	1.00	1.31067	1.31220	1.30685	0.00	7704.36
300	2013.05.06 16:24	modify	129	1.00	1.31067	1.31057	1.30685	0.00	7704.36
301	2013.05.06 16:26	t/p	129	1.00	1.30685	1.31057	1.30685	382.00	8086.36
302	2013.05.14 09:15	buy	130	3.53	1.30125	1.29965	1.30525	0.00	8086.36
303	2013.05.14 09:30	sell	131	10.59	1.30001	1.30125	1.29965	0.00	8086.36
304	2013.05.14 09:30	s/l	130	3.53	1.29965	1.29965	1.30525	-564.80	7521.56
305	2013.05.14 09:30	t/p	131	10.59	1.29965	1.30125	1.29965	381.24	7902.80
306	2013.05.14 11:00	sell	132	0.92	1.29949	1.30120	1.29522	0.00	7902.80
307	2013.05.14 11:10	s/l	132	0.92	1.30120	1.30120	1.29522	-157.32	7745.48
308	2013.05.21 11:30	buy	133	0.66	1.28856	1.28622	1.29441	0.00	7745.48
309	2013.05.21 12:23	s/l	133	0.66	1.28622	1.28622	1.29441	-154.44	7591.04
310	2013.05.21 16:00	sell	134	1.01	1.28596	1.28746	1.28221	0.00	7591.04
311	2013.05.21 17:11	s/l	134	1.01	1.28746	1.28746	1.28221	-151.50	7439.54
312	2013.05.22 09:00	buy	135	0.97	1.29166	1.29013	1.29549	0.00	7439.54
313	2013.05.22 09:45	modify	135	0.97	1.29166	1.29176	1.29549	0.00	7439.54
314	2013.05.22 14:21	s/l	135	0.97	1.29176	1.29176	1.29549	9.70	7449.24
315	2013.05.28 11:15	sell	136	3.12	1.28973	1.29140	1.28556	0.00	7449.24
316	2013.05.28 11:26	buy	137	9.36	1.29099	1.28973	1.29140	0.00	7449.24
317	2013.05.28 11:26	s/l	136	3.12	1.29140	1.29140	1.28556	-521.04	6928.20
318	2013.05.28 11:26	t/p	137	9.36	1.29140	1.28973	1.29140	383.76	7311.96
319	2013.06.12 15:45	buy	138	0.73	1.32857	1.32659	1.33352	0.00	7311.96
320	2013.06.12 17:00	modify	138	0.73	1.32857	1.32867	1.33352	0.00	7311.96
321	2013.06.12 17:47	t/p	138	0.73	1.33352	1.32867	1.33352	361.35	7673.31
322	2013.06.25 10:15	sell	139	2.78	1.31269	1.31462	1.30787	0.00	7673.31
323	2013.06.25 13:59	buy	140	8.34	1.31415	1.31269	1.31462	0.00	7673.31
324	2013.06.25 14:16	s/l	140	8.34	1.31269	1.31269	1.31462	-1217.64	6455.67
325	2013.06.25 14:35	modify	139	2.78	1.31269	1.31259	1.30787	0.00	6455.67
326	2013.06.25 16:00	t/p	139	2.78	1.30787	1.31259	1.30787	1339.96	7795.63
327	2013.07.04 09:15	sell	141	0.78	1.29863	1.30062	1.29366	0.00	7795.63
328	2013.07.04 10:35	buy	142	2.34	1.30013	1.29863	1.30062	0.00	7795.63
329	2013.07.04 11:56	s/l	141	0.78	1.30062	1.30062	1.29366	-155.22	7640.41
330	2013.07.04 11:56	buy	143	1.04	1.30062	1.29916	1.30427	0.00	7640.41
331	2013.07.04 11:56	t/p	142	2.34	1.30062	1.29863	1.30062	114.66	7755.07
332	2013.07.04 13:43	s/l	143	1.04	1.29916	1.29916	1.30427	-151.84	7603.23
333	2013.07.10 14:15	sell	144	0.87	1.28125	1.28298	1.27693	0.00	7603.23
334	2013.07.10 15:58	s/l	144	0.87	1.28298	1.28298	1.27693	-150.51	7452.72
335	2013.07.23 16:15	buy	145	0.96	1.31936	1.31781	1.32324	0.00	7452.72
336	2013.07.23 16:41	modify	145	0.96	1.31936	1.31946	1.32324	0.00	7452.72
337	2013.07.23 20:51	t/p	145	0.96	1.32324	1.31946	1.32324	372.48	7825.20
338	2013.08.13 09:30	sell	146	2.34	1.32899	1.33133	1.32314	0.00	7825.20
339	2013.08.13 11:00	buy	147	7.02	1.33077	1.32899	1.33133	0.00	7825.20
340	2013.08.13 11:15	s/l	146	2.34	1.33133	1.33133	1.32314	-547.56	7277.64
341	2013.08.13 11:15	t/p	147	7.02	1.33133	1.32899	1.33133	393.12	7670.76
342	2013.08.14 11:15	sell	148	0.74	1.32524	1.32730	1.32009	0.00	7670.76
343	2013.08.15 04:09	s/l	148	0.74	1.32730	1.32730	1.32009	-146.81	7523.95
344	2013.08.22 16:30	sell	149	0.36	1.33300	1.33506	1.32785	0.00	7523.95
345	2013.08.22 17:06	s/l	149	0.36	1.33506	1.33506	1.32785	-74.16	7449.79
346	2013.08.28 11:30	buy	150	0.89	1.33763	1.33597	1.34178	0.00	7449.79
347	2013.08.28 12:33	s/l	150	0.89	1.33597	1.33597	1.34178	-147.74	7302.05
348	2013.08.28 12:33	sell	151	0.80	1.33596	1.33777	1.33144	0.00	7302.05
349	2013.08.28 15:35	modify	151	0.80	1.33596	1.33586	1.33144	0.00	7302.05
350	2013.08.28 15:45	t/p	151	0.80	1.33144	1.33586	1.33144	361.60	7663.65
351	2013.09.02 10:00	sell	152	0.87	1.32101	1.32276	1.31664	0.00	7663.65
352	2013.09.03 07:19	modify	152	0.87	1.32101	1.32091	1.31664	0.00	7663.65
353	2013.09.03 08:30	t/p	152	0.87	1.31664	1.32091	1.31664	382.40	8046.04
354	2013.09.11 10:15	buy	153	3.54	1.32661	1.32502	1.33059	0.00	8046.04
355	2013.09.11 12:53	sell	154	10.62	1.32541	1.32661	1.32502	0.00	8046.04
356	2013.09.11 14:04	s/l	154	10.62	1.32661	1.32661	1.32502	-1274.40	6771.64
357	2013.09.11 15:53	modify	153	3.54	1.32661	1.32671	1.33059	0.00	6771.64
358	2013.09.11 17:02	t/p	153	3.54	1.33059	1.32671	1.33059	1408.92	8180.56
359	2013.09.23 14:30	buy	155	1.78	1.35152	1.34969	1.35610	0.00	8180.56
360	2013.09.23 15:16	sell	156	5.34	1.35010	1.35152	1.34969	0.00	8180.56
361	2013.09.23 15:17	s/l	155	1.78	1.34969	1.34969	1.35610	-325.74	7854.82
362	2013.09.23 15:17	t/p	156	5.34	1.34969	1.35152	1.34969	218.94	8073.76
363	2013.09.26 15:30	sell	157	0.53	1.34922	1.35073	1.34545	0.00	8073.76
364	2013.09.26 16:00	s/l	157	0.53	1.35073	1.35073	1.34545	-80.03	7993.73
365	2013.10.07 14:00	sell	158	0.95	1.35668	1.35836	1.35248	0.00	7993.73
366	2013.10.07 17:17	s/l	158	0.95	1.35836	1.35836	1.35248	-159.60	7834.13
367	2013.10.08 15:45	buy	159	0.68	1.35953	1.35724	1.36526	0.00	7834.13
368	2013.10.08 18:46	s/l	159	0.68	1.35724	1.35724	1.36526	-155.72	7678.41
369	2013.10.23 15:00	buy	160	0.97	1.37630	1.37472	1.38025	0.00	7678.41
370	2013.10.23 15:48	modify	160	0.97	1.37630	1.37640	1.38025	0.00	7678.41
371	2013.10.23 16:12	s/l	160	0.97	1.37640	1.37640	1.38025	9.70	7688.11
372	2013.11.06 08:45	buy	161	2.97	1.35089	1.34908	1.35542	0.00	7688.11
373	2013.11.06 09:03	sell	162	8.91	1.34952	1.35089	1.34908	0.00	7688.11
374	2013.11.06 09:26	s/l	161	2.97	1.34908	1.34908	1.35542	-537.57	7150.54
375	2013.11.06 09:26	t/p	162	8.91	1.34908	1.35089	1.34908	392.04	7542.58
376	2013.11.12 09:45	sell	163	0.72	1.33736	1.33944	1.33216	0.00	7542.58
377	2013.11.12 11:53	s/l	163	0.72	1.33944	1.33944	1.33216	-149.76	7392.82
378	2013.11.14 09:15	buy	164	0.42	1.34685	1.34509	1.35125	0.00	7392.82
379	2013.11.14 10:37	s/l	164	0.42	1.34509	1.34509	1.35125	-73.92	7318.90
380	2013.11.14 10:37	sell	165	0.44	1.34509	1.34675	1.34094	0.00	7318.90
381	2013.11.14 12:12	modify	165	0.44	1.34509	1.34499	1.34094	0.00	7318.90
382	2013.11.14 14:30	s/l	165	0.44	1.34499	1.34499	1.34094	4.40	7323.30
383	2013.11.14 16:00	buy	166	0.38	1.34559	1.34368	1.35037	0.00	7323.30
384	2013.11.14 16:31	s/l	166	0.38	1.34368	1.34368	1.35037	-72.58	7250.72
385	2013.11.19 10:00	buy	167	0.72	1.35196	1.34995	1.35699	0.00	7250.72
386	2013.11.19 11:06	s/l	167	0.72	1.34995	1.34995	1.35699	-144.72	7106.00
387	2013.11.19 11:06	sell	168	0.60	1.34994	1.35229	1.34407	0.00	7106.00
388	2013.11.19 15:50	s/l	168	0.60	1.35229	1.35229	1.34407	-141.00	6965.00
389	2013.11.20 15:30	buy	169	0.91	1.35377	1.35225	1.35757	0.00	6965.00
390	2013.11.20 16:20	s/l	169	0.91	1.35225	1.35225	1.35757	-138.32	6826.68
391	2013.12.02 08:45	buy	170	0.74	1.36124	1.35941	1.36582	0.00	6826.68
392	2013.12.02 09:32	s/l	170	0.74	1.35941	1.35941	1.36582	-135.42	6691.26
393	2013.12.02 09:32	sell	171	0.61	1.35941	1.36157	1.35401	0.00	6691.26
394	2013.12.02 10:26	modify	171	0.61	1.35941	1.35931	1.35401	0.00	6691.26
395	2013.12.02 12:19	t/p	171	0.61	1.35401	1.35931	1.35401	329.40	7020.66
396	2013.12.11 10:00	buy	172	0.58	1.37631	1.37392	1.38229	0.00	7020.66
397	2013.12.11 16:49	modify	172	0.58	1.37631	1.37641	1.38229	0.00	7020.66
398	2013.12.12 10:50	s/l	172	0.58	1.37641	1.37641	1.38229	-8.72	7011.94
399	2013.12.12 16:00	buy	173	0.33	1.37754	1.37544	1.38279	0.00	7011.94
400	2013.12.12 16:04	s/l	173	0.33	1.37544	1.37544	1.38279	-69.30	6942.64
401	2013.12.16 10:30	buy	174	0.56	1.37724	1.37477	1.38342	0.00	6942.64
402	2013.12.16 18:21	s/l	174	0.56	1.37477	1.37477	1.38342	-138.32	6804.32
403	2013.12.26 16:45	buy	175	0.40	1.36977	1.36809	1.37397	0.00	6804.32
404	2013.12.27 03:51	modify	175	0.40	1.36977	1.36987	1.37397	0.00	6804.32
405	2013.12.27 04:10	t/p	175	0.40	1.37397	1.36987	1.37397	164.66	6968.99
406	2013.12.31 15:30	sell	176	2.15	1.37694	1.37920	1.37129	0.00	6968.99
407	2013.12.31 16:40	buy	177	6.45	1.37867	1.37694	1.37920	0.00	6968.99
408	2013.12.31 17:04	s/l	177	6.45	1.37694	1.37694	1.37920	-1115.85	5853.14
409	2014.01.02 08:42	modify	176	2.15	1.37694	1.37684	1.37129	0.00	5853.14
410	2014.01.02 12:01	t/p	176	2.15	1.37129	1.37684	1.37129	1236.56	7089.70
411	2014.01.14 11:45	buy	178	1.41	1.36802	1.36601	1.37305	0.00	7089.70
412	2014.01.14 14:30	sell	179	4.23	1.36647	1.36802	1.36601	0.00	7089.70
413	2014.01.14 14:30	s/l	178	1.41	1.36601	1.36601	1.37305	-283.41	6806.29
414	2014.01.14 14:30	t/p	179	4.23	1.36601	1.36802	1.36601	194.58	7000.87
415	2014.01.14 15:30	buy	180	0.85	1.36736	1.36573	1.37144	0.00	7000.87
416	2014.01.15 02:34	s/l	180	0.85	1.36573	1.36573	1.37144	-145.64	6855.22
417	2014.01.16 08:30	sell	181	0.33	1.36069	1.36275	1.35554	0.00	6855.22
418	2014.01.16 10:33	s/l	181	0.33	1.36275	1.36275	1.35554	-67.98	6787.24
419	2014.01.21 09:00	sell	182	0.75	1.35465	1.35645	1.35015	0.00	6787.24
420	2014.01.21 12:59	modify	182	0.75	1.35465	1.35455	1.35015	0.00	6787.24
421	2014.01.21 16:59	s/l	182	0.75	1.35455	1.35455	1.35015	7.50	6794.74
422	2014.01.22 09:00	sell	183	2.05	1.35444	1.35676	1.34864	0.00	6794.74
423	2014.01.22 13:43	buy	184	6.15	1.35622	1.35444	1.35676	0.00	6794.74
424	2014.01.22 13:43	s/l	183	2.05	1.35676	1.35676	1.34864	-475.60	6319.14
425	2014.01.22 13:43	t/p	184	6.15	1.35676	1.35444	1.35676	332.10	6651.24
426	2014.01.28 16:45	sell	185	0.73	1.36570	1.36750	1.36120	0.00	6651.24
427	2014.01.29 09:30	s/l	185	0.73	1.36750	1.36750	1.36120	-129.55	6521.70
428	2014.02.04 15:15	sell	186	0.67	1.35118	1.35310	1.34638	0.00	6521.70
429	2014.02.05 14:00	s/l	186	0.67	1.35310	1.35310	1.34638	-126.94	6394.75
430	2014.02.17 10:15	buy	187	0.65	1.37136	1.36940	1.37626	0.00	6394.75
431	2014.02.17 14:24	s/l	187	0.65	1.36940	1.36940	1.37626	-127.40	6267.35
432	2014.02.18 11:45	buy	188	0.54	1.37278	1.37050	1.37848	0.00	6267.35
433	2014.02.18 15:11	modify	188	0.54	1.37278	1.37288	1.37848	0.00	6267.35
434	2014.02.19 20:20	s/l	188	0.54	1.37288	1.37288	1.37848	0.89	6268.25
435	2014.03.17 10:00	buy	189	1.99	1.39046	1.38826	1.39596	0.00	6268.25
436	2014.03.17 11:13	sell	190	5.97	1.38879	1.39046	1.38826	0.00	6268.25
437	2014.03.17 13:38	s/l	190	5.97	1.39046	1.39046	1.38826	-996.99	5271.26
438	2014.03.17 14:48	modify	189	1.99	1.39046	1.39056	1.39596	0.00	5271.26
439	2014.03.18 10:15	s/l	189	1.99	1.39056	1.39056	1.39596	3.30	5274.55
440	2014.03.24 15:15	sell	191	1.14	1.37678	1.37863	1.37216	0.00	5274.55
441	2014.03.24 15:38	buy	192	3.42	1.37817	1.37678	1.37863	0.00	5274.55
442	2014.03.24 16:55	s/l	191	1.14	1.37863	1.37863	1.37216	-210.90	5063.65
443	2014.03.24 16:55	buy	193	1.22	1.37863	1.37698	1.38276	0.00	5063.65
444	2014.03.24 16:55	t/p	192	3.42	1.37863	1.37678	1.37863	157.32	5220.97
445	2014.03.24 18:26	modify	193	1.22	1.37863	1.37873	1.38276	0.00	5220.97
446	2014.03.24 18:51	t/p	193	1.22	1.38276	1.37873	1.38276	503.86	5724.83
447	2014.03.25 16:30	sell	194	0.54	1.37853	1.38062	1.37331	0.00	5724.83
448	2014.03.25 17:15	modify	194	0.54	1.37853	1.37843	1.37331	0.00	5724.83
449	2014.03.25 17:30	s/l	194	0.54	1.37843	1.37843	1.37331	5.40	5730.23
450	2014.03.27 08:30	sell	195	1.15	1.37720	1.37894	1.37285	0.00	5730.23
451	2014.03.27 11:04	modify	195	1.15	1.37720	1.37710	1.37285	0.00	5730.23
452	2014.03.27 12:55	s/l	195	1.15	1.37710	1.37710	1.37285	11.50	5741.73
453	2014.03.27 15:30	sell	196	0.76	1.37613	1.37764	1.37236	0.00	5741.73
454	2014.03.27 15:34	buy	197	2.28	1.37727	1.37613	1.37764	0.00	5741.73
455	2014.03.27 15:55	s/l	197	2.28	1.37613	1.37613	1.37764	-259.92	5481.81
456	2014.03.27 16:59	modify	196	0.76	1.37613	1.37603	1.37236	0.00	5481.81
457	2014.03.28 09:01	t/p	196	0.76	1.37236	1.37603	1.37236	288.45	5770.26
458	2014.04.02 15:30	sell	198	1.31	1.37764	1.37939	1.37327	0.00	5770.26
459	2014.04.03 13:17	modify	198	1.31	1.37764	1.37754	1.37327	0.00	5770.26
460	2014.04.03 13:45	s/l	198	1.31	1.37754	1.37754	1.37327	23.07	5793.33
461	2014.04.14 10:15	sell	199	1.53	1.38483	1.38634	1.38106	0.00	5793.33
462	2014.04.14 10:49	modify	199	1.53	1.38483	1.38473	1.38106	0.00	5793.33
463	2014.04.14 14:35	t/p	199	1.53	1.38106	1.38473	1.38106	576.81	6370.14
464	2014.05.14 11:45	sell	200	1.64	1.37124	1.37279	1.36737	0.00	6370.14
465	2014.05.14 12:22	buy	201	4.92	1.37241	1.37124	1.37279	0.00	6370.14
466	2014.05.14 12:44	s/l	201	4.92	1.37124	1.37124	1.37279	-575.64	5794.50
467	2014.05.15 09:10	modify	200	1.64	1.37124	1.37114	1.36737	0.00	5794.50
468	2014.05.15 09:53	t/p	200	1.64	1.36737	1.37114	1.36737	647.16	6441.65
469	2014.05.20 16:45	sell	202	1.71	1.36912	1.37062	1.36537	0.00	6441.65
470	2014.05.20 18:04	buy	203	5.13	1.37025	1.36912	1.37062	0.00	6441.65
471	2014.05.20 18:35	s/l	203	5.13	1.36912	1.36912	1.37062	-579.69	5861.96
472	2014.05.21 01:51	buy	204	5.13	1.37026	1.36912	1.37062	0.00	5861.96
473	2014.05.21 02:38	s/l	202	1.71	1.37062	1.37062	1.36537	-252.16	5609.80
474	2014.05.21 02:38	buy	205	3.03	1.37062	1.36988	1.37247	0.00	5609.80
475	2014.05.21 02:38	t/p	204	5.13	1.37062	1.36912	1.37062	184.68	5794.48
476	2014.05.21 08:51	modify	205	3.03	1.37062	1.37072	1.37247	0.00	5794.48
477	2014.05.21 10:09	s/l	205	3.03	1.37072	1.37072	1.37247	30.30	5824.78
478	2014.05.22 09:15	sell	206	0.36	1.36629	1.36790	1.36227	0.00	5824.78
479	2014.05.22 09:39	s/l	206	0.36	1.36790	1.36790	1.36227	-57.96	5766.82
480	2014.05.29 15:00	sell	207	0.23	1.36023	1.36273	1.35398	0.00	5766.82
481	2014.05.30 15:14	s/l	207	0.23	1.36273	1.36273	1.35398	-56.92	5709.90
482	2014.05.30 15:14	buy	208	0.47	1.36274	1.36032	1.36879	0.00	5709.90
483	2014.06.02 10:00	s/l	208	0.47	1.36032	1.36032	1.36879	-117.66	5592.24
484	2014.06.11 16:15	sell	209	0.57	1.35313	1.35506	1.34831	0.00	5592.24
485	2014.06.12 16:43	s/l	209	0.57	1.35506	1.35506	1.34831	-105.67	5486.57
486	2014.06.12 16:43	buy	210	0.30	1.35507	1.35330	1.35950	0.00	5486.57
487	2014.06.13 10:00	modify	210	0.30	1.35507	1.35517	1.35950	0.00	5486.57
488	2014.06.13 12:52	s/l	210	0.30	1.35517	1.35517	1.35950	0.50	5487.07
489	2014.08.27 15:45	sell	211	0.67	1.31722	1.31885	1.31315	0.00	5487.07
490	2014.08.27 16:15	s/l	211	0.67	1.31885	1.31885	1.31315	-109.21	5377.86
491	2014.08.27 16:15	buy	212	0.47	1.31885	1.31659	1.32450	0.00	5377.86
492	2014.08.28 15:26	s/l	212	0.47	1.31659	1.31659	1.32450	-117.99	5259.87
493	2014.09.10 08:45	buy	213	0.59	1.29397	1.29221	1.29837	0.00	5259.87
494	2014.09.10 14:36	s/l	213	0.59	1.29221	1.29221	1.29837	-103.84	5156.03
495	2014.09.17 16:00	buy	214	0.64	1.29661	1.29501	1.30061	0.00	5156.03
496	2014.09.17 17:16	s/l	214	0.64	1.29501	1.29501	1.30061	-102.40	5053.63
497	2014.10.02 11:45	buy	215	0.31	1.26413	1.26255	1.26808	0.00	5053.63
498	2014.10.02 14:30	s/l	215	0.31	1.26255	1.26255	1.26808	-48.98	5004.65
499	2014.10.08 09:15	buy	216	0.42	1.26450	1.26215	1.27038	0.00	5004.65
500	2014.10.08 11:15	modify	216	0.42	1.26450	1.26460	1.27038	0.00	5004.65
501	2014.10.08 13:47	s/l	216	0.42	1.26460	1.26460	1.27038	4.20	5008.85
502	2014.10.13 15:30	buy	217	1.99	1.26918	1.26742	1.27358	0.00	5008.85
503	2014.10.13 17:00	sell	218	5.97	1.26786	1.26918	1.26742	0.00	5008.85
504	2014.10.13 17:21	s/l	217	1.99	1.26742	1.26742	1.27358	-350.24	4658.61
505	2014.10.13 17:21	t/p	218	5.97	1.26742	1.26918	1.26742	262.68	4921.29
506	2014.10.20 15:00	sell	219	0.52	1.27670	1.27859	1.27198	0.00	4921.29
507	2014.10.20 17:33	s/l	219	0.52	1.27859	1.27859	1.27198	-98.28	4823.01
508	2014.11.04 08:30	sell	220	0.57	1.25028	1.25197	1.24606	0.00	4823.01
509	2014.11.04 11:17	s/l	220	0.57	1.25197	1.25197	1.24606	-96.33	4726.68
510	2014.11.04 11:17	buy	221	0.43	1.25197	1.24981	1.25737	0.00	4726.68
511	2014.11.04 16:30	modify	221	0.43	1.25197	1.25207	1.25737	0.00	4726.68
512	2014.11.04 16:55	t/p	221	0.43	1.25737	1.25207	1.25737	232.20	4958.88
513	2014.11.06 11:45	buy	222	0.27	1.25200	1.25021	1.25648	0.00	4958.88
514	2014.11.06 14:33	s/l	222	0.27	1.25021	1.25021	1.25648	-48.33	4910.55
515	2014.11.19 09:00	buy	223	0.44	1.25344	1.25125	1.25892	0.00	4910.55
516	2014.11.19 14:55	modify	223	0.44	1.25344	1.25354	1.25892	0.00	4910.55
517	2014.11.19 16:03	s/l	223	0.44	1.25354	1.25354	1.25892	4.40	4914.95
518	2014.11.25 11:30	sell	224	2.20	1.24276	1.24432	1.23886	0.00	4914.95
519	2014.11.25 12:30	buy	225	6.60	1.24395	1.24276	1.24432	0.00	4914.95
520	2014.11.25 14:44	s/l	225	6.60	1.24276	1.24276	1.24432	-785.40	4129.55
521	2014.11.25 15:31	modify	224	2.20	1.24276	1.24266	1.23886	0.00	4129.55
522	2014.11.25 16:29	s/l	224	2.20	1.24266	1.24266	1.23886	22.00	4151.55
523	2014.11.26 10:15	buy	226	1.07	1.24785	1.24630	1.25173	0.00	4151.55
524	2014.11.26 11:06	sell	227	3.21	1.24668	1.24785	1.24630	0.00	4151.55
525	2014.11.26 11:06	s/l	226	1.07	1.24630	1.24630	1.25173	-165.85	3985.70
526	2014.11.26 11:06	t/p	227	3.21	1.24630	1.24785	1.24630	121.98	4107.68
527	2014.11.26 14:15	buy	228	0.34	1.24645	1.24409	1.25235	0.00	4107.68
528	2014.11.26 15:38	modify	228	0.34	1.24645	1.24655	1.25235	0.00	4107.68
529	2014.11.26 17:58	t/p	228	0.34	1.25235	1.24655	1.25235	200.60	4308.28
530	2014.12.10 14:45	buy	229	1.47	1.23839	1.23635	1.24349	0.00	4308.28
531	2014.12.10 17:00	modify	229	1.47	1.23839	1.23849	1.24349	0.00	4308.28
532	2014.12.10 17:37	t/p	229	1.47	1.24349	1.23849	1.24349	749.70	5057.98
533	2014.12.15 08:45	buy	230	1.18	1.24551	1.24380	1.24979	0.00	5057.98
534	2014.12.15 10:12	sell	231	3.54	1.24421	1.24551	1.24380	0.00	5057.98
535	2014.12.15 10:13	s/l	230	1.18	1.24380	1.24380	1.24979	-201.78	4856.20
536	2014.12.15 10:13	t/p	231	3.54	1.24380	1.24551	1.24380	145.14	5001.34
537	2014.12.17 09:15	buy	232	0.52	1.24923	1.24733	1.25398	0.00	5001.34
538	2014.12.17 09:55	s/l	232	0.52	1.24733	1.24733	1.25398	-98.80	4902.54
539	2014.12.22 14:45	sell	233	0.64	1.22570	1.22722	1.22190	0.00	4902.54
540	2014.12.22 21:50	modify	233	0.64	1.22570	1.22560	1.22190	0.00	4902.54
541	2014.12.22 21:59	t/p	233	0.64	1.22190	1.22560	1.22190	243.20	5145.74
542	2014.12.29 09:45	sell	234	1.86	1.21739	1.21932	1.21257	0.00	5145.74
543	2014.12.29 11:06	buy	235	5.58	1.21884	1.21739	1.21932	0.00	5145.74
544	2014.12.29 11:20	s/l	234	1.86	1.21932	1.21932	1.21257	-358.98	4786.76
545	2014.12.29 11:20	t/p	235	5.58	1.21932	1.21739	1.21932	267.84	5054.60
546	2015.01.13 09:15	buy	236	0.62	1.18384	1.18223	1.18787	0.00	5054.60
547	2015.01.13 10:43	s/l	236	0.62	1.18223	1.18223	1.18787	-99.82	4954.78
548	2015.01.15 10:15	sell	237	0.21	1.17647	1.17875	1.17077	0.00	4954.78
549	2015.01.15 11:31	modify	237	0.21	1.17647	1.17637	1.17077	0.00	4954.78
550	2015.01.15 11:31	t/p	237	0.21	1.17077	1.17637	1.17077	119.70	5074.48
551	2015.01.20 10:15	sell	238	2.01	1.15765	1.15941	1.15325	0.00	5074.48
552	2015.01.20 11:24	buy	239	6.03	1.15898	1.15765	1.15941	0.00	5074.48
553	2015.01.20 11:37	s/l	238	2.01	1.15941	1.15941	1.15325	-353.76	4720.72
554	2015.01.20 11:37	t/p	239	6.03	1.15941	1.15765	1.15941	259.29	4980.01
555	2015.01.20 15:15	sell	240	0.58	1.15785	1.15956	1.15358	0.00	4980.01
556	2015.01.20 15:25	s/l	240	0.58	1.15956	1.15956	1.15358	-99.18	4880.83
557	2015.01.21 09:15	sell	241	0.53	1.15688	1.15869	1.15236	0.00	4880.83
558	2015.01.21 14:55	s/l	241	0.53	1.15869	1.15869	1.15236	-95.93	4784.90
559	2015.02.02 10:30	buy	242	0.50	1.13235	1.13044	1.13713	0.00	4784.90
560	2015.02.02 11:59	modify	242	0.50	1.13235	1.13245	1.13713	0.00	4784.90
561	2015.02.02 13:25	s/l	242	0.50	1.13245	1.13245	1.13713	5.00	4789.90
562	2015.02.03 09:00	buy	243	2.20	1.13388	1.13236	1.13768	0.00	4789.90
563	2015.02.03 09:49	sell	244	6.60	1.13273	1.13388	1.13236	0.00	4789.90
564	2015.02.03 10:01	s/l	243	2.20	1.13236	1.13236	1.13768	-334.40	4455.50
565	2015.02.03 10:01	t/p	244	6.60	1.13236	1.13388	1.13236	244.20	4699.70
566	2015.02.10 10:30	sell	245	0.52	1.13188	1.13368	1.12738	0.00	4699.70
567	2015.02.10 11:27	modify	245	0.52	1.13188	1.13178	1.12738	0.00	4699.70
568	2015.02.10 13:50	t/p	245	0.52	1.12738	1.13178	1.12738	234.00	4933.70
569	2015.02.12 16:30	buy	246	0.71	1.13514	1.13272	1.14119	0.00	4933.70
570	2015.02.12 16:48	modify	246	0.71	1.13514	1.13524	1.14119	0.00	4933.70
571	2015.02.12 18:40	t/p	246	0.71	1.14119	1.13524	1.14119	429.55	5363.25
572	2015.02.17 08:45	sell	247	1.23	1.13504	1.13678	1.13069	0.00	5363.25
573	2015.02.17 11:08	buy	248	3.69	1.13639	1.13504	1.13678	0.00	5363.25
574	2015.02.17 11:08	s/l	247	1.23	1.13678	1.13678	1.13069	-214.02	5149.23
575	2015.02.17 11:08	t/p	248	3.69	1.13678	1.13504	1.13678	143.91	5293.14
576	2015.02.18 15:15	sell	249	0.60	1.13716	1.13890	1.13281	0.00	5293.14
577	2015.02.18 17:13	modify	249	0.60	1.13716	1.13706	1.13281	0.00	5293.14
578	2015.02.18 21:00	s/l	249	0.60	1.13706	1.13706	1.13281	6.00	5299.14
579	2015.02.24 16:15	sell	250	1.54	1.13176	1.13416	1.12576	0.00	5299.14
580	2015.02.24 17:15	buy	251	4.62	1.13357	1.13176	1.13416	0.00	5299.14
581	2015.02.24 17:15	s/l	250	1.54	1.13416	1.13416	1.12576	-369.60	4929.54
582	2015.02.24 17:15	t/p	251	4.62	1.13416	1.13176	1.13416	272.58	5202.12
583	2015.02.25 10:45	buy	252	0.61	1.13718	1.13548	1.14143	0.00	5202.12
584	2015.02.25 12:38	s/l	252	0.61	1.13548	1.13548	1.14143	-103.70	5098.42
585	2015.03.02 15:45	sell	253	0.57	1.12167	1.12345	1.11722	0.00	5098.42
586	2015.03.02 17:36	modify	253	0.57	1.12167	1.12157	1.11722	0.00	5098.42
587	2015.03.03 11:41	t/p	253	0.57	1.11722	1.12157	1.11722	255.10	5353.52
588	2015.03.18 10:45	buy	254	1.92	1.06096	1.05901	1.06584	0.00	5353.52
589	2015.03.18 14:46	sell	255	5.76	1.05947	1.06096	1.05901	0.00	5353.52
590	2015.03.18 14:51	s/l	254	1.92	1.05901	1.05901	1.06584	-374.40	4979.12
591	2015.03.18 14:51	t/p	255	5.76	1.05901	1.06096	1.05901	264.96	5244.08
592	2015.03.18 16:00	buy	256	0.43	1.06114	1.05871	1.06722	0.00	5244.08
593	2015.03.18 18:02	modify	256	0.43	1.06114	1.06124	1.06722	0.00	5244.08
594	2015.03.18 20:00	t/p	256	0.43	1.06722	1.06124	1.06722	261.44	5505.52
595	2015.04.07 08:00	sell	257	1.72	1.09238	1.09462	1.08678	0.00	5505.52
596	2015.04.07 08:32	buy	258	5.16	1.09408	1.09238	1.09462	0.00	5505.52
597	2015.04.07 08:58	s/l	257	1.72	1.09462	1.09462	1.08678	-385.28	5120.24
598	2015.04.07 09:06	s/l	258	5.16	1.09238	1.09238	1.09462	-877.20	4243.04
599	2015.04.08 14:30	sell	259	0.41	1.08561	1.08767	1.08046	0.00	4243.04
600	2015.04.08 15:32	s/l	259	0.41	1.08767	1.08767	1.08046	-84.46	4158.58
601	2015.04.15 09:30	buy	260	0.38	1.06461	1.06244	1.07004	0.00	4158.58
602	2015.04.15 10:23	s/l	260	0.38	1.06244	1.06244	1.07004	-82.46	4076.12
603	2015.04.20 09:30	buy	261	0.46	1.07898	1.07724	1.08333	0.00	4076.12
604	2015.04.20 10:06	s/l	261	0.46	1.07724	1.07724	1.08333	-80.04	3996.08
605	2015.04.21 08:30	sell	262	0.47	1.07223	1.07390	1.06806	0.00	3996.08
606	2015.04.21 09:11	modify	262	0.47	1.07223	1.07213	1.06806	0.00	3996.08
607	2015.04.21 09:47	t/p	262	0.47	1.06806	1.07213	1.06806	195.99	4192.07
608	2015.04.23 08:00	sell	263	0.85	1.07024	1.07196	1.06594	0.00	4192.07
609	2015.04.23 08:06	buy	264	2.55	1.07154	1.07024	1.07196	0.00	4192.07
610	2015.04.23 09:11	s/l	264	2.55	1.07024	1.07024	1.07196	-331.50	3860.57
611	2015.04.23 10:02	modify	263	0.85	1.07024	1.07014	1.06594	0.00	3860.57
612	2015.04.23 11:04	s/l	263	0.85	1.07014	1.07014	1.06594	8.50	3869.07
613	2015.04.27 14:00	buy	265	0.64	1.08453	1.08213	1.09053	0.00	3869.07
614	2015.04.27 15:11	sell	266	1.92	1.08272	1.08453	1.08213	0.00	3869.07
615	2015.04.27 15:14	s/l	265	0.64	1.08213	1.08213	1.09053	-153.60	3715.47
616	2015.04.27 15:14	t/p	266	1.92	1.08213	1.08453	1.08213	113.28	3828.75
617	2015.04.28 11:45	buy	267	0.36	1.08818	1.08611	1.09336	0.00	3828.75
618	2015.04.28 12:15	modify	267	0.36	1.08818	1.08828	1.09336	0.00	3828.75
619	2015.04.28 13:46	t/p	267	0.36	1.09336	1.08828	1.09336	186.48	4015.23
620	2015.06.16 09:45	buy	268	1.28	1.12784	1.12566	1.13329	0.00	4015.23
621	2015.06.16 09:54	modify	268	1.28	1.12784	1.12794	1.13329	0.00	4015.23
622	2015.06.16 10:41	s/l	268	1.28	1.12794	1.12794	1.13329	12.80	4028.03
623	2015.06.17 10:00	buy	269	0.81	1.12588	1.12391	1.13081	0.00	4028.03
624	2015.06.17 11:14	modify	269	0.81	1.12588	1.12598	1.13081	0.00	4028.03
625	2015.06.17 11:56	s/l	269	0.81	1.12598	1.12598	1.13081	8.10	4036.13
626	2015.07.29 16:30	sell	270	0.66	1.10352	1.10594	1.09747	0.00	4036.13
627	2015.07.29 21:00	buy	271	1.98	1.10537	1.10352	1.10594	0.00	4036.13
628	2015.07.29 21:00	s/l	270	0.66	1.10594	1.10594	1.09747	-159.72	3876.41
629	2015.07.29 21:00	t/p	271	1.98	1.10594	1.10352	1.10594	112.86	3989.27
630	2015.08.03 09:15	sell	272	0.46	1.09711	1.09882	1.09284	0.00	3989.27
631	2015.08.03 09:57	s/l	272	0.46	1.09882	1.09882	1.09284	-78.66	3910.61
632	2015.08.17 14:00	sell	273	0.45	1.10862	1.11034	1.10432	0.00	3910.61
633	2015.08.17 14:50	s/l	273	0.45	1.11034	1.11034	1.10432	-77.40	3833.21
634	2015.08.18 10:30	sell	274	0.45	1.10653	1.10821	1.10233	0.00	3833.21
635	2015.08.18 10:54	s/l	274	0.45	1.10821	1.10821	1.10233	-75.60	3757.61
636	2015.08.18 10:54	buy	275	0.35	1.10822	1.10609	1.11355	0.00	3757.61
637	2015.08.18 12:37	s/l	275	0.35	1.10609	1.10609	1.11355	-74.55	3683.06
638	2015.09.03 09:30	sell	276	0.24	1.12218	1.12370	1.11838	0.00	3683.06
639	2015.09.03 10:05	s/l	276	0.24	1.12370	1.12370	1.11838	-36.48	3646.58
640	2015.09.24 08:00	buy	277	0.22	1.11923	1.11764	1.12321	0.00	3646.58
641	2015.09.24 09:38	modify	277	0.22	1.11923	1.11933	1.12321	0.00	3646.58
642	2015.09.24 11:10	s/l	277	0.22	1.11933	1.11933	1.12321	2.20	3648.78
643	2015.09.30 14:30	sell	278	1.21	1.12060	1.12270	1.11535	0.00	3648.78
644	2015.09.30 17:25	modify	278	1.21	1.12060	1.12050	1.11535	0.00	3648.78
645	2015.10.01 06:33	t/p	278	1.21	1.11535	1.12050	1.11535	644.46	4293.23
646	2015.10.06 09:15	sell	279	1.06	1.11779	1.11940	1.11377	0.00	4293.23
647	2015.10.06 09:32	buy	280	3.18	1.11900	1.11779	1.11940	0.00	4293.23
648	2015.10.06 09:37	s/l	279	1.06	1.11940	1.11940	1.11377	-170.66	4122.57
649	2015.10.06 09:37	buy	281	0.73	1.11940	1.11715	1.12503	0.00	4122.57
650	2015.10.06 09:37	t/p	280	3.18	1.11940	1.11779	1.11940	127.20	4249.77
651	2015.10.06 14:38	modify	281	0.73	1.11940	1.11950	1.12503	0.00	4249.77
652	2015.10.06 17:50	t/p	281	0.73	1.12503	1.11950	1.12503	410.99	4660.76
653	2015.10.08 10:00	buy	282	0.27	1.12617	1.12448	1.13040	0.00	4660.76
654	2015.10.08 10:18	modify	282	0.27	1.12617	1.12627	1.13040	0.00	4660.76
655	2015.10.08 10:24	t/p	282	0.27	1.13040	1.12627	1.13040	114.21	4774.97
656	2015.10.13 15:30	buy	283	1.93	1.13865	1.13692	1.14298	0.00	4774.97
657	2015.10.13 16:59	sell	284	5.79	1.13735	1.13865	1.13692	0.00	4774.97
658	2015.10.13 17:02	s/l	283	1.93	1.13692	1.13692	1.14298	-333.89	4441.08
659	2015.10.13 17:02	t/p	284	5.79	1.13692	1.13865	1.13692	248.97	4690.05
660	2015.10.14 15:15	buy	285	0.54	1.14096	1.13924	1.14526	0.00	4690.05
661	2015.10.14 15:30	modify	285	0.54	1.14096	1.14106	1.14526	0.00	4690.05
662	2015.10.14 16:47	s/l	285	0.54	1.14106	1.14106	1.14526	5.40	4695.45
663	2015.10.19 10:15	sell	286	1.57	1.13584	1.13793	1.13062	0.00	4695.45
664	2015.10.19 12:37	modify	286	1.57	1.13584	1.13574	1.13062	0.00	4695.45
665	2015.10.19 17:59	t/p	286	1.57	1.13062	1.13574	1.13062	819.54	5514.99
666	2015.10.27 10:00	sell	287	1.25	1.10549	1.10725	1.10109	0.00	5514.99
667	2015.10.27 14:25	buy	288	3.75	1.10722	1.10549	1.10725	0.00	5514.99
668	2015.10.27 14:25	s/l	287	1.25	1.10725	1.10725	1.10109	-220.00	5294.99
669	2015.10.27 14:26	t/p	288	3.75	1.10725	1.10549	1.10725	11.25	5306.24
670	2015.10.28 10:45	sell	289	0.65	1.10362	1.10525	1.09955	0.00	5306.24
671	2015.10.28 11:07	s/l	289	0.65	1.10525	1.10525	1.09955	-105.95	5200.29
672	2015.11.10 10:15	sell	290	0.57	1.07475	1.07657	1.07020	0.00	5200.29
673	2015.11.10 14:49	modify	290	0.57	1.07475	1.07465	1.07020	0.00	5200.29
674	2015.11.10 14:54	t/p	290	0.57	1.07020	1.07465	1.07020	259.35	5459.64
675	2015.11.11 10:00	buy	291	2.05	1.07489	1.07303	1.07954	0.00	5459.64
676	2015.11.11 11:01	sell	292	6.15	1.07349	1.07489	1.07303	0.00	5459.64
677	2015.11.11 11:35	s/l	292	6.15	1.07489	1.07489	1.07303	-861.00	4598.64
678	2015.11.11 13:14	sell	293	6.15	1.07349	1.07489	1.07303	0.00	4598.64
679	2015.11.11 13:17	s/l	291	2.05	1.07303	1.07303	1.07954	-381.30	4217.34
680	2015.11.11 13:17	t/p	293	6.15	1.07303	1.07489	1.07303	282.90	4500.24
681	2015.11.16 15:15	sell	294	0.58	1.07229	1.07384	1.06842	0.00	4500.24
682	2015.11.16 15:37	s/l	294	0.58	1.07384	1.07384	1.06842	-89.90	4410.34
683	2015.11.18 14:15	buy	295	0.57	1.06716	1.06563	1.07099	0.00	4410.34
684	2015.11.18 16:00	s/l	295	0.57	1.06563	1.06563	1.07099	-87.21	4323.13
685	2015.11.18 16:00	sell	296	0.54	1.06563	1.06723	1.06163	0.00	4323.13
686	2015.11.18 16:43	s/l	296	0.54	1.06723	1.06723	1.06163	-86.40	4236.73
687	2015.11.19 11:00	buy	297	0.18	1.06882	1.06647	1.07470	0.00	4236.73
688	2015.11.19 16:25	modify	297	0.18	1.06882	1.06892	1.07470	0.00	4236.73
689	2015.11.19 18:09	t/p	297	0.18	1.07470	1.06892	1.07470	105.84	4342.57
690	2015.12.01 10:15	sell	298	1.75	1.05779	1.05952	1.05347	0.00	4342.57
691	2015.12.01 10:30	buy	299	5.25	1.05909	1.05779	1.05952	0.00	4342.57
692	2015.12.01 10:46	s/l	298	1.75	1.05952	1.05952	1.05347	-302.75	4039.82
693	2015.12.01 10:47	t/p	299	5.25	1.05952	1.05779	1.05952	225.75	4265.57
694	2015.12.14 09:15	sell	300	0.56	1.09585	1.09735	1.09210	0.00	4265.57
695	2015.12.14 13:25	s/l	300	0.56	1.09735	1.09735	1.09210	-84.00	4181.57
696	2015.12.16 16:30	sell	301	0.54	1.09260	1.09414	1.08875	0.00	4181.57
697	2015.12.16 17:58	s/l	301	0.54	1.09414	1.09414	1.08875	-83.16	4098.41
698	2015.12.21 15:15	buy	302	0.47	1.08708	1.08534	1.09143	0.00	4098.41
699	2015.12.21 15:44	modify	302	0.47	1.08708	1.08718	1.09143	0.00	4098.41
700	2015.12.21 17:27	t/p	302	0.47	1.09143	1.08718	1.09143	204.45	4302.86
701	2015.12.22 10:00	buy	303	1.51	1.09206	1.09007	1.09704	0.00	4302.86
702	2015.12.22 15:14	modify	303	1.51	1.09206	1.09216	1.09704	0.00	4302.86
703	2015.12.22 17:06	t/p	303	1.51	1.09704	1.09216	1.09704	751.98	5054.84
704	2015.12.24 16:45	buy	304	0.42	1.09565	1.09327	1.10160	0.00	5054.84
705	2015.12.28 13:11	modify	304	0.42	1.09565	1.09575	1.10160	0.00	5054.84
706	2015.12.29 15:14	s/l	304	0.42	1.09575	1.09575	1.10160	-6.31	5048.53
707	2015.12.29 15:14	sell	305	1.11	1.09574	1.09755	1.09122	0.00	5048.53
708	2015.12.29 15:37	modify	305	1.11	1.09574	1.09564	1.09122	0.00	5048.53
709	2015.12.29 15:48	t/p	305	1.11	1.09122	1.09564	1.09122	501.72	5550.25
710	2015.12.30 15:30	sell	306	0.70	1.09190	1.09347	1.08798	0.00	5550.25
711	2015.12.30 15:58	s/l	306	0.70	1.09347	1.09347	1.08798	-109.90	5440.35
712	2015.12.30 16:45	sell	307	0.62	1.09274	1.09448	1.08839	0.00	5440.35
713	2015.12.31 12:25	modify	307	0.62	1.09274	1.09264	1.08839	0.00	5440.35
714	2015.12.31 14:39	t/p	307	0.62	1.08839	1.09264	1.08839	274.42	5714.77
715	2016.01.12 08:30	buy	308	2.21	1.08901	1.08720	1.09354	0.00	5714.77
716	2016.01.12 10:31	sell	309	6.63	1.08764	1.08901	1.08720	0.00	5714.77
717	2016.01.12 10:32	s/l	308	2.21	1.08720	1.08720	1.09354	-400.01	5314.76
718	2016.01.12 10:32	t/p	309	6.63	1.08720	1.08901	1.08720	291.72	5606.48
719	2016.01.19 10:45	sell	310	0.70	1.08654	1.08812	1.08259	0.00	5606.48
720	2016.01.19 10:52	s/l	310	0.70	1.08812	1.08812	1.08259	-110.60	5495.88
721	2016.01.25 14:30	sell	311	0.71	1.08113	1.08267	1.07728	0.00	5495.88
722	2016.01.25 15:29	s/l	311	0.71	1.08267	1.08267	1.07728	-109.34	5386.54
723	2016.01.25 15:29	buy	312	0.53	1.08267	1.08064	1.08775	0.00	5386.54
724	2016.01.26 03:06	modify	312	0.53	1.08267	1.08277	1.08775	0.00	5386.54
725	2016.01.26 12:50	s/l	312	0.53	1.08277	1.08277	1.08775	0.88	5387.41
726	2016.01.27 11:00	buy	313	0.66	1.08668	1.08505	1.09076	0.00	5387.41
727	2016.01.27 14:56	modify	313	0.66	1.08668	1.08678	1.09076	0.00	5387.41
728	2016.01.27 15:26	t/p	313	0.66	1.09076	1.08678	1.09076	269.28	5656.69
729	2016.02.03 14:45	buy	314	1.87	1.09295	1.09084	1.09823	0.00	5656.69
730	2016.02.03 15:24	modify	314	1.87	1.09295	1.09305	1.09823	0.00	5656.69
731	2016.02.03 16:45	t/p	314	1.87	1.09823	1.09305	1.09823	987.36	6644.05
732	2016.02.08 10:15	buy	315	1.74	1.11485	1.11333	1.11865	0.00	6644.05
733	2016.02.08 11:17	modify	315	1.74	1.11485	1.11495	1.11865	0.00	6644.05
734	2016.02.08 13:08	s/l	315	1.74	1.11495	1.11495	1.11865	17.40	6661.45
735	2016.02.17 15:15	sell	316	1.66	1.11355	1.11515	1.10955	0.00	6661.45
736	2016.02.17 16:15	modify	316	1.66	1.11355	1.11345	1.10955	0.00	6661.45
737	2016.02.17 16:44	s/l	316	1.66	1.11345	1.11345	1.10955	16.60	6678.05
738	2016.02.18 10:00	sell	317	0.64	1.11271	1.11477	1.10756	0.00	6678.05
739	2016.02.18 13:58	modify	317	0.64	1.11271	1.11261	1.10756	0.00	6678.05
740	2016.02.18 16:19	t/p	317	0.64	1.10756	1.11261	1.10756	329.60	7007.65
741	2016.02.23 10:30	sell	318	1.57	1.10366	1.10544	1.09921	0.00	7007.65
742	2016.02.23 10:39	buy	319	4.71	1.10500	1.10366	1.10544	0.00	7007.65
743	2016.02.23 10:50	s/l	319	4.71	1.10366	1.10366	1.10544	-631.14	6376.51
744	2016.02.23 11:16	modify	318	1.57	1.10366	1.10356	1.09921	0.00	6376.51
745	2016.02.23 11:34	t/p	318	1.57	1.09921	1.10356	1.09921	698.65	7075.16
746	2016.03.15 11:30	sell	320	1.41	1.10961	1.11161	1.10461	0.00	7075.16
747	2016.03.15 14:30	buy	321	4.23	1.11114	1.10961	1.11161	0.00	7075.16
748	2016.03.15 14:43	s/l	320	1.41	1.11161	1.11161	1.10461	-282.00	6793.16
749	2016.03.15 14:43	t/p	321	4.23	1.11161	1.10961	1.11161	198.81	6991.97
750	2016.03.16 08:45	sell	322	0.91	1.10877	1.11030	1.10495	0.00	6991.97
751	2016.03.16 15:14	modify	322	0.91	1.10877	1.10867	1.10495	0.00	6991.97
752	2016.03.16 19:51	s/l	322	0.91	1.10867	1.10867	1.10495	9.10	7001.07
753	2016.04.11 15:30	buy	323	2.25	1.14056	1.13839	1.14599	0.00	7001.07
754	2016.04.11 16:53	modify	323	2.25	1.14056	1.14066	1.14599	0.00	7001.07
755	2016.04.11 18:57	s/l	323	2.25	1.14066	1.14066	1.14599	22.50	7023.57
756	2016.04.18 15:30	buy	324	1.40	1.13169	1.12969	1.13669	0.00	7023.57
757	2016.04.18 15:35	sell	325	4.20	1.13019	1.13169	1.12969	0.00	7023.57
758	2016.04.18 16:40	s/l	324	1.40	1.12969	1.12969	1.13669	-280.00	6743.57
759	2016.04.18 16:40	t/p	325	4.20	1.12969	1.13169	1.12969	210.00	6953.57
760	2016.04.26 09:15	buy	326	0.90	1.12721	1.12568	1.13104	0.00	6953.57
761	2016.04.26 10:00	s/l	326	0.90	1.12568	1.12568	1.13104	-137.70	6815.87
762	2016.04.26 15:15	buy	327	0.71	1.12873	1.12683	1.13348	0.00	6815.87
763	2016.04.26 15:35	modify	327	0.71	1.12873	1.12883	1.13348	0.00	6815.87
764	2016.04.26 16:23	t/p	327	0.71	1.13348	1.12883	1.13348	337.25	7153.12
765	2016.04.27 09:30	buy	328	3.09	1.13052	1.12890	1.13457	0.00	7153.12
766	2016.04.27 10:38	modify	328	3.09	1.13052	1.13062	1.13457	0.00	7153.12
767	2016.04.27 12:16	s/l	328	3.09	1.13062	1.13062	1.13457	30.90	7184.02
768	2016.04.27 15:30	buy	329	1.39	1.13114	1.12908	1.13629	0.00	7184.02
769	2016.04.27 20:14	modify	329	1.39	1.13114	1.13124	1.13629	0.00	7184.02
770	2016.04.27 21:00	s/l	329	1.39	1.13124	1.13124	1.13629	13.90	7197.92
771	2016.05.09 08:45	sell	330	1.82	1.13988	1.14146	1.13593	0.00	7197.92
772	2016.05.09 09:51	buy	331	5.46	1.14107	1.13988	1.14146	0.00	7197.92
773	2016.05.09 09:52	s/l	330	1.82	1.14146	1.14146	1.13593	-287.56	6910.36
774	2016.05.09 09:52	t/p	331	5.46	1.14146	1.13988	1.14146	212.94	7123.30
775	2016.05.09 10:15	sell	332	0.64	1.13993	1.14214	1.13441	0.00	7123.30
776	2016.05.10 13:58	modify	332	0.64	1.13993	1.13983	1.13441	0.00	7123.30
777	2016.05.10 17:42	s/l	332	0.64	1.13983	1.13983	1.13441	8.02	7131.33
778	2016.05.17 11:45	sell	333	2.85	1.13230	1.13405	1.12793	0.00	7131.33
779	2016.05.17 16:45	buy	334	8.55	1.13362	1.13230	1.13405	0.00	7131.33
780	2016.05.17 16:46	s/l	333	2.85	1.13405	1.13405	1.12793	-498.75	6632.58
781	2016.05.17 16:46	t/p	334	8.55	1.13405	1.13230	1.13405	367.65	7000.23
782	2016.05.23 15:30	sell	335	0.80	1.12019	1.12192	1.11587	0.00	7000.23
783	2016.05.23 20:14	s/l	335	0.80	1.12192	1.12192	1.11587	-138.40	6861.83
784	2016.05.24 10:30	sell	336	0.60	1.11949	1.12175	1.11384	0.00	6861.83
785	2016.05.24 15:31	modify	336	0.60	1.11949	1.11939	1.11384	0.00	6861.83
786	2016.05.24 22:16	t/p	336	0.60	1.11384	1.11939	1.11384	339.00	7200.83
787	2016.06.13 15:30	sell	337	2.50	1.12597	1.12798	1.12095	0.00	7200.83
788	2016.06.13 17:07	buy	338	7.50	1.12748	1.12597	1.12798	0.00	7200.83
789	2016.06.13 17:12	s/l	337	2.50	1.12798	1.12798	1.12095	-502.50	6698.33
790	2016.06.13 17:12	t/p	338	7.50	1.12798	1.12597	1.12798	375.00	7073.33
791	2016.07.04 14:45	buy	339	0.74	1.11379	1.11190	1.11852	0.00	7073.33
792	2016.07.05 10:29	modify	339	0.74	1.11379	1.11389	1.11852	0.00	7073.33
793	2016.07.05 10:30	t/p	339	0.74	1.11852	1.11389	1.11852	343.85	7417.17
794	2016.07.05 15:45	buy	340	2.11	1.11521	1.11276	1.12134	0.00	7417.17
795	2016.07.05 17:26	sell	341	6.33	1.11337	1.11521	1.11276	0.00	7417.17
796	2016.07.05 17:31	s/l	340	2.11	1.11276	1.11276	1.12134	-516.95	6900.22
797	2016.07.05 17:31	t/p	341	6.33	1.11276	1.11521	1.11276	386.13	7286.35
798	2016.07.13 10:15	sell	342	0.72	1.10468	1.10669	1.09966	0.00	7286.35
799	2016.07.13 12:30	s/l	342	0.72	1.10669	1.10669	1.09966	-144.72	7141.63
800	2016.07.21 09:45	buy	343	0.41	1.10426	1.10252	1.10861	0.00	7141.63
801	2016.07.21 10:27	s/l	343	0.41	1.10252	1.10252	1.10861	-71.34	7070.29
802	2016.07.21 10:27	sell	344	0.29	1.10252	1.10489	1.09660	0.00	7070.29
803	2016.07.21 15:40	s/l	344	0.29	1.10489	1.10489	1.09660	-68.73	7001.56
804	2016.08.25 16:00	buy	345	0.36	1.12941	1.12748	1.13424	0.00	7001.56
805	2016.08.25 18:53	s/l	345	0.36	1.12748	1.12748	1.13424	-69.48	6932.08
806	2016.09.13 16:15	sell	346	0.66	1.12266	1.12475	1.11744	0.00	6932.08
807	2016.09.13 17:05	s/l	346	0.66	1.12475	1.12475	1.11744	-137.94	6794.14
808	2016.09.14 10:30	sell	347	0.69	1.12235	1.12430	1.11748	0.00	6794.14
809	2016.09.14 17:22	s/l	347	0.69	1.12430	1.12430	1.11748	-134.55	6659.59
810	2016.09.29 15:45	sell	348	0.33	1.12069	1.12270	1.11567	0.00	6659.59
811	2016.09.29 17:13	s/l	348	0.33	1.12270	1.12270	1.11567	-66.33	6593.26
812	2016.10.03 10:45	buy	349	0.68	1.12377	1.12185	1.12857	0.00	6593.26
813	2016.10.03 17:00	s/l	349	0.68	1.12185	1.12185	1.12857	-130.56	6462.70
814	2016.10.19 14:00	sell	350	0.67	1.09847	1.10038	1.09370	0.00	6462.70
815	2016.10.19 17:50	modify	350	0.67	1.09847	1.09837	1.09370	0.00	6462.70
816	2016.10.20 14:25	s/l	350	0.67	1.09837	1.09837	1.09370	11.80	6474.50
817	2016.10.27 16:15	buy	351	1.47	1.09265	1.09111	1.09650	0.00	6474.50
818	2016.10.27 16:45	sell	352	4.41	1.09149	1.09265	1.09111	0.00	6474.50
819	2016.10.27 17:07	s/l	351	1.47	1.09111	1.09111	1.09650	-226.38	6248.12
820	2016.10.27 17:07	t/p	352	4.41	1.09111	1.09265	1.09111	167.58	6415.70
821	2016.11.23 14:00	sell	353	0.80	1.06221	1.06381	1.05821	0.00	6415.70
822	2016.11.23 15:20	modify	353	0.80	1.06221	1.06211	1.05821	0.00	6415.70
823	2016.11.23 15:31	t/p	353	0.80	1.05821	1.06211	1.05821	320.00	6735.70
824	2016.11.29 09:30	sell	354	2.82	1.05923	1.06090	1.05506	0.00	6735.70
825	2016.11.29 10:00	buy	355	8.46	1.06049	1.05923	1.06090	0.00	6735.70
826	2016.11.29 10:02	s/l	354	2.82	1.06090	1.06090	1.05506	-470.94	6264.76
827	2016.11.29 10:02	t/p	355	8.46	1.06090	1.05923	1.06090	346.86	6611.62
828	2016.11.29 11:00	sell	356	0.55	1.05922	1.06159	1.05330	0.00	6611.62
829	2016.11.29 17:10	s/l	356	0.55	1.06159	1.06159	1.05330	-130.35	6481.27
830	2016.11.30 10:30	buy	357	0.61	1.06382	1.06170	1.06912	0.00	6481.27
831	2016.11.30 15:15	s/l	357	0.61	1.06170	1.06170	1.06912	-129.32	6351.95
832	2016.12.07 10:45	buy	358	0.58	1.07313	1.07097	1.07853	0.00	6351.95
833	2016.12.07 12:06	s/l	358	0.58	1.07097	1.07097	1.07853	-125.28	6226.67
834	2016.12.07 12:06	sell	359	0.52	1.07097	1.07335	1.06502	0.00	6226.67
835	2016.12.07 14:46	s/l	359	0.52	1.07335	1.07335	1.06502	-123.76	6102.91
836	2016.12.14 14:00	buy	360	0.76	1.06484	1.06325	1.06882	0.00	6102.91
837	2016.12.14 16:02	s/l	360	0.76	1.06325	1.06325	1.06882	-120.84	5982.07
838	2016.12.19 09:00	buy	361	0.58	1.04757	1.04554	1.05265	0.00	5982.07
839	2016.12.19 11:47	s/l	361	0.58	1.04554	1.04554	1.05265	-117.74	5864.33
840	2016.12.19 11:47	sell	362	0.70	1.04554	1.04720	1.04139	0.00	5864.33
841	2016.12.19 13:54	modify	362	0.70	1.04554	1.04544	1.04139	0.00	5864.33
842	2016.12.19 15:20	t/p	362	0.70	1.04139	1.04544	1.04139	290.50	6154.83
843	2016.12.22 16:15	buy	363	0.25	1.04507	1.04268	1.05105	0.00	6154.83
844	2016.12.22 17:07	modify	363	0.25	1.04507	1.04517	1.05105	0.00	6154.83
845	2016.12.22 18:02	s/l	363	0.25	1.04517	1.04517	1.05105	2.50	6157.33
846	2016.12.29 11:15	buy	364	1.26	1.04570	1.04400	1.04995	0.00	6157.33
847	2016.12.29 17:57	modify	364	1.26	1.04570	1.04580	1.04995	0.00	6157.33
848	2016.12.30 01:22	t/p	364	1.26	1.04995	1.04580	1.04995	524.99	6682.32
849	2017.01.11 11:15	sell	365	1.68	1.05446	1.05605	1.05049	0.00	6682.32
850	2017.01.11 12:29	modify	365	1.68	1.05446	1.05436	1.05049	0.00	6682.32
851	2017.01.11 14:08	t/p	365	1.68	1.05049	1.05436	1.05049	666.96	7349.28
852	2017.01.16 09:15	sell	366	1.26	1.06079	1.06311	1.05499	0.00	7349.28
853	2017.01.17 05:30	buy	367	3.78	1.06253	1.06079	1.06311	0.00	7349.28
854	2017.01.17 06:10	s/l	366	1.26	1.06311	1.06311	1.05499	-289.12	7060.15
855	2017.01.17 06:10	buy	368	1.53	1.06312	1.06128	1.06772	0.00	7060.15
856	2017.01.17 06:10	t/p	367	3.78	1.06311	1.06079	1.06311	219.24	7279.39
857	2017.01.17 07:59	modify	368	1.53	1.06312	1.06322	1.06772	0.00	7279.39
858	2017.01.17 11:30	t/p	368	1.53	1.06772	1.06322	1.06772	703.80	7983.19
859	2017.01.18 10:15	buy	369	0.75	1.06946	1.06735	1.07474	0.00	7983.19
860	2017.01.18 14:57	s/l	369	0.75	1.06735	1.06735	1.07474	-158.25	7824.94
861	2017.01.26 11:45	sell	370	0.44	1.07280	1.07454	1.06845	0.00	7824.94
862	2017.01.26 15:01	modify	370	0.44	1.07280	1.07270	1.06845	0.00	7824.94
863	2017.01.26 16:20	t/p	370	0.44	1.06845	1.07270	1.06845	191.40	8016.34
864	2017.01.31 10:00	buy	371	3.24	1.06996	1.06823	1.07429	0.00	8016.34
865	2017.01.31 13:40	modify	371	3.24	1.06996	1.07006	1.07429	0.00	8016.34
866	2017.01.31 13:47	t/p	371	3.24	1.07429	1.07006	1.07429	1402.92	9419.26
867	2017.02.02 09:30	buy	372	0.96	1.07950	1.07755	1.08438	0.00	9419.26
868	2017.02.02 15:47	modify	372	0.96	1.07950	1.07960	1.08438	0.00	9419.26
869	2017.02.02 18:17	s/l	372	0.96	1.07960	1.07960	1.08438	9.60	9428.86
870	2017.02.09 15:30	sell	373	1.18	1.06815	1.06974	1.06418	0.00	9428.86
871	2017.02.09 16:49	buy	374	3.54	1.06935	1.06815	1.06974	0.00	9428.86
872	2017.02.09 16:55	s/l	374	3.54	1.06815	1.06815	1.06974	-424.80	9004.06
873	2017.02.09 17:00	modify	373	1.18	1.06815	1.06805	1.06418	0.00	9004.06
874	2017.02.10 09:58	t/p	373	1.18	1.06418	1.06805	1.06418	471.45	9475.51
875	2017.02.20 15:00	sell	375	2.01	1.06094	1.06282	1.05624	0.00	9475.51
876	2017.02.20 16:01	buy	376	6.03	1.06236	1.06094	1.06282	0.00	9475.51
877	2017.02.20 19:56	s/l	376	6.03	1.06094	1.06094	1.06282	-856.26	8619.25
878	2017.02.21 03:19	modify	375	2.01	1.06094	1.06084	1.05624	0.00	8619.25
879	2017.02.21 10:34	t/p	375	2.01	1.05624	1.06084	1.05624	949.80	9569.05
880	2017.02.23 10:15	buy	377	0.81	1.05621	1.05386	1.06209	0.00	9569.05
881	2017.02.23 11:22	sell	378	2.43	1.05444	1.05621	1.05386	0.00	9569.05
882	2017.02.23 12:08	s/l	377	0.81	1.05386	1.05386	1.06209	-190.35	9378.70
883	2017.02.23 12:08	sell	379	0.90	1.05386	1.05593	1.04869	0.00	9378.70
884	2017.02.23 12:08	t/p	378	2.43	1.05386	1.05621	1.05386	140.94	9519.64
885	2017.02.23 14:09	s/l	379	0.90	1.05593	1.05593	1.04869	-186.30	9333.34
886	2017.02.27 10:00	buy	380	0.96	1.05814	1.05620	1.06299	0.00	9333.34
887	2017.02.27 17:59	modify	380	0.96	1.05814	1.05824	1.06299	0.00	9333.34
888	2017.02.27 18:49	t/p	380	0.96	1.06299	1.05824	1.06299	465.60	9798.94
889	2017.02.28 11:15	buy	381	3.83	1.05918	1.05739	1.06366	0.00	9798.94
890	2017.02.28 17:13	modify	381	3.83	1.05918	1.05928	1.06366	0.00	9798.94
891	2017.02.28 21:59	s/l	381	3.83	1.05928	1.05928	1.06366	38.30	9837.24
892	2017.03.02 11:45	sell	382	0.99	1.05257	1.05455	1.04762	0.00	9837.24
893	2017.03.02 21:26	modify	382	0.99	1.05257	1.05247	1.04762	0.00	9837.24
894	2017.03.03 08:51	s/l	382	0.99	1.05247	1.05247	1.04762	12.41	9849.65
895	2017.03.06 15:30	buy	383	2.21	1.06011	1.05833	1.06456	0.00	9849.65
896	2017.03.06 18:27	sell	384	6.63	1.05854	1.06011	1.05833	0.00	9849.65
897	2017.03.06 18:32	s/l	383	2.21	1.05833	1.05833	1.06456	-393.38	9456.27
898	2017.03.06 18:33	t/p	384	6.63	1.05833	1.06011	1.05833	139.23	9595.50
899	2017.03.22 08:45	buy	385	1.14	1.08101	1.07934	1.08519	0.00	9595.50
900	2017.03.22 09:33	s/l	385	1.14	1.07934	1.07934	1.08519	-190.38	9405.12
901	2017.03.22 15:00	buy	386	0.89	1.08040	1.07830	1.08565	0.00	9405.12
902	2017.03.23 03:02	s/l	386	0.89	1.07830	1.07830	1.08565	-209.18	9195.94
903	2017.03.23 03:02	sell	387	0.66	1.07830	1.07968	1.07485	0.00	9195.94
904	2017.03.23 08:28	s/l	387	0.66	1.07968	1.07968	1.07485	-91.08	9104.86
905	2017.03.28 15:30	buy	388	0.99	1.08649	1.08466	1.09107	0.00	9104.86
906	2017.03.28 19:12	s/l	388	0.99	1.08466	1.08466	1.09107	-181.17	8923.69
907	2017.04.06 15:30	sell	389	0.45	1.06577	1.06772	1.06090	0.00	8923.69
908	2017.04.07 14:03	modify	389	0.45	1.06577	1.06567	1.06090	0.00	8923.69
909	2017.04.07 15:30	s/l	389	0.45	1.06567	1.06567	1.06090	5.64	8929.33
910	2017.04.27 15:00	sell	390	1.81	1.08862	1.09034	1.08432	0.00	8929.33
911	2017.04.27 15:34	buy	391	5.43	1.08992	1.08862	1.09034	0.00	8929.33
912	2017.04.27 15:35	s/l	390	1.81	1.09034	1.09034	1.08432	-311.32	8618.01
913	2017.04.27 15:35	t/p	391	5.43	1.09034	1.08862	1.09034	228.06	8846.07
914	2017.05.08 08:45	buy	392	0.84	1.09896	1.09686	1.10421	0.00	8846.07
915	2017.05.08 10:13	s/l	392	0.84	1.09686	1.09686	1.10421	-176.40	8669.67
916	2017.05.08 15:00	sell	393	0.86	1.09381	1.09581	1.08881	0.00	8669.67
917	2017.05.09 09:26	modify	393	0.86	1.09381	1.09371	1.08881	0.00	8669.67
918	2017.05.09 13:46	t/p	393	0.86	1.08881	1.09371	1.08881	432.18	9101.86
919	2017.05.25 10:30	buy	394	2.06	1.12384	1.12230	1.12769	0.00	9101.86
920	2017.05.25 12:15	sell	395	6.18	1.12268	1.12384	1.12230	0.00	9101.86
921	2017.05.25 12:34	s/l	394	2.06	1.12230	1.12230	1.12769	-317.24	8784.62
922	2017.05.25 12:34	t/p	395	6.18	1.12230	1.12384	1.12230	234.84	9019.46
923	2017.05.31 10:00	buy	396	0.90	1.11880	1.11681	1.12378	0.00	9019.46
924	2017.05.31 14:05	modify	396	0.90	1.11880	1.11890	1.12378	0.00	9019.46
925	2017.05.31 16:49	t/p	396	0.90	1.12378	1.11890	1.12378	448.20	9467.66
926	2017.06.05 10:15	buy	397	3.68	1.12759	1.12579	1.13209	0.00	9467.66
927	2017.06.05 12:12	sell	398	11.04	1.12624	1.12759	1.12579	0.00	9467.66
928	2017.06.05 13:22	s/l	397	3.68	1.12579	1.12579	1.13209	-662.40	8805.26
929	2017.06.05 13:22	t/p	398	11.04	1.12579	1.12759	1.12579	496.80	9302.06
930	2017.06.08 11:30	sell	399	0.61	1.12515	1.12666	1.12138	0.00	9302.06
931	2017.06.08 14:46	modify	399	0.61	1.12515	1.12505	1.12138	0.00	9302.06
932	2017.06.08 15:38	t/p	399	0.61	1.12138	1.12505	1.12138	229.97	9532.03
933	2017.06.12 14:15	buy	400	3.62	1.12241	1.12057	1.12701	0.00	9532.03
934	2017.06.12 16:41	sell	401	10.86	1.12103	1.12241	1.12057	0.00	9532.03
935	2017.06.12 16:51	s/l	400	3.62	1.12057	1.12057	1.12701	-666.08	8865.95
936	2017.06.12 16:51	t/p	401	10.86	1.12057	1.12241	1.12057	499.56	9365.51
937	2017.06.21 16:30	sell	402	0.89	1.11336	1.11546	1.10811	0.00	9365.51
938	2017.06.21 21:22	s/l	402	0.89	1.11546	1.11546	1.10811	-186.90	9178.61
939	2017.07.05 11:30	sell	403	1.06	1.13503	1.13675	1.13073	0.00	9178.61
940	2017.07.05 12:00	modify	403	1.06	1.13503	1.13493	1.13073	0.00	9178.61
941	2017.07.05 21:00	s/l	403	1.06	1.13493	1.13493	1.13073	10.60	9189.21
942	2017.07.20 10:30	sell	404	1.62	1.15072	1.15270	1.14577	0.00	9189.21
943	2017.07.20 15:36	buy	405	4.86	1.15221	1.15072	1.15270	0.00	9189.21
944	2017.07.20 15:37	s/l	405	4.86	1.15072	1.15072	1.15270	-724.14	8465.07
945	2017.07.20 15:40	buy	406	4.86	1.15221	1.15072	1.15270	0.00	8465.07
946	2017.07.20 15:43	s/l	404	1.62	1.15270	1.15270	1.14577	-320.76	8144.31
947	2017.07.20 15:43	t/p	406	4.86	1.15270	1.15072	1.15270	238.14	8382.45
948	2017.07.26 16:45	sell	407	0.71	1.16337	1.16572	1.15750	0.00	8382.45
949	2017.07.26 21:01	s/l	407	0.71	1.16572	1.16572	1.15750	-166.85	8215.60
950	2017.07.31 09:00	buy	408	1.00	1.17456	1.17293	1.17864	0.00	8215.60
951	2017.07.31 09:16	s/l	408	1.00	1.17293	1.17293	1.17864	-163.00	8052.60
952	2017.07.31 09:16	sell	409	0.80	1.17293	1.17492	1.16796	0.00	8052.60
953	2017.07.31 16:51	s/l	409	0.80	1.17492	1.17492	1.16796	-159.20	7893.40
954	2017.08.03 10:00	buy	410	0.50	1.18511	1.18354	1.18904	0.00	7893.40
955	2017.08.03 11:00	s/l	410	0.50	1.18354	1.18354	1.18904	-78.50	7814.90
956	2017.08.03 11:00	sell	411	0.58	1.18353	1.18487	1.18018	0.00	7814.90
957	2017.08.03 12:34	s/l	411	0.58	1.18487	1.18487	1.18018	-77.72	7737.18
958	2017.08.07 15:45	sell	412	0.88	1.17887	1.18062	1.17450	0.00	7737.18
959	2017.08.08 04:05	s/l	412	0.88	1.18062	1.18062	1.17450	-151.77	7585.41
960	2017.08.08 04:05	buy	413	1.68	1.18062	1.17972	1.18287	0.00	7585.41
961	2017.08.08 04:51	modify	413	1.68	1.18062	1.18072	1.18287	0.00	7585.41
962	2017.08.08 05:47	s/l	413	1.68	1.18072	1.18072	1.18287	16.80	7602.21
963	2017.08.22 15:45	sell	414	0.77	1.17550	1.17746	1.17060	0.00	7602.21
964	2017.08.23 10:32	s/l	414	0.77	1.17746	1.17746	1.17060	-148.97	7453.24
965	2017.09.06 09:00	buy	415	0.82	1.19253	1.19072	1.19706	0.00	7453.24
966	2017.09.07 10:46	modify	415	0.82	1.19253	1.19263	1.19706	0.00	7453.24
967	2017.09.07 12:21	t/p	415	0.82	1.19706	1.19263	1.19706	350.93	7804.17
968	2017.09.11 10:45	buy	416	2.56	1.20121	1.19908	1.20654	0.00	7804.17
969	2017.09.11 14:38	sell	417	7.68	1.19960	1.20121	1.19908	0.00	7804.17
970	2017.09.11 14:38	s/l	416	2.56	1.19908	1.19908	1.20654	-545.28	7258.89
971	2017.09.11 14:38	t/p	417	7.68	1.19908	1.20121	1.19908	399.36	7658.25
972	2017.09.12 11:30	sell	418	0.94	1.19614	1.19776	1.19209	0.00	7658.25
973	2017.09.12 13:45	modify	418	0.94	1.19614	1.19604	1.19209	0.00	7658.25
974	2017.09.12 17:18	s/l	418	0.94	1.19604	1.19604	1.19209	9.40	7667.65
975	2017.09.13 10:30	buy	419	2.73	1.19861	1.19665	1.20351	0.00	7667.65
976	2017.09.13 12:41	sell	420	8.19	1.19713	1.19861	1.19665	0.00	7667.65
977	2017.09.13 12:53	s/l	419	2.73	1.19665	1.19665	1.20351	-535.08	7132.57
978	2017.09.13 12:53	t/p	420	8.19	1.19665	1.19861	1.19665	393.12	7525.69
979	2017.09.13 14:00	buy	421	0.88	1.19866	1.19695	1.20294	0.00	7525.69
980	2017.09.13 16:01	s/l	421	0.88	1.19695	1.19695	1.20294	-150.48	7375.21
981	2017.09.18 15:30	buy	422	0.82	1.19576	1.19397	1.20024	0.00	7375.21
982	2017.09.18 18:53	s/l	422	0.82	1.19397	1.19397	1.20024	-146.78	7228.43
983	2017.09.28 16:00	sell	423	0.37	1.17668	1.17863	1.17181	0.00	7228.43
984	2017.09.28 16:20	s/l	423	0.37	1.17863	1.17863	1.17181	-72.15	7156.28
985	2017.09.28 16:20	buy	424	0.32	1.17863	1.17644	1.18411	0.00	7156.28
986	2017.09.29 15:30	modify	424	0.32	1.17863	1.17873	1.18411	0.00	7156.28
987	2017.10.02 04:10	s/l	424	0.32	1.17873	1.17873	1.18411	-2.14	7154.14
988	2017.10.03 15:45	sell	425	0.83	1.17382	1.17553	1.16955	0.00	7154.14
989	2017.10.03 16:24	s/l	425	0.83	1.17553	1.17553	1.16955	-141.93	7012.21
990	2017.10.03 16:24	buy	426	0.71	1.17553	1.17357	1.18043	0.00	7012.21
991	2017.10.04 00:51	s/l	426	0.71	1.17357	1.17357	1.18043	-145.08	6867.13
992	2017.10.19 09:45	buy	427	0.40	1.18123	1.17952	1.18551	0.00	6867.13
993	2017.10.19 11:09	s/l	427	0.40	1.17952	1.17952	1.18551	-68.40	6798.73
994	2017.10.19 11:09	sell	428	0.28	1.17952	1.18189	1.17360	0.00	6798.73
995	2017.10.19 13:21	s/l	428	0.28	1.18189	1.18189	1.17360	-66.36	6732.37
996	2017.10.31 10:30	sell	429	0.78	1.16350	1.16521	1.15923	0.00	6732.37
997	2017.10.31 18:26	s/l	429	0.78	1.16521	1.16521	1.15923	-133.38	6598.99
998	2017.11.06 09:15	sell	430	0.70	1.15999	1.16185	1.15534	0.00	6598.99
999	2017.11.07 10:43	modify	430	0.70	1.15999	1.15989	1.15534	0.00	6598.99
1000	2017.11.08 01:19	s/l	430	0.70	1.15989	1.15989	1.15534	10.55	6609.54
1001	2017.11.08 14:15	sell	431	2.83	1.15881	1.16044	1.15474	0.00	6609.54
1002	2017.11.08 16:34	buy	432	8.49	1.16004	1.15881	1.16044	0.00	6609.54
1003	2017.11.08 17:58	s/l	432	8.49	1.15881	1.15881	1.16044	-1044.27	5565.27
1004	2017.11.09 07:26	buy	433	8.49	1.16004	1.15881	1.16044	0.00	5565.27
1005	2017.11.09 07:31	s/l	431	2.83	1.16044	1.16044	1.15474	-439.76	5125.51
1006	2017.11.09 07:31	t/p	433	8.49	1.16044	1.15881	1.16044	339.60	5465.11
1007	2017.11.09 16:45	buy	434	0.24	1.16204	1.15982	1.16759	0.00	5465.11
1008	2017.11.09 18:46	modify	434	0.24	1.16204	1.16214	1.16759	0.00	5465.11
1009	2017.11.10 17:30	t/p	434	0.24	1.16759	1.16214	1.16759	131.20	5596.31
1010	2017.11.16 08:30	buy	435	1.00	1.17957	1.17763	1.18442	0.00	5596.31
1011	2017.11.16 09:15	sell	436	3.00	1.17810	1.17957	1.17763	0.00	5596.31
1012	2017.11.16 09:36	s/l	435	1.00	1.17763	1.17763	1.18442	-194.00	5402.31
1013	2017.11.16 09:37	t/p	436	3.00	1.17763	1.17957	1.17763	141.00	5543.31
1014	2017.11.22 16:30	buy	437	0.49	1.17671	1.17445	1.18236	0.00	5543.31
1015	2017.11.22 21:01	modify	437	0.49	1.17671	1.17681	1.18236	0.00	5543.31
1016	2017.11.22 21:30	t/p	437	0.49	1.18236	1.17681	1.18236	276.85	5820.16
1017	2017.11.28 10:15	buy	438	2.05	1.19040	1.18842	1.19535	0.00	5820.16
1018	2017.11.28 11:19	sell	439	6.15	1.18891	1.19040	1.18842	0.00	5820.16
1019	2017.11.28 12:08	s/l	438	2.05	1.18842	1.18842	1.19535	-405.90	5414.26
1020	2017.11.28 12:09	t/p	439	6.15	1.18842	1.19040	1.18842	301.35	5715.61
1021	2017.11.28 16:30	sell	440	0.68	1.18844	1.19010	1.18429	0.00	5715.61
1022	2017.11.28 20:20	modify	440	0.68	1.18844	1.18834	1.18429	0.00	5715.61
1023	2017.11.28 21:21	t/p	440	0.68	1.18429	1.18834	1.18429	282.20	5997.81
1024	2017.12.06 09:45	sell	441	1.94	1.18199	1.18415	1.17659	0.00	5997.81
1025	2017.12.06 16:58	modify	441	1.94	1.18199	1.18189	1.17659	0.00	5997.81
1026	2017.12.08 03:43	t/p	441	1.94	1.17659	1.18189	1.17659	1067.28	7065.09
1027	2017.12.21 15:45	buy	442	0.82	1.18695	1.18524	1.19123	0.00	7065.09
1028	2017.12.21 16:00	sell	443	2.46	1.18566	1.18695	1.18524	0.00	7065.09
1029	2017.12.21 16:09	s/l	442	0.82	1.18524	1.18524	1.19123	-140.22	6924.87
1030	2017.12.21 16:09	t/p	443	2.46	1.18524	1.18695	1.18524	103.32	7028.19
1031	2018.01.18 15:45	buy	444	0.38	1.22434	1.22252	1.22889	0.00	7028.19
1032	2018.01.18 19:51	s/l	444	0.38	1.22252	1.22252	1.22889	-69.16	6959.03
1033	2018.01.29 08:30	sell	445	0.80	1.24115	1.24288	1.23683	0.00	6959.03
1034	2018.01.29 09:08	s/l	445	0.80	1.24288	1.24288	1.23683	-138.40	6820.63
1035	2018.01.29 09:30	sell	446	0.59	1.24081	1.24309	1.23511	0.00	6820.63
1036	2018.01.29 15:27	modify	446	0.59	1.24081	1.24071	1.23511	0.00	6820.63
1037	2018.01.29 16:36	t/p	446	0.59	1.23511	1.24071	1.23511	336.30	7156.93
1038	2018.02.01 08:15	sell	447	1.30	1.24092	1.24284	1.23612	0.00	7156.93
1039	2018.02.01 10:13	buy	448	3.90	1.24237	1.24092	1.24284	0.00	7156.93
1040	2018.02.01 10:14	s/l	447	1.30	1.24284	1.24284	1.23612	-249.60	6907.33
1041	2018.02.01 10:14	t/p	448	3.90	1.24284	1.24092	1.24284	183.30	7090.63
1042	2018.02.05 14:00	sell	449	0.81	1.24476	1.24651	1.24039	0.00	7090.63
1043	2018.02.05 16:05	modify	449	0.81	1.24476	1.24466	1.24039	0.00	7090.63
1044	2018.02.05 16:40	t/p	449	0.81	1.24039	1.24466	1.24039	353.97	7444.60
1045	2018.02.07 08:15	sell	450	3.15	1.23774	1.23939	1.23362	0.00	7444.60
1046	2018.02.07 08:46	buy	451	9.45	1.23899	1.23774	1.23939	0.00	7444.60
1047	2018.02.07 08:47	s/l	450	3.15	1.23939	1.23939	1.23362	-519.75	6924.85
1048	2018.02.07 08:47	t/p	451	9.45	1.23939	1.23774	1.23939	378.00	7302.85
1049	2018.02.07 11:15	sell	452	0.64	1.23676	1.23904	1.23106	0.00	7302.85
1050	2018.02.07 16:06	modify	452	0.64	1.23676	1.23666	1.23106	0.00	7302.85
1051	2018.02.07 17:30	t/p	452	0.64	1.23106	1.23666	1.23106	364.80	7667.65
1052	2018.02.12 14:15	sell	453	3.50	1.22619	1.22772	1.22237	0.00	7667.65
1053	2018.02.12 15:34	modify	453	3.50	1.22619	1.22609	1.22237	0.00	7667.65
1054	2018.02.12 16:43	s/l	453	3.50	1.22609	1.22609	1.22237	35.00	7702.65
1055	2018.02.26 09:45	buy	454	1.63	1.23322	1.23134	1.23792	0.00	7702.65
1056	2018.02.26 10:01	sell	455	4.89	1.23181	1.23322	1.23134	0.00	7702.65
1057	2018.02.26 10:10	s/l	455	4.89	1.23322	1.23322	1.23134	-689.49	7013.16
1058	2018.02.26 10:32	sell	456	4.89	1.23181	1.23322	1.23134	0.00	7013.16
1059	2018.02.26 11:14	s/l	456	4.89	1.23322	1.23322	1.23134	-689.49	6323.67
1060	2018.02.26 15:12	sell	457	4.89	1.23181	1.23322	1.23134	0.00	6323.67
1061	2018.02.26 15:47	s/l	454	1.63	1.23134	1.23134	1.23792	-306.44	6017.23
1062	2018.02.26 15:49	t/p	457	4.89	1.23134	1.23322	1.23134	229.83	6247.06
1063	2018.02.27 08:30	buy	458	0.82	1.23331	1.23179	1.23711	0.00	6247.06
1064	2018.02.27 13:41	s/l	458	0.82	1.23179	1.23179	1.23711	-124.64	6122.42
1065	2018.03.06 10:30	buy	459	0.69	1.23436	1.23260	1.23876	0.00	6122.42
1066	2018.03.06 13:23	modify	459	0.69	1.23436	1.23446	1.23876	0.00	6122.42
1067	2018.03.06 13:32	t/p	459	0.69	1.23876	1.23446	1.23876	303.60	6426.02
1068	2018.03.08 09:45	buy	460	1.13	1.24118	1.23919	1.24616	0.00	6426.02
1069	2018.03.08 10:49	sell	461	3.39	1.23968	1.24118	1.23919	0.00	6426.02
1070	2018.03.08 10:52	s/l	460	1.13	1.23919	1.23919	1.24616	-224.87	6201.15
1071	2018.03.08 10:52	t/p	461	3.39	1.23919	1.24118	1.23919	166.11	6367.26
1072	2018.04.03 15:45	sell	462	0.55	1.22940	1.23169	1.22368	0.00	6367.26
1073	2018.04.03 16:29	modify	462	0.55	1.22940	1.22930	1.22368	0.00	6367.26
1074	2018.04.04 10:59	s/l	462	0.55	1.22930	1.22930	1.22368	6.89	6374.15
1075	2018.04.04 15:15	sell	463	2.80	1.22759	1.22918	1.22362	0.00	6374.15
1076	2018.04.04 15:43	buy	464	8.40	1.22879	1.22759	1.22918	0.00	6374.15
1077	2018.04.04 15:49	s/l	463	2.80	1.22918	1.22918	1.22362	-445.20	5928.95
1078	2018.04.04 15:49	t/p	464	8.40	1.22918	1.22759	1.22918	327.60	6256.55
1079	2018.04.09 14:45	buy	465	0.80	1.22796	1.22640	1.23186	0.00	6256.55
1080	2018.04.09 15:13	modify	465	0.80	1.22796	1.22806	1.23186	0.00	6256.55
1081	2018.04.09 16:05	t/p	465	0.80	1.23186	1.22806	1.23186	312.00	6568.55
1082	2018.04.18 11:15	buy	466	2.62	1.23700	1.23525	1.24138	0.00	6568.55
1083	2018.04.18 12:00	sell	467	7.86	1.23568	1.23700	1.23525	0.00	6568.55
1084	2018.04.18 12:00	s/l	466	2.62	1.23525	1.23525	1.24138	-458.50	6110.05
1085	2018.04.18 12:00	t/p	467	7.86	1.23525	1.23700	1.23525	337.98	6448.03
1086	2018.05.03 16:00	sell	468	0.27	1.19795	1.20031	1.19205	0.00	6448.03
1087	2018.05.03 21:44	s/l	468	0.27	1.20031	1.20031	1.19205	-63.72	6384.31
1088	2018.05.08 10:00	sell	469	0.74	1.19179	1.19351	1.18749	0.00	6384.31
1089	2018.05.08 11:27	modify	469	0.74	1.19179	1.19169	1.18749	0.00	6384.31
1090	2018.05.08 12:42	t/p	469	0.74	1.18749	1.19169	1.18749	318.20	6702.51
1091	2018.05.10 10:15	sell	470	1.12	1.18604	1.18812	1.18084	0.00	6702.51
1092	2018.05.10 11:52	buy	471	3.36	1.18761	1.18604	1.18812	0.00	6702.51
1093	2018.05.10 12:15	s/l	470	1.12	1.18812	1.18812	1.18084	-232.96	6469.55
1094	2018.05.10 12:15	t/p	471	3.36	1.18812	1.18604	1.18812	171.36	6640.91
1095	2018.05.15 11:00	sell	472	0.83	1.19231	1.19391	1.18831	0.00	6640.91
1096	2018.05.15 14:10	modify	472	0.83	1.19231	1.19221	1.18831	0.00	6640.91
1097	2018.05.15 14:28	t/p	472	0.83	1.18831	1.19221	1.18831	332.00	6972.91
1098	2018.05.17 09:15	sell	473	1.08	1.18149	1.18374	1.17587	0.00	6972.91
1099	2018.05.17 13:27	modify	473	1.08	1.18149	1.18139	1.17587	0.00	6972.91
1100	2018.05.18 08:58	s/l	473	1.08	1.18139	1.18139	1.17587	13.54	6986.45
1101	2018.06.12 15:00	buy	474	1.44	1.17935	1.17741	1.18420	0.00	6986.45
1102	2018.06.12 15:28	sell	475	4.32	1.17789	1.17935	1.17741	0.00	6986.45
1103	2018.06.12 15:32	s/l	475	4.32	1.17935	1.17935	1.17741	-630.72	6355.73
1104	2018.06.12 19:29	sell	476	4.32	1.17789	1.17935	1.17741	0.00	6355.73
1105	2018.06.12 19:58	s/l	474	1.44	1.17741	1.17741	1.18420	-279.36	6076.37
1106	2018.06.12 19:58	t/p	476	4.32	1.17741	1.17935	1.17741	207.36	6283.73
1107	2018.06.13 09:15	sell	477	0.83	1.17397	1.17548	1.17020	0.00	6283.73
1108	2018.06.13 12:52	s/l	477	0.83	1.17548	1.17548	1.17020	-125.33	6158.40
1109	2018.06.20 10:00	sell	478	0.63	1.15667	1.15862	1.15180	0.00	6158.40
1110	2018.06.20 10:42	s/l	478	0.63	1.15862	1.15862	1.15180	-122.85	6035.55
1111	2018.06.21 11:15	sell	479	0.38	1.15541	1.15697	1.15151	0.00	6035.55
1112	2018.06.21 11:50	modify	479	0.38	1.15541	1.15531	1.15151	0.00	6035.55
1113	2018.06.21 12:02	t/p	479	0.38	1.15151	1.15531	1.15151	148.20	6183.75
1114	2018.06.27 08:15	sell	480	2.29	1.16401	1.16590	1.15929	0.00	6183.75
1115	2018.06.27 08:52	buy	481	6.87	1.16543	1.16401	1.16590	0.00	6183.75
1116	2018.06.27 09:09	s/l	480	2.29	1.16590	1.16590	1.15929	-432.81	5750.94
1117	2018.06.27 09:11	t/p	481	6.87	1.16590	1.16401	1.16590	322.89	6073.83
1118	2018.06.27 10:45	sell	482	0.61	1.16544	1.16741	1.16052	0.00	6073.83
1119	2018.06.27 11:35	modify	482	0.61	1.16544	1.16534	1.16052	0.00	6073.83
1120	2018.06.27 15:48	t/p	482	0.61	1.16052	1.16534	1.16052	300.12	6373.95
1121	2018.07.05 08:30	buy	483	1.36	1.16643	1.16479	1.17053	0.00	6373.95
1122	2018.07.05 08:51	modify	483	1.36	1.16643	1.16653	1.17053	0.00	6373.95
1123	2018.07.05 09:37	t/p	483	1.36	1.17053	1.16653	1.17053	557.60	6931.55
1124	2018.07.10 09:45	buy	484	1.65	1.17465	1.17297	1.17885	0.00	6931.55
1125	2018.07.10 11:36	sell	485	4.95	1.17339	1.17465	1.17297	0.00	6931.55
1126	2018.07.10 11:39	s/l	484	1.65	1.17297	1.17297	1.17885	-277.20	6654.35
1127	2018.07.10 11:39	t/p	485	4.95	1.17297	1.17465	1.17297	207.90	6862.25
1128	2018.07.10 11:45	sell	486	0.56	1.17264	1.17505	1.16662	0.00	6862.25
1129	2018.07.11 15:45	s/l	486	0.56	1.17505	1.17505	1.16662	-133.54	6728.71
1130	2018.07.24 11:30	sell	487	0.70	1.16796	1.16988	1.16316	0.00	6728.71
1131	2018.07.24 13:09	s/l	487	0.70	1.16988	1.16988	1.16316	-134.40	6594.31
1132	2018.07.24 16:45	buy	488	0.74	1.17052	1.16876	1.17492	0.00	6594.31
1133	2018.07.24 18:51	s/l	488	0.74	1.16876	1.16876	1.17492	-130.24	6464.07
1134	2018.07.25 16:00	buy	489	0.82	1.16990	1.16834	1.17380	0.00	6464.07
1135	2018.07.25 17:43	s/l	489	0.82	1.16834	1.16834	1.17380	-127.92	6336.15
1136	2018.08.01 16:45	sell	490	0.83	1.16783	1.16935	1.16403	0.00	6336.15
1137	2018.08.02 05:44	modify	490	0.83	1.16783	1.16773	1.16403	0.00	6336.15
1138	2018.08.02 09:35	t/p	490	0.83	1.16403	1.16773	1.16403	321.71	6657.87
1139	2018.08.16 11:30	buy	491	1.02	1.13776	1.13548	1.14346	0.00	6657.87
1140	2018.08.16 14:00	sell	492	3.06	1.13604	1.13776	1.13548	0.00	6657.87
1141	2018.08.16 14:28	s/l	492	3.06	1.13776	1.13776	1.13548	-526.32	6131.55
1142	2018.08.16 19:50	sell	493	3.06	1.13605	1.13776	1.13548	0.00	6131.55
1143	2018.08.16 20:47	s/l	491	1.02	1.13548	1.13548	1.14346	-232.56	5898.99
1144	2018.08.16 20:47	t/p	493	3.06	1.13548	1.13776	1.13548	174.42	6073.41
1145	2018.08.27 14:15	buy	494	0.80	1.16177	1.16026	1.16555	0.00	6073.41
1146	2018.08.27 15:20	modify	494	0.80	1.16177	1.16187	1.16555	0.00	6073.41
1147	2018.08.27 16:48	t/p	494	0.80	1.16555	1.16187	1.16555	302.40	6375.81
1148	2018.09.05 09:15	sell	495	2.93	1.15819	1.15971	1.15439	0.00	6375.81
1149	2018.09.05 10:16	modify	495	2.93	1.15819	1.15809	1.15439	0.00	6375.81
1150	2018.09.05 10:22	t/p	495	2.93	1.15439	1.15809	1.15439	1113.40	7489.21
1151	2018.09.06 10:30	buy	496	0.67	1.16337	1.16114	1.16895	0.00	7489.21
1152	2018.09.06 12:42	sell	497	2.01	1.16169	1.16337	1.16114	0.00	7489.21
1153	2018.09.06 14:53	s/l	497	2.01	1.16337	1.16337	1.16114	-337.68	7151.53
1154	2018.09.06 18:05	sell	498	2.01	1.16168	1.16337	1.16114	0.00	7151.53
1155	2018.09.06 18:06	s/l	496	0.67	1.16114	1.16114	1.16895	-149.41	7002.12
1156	2018.09.06 18:06	t/p	498	2.01	1.16114	1.16337	1.16114	108.54	7110.66
1157	2018.09.12 11:45	sell	499	0.61	1.15831	1.16064	1.15249	0.00	7110.66
1158	2018.09.12 17:01	s/l	499	0.61	1.16064	1.16064	1.15249	-142.13	6968.53
1159	2018.09.25 11:45	buy	500	0.55	1.17560	1.17311	1.18183	0.00	6968.53
1160	2018.09.26 15:20	s/l	500	0.55	1.17311	1.17311	1.18183	-141.54	6826.99
1161	2018.09.26 15:20	sell	501	0.81	1.17311	1.17478	1.16894	0.00	6826.99
1162	2018.09.26 17:45	s/l	501	0.81	1.17478	1.17478	1.16894	-135.27	6691.72
1163	2018.10.10 14:00	buy	502	0.77	1.15026	1.14853	1.15459	0.00	6691.72
1164	2018.10.10 17:09	modify	502	0.77	1.15026	1.15036	1.15459	0.00	6691.72
1165	2018.10.11 04:51	t/p	502	0.77	1.15459	1.15036	1.15459	314.14	7005.85
1166	2018.10.16 10:30	buy	503	2.10	1.15911	1.15678	1.16494	0.00	7005.85
1167	2018.10.16 12:06	sell	504	6.30	1.15736	1.15911	1.15678	0.00	7005.85
1168	2018.10.16 12:23	s/l	503	2.10	1.15678	1.15678	1.16494	-489.30	6516.55
1169	2018.10.16 12:23	t/p	504	6.30	1.15678	1.15911	1.15678	365.40	6881.95
1170	2018.10.18 15:15	sell	505	0.41	1.15042	1.15208	1.14627	0.00	6881.95
1171	2018.10.18 19:15	modify	505	0.41	1.15042	1.15032	1.14627	0.00	6881.95
1172	2018.10.18 20:19	t/p	505	0.41	1.14627	1.15032	1.14627	170.15	7052.10
1173	2018.10.25 16:15	sell	506	1.04	1.14105	1.14342	1.13513	0.00	7052.10
1174	2018.10.25 16:40	modify	506	1.04	1.14105	1.14095	1.13513	0.00	7052.10
1175	2018.10.26 12:53	t/p	506	1.04	1.13513	1.14095	1.13513	618.32	7670.42
1176	2018.11.08 09:15	sell	507	0.72	1.14158	1.14369	1.13631	0.00	7670.42
1177	2018.11.08 09:43	buy	508	2.16	1.14317	1.14158	1.14369	0.00	7670.42
1178	2018.11.08 10:02	s/l	507	0.72	1.14369	1.14369	1.13631	-151.92	7518.50
1179	2018.11.08 10:02	t/p	508	2.16	1.14369	1.14158	1.14369	112.32	7630.82
1180	2018.11.08 11:00	sell	509	0.45	1.14295	1.14463	1.13875	0.00	7630.82
1181	2018.11.08 13:34	modify	509	0.45	1.14295	1.14285	1.13875	0.00	7630.82
1182	2018.11.08 15:15	s/l	509	0.45	1.14285	1.14285	1.13875	4.50	7635.32
1183	2018.11.21 11:45	sell	510	2.16	1.13826	1.14073	1.13209	0.00	7635.32
1184	2018.11.21 12:04	buy	511	6.48	1.14013	1.13826	1.14073	0.00	7635.32
1185	2018.11.21 12:33	s/l	511	6.48	1.13826	1.13826	1.14073	-1211.76	6423.56
1186	2018.11.21 13:22	buy	512	6.48	1.14012	1.13826	1.14073	0.00	6423.56
1187	2018.11.21 13:23	s/l	510	2.16	1.14073	1.14073	1.13209	-533.52	5890.04
1188	2018.11.21 13:23	t/p	512	6.48	1.14073	1.13826	1.14073	395.28	6285.32
1189	2018.11.26 15:00	sell	513	0.83	1.13561	1.13712	1.13184	0.00	6285.32
1190	2018.11.26 15:34	s/l	513	0.83	1.13712	1.13712	1.13184	-125.33	6159.99
1191	2018.12.13 15:30	buy	514	0.25	1.13807	1.13570	1.14400	0.00	6159.99
1192	2018.12.13 15:38	s/l	514	0.25	1.13570	1.13570	1.14400	-59.25	6100.74
1193	2018.12.27 09:45	sell	515	0.38	1.13748	1.13907	1.13351	0.00	6100.74
1194	2018.12.27 10:24	s/l	515	0.38	1.13907	1.13907	1.13351	-60.42	6040.32
1195	2018.12.27 10:24	buy	516	0.30	1.13907	1.13708	1.14405	0.00	6040.32
1196	2018.12.27 14:58	s/l	516	0.30	1.13708	1.13708	1.14405	-59.70	5980.62
1197	2018.12.31 10:00	buy	517	0.57	1.14428	1.14219	1.14951	0.00	5980.62
1198	2019.01.02 07:58	modify	517	0.57	1.14428	1.14438	1.14951	0.00	5980.62
1199	2019.01.02 08:10	t/p	517	0.57	1.14951	1.14438	1.14951	288.60	6269.22
1200	2019.01.09 15:45	buy	518	2.52	1.14633	1.14459	1.15068	0.00	6269.22
1201	2019.01.09 16:35	modify	518	2.52	1.14633	1.14643	1.15068	0.00	6269.22
1202	2019.01.09 16:36	t/p	518	2.52	1.15068	1.14643	1.15068	1096.20	7365.42
1203	2019.01.14 14:45	sell	519	1.81	1.14570	1.14732	1.14165	0.00	7365.42
1204	2019.01.14 15:07	buy	520	5.43	1.14692	1.14570	1.14732	0.00	7365.42
1205	2019.01.14 15:44	s/l	520	5.43	1.14570	1.14570	1.14732	-662.46	6702.96
1206	2019.01.14 17:09	buy	521	5.43	1.14692	1.14570	1.14732	0.00	6702.96
1207	2019.01.14 17:55	s/l	519	1.81	1.14732	1.14732	1.14165	-293.22	6409.74
1208	2019.01.14 17:55	t/p	521	5.43	1.14732	1.14570	1.14732	217.20	6626.94
1209	2019.01.17 15:45	sell	522	0.35	1.13876	1.14064	1.13406	0.00	6626.94
1210	2019.01.18 12:02	s/l	522	0.35	1.14064	1.14064	1.13406	-64.91	6562.02
1211	2019.01.30 10:30	buy	523	0.73	1.14396	1.14218	1.14841	0.00	6562.02
1212	2019.01.30 13:11	s/l	523	0.73	1.14218	1.14218	1.14841	-129.94	6432.08
1213	2019.02.13 14:00	buy	524	0.62	1.13294	1.13087	1.13812	0.00	6432.08
1214	2019.02.13 14:54	s/l	524	0.62	1.13087	1.13087	1.13812	-128.34	6303.74
1215	2019.02.20 14:30	buy	525	0.68	1.13406	1.13223	1.13864	0.00	6303.74
1216	2019.02.20 18:51	modify	525	0.68	1.13406	1.13416	1.13864	0.00	6303.74
1217	2019.02.20 21:11	s/l	525	0.68	1.13416	1.13416	1.13864	6.80	6310.54
1218	2019.03.11 15:30	buy	526	2.04	1.12518	1.12302	1.13058	0.00	6310.54
1219	2019.03.11 16:51	sell	527	6.12	1.12356	1.12518	1.12302	0.00	6310.54
1220	2019.03.11 17:51	s/l	526	2.04	1.12302	1.12302	1.13058	-440.64	5869.90
1221	2019.03.11 17:51	t/p	527	6.12	1.12302	1.12518	1.12302	330.48	6200.38
1222	2019.03.14 09:30	buy	528	0.40	1.13253	1.13098	1.13641	0.00	6200.38
1223	2019.03.14 12:01	s/l	528	0.40	1.13098	1.13098	1.13641	-62.00	6138.38
1224	2019.10.03 15:45	buy	529	0.38	1.09621	1.09460	1.10024	0.00	6138.38
1225	2019.10.03 17:00	modify	529	0.38	1.09621	1.09631	1.10024	0.00	6138.38
1226	2019.10.03 23:59	s/l	529	0.38	1.09631	1.09631	1.10024	3.80	6142.18
1227	2019.10.16 15:45	buy	530	1.85	1.10442	1.10210	1.11022	0.00	6142.18
1228	2019.10.16 19:25	modify	530	1.85	1.10442	1.10452	1.11022	0.00	6142.18
1229	2019.10.17 12:30	t/p	530	1.85	1.11022	1.10452	1.11022	1026.69	7168.88
1230	2019.11.07 16:00	sell	531	0.82	1.10670	1.10843	1.10238	0.00	7168.88
1231	2019.11.07 17:57	modify	531	0.82	1.10670	1.10660	1.10238	0.00	7168.88
1232	2019.11.08 17:02	t/p	531	0.82	1.10238	1.10660	1.10238	356.32	7525.20
1233	2020.02.24 10:30	buy	532	1.63	1.08283	1.08099	1.08743	0.00	7525.20
1234	2020.02.24 11:49	sell	533	4.89	1.08142	1.08283	1.08099	0.00	7525.20
1235	2020.02.24 14:29	s/l	533	4.89	1.08283	1.08283	1.08099	-689.49	6835.71
1236	2020.02.24 15:11	sell	534	4.89	1.08142	1.08283	1.08099	0.00	6835.71
1237	2020.02.24 16:20	s/l	534	4.89	1.08283	1.08283	1.08099	-689.49	6146.22
1238	2020.02.24 17:07	modify	532	1.63	1.08283	1.08293	1.08743	0.00	6146.22
1239	2020.02.25 18:16	t/p	532	1.63	1.08743	1.08293	1.08743	736.20	6882.41
1240	2020.03.04 10:00	buy	535	1.67	1.11594	1.11430	1.12004	0.00	6882.41
1241	2020.03.04 10:42	modify	535	1.67	1.11594	1.11604	1.12004	0.00	6882.41
1242	2020.03.04 11:04	s/l	535	1.67	1.11604	1.11604	1.12004	16.70	6899.11
1243	2020.04.06 09:15	sell	536	1.22	1.08149	1.08374	1.07587	0.00	6899.11
1244	2020.04.06 15:45	modify	536	1.22	1.08149	1.08139	1.07587	0.00	6899.11
1245	2020.04.06 18:24	s/l	536	1.22	1.08139	1.08139	1.07587	12.20	6911.31
1246	2020.04.09 15:15	buy	537	0.70	1.08670	1.08475	1.09158	0.00	6911.31
1247	2020.04.09 15:53	modify	537	0.70	1.08670	1.08680	1.09158	0.00	6911.31
1248	2020.04.09 16:13	t/p	537	0.70	1.09158	1.08680	1.09158	341.60	7252.91
1249	2020.04.13 09:30	buy	538	1.66	1.09488	1.09314	1.09923	0.00	7252.91
1250	2020.04.13 11:16	sell	539	4.98	1.09356	1.09488	1.09314	0.00	7252.91
1251	2020.04.13 11:20	s/l	538	1.66	1.09314	1.09314	1.09923	-288.84	6964.07
1252	2020.04.13 11:20	t/p	539	4.98	1.09314	1.09488	1.09314	209.16	7173.23
1253	2020.04.13 15:00	buy	540	0.62	1.09303	1.09072	1.09881	0.00	7173.23
1254	2020.04.13 16:29	s/l	540	0.62	1.09072	1.09072	1.09881	-143.22	7030.01
1255	2020.04.20 08:45	sell	541	0.69	1.08528	1.08731	1.08021	0.00	7030.01
1256	2020.04.20 11:46	s/l	541	0.69	1.08731	1.08731	1.08021	-140.07	6889.94
1257	2020.04.20 11:46	buy	542	0.87	1.08731	1.08574	1.09124	0.00	6889.94
1258	2020.04.20 14:08	s/l	542	0.87	1.08574	1.08574	1.09124	-136.59	6753.35
1259	2020.04.28 10:30	buy	543	0.58	1.08307	1.08076	1.08885	0.00	6753.35
1260	2020.04.28 12:20	modify	543	0.58	1.08307	1.08317	1.08885	0.00	6753.35
1261	2020.04.28 17:59	s/l	543	0.58	1.08317	1.08317	1.08885	5.80	6759.15
1262	2020.04.29 16:00	buy	544	2.38	1.08573	1.08375	1.09068	0.00	6759.15
1263	2020.04.30 10:05	modify	544	2.38	1.08573	1.08583	1.09068	0.00	6759.15
1264	2020.04.30 16:08	s/l	544	2.38	1.08583	1.08583	1.09068	-35.78	6723.38
1265	2020.05.07 11:00	sell	545	0.34	1.07988	1.08182	1.07503	0.00	6723.38
1266	2020.05.07 17:03	modify	545	0.34	1.07988	1.07978	1.07503	0.00	6723.38
1267	2020.05.07 18:45	s/l	545	0.34	1.07978	1.07978	1.07503	3.40	6726.78
1268	2020.05.12 10:45	sell	546	2.25	1.08086	1.08295	1.07564	0.00	6726.78
1269	2020.05.12 11:15	buy	547	6.75	1.08243	1.08086	1.08295	0.00	6726.78
1270	2020.05.12 13:25	s/l	546	2.25	1.08295	1.08295	1.07564	-470.25	6256.53
1271	2020.05.12 13:25	t/p	547	6.75	1.08295	1.08086	1.08295	351.00	6607.53
1272	2020.05.27 11:00	buy	548	0.86	1.09651	1.09499	1.10031	0.00	6607.53
1273	2020.05.27 12:03	s/l	548	0.86	1.09499	1.09499	1.10031	-130.72	6476.81
1274	2020.06.08 10:00	buy	549	0.84	1.12944	1.12791	1.13327	0.00	6476.81
1275	2020.06.08 13:35	s/l	549	0.84	1.12791	1.12791	1.13327	-128.52	6348.29
1276	2020.06.09 09:45	sell	550	0.55	1.12753	1.12980	1.12186	0.00	6348.29
1277	2020.06.09 11:19	modify	550	0.55	1.12753	1.12743	1.12186	0.00	6348.29
1278	2020.06.09 13:09	s/l	550	0.55	1.12743	1.12743	1.12186	5.50	6353.79
1279	2020.06.24 14:00	buy	551	2.77	1.13069	1.12909	1.13469	0.00	6353.79
1280	2020.06.24 14:35	sell	552	8.31	1.12947	1.13069	1.12909	0.00	6353.79
1281	2020.06.24 14:43	s/l	551	2.77	1.12909	1.12909	1.13469	-443.20	5910.59
1282	2020.06.24 14:43	t/p	552	8.31	1.12909	1.13069	1.12909	315.78	6226.37
1283	2020.07.08 09:15	sell	553	0.69	1.12656	1.12836	1.12206	0.00	6226.37
1284	2020.07.08 10:06	s/l	553	0.69	1.12836	1.12836	1.12206	-124.20	6102.17
1285	2020.07.08 14:45	buy	554	0.79	1.12893	1.12740	1.13276	0.00	6102.17
1286	2020.07.08 16:32	modify	554	0.79	1.12893	1.12903	1.13276	0.00	6102.17
1287	2020.07.08 16:39	t/p	554	0.79	1.13276	1.12903	1.13276	302.57	6404.74
1288	2020.07.14 11:45	buy	555	2.16	1.13492	1.13285	1.14010	0.00	6404.74
1289	2020.07.14 14:36	modify	555	2.16	1.13492	1.13502	1.14010	0.00	6404.74
1290	2020.07.14 17:29	t/p	555	2.16	1.14010	1.13502	1.14010	1118.88	7523.62
1291	2020.07.16 15:00	buy	556	0.79	1.14133	1.13944	1.14606	0.00	7523.62
1292	2020.07.16 17:40	modify	556	0.79	1.14133	1.14143	1.14606	0.00	7523.62
1293	2020.07.16 19:39	s/l	556	0.79	1.14143	1.14143	1.14606	7.90	7531.52
1294	2020.07.21 10:15	buy	557	1.23	1.14589	1.14345	1.15199	0.00	7531.52
1295	2020.07.21 10:42	sell	558	3.69	1.14403	1.14589	1.14345	0.00	7531.52
1296	2020.07.21 10:46	s/l	557	1.23	1.14345	1.14345	1.15199	-300.12	7231.40
1297	2020.07.21 10:46	t/p	558	3.69	1.14345	1.14589	1.14345	214.02	7445.42
1298	2020.07.29 09:15	buy	559	0.89	1.17407	1.17240	1.17825	0.00	7445.42
1299	2020.07.29 10:43	modify	559	0.89	1.17407	1.17417	1.17825	0.00	7445.42
1300	2020.07.29 14:01	s/l	559	0.89	1.17417	1.17417	1.17825	8.90	7454.32
1301	2020.08.17 14:45	buy	560	2.71	1.18510	1.18318	1.18990	0.00	7454.32
1302	2020.08.17 16:51	modify	560	2.71	1.18510	1.18520	1.18990	0.00	7454.32
1303	2020.08.18 09:33	t/p	560	2.71	1.18990	1.18520	1.18990	1278.19	8732.51
1304	2020.08.27 10:45	buy	561	1.01	1.18316	1.18144	1.18746	0.00	8732.51
1305	2020.08.27 13:32	sell	562	3.03	1.18186	1.18316	1.18144	0.00	8732.51
1306	2020.08.27 13:34	s/l	561	1.01	1.18144	1.18144	1.18746	-173.72	8558.79
1307	2020.08.27 13:34	t/p	562	3.03	1.18144	1.18316	1.18144	127.26	8686.05
1308	2020.09.02 09:30	sell	563	0.92	1.18965	1.19153	1.18495	0.00	8686.05
1309	2020.09.02 10:32	modify	563	0.92	1.18965	1.18955	1.18495	0.00	8686.05
1310	2020.09.02 14:31	t/p	563	0.92	1.18495	1.18955	1.18495	432.40	9118.45
1311	2020.09.09 11:45	sell	564	2.99	1.17679	1.17892	1.17147	0.00	9118.45
1312	2020.09.09 15:36	buy	565	8.97	1.17840	1.17679	1.17892	0.00	9118.45
1313	2020.09.09 15:49	s/l	564	2.99	1.17892	1.17892	1.17147	-636.87	8481.58
1314	2020.09.09 15:49	t/p	565	8.97	1.17892	1.17679	1.17892	466.44	8948.02
1315	2020.09.10 11:30	buy	566	0.49	1.18319	1.18138	1.18772	0.00	8948.02
1316	2020.09.10 15:31	modify	566	0.49	1.18319	1.18329	1.18772	0.00	8948.02
1317	2020.09.10 15:31	t/p	566	0.49	1.18772	1.18329	1.18772	221.97	9169.99
1318	2020.09.30 15:30	buy	567	3.39	1.17154	1.16965	1.17627	0.00	9169.99
1319	2020.09.30 16:34	sell	568	10.17	1.17012	1.17154	1.16965	0.00	9169.99
1320	2020.09.30 16:38	s/l	567	3.39	1.16965	1.16965	1.17627	-640.71	8529.28
1321	2020.09.30 16:38	t/p	568	10.17	1.16965	1.17154	1.16965	477.99	9007.27
1322	2020.10.12 10:45	buy	569	0.98	1.18219	1.18036	1.18677	0.00	9007.27
1323	2020.10.12 12:24	s/l	569	0.98	1.18036	1.18036	1.18677	-179.34	8827.93
1324	2020.10.13 16:15	sell	570	0.96	1.17823	1.18006	1.17366	0.00	8827.93
1325	2020.10.13 16:39	modify	570	0.96	1.17823	1.17813	1.17366	0.00	8827.93
1326	2020.10.13 18:47	t/p	570	0.96	1.17366	1.17813	1.17366	438.72	9266.65
1327	2020.11.10 10:00	sell	571	3.08	1.18168	1.18378	1.17643	0.00	9266.65
1328	2020.11.10 10:20	buy	572	9.24	1.18327	1.18168	1.18378	0.00	9266.65
1329	2020.11.10 10:28	s/l	571	3.08	1.18378	1.18378	1.17643	-646.80	8619.85
1330	2020.11.10 10:28	t/p	572	9.24	1.18378	1.18168	1.18378	471.24	9091.09
1331	2020.11.11 09:45	sell	573	1.15	1.18144	1.18301	1.17752	0.00	9091.09
1332	2020.11.11 10:20	modify	573	1.15	1.18144	1.18134	1.17752	0.00	9091.09
1333	2020.11.11 12:55	t/p	573	1.15	1.17752	1.18134	1.17752	450.80	9541.89
1334	2020.11.12 16:00	buy	574	1.57	1.18095	1.17883	1.18625	0.00	9541.89
1335	2020.11.12 16:12	sell	575	4.71	1.17936	1.18095	1.17883	0.00	9541.89
1336	2020.11.12 16:29	s/l	574	1.57	1.17883	1.17883	1.18625	-332.84	9209.05
1337	2020.11.12 16:29	t/p	575	4.71	1.17883	1.18095	1.17883	249.63	9458.68
1338	2020.11.19 10:30	sell	576	0.54	1.18360	1.18534	1.17925	0.00	9458.68
1339	2020.11.19 20:55	s/l	576	0.54	1.18534	1.18534	1.17925	-93.96	9364.72
1340	2020.11.25 15:00	buy	577	1.17	1.18959	1.18799	1.19359	0.00	9364.72
1341	2020.11.25 17:39	modify	577	1.17	1.18959	1.18969	1.19359	0.00	9364.72
1342	2020.11.26 08:23	t/p	577	1.17	1.19359	1.18969	1.19359	438.71	9803.43
1343	2020.12.01 15:30	buy	578	3.41	1.19823	1.19622	1.20326	0.00	9803.43
1344	2020.12.01 17:17	modify	578	3.41	1.19823	1.19833	1.20326	0.00	9803.43
1345	2020.12.01 17:49	t/p	578	3.41	1.20326	1.19833	1.20326	1715.23	11518.66
1346	2020.12.15 16:30	buy	579	2.41	1.21529	1.21338	1.22007	0.00	11518.66
1347	2020.12.16 10:30	modify	579	2.41	1.21529	1.21539	1.22007	0.00	11518.66
1348	2020.12.16 10:34	t/p	579	2.41	1.22007	1.21539	1.22007	1131.87	12650.53
1349	2020.12.22 10:00	sell	580	3.35	1.22167	1.22318	1.21790	0.00	12650.53
1350	2020.12.22 12:49	buy	581	10.05	1.22283	1.22167	1.22318	0.00	12650.53
1351	2020.12.22 12:52	s/l	580	3.35	1.22318	1.22318	1.21790	-505.85	12144.68
1352	2020.12.22 12:52	t/p	581	10.05	1.22318	1.22167	1.22318	351.75	12496.43
1353	2020.12.23 10:15	sell	582	1.30	1.21838	1.22029	1.21361	0.00	12496.43
1354	2020.12.23 16:30	s/l	582	1.30	1.22029	1.22029	1.21361	-248.30	12248.13
1355	2020.12.28 15:15	buy	583	1.31	1.22187	1.22001	1.22652	0.00	12248.13
1356	2020.12.29 09:12	modify	583	1.31	1.22187	1.22197	1.22652	0.00	12248.13
1357	2020.12.29 16:48	t/p	583	1.31	1.22652	1.22197	1.22652	598.22	12846.35
1358	2020.12.31 11:00	buy	584	2.75	1.23012	1.22849	1.23420	0.00	12846.35
1359	2020.12.31 11:10	sell	585	8.25	1.22889	1.23012	1.22849	0.00	12846.35
1360	2020.12.31 11:15	s/l	584	2.75	1.22849	1.22849	1.23420	-448.25	12398.10
1361	2020.12.31 11:15	t/p	585	8.25	1.22849	1.23012	1.22849	330.00	12728.10
1362	2021.01.05 10:15	buy	586	1.53	1.22697	1.22531	1.23112	0.00	12728.10
1363	2021.01.05 18:45	modify	586	1.53	1.22697	1.22707	1.23112	0.00	12728.10
1364	2021.01.06 02:50	t/p	586	1.53	1.23112	1.22707	1.23112	622.18	13350.28
1365	2021.01.21 11:30	buy	587	2.13	1.21412	1.21193	1.21960	0.00	13350.28
1366	2021.01.22 02:14	modify	587	2.13	1.21412	1.21422	1.21960	0.00	13350.28
1367	2021.01.25 12:00	s/l	587	2.13	1.21422	1.21422	1.21960	-14.25	13336.04
1368	2021.01.28 15:15	sell	588	0.60	1.20907	1.21129	1.20352	0.00	13336.04
1369	2021.01.28 15:50	s/l	588	0.60	1.21129	1.21129	1.20352	-133.20	13202.84
1370	2021.02.02 11:45	sell	589	1.30	1.20683	1.20886	1.20176	0.00	13202.84
1371	2021.02.02 12:16	modify	589	1.30	1.20683	1.20673	1.20176	0.00	13202.84
1372	2021.02.02 19:01	t/p	589	1.30	1.20176	1.20673	1.20176	659.10	13861.94
1373	2021.02.08 09:45	buy	590	6.10	1.20459	1.20300	1.20857	0.00	13861.94
1374	2021.02.08 10:27	sell	591	18.30	1.20339	1.20459	1.20300	0.00	13861.94
1375	2021.02.08 10:29	s/l	590	6.10	1.20300	1.20300	1.20857	-969.90	12892.04
1376	2021.02.08 10:29	t/p	591	18.30	1.20300	1.20459	1.20300	713.70	13605.74
1377	2021.02.08 15:45	buy	592	1.47	1.20367	1.20182	1.20830	0.00	13605.74
1378	2021.02.08 17:05	modify	592	1.47	1.20367	1.20377	1.20830	0.00	13605.74
1379	2021.02.08 18:21	s/l	592	1.47	1.20377	1.20377	1.20830	14.70	13620.44
1380	2021.02.22 10:15	buy	593	5.77	1.21199	1.21034	1.21612	0.00	13620.44
1381	2021.02.22 10:24	sell	594	17.31	1.21074	1.21199	1.21034	0.00	13620.44
1382	2021.02.22 10:27	s/l	593	5.77	1.21034	1.21034	1.21612	-952.05	12668.39
1383	2021.02.22 10:27	t/p	594	17.31	1.21034	1.21199	1.21034	692.40	13360.79
1384	2021.04.15 16:30	buy	595	0.76	1.19716	1.19541	1.20154	0.00	13360.79
1385	2021.04.16 04:04	s/l	595	0.76	1.19541	1.19541	1.20154	-139.34	13221.45
1386	2021.04.21 16:15	sell	596	1.73	1.20019	1.20171	1.19639	0.00	13221.45
1387	2021.04.21 17:26	s/l	596	1.73	1.20171	1.20171	1.19639	-262.96	12958.49
1388	2021.05.13 11:30	sell	597	0.70	1.20814	1.20997	1.20357	0.00	12958.49
1389	2021.05.13 11:50	modify	597	0.70	1.20814	1.20804	1.20357	0.00	12958.49
1390	2021.05.13 14:23	s/l	597	0.70	1.20804	1.20804	1.20357	7.00	12965.49
1391	2021.05.27 09:30	sell	598	2.57	1.21872	1.22048	1.21432	0.00	12965.49
1392	2021.05.27 10:00	buy	599	7.71	1.22005	1.21872	1.22048	0.00	12965.49
1393	2021.05.27 10:17	s/l	598	2.57	1.22048	1.22048	1.21432	-452.32	12513.17
1394	2021.05.27 10:17	t/p	599	7.71	1.22048	1.21872	1.22048	331.53	12844.70
1395	2021.05.27 16:00	sell	600	0.71	1.21861	1.22041	1.21411	0.00	12844.70
1396	2021.05.27 17:17	s/l	600	0.71	1.22041	1.22041	1.21411	-127.80	12716.90
1397	2021.05.31 15:00	buy	601	1.65	1.21993	1.21839	1.22378	0.00	12716.90
1398	2021.05.31 17:55	modify	601	1.65	1.21993	1.22003	1.22378	0.00	12716.90
1399	2021.06.01 10:30	t/p	601	1.65	1.22378	1.22003	1.22378	621.48	13338.38
1400	2021.06.23 10:45	buy	602	3.78	1.19343	1.19096	1.19961	0.00	13338.38
1401	2021.06.25 16:56	modify	602	3.78	1.19343	1.19353	1.19961	0.00	13338.38
1402	2021.06.25 19:29	s/l	602	3.78	1.19353	1.19353	1.19961	-88.36	13250.02
1403	2021.07.05 09:45	buy	603	1.66	1.18658	1.18499	1.19056	0.00	13250.02
1404	2021.07.06 09:04	modify	603	1.66	1.18658	1.18668	1.19056	0.00	13250.02
1405	2021.07.06 11:07	s/l	603	1.66	1.18668	1.18668	1.19056	2.75	13252.77
1406	2021.07.07 16:00	sell	604	4.16	1.18159	1.18382	1.17602	0.00	13252.77
1407	2021.07.07 17:32	modify	604	4.16	1.18159	1.18149	1.17602	0.00	13252.77
1408	2021.07.07 21:02	s/l	604	4.16	1.18149	1.18149	1.17602	41.60	13294.37
1409	2021.07.20 15:15	sell	605	2.67	1.17749	1.17948	1.17252	0.00	13294.37
1410	2021.07.21 17:24	buy	606	8.01	1.17899	1.17749	1.17948	0.00	13294.37
1411	2021.07.21 17:40	s/l	605	2.67	1.17948	1.17948	1.17252	-524.56	12769.81
1412	2021.07.21 17:40	t/p	606	8.01	1.17948	1.17749	1.17948	392.49	13162.30
1413	2021.08.05 15:30	sell	607	0.75	1.18418	1.18592	1.17983	0.00	13162.30
1414	2021.08.06 11:23	modify	607	0.75	1.18418	1.18408	1.17983	0.00	13162.30
1415	2021.08.06 15:30	t/p	607	0.75	1.17983	1.18408	1.17983	328.15	13490.45
1416	2021.08.25 16:15	buy	608	4.89	1.17433	1.17240	1.17916	0.00	13490.45
1417	2021.08.25 21:13	modify	608	4.89	1.17433	1.17443	1.17916	0.00	13490.45
1418	2021.08.27 03:35	s/l	608	4.89	1.17443	1.17443	1.17916	-114.31	13376.14
1419	2021.09.01 15:30	buy	609	1.77	1.18263	1.18112	1.18641	0.00	13376.14
1420	2021.09.01 17:45	modify	609	1.77	1.18263	1.18273	1.18641	0.00	13376.14
1421	2021.09.02 17:38	t/p	609	1.77	1.18641	1.18273	1.18641	624.75	14000.89
1422	2021.09.23 15:45	buy	610	2.66	1.17305	1.17121	1.17765	0.00	14000.89
1423	2021.09.24 14:41	sell	611	7.98	1.17167	1.17305	1.17121	0.00	14000.89
1424	2021.09.24 15:32	s/l	610	2.66	1.17121	1.17121	1.17765	-511.64	13489.26
1425	2021.09.24 15:32	t/p	611	7.98	1.17121	1.17305	1.17121	367.08	13856.34
1426	2021.09.27 14:30	sell	612	1.79	1.16971	1.17125	1.16586	0.00	13856.34
1427	2021.09.28 10:10	modify	612	1.79	1.16971	1.16961	1.16586	0.00	13856.34
1428	2021.09.28 17:15	s/l	612	1.79	1.16961	1.16961	1.16586	22.44	13878.78
1429	2021.10.05 16:15	sell	613	5.78	1.15887	1.16055	1.15467	0.00	13878.78
1430	2021.10.05 18:09	buy	614	17.34	1.16014	1.15887	1.16055	0.00	13878.78
1431	2021.10.05 18:13	s/l	613	5.78	1.16055	1.16055	1.15467	-971.04	12907.74
1432	2021.10.05 18:13	t/p	614	17.34	1.16055	1.15887	1.16055	710.94	13618.68
1433	2021.10.25 10:45	buy	615	1.14	1.16630	1.16392	1.17225	0.00	13618.68
1434	2021.10.25 12:18	s/l	615	1.14	1.16392	1.16392	1.17225	-271.32	13347.36
1435	2021.11.04 16:00	sell	616	0.67	1.15534	1.15731	1.15042	0.00	13347.36
1436	2021.11.05 14:30	modify	616	0.67	1.15534	1.15524	1.15042	0.00	13347.36
1437	2021.11.05 17:39	s/l	616	0.67	1.15524	1.15524	1.15042	8.40	13355.76
1438	2021.11.08 10:45	buy	617	4.49	1.15691	1.15483	1.16211	0.00	13355.76
1439	2021.11.09 07:05	modify	617	4.49	1.15691	1.15701	1.16211	0.00	13355.76
1440	2021.11.09 15:01	s/l	617	4.49	1.15701	1.15701	1.16211	7.44	13363.19
1441	2021.11.15 15:00	sell	618	3.40	1.14409	1.14566	1.14017	0.00	13363.19
1442	2021.11.15 18:02	modify	618	3.40	1.14409	1.14399	1.14017	0.00	13363.19
1443	2021.11.15 19:24	t/p	618	3.40	1.14017	1.14399	1.14017	1332.80	14695.99
1444	2021.11.18 16:30	buy	619	1.79	1.13411	1.13247	1.13821	0.00	14695.99
1445	2021.11.18 19:04	modify	619	1.79	1.13411	1.13421	1.13821	0.00	14695.99
1446	2021.11.19 10:01	s/l	619	1.79	1.13421	1.13421	1.13821	2.96	14698.96
1447	2021.12.01 15:30	buy	620	2.98	1.13284	1.13087	1.13777	0.00	14698.96
1448	2021.12.01 22:07	sell	621	8.94	1.13136	1.13284	1.13087	0.00	14698.96
1449	2021.12.02 03:54	s/l	621	8.94	1.13284	1.13284	1.13087	-1255.10	13443.85
1450	2021.12.02 09:22	sell	622	8.94	1.13135	1.13284	1.13087	0.00	13443.85
1451	2021.12.02 09:56	s/l	620	2.98	1.13087	1.13087	1.13777	-661.66	12782.20
1452	2021.12.02 09:56	t/p	622	8.94	1.13087	1.13284	1.13087	429.12	13211.32
1453	2021.12.02 10:45	buy	623	0.81	1.13242	1.13080	1.13647	0.00	13211.32
1454	2021.12.02 18:20	s/l	623	0.81	1.13080	1.13080	1.13647	-131.22	13080.10
1455	2021.12.27 14:15	sell	624	1.62	1.13070	1.13231	1.12668	0.00	13080.10
1456	2021.12.27 16:38	s/l	624	1.62	1.13231	1.13231	1.12668	-260.82	12819.28
1457	2021.12.27 16:38	buy	625	1.58	1.13232	1.13070	1.13637	0.00	12819.28
1458	2021.12.28 16:41	s/l	625	1.58	1.13070	1.13070	1.13637	-269.14	12550.13
1459	2022.01.03 15:30	buy	626	1.47	1.13631	1.13461	1.14056	0.00	12550.13
1460	2022.01.03 15:51	s/l	626	1.47	1.13461	1.13461	1.14056	-249.90	12300.23
1461	2022.01.03 15:51	sell	627	1.23	1.13461	1.13660	1.12964	0.00	12300.23
1462	2022.01.03 16:50	modify	627	1.23	1.13461	1.13451	1.12964	0.00	12300.23
1463	2022.01.03 17:27	t/p	627	1.23	1.12964	1.13451	1.12964	611.31	12911.54
1464	2022.01.05 15:15	buy	628	1.68	1.13182	1.13029	1.13565	0.00	12911.54
1465	2022.01.05 17:01	modify	628	1.68	1.13182	1.13192	1.13565	0.00	12911.54
1466	2022.01.05 21:09	s/l	628	1.68	1.13192	1.13192	1.13565	16.80	12928.34
1467	2022.01.06 16:45	buy	629	2.12	1.13256	1.13043	1.13789	0.00	12928.34
1468	2022.01.06 17:07	sell	630	6.36	1.13095	1.13256	1.13043	0.00	12928.34
1469	2022.01.06 17:26	s/l	629	2.12	1.13043	1.13043	1.13789	-451.56	12476.78
1470	2022.01.06 17:26	t/p	630	6.36	1.13043	1.13256	1.13043	330.72	12807.50
1471	2022.01.20 16:30	sell	631	0.76	1.13429	1.13596	1.13012	0.00	12807.50
1472	2022.01.20 20:37	modify	631	0.76	1.13429	1.13419	1.13012	0.00	12807.50
1473	2022.01.21 03:03	t/p	631	0.76	1.13012	1.13419	1.13012	318.85	13126.35
1474	2022.02.08 15:15	sell	632	4.99	1.14073	1.14257	1.13613	0.00	13126.35
1475	2022.02.08 16:17	buy	633	14.97	1.14213	1.14073	1.14257	0.00	13126.35
1476	2022.02.08 16:58	s/l	633	14.97	1.14073	1.14073	1.14257	-2095.80	11030.55
1477	2022.02.08 17:56	buy	634	14.97	1.14212	1.14073	1.14257	0.00	11030.55
1478	2022.02.08 20:16	s/l	634	14.97	1.14073	1.14073	1.14257	-2080.83	8949.72
1479	2022.02.08 20:57	buy	635	14.97	1.14212	1.14073	1.14257	0.00	8949.72
1480	2022.02.09 04:02	s/l	632	4.99	1.14257	1.14257	1.13613	-905.51	8044.22
1481	2022.02.09 04:02	t/p	635	14.97	1.14257	1.14073	1.14257	548.74	8592.96
1482	2022.02.09 15:45	buy	636	0.99	1.14450	1.14278	1.14880	0.00	8592.96
1483	2022.02.09 16:24	s/l	636	0.99	1.14278	1.14278	1.14880	-170.28	8422.68
1484	2022.02.16 16:45	buy	637	0.88	1.13702	1.13512	1.14177	0.00	8422.68
1485	2022.02.17 05:55	s/l	637	0.88	1.13512	1.13512	1.14177	-189.23	8233.45
1486	2022.02.17 08:45	sell	638	0.38	1.13546	1.13760	1.13011	0.00	8233.45
1487	2022.02.17 10:00	s/l	638	0.38	1.13760	1.13760	1.13011	-81.32	8152.13
1488	2022.02.17 10:00	buy	639	0.39	1.13760	1.13551	1.14283	0.00	8152.13
1489	2022.02.17 10:28	s/l	639	0.39	1.13551	1.13551	1.14283	-81.51	8070.62
1490	2022.03.09 10:15	buy	640	0.79	1.09293	1.09089	1.09803	0.00	8070.62
1491	2022.03.09 11:27	modify	640	0.79	1.09293	1.09303	1.09803	0.00	8070.62
1492	2022.03.09 12:06	t/p	640	0.79	1.09803	1.09303	1.09803	402.90	8473.52
1493	2022.03.29 09:45	buy	641	2.72	1.10025	1.09807	1.10570	0.00	8473.52
1494	2022.03.29 11:52	sell	642	8.16	1.09861	1.10025	1.09807	0.00	8473.52
1495	2022.03.29 11:53	s/l	641	2.72	1.09807	1.09807	1.10570	-592.96	7880.56
1496	2022.03.29 11:54	t/p	642	8.16	1.09807	1.10025	1.09807	440.64	8321.20
1497	2022.04.07 10:15	sell	643	0.47	1.09124	1.09298	1.08689	0.00	8321.20
1498	2022.04.07 11:11	modify	643	0.47	1.09124	1.09114	1.08689	0.00	8321.20
1499	2022.04.07 12:20	t/p	643	0.47	1.08689	1.09114	1.08689	204.45	8525.65
1500	2022.04.11 09:30	sell	644	3.63	1.08789	1.08953	1.08379	0.00	8525.65
1501	2022.04.11 10:26	buy	645	10.89	1.08913	1.08789	1.08953	0.00	8525.65
1502	2022.04.11 10:26	s/l	644	3.63	1.08953	1.08953	1.08379	-595.32	7930.33
1503	2022.04.11 10:26	t/p	645	10.89	1.08953	1.08789	1.08953	435.60	8365.93
1504	2022.04.13 09:30	sell	646	0.86	1.08275	1.08469	1.07790	0.00	8365.93
1505	2022.04.13 14:32	s/l	646	0.86	1.08469	1.08469	1.07790	-166.84	8199.09
1506	2022.04.13 15:00	sell	647	0.89	1.08313	1.08497	1.07853	0.00	8199.09
1507	2022.04.13 18:02	s/l	647	0.89	1.08497	1.08497	1.07853	-163.76	8035.33
1508	2022.04.19 16:15	sell	648	1.05	1.07876	1.08028	1.07496	0.00	8035.33
1509	2022.04.19 16:43	s/l	648	1.05	1.08028	1.08028	1.07496	-159.60	7875.73
1510	2022.04.19 16:43	buy	649	0.83	1.08029	1.07840	1.08502	0.00	7875.73
1511	2022.04.19 18:02	s/l	649	0.83	1.07840	1.07840	1.08502	-156.87	7718.86
1512	2022.04.20 11:30	buy	650	0.98	1.08193	1.08037	1.08583	0.00	7718.86
1513	2022.04.20 12:09	modify	650	0.98	1.08193	1.08203	1.08583	0.00	7718.86
1514	2022.04.20 12:38	t/p	650	0.98	1.08583	1.08203	1.08583	382.20	8101.06
1515	2022.04.21 08:15	buy	651	1.59	1.08450	1.08272	1.08895	0.00	8101.06
1516	2022.04.21 09:30	modify	651	1.59	1.08450	1.08460	1.08895	0.00	8101.06
1517	2022.04.21 09:41	t/p	651	1.59	1.08895	1.08460	1.08895	707.55	8808.61
1518	2022.05.03 08:00	sell	652	1.43	1.05017	1.05263	1.04402	0.00	8808.61
1519	2022.05.03 10:32	buy	653	4.29	1.05202	1.05017	1.05263	0.00	8808.61
1520	2022.05.03 10:36	s/l	652	1.43	1.05263	1.05263	1.04402	-351.78	8456.83
1521	2022.05.03 10:36	t/p	653	4.29	1.05263	1.05017	1.05263	261.69	8718.52
1522	2022.05.04 15:30	buy	654	0.87	1.05412	1.05213	1.05910	0.00	8718.52
1523	2022.05.04 21:01	modify	654	0.87	1.05412	1.05422	1.05910	0.00	8718.52
1524	2022.05.04 21:10	s/l	654	0.87	1.05422	1.05422	1.05910	8.70	8727.22
1525	2022.05.18 15:15	buy	655	3.16	1.05222	1.05029	1.05705	0.00	8727.22
1526	2022.05.18 17:28	sell	656	9.48	1.05076	1.05222	1.05029	0.00	8727.22
1527	2022.05.18 17:31	s/l	655	3.16	1.05029	1.05029	1.05705	-609.88	8117.34
1528	2022.05.18 17:31	t/p	656	9.48	1.05029	1.05222	1.05029	445.56	8562.90
1529	2022.05.26 10:45	buy	657	0.42	1.06934	1.06734	1.07434	0.00	8562.90
1530	2022.05.26 18:13	modify	657	0.42	1.06934	1.06944	1.07434	0.00	8562.90
1531	2022.05.27 04:33	t/p	657	0.42	1.07434	1.06944	1.07434	206.50	8769.39
1532	2022.06.01 16:45	sell	658	3.10	1.07130	1.07328	1.06635	0.00	8769.39
1533	2022.06.01 17:04	modify	658	3.10	1.07130	1.07120	1.06635	0.00	8769.39
1534	2022.06.01 17:18	t/p	658	3.10	1.06635	1.07120	1.06635	1534.50	10303.89
1535	2022.06.08 11:45	sell	659	2.05	1.06769	1.06970	1.06267	0.00	10303.89
1536	2022.06.08 12:27	buy	660	6.15	1.06921	1.06769	1.06970	0.00	10303.89
1537	2022.06.08 12:30	s/l	659	2.05	1.06970	1.06970	1.06267	-412.05	9891.84
1538	2022.06.08 12:30	t/p	660	6.15	1.06970	1.06769	1.06970	301.35	10193.19
1539	2022.06.21 09:45	buy	661	1.33	1.05279	1.05126	1.05662	0.00	10193.19
1540	2022.06.21 10:16	modify	661	1.33	1.05279	1.05289	1.05662	0.00	10193.19
1541	2022.06.21 11:19	t/p	661	1.33	1.05662	1.05289	1.05662	509.39	10702.58
1542	2022.06.22 16:00	buy	662	4.16	1.05310	1.05130	1.05760	0.00	10702.58
1543	2022.06.22 16:41	modify	662	4.16	1.05310	1.05320	1.05760	0.00	10702.58
1544	2022.06.22 17:37	t/p	662	4.16	1.05760	1.05320	1.05760	1872.00	12574.58
1545	2022.06.27 10:00	buy	663	3.10	1.05686	1.05524	1.06091	0.00	12574.58
1546	2022.06.27 15:40	sell	664	9.30	1.05562	1.05686	1.05524	0.00	12574.58
1547	2022.06.27 15:57	s/l	664	9.30	1.05686	1.05686	1.05524	-1153.20	11421.38
1548	2022.06.27 17:48	modify	663	3.10	1.05686	1.05696	1.06091	0.00	11421.38
1549	2022.06.27 18:15	t/p	663	3.10	1.06091	1.05696	1.06091	1255.50	12676.88
1550	2022.06.28 11:30	buy	665	3.29	1.05880	1.05726	1.06265	0.00	12676.88
1551	2022.06.28 14:09	sell	666	9.87	1.05764	1.05880	1.05726	0.00	12676.88
1552	2022.06.28 14:23	s/l	666	9.87	1.05880	1.05880	1.05726	-1144.92	11531.96
1553	2022.06.28 14:37	sell	667	9.87	1.05764	1.05880	1.05726	0.00	11531.96
1554	2022.06.28 14:52	s/l	665	3.29	1.05726	1.05726	1.06265	-506.66	11025.30
1555	2022.06.28 14:52	t/p	667	9.87	1.05726	1.05880	1.05726	375.06	11400.36
1556	2022.07.13 10:00	sell	668	1.49	1.00335	1.00488	0.99953	0.00	11400.36
1557	2022.07.13 10:00	s/l	668	1.49	1.00488	1.00488	0.99953	-227.97	11172.39
1558	2022.07.19 08:15	buy	669	1.17	1.01413	1.01223	1.01888	0.00	11172.39
1559	2022.07.19 10:00	modify	669	1.17	1.01413	1.01423	1.01888	0.00	11172.39
1560	2022.07.19 10:29	t/p	669	1.17	1.01888	1.01423	1.01888	555.75	11728.14
1561	2022.08.01 09:45	buy	670	5.29	1.02270	1.02115	1.02658	0.00	11728.14
1562	2022.08.01 11:33	modify	670	5.29	1.02270	1.02280	1.02658	0.00	11728.14
1563	2022.08.01 11:41	t/p	670	5.29	1.02658	1.02280	1.02658	2052.52	13780.66
1564	2022.08.03 16:15	sell	671	2.79	1.01762	1.01959	1.01270	0.00	13780.66
1565	2022.08.03 17:01	modify	671	2.79	1.01762	1.01752	1.01270	0.00	13780.66
1566	2022.08.03 17:35	t/p	671	2.79	1.01270	1.01752	1.01270	1372.68	15153.34
1567	2022.08.08 14:15	buy	672	2.87	1.01999	1.01788	1.02527	0.00	15153.34
1568	2022.08.08 15:37	sell	673	8.61	1.01840	1.01999	1.01788	0.00	15153.34
1569	2022.08.08 16:00	s/l	673	8.61	1.01999	1.01999	1.01788	-1368.99	13784.35
1570	2022.08.09 11:30	modify	672	2.87	1.01999	1.02009	1.02527	0.00	13784.35
1571	2022.08.10 14:53	t/p	672	2.87	1.02527	1.02009	1.02527	1467.47	15251.82
1572	2022.08.11 09:15	buy	674	1.95	1.02897	1.02741	1.03287	0.00	15251.82
1573	2022.08.11 09:58	modify	674	1.95	1.02897	1.02907	1.03287	0.00	15251.82
1574	2022.08.11 10:33	t/p	674	1.95	1.03287	1.02907	1.03287	760.50	16012.32
1575	2022.08.17 09:15	sell	675	4.15	1.01733	1.01887	1.01348	0.00	16012.32
1576	2022.08.17 10:20	modify	675	4.15	1.01733	1.01723	1.01348	0.00	16012.32
1577	2022.08.17 11:27	s/l	675	4.15	1.01723	1.01723	1.01348	41.50	16053.82
1578	2022.08.17 14:30	sell	676	3.25	1.01597	1.01794	1.01105	0.00	16053.82
1579	2022.08.17 16:58	buy	677	9.75	1.01745	1.01597	1.01794	0.00	16053.82
1580	2022.08.17 17:04	s/l	676	3.25	1.01794	1.01794	1.01105	-640.25	15413.57
1581	2022.08.17 17:04	t/p	677	9.75	1.01794	1.01597	1.01794	477.75	15891.32
1582	2022.08.18 09:00	sell	678	0.98	1.01644	1.01806	1.01239	0.00	15891.32
1583	2022.08.18 13:09	s/l	678	0.98	1.01806	1.01806	1.01239	-158.76	15732.56
1584	2022.08.18 15:45	sell	679	0.66	1.01654	1.01889	1.01067	0.00	15732.56
1585	2022.08.18 16:45	modify	679	0.66	1.01654	1.01644	1.01067	0.00	15732.56
1586	2022.08.18 19:17	t/p	679	0.66	1.01067	1.01644	1.01067	387.42	16119.98
1587	2022.08.24 09:00	sell	680	6.09	0.99430	0.99615	0.98968	0.00	16119.98
1588	2022.08.24 10:23	buy	681	18.27	0.99569	0.99430	0.99615	0.00	16119.98
1589	2022.08.24 11:47	s/l	681	18.27	0.99430	0.99430	0.99615	-2539.53	13580.45
1590	2022.08.24 12:14	buy	682	18.27	0.99569	0.99430	0.99615	0.00	13580.45
1591	2022.08.24 13:05	s/l	682	18.27	0.99430	0.99430	0.99615	-2539.53	11040.92
1592	2022.08.24 15:45	modify	680	6.09	0.99430	0.99420	0.98968	0.00	11040.92
1593	2022.08.24 17:46	s/l	680	6.09	0.99420	0.99420	0.98968	60.90	11101.82
1594	2022.10.17 10:15	buy	683	2.46	0.97468	0.97288	0.97918	0.00	11101.82
1595	2022.10.17 11:29	sell	684	7.38	0.97332	0.97468	0.97288	0.00	11101.82
1596	2022.10.17 11:32	s/l	683	2.46	0.97288	0.97288	0.97918	-442.80	10659.02
1597	2022.10.17 11:32	t/p	684	7.38	0.97288	0.97468	0.97288	324.72	10983.74
1598	2022.10.25 11:15	buy	685	0.98	0.98730	0.98507	0.99288	0.00	10983.74
1599	2022.10.25 14:05	s/l	685	0.98	0.98507	0.98507	0.99288	-218.54	10765.20
1600	2022.10.25 16:00	buy	686	1.04	0.98748	0.98542	0.99263	0.00	10765.20
1601	2022.10.25 16:16	modify	686	1.04	0.98748	0.98758	0.99263	0.00	10765.20
1602	2022.10.25 16:24	t/p	686	1.04	0.99263	0.98758	0.99263	535.60	11300.80
1603	2022.11.01 11:15	sell	687	3.50	0.99183	0.99409	0.98618	0.00	11300.80
1604	2022.11.01 11:59	buy	688	10.50	0.99353	0.99183	0.99409	0.00	11300.80
1605	2022.11.01 12:26	s/l	687	3.50	0.99409	0.99409	0.98618	-791.00	10509.80
1606	2022.11.01 12:26	t/p	688	10.50	0.99409	0.99183	0.99409	588.00	11097.80
1607	2022.11.17 09:45	buy	689	0.59	1.03868	1.03681	1.04336	0.00	11097.80
1608	2022.11.17 11:34	s/l	689	0.59	1.03681	1.03681	1.04336	-110.33	10987.47
1609	2022.12.06 10:30	sell	690	0.98	1.04892	1.05116	1.04332	0.00	10987.47
1610	2022.12.06 13:20	s/l	690	0.98	1.05116	1.05116	1.04332	-219.52	10767.95
1611	2022.12.08 11:00	buy	691	0.65	1.05268	1.05104	1.05678	0.00	10767.95
1612	2022.12.08 11:20	s/l	691	0.65	1.05104	1.05104	1.05678	-106.60	10661.35
1613	2022.12.08 11:20	sell	692	0.56	1.05104	1.05294	1.04629	0.00	10661.35
1614	2022.12.08 15:36	s/l	692	0.56	1.05294	1.05294	1.04629	-106.40	10554.95
1615	2022.12.13 08:00	buy	693	1.19	1.05518	1.05342	1.05958	0.00	10554.95
1616	2022.12.13 10:49	s/l	693	1.19	1.05342	1.05342	1.05958	-209.44	10345.51
1617	2022.12.15 08:30	buy	694	0.67	1.06600	1.06447	1.06983	0.00	10345.51
1618	2022.12.15 09:44	s/l	694	0.67	1.06447	1.06447	1.06983	-102.51	10243.00
1619	2022.12.15 09:44	sell	695	0.55	1.06446	1.06629	1.05989	0.00	10243.00
1620	2022.12.15 11:00	modify	695	0.55	1.06446	1.06436	1.05989	0.00	10243.00
1621	2022.12.15 15:16	s/l	695	0.55	1.06436	1.06436	1.05989	5.50	10248.50
1622	2022.12.21 11:00	buy	696	1.02	1.06346	1.06147	1.06844	0.00	10248.50
1623	2022.12.21 11:37	s/l	696	1.02	1.06147	1.06147	1.06844	-202.98	10045.52
1624	2022.12.21 11:37	sell	697	0.83	1.06147	1.06387	1.05547	0.00	10045.52
1625	2022.12.21 15:09	s/l	697	0.83	1.06387	1.06387	1.05547	-199.20	9846.32
1626	2022.12.22 11:45	buy	698	0.65	1.06419	1.06269	1.06794	0.00	9846.32
1627	2022.12.22 13:00	s/l	698	0.65	1.06269	1.06269	1.06794	-97.50	9748.82
1628	2022.12.22 15:00	buy	699	0.43	1.06371	1.06147	1.06931	0.00	9748.82
1629	2022.12.22 15:34	s/l	699	0.43	1.06147	1.06147	1.06931	-96.32	9652.50
1630	2022.12.26 15:15	buy	700	1.21	1.06300	1.06141	1.06698	0.00	9652.50
1631	2022.12.27 04:01	modify	700	1.21	1.06300	1.06310	1.06698	0.00	9652.50
1632	2022.12.27 15:00	s/l	700	1.21	1.06310	1.06310	1.06698	2.00	9654.50
1633	2022.12.28 16:30	buy	701	3.01	1.06541	1.06317	1.07101	0.00	9654.50
1634	2022.12.28 17:31	sell	702	9.03	1.06372	1.06541	1.06317	0.00	9654.50
1635	2022.12.28 17:36	s/l	701	3.01	1.06317	1.06317	1.07101	-674.24	8980.26
1636	2022.12.28 17:37	t/p	702	9.03	1.06317	1.06541	1.06317	496.65	9476.91
1637	2023.01.04 15:30	buy	703	0.90	1.06138	1.05929	1.06661	0.00	9476.91
1638	2023.01.04 17:04	s/l	703	0.90	1.05929	1.05929	1.06661	-188.10	9288.81
1639	2023.01.05 08:15	buy	704	0.47	1.06197	1.06001	1.06687	0.00	9288.81
1640	2023.01.05 09:44	s/l	704	0.47	1.06001	1.06001	1.06687	-92.12	9196.69
1641	2023.01.05 09:44	sell	705	0.58	1.06000	1.06157	1.05608	0.00	9196.69
1642	2023.01.05 10:02	s/l	705	0.58	1.06157	1.06157	1.05608	-91.06	9105.63
1643	2023.01.05 11:45	buy	706	0.50	1.06257	1.06076	1.06710	0.00	9105.63
1644	2023.01.05 13:24	s/l	706	0.50	1.06076	1.06076	1.06710	-90.50	9015.13
1645	2023.01.11 11:30	buy	707	0.77	1.07468	1.07235	1.08051	0.00	9015.13
1646	2023.01.12 15:28	modify	707	0.77	1.07468	1.07478	1.08051	0.00	9015.13
1647	2023.01.12 15:28	t/p	707	0.77	1.08051	1.07478	1.08051	429.64	9444.77
1648	2023.01.17 09:45	buy	708	4.13	1.08260	1.08100	1.08660	0.00	9444.77
1649	2023.01.17 11:57	sell	709	12.39	1.08140	1.08260	1.08100	0.00	9444.77
1650	2023.01.17 12:00	s/l	709	12.39	1.08260	1.08260	1.08100	-1486.80	7957.97
1651	2023.01.17 12:04	sell	710	12.39	1.08140	1.08260	1.08100	0.00	7957.97
1652	2023.01.17 12:28	s/l	708	4.13	1.08100	1.08100	1.08660	-660.80	7297.17
1653	2023.01.17 12:28	t/p	710	12.39	1.08100	1.08260	1.08100	495.60	7792.77
1654	2023.01.24 15:00	sell	711	0.83	1.08598	1.08784	1.08133	0.00	7792.77
1655	2023.01.24 15:26	s/l	711	0.83	1.08784	1.08784	1.08133	-154.38	7638.39
1656	2023.01.30 09:30	sell	712	1.01	1.08567	1.08718	1.08190	0.00	7638.39
1657	2023.01.30 10:00	s/l	712	1.01	1.08718	1.08718	1.08190	-152.51	7485.88
1658	2023.01.30 10:00	buy	713	0.72	1.08718	1.08511	1.09236	0.00	7485.88
1659	2023.01.30 11:49	modify	713	0.72	1.08718	1.08728	1.09236	0.00	7485.88
1660	2023.01.30 17:54	s/l	713	0.72	1.08728	1.08728	1.09236	7.20	7493.08
1661	2023.02.08 15:00	sell	714	0.85	1.07338	1.07513	1.06901	0.00	7493.08
1662	2023.02.09 10:23	s/l	714	0.85	1.07513	1.07513	1.06901	-142.28	7350.79
1663	2023.02.15 14:00	sell	715	0.96	1.07111	1.07263	1.06731	0.00	7350.79
1664	2023.02.15 15:30	modify	715	0.96	1.07111	1.07101	1.06731	0.00	7350.79
1665	2023.02.15 16:23	t/p	715	0.96	1.06731	1.07101	1.06731	364.80	7715.59
1666	2023.02.16 10:30	buy	716	1.44	1.07194	1.07007	1.07662	0.00	7715.59
1667	2023.02.16 10:48	sell	717	4.32	1.07053	1.07194	1.07007	0.00	7715.59
1668	2023.02.16 10:54	s/l	716	1.44	1.07007	1.07007	1.07662	-269.28	7446.31
1669	2023.02.16 11:23	t/p	717	4.32	1.07007	1.07194	1.07007	198.72	7645.03
1670	2023.02.20 15:45	buy	718	0.89	1.06855	1.06684	1.07283	0.00	7645.03
1671	2023.02.21 03:13	s/l	718	0.89	1.06684	1.06684	1.07283	-159.62	7485.42
1672	2023.02.21 16:00	sell	719	0.80	1.06529	1.06716	1.06062	0.00	7485.42
1673	2023.02.21 16:35	s/l	719	0.80	1.06716	1.06716	1.06062	-149.60	7335.82
1674	2023.02.21 16:35	buy	720	0.66	1.06717	1.06497	1.07267	0.00	7335.82
1675	2023.02.21 16:45	s/l	720	0.66	1.06497	1.06497	1.07267	-145.20	7190.62
1676	2023.02.23 09:30	sell	721	0.41	1.06124	1.06296	1.05694	0.00	7190.62
1677	2023.02.23 13:22	modify	721	0.41	1.06124	1.06114	1.05694	0.00	7190.62
1678	2023.02.23 14:29	s/l	721	0.41	1.06114	1.06114	1.05694	4.10	7194.72
1679	2023.03.09 16:00	buy	722	1.05	1.05744	1.05506	1.06339	0.00	7194.72
1680	2023.03.10 15:30	modify	722	1.05	1.05744	1.05754	1.06339	0.00	7194.72
1681	2023.03.10 15:42	t/p	722	1.05	1.06339	1.05754	1.06339	615.99	7810.71
1682	2023.03.14 11:45	buy	723	1.78	1.07069	1.06894	1.07507	0.00	7810.71
1683	2023.03.14 14:30	modify	723	1.78	1.07069	1.07079	1.07507	0.00	7810.71
1684	2023.03.14 14:35	s/l	723	1.78	1.07079	1.07079	1.07507	17.80	7828.51
1685	2023.03.16 11:30	sell	724	0.76	1.06092	1.06296	1.05582	0.00	7828.51
1686	2023.03.16 14:43	modify	724	0.76	1.06092	1.06082	1.05582	0.00	7828.51
1687	2023.03.16 15:15	s/l	724	0.76	1.06082	1.06082	1.05582	7.60	7836.11
1688	2023.03.27 10:30	sell	725	1.41	1.07620	1.07842	1.07065	0.00	7836.11
1689	2023.03.27 14:41	buy	726	4.23	1.07787	1.07620	1.07842	0.00	7836.11
1690	2023.03.27 16:24	s/l	725	1.41	1.07842	1.07842	1.07065	-313.02	7523.09
1691	2023.03.27 16:24	buy	727	1.65	1.07842	1.07660	1.08297	0.00	7523.09
1692	2023.03.27 16:24	t/p	726	4.23	1.07842	1.07620	1.07842	232.65	7755.74
1693	2023.03.28 03:38	modify	727	1.65	1.07842	1.07852	1.08297	0.00	7755.74
1694	2023.03.28 10:37	t/p	727	1.65	1.08297	1.07852	1.08297	736.98	8492.72
1695	2023.03.29 16:00	buy	728	1.00	1.08539	1.08370	1.08962	0.00	8492.72
1696	2023.03.29 16:23	s/l	728	1.00	1.08370	1.08370	1.08962	-169.00	8323.72
1697	2023.04.04 09:30	buy	729	0.88	1.08998	1.08810	1.09468	0.00	8323.72
1698	2023.04.04 10:52	modify	729	0.88	1.08998	1.09008	1.09468	0.00	8323.72
1699	2023.04.04 14:59	s/l	729	0.88	1.09008	1.09008	1.09468	8.80	8332.52
1700	2023.04.05 15:30	buy	730	3.51	1.09522	1.09356	1.09937	0.00	8332.52
1701	2023.04.05 16:39	sell	731	10.53	1.09397	1.09522	1.09356	0.00	8332.52
1702	2023.04.05 17:00	s/l	731	10.53	1.09522	1.09522	1.09356	-1316.25	7016.27
1703	2023.04.05 17:09	sell	732	10.53	1.09397	1.09522	1.09356	0.00	7016.27
1704	2023.04.05 17:10	s/l	730	3.51	1.09356	1.09356	1.09937	-582.66	6433.61
1705	2023.04.05 17:10	t/p	732	10.53	1.09356	1.09522	1.09356	431.73	6865.34
1706	2023.04.10 14:30	sell	733	0.77	1.08936	1.09114	1.08491	0.00	6865.34
1707	2023.04.10 15:09	modify	733	0.77	1.08936	1.08926	1.08491	0.00	6865.34
1708	2023.04.10 15:59	t/p	733	0.77	1.08491	1.08926	1.08491	342.65	7207.99
1709	2023.04.11 10:15	buy	734	3.07	1.08954	1.08790	1.09364	0.00	7207.99
1710	2023.04.11 12:32	modify	734	3.07	1.08954	1.08964	1.09364	0.00	7207.99
1711	2023.04.11 20:12	s/l	734	3.07	1.08964	1.08964	1.09364	30.70	7238.69
1712	2023.04.19 10:45	sell	735	1.76	1.09581	1.09745	1.09171	0.00	7238.69
1713	2023.04.19 12:32	modify	735	1.76	1.09581	1.09571	1.09171	0.00	7238.69
1714	2023.04.19 16:07	s/l	735	1.76	1.09571	1.09571	1.09171	17.60	7256.29
1715	2023.05.02 11:00	sell	736	1.27	1.09858	1.10086	1.09288	0.00	7256.29
1716	2023.05.02 12:58	modify	736	1.27	1.09858	1.09848	1.09288	0.00	7256.29
1717	2023.05.02 17:35	s/l	736	1.27	1.09848	1.09848	1.09288	12.70	7268.99
1718	2023.05.10 11:00	sell	737	1.46	1.09646	1.09845	1.09149	0.00	7268.99
1719	2023.05.10 15:30	buy	738	4.38	1.09796	1.09646	1.09845	0.00	7268.99
1720	2023.05.10 15:31	s/l	737	1.46	1.09845	1.09845	1.09149	-290.54	6978.45
1721	2023.05.10 15:31	t/p	738	4.38	1.09845	1.09646	1.09845	214.62	7193.07
1722	2023.05.16 16:45	buy	739	0.89	1.08878	1.08717	1.09281	0.00	7193.07
1723	2023.05.16 17:04	s/l	739	0.89	1.08717	1.08717	1.09281	-143.29	7049.78
1724	2023.05.22 09:30	buy	740	0.88	1.08212	1.08053	1.08610	0.00	7049.78
1725	2023.05.22 10:13	s/l	740	0.88	1.08053	1.08053	1.08610	-139.92	6909.86
1726	2023.05.22 10:13	sell	741	0.66	1.08053	1.08262	1.07531	0.00	6909.86
1727	2023.05.22 13:26	s/l	741	0.66	1.08262	1.08262	1.07531	-137.94	6771.92
1728	2023.05.24 16:45	sell	742	0.70	1.07770	1.07961	1.07293	0.00	6771.92
1729	2023.05.25 00:03	modify	742	0.70	1.07770	1.07760	1.07293	0.00	6771.92
1730	2023.05.25 09:08	t/p	742	0.70	1.07293	1.07760	1.07293	339.23	7111.15
1731	2023.06.01 10:30	sell	743	1.52	1.06724	1.06887	1.06317	0.00	7111.15
1732	2023.06.01 11:54	buy	744	4.56	1.06847	1.06724	1.06887	0.00	7111.15
1733	2023.06.01 12:03	s/l	743	1.52	1.06887	1.06887	1.06317	-247.76	6863.39
1734	2023.06.01 12:03	t/p	744	4.56	1.06887	1.06724	1.06887	182.40	7045.79
1735	2023.06.15 11:00	buy	745	0.34	1.08272	1.08065	1.08790	0.00	7045.79
1736	2023.06.15 15:30	modify	745	0.34	1.08272	1.08282	1.08790	0.00	7045.79
1737	2023.06.15 15:41	t/p	745	0.34	1.08790	1.08282	1.08790	176.12	7221.91
1738	2023.06.21 16:00	buy	746	2.66	1.09252	1.09062	1.09727	0.00	7221.91
1739	2023.06.21 16:45	sell	747	7.98	1.09109	1.09252	1.09062	0.00	7221.91
1740	2023.06.21 16:54	s/l	747	7.98	1.09252	1.09252	1.09062	-1141.14	6080.77
1741	2023.06.21 17:35	modify	746	2.66	1.09252	1.09262	1.09727	0.00	6080.77
1742	2023.06.21 19:51	t/p	746	2.66	1.09727	1.09262	1.09727	1263.50	7344.27
1743	2023.07.06 16:30	buy	748	0.62	1.08860	1.08626	1.09445	0.00	7344.27
1744	2023.07.06 17:00	sell	749	1.86	1.08684	1.08860	1.08626	0.00	7344.27
1745	2023.07.06 17:06	s/l	748	0.62	1.08626	1.08626	1.09445	-145.08	7199.19
1746	2023.07.06 17:06	t/p	749	1.86	1.08626	1.08860	1.08626	107.88	7307.07
1747	2023.07.19 09:15	sell	750	0.74	1.12182	1.12377	1.11695	0.00	7307.07
1748	2023.07.19 12:18	s/l	750	0.74	1.12377	1.12377	1.11695	-144.30	7162.77
1749	2023.07.20 10:45	sell	751	0.33	1.12018	1.12230	1.11488	0.00	7162.77
1750	2023.07.20 17:09	modify	751	0.33	1.12018	1.12008	1.11488	0.00	7162.77
1751	2023.07.20 17:30	t/p	751	0.33	1.11488	1.12008	1.11488	174.90	7337.67
1752	2023.07.24 10:30	sell	752	2.06	1.11241	1.11490	1.10619	0.00	7337.67
1753	2023.07.24 10:32	modify	752	2.06	1.11241	1.11231	1.10619	0.00	7337.67
1754	2023.07.24 22:41	t/p	752	2.06	1.10619	1.11231	1.10619	1281.32	8618.99
1755	2023.07.27 10:15	buy	753	0.84	1.11082	1.10878	1.11592	0.00	8618.99
1756	2023.07.27 11:56	modify	753	0.84	1.11082	1.11092	1.11592	0.00	8618.99
1757	2023.07.27 15:17	s/l	753	0.84	1.11092	1.11092	1.11592	8.40	8627.39
1758	2023.08.02 09:15	sell	754	2.15	1.09833	1.09993	1.09433	0.00	8627.39
1759	2023.08.02 09:47	buy	755	6.45	1.09955	1.09833	1.09993	0.00	8627.39
1760	2023.08.02 10:06	s/l	755	6.45	1.09833	1.09833	1.09993	-786.90	7840.49
1761	2023.08.02 10:35	buy	756	6.45	1.09954	1.09833	1.09993	0.00	7840.49
1762	2023.08.02 11:07	s/l	756	6.45	1.09833	1.09833	1.09993	-780.45	7060.04
1763	2023.08.02 15:40	modify	754	2.15	1.09833	1.09823	1.09433	0.00	7060.04
1764	2023.08.02 17:09	t/p	754	2.15	1.09433	1.09823	1.09433	860.00	7920.04
1765	2023.08.03 15:30	sell	757	0.69	1.09279	1.09508	1.08707	0.00	7920.04
1766	2023.08.03 15:40	buy	758	2.07	1.09451	1.09279	1.09508	0.00	7920.04
1767	2023.08.03 15:41	s/l	757	0.69	1.09508	1.09508	1.08707	-158.01	7762.03
1768	2023.08.03 15:41	t/p	758	2.07	1.09508	1.09279	1.09508	117.99	7880.02
1769	2023.08.29 10:30	buy	759	0.89	1.08241	1.08064	1.08684	0.00	7880.02
1770	2023.08.29 12:07	s/l	759	0.89	1.08064	1.08064	1.08684	-157.53	7722.49
1771	2023.09.12 16:00	sell	760	0.97	1.07073	1.07231	1.06678	0.00	7722.49
1772	2023.09.12 18:08	s/l	760	0.97	1.07231	1.07231	1.06678	-153.26	7569.23
1773	2023.09.20 16:15	buy	761	0.78	1.07094	1.06902	1.07574	0.00	7569.23
1774	2023.09.20 21:01	s/l	761	0.78	1.06902	1.06902	1.07574	-149.76	7419.47
1775	2023.09.25 15:00	sell	762	0.98	1.06305	1.06456	1.05928	0.00	7419.47
1776	2023.09.25 16:31	modify	762	0.98	1.06305	1.06295	1.05928	0.00	7419.47
1777	2023.09.25 17:07	t/p	762	0.98	1.05928	1.06295	1.05928	369.46	7788.93
1778	2023.10.10 11:15	buy	763	2.18	1.05824	1.05574	1.06449	0.00	7788.93
1779	2023.10.10 19:03	modify	763	2.18	1.05824	1.05834	1.06449	0.00	7788.93
1780	2023.10.11 15:30	s/l	763	2.18	1.05834	1.05834	1.06449	3.61	7792.54
1781	2023.11.02 10:45	buy	764	0.89	1.06065	1.05891	1.06500	0.00	7792.54
1782	2023.11.02 12:41	modify	764	0.89	1.06065	1.06075	1.06500	0.00	7792.54
1783	2023.11.02 14:14	t/p	764	0.89	1.06500	1.06075	1.06500	387.15	8179.69
1784	2023.11.21 16:15	buy	765	1.82	1.09548	1.09369	1.09996	0.00	8179.69
1785	2023.11.21 17:27	sell	766	5.46	1.09413	1.09548	1.09369	0.00	8179.69
1786	2023.11.21 17:53	s/l	765	1.82	1.09369	1.09369	1.09996	-325.78	7853.91
1787	2023.11.21 17:53	t/p	766	5.46	1.09369	1.09548	1.09369	240.24	8094.15
1788	2023.11.22 10:30	sell	767	0.76	1.09005	1.09216	1.08478	0.00	8094.15
1789	2023.11.22 17:00	modify	767	0.76	1.09005	1.08995	1.08478	0.00	8094.15
1790	2023.11.23 04:12	s/l	767	0.76	1.08995	1.08995	1.08478	13.38	8107.53
1791	2023.11.28 15:30	buy	768	3.39	1.09600	1.09433	1.10018	0.00	8107.53
1792	2023.11.28 17:04	modify	768	3.39	1.09600	1.09610	1.10018	0.00	8107.53
1793	2023.11.28 17:43	t/p	768	3.39	1.10018	1.09610	1.10018	1417.02	9524.55
1794	2023.12.04 15:45	sell	769	2.33	1.08617	1.08780	1.08210	0.00	9524.55
1795	2023.12.04 16:12	modify	769	2.33	1.08617	1.08607	1.08210	0.00	9524.55
1796	2023.12.04 16:20	t/p	769	2.33	1.08210	1.08607	1.08210	948.31	10472.86
1797	2024.01.08 10:15	sell	770	2.28	1.09323	1.09506	1.08866	0.00	10472.86
1798	2024.01.08 13:11	buy	771	6.84	1.09461	1.09323	1.09506	0.00	10472.86
1799	2024.01.08 13:21	s/l	770	2.28	1.09506	1.09506	1.08866	-417.24	10055.62
1800	2024.01.08 13:21	t/p	771	6.84	1.09506	1.09323	1.09506	307.80	10363.42
1801	2024.01.09 11:15	sell	772	1.34	1.09385	1.09539	1.09000	0.00	10363.42
1802	2024.01.09 18:03	modify	772	1.34	1.09385	1.09375	1.09000	0.00	10363.42
1803	2024.01.09 19:27	s/l	772	1.34	1.09375	1.09375	1.09000	13.40	10376.82
1804	2024.01.15 15:15	sell	773	4.74	1.09459	1.09612	1.09077	0.00	10376.82
1805	2024.01.16 02:55	modify	773	4.74	1.09459	1.09449	1.09077	0.00	10376.82
1806	2024.01.16 10:32	t/p	773	4.74	1.09077	1.09449	1.09077	1822.70	12199.52
1807	2024.01.18 11:30	buy	774	1.25	1.08942	1.08747	1.09430	0.00	12199.52
1808	2024.01.18 14:43	sell	775	3.75	1.08795	1.08942	1.08747	0.00	12199.52
1809	2024.01.18 14:58	s/l	774	1.25	1.08747	1.08747	1.09430	-243.75	11955.77
1810	2024.01.18 14:58	t/p	775	3.75	1.08747	1.08942	1.08747	180.00	12135.77
1811	2024.01.24 11:15	buy	776	1.00	1.08847	1.08606	1.09450	0.00	12135.77
1812	2024.01.24 15:50	modify	776	1.00	1.08847	1.08857	1.09450	0.00	12135.77
1813	2024.01.24 21:19	s/l	776	1.00	1.08857	1.08857	1.09450	10.00	12145.77
1814	2024.02.29 16:15	buy	777	2.18	1.08463	1.08268	1.08951	0.00	12145.77
1815	2024.02.29 17:45	sell	778	6.54	1.08316	1.08463	1.08268	0.00	12145.77
1816	2024.02.29 17:52	s/l	777	2.18	1.08268	1.08268	1.08951	-425.10	11720.67
1817	2024.02.29 17:52	t/p	778	6.54	1.08268	1.08463	1.08268	313.92	12034.59
1818	2024.04.17 16:15	buy	779	1.54	1.06450	1.06294	1.06840	0.00	12034.59
1819	2024.04.17 20:58	modify	779	1.54	1.06450	1.06460	1.06840	0.00	12034.59
1820	2024.04.18 09:04	t/p	779	1.54	1.06840	1.06460	1.06840	562.05	12596.64
1821	2024.05.29 16:15	sell	780	4.66	1.08387	1.08576	1.07915	0.00	12596.64
1822	2024.05.29 18:31	modify	780	4.66	1.08387	1.08377	1.07915	0.00	12596.64
1823	2024.05.30 08:23	t/p	780	4.66	1.07915	1.08377	1.07915	2234.97	14831.61
1824	2024.07.08 09:45	buy	781	3.70	1.08286	1.08126	1.08686	0.00	14831.61
1825	2024.07.09 11:00	sell	782	11.10	1.08166	1.08286	1.08126	0.00	14831.61
1826	2024.07.09 13:35	s/l	782	11.10	1.08286	1.08286	1.08126	-1332.00	13499.61
1827	2024.07.09 14:28	sell	783	11.10	1.08166	1.08286	1.08126	0.00	13499.61
1828	2024.07.09 14:39	s/l	781	3.70	1.08126	1.08126	1.08686	-622.87	12876.74
1829	2024.07.09 14:40	t/p	783	11.10	1.08126	1.08286	1.08126	444.00	13320.74
1830	2024.07.25 16:30	sell	784	0.80	1.08402	1.08567	1.07990	0.00	13320.74
1831	2024.07.25 17:50	s/l	784	0.80	1.08567	1.08567	1.07990	-132.00	13188.74
1832	2024.07.31 15:30	buy	785	1.51	1.08404	1.08230	1.08839	0.00	13188.74
1833	2024.07.31 17:47	s/l	785	1.51	1.08230	1.08230	1.08839	-262.74	12926.00
1834	2024.08.01 16:15	sell	786	0.60	1.07890	1.08102	1.07360	0.00	12926.00
1835	2024.08.01 17:00	s/l	786	0.60	1.08102	1.08102	1.07360	-127.20	12798.80
1836	2024.08.22 11:15	buy	787	0.62	1.11458	1.11253	1.11971	0.00	12798.80
1837	2024.08.22 16:45	s/l	787	0.62	1.11253	1.11253	1.11971	-127.10	12671.70
1838	2024.08.22 16:45	sell	788	0.60	1.11224	1.11433	1.10702	0.00	12671.70
1839	2024.08.23 17:04	s/l	788	0.60	1.11433	1.11433	1.10702	-123.88	12547.82
1840	2024.08.28 11:30	sell	789	1.45	1.11438	1.11610	1.11008	0.00	12547.82
1841	2024.08.28 14:57	modify	789	1.45	1.11438	1.11428	1.11008	0.00	12547.82
1842	2024.08.29 11:04	t/p	789	1.45	1.11008	1.11428	1.11008	634.53	13182.35
1843	2024.09.24 15:15	buy	790	5.33	1.11373	1.11200	1.11806	0.00	13182.35
1844	2024.09.24 17:28	modify	790	5.33	1.11373	1.11383	1.11806	0.00	13182.35
1845	2024.09.24 23:56	t/p	790	5.33	1.11806	1.11383	1.11806	2307.89	15490.24
1846	2024.09.26 16:15	sell	791	1.34	1.11409	1.11640	1.10832	0.00	15490.24
1847	2024.09.26 16:34	buy	792	4.02	1.11583	1.11409	1.11640	0.00	15490.24
1848	2024.09.26 16:47	s/l	792	4.02	1.11409	1.11409	1.11640	-699.48	14790.76
1849	2024.09.26 17:40	buy	793	4.02	1.11585	1.11409	1.11640	0.00	14790.76
1850	2024.09.26 17:43	s/l	791	1.34	1.11640	1.11640	1.10832	-309.54	14481.22
1851	2024.09.26 17:43	t/p	793	4.02	1.11640	1.11409	1.11640	221.10	14702.32
1852	2024.10.24 16:15	buy	794	0.94	1.08021	1.07865	1.08411	0.00	14702.32
1853	2024.10.24 21:50	modify	794	0.94	1.08021	1.08031	1.08411	0.00	14702.32
1854	2024.10.25 19:50	s/l	794	0.94	1.08031	1.08031	1.08411	1.56	14703.88
1855	2024.10.30 15:45	buy	795	4.78	1.08308	1.08093	1.08846	0.00	14703.88
1856	2024.10.30 17:44	modify	795	4.78	1.08308	1.08318	1.08846	0.00	14703.88
1857	2024.10.31 14:41	t/p	795	4.78	1.08846	1.08318	1.08846	2451.99	17155.87
1858	2024.10.31 16:30	buy	796	1.55	1.08715	1.08495	1.09265	0.00	17155.87
1859	2024.10.31 17:02	sell	797	4.65	1.08550	1.08715	1.08495	0.00	17155.87
1860	2024.10.31 17:51	s/l	796	1.55	1.08495	1.08495	1.09265	-341.00	16814.87
1861	2024.10.31 17:51	t/p	797	4.65	1.08495	1.08715	1.08495	255.75	17070.62
1862	2024.11.13 16:30	sell	798	1.64	1.06206	1.06413	1.05689	0.00	17070.62
1863	2024.11.13 16:52	modify	798	1.64	1.06206	1.06196	1.05689	0.00	17070.62
1864	2024.11.13 17:06	t/p	798	1.64	1.05689	1.06196	1.05689	847.88	17918.50
1865	2024.11.18 15:30	buy	799	7.00	1.05572	1.05393	1.06020	0.00	17918.50
1866	2024.11.18 18:58	modify	799	7.00	1.05572	1.05582	1.06020	0.00	17918.50
1867	2024.11.18 21:06	t/p	799	7.00	1.06020	1.05582	1.06020	3136.00	21054.50
1868	2024.11.21 16:15	sell	800	2.55	1.05245	1.05410	1.04833	0.00	21054.50
1869	2024.11.21 17:01	buy	801	7.65	1.05369	1.05245	1.05410	0.00	21054.50
1870	2024.11.21 17:08	s/l	800	2.55	1.05410	1.05410	1.04833	-420.75	20633.75
1871	2024.11.21 17:09	t/p	801	7.65	1.05410	1.05245	1.05410	313.65	20947.40
1872	2024.11.26 10:00	sell	802	2.70	1.04719	1.04874	1.04332	0.00	20947.40
1873	2024.11.26 10:21	s/l	802	2.70	1.04874	1.04874	1.04332	-418.50	20528.90
1874	2024.11.28 16:45	buy	803	1.35	1.05445	1.05294	1.05823	0.00	20528.90
1875	2024.11.29 02:36	modify	803	1.35	1.05445	1.05455	1.05823	0.00	20528.90
1876	2024.11.29 09:00	t/p	803	1.35	1.05823	1.05455	1.05823	499.04	21027.93
1877	2024.12.02 09:15	sell	804	6.78	1.05174	1.05391	1.04632	0.00	21027.93
1878	2024.12.02 14:13	buy	805	20.34	1.05337	1.05174	1.05391	0.00	21027.93
1879	2024.12.02 14:37	s/l	805	20.34	1.05174	1.05174	1.05391	-3315.42	17712.51
1880	2024.12.02 16:42	modify	804	6.78	1.05174	1.05164	1.04632	0.00	17712.51
1881	2024.12.02 17:02	t/p	804	6.78	1.04632	1.05164	1.04632	3674.76	21387.27
1882	2024.12.03 16:00	buy	806	5.59	1.05244	1.05091	1.05627	0.00	21387.27
1883	2024.12.03 17:00	sell	807	16.77	1.05127	1.05244	1.05091	0.00	21387.27
1884	2024.12.03 17:00	s/l	806	5.59	1.05091	1.05091	1.05627	-855.27	20532.00
1885	2024.12.03 17:00	t/p	807	16.77	1.05091	1.05244	1.05091	603.72	21135.72
1886	2024.12.04 10:45	sell	808	2.24	1.04980	1.05168	1.04510	0.00	21135.72
1887	2024.12.04 17:00	s/l	808	2.24	1.05168	1.05168	1.04510	-421.12	20714.60
1888	2024.12.05 11:45	buy	809	1.37	1.05342	1.05191	1.05720	0.00	20714.60
1889	2024.12.05 15:30	modify	809	1.37	1.05342	1.05352	1.05720	0.00	20714.60
1890	2024.12.05 16:00	t/p	809	1.37	1.05720	1.05352	1.05720	517.86	21232.46
1891	2025.01.02 11:45	sell	810	4.53	1.03557	1.03721	1.03147	0.00	21232.46
1892	2025.01.02 12:48	modify	810	4.53	1.03557	1.03547	1.03147	0.00	21232.46
1893	2025.01.02 12:49	t/p	810	4.53	1.03147	1.03547	1.03147	1857.30	23089.76
1894	2025.01.14 16:30	buy	811	3.88	1.02652	1.02414	1.03247	0.00	23089.76
1895	2025.01.14 18:16	modify	811	3.88	1.02652	1.02662	1.03247	0.00	23089.76
1896	2025.01.15 15:30	t/p	811	3.88	1.03247	1.02662	1.03247	2276.23	25365.99
1897	2025.01.27 09:45	buy	812	5.51	1.04703	1.04519	1.05163	0.00	25365.99
1898	2025.01.27 09:59	sell	813	16.53	1.04565	1.04703	1.04519	0.00	25365.99
1899	2025.01.27 10:13	s/l	813	16.53	1.04703	1.04703	1.04519	-2281.14	23084.85
1900	2025.01.27 12:05	modify	812	5.51	1.04703	1.04713	1.05163	0.00	23084.85
1901	2025.01.27 13:13	t/p	812	5.51	1.05163	1.04713	1.05163	2534.60	25619.45
1902	2025.01.30 11:15	sell	814	3.14	1.04097	1.04260	1.03690	0.00	25619.45
1903	2025.01.30 15:48	buy	815	9.42	1.04220	1.04097	1.04260	0.00	25619.45
1904	2025.01.30 15:53	s/l	814	3.14	1.04260	1.04260	1.03690	-511.82	25107.63
1905	2025.01.30 15:53	t/p	815	9.42	1.04260	1.04097	1.04260	376.80	25484.43
1906	2025.02.04 15:15	buy	816	3.30	1.03361	1.03207	1.03746	0.00	25484.43
1907	2025.02.04 16:18	modify	816	3.30	1.03361	1.03371	1.03746	0.00	25484.43
1908	2025.02.04 17:00	t/p	816	3.30	1.03746	1.03371	1.03746	1270.50	26754.93
1909	2025.02.10 14:00	sell	817	12.00	1.03204	1.03360	1.02814	0.00	26754.93
1910	2025.02.11 04:34	modify	817	12.00	1.03204	1.03194	1.02814	0.00	26754.93
1911	2025.02.11 10:57	s/l	817	12.00	1.03194	1.03194	1.02814	150.43	26905.36
1912	2025.02.26 10:30	buy	818	5.46	1.05093	1.04896	1.05586	0.00	26905.36
1913	2025.02.26 10:47	sell	819	16.38	1.04944	1.05093	1.04896	0.00	26905.36
1914	2025.02.26 13:50	s/l	818	5.46	1.04896	1.04896	1.05586	-1075.62	25829.74
1915	2025.02.26 13:50	t/p	819	16.38	1.04896	1.05093	1.04896	786.24	26615.98
1916	2025.03.12 16:45	buy	820	2.23	1.09028	1.08790	1.09623	0.00	26615.98
1917	2025.03.13 08:07	s/l	820	2.23	1.08790	1.08790	1.09623	-586.56	26029.42
1918	2025.03.13 09:45	sell	821	1.04	1.08621	1.08870	1.07999	0.00	26029.42
1919	2025.03.13 15:12	modify	821	1.04	1.08621	1.08611	1.07999	0.00	26029.42
1920	2025.03.13 16:03	s/l	821	1.04	1.08611	1.08611	1.07999	10.40	26039.82
1921	2025.03.17 15:00	buy	822	11.11	1.09018	1.08854	1.09428	0.00	26039.82
1922	2025.03.17 17:25	modify	822	11.11	1.09018	1.09028	1.09428	0.00	26039.82
1923	2025.03.18 10:11	t/p	822	11.11	1.09428	1.09028	1.09428	4462.40	30502.22
1924	2025.03.19 15:00	sell	823	7.13	1.09014	1.09185	1.08587	0.00	30502.22
1925	2025.03.19 17:58	modify	823	7.13	1.09014	1.09004	1.08587	0.00	30502.22
1926	2025.03.19 20:36	s/l	823	7.13	1.09004	1.09004	1.08587	71.30	30573.52
1927	2025.03.24 14:00	sell	824	6.43	1.08320	1.08510	1.07845	0.00	30573.52
1928	2025.03.24 15:51	modify	824	6.43	1.08320	1.08310	1.07845	0.00	30573.52
1929	2025.03.24 18:41	t/p	824	6.43	1.07845	1.08310	1.07845	3054.25	33627.77
1930	2025.03.25 16:15	sell	825	5.97	1.08051	1.08276	1.07489	0.00	33627.77
1931	2025.03.26 15:29	modify	825	5.97	1.08051	1.08041	1.07489	0.00	33627.77
1932	2025.03.26 21:17	t/p	825	5.97	1.07489	1.08041	1.07489	3370.28	36998.05
1933	2025.03.27 15:45	buy	826	3.47	1.07959	1.07746	1.08492	0.00	36998.05
1934	2025.03.27 15:53	sell	827	10.41	1.07799	1.07959	1.07746	0.00	36998.05
1935	2025.03.27 17:17	s/l	827	10.41	1.07959	1.07959	1.07746	-1665.60	35332.45
1936	2025.03.28 10:20	sell	828	10.41	1.07798	1.07959	1.07746	0.00	35332.45
1937	2025.03.28 11:03	s/l	826	3.47	1.07746	1.07746	1.08492	-768.06	34564.38
1938	2025.03.28 11:20	t/p	828	10.41	1.07746	1.07959	1.07746	541.32	35105.70
1939	2025.03.31 14:15	buy	829	3.90	1.08255	1.08075	1.08705	0.00	35105.70
1940	2025.03.31 15:42	s/l	829	3.90	1.08075	1.08075	1.08705	-702.00	34403.70
1941	2025.04.17 10:45	buy	830	1.79	1.13697	1.13505	1.14177	0.00	34403.70
1942	2025.04.17 15:16	s/l	830	1.79	1.13505	1.13505	1.14177	-343.68	34060.02
1943	2025.04.17 15:16	sell	831	1.62	1.13502	1.13711	1.12980	0.00	34060.02
1944	2025.04.17 16:05	s/l	831	1.62	1.13711	1.13711	1.12980	-338.58	33721.44
1945	2025.04.29 10:45	buy	832	3.30	1.14052	1.13848	1.14562	0.00	33721.44
1946	2025.04.29 11:13	s/l	832	3.30	1.13848	1.13848	1.14562	-673.20	33048.24
1947	2025.04.29 15:30	buy	833	3.55	1.13862	1.13676	1.14327	0.00	33048.24
1948	2025.04.29 16:18	modify	833	3.55	1.13862	1.13872	1.14327	0.00	33048.24
1949	2025.04.29 17:47	s/l	833	3.55	1.13872	1.13872	1.14327	35.50	33083.74
1950	2025.04.30 10:30	sell	834	10.92	1.13797	1.14009	1.13267	0.00	33083.74
1951	2025.04.30 18:21	modify	834	10.92	1.13797	1.13787	1.13267	0.00	33083.74
1952	2025.04.30 18:30	t/p	834	10.92	1.13267	1.13787	1.13267	5787.60	38871.34
1953	2025.05.01 15:00	sell	835	3.40	1.13197	1.13425	1.12627	0.00	38871.34
1954	2025.05.01 15:31	buy	836	10.20	1.13369	1.13197	1.13425	0.00	38871.34
1955	2025.05.01 15:43	s/l	836	10.20	1.13197	1.13197	1.13425	-1754.40	37116.94
1956	2025.05.01 17:20	modify	835	3.40	1.13197	1.13187	1.12627	0.00	37116.94
1957	2025.05.02 09:10	s/l	835	3.40	1.13187	1.13187	1.12627	42.62	37159.56
1958	2025.05.14 09:30	buy	837	8.79	1.11946	1.11777	1.12369	0.00	37159.56
1959	2025.05.14 10:13	sell	838	26.37	1.11819	1.11946	1.11777	0.00	37159.56
1960	2025.05.14 10:27	s/l	838	26.37	1.11946	1.11946	1.11777	-3348.99	33810.57
1961	2025.05.14 11:03	modify	837	8.79	1.11946	1.11956	1.12369	0.00	33810.57
1962	2025.05.14 11:07	t/p	837	8.79	1.12369	1.11956	1.12369	3718.17	37528.74
1963	2025.05.15 09:30	buy	839	3.05	1.12077	1.11831	1.12692	0.00	37528.74
1964	2025.05.15 14:33	sell	840	9.15	1.11889	1.12077	1.11831	0.00	37528.74
1965	2025.05.15 14:34	s/l	839	3.05	1.11831	1.11831	1.12692	-750.30	36778.44
1966	2025.05.15 14:34	t/p	840	9.15	1.11831	1.12077	1.11831	530.70	37309.14
1967	2025.05.22 15:45	sell	841	1.56	1.12926	1.13164	1.12331	0.00	37309.14
1968	2025.05.22 20:28	modify	841	1.56	1.12926	1.12916	1.12331	0.00	37309.14
1969	2025.05.23 03:24	s/l	841	1.56	1.12916	1.12916	1.12331	19.56	37328.70
1970	2025.05.27 09:15	buy	842	11.41	1.13874	1.13645	1.14447	0.00	37328.70
1971	2025.05.27 09:53	sell	843	34.23	1.13701	1.13874	1.13645	0.00	37328.70
1972	2025.05.27 09:59	s/l	842	11.41	1.13645	1.13645	1.14447	-2612.89	34715.81
1973	2025.05.27 09:59	t/p	843	34.23	1.13645	1.13874	1.13645	1916.88	36632.69
1974	2025.05.28 14:00	sell	844	4.36	1.13254	1.13422	1.12834	0.00	36632.69
1975	2025.05.28 16:11	modify	844	4.36	1.13254	1.13244	1.12834	0.00	36632.69
1976	2025.05.29 02:10	t/p	844	4.36	1.12834	1.13244	1.12834	1864.37	38497.06
1977	2025.06.05 10:15	buy	845	8.86	1.14189	1.14037	1.14569	0.00	38497.06
1978	2025.06.05 15:30	modify	845	8.86	1.14189	1.14199	1.14569	0.00	38497.06
1979	2025.06.05 15:50	s/l	845	8.86	1.14199	1.14199	1.14569	88.60	38585.66
1980	2025.06.10 10:00	sell	846	6.95	1.13940	1.14162	1.13385	0.00	38585.66
1981	2025.06.10 11:57	buy	847	20.85	1.14108	1.13940	1.14162	0.00	38585.66
1982	2025.06.10 12:41	s/l	846	6.95	1.14162	1.14162	1.13385	-1542.90	37042.76
1983	2025.06.10 12:41	t/p	847	20.85	1.14162	1.13940	1.14162	1125.90	38168.66
1984	2025.06.16 08:15	buy	848	4.74	1.15458	1.15297	1.15861	0.00	38168.66
1985	2025.06.16 09:51	modify	848	4.74	1.15458	1.15468	1.15861	0.00	38168.66
1986	2025.06.16 16:00	t/p	848	4.74	1.15861	1.15468	1.15861	1910.22	40078.88
1987	2025.06.18 11:30	sell	849	18.10	1.15033	1.15188	1.14646	0.00	40078.88
1988	2025.06.18 15:25	buy	850	54.30	1.15150	1.15033	1.15188	0.00	40078.88
1989	2025.06.18 15:46	s/l	850	54.30	1.15033	1.15033	1.15188	-6353.10	33725.78
1990	2025.06.18 17:04	buy	851	54.30	1.15151	1.15033	1.15188	0.00	33725.78
1991	2025.06.18 17:04	s/l	849	18.10	1.15188	1.15188	1.14646	-2805.50	30920.28
1992	2025.06.18 17:04	t/p	851	54.30	1.15188	1.15033	1.15188	2009.10	32929.38
1993	2025.07.09 10:45	sell	852	3.27	1.17098	1.17299	1.16596	0.00	32929.38
1994	2025.07.10 02:39	s/l	852	3.27	1.17299	1.17299	1.16596	-632.39	32296.99
1995	2025.07.17 09:15	sell	853	1.69	1.16080	1.16271	1.15603	0.00	32296.99
1996	2025.07.17 09:30	modify	853	1.69	1.16080	1.16070	1.15603	0.00	32296.99
1997	2025.07.17 15:30	t/p	853	1.69	1.15603	1.16070	1.15603	806.13	33103.12
1998	2025.07.22 16:45	buy	854	10.20	1.16990	1.16763	1.17558	0.00	33103.12
1999	2025.07.22 18:16	modify	854	10.20	1.16990	1.17000	1.17558	0.00	33103.12
2000	2025.07.22 19:07	t/p	854	10.20	1.17558	1.17000	1.17558	5793.60	38896.72
2001	2025.08.21 16:45	sell	855	4.32	1.16334	1.16514	1.15884	0.00	38896.72
2002	2025.08.21 17:45	modify	855	4.32	1.16334	1.16324	1.15884	0.00	38896.72
2003	2025.08.22 07:21	t/p	855	4.32	1.15884	1.16324	1.15884	1954.96	40851.67
2004	2025.08.26 09:15	sell	856	10.14	1.16297	1.16458	1.15895	0.00	40851.67
2005	2025.08.26 10:12	modify	856	10.14	1.16297	1.16287	1.15895	0.00	40851.67
2006	2025.08.26 12:12	s/l	856	10.14	1.16287	1.16287	1.15895	101.40	40953.07
2007	2025.09.03 15:45	sell	857	10.84	1.16452	1.16603	1.16075	0.00	40953.07
2008	2025.09.03 17:00	buy	858	32.52	1.16568	1.16452	1.16603	0.00	40953.07
2009	2025.09.03 17:00	s/l	857	10.84	1.16603	1.16603	1.16075	-1636.84	39316.23
2010	2025.09.03 17:00	t/p	858	32.52	1.16603	1.16452	1.16603	1138.20	40454.43
2011	2025.09.29 15:00	buy	859	3.62	1.17293	1.17070	1.17851	0.00	40454.43
2012	2025.10.01 08:00	modify	859	3.62	1.17293	1.17303	1.17851	0.00	40454.43
2013	2025.10.01 13:02	s/l	859	3.62	1.17303	1.17303	1.17851	-24.21	40430.22
2014	2025.10.01 15:15	sell	860	4.27	1.17234	1.17423	1.16762	0.00	40430.22
2015	2025.10.01 15:15	s/l	860	4.27	1.17423	1.17423	1.16762	-807.03	39623.19
2016	2025.10.01 15:15	buy	861	3.77	1.17423	1.17213	1.17948	0.00	39623.19
2017	2025.10.01 18:20	s/l	861	3.77	1.17213	1.17213	1.17948	-791.70	38831.49
2018	2025.10.02 10:15	buy	862	1.99	1.17516	1.17321	1.18004	0.00	38831.49
2019	2025.10.02 16:39	s/l	862	1.99	1.17321	1.17321	1.18004	-388.05	38443.44
2020	2025.10.02 16:39	sell	863	2.84	1.17321	1.17456	1.16984	0.00	38443.44
2021	2025.10.02 17:11	modify	863	2.84	1.17321	1.17311	1.16984	0.00	38443.44
2022	2025.10.02 18:15	t/p	863	2.84	1.16984	1.17311	1.16984	957.08	39400.52
2023	2025.10.09 09:15	sell	864	2.27	1.16299	1.16472	1.15867	0.00	39400.52
2024	2025.10.09 11:35	modify	864	2.27	1.16299	1.16289	1.15867	0.00	39400.52
2025	2025.10.09 17:22	t/p	864	2.27	1.15867	1.16289	1.15867	980.64	40381.16
2026	2025.10.14 09:30	sell	865	13.78	1.15710	1.15915	1.15198	0.00	40381.16
2027	2025.10.14 17:34	buy	866	41.34	1.15864	1.15710	1.15915	0.00	40381.16
2028	2025.10.14 17:40	s/l	865	13.78	1.15915	1.15915	1.15198	-2824.90	37556.26
2029	2025.10.14 17:40	t/p	866	41.34	1.15915	1.15710	1.15915	2108.34	39664.60
2030	2025.10.15 16:45	buy	867	4.19	1.16272	1.16083	1.16745	0.00	39664.60
2031	2025.10.16 03:27	modify	867	4.19	1.16272	1.16282	1.16745	0.00	39664.60
2032	2025.10.16 04:51	t/p	867	4.19	1.16745	1.16282	1.16745	1876.99	41541.59
2033	2025.10.27 10:45	buy	868	18.17	1.16315	1.16155	1.16715	0.00	41541.59
2034	2025.10.28 02:20	modify	868	18.17	1.16315	1.16325	1.16715	0.00	41541.59
2035	2025.10.28 15:07	s/l	868	18.17	1.16325	1.16325	1.16715	30.09	41571.68
2036	2025.10.28 16:30	buy	869	6.95	1.16557	1.16318	1.17155	0.00	41571.68
2037	2025.10.29 05:41	sell	870	20.85	1.16377	1.16557	1.16318	0.00	41571.68
2038	2025.10.29 06:55	s/l	869	6.95	1.16318	1.16318	1.17155	-1719.04	39852.64
2039	2025.10.29 06:55	sell	871	20.17	1.16318	1.16397	1.16121	0.00	39852.64
2040	2025.10.29 06:55	t/p	870	20.85	1.16318	1.16557	1.16318	1230.15	41082.79
2041	2025.10.29 11:11	modify	871	20.17	1.16318	1.16308	1.16121	0.00	41082.79
2042	2025.10.29 11:32	s/l	871	20.17	1.16308	1.16308	1.16121	201.70	41284.49
2043	2025.11.10 09:45	buy	872	4.32	1.15705	1.15514	1.16183	0.00	41284.49
2044	2025.11.10 17:41	s/l	872	4.32	1.15514	1.15514	1.16183	-825.12	40459.37
2045	2025.11.19 15:45	sell	873	4.44	1.15749	1.15931	1.15294	0.00	40459.37
2046	2025.11.19 17:10	modify	873	4.44	1.15749	1.15739	1.15294	0.00	40459.37
2047	2025.11.19 19:26	t/p	873	4.44	1.15294	1.15739	1.15294	2020.20	42479.57
2048	2025.12.01 09:30	buy	874	15.65	1.16082	1.15892	1.16557	0.00	42479.57
2049	2025.12.01 14:37	modify	874	15.65	1.16082	1.16092	1.16557	0.00	42479.57
2050	2025.12.01 21:11	s/l	874	15.65	1.16092	1.16092	1.16557	156.50	42636.07
2051	2025.12.16 16:00	buy	875	8.16	1.17758	1.17549	1.18281	0.00	42636.07
2052	2025.12.16 20:02	sell	876	24.48	1.17601	1.17758	1.17549	0.00	42636.07
2053	2025.12.16 20:07	s/l	875	8.16	1.17549	1.17549	1.18281	-1705.44	40930.63
2054	2025.12.16 20:11	t/p	876	24.48	1.17549	1.17758	1.17549	1272.96	42203.59
2055	2025.12.24 11:00	buy	877	3.85	1.17995	1.17776	1.18543	0.00	42203.59
2056	2025.12.24 16:55	s/l	877	3.85	1.17776	1.17776	1.18543	-843.15	41360.44
2057	2026.01.12 15:15	buy	878	4.92	1.16925	1.16757	1.17345	0.00	41360.44
2058	2026.01.12 16:29	s/l	878	4.92	1.16757	1.16757	1.17345	-826.56	40533.88
2059	2026.01.12 16:29	sell	879	3.26	1.16757	1.17005	1.16137	0.00	40533.88
2060	2026.01.13 18:14	modify	879	3.26	1.16757	1.16747	1.16137	0.00	40533.88
2061	2026.01.15 15:30	t/p	879	3.26	1.16137	1.16747	1.16137	2062.54	42596.42
2062	2026.01.19 09:15	buy	880	4.95	1.16400	1.16228	1.16830	0.00	42596.42
2063	2026.01.19 10:07	s/l	880	4.95	1.16228	1.16228	1.16830	-851.40	41745.02
2064	2026.01.19 10:07	sell	881	4.34	1.16228	1.16420	1.15748	0.00	41745.02
2065	2026.01.19 16:49	s/l	881	4.34	1.16420	1.16420	1.15748	-833.28	40911.74
2066	2026.01.29 15:00	buy	882	2.22	1.19613	1.19429	1.20073	0.00	40911.74
2067	2026.01.29 15:49	s/l	882	2.22	1.19429	1.19429	1.20073	-408.48	40503.26
2068	2026.02.04 16:15	sell	883	4.05	1.18076	1.18276	1.17576	0.00	40503.26
2069	2026.02.05 23:02	modify	883	4.05	1.18076	1.18066	1.17576	0.00	40503.26
2070	2026.02.06 15:49	s/l	883	4.05	1.18066	1.18066	1.17576	81.58	40584.84
2071	2026.02.18 16:00	sell	884	11.59	1.18236	1.18481	1.17624	0.00	40584.84
2072	2026.02.18 20:47	modify	884	11.59	1.18236	1.18226	1.17624	0.00	40584.84
2073	2026.02.19 15:04	t/p	884	11.59	1.17624	1.18226	1.17624	7181.26	47766.10
2074	2026.02.25 16:00	sell	885	10.16	1.17734	1.17922	1.17264	0.00	47766.10
2075	2026.02.25 16:46	buy	886	30.48	1.17875	1.17734	1.17922	0.00	47766.10
2076	2026.02.25 17:07	s/l	885	10.16	1.17922	1.17922	1.17264	-1910.08	45856.02
2077	2026.02.25 17:07	t/p	886	30.48	1.17922	1.17734	1.17922	1432.56	47288.58
2078	2026.03.17 09:15	buy	887	5.91	1.14885	1.14725	1.15285	0.00	47288.58
2079	2026.03.17 10:48	modify	887	5.91	1.14885	1.14895	1.15285	0.00	47288.58
2080	2026.03.17 15:00	t/p	887	5.91	1.15285	1.14895	1.15285	2364.00	49652.58
