1	2010.01.19 09:15	sell	1	1.01	1.43931	1.44128	1.43439	0.00	10000.00
2	2010.01.19 10:45	modify	1	1.01	1.43931	1.43921	1.43439	0.00	10000.00
3	2010.01.19 11:00	t/p	1	1.01	1.43439	1.43921	1.43439	496.92	10496.92
4	2010.02.15 14:00	sell	2	4.05	1.36095	1.36276	1.35643	0.00	10496.92
5	2010.02.15 16:47	modify	2	4.05	1.36095	1.36085	1.35643	0.00	10496.92
6	2010.02.15 17:39	s/l	2	4.05	1.36085	1.36085	1.35643	40.50	10537.42
7	2010.02.16 11:30	buy	3	1.80	1.36601	1.36368	1.37184	0.00	10537.42
8	2010.02.16 13:38	s/l	3	1.80	1.36368	1.36368	1.37184	-419.40	10118.02
9	2010.03.08 15:00	buy	4	1.12	1.36653	1.36473	1.37103	0.00	10118.02
10	2010.03.08 16:32	s/l	4	1.12	1.36473	1.36473	1.37103	-201.60	9916.42
11	2010.03.10 08:00	sell	5	0.92	1.35826	1.36040	1.35291	0.00	9916.42
12	2010.03.10 09:00	modify	5	0.92	1.35826	1.35816	1.35291	0.00	9916.42
13	2010.03.10 10:14	s/l	5	0.92	1.35816	1.35816	1.35291	9.20	9925.62
14	2010.03.10 15:00	buy	6	3.12	1.36154	1.35932	1.36709	0.00	9925.62
15	2010.03.10 16:52	modify	6	3.12	1.36154	1.36164	1.36709	0.00	9925.62
16	2010.03.10 17:03	t/p	6	3.12	1.36709	1.36164	1.36709	1731.60	11657.22
17	2010.03.11 09:30	buy	7	1.20	1.36425	1.36232	1.36908	0.00	11657.22
18	2010.03.11 14:30	modify	7	1.20	1.36425	1.36435	1.36908	0.00	11657.22
19	2010.03.11 14:44	s/l	7	1.20	1.36435	1.36435	1.36908	12.00	11669.22
20	2010.03.16 08:00	sell	8	2.62	1.36831	1.37009	1.36386	0.00	11669.22
21	2010.03.16 11:00	s/l	8	2.62	1.37009	1.37009	1.36386	-466.36	11202.86
22	2010.04.05 08:00	sell	9	1.15	1.34992	1.35186	1.34507	0.00	11202.86
23	2010.04.05 08:34	modify	9	1.15	1.34992	1.34982	1.34507	0.00	11202.86
24	2010.04.05 15:14	s/l	9	1.15	1.34982	1.34982	1.34507	11.50	11214.36
25	2010.06.30 09:45	sell	10	3.90	1.22160	1.22361	1.21658	0.00	11214.36
26	2010.06.30 11:17	s/l	10	3.90	1.22361	1.22361	1.21658	-783.90	10430.46
27	2010.08.18 09:45	sell	11	1.00	1.28290	1.28497	1.27773	0.00	10430.46
28	2010.08.18 09:51	s/l	11	1.00	1.28497	1.28497	1.27773	-207.00	10223.46
29	2010.08.30 08:15	buy	12	1.03	1.27451	1.27254	1.27944	0.00	10223.46
30	2010.08.30 08:58	s/l	12	1.03	1.27254	1.27254	1.27944	-202.91	10020.55
31	2010.08.30 08:58	sell	13	0.87	1.27253	1.27481	1.26683	0.00	10020.55
32	2010.08.30 14:20	modify	13	0.87	1.27253	1.27243	1.26683	0.00	10020.55
33	2010.08.30 18:29	t/p	13	0.87	1.26683	1.27243	1.26683	495.90	10516.45
34	2010.09.01 10:00	buy	14	0.98	1.27200	1.26987	1.27733	0.00	10516.45
35	2010.09.01 10:44	modify	14	0.98	1.27200	1.27210	1.27733	0.00	10516.45
36	2010.09.01 11:27	t/p	14	0.98	1.27733	1.27210	1.27733	522.34	11038.79
37	2010.09.06 15:00	buy	15	3.78	1.28850	1.28646	1.29360	0.00	11038.79
38	2010.09.07 01:04	s/l	15	3.78	1.28646	1.28646	1.29360	-802.66	10236.13
39	2010.09.20 08:45	buy	16	1.01	1.30852	1.30650	1.31357	0.00	10236.13
40	2010.09.20 09:35	modify	16	1.01	1.30852	1.30862	1.31357	0.00	10236.13
41	2010.09.20 13:57	s/l	16	1.01	1.30862	1.30862	1.31357	10.10	10246.23
42	2010.12.22 08:30	sell	17	3.77	1.31303	1.31493	1.30828	0.00	10246.23
43	2010.12.22 10:43	s/l	17	3.77	1.31493	1.31493	1.30828	-716.30	9529.93
44	2010.12.27 15:00	buy	18	0.83	1.31514	1.31285	1.32087	0.00	9529.93
45	2010.12.27 19:01	s/l	18	0.83	1.31285	1.31285	1.32087	-190.07	9339.86
46	2010.12.29 11:30	sell	19	0.78	1.31229	1.31468	1.30632	0.00	9339.86
47	2010.12.29 17:33	s/l	19	0.78	1.31468	1.31468	1.30632	-186.42	9153.44
48	2011.02.09 09:30	buy	20	0.75	1.36507	1.36265	1.37112	0.00	9153.44
49	2011.02.09 11:48	s/l	20	0.75	1.36265	1.36265	1.37112	-181.50	8971.94
50	2011.03.08 08:30	buy	21	0.86	1.39830	1.39622	1.40350	0.00	8971.94
51	2011.03.08 08:39	s/l	21	0.86	1.39622	1.39622	1.40350	-178.88	8793.06
52	2011.03.08 08:39	sell	22	0.76	1.39622	1.39851	1.39050	0.00	8793.06
53	2011.03.08 09:34	modify	22	0.76	1.39622	1.39612	1.39050	0.00	8793.06
54	2011.03.08 13:23	t/p	22	0.76	1.39050	1.39612	1.39050	434.72	9227.78
55	2011.03.23 10:15	sell	23	0.81	1.41753	1.41980	1.41186	0.00	9227.78
56	2011.03.23 11:15	s/l	23	0.81	1.41980	1.41980	1.41186	-183.87	9043.91
57	2011.03.23 11:15	buy	24	0.75	1.41980	1.41740	1.42580	0.00	9043.91
58	2011.03.23 12:16	s/l	24	0.75	1.41740	1.41740	1.42580	-180.00	8863.91
59	2011.03.30 08:15	sell	25	1.04	1.40821	1.40990	1.40399	0.00	8863.91
60	2011.03.30 10:08	s/l	25	1.04	1.40990	1.40990	1.40399	-175.76	8688.15
61	2011.04.05 08:15	sell	26	1.14	1.41931	1.42083	1.41551	0.00	8688.15
62	2011.04.05 08:30	modify	26	1.14	1.41931	1.41921	1.41551	0.00	8688.15
63	2011.04.05 09:18	s/l	26	1.14	1.41921	1.41921	1.41551	11.40	8699.55
64	2011.04.12 08:15	sell	27	3.71	1.43919	1.44083	1.43509	0.00	8699.55
65	2011.04.12 09:11	s/l	27	3.71	1.44083	1.44083	1.43509	-608.44	8091.11
66	2011.08.22 08:30	sell	28	1.04	1.43580	1.43735	1.43193	0.00	8091.11
67	2011.08.22 09:07	s/l	28	1.04	1.43735	1.43735	1.43193	-161.20	7929.91
68	2011.08.24 08:15	buy	29	0.68	1.44161	1.43930	1.44739	0.00	7929.91
69	2011.08.24 10:00	s/l	29	0.68	1.43930	1.43930	1.44739	-157.08	7772.83
70	2011.09.08 10:30	sell	30	0.39	1.40645	1.40843	1.40150	0.00	7772.83
71	2011.09.08 12:49	modify	30	0.39	1.40645	1.40635	1.40150	0.00	7772.83
72	2011.09.08 13:35	t/p	30	0.39	1.40150	1.40635	1.40150	193.05	7965.88
73	2011.12.08 08:15	buy	31	1.59	1.34176	1.34001	1.34614	0.00	7965.88
74	2011.12.08 10:05	s/l	31	1.59	1.34001	1.34001	1.34614	-278.25	7687.63
75	2011.12.19 08:45	sell	32	0.78	1.30068	1.30264	1.29578	0.00	7687.63
76	2011.12.19 09:07	s/l	32	0.78	1.30264	1.30264	1.29578	-152.88	7534.75
77	2011.12.19 15:15	sell	33	0.71	1.30218	1.30428	1.29693	0.00	7534.75
78	2011.12.19 21:54	modify	33	0.71	1.30218	1.30208	1.29693	0.00	7534.75
79	2011.12.20 09:35	s/l	33	0.71	1.30208	1.30208	1.29693	8.90	7543.65
80	2012.03.07 08:00	sell	34	3.38	1.31391	1.31547	1.31001	0.00	7543.65
81	2012.03.07 11:22	s/l	34	3.38	1.31547	1.31547	1.31001	-527.28	7016.37
82	2012.03.07 11:22	buy	35	0.61	1.31547	1.31319	1.32117	0.00	7016.37
83	2012.03.07 12:06	s/l	35	0.61	1.31319	1.31319	1.32117	-139.08	6877.29
84	2012.03.08 09:00	buy	36	0.44	1.31786	1.31631	1.32174	0.00	6877.29
85	2012.03.08 10:31	modify	36	0.44	1.31786	1.31796	1.32174	0.00	6877.29
86	2012.03.08 10:36	t/p	36	0.44	1.32174	1.31796	1.32174	170.72	7048.01
87	2012.03.29 08:15	buy	37	1.19	1.33281	1.33074	1.33799	0.00	7048.01
88	2012.03.29 11:06	s/l	37	1.19	1.33074	1.33074	1.33799	-246.33	6801.68
89	2012.04.03 08:15	buy	38	0.69	1.33466	1.33269	1.33959	0.00	6801.68
90	2012.04.03 13:16	s/l	38	0.69	1.33269	1.33269	1.33959	-135.93	6665.75
91	2012.04.09 15:15	sell	39	0.67	1.30563	1.30761	1.30068	0.00	6665.75
92	2012.04.09 16:31	s/l	39	0.67	1.30761	1.30761	1.30068	-132.66	6533.09
93	2012.04.09 16:31	buy	40	0.63	1.30761	1.30554	1.31279	0.00	6533.09
94	2012.04.09 18:33	modify	40	0.63	1.30761	1.30771	1.31279	0.00	6533.09
95	2012.04.09 18:59	t/p	40	0.63	1.31279	1.30771	1.31279	326.34	6859.43
96	2012.04.12 10:45	buy	41	0.27	1.31315	1.31066	1.31938	0.00	6859.43
97	2012.04.12 11:09	s/l	41	0.27	1.31066	1.31066	1.31938	-67.23	6792.20
98	2012.04.17 09:15	buy	42	0.61	1.31100	1.30879	1.31653	0.00	6792.20
99	2012.04.17 09:55	modify	42	0.61	1.31100	1.31110	1.31653	0.00	6792.20
100	2012.04.17 11:00	t/p	42	0.61	1.31653	1.31110	1.31653	337.33	7129.53
101	2012.04.18 14:45	sell	43	2.44	1.30804	1.31008	1.30294	0.00	7129.53
102	2012.04.18 16:35	s/l	43	2.44	1.31008	1.31008	1.30294	-497.76	6631.77
103	2012.04.19 11:30	buy	44	0.35	1.31388	1.31203	1.31851	0.00	6631.77
104	2012.04.19 12:23	s/l	44	0.35	1.31203	1.31203	1.31851	-64.75	6567.02
105	2012.04.26 15:30	buy	45	0.30	1.32181	1.31963	1.32726	0.00	6567.02
106	2012.04.26 16:16	modify	45	0.30	1.32181	1.32191	1.32726	0.00	6567.02
107	2012.04.26 23:00	s/l	45	0.30	1.32191	1.32191	1.32726	3.00	6570.02
108	2012.05.10 10:15	sell	46	0.95	1.29446	1.29688	1.28841	0.00	6570.02
109	2012.05.10 15:12	s/l	46	0.95	1.29688	1.29688	1.28841	-229.90	6340.12
110	2012.05.17 08:45	sell	47	0.29	1.27264	1.27480	1.26724	0.00	6340.12
111	2012.05.17 12:19	modify	47	0.29	1.27264	1.27254	1.26724	0.00	6340.12
112	2012.05.17 13:26	t/p	47	0.29	1.26724	1.27254	1.26724	156.60	6496.72
113	2012.05.22 09:15	buy	48	2.95	1.27961	1.27807	1.28346	0.00	6496.72
114	2012.05.22 10:43	s/l	48	2.95	1.27807	1.27807	1.28346	-454.30	6042.42
115	2012.05.29 11:45	sell	49	0.51	1.25401	1.25635	1.24816	0.00	6042.42
116	2012.05.29 17:36	modify	49	0.51	1.25401	1.25391	1.24816	0.00	6042.42
117	2012.05.29 17:45	t/p	49	0.51	1.24816	1.25391	1.24816	298.35	6340.77
118	2012.06.19 08:30	sell	50	2.26	1.25960	1.26156	1.25470	0.00	6340.77
119	2012.06.19 09:16	s/l	50	2.26	1.26156	1.26156	1.25470	-442.96	5897.81
120	2012.06.26 09:00	sell	51	0.51	1.25010	1.25240	1.24435	0.00	5897.81
121	2012.06.26 09:39	s/l	51	0.51	1.25240	1.25240	1.24435	-117.30	5780.51
122	2012.06.27 08:45	sell	52	0.74	1.24880	1.25035	1.24493	0.00	5780.51
123	2012.06.27 15:09	modify	52	0.74	1.24880	1.24870	1.24493	0.00	5780.51
124	2012.06.27 17:18	t/p	52	0.74	1.24493	1.24870	1.24493	286.38	6066.89
125	2012.07.11 10:15	sell	53	2.72	1.22620	1.22776	1.22230	0.00	6066.89
126	2012.07.11 10:41	s/l	53	2.72	1.22776	1.22776	1.22230	-424.32	5642.57
127	2012.07.16 09:30	buy	54	0.62	1.22370	1.22188	1.22825	0.00	5642.57
128	2012.07.16 10:45	s/l	54	0.62	1.22188	1.22188	1.22825	-112.84	5529.73
129	2012.07.18 09:15	buy	55	0.68	1.22915	1.22754	1.23318	0.00	5529.73
130	2012.07.18 10:09	s/l	55	0.68	1.22754	1.22754	1.23318	-109.48	5420.25
131	2012.07.18 10:09	sell	56	0.52	1.22753	1.22960	1.22236	0.00	5420.25
132	2012.07.18 11:40	modify	56	0.52	1.22753	1.22743	1.22236	0.00	5420.25
133	2012.07.18 13:02	t/p	56	0.52	1.22236	1.22743	1.22236	268.84	5689.09
134	2012.07.31 09:45	buy	57	0.57	1.22778	1.22579	1.23276	0.00	5689.09
135	2012.07.31 10:05	s/l	57	0.57	1.22579	1.22579	1.23276	-113.43	5575.66
136	2012.07.31 11:00	sell	58	0.54	1.22571	1.22777	1.22056	0.00	5575.66
137	2012.07.31 11:56	s/l	58	0.54	1.22777	1.22777	1.22056	-111.24	5464.42
138	2012.08.08 11:30	sell	59	0.49	1.23711	1.23933	1.23156	0.00	5464.42
139	2012.08.08 14:13	modify	59	0.49	1.23711	1.23701	1.23156	0.00	5464.42
140	2012.08.08 17:12	s/l	59	0.49	1.23701	1.23701	1.23156	4.90	5469.32
141	2012.08.09 09:15	sell	60	0.77	1.23620	1.23866	1.23005	0.00	5469.32
142	2012.08.09 12:03	modify	60	0.77	1.23620	1.23610	1.23005	0.00	5469.32
143	2012.08.09 13:24	t/p	60	0.77	1.23005	1.23610	1.23005	473.55	5942.87
144	2012.08.13 09:45	sell	61	1.26	1.22776	1.22964	1.22306	0.00	5942.87
145	2012.08.13 11:00	s/l	61	1.26	1.22964	1.22964	1.22306	-236.88	5705.99
146	2012.08.15 11:45	sell	62	0.68	1.23236	1.23403	1.22819	0.00	5705.99
147	2012.08.15 12:09	modify	62	0.68	1.23236	1.23226	1.22819	0.00	5705.99
148	2012.08.15 12:20	t/p	62	0.68	1.22819	1.23226	1.22819	283.56	5989.55
149	2012.08.20 08:15	buy	63	1.98	1.23483	1.23272	1.24011	0.00	5989.55
150	2012.08.20 12:02	s/l	63	1.98	1.23272	1.23272	1.24011	-417.78	5571.77
151	2012.08.28 08:15	sell	64	0.68	1.24795	1.24957	1.24390	0.00	5571.77
152	2012.08.28 09:49	s/l	64	0.68	1.24957	1.24957	1.24390	-110.16	5461.61
153	2012.09.03 09:15	buy	65	0.57	1.25800	1.25609	1.26278	0.00	5461.61
154	2012.09.03 17:16	modify	65	0.57	1.25800	1.25810	1.26278	0.00	5461.61
155	2012.09.04 01:07	s/l	65	0.57	1.25810	1.25810	1.26278	0.94	5462.55
156	2012.10.02 08:30	buy	66	2.34	1.29130	1.28967	1.29538	0.00	5462.55
157	2012.10.02 08:58	s/l	66	2.34	1.28967	1.28967	1.29538	-381.42	5081.13
158	2012.10.03 08:15	sell	67	0.52	1.28867	1.29059	1.28387	0.00	5081.13
159	2012.10.03 09:41	s/l	67	0.52	1.29059	1.29059	1.28387	-99.84	4981.29
160	2012.10.11 08:00	sell	68	0.24	1.28581	1.28788	1.28064	0.00	4981.29
161	2012.10.11 10:10	s/l	68	0.24	1.28788	1.28788	1.28064	-49.68	4931.61
162	2012.10.15 08:15	sell	69	0.59	1.29007	1.29174	1.28590	0.00	4931.61
163	2012.10.15 08:51	s/l	69	0.59	1.29174	1.29174	1.28590	-98.53	4833.08
164	2012.10.15 08:51	buy	70	0.41	1.29174	1.28939	1.29762	0.00	4833.08
165	2012.10.15 09:47	modify	70	0.41	1.29174	1.29184	1.29762	0.00	4833.08
166	2012.10.15 13:05	t/p	70	0.41	1.29762	1.29184	1.29762	241.08	5074.16
167	2012.10.18 10:45	buy	71	0.24	1.31033	1.30827	1.31548	0.00	5074.16
168	2012.10.18 16:17	s/l	71	0.24	1.30827	1.30827	1.31548	-49.44	5024.72
169	2012.10.22 09:15	sell	72	0.45	1.30396	1.30619	1.29839	0.00	5024.72
170	2012.10.22 12:13	s/l	72	0.45	1.30619	1.30619	1.29839	-100.35	4924.37
171	2012.10.22 12:13	buy	73	0.64	1.30619	1.30466	1.31002	0.00	4924.37
172	2012.10.22 15:15	s/l	73	0.64	1.30466	1.30466	1.31002	-97.92	4826.45
173	2012.10.25 11:30	buy	74	0.25	1.30147	1.29960	1.30615	0.00	4826.45
174	2012.10.25 12:50	s/l	74	0.25	1.29960	1.29960	1.30615	-46.75	4779.70
175	2012.10.25 12:50	sell	75	0.24	1.29960	1.30154	1.29475	0.00	4779.70
176	2012.10.25 15:55	modify	75	0.24	1.29960	1.29950	1.29475	0.00	4779.70
177	2012.10.25 17:25	t/p	75	0.24	1.29475	1.29950	1.29475	116.40	4896.10
178	2012.11.01 08:15	sell	76	0.25	1.29467	1.29662	1.28980	0.00	4896.10
179	2012.11.01 13:32	s/l	76	0.25	1.29662	1.29662	1.28980	-48.75	4847.35
180	2012.11.06 16:15	sell	77	0.62	1.27995	1.28151	1.27605	0.00	4847.35
181	2012.11.06 17:37	s/l	77	0.62	1.28151	1.28151	1.27605	-96.72	4750.63
182	2012.11.14 08:45	buy	78	0.50	1.27217	1.27029	1.27687	0.00	4750.63
183	2012.11.14 10:52	modify	78	0.50	1.27217	1.27227	1.27687	0.00	4750.63
184	2012.11.14 20:00	t/p	78	0.50	1.27687	1.27227	1.27687	235.00	4985.63
185	2012.11.28 10:30	sell	79	1.66	1.29182	1.29392	1.28657	0.00	4985.63
186	2012.11.28 14:19	modify	79	1.66	1.29182	1.29172	1.28657	0.00	4985.63
187	2012.11.28 16:36	s/l	79	1.66	1.29172	1.29172	1.28657	16.60	5002.23
188	2012.11.29 09:00	buy	80	0.44	1.29636	1.29409	1.30204	0.00	5002.23
189	2012.11.29 13:47	modify	80	0.44	1.29636	1.29646	1.30204	0.00	5002.23
190	2012.11.29 17:41	s/l	80	0.44	1.29646	1.29646	1.30204	4.40	5006.63
191	2012.12.11 10:30	buy	81	0.90	1.29587	1.29366	1.30140	0.00	5006.63
192	2012.12.11 12:50	modify	81	0.90	1.29587	1.29597	1.30140	0.00	5006.63
193	2012.12.11 19:41	t/p	81	0.90	1.30140	1.29597	1.30140	497.70	5504.33
194	2013.01.09 10:30	sell	82	1.24	1.30796	1.30973	1.30354	0.00	5504.33
195	2013.01.09 12:42	modify	82	1.24	1.30796	1.30786	1.30354	0.00	5504.33
196	2013.01.09 17:56	s/l	82	1.24	1.30786	1.30786	1.30354	12.40	5516.73
197	2013.01.17 08:45	sell	83	0.50	1.32862	1.33081	1.32315	0.00	5516.73
198	2013.01.17 09:03	s/l	83	0.50	1.33081	1.33081	1.32315	-109.50	5407.23
199	2013.01.21 08:45	sell	84	0.68	1.33176	1.33335	1.32779	0.00	5407.23
200	2013.01.22 05:00	s/l	84	0.68	1.33335	1.33335	1.32779	-106.40	5300.84
201	2013.01.29 09:45	buy	85	0.47	1.34542	1.34319	1.35100	0.00	5300.84
202	2013.01.29 11:46	s/l	85	0.47	1.34319	1.34319	1.35100	-104.81	5196.03
203	2013.02.12 08:45	sell	86	0.47	1.33733	1.33953	1.33183	0.00	5196.03
204	2013.02.12 10:01	s/l	86	0.47	1.33953	1.33953	1.33183	-103.40	5092.63
205	2013.02.18 08:15	sell	87	0.55	1.33366	1.33549	1.32909	0.00	5092.63
206	2013.02.18 10:22	s/l	87	0.55	1.33549	1.33549	1.32909	-100.65	4991.98
207	2013.02.19 11:00	sell	88	0.57	1.33427	1.33600	1.32995	0.00	4991.98
208	2013.02.19 11:00	s/l	88	0.57	1.33600	1.33600	1.32995	-98.61	4893.37
209	2013.02.19 11:00	buy	89	0.51	1.33600	1.33411	1.34073	0.00	4893.37
210	2013.02.19 11:19	s/l	89	0.51	1.33411	1.33411	1.34073	-96.39	4796.98
211	2013.03.05 09:00	buy	90	0.41	1.30469	1.30240	1.31042	0.00	4796.98
212	2013.03.05 11:44	s/l	90	0.41	1.30240	1.30240	1.31042	-93.89	4703.09
213	2013.03.11 09:30	sell	91	0.58	1.30037	1.30199	1.29632	0.00	4703.09
214	2013.03.11 18:03	s/l	91	0.58	1.30199	1.30199	1.29632	-93.96	4609.13
215	2013.03.19 08:30	sell	92	0.44	1.29425	1.29630	1.28913	0.00	4609.13
216	2013.03.19 16:37	modify	92	0.44	1.29425	1.29415	1.28913	0.00	4609.13
217	2013.03.19 16:57	t/p	92	0.44	1.28913	1.29415	1.28913	225.28	4834.41
218	2013.03.28 09:45	sell	93	0.82	1.27897	1.28103	1.27382	0.00	4834.41
219	2013.03.28 09:58	modify	93	0.82	1.27897	1.27887	1.27382	0.00	4834.41
220	2013.03.28 11:18	s/l	93	0.82	1.27887	1.27887	1.27382	8.20	4842.61
221	2013.04.03 14:00	buy	94	0.84	1.28289	1.28061	1.28859	0.00	4842.61
222	2013.04.03 16:15	modify	94	0.84	1.28289	1.28299	1.28859	0.00	4842.61
223	2013.04.04 07:05	s/l	94	0.84	1.28299	1.28299	1.28859	-12.63	4829.98
224	2013.04.04 07:05	sell	95	0.22	1.28298	1.28515	1.27756	0.00	4829.98
225	2013.04.04 10:00	modify	95	0.22	1.28298	1.28288	1.27756	0.00	4829.98
226	2013.04.04 14:32	s/l	95	0.22	1.28288	1.28288	1.27756	2.20	4832.18
227	2013.04.15 10:00	sell	96	0.47	1.30742	1.30946	1.30232	0.00	4832.18
228	2013.04.15 14:18	s/l	96	0.47	1.30946	1.30946	1.30232	-95.88	4736.30
229	2013.04.22 08:15	sell	97	0.56	1.30575	1.30743	1.30155	0.00	4736.30
230	2013.04.22 09:04	s/l	97	0.56	1.30743	1.30743	1.30155	-94.08	4642.22
231	2013.04.22 09:30	sell	98	0.42	1.30554	1.30774	1.30004	0.00	4642.22
232	2013.04.22 14:54	modify	98	0.42	1.30554	1.30544	1.30004	0.00	4642.22
233	2013.04.22 18:40	s/l	98	0.42	1.30544	1.30544	1.30004	4.20	4646.42
234	2013.04.24 14:30	sell	99	1.52	1.29957	1.30170	1.29425	0.00	4646.42
235	2013.04.24 19:05	s/l	99	1.52	1.30170	1.30170	1.29425	-323.76	4322.66
236	2013.04.25 10:15	buy	100	0.24	1.30423	1.30246	1.30866	0.00	4322.66
237	2013.04.25 11:00	modify	100	0.24	1.30423	1.30433	1.30866	0.00	4322.66
238	2013.04.25 14:15	t/p	100	0.24	1.30866	1.30433	1.30866	106.32	4428.98
239	2013.04.29 08:15	buy	101	1.81	1.30577	1.30406	1.31005	0.00	4428.98
240	2013.04.29 09:24	modify	101	1.81	1.30577	1.30587	1.31005	0.00	4428.98
241	2013.04.29 14:03	t/p	101	1.81	1.31005	1.30587	1.31005	774.68	5203.66
242	2013.04.30 15:15	buy	102	1.02	1.30853	1.30649	1.31363	0.00	5203.66
243	2013.04.30 15:35	modify	102	1.02	1.30853	1.30863	1.31363	0.00	5203.66
244	2013.04.30 15:40	t/p	102	1.02	1.31363	1.30863	1.31363	520.20	5723.86
245	2013.05.02 10:15	buy	103	0.57	1.31676	1.31478	1.32171	0.00	5723.86
246	2013.05.02 13:45	s/l	103	0.57	1.31478	1.31478	1.32171	-112.86	5611.00
247	2013.05.06 10:45	sell	104	0.73	1.31067	1.31220	1.30685	0.00	5611.00
248	2013.05.06 16:24	modify	104	0.73	1.31067	1.31057	1.30685	0.00	5611.00
249	2013.05.06 16:26	t/p	104	0.73	1.30685	1.31057	1.30685	278.86	5889.86
250	2013.05.14 09:15	buy	105	2.57	1.30125	1.29965	1.30525	0.00	5889.86
251	2013.05.14 09:30	s/l	105	2.57	1.29965	1.29965	1.30525	-411.20	5478.66
252	2013.05.14 11:00	sell	106	0.64	1.29949	1.30120	1.29522	0.00	5478.66
253	2013.05.14 11:10	s/l	106	0.64	1.30120	1.30120	1.29522	-109.44	5369.22
254	2013.05.21 11:30	buy	107	0.45	1.28856	1.28622	1.29441	0.00	5369.22
255	2013.05.21 12:23	s/l	107	0.45	1.28622	1.28622	1.29441	-105.30	5263.92
256	2013.05.21 16:00	sell	108	0.70	1.28596	1.28746	1.28221	0.00	5263.92
257	2013.05.21 17:11	s/l	108	0.70	1.28746	1.28746	1.28221	-105.00	5158.92
258	2013.05.22 09:00	buy	109	0.67	1.29166	1.29013	1.29549	0.00	5158.92
259	2013.05.22 09:45	modify	109	0.67	1.29166	1.29176	1.29549	0.00	5158.92
260	2013.05.22 14:21	s/l	109	0.67	1.29176	1.29176	1.29549	6.70	5165.62
261	2013.05.28 11:15	sell	110	2.16	1.28973	1.29140	1.28556	0.00	5165.62
262	2013.05.28 11:26	s/l	110	2.16	1.29140	1.29140	1.28556	-360.72	4804.90
263	2013.06.12 15:45	buy	111	0.48	1.32857	1.32659	1.33352	0.00	4804.90
264	2013.06.12 17:00	modify	111	0.48	1.32857	1.32867	1.33352	0.00	4804.90
265	2013.06.12 17:47	t/p	111	0.48	1.33352	1.32867	1.33352	237.60	5042.50
266	2013.06.25 10:15	sell	112	1.82	1.31269	1.31462	1.30787	0.00	5042.50
267	2013.06.25 14:35	modify	112	1.82	1.31269	1.31259	1.30787	0.00	5042.50
268	2013.06.25 16:00	t/p	112	1.82	1.30787	1.31259	1.30787	877.24	5919.74
269	2013.07.04 09:15	sell	113	0.59	1.29863	1.30062	1.29366	0.00	5919.74
270	2013.07.04 11:56	s/l	113	0.59	1.30062	1.30062	1.29366	-117.41	5802.33
271	2013.07.10 14:15	sell	114	0.67	1.28125	1.28298	1.27693	0.00	5802.33
272	2013.07.10 15:58	s/l	114	0.67	1.28298	1.28298	1.27693	-115.91	5686.42
273	2013.07.23 16:15	buy	115	0.73	1.31936	1.31781	1.32324	0.00	5686.42
274	2013.07.23 16:41	modify	115	0.73	1.31936	1.31946	1.32324	0.00	5686.42
275	2013.07.23 20:51	t/p	115	0.73	1.32324	1.31946	1.32324	283.24	5969.66
276	2013.08.13 09:30	sell	116	1.78	1.32899	1.33133	1.32314	0.00	5969.66
277	2013.08.13 11:15	s/l	116	1.78	1.33133	1.33133	1.32314	-416.52	5553.14
278	2013.08.14 11:15	sell	117	0.53	1.32524	1.32730	1.32009	0.00	5553.14
279	2013.08.15 04:09	s/l	117	0.53	1.32730	1.32730	1.32009	-105.15	5447.99
280	2013.08.22 16:30	sell	118	0.26	1.33300	1.33506	1.32785	0.00	5447.99
281	2013.08.22 17:06	s/l	118	0.26	1.33506	1.33506	1.32785	-53.56	5394.43
282	2013.08.28 11:30	buy	119	0.64	1.33763	1.33597	1.34178	0.00	5394.43
283	2013.08.28 12:33	s/l	119	0.64	1.33597	1.33597	1.34178	-106.24	5288.19
284	2013.08.28 12:33	sell	120	0.58	1.33596	1.33777	1.33144	0.00	5288.19
285	2013.08.28 15:35	modify	120	0.58	1.33596	1.33586	1.33144	0.00	5288.19
286	2013.08.28 15:45	t/p	120	0.58	1.33144	1.33586	1.33144	262.16	5550.35
287	2013.09.02 10:00	sell	121	0.63	1.32101	1.32276	1.31664	0.00	5550.35
288	2013.09.03 07:19	modify	121	0.63	1.32101	1.32091	1.31664	0.00	5550.35
289	2013.09.03 08:30	t/p	121	0.63	1.31664	1.32091	1.31664	276.91	5827.26
290	2013.09.11 10:15	buy	122	2.56	1.32661	1.32502	1.33059	0.00	5827.26
291	2013.09.11 15:53	modify	122	2.56	1.32661	1.32671	1.33059	0.00	5827.26
292	2013.09.11 17:02	t/p	122	2.56	1.33059	1.32671	1.33059	1018.88	6846.14
293	2013.09.23 14:30	buy	123	1.49	1.35152	1.34969	1.35610	0.00	6846.14
294	2013.09.23 15:17	s/l	123	1.49	1.34969	1.34969	1.35610	-272.67	6573.47
295	2013.09.26 15:30	sell	124	0.43	1.34922	1.35073	1.34545	0.00	6573.47
296	2013.09.26 16:00	s/l	124	0.43	1.35073	1.35073	1.34545	-64.93	6508.54
297	2013.10.07 14:00	sell	125	0.77	1.35668	1.35836	1.35248	0.00	6508.54
298	2013.10.07 17:17	s/l	125	0.77	1.35836	1.35836	1.35248	-129.36	6379.18
299	2013.10.08 15:45	buy	126	0.55	1.35953	1.35724	1.36526	0.00	6379.18
300	2013.10.08 18:46	s/l	126	0.55	1.35724	1.35724	1.36526	-125.95	6253.23
301	2013.10.23 15:00	buy	127	0.79	1.37630	1.37472	1.38025	0.00	6253.23
302	2013.10.23 15:48	modify	127	0.79	1.37630	1.37640	1.38025	0.00	6253.23
303	2013.10.23 16:12	s/l	127	0.79	1.37640	1.37640	1.38025	7.90	6261.13
304	2013.11.06 08:45	buy	128	2.42	1.35089	1.34908	1.35542	0.00	6261.13
305	2013.11.06 09:26	s/l	128	2.42	1.34908	1.34908	1.35542	-438.02	5823.11
306	2013.11.06 09:26	sell	129	0.56	1.34908	1.35114	1.34393	0.00	5823.11
307	2013.11.06 10:35	s/l	129	0.56	1.35114	1.35114	1.34393	-115.36	5707.75
308	2013.11.12 09:45	sell	130	0.54	1.33736	1.33944	1.33216	0.00	5707.75
309	2013.11.12 11:53	s/l	130	0.54	1.33944	1.33944	1.33216	-112.32	5595.43
310	2013.11.14 09:15	buy	131	0.31	1.34685	1.34509	1.35125	0.00	5595.43
311	2013.11.14 10:37	s/l	131	0.31	1.34509	1.34509	1.35125	-54.56	5540.87
312	2013.11.14 10:37	sell	132	0.33	1.34509	1.34675	1.34094	0.00	5540.87
313	2013.11.14 12:12	modify	132	0.33	1.34509	1.34499	1.34094	0.00	5540.87
314	2013.11.14 14:30	s/l	132	0.33	1.34499	1.34499	1.34094	3.30	5544.17
315	2013.11.19 10:00	buy	133	0.55	1.35196	1.34995	1.35699	0.00	5544.17
316	2013.11.19 11:06	s/l	133	0.55	1.34995	1.34995	1.35699	-110.55	5433.62
317	2013.11.19 11:06	sell	134	0.46	1.34994	1.35229	1.34407	0.00	5433.62
318	2013.11.19 15:50	s/l	134	0.46	1.35229	1.35229	1.34407	-108.10	5325.52
319	2013.11.20 15:30	buy	135	0.70	1.35377	1.35225	1.35757	0.00	5325.52
320	2013.11.20 16:20	s/l	135	0.70	1.35225	1.35225	1.35757	-106.40	5219.12
321	2013.12.02 08:45	buy	136	0.57	1.36124	1.35941	1.36582	0.00	5219.12
322	2013.12.02 09:32	s/l	136	0.57	1.35941	1.35941	1.36582	-104.31	5114.81
323	2013.12.02 09:32	sell	137	0.47	1.35941	1.36157	1.35401	0.00	5114.81
324	2013.12.02 10:26	modify	137	0.47	1.35941	1.35931	1.35401	0.00	5114.81
325	2013.12.02 12:19	t/p	137	0.47	1.35401	1.35931	1.35401	253.80	5368.61
326	2013.12.11 10:00	buy	138	0.44	1.37631	1.37392	1.38229	0.00	5368.61
327	2013.12.11 16:49	modify	138	0.44	1.37631	1.37641	1.38229	0.00	5368.61
328	2013.12.12 10:50	s/l	138	0.44	1.37641	1.37641	1.38229	-6.61	5362.00
329	2013.12.12 16:00	buy	139	0.25	1.37754	1.37544	1.38279	0.00	5362.00
330	2013.12.12 16:04	s/l	139	0.25	1.37544	1.37544	1.38279	-52.50	5309.50
331	2013.12.16 10:30	buy	140	0.42	1.37724	1.37477	1.38342	0.00	5309.50
332	2013.12.16 18:21	s/l	140	0.42	1.37477	1.37477	1.38342	-103.74	5205.76
333	2013.12.26 16:45	buy	141	0.30	1.36977	1.36809	1.37397	0.00	5205.76
334	2013.12.27 03:51	modify	141	0.30	1.36977	1.36987	1.37397	0.00	5205.76
335	2013.12.27 04:10	t/p	141	0.30	1.37397	1.36987	1.37397	123.50	5329.25
336	2013.12.31 15:30	sell	142	1.65	1.37694	1.37920	1.37129	0.00	5329.25
337	2014.01.02 08:42	modify	142	1.65	1.37694	1.37684	1.37129	0.00	5329.25
338	2014.01.02 12:01	t/p	142	1.65	1.37129	1.37684	1.37129	948.99	6278.24
339	2014.01.14 11:45	buy	143	1.24	1.36802	1.36601	1.37305	0.00	6278.24
340	2014.01.14 14:30	s/l	143	1.24	1.36601	1.36601	1.37305	-249.24	6029.00
341	2014.01.14 15:30	buy	144	0.73	1.36736	1.36573	1.37144	0.00	6029.00
342	2014.01.15 02:34	s/l	144	0.73	1.36573	1.36573	1.37144	-125.08	5903.92
343	2014.01.16 08:30	sell	145	0.28	1.36069	1.36275	1.35554	0.00	5903.92
344	2014.01.16 10:33	s/l	145	0.28	1.36275	1.36275	1.35554	-57.68	5846.24
345	2014.01.21 09:00	sell	146	0.64	1.35465	1.35645	1.35015	0.00	5846.24
346	2014.01.21 12:59	modify	146	0.64	1.35465	1.35455	1.35015	0.00	5846.24
347	2014.01.21 16:59	s/l	146	0.64	1.35455	1.35455	1.35015	6.40	5852.64
348	2014.01.22 09:00	sell	147	1.76	1.35444	1.35676	1.34864	0.00	5852.64
349	2014.01.22 13:43	s/l	147	1.76	1.35676	1.35676	1.34864	-408.32	5444.32
350	2014.01.28 16:45	sell	148	0.60	1.36570	1.36750	1.36120	0.00	5444.32
351	2014.01.29 09:30	s/l	148	0.60	1.36750	1.36750	1.36120	-106.48	5337.84
352	2014.02.04 15:15	sell	149	0.55	1.35118	1.35310	1.34638	0.00	5337.84
353	2014.02.05 14:00	s/l	149	0.55	1.35310	1.35310	1.34638	-104.21	5233.64
354	2014.02.17 10:15	buy	150	0.53	1.37136	1.36940	1.37626	0.00	5233.64
355	2014.02.17 14:24	s/l	150	0.53	1.36940	1.36940	1.37626	-103.88	5129.76
356	2014.02.18 11:45	buy	151	0.44	1.37278	1.37050	1.37848	0.00	5129.76
357	2014.02.18 15:11	modify	151	0.44	1.37278	1.37288	1.37848	0.00	5129.76
358	2014.02.19 20:20	s/l	151	0.44	1.37288	1.37288	1.37848	0.73	5130.49
359	2014.03.17 10:00	buy	152	1.63	1.39046	1.38826	1.39596	0.00	5130.49
360	2014.03.17 14:48	modify	152	1.63	1.39046	1.39056	1.39596	0.00	5130.49
361	2014.03.18 10:15	s/l	152	1.63	1.39056	1.39056	1.39596	2.70	5133.19
362	2014.03.24 15:15	sell	153	1.10	1.37678	1.37863	1.37216	0.00	5133.19
363	2014.03.24 16:55	s/l	153	1.10	1.37863	1.37863	1.37216	-203.50	4929.69
364	2014.03.24 16:55	buy	154	0.59	1.37863	1.37698	1.38276	0.00	4929.69
365	2014.03.24 18:26	modify	154	0.59	1.37863	1.37873	1.38276	0.00	4929.69
366	2014.03.24 18:51	t/p	154	0.59	1.38276	1.37873	1.38276	243.67	5173.36
367	2014.03.25 16:30	sell	155	0.49	1.37853	1.38062	1.37331	0.00	5173.36
368	2014.03.25 17:15	modify	155	0.49	1.37853	1.37843	1.37331	0.00	5173.36
369	2014.03.25 17:30	s/l	155	0.49	1.37843	1.37843	1.37331	4.90	5178.26
370	2014.03.27 08:30	sell	156	1.04	1.37720	1.37894	1.37285	0.00	5178.26
371	2014.03.27 11:04	modify	156	1.04	1.37720	1.37710	1.37285	0.00	5178.26
372	2014.03.27 12:55	s/l	156	1.04	1.37710	1.37710	1.37285	10.40	5188.66
373	2014.03.27 15:30	sell	157	0.68	1.37613	1.37764	1.37236	0.00	5188.66
374	2014.03.27 16:59	modify	157	0.68	1.37613	1.37603	1.37236	0.00	5188.66
375	2014.03.28 09:01	t/p	157	0.68	1.37236	1.37603	1.37236	258.08	5446.74
376	2014.04.02 15:30	sell	158	1.24	1.37764	1.37939	1.37327	0.00	5446.74
377	2014.04.03 13:17	modify	158	1.24	1.37764	1.37754	1.37327	0.00	5446.74
378	2014.04.03 13:45	s/l	158	1.24	1.37754	1.37754	1.37327	21.83	5468.57
379	2014.04.14 10:15	sell	159	1.44	1.38483	1.38634	1.38106	0.00	5468.57
380	2014.04.14 10:49	modify	159	1.44	1.38483	1.38473	1.38106	0.00	5468.57
381	2014.04.14 14:35	t/p	159	1.44	1.38106	1.38473	1.38106	542.88	6011.45
382	2014.05.14 11:45	sell	160	1.55	1.37124	1.37279	1.36737	0.00	6011.45
383	2014.05.15 09:10	modify	160	1.55	1.37124	1.37114	1.36737	0.00	6011.45
384	2014.05.15 09:53	t/p	160	1.55	1.36737	1.37114	1.36737	611.64	6623.10
385	2014.05.20 16:45	sell	161	1.76	1.36912	1.37062	1.36537	0.00	6623.10
386	2014.05.21 02:38	s/l	161	1.76	1.37062	1.37062	1.36537	-259.54	6363.56
387	2014.05.22 09:15	sell	162	0.39	1.36629	1.36790	1.36227	0.00	6363.56
388	2014.05.22 09:39	s/l	162	0.39	1.36790	1.36790	1.36227	-62.79	6300.77
389	2014.05.29 15:00	sell	163	0.25	1.36023	1.36273	1.35398	0.00	6300.77
390	2014.05.30 15:14	s/l	163	0.25	1.36273	1.36273	1.35398	-61.87	6238.90
391	2014.05.30 15:14	buy	164	0.51	1.36274	1.36032	1.36879	0.00	6238.90
392	2014.06.02 10:00	s/l	164	0.51	1.36032	1.36032	1.36879	-127.68	6111.23
393	2014.06.11 16:15	sell	165	0.63	1.35313	1.35506	1.34831	0.00	6111.23
394	2014.06.12 16:43	s/l	165	0.63	1.35506	1.35506	1.34831	-116.80	5994.43
395	2014.06.12 16:43	buy	166	0.33	1.35507	1.35330	1.35950	0.00	5994.43
396	2014.06.13 10:00	modify	166	0.33	1.35507	1.35517	1.35950	0.00	5994.43
397	2014.06.13 12:52	s/l	166	0.33	1.35517	1.35517	1.35950	0.55	5994.98
398	2014.08.27 15:45	sell	167	0.73	1.31722	1.31885	1.31315	0.00	5994.98
399	2014.08.27 16:15	s/l	167	0.73	1.31885	1.31885	1.31315	-118.99	5875.99
400	2014.08.27 16:15	buy	168	0.51	1.31885	1.31659	1.32450	0.00	5875.99
401	2014.08.28 15:26	s/l	168	0.51	1.31659	1.31659	1.32450	-128.03	5747.96
402	2014.09.10 08:45	buy	169	0.65	1.29397	1.29221	1.29837	0.00	5747.96
403	2014.09.10 14:36	s/l	169	0.65	1.29221	1.29221	1.29837	-114.40	5633.56
404	2014.09.17 16:00	buy	170	0.70	1.29661	1.29501	1.30061	0.00	5633.56
405	2014.09.17 17:16	s/l	170	0.70	1.29501	1.29501	1.30061	-112.00	5521.56
406	2014.10.02 11:45	buy	171	0.34	1.26413	1.26255	1.26808	0.00	5521.56
407	2014.10.02 14:30	s/l	171	0.34	1.26255	1.26255	1.26808	-53.72	5467.84
408	2014.10.08 09:15	buy	172	0.46	1.26450	1.26215	1.27038	0.00	5467.84
409	2014.10.08 11:15	modify	172	0.46	1.26450	1.26460	1.27038	0.00	5467.84
410	2014.10.08 13:47	s/l	172	0.46	1.26460	1.26460	1.27038	4.60	5472.44
411	2014.10.13 15:30	buy	173	2.17	1.26918	1.26742	1.27358	0.00	5472.44
412	2014.10.13 17:21	s/l	173	2.17	1.26742	1.26742	1.27358	-381.92	5090.52
413	2014.10.20 15:00	sell	174	0.53	1.27670	1.27859	1.27198	0.00	5090.52
414	2014.10.20 17:33	s/l	174	0.53	1.27859	1.27859	1.27198	-100.17	4990.35
415	2014.11.04 08:30	sell	175	0.59	1.25028	1.25197	1.24606	0.00	4990.35
416	2014.11.04 11:17	s/l	175	0.59	1.25197	1.25197	1.24606	-99.71	4890.64
417	2014.11.04 11:17	buy	176	0.45	1.25197	1.24981	1.25737	0.00	4890.64
418	2014.11.04 16:30	modify	176	0.45	1.25197	1.25207	1.25737	0.00	4890.64
419	2014.11.04 16:55	t/p	176	0.45	1.25737	1.25207	1.25737	243.00	5133.64
420	2014.11.06 11:45	buy	177	0.28	1.25200	1.25021	1.25648	0.00	5133.64
421	2014.11.06 14:33	s/l	177	0.28	1.25021	1.25021	1.25648	-50.12	5083.52
422	2014.11.19 09:00	buy	178	0.46	1.25344	1.25125	1.25892	0.00	5083.52
423	2014.11.19 14:55	modify	178	0.46	1.25344	1.25354	1.25892	0.00	5083.52
424	2014.11.19 16:03	s/l	178	0.46	1.25354	1.25354	1.25892	4.60	5088.12
425	2014.11.25 11:30	sell	179	2.28	1.24276	1.24432	1.23886	0.00	5088.12
426	2014.11.25 15:31	modify	179	2.28	1.24276	1.24266	1.23886	0.00	5088.12
427	2014.11.25 16:29	s/l	179	2.28	1.24266	1.24266	1.23886	22.80	5110.92
428	2014.11.26 10:15	buy	180	1.31	1.24785	1.24630	1.25173	0.00	5110.92
429	2014.11.26 11:06	s/l	180	1.31	1.24630	1.24630	1.25173	-203.05	4907.87
430	2014.11.26 14:15	buy	181	0.41	1.24645	1.24409	1.25235	0.00	4907.87
431	2014.11.26 15:38	modify	181	0.41	1.24645	1.24655	1.25235	0.00	4907.87
432	2014.11.26 17:58	t/p	181	0.41	1.25235	1.24655	1.25235	241.90	5149.77
433	2014.12.10 14:45	buy	182	1.76	1.23839	1.23635	1.24349	0.00	5149.77
434	2014.12.10 17:00	modify	182	1.76	1.23839	1.23849	1.24349	0.00	5149.77
435	2014.12.10 17:37	t/p	182	1.76	1.24349	1.23849	1.24349	897.60	6047.37
436	2014.12.15 08:45	buy	183	1.41	1.24551	1.24380	1.24979	0.00	6047.37
437	2014.12.15 10:13	s/l	183	1.41	1.24380	1.24380	1.24979	-241.11	5806.26
438	2014.12.17 09:15	buy	184	0.61	1.24923	1.24733	1.25398	0.00	5806.26
439	2014.12.17 09:55	s/l	184	0.61	1.24733	1.24733	1.25398	-115.90	5690.36
440	2014.12.22 14:45	sell	185	0.74	1.22570	1.22722	1.22190	0.00	5690.36
441	2014.12.22 21:50	modify	185	0.74	1.22570	1.22560	1.22190	0.00	5690.36
442	2014.12.22 21:59	t/p	185	0.74	1.22190	1.22560	1.22190	281.20	5971.56
443	2014.12.29 09:45	sell	186	2.16	1.21739	1.21932	1.21257	0.00	5971.56
444	2014.12.29 11:20	s/l	186	2.16	1.21932	1.21932	1.21257	-416.88	5554.68
445	2015.01.13 09:15	buy	187	0.69	1.18384	1.18223	1.18787	0.00	5554.68
446	2015.01.13 10:43	s/l	187	0.69	1.18223	1.18223	1.18787	-111.09	5443.59
447	2015.01.15 10:15	sell	188	0.23	1.17647	1.17875	1.17077	0.00	5443.59
448	2015.01.15 11:31	modify	188	0.23	1.17647	1.17637	1.17077	0.00	5443.59
449	2015.01.15 11:31	t/p	188	0.23	1.17077	1.17637	1.17077	131.10	5574.69
450	2015.01.20 10:15	sell	189	2.21	1.15765	1.15941	1.15325	0.00	5574.69
451	2015.01.20 11:37	s/l	189	2.21	1.15941	1.15941	1.15325	-388.96	5185.73
452	2015.01.20 15:15	sell	190	0.60	1.15785	1.15956	1.15358	0.00	5185.73
453	2015.01.20 15:25	s/l	190	0.60	1.15956	1.15956	1.15358	-102.60	5083.13
454	2015.01.21 09:15	sell	191	0.56	1.15688	1.15869	1.15236	0.00	5083.13
455	2015.01.21 14:55	s/l	191	0.56	1.15869	1.15869	1.15236	-101.36	4981.77
456	2015.02.02 10:30	buy	192	0.52	1.13235	1.13044	1.13713	0.00	4981.77
457	2015.02.02 11:59	modify	192	0.52	1.13235	1.13245	1.13713	0.00	4981.77
458	2015.02.02 13:25	s/l	192	0.52	1.13245	1.13245	1.13713	5.20	4986.97
459	2015.02.03 09:00	buy	193	2.29	1.13388	1.13236	1.13768	0.00	4986.97
460	2015.02.03 10:01	s/l	193	2.29	1.13236	1.13236	1.13768	-348.08	4638.89
461	2015.02.10 10:30	sell	194	0.51	1.13188	1.13368	1.12738	0.00	4638.89
462	2015.02.10 11:27	modify	194	0.51	1.13188	1.13178	1.12738	0.00	4638.89
463	2015.02.10 13:50	t/p	194	0.51	1.12738	1.13178	1.12738	229.50	4868.39
464	2015.02.12 16:30	buy	195	0.70	1.13514	1.13272	1.14119	0.00	4868.39
465	2015.02.12 16:48	modify	195	0.70	1.13514	1.13524	1.14119	0.00	4868.39
466	2015.02.12 18:40	t/p	195	0.70	1.14119	1.13524	1.14119	423.50	5291.89
467	2015.02.17 08:45	sell	196	1.21	1.13504	1.13678	1.13069	0.00	5291.89
468	2015.02.17 11:08	s/l	196	1.21	1.13678	1.13678	1.13069	-210.54	5081.35
469	2015.02.18 15:15	sell	197	0.58	1.13716	1.13890	1.13281	0.00	5081.35
470	2015.02.18 17:13	modify	197	0.58	1.13716	1.13706	1.13281	0.00	5081.35
471	2015.02.18 21:00	s/l	197	0.58	1.13706	1.13706	1.13281	5.80	5087.15
472	2015.02.24 16:15	sell	198	1.48	1.13176	1.13416	1.12576	0.00	5087.15
473	2015.02.24 17:15	s/l	198	1.48	1.13416	1.13416	1.12576	-355.20	4731.95
474	2015.02.25 10:45	buy	199	0.55	1.13718	1.13548	1.14143	0.00	4731.95
475	2015.02.25 12:38	s/l	199	0.55	1.13548	1.13548	1.14143	-93.50	4638.45
476	2015.03.02 15:45	sell	200	0.52	1.12167	1.12345	1.11722	0.00	4638.45
477	2015.03.02 17:36	modify	200	0.52	1.12167	1.12157	1.11722	0.00	4638.45
478	2015.03.03 11:41	t/p	200	0.52	1.11722	1.12157	1.11722	232.72	4871.17
479	2015.03.18 10:45	buy	201	1.74	1.06096	1.05901	1.06584	0.00	4871.17
480	2015.03.18 14:51	s/l	201	1.74	1.05901	1.05901	1.06584	-339.30	4531.87
481	2015.03.18 16:00	buy	202	0.37	1.06114	1.05871	1.06722	0.00	4531.87
482	2015.03.18 18:02	modify	202	0.37	1.06114	1.06124	1.06722	0.00	4531.87
483	2015.03.18 20:00	t/p	202	0.37	1.06722	1.06124	1.06722	224.96	4756.83
484	2015.04.07 08:00	sell	203	1.48	1.09238	1.09462	1.08678	0.00	4756.83
485	2015.04.07 08:58	s/l	203	1.48	1.09462	1.09462	1.08678	-331.52	4425.31
486	2015.04.08 14:30	sell	204	0.42	1.08561	1.08767	1.08046	0.00	4425.31
487	2015.04.08 15:32	s/l	204	0.42	1.08767	1.08767	1.08046	-86.52	4338.79
488	2015.04.15 09:30	buy	205	0.39	1.06461	1.06244	1.07004	0.00	4338.79
489	2015.04.15 10:23	s/l	205	0.39	1.06244	1.06244	1.07004	-84.63	4254.16
490	2015.04.20 09:30	buy	206	0.48	1.07898	1.07724	1.08333	0.00	4254.16
491	2015.04.20 10:06	s/l	206	0.48	1.07724	1.07724	1.08333	-83.52	4170.64
492	2015.04.21 08:30	sell	207	0.49	1.07223	1.07390	1.06806	0.00	4170.64
493	2015.04.21 09:11	modify	207	0.49	1.07223	1.07213	1.06806	0.00	4170.64
494	2015.04.21 09:47	t/p	207	0.49	1.06806	1.07213	1.06806	204.33	4374.97
495	2015.04.23 08:00	sell	208	0.89	1.07024	1.07196	1.06594	0.00	4374.97
496	2015.04.23 10:02	modify	208	0.89	1.07024	1.07014	1.06594	0.00	4374.97
497	2015.04.23 11:04	s/l	208	0.89	1.07014	1.07014	1.06594	8.90	4383.87
498	2015.04.27 14:00	buy	209	0.73	1.08453	1.08213	1.09053	0.00	4383.87
499	2015.04.27 15:14	s/l	209	0.73	1.08213	1.08213	1.09053	-175.20	4208.67
500	2015.04.28 11:45	buy	210	0.40	1.08818	1.08611	1.09336	0.00	4208.67
501	2015.04.28 12:15	modify	210	0.40	1.08818	1.08828	1.09336	0.00	4208.67
502	2015.04.28 13:46	t/p	210	0.40	1.09336	1.08828	1.09336	207.20	4415.87
503	2015.06.16 09:45	buy	211	1.41	1.12784	1.12566	1.13329	0.00	4415.87
504	2015.06.16 09:54	modify	211	1.41	1.12784	1.12794	1.13329	0.00	4415.87
505	2015.06.16 10:41	s/l	211	1.41	1.12794	1.12794	1.13329	14.10	4429.97
506	2015.06.17 10:00	buy	212	0.89	1.12588	1.12391	1.13081	0.00	4429.97
507	2015.06.17 11:14	modify	212	0.89	1.12588	1.12598	1.13081	0.00	4429.97
508	2015.06.17 11:56	s/l	212	0.89	1.12598	1.12598	1.13081	8.90	4438.87
509	2015.07.29 16:30	sell	213	0.73	1.10352	1.10594	1.09747	0.00	4438.87
510	2015.07.29 21:00	s/l	213	0.73	1.10594	1.10594	1.09747	-176.66	4262.21
511	2015.08.03 09:15	sell	214	0.49	1.09711	1.09882	1.09284	0.00	4262.21
512	2015.08.03 09:57	s/l	214	0.49	1.09882	1.09882	1.09284	-83.79	4178.42
513	2015.08.17 14:00	sell	215	0.48	1.10862	1.11034	1.10432	0.00	4178.42
514	2015.08.17 14:50	s/l	215	0.48	1.11034	1.11034	1.10432	-82.56	4095.86
515	2015.08.18 10:30	sell	216	0.48	1.10653	1.10821	1.10233	0.00	4095.86
516	2015.08.18 10:54	s/l	216	0.48	1.10821	1.10821	1.10233	-80.64	4015.22
517	2015.08.18 10:54	buy	217	0.37	1.10822	1.10609	1.11355	0.00	4015.22
518	2015.08.18 12:37	s/l	217	0.37	1.10609	1.10609	1.11355	-78.81	3936.41
519	2015.09.03 09:30	sell	218	0.25	1.12218	1.12370	1.11838	0.00	3936.41
520	2015.09.03 10:05	s/l	218	0.25	1.12370	1.12370	1.11838	-38.00	3898.41
521	2015.09.24 08:00	buy	219	0.24	1.11923	1.11764	1.12321	0.00	3898.41
522	2015.09.24 09:38	modify	219	0.24	1.11923	1.11933	1.12321	0.00	3898.41
523	2015.09.24 11:10	s/l	219	0.24	1.11933	1.11933	1.12321	2.40	3900.81
524	2015.09.30 14:30	sell	220	1.30	1.12060	1.12270	1.11535	0.00	3900.81
525	2015.09.30 17:25	modify	220	1.30	1.12060	1.12050	1.11535	0.00	3900.81
526	2015.10.01 06:33	t/p	220	1.30	1.11535	1.12050	1.11535	692.39	4593.20
527	2015.10.06 09:15	sell	221	1.14	1.11779	1.11940	1.11377	0.00	4593.20
528	2015.10.06 09:37	s/l	221	1.14	1.11940	1.11940	1.11377	-183.54	4409.66
529	2015.10.06 09:37	buy	222	0.39	1.11940	1.11715	1.12503	0.00	4409.66
530	2015.10.06 14:38	modify	222	0.39	1.11940	1.11950	1.12503	0.00	4409.66
531	2015.10.06 17:50	t/p	222	0.39	1.12503	1.11950	1.12503	219.57	4629.23
532	2015.10.08 10:00	buy	223	0.27	1.12617	1.12448	1.13040	0.00	4629.23
533	2015.10.08 10:18	modify	223	0.27	1.12617	1.12627	1.13040	0.00	4629.23
534	2015.10.08 10:24	t/p	223	0.27	1.13040	1.12627	1.13040	114.21	4743.44
535	2015.10.13 15:30	buy	224	1.91	1.13865	1.13692	1.14298	0.00	4743.44
536	2015.10.13 17:02	s/l	224	1.91	1.13692	1.13692	1.14298	-330.43	4413.01
537	2015.10.14 15:15	buy	225	0.51	1.14096	1.13924	1.14526	0.00	4413.01
538	2015.10.14 15:30	modify	225	0.51	1.14096	1.14106	1.14526	0.00	4413.01
539	2015.10.14 16:47	s/l	225	0.51	1.14106	1.14106	1.14526	5.10	4418.11
540	2015.10.19 10:15	sell	226	1.47	1.13584	1.13793	1.13062	0.00	4418.11
541	2015.10.19 12:37	modify	226	1.47	1.13584	1.13574	1.13062	0.00	4418.11
542	2015.10.19 17:59	t/p	226	1.47	1.13062	1.13574	1.13062	767.34	5185.45
543	2015.10.27 10:00	sell	227	1.17	1.10549	1.10725	1.10109	0.00	5185.45
544	2015.10.27 14:25	s/l	227	1.17	1.10725	1.10725	1.10109	-205.92	4979.53
545	2015.10.28 10:45	sell	228	0.61	1.10362	1.10525	1.09955	0.00	4979.53
546	2015.10.28 11:07	s/l	228	0.61	1.10525	1.10525	1.09955	-99.43	4880.10
547	2015.11.10 10:15	sell	229	0.53	1.07475	1.07657	1.07020	0.00	4880.10
548	2015.11.10 14:49	modify	229	0.53	1.07475	1.07465	1.07020	0.00	4880.10
549	2015.11.10 14:54	t/p	229	0.53	1.07020	1.07465	1.07020	241.15	5121.25
550	2015.11.11 10:00	buy	230	1.92	1.07489	1.07303	1.07954	0.00	5121.25
551	2015.11.11 13:17	s/l	230	1.92	1.07303	1.07303	1.07954	-357.12	4764.13
552	2015.11.16 15:15	sell	231	0.61	1.07229	1.07384	1.06842	0.00	4764.13
553	2015.11.16 15:37	s/l	231	0.61	1.07384	1.07384	1.06842	-94.55	4669.58
554	2015.11.18 14:15	buy	232	0.61	1.06716	1.06563	1.07099	0.00	4669.58
555	2015.11.18 16:00	s/l	232	0.61	1.06563	1.06563	1.07099	-93.33	4576.25
556	2015.11.18 16:00	sell	233	0.57	1.06563	1.06723	1.06163	0.00	4576.25
557	2015.11.18 16:43	s/l	233	0.57	1.06723	1.06723	1.06163	-91.20	4485.05
558	2015.11.19 11:00	buy	234	0.19	1.06882	1.06647	1.07470	0.00	4485.05
559	2015.11.19 16:25	modify	234	0.19	1.06882	1.06892	1.07470	0.00	4485.05
560	2015.11.19 18:09	t/p	234	0.19	1.07470	1.06892	1.07470	111.72	4596.77
561	2015.12.01 10:15	sell	235	1.85	1.05779	1.05952	1.05347	0.00	4596.77
562	2015.12.01 10:46	s/l	235	1.85	1.05952	1.05952	1.05347	-320.05	4276.72
563	2015.12.14 09:15	sell	236	0.57	1.09585	1.09735	1.09210	0.00	4276.72
564	2015.12.14 13:25	s/l	236	0.57	1.09735	1.09735	1.09210	-85.50	4191.22
565	2015.12.16 16:30	sell	237	0.54	1.09260	1.09414	1.08875	0.00	4191.22
566	2015.12.16 17:58	s/l	237	0.54	1.09414	1.09414	1.08875	-83.16	4108.06
567	2015.12.21 15:15	buy	238	0.47	1.08708	1.08534	1.09143	0.00	4108.06
568	2015.12.21 15:44	modify	238	0.47	1.08708	1.08718	1.09143	0.00	4108.06
569	2015.12.21 17:27	t/p	238	0.47	1.09143	1.08718	1.09143	204.45	4312.51
570	2015.12.22 10:00	buy	239	1.51	1.09206	1.09007	1.09704	0.00	4312.51
571	2015.12.22 15:14	modify	239	1.51	1.09206	1.09216	1.09704	0.00	4312.51
572	2015.12.22 17:06	t/p	239	1.51	1.09704	1.09216	1.09704	751.98	5064.49
573	2015.12.24 16:45	buy	240	0.42	1.09565	1.09327	1.10160	0.00	5064.49
574	2015.12.28 13:11	modify	240	0.42	1.09565	1.09575	1.10160	0.00	5064.49
575	2015.12.29 15:14	s/l	240	0.42	1.09575	1.09575	1.10160	-6.31	5058.18
576	2015.12.30 15:30	sell	241	0.64	1.09190	1.09347	1.08798	0.00	5058.18
577	2015.12.30 15:58	s/l	241	0.64	1.09347	1.09347	1.08798	-100.48	4957.70
578	2015.12.30 16:45	sell	242	0.56	1.09274	1.09448	1.08839	0.00	4957.70
579	2015.12.31 12:25	modify	242	0.56	1.09274	1.09264	1.08839	0.00	4957.70
580	2015.12.31 14:39	t/p	242	0.56	1.08839	1.09264	1.08839	247.86	5205.56
581	2016.01.12 08:30	buy	243	2.01	1.08901	1.08720	1.09354	0.00	5205.56
582	2016.01.12 10:32	s/l	243	2.01	1.08720	1.08720	1.09354	-363.81	4841.75
583	2016.01.19 10:45	sell	244	0.61	1.08654	1.08812	1.08259	0.00	4841.75
584	2016.01.19 10:52	s/l	244	0.61	1.08812	1.08812	1.08259	-96.38	4745.37
585	2016.01.25 14:30	sell	245	0.61	1.08113	1.08267	1.07728	0.00	4745.37
586	2016.01.25 15:29	s/l	245	0.61	1.08267	1.08267	1.07728	-93.94	4651.43
587	2016.01.25 15:29	buy	246	0.45	1.08267	1.08064	1.08775	0.00	4651.43
588	2016.01.26 03:06	modify	246	0.45	1.08267	1.08277	1.08775	0.00	4651.43
589	2016.01.26 12:50	s/l	246	0.45	1.08277	1.08277	1.08775	0.75	4652.17
590	2016.01.27 11:00	buy	247	0.57	1.08668	1.08505	1.09076	0.00	4652.17
591	2016.01.27 14:56	modify	247	0.57	1.08668	1.08678	1.09076	0.00	4652.17
592	2016.01.27 15:26	t/p	247	0.57	1.09076	1.08678	1.09076	232.56	4884.73
593	2016.02.03 14:45	buy	248	1.62	1.09295	1.09084	1.09823	0.00	4884.73
594	2016.02.03 15:24	modify	248	1.62	1.09295	1.09305	1.09823	0.00	4884.73
595	2016.02.03 16:45	t/p	248	1.62	1.09823	1.09305	1.09823	855.36	5740.09
596	2016.02.08 10:15	buy	249	1.51	1.11485	1.11333	1.11865	0.00	5740.09
597	2016.02.08 11:17	modify	249	1.51	1.11485	1.11495	1.11865	0.00	5740.09
598	2016.02.08 13:08	s/l	249	1.51	1.11495	1.11495	1.11865	15.10	5755.19
599	2016.02.17 15:15	sell	250	1.43	1.11355	1.11515	1.10955	0.00	5755.19
600	2016.02.17 16:15	modify	250	1.43	1.11355	1.11345	1.10955	0.00	5755.19
601	2016.02.17 16:44	s/l	250	1.43	1.11345	1.11345	1.10955	14.30	5769.49
602	2016.02.18 10:00	sell	251	0.56	1.11271	1.11477	1.10756	0.00	5769.49
603	2016.02.18 13:58	modify	251	0.56	1.11271	1.11261	1.10756	0.00	5769.49
604	2016.02.18 16:19	t/p	251	0.56	1.10756	1.11261	1.10756	288.40	6057.89
605	2016.02.23 10:30	sell	252	1.36	1.10366	1.10544	1.09921	0.00	6057.89
606	2016.02.23 11:16	modify	252	1.36	1.10366	1.10356	1.09921	0.00	6057.89
607	2016.02.23 11:34	t/p	252	1.36	1.09921	1.10356	1.09921	605.20	6663.09
608	2016.03.15 11:30	sell	253	1.33	1.10961	1.11161	1.10461	0.00	6663.09
609	2016.03.15 14:43	s/l	253	1.33	1.11161	1.11161	1.10461	-266.00	6397.09
610	2016.03.16 08:45	sell	254	0.83	1.10877	1.11030	1.10495	0.00	6397.09
611	2016.03.16 15:14	modify	254	0.83	1.10877	1.10867	1.10495	0.00	6397.09
612	2016.03.16 19:51	s/l	254	0.83	1.10867	1.10867	1.10495	8.30	6405.39
613	2016.04.11 15:30	buy	255	2.06	1.14056	1.13839	1.14599	0.00	6405.39
614	2016.04.11 16:53	modify	255	2.06	1.14056	1.14066	1.14599	0.00	6405.39
615	2016.04.11 18:57	s/l	255	2.06	1.14066	1.14066	1.14599	20.60	6425.99
616	2016.04.18 15:30	buy	256	1.28	1.13169	1.12969	1.13669	0.00	6425.99
617	2016.04.18 16:40	s/l	256	1.28	1.12969	1.12969	1.13669	-256.00	6169.99
618	2016.04.26 09:15	buy	257	0.80	1.12721	1.12568	1.13104	0.00	6169.99
619	2016.04.26 10:00	s/l	257	0.80	1.12568	1.12568	1.13104	-122.40	6047.59
620	2016.04.26 15:15	buy	258	0.63	1.12873	1.12683	1.13348	0.00	6047.59
621	2016.04.26 15:35	modify	258	0.63	1.12873	1.12883	1.13348	0.00	6047.59
622	2016.04.26 16:23	t/p	258	0.63	1.13348	1.12883	1.13348	299.25	6346.84
623	2016.04.27 09:30	buy	259	2.74	1.13052	1.12890	1.13457	0.00	6346.84
624	2016.04.27 10:38	modify	259	2.74	1.13052	1.13062	1.13457	0.00	6346.84
625	2016.04.27 12:16	s/l	259	2.74	1.13062	1.13062	1.13457	27.40	6374.24
626	2016.04.27 15:30	buy	260	1.23	1.13114	1.12908	1.13629	0.00	6374.24
627	2016.04.27 20:14	modify	260	1.23	1.13114	1.13124	1.13629	0.00	6374.24
628	2016.04.27 21:00	s/l	260	1.23	1.13124	1.13124	1.13629	12.30	6386.54
629	2016.05.09 08:45	sell	261	1.61	1.13988	1.14146	1.13593	0.00	6386.54
630	2016.05.09 09:52	s/l	261	1.61	1.14146	1.14146	1.13593	-254.38	6132.16
631	2016.05.09 10:15	sell	262	0.55	1.13993	1.14214	1.13441	0.00	6132.16
632	2016.05.10 13:58	modify	262	0.55	1.13993	1.13983	1.13441	0.00	6132.16
633	2016.05.10 17:42	s/l	262	0.55	1.13983	1.13983	1.13441	6.89	6139.06
634	2016.05.17 11:45	sell	263	2.45	1.13230	1.13405	1.12793	0.00	6139.06
635	2016.05.17 16:46	s/l	263	2.45	1.13405	1.13405	1.12793	-428.75	5710.31
636	2016.05.23 15:30	sell	264	0.66	1.12019	1.12192	1.11587	0.00	5710.31
637	2016.05.23 20:14	s/l	264	0.66	1.12192	1.12192	1.11587	-114.18	5596.13
638	2016.05.24 10:30	sell	265	0.49	1.11949	1.12175	1.11384	0.00	5596.13
639	2016.05.24 15:31	modify	265	0.49	1.11949	1.11939	1.11384	0.00	5596.13
640	2016.05.24 22:16	t/p	265	0.49	1.11384	1.11939	1.11384	276.85	5872.98
641	2016.06.13 15:30	sell	266	2.04	1.12597	1.12798	1.12095	0.00	5872.98
642	2016.06.13 17:12	s/l	266	2.04	1.12798	1.12798	1.12095	-410.04	5462.94
643	2016.07.04 14:45	buy	267	0.57	1.11379	1.11190	1.11852	0.00	5462.94
644	2016.07.05 10:29	modify	267	0.57	1.11379	1.11389	1.11852	0.00	5462.94
645	2016.07.05 10:30	t/p	267	0.57	1.11852	1.11389	1.11852	264.85	5727.79
646	2016.07.05 15:45	buy	268	1.63	1.11521	1.11276	1.12134	0.00	5727.79
647	2016.07.05 17:31	s/l	268	1.63	1.11276	1.11276	1.12134	-399.35	5328.44
648	2016.07.13 10:15	sell	269	0.53	1.10468	1.10669	1.09966	0.00	5328.44
649	2016.07.13 12:30	s/l	269	0.53	1.10669	1.10669	1.09966	-106.53	5221.91
650	2016.07.21 09:45	buy	270	0.30	1.10426	1.10252	1.10861	0.00	5221.91
651	2016.07.21 10:27	s/l	270	0.30	1.10252	1.10252	1.10861	-52.20	5169.71
652	2016.07.21 10:27	sell	271	0.21	1.10252	1.10489	1.09660	0.00	5169.71
653	2016.07.21 15:40	s/l	271	0.21	1.10489	1.10489	1.09660	-49.77	5119.94
654	2016.08.25 16:00	buy	272	0.26	1.12941	1.12748	1.13424	0.00	5119.94
655	2016.08.25 18:53	s/l	272	0.26	1.12748	1.12748	1.13424	-50.18	5069.76
656	2016.09.13 16:15	sell	273	0.48	1.12266	1.12475	1.11744	0.00	5069.76
657	2016.09.13 17:05	s/l	273	0.48	1.12475	1.12475	1.11744	-100.32	4969.44
658	2016.09.14 10:30	sell	274	0.50	1.12235	1.12430	1.11748	0.00	4969.44
659	2016.09.14 17:22	s/l	274	0.50	1.12430	1.12430	1.11748	-97.50	4871.94
660	2016.09.29 15:45	sell	275	0.24	1.12069	1.12270	1.11567	0.00	4871.94
661	2016.09.29 17:13	s/l	275	0.24	1.12270	1.12270	1.11567	-48.24	4823.70
662	2016.10.03 10:45	buy	276	0.50	1.12377	1.12185	1.12857	0.00	4823.70
663	2016.10.03 17:00	s/l	276	0.50	1.12185	1.12185	1.12857	-96.00	4727.70
664	2016.10.19 14:00	sell	277	0.49	1.09847	1.10038	1.09370	0.00	4727.70
665	2016.10.19 17:50	modify	277	0.49	1.09847	1.09837	1.09370	0.00	4727.70
666	2016.10.20 14:25	s/l	277	0.49	1.09837	1.09837	1.09370	8.63	4736.33
667	2016.10.27 16:15	buy	278	1.07	1.09265	1.09111	1.09650	0.00	4736.33
668	2016.10.27 17:07	s/l	278	1.07	1.09111	1.09111	1.09650	-164.78	4571.55
669	2016.11.23 14:00	sell	279	0.57	1.06221	1.06381	1.05821	0.00	4571.55
670	2016.11.23 15:20	modify	279	0.57	1.06221	1.06211	1.05821	0.00	4571.55
671	2016.11.23 15:31	t/p	279	0.57	1.05821	1.06211	1.05821	228.00	4799.55
672	2016.11.29 09:30	sell	280	2.01	1.05923	1.06090	1.05506	0.00	4799.55
673	2016.11.29 10:02	s/l	280	2.01	1.06090	1.06090	1.05506	-335.67	4463.88
674	2016.11.29 10:02	buy	281	0.40	1.06090	1.05871	1.06638	0.00	4463.88
675	2016.11.29 11:10	s/l	281	0.40	1.05871	1.05871	1.06638	-87.60	4376.28
676	2016.11.30 10:30	buy	282	0.41	1.06382	1.06170	1.06912	0.00	4376.28
677	2016.11.30 15:15	s/l	282	0.41	1.06170	1.06170	1.06912	-86.92	4289.36
678	2016.12.07 10:45	buy	283	0.39	1.07313	1.07097	1.07853	0.00	4289.36
679	2016.12.07 12:06	s/l	283	0.39	1.07097	1.07097	1.07853	-84.24	4205.12
680	2016.12.07 12:06	sell	284	0.35	1.07097	1.07335	1.06502	0.00	4205.12
681	2016.12.07 14:46	s/l	284	0.35	1.07335	1.07335	1.06502	-83.30	4121.82
682	2016.12.14 14:00	buy	285	0.51	1.06484	1.06325	1.06882	0.00	4121.82
683	2016.12.14 16:02	s/l	285	0.51	1.06325	1.06325	1.06882	-81.09	4040.73
684	2016.12.19 09:00	buy	286	0.39	1.04757	1.04554	1.05265	0.00	4040.73
685	2016.12.19 11:47	s/l	286	0.39	1.04554	1.04554	1.05265	-79.17	3961.56
686	2016.12.19 11:47	sell	287	0.47	1.04554	1.04720	1.04139	0.00	3961.56
687	2016.12.19 13:54	modify	287	0.47	1.04554	1.04544	1.04139	0.00	3961.56
688	2016.12.19 15:20	t/p	287	0.47	1.04139	1.04544	1.04139	195.05	4156.61
689	2016.12.22 16:15	buy	288	0.17	1.04507	1.04268	1.05105	0.00	4156.61
690	2016.12.22 17:07	modify	288	0.17	1.04507	1.04517	1.05105	0.00	4156.61
691	2016.12.22 18:02	s/l	288	0.17	1.04517	1.04517	1.05105	1.70	4158.31
692	2016.12.29 11:15	buy	289	0.85	1.04570	1.04400	1.04995	0.00	4158.31
693	2016.12.29 17:57	modify	289	0.85	1.04570	1.04580	1.04995	0.00	4158.31
694	2016.12.30 01:22	t/p	289	0.85	1.04995	1.04580	1.04995	354.16	4512.47
695	2017.01.11 11:15	sell	290	1.13	1.05446	1.05605	1.05049	0.00	4512.47
696	2017.01.11 12:29	modify	290	1.13	1.05446	1.05436	1.05049	0.00	4512.47
697	2017.01.11 14:08	t/p	290	1.13	1.05049	1.05436	1.05049	448.61	4961.08
698	2017.01.16 09:15	sell	291	0.85	1.06079	1.06311	1.05499	0.00	4961.08
699	2017.01.17 06:10	s/l	291	0.85	1.06311	1.06311	1.05499	-195.04	4766.03
700	2017.01.17 06:10	buy	292	0.51	1.06312	1.06128	1.06772	0.00	4766.03
701	2017.01.17 07:59	modify	292	0.51	1.06312	1.06322	1.06772	0.00	4766.03
702	2017.01.17 11:30	t/p	292	0.51	1.06772	1.06322	1.06772	234.60	5000.63
703	2017.01.18 10:15	buy	293	0.47	1.06946	1.06735	1.07474	0.00	5000.63
704	2017.01.18 14:57	s/l	293	0.47	1.06735	1.06735	1.07474	-99.17	4901.46
705	2017.01.26 11:45	sell	294	0.28	1.07280	1.07454	1.06845	0.00	4901.46
706	2017.01.26 15:01	modify	294	0.28	1.07280	1.07270	1.06845	0.00	4901.46
707	2017.01.26 16:20	t/p	294	0.28	1.06845	1.07270	1.06845	121.80	5023.26
708	2017.01.31 10:00	buy	295	2.03	1.06996	1.06823	1.07429	0.00	5023.26
709	2017.01.31 13:40	modify	295	2.03	1.06996	1.07006	1.07429	0.00	5023.26
710	2017.01.31 13:47	t/p	295	2.03	1.07429	1.07006	1.07429	878.99	5902.25
711	2017.02.02 09:30	buy	296	0.60	1.07950	1.07755	1.08438	0.00	5902.25
712	2017.02.02 15:47	modify	296	0.60	1.07950	1.07960	1.08438	0.00	5902.25
713	2017.02.02 18:17	s/l	296	0.60	1.07960	1.07960	1.08438	6.00	5908.25
714	2017.02.09 15:30	sell	297	0.74	1.06815	1.06974	1.06418	0.00	5908.25
715	2017.02.09 17:00	modify	297	0.74	1.06815	1.06805	1.06418	0.00	5908.25
716	2017.02.10 09:58	t/p	297	0.74	1.06418	1.06805	1.06418	295.66	6203.91
717	2017.02.20 15:00	sell	298	1.31	1.06094	1.06282	1.05624	0.00	6203.91
718	2017.02.21 03:19	modify	298	1.31	1.06094	1.06084	1.05624	0.00	6203.91
719	2017.02.21 10:34	t/p	298	1.31	1.05624	1.06084	1.05624	619.02	6822.93
720	2017.02.23 10:15	buy	299	0.58	1.05621	1.05386	1.06209	0.00	6822.93
721	2017.02.23 12:08	s/l	299	0.58	1.05386	1.05386	1.06209	-136.30	6686.63
722	2017.02.27 10:00	buy	300	0.68	1.05814	1.05620	1.06299	0.00	6686.63
723	2017.02.27 17:59	modify	300	0.68	1.05814	1.05824	1.06299	0.00	6686.63
724	2017.02.27 18:49	t/p	300	0.68	1.06299	1.05824	1.06299	329.80	7016.43
725	2017.02.28 11:15	buy	301	2.74	1.05918	1.05739	1.06366	0.00	7016.43
726	2017.02.28 17:13	modify	301	2.74	1.05918	1.05928	1.06366	0.00	7016.43
727	2017.02.28 21:59	s/l	301	2.74	1.05928	1.05928	1.06366	27.40	7043.83
728	2017.03.02 11:45	sell	302	0.71	1.05257	1.05455	1.04762	0.00	7043.83
729	2017.03.02 21:26	modify	302	0.71	1.05257	1.05247	1.04762	0.00	7043.83
730	2017.03.03 08:51	s/l	302	0.71	1.05247	1.05247	1.04762	8.90	7052.73
731	2017.03.06 15:30	buy	303	1.58	1.06011	1.05833	1.06456	0.00	7052.73
732	2017.03.06 18:32	s/l	303	1.58	1.05833	1.05833	1.06456	-281.24	6771.49
733	2017.03.22 08:45	buy	304	0.81	1.08101	1.07934	1.08519	0.00	6771.49
734	2017.03.22 09:33	s/l	304	0.81	1.07934	1.07934	1.08519	-135.27	6636.22
735	2017.03.22 15:00	buy	305	0.63	1.08040	1.07830	1.08565	0.00	6636.22
736	2017.03.23 03:02	s/l	305	0.63	1.07830	1.07830	1.08565	-148.07	6488.15
737	2017.03.23 03:02	sell	306	0.47	1.07830	1.07968	1.07485	0.00	6488.15
738	2017.03.23 08:28	s/l	306	0.47	1.07968	1.07968	1.07485	-64.86	6423.29
739	2017.03.28 15:30	buy	307	0.70	1.08649	1.08466	1.09107	0.00	6423.29
740	2017.03.28 19:12	s/l	307	0.70	1.08466	1.08466	1.09107	-128.10	6295.19
741	2017.04.06 15:30	sell	308	0.32	1.06577	1.06772	1.06090	0.00	6295.19
742	2017.04.07 14:03	modify	308	0.32	1.06577	1.06567	1.06090	0.00	6295.19
743	2017.04.07 15:30	s/l	308	0.32	1.06567	1.06567	1.06090	4.01	6299.20
744	2017.04.27 15:00	sell	309	1.28	1.08862	1.09034	1.08432	0.00	6299.20
745	2017.04.27 15:35	s/l	309	1.28	1.09034	1.09034	1.08432	-220.16	6079.04
746	2017.05.08 08:45	buy	310	0.57	1.09896	1.09686	1.10421	0.00	6079.04
747	2017.05.08 10:13	s/l	310	0.57	1.09686	1.09686	1.10421	-119.70	5959.34
748	2017.05.08 15:00	sell	311	0.59	1.09381	1.09581	1.08881	0.00	5959.34
749	2017.05.09 09:26	modify	311	0.59	1.09381	1.09371	1.08881	0.00	5959.34
750	2017.05.09 13:46	t/p	311	0.59	1.08881	1.09371	1.08881	296.50	6255.84
751	2017.05.25 10:30	buy	312	1.42	1.12384	1.12230	1.12769	0.00	6255.84
752	2017.05.25 12:34	s/l	312	1.42	1.12230	1.12230	1.12769	-218.68	6037.16
753	2017.05.31 10:00	buy	313	0.60	1.11880	1.11681	1.12378	0.00	6037.16
754	2017.05.31 14:05	modify	313	0.60	1.11880	1.11890	1.12378	0.00	6037.16
755	2017.05.31 16:49	t/p	313	0.60	1.12378	1.11890	1.12378	298.80	6335.96
756	2017.06.05 10:15	buy	314	2.46	1.12759	1.12579	1.13209	0.00	6335.96
757	2017.06.05 13:22	s/l	314	2.46	1.12579	1.12579	1.13209	-442.80	5893.16
758	2017.06.08 11:30	sell	315	0.39	1.12515	1.12666	1.12138	0.00	5893.16
759	2017.06.08 14:46	modify	315	0.39	1.12515	1.12505	1.12138	0.00	5893.16
760	2017.06.08 15:38	t/p	315	0.39	1.12138	1.12505	1.12138	147.03	6040.19
761	2017.06.12 14:15	buy	316	2.29	1.12241	1.12057	1.12701	0.00	6040.19
762	2017.06.12 16:51	s/l	316	2.29	1.12057	1.12057	1.12701	-421.36	5618.83
763	2017.06.21 16:30	sell	317	0.53	1.11336	1.11546	1.10811	0.00	5618.83
764	2017.06.21 21:22	s/l	317	0.53	1.11546	1.11546	1.10811	-111.30	5507.53
765	2017.07.05 11:30	sell	318	0.64	1.13503	1.13675	1.13073	0.00	5507.53
766	2017.07.05 12:00	modify	318	0.64	1.13503	1.13493	1.13073	0.00	5507.53
767	2017.07.05 21:00	s/l	318	0.64	1.13493	1.13493	1.13073	6.40	5513.93
768	2017.07.20 10:30	sell	319	0.97	1.15072	1.15270	1.14577	0.00	5513.93
769	2017.07.20 15:43	s/l	319	0.97	1.15270	1.15270	1.14577	-192.06	5321.87
770	2017.07.26 16:45	sell	320	0.45	1.16337	1.16572	1.15750	0.00	5321.87
771	2017.07.26 21:01	s/l	320	0.45	1.16572	1.16572	1.15750	-105.75	5216.12
772	2017.07.31 09:00	buy	321	0.64	1.17456	1.17293	1.17864	0.00	5216.12
773	2017.07.31 09:16	s/l	321	0.64	1.17293	1.17293	1.17864	-104.32	5111.80
774	2017.07.31 09:16	sell	322	0.51	1.17293	1.17492	1.16796	0.00	5111.80
775	2017.07.31 16:51	s/l	322	0.51	1.17492	1.17492	1.16796	-101.49	5010.31
776	2017.08.03 10:00	buy	323	0.31	1.18511	1.18354	1.18904	0.00	5010.31
777	2017.08.03 11:00	s/l	323	0.31	1.18354	1.18354	1.18904	-48.67	4961.64
778	2017.08.03 11:00	sell	324	0.37	1.18353	1.18487	1.18018	0.00	4961.64
779	2017.08.03 12:34	s/l	324	0.37	1.18487	1.18487	1.18018	-49.58	4912.06
780	2017.08.07 15:45	sell	325	0.56	1.17887	1.18062	1.17450	0.00	4912.06
781	2017.08.08 04:05	s/l	325	0.56	1.18062	1.18062	1.17450	-96.58	4815.48
782	2017.08.08 04:05	buy	326	1.07	1.18062	1.17972	1.18287	0.00	4815.48
783	2017.08.08 04:51	modify	326	1.07	1.18062	1.18072	1.18287	0.00	4815.48
784	2017.08.08 05:47	s/l	326	1.07	1.18072	1.18072	1.18287	10.70	4826.18
785	2017.08.22 15:45	sell	327	0.49	1.17550	1.17746	1.17060	0.00	4826.18
786	2017.08.23 10:32	s/l	327	0.49	1.17746	1.17746	1.17060	-94.80	4731.38
787	2017.09.06 09:00	buy	328	0.52	1.19253	1.19072	1.19706	0.00	4731.38
788	2017.09.07 10:46	modify	328	0.52	1.19253	1.19263	1.19706	0.00	4731.38
789	2017.09.07 12:21	t/p	328	0.52	1.19706	1.19263	1.19706	222.54	4953.93
790	2017.09.11 10:45	buy	329	1.62	1.20121	1.19908	1.20654	0.00	4953.93
791	2017.09.11 14:38	s/l	329	1.62	1.19908	1.19908	1.20654	-345.06	4608.87
792	2017.09.12 11:30	sell	330	0.56	1.19614	1.19776	1.19209	0.00	4608.87
793	2017.09.12 13:45	modify	330	0.56	1.19614	1.19604	1.19209	0.00	4608.87
794	2017.09.12 17:18	s/l	330	0.56	1.19604	1.19604	1.19209	5.60	4614.47
795	2017.09.13 10:30	buy	331	1.64	1.19861	1.19665	1.20351	0.00	4614.47
796	2017.09.13 12:53	s/l	331	1.64	1.19665	1.19665	1.20351	-321.44	4293.03
797	2017.09.13 14:00	buy	332	0.50	1.19866	1.19695	1.20294	0.00	4293.03
798	2017.09.13 16:01	s/l	332	0.50	1.19695	1.19695	1.20294	-85.50	4207.53
799	2017.09.18 15:30	buy	333	0.47	1.19576	1.19397	1.20024	0.00	4207.53
800	2017.09.18 18:53	s/l	333	0.47	1.19397	1.19397	1.20024	-84.13	4123.40
801	2017.09.28 16:00	sell	334	0.21	1.17668	1.17863	1.17181	0.00	4123.40
802	2017.09.28 16:20	s/l	334	0.21	1.17863	1.17863	1.17181	-40.95	4082.45
803	2017.09.28 16:20	buy	335	0.18	1.17863	1.17644	1.18411	0.00	4082.45
804	2017.09.29 15:30	modify	335	0.18	1.17863	1.17873	1.18411	0.00	4082.45
805	2017.10.02 04:10	s/l	335	0.18	1.17873	1.17873	1.18411	-1.20	4081.24
806	2017.10.03 15:45	sell	336	0.47	1.17382	1.17553	1.16955	0.00	4081.24
807	2017.10.03 16:24	s/l	336	0.47	1.17553	1.17553	1.16955	-80.37	4000.87
808	2017.10.03 16:24	buy	337	0.40	1.17553	1.17357	1.18043	0.00	4000.87
809	2017.10.04 00:51	s/l	337	0.40	1.17357	1.17357	1.18043	-81.74	3919.13
810	2017.10.19 09:45	buy	338	0.22	1.18123	1.17952	1.18551	0.00	3919.13
811	2017.10.19 11:09	s/l	338	0.22	1.17952	1.17952	1.18551	-37.62	3881.51
812	2017.10.19 11:09	sell	339	0.16	1.17952	1.18189	1.17360	0.00	3881.51
813	2017.10.19 13:21	s/l	339	0.16	1.18189	1.18189	1.17360	-37.92	3843.59
814	2017.10.31 10:30	sell	340	0.44	1.16350	1.16521	1.15923	0.00	3843.59
815	2017.10.31 18:26	s/l	340	0.44	1.16521	1.16521	1.15923	-75.24	3768.35
816	2017.11.06 09:15	sell	341	0.40	1.15999	1.16185	1.15534	0.00	3768.35
817	2017.11.07 10:43	modify	341	0.40	1.15999	1.15989	1.15534	0.00	3768.35
818	2017.11.08 01:19	s/l	341	0.40	1.15989	1.15989	1.15534	6.03	3774.38
819	2017.11.08 14:15	sell	342	1.62	1.15881	1.16044	1.15474	0.00	3774.38
820	2017.11.09 07:31	s/l	342	1.62	1.16044	1.16044	1.15474	-251.74	3522.65
821	2017.11.09 07:31	buy	343	0.28	1.16044	1.15922	1.16349	0.00	3522.65
822	2017.11.09 10:32	s/l	343	0.28	1.15922	1.15922	1.16349	-34.16	3488.49
823	2017.11.09 16:45	buy	344	0.15	1.16204	1.15982	1.16759	0.00	3488.49
824	2017.11.09 18:46	modify	344	0.15	1.16204	1.16214	1.16759	0.00	3488.49
825	2017.11.10 17:30	t/p	344	0.15	1.16759	1.16214	1.16759	82.00	3570.49
826	2017.11.16 08:30	buy	345	0.64	1.17957	1.17763	1.18442	0.00	3570.49
827	2017.11.16 09:36	s/l	345	0.64	1.17763	1.17763	1.18442	-124.16	3446.33
828	2017.11.22 16:30	buy	346	0.30	1.17671	1.17445	1.18236	0.00	3446.33
829	2017.11.22 21:01	modify	346	0.30	1.17671	1.17681	1.18236	0.00	3446.33
830	2017.11.22 21:30	t/p	346	0.30	1.18236	1.17681	1.18236	169.50	3615.83
831	2017.11.28 10:15	buy	347	1.27	1.19040	1.18842	1.19535	0.00	3615.83
832	2017.11.28 12:08	s/l	347	1.27	1.18842	1.18842	1.19535	-251.46	3364.37
833	2017.11.28 16:30	sell	348	0.40	1.18844	1.19010	1.18429	0.00	3364.37
834	2017.11.28 20:20	modify	348	0.40	1.18844	1.18834	1.18429	0.00	3364.37
835	2017.11.28 21:21	t/p	348	0.40	1.18429	1.18834	1.18429	166.00	3530.37
836	2017.12.06 09:45	sell	349	1.14	1.18199	1.18415	1.17659	0.00	3530.37
837	2017.12.06 16:58	modify	349	1.14	1.18199	1.18189	1.17659	0.00	3530.37
838	2017.12.08 03:43	t/p	349	1.14	1.17659	1.18189	1.17659	627.16	4157.53
839	2017.12.21 15:45	buy	350	0.48	1.18695	1.18524	1.19123	0.00	4157.53
840	2017.12.21 16:09	s/l	350	0.48	1.18524	1.18524	1.19123	-82.08	4075.45
841	2018.01.18 15:45	buy	351	0.22	1.22434	1.22252	1.22889	0.00	4075.45
842	2018.01.18 19:51	s/l	351	0.22	1.22252	1.22252	1.22889	-40.04	4035.41
843	2018.01.29 08:30	sell	352	0.46	1.24115	1.24288	1.23683	0.00	4035.41
844	2018.01.29 09:08	s/l	352	0.46	1.24288	1.24288	1.23683	-79.58	3955.83
845	2018.01.29 09:30	sell	353	0.34	1.24081	1.24309	1.23511	0.00	3955.83
846	2018.01.29 15:27	modify	353	0.34	1.24081	1.24071	1.23511	0.00	3955.83
847	2018.01.29 16:36	t/p	353	0.34	1.23511	1.24071	1.23511	193.80	4149.63
848	2018.02.01 08:15	sell	354	0.75	1.24092	1.24284	1.23612	0.00	4149.63
849	2018.02.01 10:14	s/l	354	0.75	1.24284	1.24284	1.23612	-144.00	4005.63
850	2018.02.05 14:00	sell	355	0.45	1.24476	1.24651	1.24039	0.00	4005.63
851	2018.02.05 16:05	modify	355	0.45	1.24476	1.24466	1.24039	0.00	4005.63
852	2018.02.05 16:40	t/p	355	0.45	1.24039	1.24466	1.24039	196.65	4202.28
853	2018.02.07 08:15	sell	356	1.78	1.23774	1.23939	1.23362	0.00	4202.28
854	2018.02.07 08:47	s/l	356	1.78	1.23939	1.23939	1.23362	-293.70	3908.58
855	2018.02.07 11:15	sell	357	0.34	1.23676	1.23904	1.23106	0.00	3908.58
856	2018.02.07 16:06	modify	357	0.34	1.23676	1.23666	1.23106	0.00	3908.58
857	2018.02.07 17:30	t/p	357	0.34	1.23106	1.23666	1.23106	193.80	4102.38
858	2018.02.12 14:15	sell	358	1.87	1.22619	1.22772	1.22237	0.00	4102.38
859	2018.02.12 15:34	modify	358	1.87	1.22619	1.22609	1.22237	0.00	4102.38
860	2018.02.12 16:43	s/l	358	1.87	1.22609	1.22609	1.22237	18.70	4121.08
861	2018.02.26 09:45	buy	359	0.87	1.23322	1.23134	1.23792	0.00	4121.08
862	2018.02.26 15:47	s/l	359	0.87	1.23134	1.23134	1.23792	-163.56	3957.52
863	2018.02.27 08:30	buy	360	0.52	1.23331	1.23179	1.23711	0.00	3957.52
864	2018.02.27 13:41	s/l	360	0.52	1.23179	1.23179	1.23711	-79.04	3878.48
865	2018.03.06 10:30	buy	361	0.44	1.23436	1.23260	1.23876	0.00	3878.48
866	2018.03.06 13:23	modify	361	0.44	1.23436	1.23446	1.23876	0.00	3878.48
867	2018.03.06 13:32	t/p	361	0.44	1.23876	1.23446	1.23876	193.60	4072.08
868	2018.03.08 09:45	buy	362	0.71	1.24118	1.23919	1.24616	0.00	4072.08
869	2018.03.08 10:52	s/l	362	0.71	1.23919	1.23919	1.24616	-141.29	3930.79
870	2018.04.03 15:45	sell	363	0.34	1.22940	1.23169	1.22368	0.00	3930.79
871	2018.04.03 16:29	modify	363	0.34	1.22940	1.22930	1.22368	0.00	3930.79
872	2018.04.04 10:59	s/l	363	0.34	1.22930	1.22930	1.22368	4.26	3935.05
873	2018.04.04 15:15	sell	364	1.73	1.22759	1.22918	1.22362	0.00	3935.05
874	2018.04.04 15:49	s/l	364	1.73	1.22918	1.22918	1.22362	-275.07	3659.98
875	2018.04.09 14:45	buy	365	0.46	1.22796	1.22640	1.23186	0.00	3659.98
876	2018.04.09 15:13	modify	365	0.46	1.22796	1.22806	1.23186	0.00	3659.98
877	2018.04.09 16:05	t/p	365	0.46	1.23186	1.22806	1.23186	179.40	3839.38
878	2018.04.18 11:15	buy	366	1.53	1.23700	1.23525	1.24138	0.00	3839.38
879	2018.04.18 12:00	s/l	366	1.53	1.23525	1.23525	1.24138	-267.75	3571.63
880	2018.05.03 16:00	sell	367	0.15	1.19795	1.20031	1.19205	0.00	3571.63
881	2018.05.03 21:44	s/l	367	0.15	1.20031	1.20031	1.19205	-35.40	3536.23
882	2018.05.08 10:00	sell	368	0.41	1.19179	1.19351	1.18749	0.00	3536.23
883	2018.05.08 11:27	modify	368	0.41	1.19179	1.19169	1.18749	0.00	3536.23
884	2018.05.08 12:42	t/p	368	0.41	1.18749	1.19169	1.18749	176.30	3712.53
885	2018.05.10 10:15	sell	369	0.62	1.18604	1.18812	1.18084	0.00	3712.53
886	2018.05.10 12:15	s/l	369	0.62	1.18812	1.18812	1.18084	-128.96	3583.57
887	2018.05.15 11:00	sell	370	0.44	1.19231	1.19391	1.18831	0.00	3583.57
888	2018.05.15 14:10	modify	370	0.44	1.19231	1.19221	1.18831	0.00	3583.57
889	2018.05.15 14:28	t/p	370	0.44	1.18831	1.19221	1.18831	176.00	3759.57
890	2018.05.17 09:15	sell	371	0.58	1.18149	1.18374	1.17587	0.00	3759.57
891	2018.05.17 13:27	modify	371	0.58	1.18149	1.18139	1.17587	0.00	3759.57
892	2018.05.18 08:58	s/l	371	0.58	1.18139	1.18139	1.17587	7.27	3766.84
893	2018.06.12 15:00	buy	372	0.77	1.17935	1.17741	1.18420	0.00	3766.84
894	2018.06.12 19:58	s/l	372	0.77	1.17741	1.17741	1.18420	-149.38	3617.46
895	2018.06.13 09:15	sell	373	0.47	1.17397	1.17548	1.17020	0.00	3617.46
896	2018.06.13 12:52	s/l	373	0.47	1.17548	1.17548	1.17020	-70.97	3546.49
897	2018.06.20 10:00	sell	374	0.36	1.15667	1.15862	1.15180	0.00	3546.49
898	2018.06.20 10:42	s/l	374	0.36	1.15862	1.15862	1.15180	-70.20	3476.29
899	2018.06.21 11:15	sell	375	0.22	1.15541	1.15697	1.15151	0.00	3476.29
900	2018.06.21 11:50	modify	375	0.22	1.15541	1.15531	1.15151	0.00	3476.29
901	2018.06.21 12:02	t/p	375	0.22	1.15151	1.15531	1.15151	85.80	3562.09
902	2018.06.27 08:15	sell	376	1.31	1.16401	1.16590	1.15929	0.00	3562.09
903	2018.06.27 09:09	s/l	376	1.31	1.16590	1.16590	1.15929	-247.59	3314.50
904	2018.06.27 10:45	sell	377	0.33	1.16544	1.16741	1.16052	0.00	3314.50
905	2018.06.27 11:35	modify	377	0.33	1.16544	1.16534	1.16052	0.00	3314.50
906	2018.06.27 15:48	t/p	377	0.33	1.16052	1.16534	1.16052	162.36	3476.86
907	2018.07.05 08:30	buy	378	0.74	1.16643	1.16479	1.17053	0.00	3476.86
908	2018.07.05 08:51	modify	378	0.74	1.16643	1.16653	1.17053	0.00	3476.86
909	2018.07.05 09:37	t/p	378	0.74	1.17053	1.16653	1.17053	303.40	3780.26
910	2018.07.10 09:45	buy	379	0.90	1.17465	1.17297	1.17885	0.00	3780.26
911	2018.07.10 11:39	s/l	379	0.90	1.17297	1.17297	1.17885	-151.20	3629.06
912	2018.07.10 11:45	sell	380	0.30	1.17264	1.17505	1.16662	0.00	3629.06
913	2018.07.11 15:45	s/l	380	0.30	1.17505	1.17505	1.16662	-71.54	3557.52
914	2018.07.24 11:30	sell	381	0.37	1.16796	1.16988	1.16316	0.00	3557.52
915	2018.07.24 13:09	s/l	381	0.37	1.16988	1.16988	1.16316	-71.04	3486.48
916	2018.07.24 16:45	buy	382	0.39	1.17052	1.16876	1.17492	0.00	3486.48
917	2018.07.24 18:51	s/l	382	0.39	1.16876	1.16876	1.17492	-68.64	3417.84
918	2018.07.25 16:00	buy	383	0.43	1.16990	1.16834	1.17380	0.00	3417.84
919	2018.07.25 17:43	s/l	383	0.43	1.16834	1.16834	1.17380	-67.08	3350.76
920	2018.08.01 16:45	sell	384	0.44	1.16783	1.16935	1.16403	0.00	3350.76
921	2018.08.02 05:44	modify	384	0.44	1.16783	1.16773	1.16403	0.00	3350.76
922	2018.08.02 09:35	t/p	384	0.44	1.16403	1.16773	1.16403	170.55	3521.31
923	2018.08.16 11:30	buy	385	0.54	1.13776	1.13548	1.14346	0.00	3521.31
924	2018.08.16 20:47	s/l	385	0.54	1.13548	1.13548	1.14346	-123.12	3398.19
925	2018.08.27 14:15	buy	386	0.45	1.16177	1.16026	1.16555	0.00	3398.19
926	2018.08.27 15:20	modify	386	0.45	1.16177	1.16187	1.16555	0.00	3398.19
927	2018.08.27 16:48	t/p	386	0.45	1.16555	1.16187	1.16555	170.10	3568.29
928	2018.09.05 09:15	sell	387	1.64	1.15819	1.15971	1.15439	0.00	3568.29
929	2018.09.05 10:16	modify	387	1.64	1.15819	1.15809	1.15439	0.00	3568.29
930	2018.09.05 10:22	t/p	387	1.64	1.15439	1.15809	1.15439	623.20	4191.49
931	2018.09.06 10:30	buy	388	0.37	1.16337	1.16114	1.16895	0.00	4191.49
932	2018.09.06 18:06	s/l	388	0.37	1.16114	1.16114	1.16895	-82.51	4108.98
933	2018.09.12 11:45	sell	389	0.35	1.15831	1.16064	1.15249	0.00	4108.98
934	2018.09.12 17:01	s/l	389	0.35	1.16064	1.16064	1.15249	-81.55	4027.43
935	2018.09.25 11:45	buy	390	0.32	1.17560	1.17311	1.18183	0.00	4027.43
936	2018.09.26 15:20	s/l	390	0.32	1.17311	1.17311	1.18183	-82.35	3945.08
937	2018.09.26 15:20	sell	391	0.47	1.17311	1.17478	1.16894	0.00	3945.08
938	2018.09.26 17:45	s/l	391	0.47	1.17478	1.17478	1.16894	-78.49	3866.59
939	2018.10.10 14:00	buy	392	0.44	1.15026	1.14853	1.15459	0.00	3866.59
940	2018.10.10 17:09	modify	392	0.44	1.15026	1.15036	1.15459	0.00	3866.59
941	2018.10.11 04:51	t/p	392	0.44	1.15459	1.15036	1.15459	179.51	4046.10
942	2018.10.16 10:30	buy	393	1.21	1.15911	1.15678	1.16494	0.00	4046.10
943	2018.10.16 12:23	s/l	393	1.21	1.15678	1.15678	1.16494	-281.93	3764.17
944	2018.10.18 15:15	sell	394	0.22	1.15042	1.15208	1.14627	0.00	3764.17
945	2018.10.18 19:15	modify	394	0.22	1.15042	1.15032	1.14627	0.00	3764.17
946	2018.10.18 20:19	t/p	394	0.22	1.14627	1.15032	1.14627	91.30	3855.47
947	2018.10.25 16:15	sell	395	0.56	1.14105	1.14342	1.13513	0.00	3855.47
948	2018.10.25 16:40	modify	395	0.56	1.14105	1.14095	1.13513	0.00	3855.47
949	2018.10.26 12:53	t/p	395	0.56	1.13513	1.14095	1.13513	332.94	4188.41
950	2018.11.08 09:15	sell	396	0.39	1.14158	1.14369	1.13631	0.00	4188.41
951	2018.11.08 10:02	s/l	396	0.39	1.14369	1.14369	1.13631	-82.29	4106.12
952	2018.11.08 11:00	sell	397	0.24	1.14295	1.14463	1.13875	0.00	4106.12
953	2018.11.08 13:34	modify	397	0.24	1.14295	1.14285	1.13875	0.00	4106.12
954	2018.11.08 15:15	s/l	397	0.24	1.14285	1.14285	1.13875	2.40	4108.52
955	2018.11.21 11:45	sell	398	1.16	1.13826	1.14073	1.13209	0.00	4108.52
956	2018.11.21 13:23	s/l	398	1.16	1.14073	1.14073	1.13209	-286.52	3822.00
957	2018.11.26 15:00	sell	399	0.50	1.13561	1.13712	1.13184	0.00	3822.00
958	2018.11.26 15:34	s/l	399	0.50	1.13712	1.13712	1.13184	-75.50	3746.50
959	2018.12.13 15:30	buy	400	0.15	1.13807	1.13570	1.14400	0.00	3746.50
960	2018.12.13 15:38	s/l	400	0.15	1.13570	1.13570	1.14400	-35.55	3710.95
961	2018.12.27 09:45	sell	401	0.23	1.13748	1.13907	1.13351	0.00	3710.95
962	2018.12.27 10:24	s/l	401	0.23	1.13907	1.13907	1.13351	-36.57	3674.38
963	2018.12.27 10:24	buy	402	0.18	1.13907	1.13708	1.14405	0.00	3674.38
964	2018.12.27 14:58	s/l	402	0.18	1.13708	1.13708	1.14405	-35.82	3638.56
965	2018.12.31 10:00	buy	403	0.34	1.14428	1.14219	1.14951	0.00	3638.56
966	2019.01.02 07:58	modify	403	0.34	1.14428	1.14438	1.14951	0.00	3638.56
967	2019.01.02 08:10	t/p	403	0.34	1.14951	1.14438	1.14951	172.15	3810.70
968	2019.01.09 15:45	buy	404	1.53	1.14633	1.14459	1.15068	0.00	3810.70
969	2019.01.09 16:35	modify	404	1.53	1.14633	1.14643	1.15068	0.00	3810.70
970	2019.01.09 16:36	t/p	404	1.53	1.15068	1.14643	1.15068	665.55	4476.25
971	2019.01.14 14:45	sell	405	1.10	1.14570	1.14732	1.14165	0.00	4476.25
972	2019.01.14 17:55	s/l	405	1.10	1.14732	1.14732	1.14165	-178.20	4298.05
973	2019.01.17 15:45	sell	406	0.22	1.13876	1.14064	1.13406	0.00	4298.05
974	2019.01.18 12:02	s/l	406	0.22	1.14064	1.14064	1.13406	-40.80	4257.25
975	2019.01.30 10:30	buy	407	0.47	1.14396	1.14218	1.14841	0.00	4257.25
976	2019.01.30 13:11	s/l	407	0.47	1.14218	1.14218	1.14841	-83.66	4173.59
977	2019.02.13 14:00	buy	408	0.40	1.13294	1.13087	1.13812	0.00	4173.59
978	2019.02.13 14:54	s/l	408	0.40	1.13087	1.13087	1.13812	-82.80	4090.79
979	2019.02.20 14:30	buy	409	0.44	1.13406	1.13223	1.13864	0.00	4090.79
980	2019.02.20 18:51	modify	409	0.44	1.13406	1.13416	1.13864	0.00	4090.79
981	2019.02.20 21:11	s/l	409	0.44	1.13416	1.13416	1.13864	4.40	4095.19
982	2019.03.11 15:30	buy	410	1.32	1.12518	1.12302	1.13058	0.00	4095.19
983	2019.03.11 17:51	s/l	410	1.32	1.12302	1.12302	1.13058	-285.12	3810.07
984	2019.03.14 09:30	buy	411	0.24	1.13253	1.13098	1.13641	0.00	3810.07
985	2019.03.14 12:01	s/l	411	0.24	1.13098	1.13098	1.13641	-37.20	3772.87
986	2019.10.03 15:45	buy	412	0.23	1.09621	1.09460	1.10024	0.00	3772.87
987	2019.10.03 17:00	modify	412	0.23	1.09621	1.09631	1.10024	0.00	3772.87
988	2019.10.03 23:59	s/l	412	0.23	1.09631	1.09631	1.10024	2.30	3775.17
989	2019.10.16 15:45	buy	413	1.13	1.10442	1.10210	1.11022	0.00	3775.17
990	2019.10.16 19:25	modify	413	1.13	1.10442	1.10452	1.11022	0.00	3775.17
991	2019.10.17 12:30	t/p	413	1.13	1.11022	1.10452	1.11022	627.11	4402.29
992	2019.11.07 16:00	sell	414	0.50	1.10670	1.10843	1.10238	0.00	4402.29
993	2019.11.07 17:57	modify	414	0.50	1.10670	1.10660	1.10238	0.00	4402.29
994	2019.11.08 17:02	t/p	414	0.50	1.10238	1.10660	1.10238	217.27	4619.55
995	2020.02.24 10:30	buy	415	1.00	1.08283	1.08099	1.08743	0.00	4619.55
996	2020.02.24 17:07	modify	415	1.00	1.08283	1.08293	1.08743	0.00	4619.55
997	2020.02.25 18:16	t/p	415	1.00	1.08743	1.08293	1.08743	451.66	5071.21
998	2020.03.04 10:00	buy	416	1.23	1.11594	1.11430	1.12004	0.00	5071.21
999	2020.03.04 10:42	modify	416	1.23	1.11594	1.11604	1.12004	0.00	5071.21
1000	2020.03.04 11:04	s/l	416	1.23	1.11604	1.11604	1.12004	12.30	5083.51
1001	2020.04.06 09:15	sell	417	0.90	1.08149	1.08374	1.07587	0.00	5083.51
1002	2020.04.06 15:45	modify	417	0.90	1.08149	1.08139	1.07587	0.00	5083.51
1003	2020.04.06 18:24	s/l	417	0.90	1.08139	1.08139	1.07587	9.00	5092.51
1004	2020.04.09 15:15	buy	418	0.52	1.08670	1.08475	1.09158	0.00	5092.51
1005	2020.04.09 15:53	modify	418	0.52	1.08670	1.08680	1.09158	0.00	5092.51
1006	2020.04.09 16:13	t/p	418	0.52	1.09158	1.08680	1.09158	253.76	5346.27
1007	2020.04.13 09:30	buy	419	1.22	1.09488	1.09314	1.09923	0.00	5346.27
1008	2020.04.13 11:20	s/l	419	1.22	1.09314	1.09314	1.09923	-212.28	5133.99
1009	2020.04.13 15:00	buy	420	0.44	1.09303	1.09072	1.09881	0.00	5133.99
1010	2020.04.13 16:29	s/l	420	0.44	1.09072	1.09072	1.09881	-101.64	5032.35
1011	2020.04.20 08:45	sell	421	0.49	1.08528	1.08731	1.08021	0.00	5032.35
1012	2020.04.20 11:46	s/l	421	0.49	1.08731	1.08731	1.08021	-99.47	4932.88
1013	2020.04.20 11:46	buy	422	0.62	1.08731	1.08574	1.09124	0.00	4932.88
1014	2020.04.20 14:08	s/l	422	0.62	1.08574	1.08574	1.09124	-97.34	4835.54
1015	2020.04.28 10:30	buy	423	0.41	1.08307	1.08076	1.08885	0.00	4835.54
1016	2020.04.28 12:20	modify	423	0.41	1.08307	1.08317	1.08885	0.00	4835.54
1017	2020.04.28 17:59	s/l	423	0.41	1.08317	1.08317	1.08885	4.10	4839.64
1018	2020.04.29 16:00	buy	424	1.71	1.08573	1.08375	1.09068	0.00	4839.64
1019	2020.04.30 10:05	modify	424	1.71	1.08573	1.08583	1.09068	0.00	4839.64
1020	2020.04.30 16:08	s/l	424	1.71	1.08583	1.08583	1.09068	-25.70	4813.93
1021	2020.05.07 11:00	sell	425	0.24	1.07988	1.08182	1.07503	0.00	4813.93
1022	2020.05.07 17:03	modify	425	0.24	1.07988	1.07978	1.07503	0.00	4813.93
1023	2020.05.07 18:45	s/l	425	0.24	1.07978	1.07978	1.07503	2.40	4816.33
1024	2020.05.12 10:45	sell	426	1.61	1.08086	1.08295	1.07564	0.00	4816.33
1025	2020.05.12 13:25	s/l	426	1.61	1.08295	1.08295	1.07564	-336.49	4479.84
1026	2020.05.27 11:00	buy	427	0.58	1.09651	1.09499	1.10031	0.00	4479.84
1027	2020.05.27 12:03	s/l	427	0.58	1.09499	1.09499	1.10031	-88.16	4391.68
1028	2020.06.08 10:00	buy	428	0.57	1.12944	1.12791	1.13327	0.00	4391.68
1029	2020.06.08 13:35	s/l	428	0.57	1.12791	1.12791	1.13327	-87.21	4304.47
1030	2020.06.09 09:45	sell	429	0.37	1.12753	1.12980	1.12186	0.00	4304.47
1031	2020.06.09 11:19	modify	429	0.37	1.12753	1.12743	1.12186	0.00	4304.47
1032	2020.06.09 13:09	s/l	429	0.37	1.12743	1.12743	1.12186	3.70	4308.17
1033	2020.06.24 14:00	buy	430	1.88	1.13069	1.12909	1.13469	0.00	4308.17
1034	2020.06.24 14:43	s/l	430	1.88	1.12909	1.12909	1.13469	-300.80	4007.37
1035	2020.07.08 09:15	sell	431	0.44	1.12656	1.12836	1.12206	0.00	4007.37
1036	2020.07.08 10:06	s/l	431	0.44	1.12836	1.12836	1.12206	-79.20	3928.17
1037	2020.07.08 14:45	buy	432	0.51	1.12893	1.12740	1.13276	0.00	3928.17
1038	2020.07.08 16:32	modify	432	0.51	1.12893	1.12903	1.13276	0.00	3928.17
1039	2020.07.08 16:39	t/p	432	0.51	1.13276	1.12903	1.13276	195.33	4123.50
1040	2020.07.14 11:45	buy	433	1.39	1.13492	1.13285	1.14010	0.00	4123.50
1041	2020.07.14 14:36	modify	433	1.39	1.13492	1.13502	1.14010	0.00	4123.50
1042	2020.07.14 17:29	t/p	433	1.39	1.14010	1.13502	1.14010	720.02	4843.52
1043	2020.07.16 15:00	buy	434	0.51	1.14133	1.13944	1.14606	0.00	4843.52
1044	2020.07.16 17:40	modify	434	0.51	1.14133	1.14143	1.14606	0.00	4843.52
1045	2020.07.16 19:39	s/l	434	0.51	1.14143	1.14143	1.14606	5.10	4848.62
1046	2020.07.21 10:15	buy	435	0.79	1.14589	1.14345	1.15199	0.00	4848.62
1047	2020.07.21 10:46	s/l	435	0.79	1.14345	1.14345	1.15199	-192.76	4655.86
1048	2020.07.29 09:15	buy	436	0.55	1.17407	1.17240	1.17825	0.00	4655.86
1049	2020.07.29 10:43	modify	436	0.55	1.17407	1.17417	1.17825	0.00	4655.86
1050	2020.07.29 14:01	s/l	436	0.55	1.17417	1.17417	1.17825	5.50	4661.36
1051	2020.08.17 14:45	buy	437	1.69	1.18510	1.18318	1.18990	0.00	4661.36
1052	2020.08.17 16:51	modify	437	1.69	1.18510	1.18520	1.18990	0.00	4661.36
1053	2020.08.18 09:33	t/p	437	1.69	1.18990	1.18520	1.18990	797.10	5458.46
1054	2020.08.27 10:45	buy	438	0.63	1.18316	1.18144	1.18746	0.00	5458.46
1055	2020.08.27 13:34	s/l	438	0.63	1.18144	1.18144	1.18746	-108.36	5350.10
1056	2020.09.02 09:30	sell	439	0.56	1.18965	1.19153	1.18495	0.00	5350.10
1057	2020.09.02 10:32	modify	439	0.56	1.18965	1.18955	1.18495	0.00	5350.10
1058	2020.09.02 14:31	t/p	439	0.56	1.18495	1.18955	1.18495	263.20	5613.30
1059	2020.09.09 11:45	sell	440	1.84	1.17679	1.17892	1.17147	0.00	5613.30
1060	2020.09.09 15:49	s/l	440	1.84	1.17892	1.17892	1.17147	-391.92	5221.38
1061	2020.09.10 11:30	buy	441	0.28	1.18319	1.18138	1.18772	0.00	5221.38
1062	2020.09.10 15:31	modify	441	0.28	1.18319	1.18329	1.18772	0.00	5221.38
1063	2020.09.10 15:31	t/p	441	0.28	1.18772	1.18329	1.18772	126.84	5348.22
1064	2020.09.30 15:30	buy	442	1.98	1.17154	1.16965	1.17627	0.00	5348.22
1065	2020.09.30 16:38	s/l	442	1.98	1.16965	1.16965	1.17627	-374.22	4974.00
1066	2020.10.12 10:45	buy	443	0.54	1.18219	1.18036	1.18677	0.00	4974.00
1067	2020.10.12 12:24	s/l	443	0.54	1.18036	1.18036	1.18677	-98.82	4875.18
1068	2020.10.13 16:15	sell	444	0.53	1.17823	1.18006	1.17366	0.00	4875.18
1069	2020.10.13 16:39	modify	444	0.53	1.17823	1.17813	1.17366	0.00	4875.18
1070	2020.10.13 18:47	t/p	444	0.53	1.17366	1.17813	1.17366	242.21	5117.39
1071	2020.11.10 10:00	sell	445	1.70	1.18168	1.18378	1.17643	0.00	5117.39
1072	2020.11.10 10:28	s/l	445	1.70	1.18378	1.18378	1.17643	-357.00	4760.39
1073	2020.11.11 09:45	sell	446	0.60	1.18144	1.18301	1.17752	0.00	4760.39
1074	2020.11.11 10:20	modify	446	0.60	1.18144	1.18134	1.17752	0.00	4760.39
1075	2020.11.11 12:55	t/p	446	0.60	1.17752	1.18134	1.17752	235.20	4995.59
1076	2020.11.12 16:00	buy	447	0.82	1.18095	1.17883	1.18625	0.00	4995.59
1077	2020.11.12 16:29	s/l	447	0.82	1.17883	1.17883	1.18625	-173.84	4821.75
1078	2020.11.19 10:30	sell	448	0.27	1.18360	1.18534	1.17925	0.00	4821.75
1079	2020.11.19 20:55	s/l	448	0.27	1.18534	1.18534	1.17925	-46.98	4774.77
1080	2020.11.25 15:00	buy	449	0.59	1.18959	1.18799	1.19359	0.00	4774.77
1081	2020.11.25 17:39	modify	449	0.59	1.18959	1.18969	1.19359	0.00	4774.77
1082	2020.11.26 08:23	t/p	449	0.59	1.19359	1.18969	1.19359	221.23	4996.00
1083	2020.12.01 15:30	buy	450	1.73	1.19823	1.19622	1.20326	0.00	4996.00
1084	2020.12.01 17:17	modify	450	1.73	1.19823	1.19833	1.20326	0.00	4996.00
1085	2020.12.01 17:49	t/p	450	1.73	1.20326	1.19833	1.20326	870.19	5866.19
1086	2020.12.15 16:30	buy	451	1.22	1.21529	1.21338	1.22007	0.00	5866.19
1087	2020.12.16 10:30	modify	451	1.22	1.21529	1.21539	1.22007	0.00	5866.19
1088	2020.12.16 10:34	t/p	451	1.22	1.22007	1.21539	1.22007	572.98	6439.17
1089	2020.12.22 10:00	sell	452	1.70	1.22167	1.22318	1.21790	0.00	6439.17
1090	2020.12.22 12:52	s/l	452	1.70	1.22318	1.22318	1.21790	-256.70	6182.47
1091	2020.12.23 10:15	sell	453	0.64	1.21838	1.22029	1.21361	0.00	6182.47
1092	2020.12.23 16:30	s/l	453	0.64	1.22029	1.22029	1.21361	-122.24	6060.23
1093	2020.12.28 15:15	buy	454	0.65	1.22187	1.22001	1.22652	0.00	6060.23
1094	2020.12.29 09:12	modify	454	0.65	1.22187	1.22197	1.22652	0.00	6060.23
1095	2020.12.29 16:48	t/p	454	0.65	1.22652	1.22197	1.22652	296.83	6357.06
1096	2020.12.31 11:00	buy	455	1.36	1.23012	1.22849	1.23420	0.00	6357.06
1097	2020.12.31 11:15	s/l	455	1.36	1.22849	1.22849	1.23420	-221.68	6135.38
1098	2021.01.05 10:15	buy	456	0.73	1.22697	1.22531	1.23112	0.00	6135.38
1099	2021.01.05 18:45	modify	456	0.73	1.22697	1.22707	1.23112	0.00	6135.38
1100	2021.01.06 02:50	t/p	456	0.73	1.23112	1.22707	1.23112	296.86	6432.24
1101	2021.01.21 11:30	buy	457	1.02	1.21412	1.21193	1.21960	0.00	6432.24
1102	2021.01.22 02:14	modify	457	1.02	1.21412	1.21422	1.21960	0.00	6432.24
1103	2021.01.25 12:00	s/l	457	1.02	1.21422	1.21422	1.21960	-6.82	6425.42
1104	2021.01.28 15:15	sell	458	0.28	1.20907	1.21129	1.20352	0.00	6425.42
1105	2021.01.28 15:50	s/l	458	0.28	1.21129	1.21129	1.20352	-62.16	6363.26
1106	2021.02.02 11:45	sell	459	0.62	1.20683	1.20886	1.20176	0.00	6363.26
1107	2021.02.02 12:16	modify	459	0.62	1.20683	1.20673	1.20176	0.00	6363.26
1108	2021.02.02 19:01	t/p	459	0.62	1.20176	1.20673	1.20176	314.34	6677.60
1109	2021.02.08 09:45	buy	460	2.93	1.20459	1.20300	1.20857	0.00	6677.60
1110	2021.02.08 10:29	s/l	460	2.93	1.20300	1.20300	1.20857	-465.87	6211.73
1111	2021.02.08 15:45	buy	461	0.67	1.20367	1.20182	1.20830	0.00	6211.73
1112	2021.02.08 17:05	modify	461	0.67	1.20367	1.20377	1.20830	0.00	6211.73
1113	2021.02.08 18:21	s/l	461	0.67	1.20377	1.20377	1.20830	6.70	6218.43
1114	2021.02.22 10:15	buy	462	2.63	1.21199	1.21034	1.21612	0.00	6218.43
1115	2021.02.22 10:27	s/l	462	2.63	1.21034	1.21034	1.21612	-433.95	5784.48
1116	2021.04.15 16:30	buy	463	0.33	1.19716	1.19541	1.20154	0.00	5784.48
1117	2021.04.16 04:04	s/l	463	0.33	1.19541	1.19541	1.20154	-60.50	5723.97
1118	2021.04.21 16:15	sell	464	0.75	1.20019	1.20171	1.19639	0.00	5723.97
1119	2021.04.21 17:26	s/l	464	0.75	1.20171	1.20171	1.19639	-114.00	5609.97
1120	2021.05.13 11:30	sell	465	0.30	1.20814	1.20997	1.20357	0.00	5609.97
1121	2021.05.13 11:50	modify	465	0.30	1.20814	1.20804	1.20357	0.00	5609.97
1122	2021.05.13 14:23	s/l	465	0.30	1.20804	1.20804	1.20357	3.00	5612.97
1123	2021.05.27 09:30	sell	466	1.11	1.21872	1.22048	1.21432	0.00	5612.97
1124	2021.05.27 10:17	s/l	466	1.11	1.22048	1.22048	1.21432	-195.36	5417.61
1125	2021.05.27 16:00	sell	467	0.30	1.21861	1.22041	1.21411	0.00	5417.61
1126	2021.05.27 17:17	s/l	467	0.30	1.22041	1.22041	1.21411	-54.00	5363.61
1127	2021.05.31 15:00	buy	468	0.69	1.21993	1.21839	1.22378	0.00	5363.61
1128	2021.05.31 17:55	modify	468	0.69	1.21993	1.22003	1.22378	0.00	5363.61
1129	2021.06.01 10:30	t/p	468	0.69	1.22378	1.22003	1.22378	259.89	5623.51
1130	2021.06.23 10:45	buy	469	1.59	1.19343	1.19096	1.19961	0.00	5623.51
1131	2021.06.25 16:56	modify	469	1.59	1.19343	1.19353	1.19961	0.00	5623.51
1132	2021.06.25 19:29	s/l	469	1.59	1.19353	1.19353	1.19961	-37.17	5586.34
1133	2021.07.05 09:45	buy	470	0.70	1.18658	1.18499	1.19056	0.00	5586.34
1134	2021.07.06 09:04	modify	470	0.70	1.18658	1.18668	1.19056	0.00	5586.34
1135	2021.07.06 11:07	s/l	470	0.70	1.18668	1.18668	1.19056	1.16	5587.50
1136	2021.07.07 16:00	sell	471	1.75	1.18159	1.18382	1.17602	0.00	5587.50
1137	2021.07.07 17:32	modify	471	1.75	1.18159	1.18149	1.17602	0.00	5587.50
1138	2021.07.07 21:02	s/l	471	1.75	1.18149	1.18149	1.17602	17.50	5605.00
1139	2021.07.20 15:15	sell	472	1.12	1.17749	1.17948	1.17252	0.00	5605.00
1140	2021.07.21 17:40	s/l	472	1.12	1.17948	1.17948	1.17252	-220.04	5384.96
1141	2021.08.05 15:30	sell	473	0.30	1.18418	1.18592	1.17983	0.00	5384.96
1142	2021.08.06 11:23	modify	473	0.30	1.18418	1.18408	1.17983	0.00	5384.96
1143	2021.08.06 15:30	t/p	473	0.30	1.17983	1.18408	1.17983	131.26	5516.22
1144	2021.08.25 16:15	buy	474	2.00	1.17433	1.17240	1.17916	0.00	5516.22
1145	2021.08.25 21:13	modify	474	2.00	1.17433	1.17443	1.17916	0.00	5516.22
1146	2021.08.27 03:35	s/l	474	2.00	1.17443	1.17443	1.17916	-46.75	5469.47
1147	2021.09.01 15:30	buy	475	0.72	1.18263	1.18112	1.18641	0.00	5469.47
1148	2021.09.01 17:45	modify	475	0.72	1.18263	1.18273	1.18641	0.00	5469.47
1149	2021.09.02 17:38	t/p	475	0.72	1.18641	1.18273	1.18641	254.14	5723.61
1150	2021.09.23 15:45	buy	476	1.08	1.17305	1.17121	1.17765	0.00	5723.61
1151	2021.09.24 15:32	s/l	476	1.08	1.17121	1.17121	1.17765	-207.73	5515.87
1152	2021.09.27 14:30	sell	477	0.71	1.16971	1.17125	1.16586	0.00	5515.87
1153	2021.09.28 10:10	modify	477	0.71	1.16971	1.16961	1.16586	0.00	5515.87
1154	2021.09.28 17:15	s/l	477	0.71	1.16961	1.16961	1.16586	8.90	5524.77
1155	2021.10.05 16:15	sell	478	2.30	1.15887	1.16055	1.15467	0.00	5524.77
1156	2021.10.05 18:13	s/l	478	2.30	1.16055	1.16055	1.15467	-386.40	5138.37
1157	2021.10.25 10:45	buy	479	0.43	1.16630	1.16392	1.17225	0.00	5138.37
1158	2021.10.25 12:18	s/l	479	0.43	1.16392	1.16392	1.17225	-102.34	5036.03
1159	2021.11.04 16:00	sell	480	0.25	1.15534	1.15731	1.15042	0.00	5036.03
1160	2021.11.05 14:30	modify	480	0.25	1.15534	1.15524	1.15042	0.00	5036.03
1161	2021.11.05 17:39	s/l	480	0.25	1.15524	1.15524	1.15042	3.13	5039.17
1162	2021.11.08 10:45	buy	481	1.69	1.15691	1.15483	1.16211	0.00	5039.17
1163	2021.11.09 07:05	modify	481	1.69	1.15691	1.15701	1.16211	0.00	5039.17
1164	2021.11.09 15:01	s/l	481	1.69	1.15701	1.15701	1.16211	2.80	5041.97
1165	2021.11.15 15:00	sell	482	1.28	1.14409	1.14566	1.14017	0.00	5041.97
1166	2021.11.15 18:02	modify	482	1.28	1.14409	1.14399	1.14017	0.00	5041.97
1167	2021.11.15 19:24	t/p	482	1.28	1.14017	1.14399	1.14017	501.76	5543.73
1168	2021.11.18 16:30	buy	483	0.67	1.13411	1.13247	1.13821	0.00	5543.73
1169	2021.11.18 19:04	modify	483	0.67	1.13411	1.13421	1.13821	0.00	5543.73
1170	2021.11.19 10:01	s/l	483	0.67	1.13421	1.13421	1.13821	1.11	5544.84
1171	2021.12.01 15:30	buy	484	1.12	1.13284	1.13087	1.13777	0.00	5544.84
1172	2021.12.02 09:56	s/l	484	1.12	1.13087	1.13087	1.13777	-248.68	5296.16
1173	2021.12.02 10:45	buy	485	0.32	1.13242	1.13080	1.13647	0.00	5296.16
1174	2021.12.02 18:20	s/l	485	0.32	1.13080	1.13080	1.13647	-51.84	5244.32
1175	2021.12.27 14:15	sell	486	0.65	1.13070	1.13231	1.12668	0.00	5244.32
1176	2021.12.27 16:38	s/l	486	0.65	1.13231	1.13231	1.12668	-104.65	5139.67
1177	2021.12.27 16:38	buy	487	0.63	1.13232	1.13070	1.13637	0.00	5139.67
1178	2021.12.28 16:41	s/l	487	0.63	1.13070	1.13070	1.13637	-107.32	5032.35
1179	2022.01.03 15:30	buy	488	0.59	1.13631	1.13461	1.14056	0.00	5032.35
1180	2022.01.03 15:51	s/l	488	0.59	1.13461	1.13461	1.14056	-100.30	4932.05
1181	2022.01.03 15:51	sell	489	0.49	1.13461	1.13660	1.12964	0.00	4932.05
1182	2022.01.03 16:50	modify	489	0.49	1.13461	1.13451	1.12964	0.00	4932.05
1183	2022.01.03 17:27	t/p	489	0.49	1.12964	1.13451	1.12964	243.53	5175.58
1184	2022.01.05 15:15	buy	490	0.67	1.13182	1.13029	1.13565	0.00	5175.58
1185	2022.01.05 17:01	modify	490	0.67	1.13182	1.13192	1.13565	0.00	5175.58
1186	2022.01.05 21:09	s/l	490	0.67	1.13192	1.13192	1.13565	6.70	5182.28
1187	2022.01.06 16:45	buy	491	0.85	1.13256	1.13043	1.13789	0.00	5182.28
1188	2022.01.06 17:26	s/l	491	0.85	1.13043	1.13043	1.13789	-181.05	5001.23
1189	2022.01.20 16:30	sell	492	0.29	1.13429	1.13596	1.13012	0.00	5001.23
1190	2022.01.20 20:37	modify	492	0.29	1.13429	1.13419	1.13012	0.00	5001.23
1191	2022.01.21 03:03	t/p	492	0.29	1.13012	1.13419	1.13012	121.67	5122.90
1192	2022.02.08 15:15	sell	493	1.94	1.14073	1.14257	1.13613	0.00	5122.90
1193	2022.02.09 04:02	s/l	493	1.94	1.14257	1.14257	1.13613	-352.04	4770.86
1194	2022.02.09 15:45	buy	494	0.55	1.14450	1.14278	1.14880	0.00	4770.86
1195	2022.02.09 16:24	s/l	494	0.55	1.14278	1.14278	1.14880	-94.60	4676.26
1196	2022.02.16 16:45	buy	495	0.49	1.13702	1.13512	1.14177	0.00	4676.26
1197	2022.02.17 05:55	s/l	495	0.49	1.13512	1.13512	1.14177	-105.37	4570.89
1198	2022.02.17 08:45	sell	496	0.21	1.13546	1.13760	1.13011	0.00	4570.89
1199	2022.02.17 10:00	s/l	496	0.21	1.13760	1.13760	1.13011	-44.94	4525.95
1200	2022.02.17 10:00	buy	497	0.21	1.13760	1.13551	1.14283	0.00	4525.95
1201	2022.02.17 10:28	s/l	497	0.21	1.13551	1.13551	1.14283	-43.89	4482.06
1202	2022.03.09 10:15	buy	498	0.43	1.09293	1.09089	1.09803	0.00	4482.06
1203	2022.03.09 11:27	modify	498	0.43	1.09293	1.09303	1.09803	0.00	4482.06
1204	2022.03.09 12:06	t/p	498	0.43	1.09803	1.09303	1.09803	219.30	4701.36
1205	2022.03.29 09:45	buy	499	1.50	1.10025	1.09807	1.10570	0.00	4701.36
1206	2022.03.29 11:53	s/l	499	1.50	1.09807	1.09807	1.10570	-327.00	4374.36
1207	2022.04.07 10:15	sell	500	0.25	1.09124	1.09298	1.08689	0.00	4374.36
1208	2022.04.07 11:11	modify	500	0.25	1.09124	1.09114	1.08689	0.00	4374.36
1209	2022.04.07 12:20	t/p	500	0.25	1.08689	1.09114	1.08689	108.75	4483.11
1210	2022.04.11 09:30	sell	501	1.91	1.08789	1.08953	1.08379	0.00	4483.11
1211	2022.04.11 10:26	s/l	501	1.91	1.08953	1.08953	1.08379	-313.24	4169.87
1212	2022.04.13 09:30	sell	502	0.42	1.08275	1.08469	1.07790	0.00	4169.87
1213	2022.04.13 14:32	s/l	502	0.42	1.08469	1.08469	1.07790	-81.48	4088.39
1214	2022.04.13 15:00	sell	503	0.44	1.08313	1.08497	1.07853	0.00	4088.39
1215	2022.04.13 18:02	s/l	503	0.44	1.08497	1.08497	1.07853	-80.96	4007.43
1216	2022.04.19 16:15	sell	504	0.52	1.07876	1.08028	1.07496	0.00	4007.43
1217	2022.04.19 16:43	s/l	504	0.52	1.08028	1.08028	1.07496	-79.04	3928.39
1218	2022.04.19 16:43	buy	505	0.41	1.08029	1.07840	1.08502	0.00	3928.39
1219	2022.04.19 18:02	s/l	505	0.41	1.07840	1.07840	1.08502	-77.49	3850.90
1220	2022.04.20 11:30	buy	506	0.49	1.08193	1.08037	1.08583	0.00	3850.90
1221	2022.04.20 12:09	modify	506	0.49	1.08193	1.08203	1.08583	0.00	3850.90
1222	2022.04.20 12:38	t/p	506	0.49	1.08583	1.08203	1.08583	191.10	4042.00
1223	2022.04.21 08:15	buy	507	0.79	1.08450	1.08272	1.08895	0.00	4042.00
1224	2022.04.21 09:30	modify	507	0.79	1.08450	1.08460	1.08895	0.00	4042.00
1225	2022.04.21 09:41	t/p	507	0.79	1.08895	1.08460	1.08895	351.55	4393.55
1226	2022.05.03 08:00	sell	508	0.71	1.05017	1.05263	1.04402	0.00	4393.55
1227	2022.05.03 10:36	s/l	508	0.71	1.05263	1.05263	1.04402	-174.66	4218.89
1228	2022.05.04 15:30	buy	509	0.42	1.05412	1.05213	1.05910	0.00	4218.89
1229	2022.05.04 21:01	modify	509	0.42	1.05412	1.05422	1.05910	0.00	4218.89
1230	2022.05.04 21:10	s/l	509	0.42	1.05422	1.05422	1.05910	4.20	4223.09
1231	2022.05.18 15:15	buy	510	1.53	1.05222	1.05029	1.05705	0.00	4223.09
1232	2022.05.18 17:31	s/l	510	1.53	1.05029	1.05029	1.05705	-295.29	3927.80
1233	2022.05.26 10:45	buy	511	0.19	1.06934	1.06734	1.07434	0.00	3927.80
1234	2022.05.26 18:13	modify	511	0.19	1.06934	1.06944	1.07434	0.00	3927.80
1235	2022.05.27 04:33	t/p	511	0.19	1.07434	1.06944	1.07434	93.41	4021.22
1236	2022.06.01 16:45	sell	512	1.42	1.07130	1.07328	1.06635	0.00	4021.22
1237	2022.06.01 17:04	modify	512	1.42	1.07130	1.07120	1.06635	0.00	4021.22
1238	2022.06.01 17:18	t/p	512	1.42	1.06635	1.07120	1.06635	702.90	4724.12
1239	2022.06.08 11:45	sell	513	0.94	1.06769	1.06970	1.06267	0.00	4724.12
1240	2022.06.08 12:30	s/l	513	0.94	1.06970	1.06970	1.06267	-188.94	4535.18
1241	2022.06.21 09:45	buy	514	0.59	1.05279	1.05126	1.05662	0.00	4535.18
1242	2022.06.21 10:16	modify	514	0.59	1.05279	1.05289	1.05662	0.00	4535.18
1243	2022.06.21 11:19	t/p	514	0.59	1.05662	1.05289	1.05662	225.97	4761.15
1244	2022.06.22 16:00	buy	515	1.85	1.05310	1.05130	1.05760	0.00	4761.15
1245	2022.06.22 16:41	modify	515	1.85	1.05310	1.05320	1.05760	0.00	4761.15
1246	2022.06.22 17:37	t/p	515	1.85	1.05760	1.05320	1.05760	832.50	5593.65
1247	2022.06.27 10:00	buy	516	1.38	1.05686	1.05524	1.06091	0.00	5593.65
1248	2022.06.27 17:48	modify	516	1.38	1.05686	1.05696	1.06091	0.00	5593.65
1249	2022.06.27 18:15	t/p	516	1.38	1.06091	1.05696	1.06091	558.90	6152.55
1250	2022.06.28 11:30	buy	517	1.59	1.05880	1.05726	1.06265	0.00	6152.55
1251	2022.06.28 14:52	s/l	517	1.59	1.05726	1.05726	1.06265	-244.86	5907.69
1252	2022.07.13 10:00	sell	518	0.77	1.00335	1.00488	0.99953	0.00	5907.69
1253	2022.07.13 10:00	s/l	518	0.77	1.00488	1.00488	0.99953	-117.81	5789.88
1254	2022.07.19 08:15	buy	519	0.60	1.01413	1.01223	1.01888	0.00	5789.88
1255	2022.07.19 10:00	modify	519	0.60	1.01413	1.01423	1.01888	0.00	5789.88
1256	2022.07.19 10:29	t/p	519	0.60	1.01888	1.01423	1.01888	285.00	6074.88
1257	2022.08.01 09:45	buy	520	2.74	1.02270	1.02115	1.02658	0.00	6074.88
1258	2022.08.01 11:33	modify	520	2.74	1.02270	1.02280	1.02658	0.00	6074.88
1259	2022.08.01 11:41	t/p	520	2.74	1.02658	1.02280	1.02658	1063.12	7138.00
1260	2022.08.03 16:15	sell	521	1.44	1.01762	1.01959	1.01270	0.00	7138.00
1261	2022.08.03 17:01	modify	521	1.44	1.01762	1.01752	1.01270	0.00	7138.00
1262	2022.08.03 17:35	t/p	521	1.44	1.01270	1.01752	1.01270	708.48	7846.48
1263	2022.08.08 14:15	buy	522	1.48	1.01999	1.01788	1.02527	0.00	7846.48
1264	2022.08.09 11:30	modify	522	1.48	1.01999	1.02009	1.02527	0.00	7846.48
1265	2022.08.10 14:53	t/p	522	1.48	1.02527	1.02009	1.02527	756.74	8603.22
1266	2022.08.11 09:15	buy	523	1.10	1.02897	1.02741	1.03287	0.00	8603.22
1267	2022.08.11 09:58	modify	523	1.10	1.02897	1.02907	1.03287	0.00	8603.22
1268	2022.08.11 10:33	t/p	523	1.10	1.03287	1.02907	1.03287	429.00	9032.22
1269	2022.08.17 09:15	sell	524	2.34	1.01733	1.01887	1.01348	0.00	9032.22
1270	2022.08.17 10:20	modify	524	2.34	1.01733	1.01723	1.01348	0.00	9032.22
1271	2022.08.17 11:27	s/l	524	2.34	1.01723	1.01723	1.01348	23.40	9055.62
1272	2022.08.17 14:30	sell	525	1.83	1.01597	1.01794	1.01105	0.00	9055.62
1273	2022.08.17 17:04	s/l	525	1.83	1.01794	1.01794	1.01105	-360.51	8695.11
1274	2022.08.18 09:00	sell	526	0.53	1.01644	1.01806	1.01239	0.00	8695.11
1275	2022.08.18 13:09	s/l	526	0.53	1.01806	1.01806	1.01239	-85.86	8609.25
1276	2022.08.18 15:45	sell	527	0.36	1.01654	1.01889	1.01067	0.00	8609.25
1277	2022.08.18 16:45	modify	527	0.36	1.01654	1.01644	1.01067	0.00	8609.25
1278	2022.08.18 19:17	t/p	527	0.36	1.01067	1.01644	1.01067	211.32	8820.57
1279	2022.08.24 09:00	sell	528	3.33	0.99430	0.99615	0.98968	0.00	8820.57
1280	2022.08.24 15:45	modify	528	3.33	0.99430	0.99420	0.98968	0.00	8820.57
1281	2022.08.24 17:46	s/l	528	3.33	0.99420	0.99420	0.98968	33.30	8853.87
1282	2022.10.17 10:15	buy	529	1.96	0.97468	0.97288	0.97918	0.00	8853.87
1283	2022.10.17 11:32	s/l	529	1.96	0.97288	0.97288	0.97918	-352.80	8501.07
1284	2022.10.25 11:15	buy	530	0.76	0.98730	0.98507	0.99288	0.00	8501.07
1285	2022.10.25 14:05	s/l	530	0.76	0.98507	0.98507	0.99288	-169.48	8331.59
1286	2022.10.25 16:00	buy	531	0.80	0.98748	0.98542	0.99263	0.00	8331.59
1287	2022.10.25 16:16	modify	531	0.80	0.98748	0.98758	0.99263	0.00	8331.59
1288	2022.10.25 16:24	t/p	531	0.80	0.99263	0.98758	0.99263	412.00	8743.59
1289	2022.11.01 11:15	sell	532	2.70	0.99183	0.99409	0.98618	0.00	8743.59
1290	2022.11.01 12:26	s/l	532	2.70	0.99409	0.99409	0.98618	-610.20	8133.39
1291	2022.11.17 09:45	buy	533	0.43	1.03868	1.03681	1.04336	0.00	8133.39
1292	2022.11.17 11:34	s/l	533	0.43	1.03681	1.03681	1.04336	-80.41	8052.98
1293	2022.12.06 10:30	sell	534	0.71	1.04892	1.05116	1.04332	0.00	8052.98
1294	2022.12.06 13:20	s/l	534	0.71	1.05116	1.05116	1.04332	-159.04	7893.94
1295	2022.12.08 11:00	buy	535	0.48	1.05268	1.05104	1.05678	0.00	7893.94
1296	2022.12.08 11:20	s/l	535	0.48	1.05104	1.05104	1.05678	-78.72	7815.22
1297	2022.12.08 11:20	sell	536	0.41	1.05104	1.05294	1.04629	0.00	7815.22
1298	2022.12.08 15:36	s/l	536	0.41	1.05294	1.05294	1.04629	-77.90	7737.32
1299	2022.12.13 08:00	buy	537	0.87	1.05518	1.05342	1.05958	0.00	7737.32
1300	2022.12.13 10:49	s/l	537	0.87	1.05342	1.05342	1.05958	-153.12	7584.20
1301	2022.12.15 08:30	buy	538	0.49	1.06600	1.06447	1.06983	0.00	7584.20
1302	2022.12.15 09:44	s/l	538	0.49	1.06447	1.06447	1.06983	-74.97	7509.23
1303	2022.12.15 09:44	sell	539	0.41	1.06446	1.06629	1.05989	0.00	7509.23
1304	2022.12.15 11:00	modify	539	0.41	1.06446	1.06436	1.05989	0.00	7509.23
1305	2022.12.15 15:16	s/l	539	0.41	1.06436	1.06436	1.05989	4.10	7513.33
1306	2022.12.21 11:00	buy	540	0.75	1.06346	1.06147	1.06844	0.00	7513.33
1307	2022.12.21 11:37	s/l	540	0.75	1.06147	1.06147	1.06844	-149.25	7364.08
1308	2022.12.21 11:37	sell	541	0.61	1.06147	1.06387	1.05547	0.00	7364.08
1309	2022.12.21 15:09	s/l	541	0.61	1.06387	1.06387	1.05547	-146.40	7217.68
1310	2022.12.22 11:45	buy	542	0.48	1.06419	1.06269	1.06794	0.00	7217.68
1311	2022.12.22 13:00	s/l	542	0.48	1.06269	1.06269	1.06794	-72.00	7145.68
1312	2022.12.22 15:00	buy	543	0.31	1.06371	1.06147	1.06931	0.00	7145.68
1313	2022.12.22 15:34	s/l	543	0.31	1.06147	1.06147	1.06931	-69.44	7076.24
1314	2022.12.26 15:15	buy	544	0.89	1.06300	1.06141	1.06698	0.00	7076.24
1315	2022.12.27 04:01	modify	544	0.89	1.06300	1.06310	1.06698	0.00	7076.24
1316	2022.12.27 15:00	s/l	544	0.89	1.06310	1.06310	1.06698	1.47	7077.71
1317	2022.12.28 16:30	buy	545	2.21	1.06541	1.06317	1.07101	0.00	7077.71
1318	2022.12.28 17:36	s/l	545	2.21	1.06317	1.06317	1.07101	-495.04	6582.67
1319	2023.01.04 15:30	buy	546	0.62	1.06138	1.05929	1.06661	0.00	6582.67
1320	2023.01.04 17:04	s/l	546	0.62	1.05929	1.05929	1.06661	-129.58	6453.09
1321	2023.01.05 08:15	buy	547	0.32	1.06197	1.06001	1.06687	0.00	6453.09
1322	2023.01.05 09:44	s/l	547	0.32	1.06001	1.06001	1.06687	-62.72	6390.37
1323	2023.01.05 09:44	sell	548	0.40	1.06000	1.06157	1.05608	0.00	6390.37
1324	2023.01.05 10:02	s/l	548	0.40	1.06157	1.06157	1.05608	-62.80	6327.57
1325	2023.01.11 11:30	buy	549	0.54	1.07468	1.07235	1.08051	0.00	6327.57
1326	2023.01.12 15:28	modify	549	0.54	1.07468	1.07478	1.08051	0.00	6327.57
1327	2023.01.12 15:28	t/p	549	0.54	1.08051	1.07478	1.08051	301.30	6628.88
1328	2023.01.17 09:45	buy	550	2.90	1.08260	1.08100	1.08660	0.00	6628.88
1329	2023.01.17 12:28	s/l	550	2.90	1.08100	1.08100	1.08660	-464.00	6164.88
1330	2023.01.17 12:28	sell	551	0.64	1.08100	1.08291	1.07623	0.00	6164.88
1331	2023.01.17 13:56	s/l	551	0.64	1.08291	1.08291	1.07623	-122.24	6042.64
1332	2023.01.24 15:00	sell	552	0.64	1.08598	1.08784	1.08133	0.00	6042.64
1333	2023.01.24 15:26	s/l	552	0.64	1.08784	1.08784	1.08133	-119.04	5923.60
1334	2023.01.30 09:30	sell	553	0.78	1.08567	1.08718	1.08190	0.00	5923.60
1335	2023.01.30 10:00	s/l	553	0.78	1.08718	1.08718	1.08190	-117.78	5805.82
1336	2023.01.30 10:00	buy	554	0.56	1.08718	1.08511	1.09236	0.00	5805.82
1337	2023.01.30 11:49	modify	554	0.56	1.08718	1.08728	1.09236	0.00	5805.82
1338	2023.01.30 17:54	s/l	554	0.56	1.08728	1.08728	1.09236	5.60	5811.42
1339	2023.02.08 15:00	sell	555	0.66	1.07338	1.07513	1.06901	0.00	5811.42
1340	2023.02.09 10:23	s/l	555	0.66	1.07513	1.07513	1.06901	-110.48	5700.94
1341	2023.02.15 14:00	sell	556	0.75	1.07111	1.07263	1.06731	0.00	5700.94
1342	2023.02.15 15:30	modify	556	0.75	1.07111	1.07101	1.06731	0.00	5700.94
1343	2023.02.15 16:23	t/p	556	0.75	1.06731	1.07101	1.06731	285.00	5985.94
1344	2023.02.16 10:30	buy	557	1.12	1.07194	1.07007	1.07662	0.00	5985.94
1345	2023.02.16 10:54	s/l	557	1.12	1.07007	1.07007	1.07662	-209.44	5776.50
1346	2023.02.16 10:54	sell	558	0.24	1.07007	1.07245	1.06412	0.00	5776.50
1347	2023.02.16 16:28	modify	558	0.24	1.07007	1.06997	1.06412	0.00	5776.50
1348	2023.02.17 06:37	t/p	558	0.24	1.06412	1.06997	1.06412	143.41	5919.91
1349	2023.02.20 15:45	buy	559	0.69	1.06855	1.06684	1.07283	0.00	5919.91
1350	2023.02.21 03:13	s/l	559	0.69	1.06684	1.06684	1.07283	-123.75	5796.16
1351	2023.02.21 16:00	sell	560	0.61	1.06529	1.06716	1.06062	0.00	5796.16
1352	2023.02.21 16:35	s/l	560	0.61	1.06716	1.06716	1.06062	-114.07	5682.09
1353	2023.02.21 16:35	buy	561	0.51	1.06717	1.06497	1.07267	0.00	5682.09
1354	2023.02.21 16:45	s/l	561	0.51	1.06497	1.06497	1.07267	-112.20	5569.89
1355	2023.02.23 09:30	sell	562	0.32	1.06124	1.06296	1.05694	0.00	5569.89
1356	2023.02.23 13:22	modify	562	0.32	1.06124	1.06114	1.05694	0.00	5569.89
1357	2023.02.23 14:29	s/l	562	0.32	1.06114	1.06114	1.05694	3.20	5573.09
1358	2023.03.09 16:00	buy	563	0.81	1.05744	1.05506	1.06339	0.00	5573.09
1359	2023.03.10 15:30	modify	563	0.81	1.05744	1.05754	1.06339	0.00	5573.09
1360	2023.03.10 15:42	t/p	563	0.81	1.06339	1.05754	1.06339	475.19	6048.28
1361	2023.03.14 11:45	buy	564	1.38	1.07069	1.06894	1.07507	0.00	6048.28
1362	2023.03.14 14:30	modify	564	1.38	1.07069	1.07079	1.07507	0.00	6048.28
1363	2023.03.14 14:35	s/l	564	1.38	1.07079	1.07079	1.07507	13.80	6062.08
1364	2023.03.16 11:30	sell	565	0.59	1.06092	1.06296	1.05582	0.00	6062.08
1365	2023.03.16 14:43	modify	565	0.59	1.06092	1.06082	1.05582	0.00	6062.08
1366	2023.03.16 15:15	s/l	565	0.59	1.06082	1.06082	1.05582	5.90	6067.98
1367	2023.03.27 10:30	sell	566	1.09	1.07620	1.07842	1.07065	0.00	6067.98
1368	2023.03.27 16:24	s/l	566	1.09	1.07842	1.07842	1.07065	-241.98	5826.00
1369	2023.03.27 16:24	buy	567	0.64	1.07842	1.07660	1.08297	0.00	5826.00
1370	2023.03.28 03:38	modify	567	0.64	1.07842	1.07852	1.08297	0.00	5826.00
1371	2023.03.28 10:37	t/p	567	0.64	1.08297	1.07852	1.08297	285.86	6111.86
1372	2023.03.29 16:00	buy	568	0.72	1.08539	1.08370	1.08962	0.00	6111.86
1373	2023.03.29 16:23	s/l	568	0.72	1.08370	1.08370	1.08962	-121.68	5990.18
1374	2023.04.04 09:30	buy	569	0.63	1.08998	1.08810	1.09468	0.00	5990.18
1375	2023.04.04 10:52	modify	569	0.63	1.08998	1.09008	1.09468	0.00	5990.18
1376	2023.04.04 14:59	s/l	569	0.63	1.09008	1.09008	1.09468	6.30	5996.48
1377	2023.04.05 15:30	buy	570	2.52	1.09522	1.09356	1.09937	0.00	5996.48
1378	2023.04.05 17:10	s/l	570	2.52	1.09356	1.09356	1.09937	-418.32	5578.16
1379	2023.04.10 14:30	sell	571	0.62	1.08936	1.09114	1.08491	0.00	5578.16
1380	2023.04.10 15:09	modify	571	0.62	1.08936	1.08926	1.08491	0.00	5578.16
1381	2023.04.10 15:59	t/p	571	0.62	1.08491	1.08926	1.08491	275.90	5854.06
1382	2023.04.11 10:15	buy	572	2.49	1.08954	1.08790	1.09364	0.00	5854.06
1383	2023.04.11 12:32	modify	572	2.49	1.08954	1.08964	1.09364	0.00	5854.06
1384	2023.04.11 20:12	s/l	572	2.49	1.08964	1.08964	1.09364	24.90	5878.96
1385	2023.04.19 10:45	sell	573	1.43	1.09581	1.09745	1.09171	0.00	5878.96
1386	2023.04.19 12:32	modify	573	1.43	1.09581	1.09571	1.09171	0.00	5878.96
1387	2023.04.19 16:07	s/l	573	1.43	1.09571	1.09571	1.09171	14.30	5893.26
1388	2023.05.02 11:00	sell	574	1.03	1.09858	1.10086	1.09288	0.00	5893.26
1389	2023.05.02 12:58	modify	574	1.03	1.09858	1.09848	1.09288	0.00	5893.26
1390	2023.05.02 17:35	s/l	574	1.03	1.09848	1.09848	1.09288	10.30	5903.56
1391	2023.05.10 11:00	sell	575	1.18	1.09646	1.09845	1.09149	0.00	5903.56
1392	2023.05.10 15:31	s/l	575	1.18	1.09845	1.09845	1.09149	-234.82	5668.74
1393	2023.05.16 16:45	buy	576	0.70	1.08878	1.08717	1.09281	0.00	5668.74
1394	2023.05.16 17:04	s/l	576	0.70	1.08717	1.08717	1.09281	-112.70	5556.04
1395	2023.05.22 09:30	buy	577	0.69	1.08212	1.08053	1.08610	0.00	5556.04
1396	2023.05.22 10:13	s/l	577	0.69	1.08053	1.08053	1.08610	-109.71	5446.33
1397	2023.05.22 10:13	sell	578	0.52	1.08053	1.08262	1.07531	0.00	5446.33
1398	2023.05.22 13:26	s/l	578	0.52	1.08262	1.08262	1.07531	-108.68	5337.65
1399	2023.05.24 16:45	sell	579	0.55	1.07770	1.07961	1.07293	0.00	5337.65
1400	2023.05.25 00:03	modify	579	0.55	1.07770	1.07760	1.07293	0.00	5337.65
1401	2023.05.25 09:08	t/p	579	0.55	1.07293	1.07760	1.07293	266.53	5604.18
1402	2023.06.01 10:30	sell	580	1.20	1.06724	1.06887	1.06317	0.00	5604.18
1403	2023.06.01 12:03	s/l	580	1.20	1.06887	1.06887	1.06317	-195.60	5408.58
1404	2023.06.15 11:00	buy	581	0.26	1.08272	1.08065	1.08790	0.00	5408.58
1405	2023.06.15 15:30	modify	581	0.26	1.08272	1.08282	1.08790	0.00	5408.58
1406	2023.06.15 15:41	t/p	581	0.26	1.08790	1.08282	1.08790	134.68	5543.26
1407	2023.06.21 16:00	buy	582	2.04	1.09252	1.09062	1.09727	0.00	5543.26
1408	2023.06.21 17:35	modify	582	2.04	1.09252	1.09262	1.09727	0.00	5543.26
1409	2023.06.21 19:51	t/p	582	2.04	1.09727	1.09262	1.09727	969.00	6512.26
1410	2023.07.06 16:30	buy	583	0.55	1.08860	1.08626	1.09445	0.00	6512.26
1411	2023.07.06 17:06	s/l	583	0.55	1.08626	1.08626	1.09445	-128.70	6383.56
1412	2023.07.19 09:15	sell	584	0.65	1.12182	1.12377	1.11695	0.00	6383.56
1413	2023.07.19 12:18	s/l	584	0.65	1.12377	1.12377	1.11695	-126.75	6256.81
1414	2023.07.20 10:45	sell	585	0.29	1.12018	1.12230	1.11488	0.00	6256.81
1415	2023.07.20 17:09	modify	585	0.29	1.12018	1.12008	1.11488	0.00	6256.81
1416	2023.07.20 17:30	t/p	585	0.29	1.11488	1.12008	1.11488	153.70	6410.51
1417	2023.07.24 10:30	sell	586	1.80	1.11241	1.11490	1.10619	0.00	6410.51
1418	2023.07.24 10:32	modify	586	1.80	1.11241	1.11231	1.10619	0.00	6410.51
1419	2023.07.24 22:41	t/p	586	1.80	1.10619	1.11231	1.10619	1119.60	7530.11
1420	2023.07.27 10:15	buy	587	0.73	1.11082	1.10878	1.11592	0.00	7530.11
1421	2023.07.27 11:56	modify	587	0.73	1.11082	1.11092	1.11592	0.00	7530.11
1422	2023.07.27 15:17	s/l	587	0.73	1.11092	1.11092	1.11592	7.30	7537.41
1423	2023.08.02 09:15	sell	588	1.88	1.09833	1.09993	1.09433	0.00	7537.41
1424	2023.08.02 15:40	modify	588	1.88	1.09833	1.09823	1.09433	0.00	7537.41
1425	2023.08.02 17:09	t/p	588	1.88	1.09433	1.09823	1.09433	752.00	8289.41
1426	2023.08.03 15:30	sell	589	0.72	1.09279	1.09508	1.08707	0.00	8289.41
1427	2023.08.03 15:41	s/l	589	0.72	1.09508	1.09508	1.08707	-164.88	8124.53
1428	2023.08.29 10:30	buy	590	0.91	1.08241	1.08064	1.08684	0.00	8124.53
1429	2023.08.29 12:07	s/l	590	0.91	1.08064	1.08064	1.08684	-161.07	7963.46
1430	2023.09.12 16:00	sell	591	1.00	1.07073	1.07231	1.06678	0.00	7963.46
1431	2023.09.12 18:08	s/l	591	1.00	1.07231	1.07231	1.06678	-158.00	7805.46
1432	2023.09.20 16:15	buy	592	0.81	1.07094	1.06902	1.07574	0.00	7805.46
1433	2023.09.20 21:01	s/l	592	0.81	1.06902	1.06902	1.07574	-155.52	7649.94
1434	2023.09.25 15:00	sell	593	1.01	1.06305	1.06456	1.05928	0.00	7649.94
1435	2023.09.25 16:31	modify	593	1.01	1.06305	1.06295	1.05928	0.00	7649.94
1436	2023.09.25 17:07	t/p	593	1.01	1.05928	1.06295	1.05928	380.77	8030.71
1437	2023.10.10 11:15	buy	594	2.24	1.05824	1.05574	1.06449	0.00	8030.71
1438	2023.10.10 19:03	modify	594	2.24	1.05824	1.05834	1.06449	0.00	8030.71
1439	2023.10.11 15:30	s/l	594	2.24	1.05834	1.05834	1.06449	3.71	8034.42
1440	2023.11.02 10:45	buy	595	0.92	1.06065	1.05891	1.06500	0.00	8034.42
1441	2023.11.02 12:41	modify	595	0.92	1.06065	1.06075	1.06500	0.00	8034.42
1442	2023.11.02 14:14	t/p	595	0.92	1.06500	1.06075	1.06500	400.20	8434.62
1443	2023.11.21 16:15	buy	596	1.88	1.09548	1.09369	1.09996	0.00	8434.62
1444	2023.11.21 17:53	s/l	596	1.88	1.09369	1.09369	1.09996	-336.52	8098.10
1445	2023.11.22 10:30	sell	597	0.76	1.09005	1.09216	1.08478	0.00	8098.10
1446	2023.11.22 17:00	modify	597	0.76	1.09005	1.08995	1.08478	0.00	8098.10
1447	2023.11.23 04:12	s/l	597	0.76	1.08995	1.08995	1.08478	13.38	8111.49
1448	2023.11.28 15:30	buy	598	3.40	1.09600	1.09433	1.10018	0.00	8111.49
1449	2023.11.28 17:04	modify	598	3.40	1.09600	1.09610	1.10018	0.00	8111.49
1450	2023.11.28 17:43	t/p	598	3.40	1.10018	1.09610	1.10018	1421.20	9532.69
1451	2023.12.04 15:45	sell	599	2.33	1.08617	1.08780	1.08210	0.00	9532.69
1452	2023.12.04 16:12	modify	599	2.33	1.08617	1.08607	1.08210	0.00	9532.69
1453	2023.12.04 16:20	t/p	599	2.33	1.08210	1.08607	1.08210	948.31	10481.00
1454	2024.01.08 10:15	sell	600	2.29	1.09323	1.09506	1.08866	0.00	10481.00
1455	2024.01.08 13:21	s/l	600	2.29	1.09506	1.09506	1.08866	-419.07	10061.93
1456	2024.01.09 11:15	sell	601	1.30	1.09385	1.09539	1.09000	0.00	10061.93
1457	2024.01.09 18:03	modify	601	1.30	1.09385	1.09375	1.09000	0.00	10061.93
1458	2024.01.09 19:27	s/l	601	1.30	1.09375	1.09375	1.09000	13.00	10074.93
1459	2024.01.15 15:15	sell	602	4.60	1.09459	1.09612	1.09077	0.00	10074.93
1460	2024.01.16 02:55	modify	602	4.60	1.09459	1.09449	1.09077	0.00	10074.93
1461	2024.01.16 10:32	t/p	602	4.60	1.09077	1.09449	1.09077	1768.87	11843.79
1462	2024.01.18 11:30	buy	603	1.21	1.08942	1.08747	1.09430	0.00	11843.79
1463	2024.01.18 14:58	s/l	603	1.21	1.08747	1.08747	1.09430	-235.95	11607.84
1464	2024.01.24 11:15	buy	604	0.96	1.08847	1.08606	1.09450	0.00	11607.84
1465	2024.01.24 15:50	modify	604	0.96	1.08847	1.08857	1.09450	0.00	11607.84
1466	2024.01.24 21:19	s/l	604	0.96	1.08857	1.08857	1.09450	9.60	11617.44
1467	2024.02.29 16:15	buy	605	2.08	1.08463	1.08268	1.08951	0.00	11617.44
1468	2024.02.29 17:52	s/l	605	2.08	1.08268	1.08268	1.08951	-405.60	11211.84
1469	2024.04.17 16:15	buy	606	1.43	1.06450	1.06294	1.06840	0.00	11211.84
1470	2024.04.17 20:58	modify	606	1.43	1.06450	1.06460	1.06840	0.00	11211.84
1471	2024.04.18 09:04	t/p	606	1.43	1.06840	1.06460	1.06840	521.90	11733.75
1472	2024.05.29 16:15	sell	607	4.34	1.08387	1.08576	1.07915	0.00	11733.75
1473	2024.05.29 18:31	modify	607	4.34	1.08387	1.08377	1.07915	0.00	11733.75
1474	2024.05.30 08:23	t/p	607	4.34	1.07915	1.08377	1.07915	2081.50	13815.24
1475	2024.07.08 09:45	buy	608	3.45	1.08286	1.08126	1.08686	0.00	13815.24
1476	2024.07.09 14:39	s/l	608	3.45	1.08126	1.08126	1.08686	-580.79	13234.46
1477	2024.07.25 16:30	sell	609	0.80	1.08402	1.08567	1.07990	0.00	13234.46
1478	2024.07.25 17:50	s/l	609	0.80	1.08567	1.08567	1.07990	-132.00	13102.46
1479	2024.07.31 15:30	buy	610	1.50	1.08404	1.08230	1.08839	0.00	13102.46
1480	2024.07.31 17:47	s/l	610	1.50	1.08230	1.08230	1.08839	-261.00	12841.46
1481	2024.08.01 16:15	sell	611	0.60	1.07890	1.08102	1.07360	0.00	12841.46
1482	2024.08.01 17:00	s/l	611	0.60	1.08102	1.08102	1.07360	-127.20	12714.26
1483	2024.08.22 11:15	buy	612	0.62	1.11458	1.11253	1.11971	0.00	12714.26
1484	2024.08.22 16:45	s/l	612	0.62	1.11253	1.11253	1.11971	-127.10	12587.16
1485	2024.08.22 16:45	sell	613	0.60	1.11224	1.11433	1.10702	0.00	12587.16
1486	2024.08.23 17:04	s/l	613	0.60	1.11433	1.11433	1.10702	-123.88	12463.28
1487	2024.08.28 11:30	sell	614	1.44	1.11438	1.11610	1.11008	0.00	12463.28
1488	2024.08.28 14:57	modify	614	1.44	1.11438	1.11428	1.11008	0.00	12463.28
1489	2024.08.29 11:04	t/p	614	1.44	1.11008	1.11428	1.11008	630.16	13093.43
1490	2024.09.24 15:15	buy	615	5.29	1.11373	1.11200	1.11806	0.00	13093.43
1491	2024.09.24 17:28	modify	615	5.29	1.11373	1.11383	1.11806	0.00	13093.43
1492	2024.09.24 23:56	t/p	615	5.29	1.11806	1.11383	1.11806	2290.57	15384.00
1493	2024.09.26 16:15	sell	616	1.33	1.11409	1.11640	1.10832	0.00	15384.00
1494	2024.09.26 17:43	s/l	616	1.33	1.11640	1.11640	1.10832	-307.23	15076.77
1495	2024.10.24 16:15	buy	617	0.96	1.08021	1.07865	1.08411	0.00	15076.77
1496	2024.10.24 21:50	modify	617	0.96	1.08021	1.08031	1.08411	0.00	15076.77
1497	2024.10.25 19:50	s/l	617	0.96	1.08031	1.08031	1.08411	1.59	15078.36
1498	2024.10.30 15:45	buy	618	4.90	1.08308	1.08093	1.08846	0.00	15078.36
1499	2024.10.30 17:44	modify	618	4.90	1.08308	1.08318	1.08846	0.00	15078.36
1500	2024.10.31 14:41	t/p	618	4.90	1.08846	1.08318	1.08846	2513.54	17591.91
1501	2024.10.31 16:30	buy	619	1.59	1.08715	1.08495	1.09265	0.00	17591.91
1502	2024.10.31 17:51	s/l	619	1.59	1.08495	1.08495	1.09265	-349.80	17242.11
1503	2024.11.13 16:30	sell	620	1.66	1.06206	1.06413	1.05689	0.00	17242.11
1504	2024.11.13 16:52	modify	620	1.66	1.06206	1.06196	1.05689	0.00	17242.11
1505	2024.11.13 17:06	t/p	620	1.66	1.05689	1.06196	1.05689	858.22	18100.33
1506	2024.11.18 15:30	buy	621	7.07	1.05572	1.05393	1.06020	0.00	18100.33
1507	2024.11.18 18:58	modify	621	7.07	1.05572	1.05582	1.06020	0.00	18100.33
1508	2024.11.18 21:06	t/p	621	7.07	1.06020	1.05582	1.06020	3167.36	21267.69
1509	2024.11.21 16:15	sell	622	2.57	1.05245	1.05410	1.04833	0.00	21267.69
1510	2024.11.21 17:08	s/l	622	2.57	1.05410	1.05410	1.04833	-424.05	20843.64
1511	2024.11.26 10:00	sell	623	2.68	1.04719	1.04874	1.04332	0.00	20843.64
1512	2024.11.26 10:21	s/l	623	2.68	1.04874	1.04874	1.04332	-415.40	20428.24
1513	2024.11.28 16:45	buy	624	1.35	1.05445	1.05294	1.05823	0.00	20428.24
1514	2024.11.29 02:36	modify	624	1.35	1.05445	1.05455	1.05823	0.00	20428.24
1515	2024.11.29 09:00	t/p	624	1.35	1.05823	1.05455	1.05823	499.04	20927.27
1516	2024.12.02 09:15	sell	625	6.75	1.05174	1.05391	1.04632	0.00	20927.27
1517	2024.12.02 16:42	modify	625	6.75	1.05174	1.05164	1.04632	0.00	20927.27
1518	2024.12.02 17:02	t/p	625	6.75	1.04632	1.05164	1.04632	3658.50	24585.77
1519	2024.12.03 16:00	buy	626	6.42	1.05244	1.05091	1.05627	0.00	24585.77
1520	2024.12.03 17:00	s/l	626	6.42	1.05091	1.05091	1.05627	-982.26	23603.51
1521	2024.12.04 10:45	sell	627	2.51	1.04980	1.05168	1.04510	0.00	23603.51
1522	2024.12.04 17:00	s/l	627	2.51	1.05168	1.05168	1.04510	-471.88	23131.63
1523	2024.12.05 11:45	buy	628	1.53	1.05342	1.05191	1.05720	0.00	23131.63
1524	2024.12.05 15:30	modify	628	1.53	1.05342	1.05352	1.05720	0.00	23131.63
1525	2024.12.05 16:00	t/p	628	1.53	1.05720	1.05352	1.05720	578.34	23709.97
1526	2025.01.02 11:45	sell	629	5.06	1.03557	1.03721	1.03147	0.00	23709.97
1527	2025.01.02 12:48	modify	629	5.06	1.03557	1.03547	1.03147	0.00	23709.97
1528	2025.01.02 12:49	t/p	629	5.06	1.03147	1.03547	1.03147	2074.60	25784.57
1529	2025.01.14 16:30	buy	630	4.33	1.02652	1.02414	1.03247	0.00	25784.57
1530	2025.01.14 18:16	modify	630	4.33	1.02652	1.02662	1.03247	0.00	25784.57
1531	2025.01.15 15:30	t/p	630	4.33	1.03247	1.02662	1.03247	2540.22	28324.79
1532	2025.01.27 09:45	buy	631	6.15	1.04703	1.04519	1.05163	0.00	28324.79
1533	2025.01.27 12:05	modify	631	6.15	1.04703	1.04713	1.05163	0.00	28324.79
1534	2025.01.27 13:13	t/p	631	6.15	1.05163	1.04713	1.05163	2829.00	31153.79
1535	2025.01.30 11:15	sell	632	3.82	1.04097	1.04260	1.03690	0.00	31153.79
1536	2025.01.30 15:53	s/l	632	3.82	1.04260	1.04260	1.03690	-622.66	30531.13
1537	2025.02.04 15:15	buy	633	3.96	1.03361	1.03207	1.03746	0.00	30531.13
1538	2025.02.04 16:18	modify	633	3.96	1.03361	1.03371	1.03746	0.00	30531.13
1539	2025.02.04 17:00	t/p	633	3.96	1.03746	1.03371	1.03746	1524.60	32055.73
1540	2025.02.10 14:00	sell	634	14.38	1.03204	1.03360	1.02814	0.00	32055.73
1541	2025.02.11 04:34	modify	634	14.38	1.03204	1.03194	1.02814	0.00	32055.73
1542	2025.02.11 10:57	s/l	634	14.38	1.03194	1.03194	1.02814	180.27	32236.00
1543	2025.02.26 10:30	buy	635	6.54	1.05093	1.04896	1.05586	0.00	32236.00
1544	2025.02.26 13:50	s/l	635	6.54	1.04896	1.04896	1.05586	-1288.38	30947.62
1545	2025.03.12 16:45	buy	636	2.60	1.09028	1.08790	1.09623	0.00	30947.62
1546	2025.03.13 08:07	s/l	636	2.60	1.08790	1.08790	1.09623	-683.88	30263.74
1547	2025.03.13 09:45	sell	637	1.21	1.08621	1.08870	1.07999	0.00	30263.74
1548	2025.03.13 15:12	modify	637	1.21	1.08621	1.08611	1.07999	0.00	30263.74
1549	2025.03.13 16:03	s/l	637	1.21	1.08611	1.08611	1.07999	12.10	30275.84
1550	2025.03.17 15:00	buy	638	12.92	1.09018	1.08854	1.09428	0.00	30275.84
1551	2025.03.17 17:25	modify	638	12.92	1.09018	1.09028	1.09428	0.00	30275.84
1552	2025.03.18 10:11	t/p	638	12.92	1.09428	1.09028	1.09428	5189.40	35465.23
1553	2025.03.19 15:00	sell	639	8.29	1.09014	1.09185	1.08587	0.00	35465.23
1554	2025.03.19 17:58	modify	639	8.29	1.09014	1.09004	1.08587	0.00	35465.23
1555	2025.03.19 20:36	s/l	639	8.29	1.09004	1.09004	1.08587	82.90	35548.13
1556	2025.03.24 14:00	sell	640	7.48	1.08320	1.08510	1.07845	0.00	35548.13
1557	2025.03.24 15:51	modify	640	7.48	1.08320	1.08310	1.07845	0.00	35548.13
1558	2025.03.24 18:41	t/p	640	7.48	1.07845	1.08310	1.07845	3553.00	39101.13
1559	2025.03.25 16:15	sell	641	6.95	1.08051	1.08276	1.07489	0.00	39101.13
1560	2025.03.26 15:29	modify	641	6.95	1.08051	1.08041	1.07489	0.00	39101.13
1561	2025.03.26 21:17	t/p	641	6.95	1.07489	1.08041	1.07489	3923.53	43024.66
1562	2025.03.27 15:45	buy	642	4.03	1.07959	1.07746	1.08492	0.00	43024.66
1563	2025.03.28 11:03	s/l	642	4.03	1.07746	1.07746	1.08492	-892.02	42132.64
1564	2025.03.31 14:15	buy	643	4.68	1.08255	1.08075	1.08705	0.00	42132.64
1565	2025.03.31 15:42	s/l	643	4.68	1.08075	1.08075	1.08705	-842.40	41290.24
1566	2025.04.17 10:45	buy	644	2.15	1.13697	1.13505	1.14177	0.00	41290.24
1567	2025.04.17 15:16	s/l	644	2.15	1.13505	1.13505	1.14177	-412.80	40877.44
1568	2025.04.17 15:16	sell	645	1.95	1.13502	1.13711	1.12980	0.00	40877.44
1569	2025.04.17 16:05	s/l	645	1.95	1.13711	1.13711	1.12980	-407.55	40469.89
1570	2025.04.29 10:45	buy	646	3.96	1.14052	1.13848	1.14562	0.00	40469.89
1571	2025.04.29 11:13	s/l	646	3.96	1.13848	1.13848	1.14562	-807.84	39662.05
1572	2025.04.29 15:30	buy	647	4.26	1.13862	1.13676	1.14327	0.00	39662.05
1573	2025.04.29 16:18	modify	647	4.26	1.13862	1.13872	1.14327	0.00	39662.05
1574	2025.04.29 17:47	s/l	647	4.26	1.13872	1.13872	1.14327	42.60	39704.65
1575	2025.04.30 10:30	sell	648	13.11	1.13797	1.14009	1.13267	0.00	39704.65
1576	2025.04.30 18:21	modify	648	13.11	1.13797	1.13787	1.13267	0.00	39704.65
1577	2025.04.30 18:30	t/p	648	13.11	1.13267	1.13787	1.13267	6948.30	46652.95
1578	2025.05.01 15:00	sell	649	4.09	1.13197	1.13425	1.12627	0.00	46652.95
1579	2025.05.01 17:20	modify	649	4.09	1.13197	1.13187	1.12627	0.00	46652.95
1580	2025.05.02 09:10	s/l	649	4.09	1.13187	1.13187	1.12627	51.27	46704.22
1581	2025.05.14 09:30	buy	650	11.05	1.11946	1.11777	1.12369	0.00	46704.22
1582	2025.05.14 11:03	modify	650	11.05	1.11946	1.11956	1.12369	0.00	46704.22
1583	2025.05.14 11:07	t/p	650	11.05	1.12369	1.11956	1.12369	4674.15	51378.37
1584	2025.05.15 09:30	buy	651	4.17	1.12077	1.11831	1.12692	0.00	51378.37
1585	2025.05.15 14:34	s/l	651	4.17	1.11831	1.11831	1.12692	-1025.82	50352.55
1586	2025.05.22 15:45	sell	652	2.11	1.12926	1.13164	1.12331	0.00	50352.55
1587	2025.05.22 20:28	modify	652	2.11	1.12926	1.12916	1.12331	0.00	50352.55
1588	2025.05.23 03:24	s/l	652	2.11	1.12916	1.12916	1.12331	26.45	50379.01
1589	2025.05.27 09:15	buy	653	15.39	1.13874	1.13645	1.14447	0.00	50379.01
1590	2025.05.27 09:59	s/l	653	15.39	1.13645	1.13645	1.14447	-3524.31	46854.70
1591	2025.05.28 14:00	sell	654	5.57	1.13254	1.13422	1.12834	0.00	46854.70
1592	2025.05.28 16:11	modify	654	5.57	1.13254	1.13244	1.12834	0.00	46854.70
1593	2025.05.29 02:10	t/p	654	5.57	1.12834	1.13244	1.12834	2381.78	49236.47
1594	2025.06.05 10:15	buy	655	11.33	1.14189	1.14037	1.14569	0.00	49236.47
1595	2025.06.05 15:30	modify	655	11.33	1.14189	1.14199	1.14569	0.00	49236.47
1596	2025.06.05 15:50	s/l	655	11.33	1.14199	1.14199	1.14569	113.30	49349.77
1597	2025.06.10 10:00	sell	656	8.89	1.13940	1.14162	1.13385	0.00	49349.77
1598	2025.06.10 12:41	s/l	656	8.89	1.14162	1.14162	1.13385	-1973.58	47376.19
1599	2025.06.16 08:15	buy	657	5.88	1.15458	1.15297	1.15861	0.00	47376.19
1600	2025.06.16 09:51	modify	657	5.88	1.15458	1.15468	1.15861	0.00	47376.19
1601	2025.06.16 16:00	t/p	657	5.88	1.15861	1.15468	1.15861	2369.64	49745.83
1602	2025.06.18 11:30	sell	658	22.46	1.15033	1.15188	1.14646	0.00	49745.83
1603	2025.06.18 17:04	s/l	658	22.46	1.15188	1.15188	1.14646	-3481.30	46264.53
1604	2025.07.09 10:45	sell	659	4.60	1.17098	1.17299	1.16596	0.00	46264.53
1605	2025.07.10 02:39	s/l	659	4.60	1.17299	1.17299	1.16596	-889.60	45374.93
1606	2025.07.17 09:15	sell	660	2.37	1.16080	1.16271	1.15603	0.00	45374.93
1607	2025.07.17 09:30	modify	660	2.37	1.16080	1.16070	1.15603	0.00	45374.93
1608	2025.07.17 15:30	t/p	660	2.37	1.15603	1.16070	1.15603	1130.49	46505.42
1609	2025.07.22 16:45	buy	661	14.34	1.16990	1.16763	1.17558	0.00	46505.42
1610	2025.07.22 18:16	modify	661	14.34	1.16990	1.17000	1.17558	0.00	46505.42
1611	2025.07.22 19:07	t/p	661	14.34	1.17558	1.17000	1.17558	8145.12	54650.54
1612	2025.08.21 16:45	sell	662	6.07	1.16334	1.16514	1.15884	0.00	54650.54
1613	2025.08.21 17:45	modify	662	6.07	1.16334	1.16324	1.15884	0.00	54650.54
1614	2025.08.22 07:21	t/p	662	6.07	1.15884	1.16324	1.15884	2746.89	57397.43
1615	2025.08.26 09:15	sell	663	14.26	1.16297	1.16458	1.15895	0.00	57397.43
1616	2025.08.26 10:12	modify	663	14.26	1.16297	1.16287	1.15895	0.00	57397.43
1617	2025.08.26 12:12	s/l	663	14.26	1.16287	1.16287	1.15895	142.60	57540.03
1618	2025.09.03 15:45	sell	664	15.24	1.16452	1.16603	1.16075	0.00	57540.03
1619	2025.09.03 17:00	s/l	664	15.24	1.16603	1.16603	1.16075	-2301.24	55238.79
1620	2025.09.29 15:00	buy	665	4.95	1.17293	1.17070	1.17851	0.00	55238.79
1621	2025.10.01 08:00	modify	665	4.95	1.17293	1.17303	1.17851	0.00	55238.79
1622	2025.10.01 13:02	s/l	665	4.95	1.17303	1.17303	1.17851	-33.11	55205.69
1623	2025.10.01 15:15	sell	666	5.84	1.17234	1.17423	1.16762	0.00	55205.69
1624	2025.10.01 15:15	s/l	666	5.84	1.17423	1.17423	1.16762	-1103.76	54101.93
1625	2025.10.01 15:15	buy	667	5.15	1.17423	1.17213	1.17948	0.00	54101.93
1626	2025.10.01 18:20	s/l	667	5.15	1.17213	1.17213	1.17948	-1081.50	53020.43
1627	2025.10.02 10:15	buy	668	2.71	1.17516	1.17321	1.18004	0.00	53020.43
1628	2025.10.02 16:39	s/l	668	2.71	1.17321	1.17321	1.18004	-528.45	52491.98
1629	2025.10.02 16:39	sell	669	3.88	1.17321	1.17456	1.16984	0.00	52491.98
1630	2025.10.02 17:11	modify	669	3.88	1.17321	1.17311	1.16984	0.00	52491.98
1631	2025.10.02 18:15	t/p	669	3.88	1.16984	1.17311	1.16984	1307.56	53799.54
1632	2025.10.09 09:15	sell	670	3.10	1.16299	1.16472	1.15867	0.00	53799.54
1633	2025.10.09 11:35	modify	670	3.10	1.16299	1.16289	1.15867	0.00	53799.54
1634	2025.10.09 17:22	t/p	670	3.10	1.15867	1.16289	1.15867	1339.20	55138.74
1635	2025.10.14 09:30	sell	671	18.82	1.15710	1.15915	1.15198	0.00	55138.74
1636	2025.10.14 17:40	s/l	671	18.82	1.15915	1.15915	1.15198	-3858.10	51280.64
1637	2025.10.15 16:45	buy	672	5.42	1.16272	1.16083	1.16745	0.00	51280.64
1638	2025.10.16 03:27	modify	672	5.42	1.16272	1.16282	1.16745	0.00	51280.64
1639	2025.10.16 04:51	t/p	672	5.42	1.16745	1.16282	1.16745	2427.99	53708.62
1640	2025.10.27 10:45	buy	673	23.49	1.16315	1.16155	1.16715	0.00	53708.62
1641	2025.10.28 02:20	modify	673	23.49	1.16315	1.16325	1.16715	0.00	53708.62
1642	2025.10.28 15:07	s/l	673	23.49	1.16325	1.16325	1.16715	38.90	53747.52
1643	2025.10.28 16:30	buy	674	8.99	1.16557	1.16318	1.17155	0.00	53747.52
1644	2025.10.29 06:55	s/l	674	8.99	1.16318	1.16318	1.17155	-2223.62	51523.90
1645	2025.11.10 09:45	buy	675	5.39	1.15705	1.15514	1.16183	0.00	51523.90
1646	2025.11.10 17:41	s/l	675	5.39	1.15514	1.15514	1.16183	-1029.49	50494.41
1647	2025.11.19 15:45	sell	676	5.54	1.15749	1.15931	1.15294	0.00	50494.41
1648	2025.11.19 17:10	modify	676	5.54	1.15749	1.15739	1.15294	0.00	50494.41
1649	2025.11.19 19:26	t/p	676	5.54	1.15294	1.15739	1.15294	2520.70	53015.11
1650	2025.12.01 09:30	buy	677	19.53	1.16082	1.15892	1.16557	0.00	53015.11
1651	2025.12.01 14:37	modify	677	19.53	1.16082	1.16092	1.16557	0.00	53015.11
1652	2025.12.01 21:11	s/l	677	19.53	1.16092	1.16092	1.16557	195.30	53210.41
1653	2025.12.16 16:00	buy	678	10.18	1.17758	1.17549	1.18281	0.00	53210.41
1654	2025.12.16 20:07	s/l	678	10.18	1.17549	1.17549	1.18281	-2127.62	51082.79
1655	2025.12.24 11:00	buy	679	4.66	1.17995	1.17776	1.18543	0.00	51082.79
1656	2025.12.24 16:55	s/l	679	4.66	1.17776	1.17776	1.18543	-1020.54	50062.25
1657	2026.01.12 15:15	buy	680	5.95	1.16925	1.16757	1.17345	0.00	50062.25
1658	2026.01.12 16:29	s/l	680	5.95	1.16757	1.16757	1.17345	-999.60	49062.65
1659	2026.01.12 16:29	sell	681	3.95	1.16757	1.17005	1.16137	0.00	49062.65
1660	2026.01.13 18:14	modify	681	3.95	1.16757	1.16747	1.16137	0.00	49062.65
1661	2026.01.15 15:30	t/p	681	3.95	1.16137	1.16747	1.16137	2499.09	51561.74
1662	2026.01.19 09:15	buy	682	5.99	1.16400	1.16228	1.16830	0.00	51561.74
1663	2026.01.19 10:07	s/l	682	5.99	1.16228	1.16228	1.16830	-1030.28	50531.46
1664	2026.01.19 10:07	sell	683	5.26	1.16228	1.16420	1.15748	0.00	50531.46
1665	2026.01.19 16:49	s/l	683	5.26	1.16420	1.16420	1.15748	-1009.92	49521.54
1666	2026.01.29 15:00	buy	684	2.69	1.19613	1.19429	1.20073	0.00	49521.54
1667	2026.01.29 15:49	s/l	684	2.69	1.19429	1.19429	1.20073	-494.96	49026.58
1668	2026.02.04 16:15	sell	685	4.90	1.18076	1.18276	1.17576	0.00	49026.58
1669	2026.02.05 23:02	modify	685	4.90	1.18076	1.18066	1.17576	0.00	49026.58
1670	2026.02.06 15:49	s/l	685	4.90	1.18066	1.18066	1.17576	98.71	49125.28
1671	2026.02.18 16:00	sell	686	14.03	1.18236	1.18481	1.17624	0.00	49125.28
1672	2026.02.18 20:47	modify	686	14.03	1.18236	1.18226	1.17624	0.00	49125.28
1673	2026.02.19 15:04	t/p	686	14.03	1.17624	1.18226	1.17624	8693.10	57818.38
1674	2026.02.25 16:00	sell	687	12.30	1.17734	1.17922	1.17264	0.00	57818.38
1675	2026.02.25 17:07	s/l	687	12.30	1.17922	1.17922	1.17264	-2312.40	55505.98
1676	2026.03.17 09:15	buy	688	6.93	1.14885	1.14725	1.15285	0.00	55505.98
1677	2026.03.17 10:48	modify	688	6.93	1.14885	1.14895	1.15285	0.00	55505.98
1678	2026.03.17 15:00	t/p	688	6.93	1.15285	1.14895	1.15285	2772.00	58277.98
