1	2010.01.19 09:15	sell	1	1.01	1.43931	1.44128	1.43439	0.00	10000.00
2	2010.01.19 10:45	modify	1	1.01	1.43931	1.43921	1.43439	0.00	10000.00
3	2010.01.19 11:00	t/p	1	1.01	1.43439	1.43921	1.43439	496.92	10496.92
4	2010.02.15 14:00	sell	2	4.05	1.36095	1.36276	1.35643	0.00	10496.92
5	2010.02.15 16:47	modify	2	4.05	1.36095	1.36085	1.35643	0.00	10496.92
6	2010.02.15 17:39	s/l	2	4.05	1.36085	1.36085	1.35643	40.50	10537.42
7	2010.02.16 11:30	buy	3	1.80	1.36601	1.36368	1.37184	0.00	10537.42
8	2010.02.16 13:38	s/l	3	1.80	1.36368	1.36368	1.37184	-419.40	10118.02
9	2010.03.08 15:00	buy	4	1.12	1.36653	1.36473	1.37103	0.00	10118.02
10	2010.03.08 16:32	s/l	4	1.12	1.36473	1.36473	1.37103	-201.60	9916.42
11	2010.03.10 08:00	sell	5	0.92	1.35826	1.36040	1.35291	0.00	9916.42
12	2010.03.10 09:00	modify	5	0.92	1.35826	1.35816	1.35291	0.00	9916.42
13	2010.03.10 10:14	s/l	5	0.92	1.35816	1.35816	1.35291	9.20	9925.62
14	2010.03.10 15:00	buy	6	3.12	1.36154	1.35932	1.36709	0.00	9925.62
15	2010.03.10 16:52	modify	6	3.12	1.36154	1.36164	1.36709	0.00	9925.62
16	2010.03.10 17:03	t/p	6	3.12	1.36709	1.36164	1.36709	1731.60	11657.22
17	2010.03.11 09:30	buy	7	1.20	1.36425	1.36232	1.36908	0.00	11657.22
18	2010.03.11 14:30	modify	7	1.20	1.36425	1.36435	1.36908	0.00	11657.22
19	2010.03.11 14:44	s/l	7	1.20	1.36435	1.36435	1.36908	12.00	11669.22
20	2010.03.16 08:00	sell	8	2.62	1.36831	1.37009	1.36386	0.00	11669.22
21	2010.03.16 11:00	s/l	8	2.62	1.37009	1.37009	1.36386	-466.36	11202.86
22	2010.04.05 08:00	sell	9	1.15	1.34992	1.35186	1.34507	0.00	11202.86
23	2010.04.05 08:34	modify	9	1.15	1.34992	1.34982	1.34507	0.00	11202.86
24	2010.04.05 15:14	s/l	9	1.15	1.34982	1.34982	1.34507	11.50	11214.36
25	2010.06.30 09:45	sell	10	3.90	1.22160	1.22361	1.21658	0.00	11214.36
26	2010.06.30 11:17	s/l	10	3.90	1.22361	1.22361	1.21658	-783.90	10430.46
27	2010.08.18 09:45	sell	11	1.00	1.28290	1.28497	1.27773	0.00	10430.46
28	2010.08.18 09:51	s/l	11	1.00	1.28497	1.28497	1.27773	-207.00	10223.46
29	2010.08.30 08:15	buy	12	1.03	1.27451	1.27254	1.27944	0.00	10223.46
30	2010.08.30 08:58	s/l	12	1.03	1.27254	1.27254	1.27944	-202.91	10020.55
31	2010.08.30 08:58	sell	13	0.87	1.27253	1.27481	1.26683	0.00	10020.55
32	2010.08.30 14:20	modify	13	0.87	1.27253	1.27243	1.26683	0.00	10020.55
33	2010.08.30 18:29	t/p	13	0.87	1.26683	1.27243	1.26683	495.90	10516.45
34	2010.09.01 10:00	buy	14	0.98	1.27200	1.26987	1.27733	0.00	10516.45
35	2010.09.01 10:44	modify	14	0.98	1.27200	1.27210	1.27733	0.00	10516.45
36	2010.09.01 11:27	t/p	14	0.98	1.27733	1.27210	1.27733	522.34	11038.79
37	2010.09.06 15:00	buy	15	3.78	1.28850	1.28646	1.29360	0.00	11038.79
38	2010.09.07 01:04	s/l	15	3.78	1.28646	1.28646	1.29360	-802.66	10236.13
39	2010.09.20 08:45	buy	16	1.01	1.30852	1.30650	1.31357	0.00	10236.13
40	2010.09.20 09:35	modify	16	1.01	1.30852	1.30862	1.31357	0.00	10236.13
41	2010.09.20 13:57	s/l	16	1.01	1.30862	1.30862	1.31357	10.10	10246.23
42	2010.12.22 08:30	sell	17	3.77	1.31303	1.31493	1.30828	0.00	10246.23
43	2010.12.22 10:43	s/l	17	3.77	1.31493	1.31493	1.30828	-716.30	9529.93
44	2010.12.27 15:00	buy	18	0.83	1.31514	1.31285	1.32087	0.00	9529.93
45	2010.12.27 19:01	s/l	18	0.83	1.31285	1.31285	1.32087	-190.07	9339.86
46	2010.12.29 11:30	sell	19	0.78	1.31229	1.31468	1.30632	0.00	9339.86
47	2010.12.29 17:33	s/l	19	0.78	1.31468	1.31468	1.30632	-186.42	9153.44
48	2011.02.09 09:30	buy	20	0.75	1.36507	1.36265	1.37112	0.00	9153.44
49	2011.02.09 11:48	s/l	20	0.75	1.36265	1.36265	1.37112	-181.50	8971.94
50	2011.03.08 08:30	buy	21	0.86	1.39830	1.39622	1.40350	0.00	8971.94
51	2011.03.08 08:39	s/l	21	0.86	1.39622	1.39622	1.40350	-178.88	8793.06
52	2011.03.08 08:39	sell	22	0.76	1.39622	1.39851	1.39050	0.00	8793.06
53	2011.03.08 09:34	modify	22	0.76	1.39622	1.39612	1.39050	0.00	8793.06
54	2011.03.08 13:23	t/p	22	0.76	1.39050	1.39612	1.39050	434.72	9227.78
55	2011.03.23 10:15	sell	23	0.81	1.41753	1.41980	1.41186	0.00	9227.78
56	2011.03.23 11:15	s/l	23	0.81	1.41980	1.41980	1.41186	-183.87	9043.91
57	2011.03.23 11:15	buy	24	0.75	1.41980	1.41740	1.42580	0.00	9043.91
58	2011.03.23 12:16	s/l	24	0.75	1.41740	1.41740	1.42580	-180.00	8863.91
59	2011.03.30 08:15	sell	25	1.04	1.40821	1.40990	1.40399	0.00	8863.91
60	2011.03.30 10:08	s/l	25	1.04	1.40990	1.40990	1.40399	-175.76	8688.15
61	2011.04.05 08:15	sell	26	1.14	1.41931	1.42083	1.41551	0.00	8688.15
62	2011.04.05 08:30	modify	26	1.14	1.41931	1.41921	1.41551	0.00	8688.15
63	2011.04.05 09:18	s/l	26	1.14	1.41921	1.41921	1.41551	11.40	8699.55
64	2011.04.12 08:15	sell	27	3.71	1.43919	1.44083	1.43509	0.00	8699.55
65	2011.04.12 09:11	s/l	27	3.71	1.44083	1.44083	1.43509	-608.44	8091.11
66	2011.08.22 08:30	sell	28	1.04	1.43580	1.43735	1.43193	0.00	8091.11
67	2011.08.22 09:07	s/l	28	1.04	1.43735	1.43735	1.43193	-161.20	7929.91
68	2011.08.24 08:15	buy	29	0.68	1.44161	1.43930	1.44739	0.00	7929.91
69	2011.08.24 10:00	s/l	29	0.68	1.43930	1.43930	1.44739	-157.08	7772.83
70	2011.09.08 10:30	sell	30	0.39	1.40645	1.40843	1.40150	0.00	7772.83
71	2011.09.08 12:49	modify	30	0.39	1.40645	1.40635	1.40150	0.00	7772.83
72	2011.09.08 13:35	t/p	30	0.39	1.40150	1.40635	1.40150	193.05	7965.88
73	2011.12.08 08:15	buy	31	1.59	1.34176	1.34001	1.34614	0.00	7965.88
74	2011.12.08 10:05	s/l	31	1.59	1.34001	1.34001	1.34614	-278.25	7687.63
75	2011.12.19 08:45	sell	32	0.78	1.30068	1.30264	1.29578	0.00	7687.63
76	2011.12.19 09:07	s/l	32	0.78	1.30264	1.30264	1.29578	-152.88	7534.75
77	2011.12.19 15:15	sell	33	0.71	1.30218	1.30428	1.29693	0.00	7534.75
78	2011.12.19 21:54	modify	33	0.71	1.30218	1.30208	1.29693	0.00	7534.75
79	2011.12.20 09:35	s/l	33	0.71	1.30208	1.30208	1.29693	8.90	7543.65
80	2012.03.07 08:00	sell	34	3.38	1.31391	1.31547	1.31001	0.00	7543.65
81	2012.03.07 11:22	s/l	34	3.38	1.31547	1.31547	1.31001	-527.28	7016.37
82	2012.03.07 11:22	buy	35	2.15	1.31547	1.31319	1.32117	0.00	7016.37
83	2012.03.07 12:06	s/l	35	2.15	1.31319	1.31319	1.32117	-490.20	6526.17
84	2012.03.08 09:00	buy	36	0.42	1.31786	1.31631	1.32174	0.00	6526.17
85	2012.03.08 10:31	modify	36	0.42	1.31786	1.31796	1.32174	0.00	6526.17
86	2012.03.08 10:36	t/p	36	0.42	1.32174	1.31796	1.32174	162.96	6689.13
87	2012.03.29 08:15	buy	37	1.13	1.33281	1.33074	1.33799	0.00	6689.13
88	2012.03.29 11:06	s/l	37	1.13	1.33074	1.33074	1.33799	-233.91	6455.22
89	2012.04.03 08:15	buy	38	0.65	1.33466	1.33269	1.33959	0.00	6455.22
90	2012.04.03 13:16	s/l	38	0.65	1.33269	1.33269	1.33959	-128.05	6327.17
91	2012.04.09 15:15	sell	39	0.63	1.30563	1.30761	1.30068	0.00	6327.17
92	2012.04.09 16:31	s/l	39	0.63	1.30761	1.30761	1.30068	-124.74	6202.43
93	2012.04.09 16:31	buy	40	0.59	1.30761	1.30554	1.31279	0.00	6202.43
94	2012.04.09 18:33	modify	40	0.59	1.30761	1.30771	1.31279	0.00	6202.43
95	2012.04.09 18:59	t/p	40	0.59	1.31279	1.30771	1.31279	305.62	6508.05
96	2012.04.12 10:45	buy	41	0.26	1.31315	1.31066	1.31938	0.00	6508.05
97	2012.04.12 11:09	s/l	41	0.26	1.31066	1.31066	1.31938	-64.74	6443.31
98	2012.04.17 09:15	buy	42	0.58	1.31100	1.30879	1.31653	0.00	6443.31
99	2012.04.17 09:55	modify	42	0.58	1.31100	1.31110	1.31653	0.00	6443.31
100	2012.04.17 11:00	t/p	42	0.58	1.31653	1.31110	1.31653	320.74	6764.05
101	2012.04.18 14:45	sell	43	2.32	1.30804	1.31008	1.30294	0.00	6764.05
102	2012.04.18 16:35	s/l	43	2.32	1.31008	1.31008	1.30294	-473.28	6290.77
103	2012.04.19 11:30	buy	44	0.34	1.31388	1.31203	1.31851	0.00	6290.77
104	2012.04.19 12:23	s/l	44	0.34	1.31203	1.31203	1.31851	-62.90	6227.87
105	2012.04.26 15:30	buy	45	0.28	1.32181	1.31963	1.32726	0.00	6227.87
106	2012.04.26 16:16	modify	45	0.28	1.32181	1.32191	1.32726	0.00	6227.87
107	2012.04.26 23:00	s/l	45	0.28	1.32191	1.32191	1.32726	2.80	6230.67
108	2012.05.10 10:15	sell	46	0.90	1.29446	1.29688	1.28841	0.00	6230.67
109	2012.05.10 15:12	s/l	46	0.90	1.29688	1.29688	1.28841	-217.80	6012.87
110	2012.05.17 08:45	sell	47	0.27	1.27264	1.27480	1.26724	0.00	6012.87
111	2012.05.17 12:19	modify	47	0.27	1.27264	1.27254	1.26724	0.00	6012.87
112	2012.05.17 13:26	t/p	47	0.27	1.26724	1.27254	1.26724	145.80	6158.67
113	2012.05.22 09:15	buy	48	2.79	1.27961	1.27807	1.28346	0.00	6158.67
114	2012.05.22 10:43	s/l	48	2.79	1.27807	1.27807	1.28346	-429.66	5729.01
115	2012.05.29 11:45	sell	49	0.48	1.25401	1.25635	1.24816	0.00	5729.01
116	2012.05.29 17:36	modify	49	0.48	1.25401	1.25391	1.24816	0.00	5729.01
117	2012.05.29 17:45	t/p	49	0.48	1.24816	1.25391	1.24816	280.80	6009.81
118	2012.06.19 08:30	sell	50	2.14	1.25960	1.26156	1.25470	0.00	6009.81
119	2012.06.19 09:16	s/l	50	2.14	1.26156	1.26156	1.25470	-419.44	5590.37
120	2012.06.26 09:00	sell	51	0.48	1.25010	1.25240	1.24435	0.00	5590.37
121	2012.06.26 09:39	s/l	51	0.48	1.25240	1.25240	1.24435	-110.40	5479.97
122	2012.06.27 08:45	sell	52	0.70	1.24880	1.25035	1.24493	0.00	5479.97
123	2012.06.27 15:09	modify	52	0.70	1.24880	1.24870	1.24493	0.00	5479.97
124	2012.06.27 17:18	t/p	52	0.70	1.24493	1.24870	1.24493	270.90	5750.87
125	2012.07.11 10:15	sell	53	2.58	1.22620	1.22776	1.22230	0.00	5750.87
126	2012.07.11 10:41	s/l	53	2.58	1.22776	1.22776	1.22230	-402.48	5348.39
127	2012.07.16 09:30	buy	54	0.58	1.22370	1.22188	1.22825	0.00	5348.39
128	2012.07.16 10:45	s/l	54	0.58	1.22188	1.22188	1.22825	-105.56	5242.83
129	2012.07.18 09:15	buy	55	0.65	1.22915	1.22754	1.23318	0.00	5242.83
130	2012.07.18 10:09	s/l	55	0.65	1.22754	1.22754	1.23318	-104.65	5138.18
131	2012.07.18 10:09	sell	56	0.49	1.22753	1.22960	1.22236	0.00	5138.18
132	2012.07.18 11:40	modify	56	0.49	1.22753	1.22743	1.22236	0.00	5138.18
133	2012.07.18 13:02	t/p	56	0.49	1.22236	1.22743	1.22236	253.33	5391.51
134	2012.07.31 09:45	buy	57	0.54	1.22778	1.22579	1.23276	0.00	5391.51
135	2012.07.31 10:05	s/l	57	0.54	1.22579	1.22579	1.23276	-107.46	5284.05
136	2012.07.31 11:00	sell	58	0.51	1.22571	1.22777	1.22056	0.00	5284.05
137	2012.07.31 11:56	s/l	58	0.51	1.22777	1.22777	1.22056	-105.06	5178.99
138	2012.08.08 11:30	sell	59	0.46	1.23711	1.23933	1.23156	0.00	5178.99
139	2012.08.08 14:13	modify	59	0.46	1.23711	1.23701	1.23156	0.00	5178.99
140	2012.08.08 17:12	s/l	59	0.46	1.23701	1.23701	1.23156	4.60	5183.59
141	2012.08.09 09:15	sell	60	0.73	1.23620	1.23866	1.23005	0.00	5183.59
142	2012.08.09 12:03	modify	60	0.73	1.23620	1.23610	1.23005	0.00	5183.59
143	2012.08.09 13:24	t/p	60	0.73	1.23005	1.23610	1.23005	448.95	5632.54
144	2012.08.13 09:45	sell	61	1.19	1.22776	1.22964	1.22306	0.00	5632.54
145	2012.08.13 11:00	s/l	61	1.19	1.22964	1.22964	1.22306	-223.72	5408.82
146	2012.08.15 11:45	sell	62	0.64	1.23236	1.23403	1.22819	0.00	5408.82
147	2012.08.15 12:09	modify	62	0.64	1.23236	1.23226	1.22819	0.00	5408.82
148	2012.08.15 12:20	t/p	62	0.64	1.22819	1.23226	1.22819	266.88	5675.70
149	2012.08.20 08:15	buy	63	1.88	1.23483	1.23272	1.24011	0.00	5675.70
150	2012.08.20 12:02	s/l	63	1.88	1.23272	1.23272	1.24011	-396.68	5279.02
151	2012.08.28 08:15	sell	64	0.65	1.24795	1.24957	1.24390	0.00	5279.02
152	2012.08.28 09:49	s/l	64	0.65	1.24957	1.24957	1.24390	-105.30	5173.72
153	2012.09.03 09:15	buy	65	0.54	1.25800	1.25609	1.26278	0.00	5173.72
154	2012.09.03 17:16	modify	65	0.54	1.25800	1.25810	1.26278	0.00	5173.72
155	2012.09.04 01:07	s/l	65	0.54	1.25810	1.25810	1.26278	0.89	5174.61
156	2012.10.02 08:30	buy	66	2.22	1.29130	1.28967	1.29538	0.00	5174.61
157	2012.10.02 08:58	s/l	66	2.22	1.28967	1.28967	1.29538	-361.86	4812.75
158	2012.10.03 08:15	sell	67	0.50	1.28867	1.29059	1.28387	0.00	4812.75
159	2012.10.03 09:41	s/l	67	0.50	1.29059	1.29059	1.28387	-96.00	4716.75
160	2012.10.11 08:00	sell	68	0.22	1.28581	1.28788	1.28064	0.00	4716.75
161	2012.10.11 10:10	s/l	68	0.22	1.28788	1.28788	1.28064	-45.54	4671.21
162	2012.10.15 08:15	sell	69	0.55	1.29007	1.29174	1.28590	0.00	4671.21
163	2012.10.15 08:51	s/l	69	0.55	1.29174	1.29174	1.28590	-91.85	4579.36
164	2012.10.15 08:51	buy	70	0.38	1.29174	1.28939	1.29762	0.00	4579.36
165	2012.10.15 09:47	modify	70	0.38	1.29174	1.29184	1.29762	0.00	4579.36
166	2012.10.15 13:05	t/p	70	0.38	1.29762	1.29184	1.29762	223.44	4802.80
167	2012.10.18 10:45	buy	71	0.23	1.31033	1.30827	1.31548	0.00	4802.80
168	2012.10.18 16:17	s/l	71	0.23	1.30827	1.30827	1.31548	-47.38	4755.42
169	2012.10.22 09:15	sell	72	0.42	1.30396	1.30619	1.29839	0.00	4755.42
170	2012.10.22 12:13	s/l	72	0.42	1.30619	1.30619	1.29839	-93.66	4661.76
171	2012.10.22 12:13	buy	73	0.60	1.30619	1.30466	1.31002	0.00	4661.76
172	2012.10.22 15:15	s/l	73	0.60	1.30466	1.30466	1.31002	-91.80	4569.96
173	2012.10.25 11:30	buy	74	0.24	1.30147	1.29960	1.30615	0.00	4569.96
174	2012.10.25 12:50	s/l	74	0.24	1.29960	1.29960	1.30615	-44.88	4525.08
175	2012.10.25 12:50	sell	75	0.23	1.29960	1.30154	1.29475	0.00	4525.08
176	2012.10.25 15:55	modify	75	0.23	1.29960	1.29950	1.29475	0.00	4525.08
177	2012.10.25 17:25	t/p	75	0.23	1.29475	1.29950	1.29475	111.55	4636.63
178	2012.11.01 08:15	sell	76	0.23	1.29467	1.29662	1.28980	0.00	4636.63
179	2012.11.01 13:32	s/l	76	0.23	1.29662	1.29662	1.28980	-44.85	4591.78
180	2012.11.06 16:15	sell	77	0.58	1.27995	1.28151	1.27605	0.00	4591.78
181	2012.11.06 17:37	s/l	77	0.58	1.28151	1.28151	1.27605	-90.48	4501.30
182	2012.11.14 08:45	buy	78	0.47	1.27217	1.27029	1.27687	0.00	4501.30
183	2012.11.14 10:52	modify	78	0.47	1.27217	1.27227	1.27687	0.00	4501.30
184	2012.11.14 20:00	t/p	78	0.47	1.27687	1.27227	1.27687	220.90	4722.20
185	2012.11.28 10:30	sell	79	1.57	1.29182	1.29392	1.28657	0.00	4722.20
186	2012.11.28 14:19	modify	79	1.57	1.29182	1.29172	1.28657	0.00	4722.20
187	2012.11.28 16:36	s/l	79	1.57	1.29172	1.29172	1.28657	15.70	4737.90
188	2012.11.29 09:00	buy	80	0.41	1.29636	1.29409	1.30204	0.00	4737.90
189	2012.11.29 13:47	modify	80	0.41	1.29636	1.29646	1.30204	0.00	4737.90
190	2012.11.29 17:41	s/l	80	0.41	1.29646	1.29646	1.30204	4.10	4742.00
191	2012.12.11 10:30	buy	81	0.85	1.29587	1.29366	1.30140	0.00	4742.00
192	2012.12.11 12:50	modify	81	0.85	1.29587	1.29597	1.30140	0.00	4742.00
193	2012.12.11 19:41	t/p	81	0.85	1.30140	1.29597	1.30140	470.05	5212.05
194	2013.01.09 10:30	sell	82	1.17	1.30796	1.30973	1.30354	0.00	5212.05
195	2013.01.09 12:42	modify	82	1.17	1.30796	1.30786	1.30354	0.00	5212.05
196	2013.01.09 17:56	s/l	82	1.17	1.30786	1.30786	1.30354	11.70	5223.75
197	2013.01.17 08:45	sell	83	0.47	1.32862	1.33081	1.32315	0.00	5223.75
198	2013.01.17 09:03	s/l	83	0.47	1.33081	1.33081	1.32315	-102.93	5120.82
199	2013.01.21 08:45	sell	84	0.64	1.33176	1.33335	1.32779	0.00	5120.82
200	2013.01.22 05:00	s/l	84	0.64	1.33335	1.33335	1.32779	-100.14	5020.69
201	2013.01.29 09:45	buy	85	0.45	1.34542	1.34319	1.35100	0.00	5020.69
202	2013.01.29 11:46	s/l	85	0.45	1.34319	1.34319	1.35100	-100.35	4920.34
203	2013.02.12 08:45	sell	86	0.44	1.33733	1.33953	1.33183	0.00	4920.34
204	2013.02.12 10:01	s/l	86	0.44	1.33953	1.33953	1.33183	-96.80	4823.54
205	2013.02.18 08:15	sell	87	0.52	1.33366	1.33549	1.32909	0.00	4823.54
206	2013.02.18 10:22	s/l	87	0.52	1.33549	1.33549	1.32909	-95.16	4728.38
207	2013.02.19 11:00	sell	88	0.54	1.33427	1.33600	1.32995	0.00	4728.38
208	2013.02.19 11:00	s/l	88	0.54	1.33600	1.33600	1.32995	-93.42	4634.96
209	2013.02.19 11:00	buy	89	0.49	1.33600	1.33411	1.34073	0.00	4634.96
210	2013.02.19 11:19	s/l	89	0.49	1.33411	1.33411	1.34073	-92.61	4542.35
211	2013.03.05 09:00	buy	90	0.39	1.30469	1.30240	1.31042	0.00	4542.35
212	2013.03.05 11:44	s/l	90	0.39	1.30240	1.30240	1.31042	-89.31	4453.04
213	2013.03.11 09:30	sell	91	0.54	1.30037	1.30199	1.29632	0.00	4453.04
214	2013.03.11 18:03	s/l	91	0.54	1.30199	1.30199	1.29632	-87.48	4365.56
215	2013.03.19 08:30	sell	92	0.42	1.29425	1.29630	1.28913	0.00	4365.56
216	2013.03.19 16:37	modify	92	0.42	1.29425	1.29415	1.28913	0.00	4365.56
217	2013.03.19 16:57	t/p	92	0.42	1.28913	1.29415	1.28913	215.04	4580.60
218	2013.03.28 09:45	sell	93	0.77	1.27897	1.28103	1.27382	0.00	4580.60
219	2013.03.28 09:58	modify	93	0.77	1.27897	1.27887	1.27382	0.00	4580.60
220	2013.03.28 11:18	s/l	93	0.77	1.27887	1.27887	1.27382	7.70	4588.30
221	2013.04.03 14:00	buy	94	0.80	1.28289	1.28061	1.28859	0.00	4588.30
222	2013.04.03 16:15	modify	94	0.80	1.28289	1.28299	1.28859	0.00	4588.30
223	2013.04.04 07:05	s/l	94	0.80	1.28299	1.28299	1.28859	-12.03	4576.27
224	2013.04.04 07:05	sell	95	0.42	1.28298	1.28515	1.27756	0.00	4576.27
225	2013.04.04 10:00	modify	95	0.42	1.28298	1.28288	1.27756	0.00	4576.27
226	2013.04.04 14:32	s/l	95	0.42	1.28288	1.28288	1.27756	4.20	4580.47
227	2013.04.15 10:00	sell	96	0.44	1.30742	1.30946	1.30232	0.00	4580.47
228	2013.04.15 14:18	s/l	96	0.44	1.30946	1.30946	1.30232	-89.76	4490.71
229	2013.04.22 08:15	sell	97	0.53	1.30575	1.30743	1.30155	0.00	4490.71
230	2013.04.22 09:04	s/l	97	0.53	1.30743	1.30743	1.30155	-89.04	4401.67
231	2013.04.22 09:30	sell	98	0.40	1.30554	1.30774	1.30004	0.00	4401.67
232	2013.04.22 14:54	modify	98	0.40	1.30554	1.30544	1.30004	0.00	4401.67
233	2013.04.22 18:40	s/l	98	0.40	1.30544	1.30544	1.30004	4.00	4405.67
234	2013.04.24 14:30	sell	99	1.44	1.29957	1.30170	1.29425	0.00	4405.67
235	2013.04.24 19:05	s/l	99	1.44	1.30170	1.30170	1.29425	-306.72	4098.95
236	2013.04.25 10:15	buy	100	0.23	1.30423	1.30246	1.30866	0.00	4098.95
237	2013.04.25 11:00	modify	100	0.23	1.30423	1.30433	1.30866	0.00	4098.95
238	2013.04.25 14:15	t/p	100	0.23	1.30866	1.30433	1.30866	101.89	4200.84
239	2013.04.29 08:15	buy	101	1.71	1.30577	1.30406	1.31005	0.00	4200.84
240	2013.04.29 09:24	modify	101	1.71	1.30577	1.30587	1.31005	0.00	4200.84
241	2013.04.29 14:03	t/p	101	1.71	1.31005	1.30587	1.31005	731.88	4932.72
242	2013.04.30 15:15	buy	102	0.96	1.30853	1.30649	1.31363	0.00	4932.72
243	2013.04.30 15:35	modify	102	0.96	1.30853	1.30863	1.31363	0.00	4932.72
244	2013.04.30 15:40	t/p	102	0.96	1.31363	1.30863	1.31363	489.60	5422.32
245	2013.05.02 10:15	buy	103	0.54	1.31676	1.31478	1.32171	0.00	5422.32
246	2013.05.02 13:45	s/l	103	0.54	1.31478	1.31478	1.32171	-106.92	5315.40
247	2013.05.06 10:45	sell	104	0.69	1.31067	1.31220	1.30685	0.00	5315.40
248	2013.05.06 16:24	modify	104	0.69	1.31067	1.31057	1.30685	0.00	5315.40
249	2013.05.06 16:26	t/p	104	0.69	1.30685	1.31057	1.30685	263.58	5578.98
250	2013.05.14 09:15	buy	105	2.44	1.30125	1.29965	1.30525	0.00	5578.98
251	2013.05.14 09:30	s/l	105	2.44	1.29965	1.29965	1.30525	-390.40	5188.58
252	2013.05.14 11:00	sell	106	0.60	1.29949	1.30120	1.29522	0.00	5188.58
253	2013.05.14 11:10	s/l	106	0.60	1.30120	1.30120	1.29522	-102.60	5085.98
254	2013.05.21 11:30	buy	107	0.43	1.28856	1.28622	1.29441	0.00	5085.98
255	2013.05.21 12:23	s/l	107	0.43	1.28622	1.28622	1.29441	-100.62	4985.36
256	2013.05.21 16:00	sell	108	0.66	1.28596	1.28746	1.28221	0.00	4985.36
257	2013.05.21 17:11	s/l	108	0.66	1.28746	1.28746	1.28221	-99.00	4886.36
258	2013.05.22 09:00	buy	109	0.63	1.29166	1.29013	1.29549	0.00	4886.36
259	2013.05.22 09:45	modify	109	0.63	1.29166	1.29176	1.29549	0.00	4886.36
260	2013.05.22 14:21	s/l	109	0.63	1.29176	1.29176	1.29549	6.30	4892.66
261	2013.05.28 11:15	sell	110	2.05	1.28973	1.29140	1.28556	0.00	4892.66
262	2013.05.28 11:26	s/l	110	2.05	1.29140	1.29140	1.28556	-342.35	4550.31
263	2013.06.12 15:45	buy	111	0.45	1.32857	1.32659	1.33352	0.00	4550.31
264	2013.06.12 17:00	modify	111	0.45	1.32857	1.32867	1.33352	0.00	4550.31
265	2013.06.12 17:47	t/p	111	0.45	1.33352	1.32867	1.33352	222.75	4773.06
266	2013.06.25 10:15	sell	112	1.73	1.31269	1.31462	1.30787	0.00	4773.06
267	2013.06.25 14:35	modify	112	1.73	1.31269	1.31259	1.30787	0.00	4773.06
268	2013.06.25 16:00	t/p	112	1.73	1.30787	1.31259	1.30787	833.86	5606.92
269	2013.07.04 09:15	sell	113	0.56	1.29863	1.30062	1.29366	0.00	5606.92
270	2013.07.04 11:56	s/l	113	0.56	1.30062	1.30062	1.29366	-111.44	5495.48
271	2013.07.10 14:15	sell	114	0.63	1.28125	1.28298	1.27693	0.00	5495.48
272	2013.07.10 15:58	s/l	114	0.63	1.28298	1.28298	1.27693	-108.99	5386.49
273	2013.07.23 16:15	buy	115	0.69	1.31936	1.31781	1.32324	0.00	5386.49
274	2013.07.23 16:41	modify	115	0.69	1.31936	1.31946	1.32324	0.00	5386.49
275	2013.07.23 20:51	t/p	115	0.69	1.32324	1.31946	1.32324	267.72	5654.21
276	2013.08.13 09:30	sell	116	1.69	1.32899	1.33133	1.32314	0.00	5654.21
277	2013.08.13 11:15	s/l	116	1.69	1.33133	1.33133	1.32314	-395.46	5258.75
278	2013.08.14 11:15	sell	117	0.51	1.32524	1.32730	1.32009	0.00	5258.75
279	2013.08.15 04:09	s/l	117	0.51	1.32730	1.32730	1.32009	-101.18	5157.57
280	2013.08.22 16:30	sell	118	0.25	1.33300	1.33506	1.32785	0.00	5157.57
281	2013.08.22 17:06	s/l	118	0.25	1.33506	1.33506	1.32785	-51.50	5106.07
282	2013.08.28 11:30	buy	119	0.61	1.33763	1.33597	1.34178	0.00	5106.07
283	2013.08.28 12:33	s/l	119	0.61	1.33597	1.33597	1.34178	-101.26	5004.81
284	2013.08.28 12:33	sell	120	0.55	1.33596	1.33777	1.33144	0.00	5004.81
285	2013.08.28 15:35	modify	120	0.55	1.33596	1.33586	1.33144	0.00	5004.81
286	2013.08.28 15:45	t/p	120	0.55	1.33144	1.33586	1.33144	248.60	5253.41
287	2013.09.02 10:00	sell	121	0.60	1.32101	1.32276	1.31664	0.00	5253.41
288	2013.09.03 07:19	modify	121	0.60	1.32101	1.32091	1.31664	0.00	5253.41
289	2013.09.03 08:30	t/p	121	0.60	1.31664	1.32091	1.31664	263.72	5517.13
290	2013.09.11 10:15	buy	122	2.42	1.32661	1.32502	1.33059	0.00	5517.13
291	2013.09.11 15:53	modify	122	2.42	1.32661	1.32671	1.33059	0.00	5517.13
292	2013.09.11 17:02	t/p	122	2.42	1.33059	1.32671	1.33059	963.16	6480.29
293	2013.09.23 14:30	buy	123	1.41	1.35152	1.34969	1.35610	0.00	6480.29
294	2013.09.23 15:17	s/l	123	1.41	1.34969	1.34969	1.35610	-258.03	6222.26
295	2013.09.26 15:30	sell	124	0.41	1.34922	1.35073	1.34545	0.00	6222.26
296	2013.09.26 16:00	s/l	124	0.41	1.35073	1.35073	1.34545	-61.91	6160.35
297	2013.10.07 14:00	sell	125	0.73	1.35668	1.35836	1.35248	0.00	6160.35
298	2013.10.07 17:17	s/l	125	0.73	1.35836	1.35836	1.35248	-122.64	6037.71
299	2013.10.08 15:45	buy	126	0.52	1.35953	1.35724	1.36526	0.00	6037.71
300	2013.10.08 18:46	s/l	126	0.52	1.35724	1.35724	1.36526	-119.08	5918.63
301	2013.10.23 15:00	buy	127	0.74	1.37630	1.37472	1.38025	0.00	5918.63
302	2013.10.23 15:48	modify	127	0.74	1.37630	1.37640	1.38025	0.00	5918.63
303	2013.10.23 16:12	s/l	127	0.74	1.37640	1.37640	1.38025	7.40	5926.03
304	2013.11.06 08:45	buy	128	2.29	1.35089	1.34908	1.35542	0.00	5926.03
305	2013.11.06 09:26	s/l	128	2.29	1.34908	1.34908	1.35542	-414.49	5511.54
306	2013.11.06 09:26	sell	129	1.87	1.34908	1.35114	1.34393	0.00	5511.54
307	2013.11.06 10:35	s/l	129	1.87	1.35114	1.35114	1.34393	-385.22	5126.32
308	2013.11.12 09:45	sell	130	0.49	1.33736	1.33944	1.33216	0.00	5126.32
309	2013.11.12 11:53	s/l	130	0.49	1.33944	1.33944	1.33216	-101.92	5024.40
310	2013.11.14 09:15	buy	131	0.28	1.34685	1.34509	1.35125	0.00	5024.40
311	2013.11.14 10:37	s/l	131	0.28	1.34509	1.34509	1.35125	-49.28	4975.12
312	2013.11.14 10:37	sell	132	0.29	1.34509	1.34675	1.34094	0.00	4975.12
313	2013.11.14 12:12	modify	132	0.29	1.34509	1.34499	1.34094	0.00	4975.12
314	2013.11.14 14:30	s/l	132	0.29	1.34499	1.34499	1.34094	2.90	4978.02
315	2013.11.19 10:00	buy	133	0.49	1.35196	1.34995	1.35699	0.00	4978.02
316	2013.11.19 11:06	s/l	133	0.49	1.34995	1.34995	1.35699	-98.49	4879.53
317	2013.11.19 11:06	sell	134	0.41	1.34994	1.35229	1.34407	0.00	4879.53
318	2013.11.19 15:50	s/l	134	0.41	1.35229	1.35229	1.34407	-96.35	4783.18
319	2013.11.20 15:30	buy	135	0.62	1.35377	1.35225	1.35757	0.00	4783.18
320	2013.11.20 16:20	s/l	135	0.62	1.35225	1.35225	1.35757	-94.24	4688.94
321	2013.12.02 08:45	buy	136	0.51	1.36124	1.35941	1.36582	0.00	4688.94
322	2013.12.02 09:32	s/l	136	0.51	1.35941	1.35941	1.36582	-93.33	4595.61
323	2013.12.02 09:32	sell	137	0.42	1.35941	1.36157	1.35401	0.00	4595.61
324	2013.12.02 10:26	modify	137	0.42	1.35941	1.35931	1.35401	0.00	4595.61
325	2013.12.02 12:19	t/p	137	0.42	1.35401	1.35931	1.35401	226.80	4822.41
326	2013.12.11 10:00	buy	138	0.40	1.37631	1.37392	1.38229	0.00	4822.41
327	2013.12.11 16:49	modify	138	0.40	1.37631	1.37641	1.38229	0.00	4822.41
328	2013.12.12 10:50	s/l	138	0.40	1.37641	1.37641	1.38229	-6.01	4816.40
329	2013.12.12 16:00	buy	139	0.22	1.37754	1.37544	1.38279	0.00	4816.40
330	2013.12.12 16:04	s/l	139	0.22	1.37544	1.37544	1.38279	-46.20	4770.20
331	2013.12.16 10:30	buy	140	0.38	1.37724	1.37477	1.38342	0.00	4770.20
332	2013.12.16 18:21	s/l	140	0.38	1.37477	1.37477	1.38342	-93.86	4676.34
333	2013.12.26 16:45	buy	141	0.27	1.36977	1.36809	1.37397	0.00	4676.34
334	2013.12.27 03:51	modify	141	0.27	1.36977	1.36987	1.37397	0.00	4676.34
335	2013.12.27 04:10	t/p	141	0.27	1.37397	1.36987	1.37397	111.15	4787.49
336	2013.12.31 15:30	sell	142	1.48	1.37694	1.37920	1.37129	0.00	4787.49
337	2014.01.02 08:42	modify	142	1.48	1.37694	1.37684	1.37129	0.00	4787.49
338	2014.01.02 12:01	t/p	142	1.48	1.37129	1.37684	1.37129	851.21	5638.70
339	2014.01.14 11:45	buy	143	1.12	1.36802	1.36601	1.37305	0.00	5638.70
340	2014.01.14 14:30	s/l	143	1.12	1.36601	1.36601	1.37305	-225.12	5413.58
341	2014.01.14 15:30	buy	144	0.66	1.36736	1.36573	1.37144	0.00	5413.58
342	2014.01.15 02:34	s/l	144	0.66	1.36573	1.36573	1.37144	-113.09	5300.49
343	2014.01.16 08:30	sell	145	0.25	1.36069	1.36275	1.35554	0.00	5300.49
344	2014.01.16 10:33	s/l	145	0.25	1.36275	1.36275	1.35554	-51.50	5248.99
345	2014.01.21 09:00	sell	146	0.58	1.35465	1.35645	1.35015	0.00	5248.99
346	2014.01.21 12:59	modify	146	0.58	1.35465	1.35455	1.35015	0.00	5248.99
347	2014.01.21 16:59	s/l	146	0.58	1.35455	1.35455	1.35015	5.80	5254.79
348	2014.01.22 09:00	sell	147	1.58	1.35444	1.35676	1.34864	0.00	5254.79
349	2014.01.22 13:43	s/l	147	1.58	1.35676	1.35676	1.34864	-366.56	4888.23
350	2014.01.28 16:45	sell	148	0.54	1.36570	1.36750	1.36120	0.00	4888.23
351	2014.01.29 09:30	s/l	148	0.54	1.36750	1.36750	1.36120	-95.83	4792.40
352	2014.02.04 15:15	sell	149	0.49	1.35118	1.35310	1.34638	0.00	4792.40
353	2014.02.05 14:00	s/l	149	0.49	1.35310	1.35310	1.34638	-92.84	4699.57
354	2014.02.17 10:15	buy	150	0.47	1.37136	1.36940	1.37626	0.00	4699.57
355	2014.02.17 14:24	s/l	150	0.47	1.36940	1.36940	1.37626	-92.12	4607.45
356	2014.02.18 11:45	buy	151	0.40	1.37278	1.37050	1.37848	0.00	4607.45
357	2014.02.18 15:11	modify	151	0.40	1.37278	1.37288	1.37848	0.00	4607.45
358	2014.02.19 20:20	s/l	151	0.40	1.37288	1.37288	1.37848	0.66	4608.11
359	2014.03.17 10:00	buy	152	1.46	1.39046	1.38826	1.39596	0.00	4608.11
360	2014.03.17 14:48	modify	152	1.46	1.39046	1.39056	1.39596	0.00	4608.11
361	2014.03.18 10:15	s/l	152	1.46	1.39056	1.39056	1.39596	2.42	4610.53
362	2014.03.24 15:15	sell	153	0.99	1.37678	1.37863	1.37216	0.00	4610.53
363	2014.03.24 16:55	s/l	153	0.99	1.37863	1.37863	1.37216	-183.15	4427.38
364	2014.03.24 16:55	buy	154	1.07	1.37863	1.37698	1.38276	0.00	4427.38
365	2014.03.24 18:26	modify	154	1.07	1.37863	1.37873	1.38276	0.00	4427.38
366	2014.03.24 18:51	t/p	154	1.07	1.38276	1.37873	1.38276	441.91	4869.29
367	2014.03.25 16:30	sell	155	0.46	1.37853	1.38062	1.37331	0.00	4869.29
368	2014.03.25 17:15	modify	155	0.46	1.37853	1.37843	1.37331	0.00	4869.29
369	2014.03.25 17:30	s/l	155	0.46	1.37843	1.37843	1.37331	4.60	4873.89
370	2014.03.27 08:30	sell	156	0.98	1.37720	1.37894	1.37285	0.00	4873.89
371	2014.03.27 11:04	modify	156	0.98	1.37720	1.37710	1.37285	0.00	4873.89
372	2014.03.27 12:55	s/l	156	0.98	1.37710	1.37710	1.37285	9.80	4883.69
373	2014.03.27 15:30	sell	157	0.64	1.37613	1.37764	1.37236	0.00	4883.69
374	2014.03.27 16:59	modify	157	0.64	1.37613	1.37603	1.37236	0.00	4883.69
375	2014.03.28 09:01	t/p	157	0.64	1.37236	1.37603	1.37236	242.90	5126.59
376	2014.04.02 15:30	sell	158	1.17	1.37764	1.37939	1.37327	0.00	5126.59
377	2014.04.03 13:17	modify	158	1.17	1.37764	1.37754	1.37327	0.00	5126.59
378	2014.04.03 13:45	s/l	158	1.17	1.37754	1.37754	1.37327	20.60	5147.19
379	2014.04.14 10:15	sell	159	1.36	1.38483	1.38634	1.38106	0.00	5147.19
380	2014.04.14 10:49	modify	159	1.36	1.38483	1.38473	1.38106	0.00	5147.19
381	2014.04.14 14:35	t/p	159	1.36	1.38106	1.38473	1.38106	512.72	5659.91
382	2014.05.14 11:45	sell	160	1.46	1.37124	1.37279	1.36737	0.00	5659.91
383	2014.05.15 09:10	modify	160	1.46	1.37124	1.37114	1.36737	0.00	5659.91
384	2014.05.15 09:53	t/p	160	1.46	1.36737	1.37114	1.36737	576.13	6236.04
385	2014.05.20 16:45	sell	161	1.66	1.36912	1.37062	1.36537	0.00	6236.04
386	2014.05.21 02:38	s/l	161	1.66	1.37062	1.37062	1.36537	-244.79	5991.25
387	2014.05.22 09:15	sell	162	0.37	1.36629	1.36790	1.36227	0.00	5991.25
388	2014.05.22 09:39	s/l	162	0.37	1.36790	1.36790	1.36227	-59.57	5931.68
389	2014.05.29 15:00	sell	163	0.23	1.36023	1.36273	1.35398	0.00	5931.68
390	2014.05.30 15:14	s/l	163	0.23	1.36273	1.36273	1.35398	-56.92	5874.76
391	2014.05.30 15:14	buy	164	0.48	1.36274	1.36032	1.36879	0.00	5874.76
392	2014.06.02 10:00	s/l	164	0.48	1.36032	1.36032	1.36879	-120.17	5754.60
393	2014.06.11 16:15	sell	165	0.59	1.35313	1.35506	1.34831	0.00	5754.60
394	2014.06.12 16:43	s/l	165	0.59	1.35506	1.35506	1.34831	-109.38	5645.21
395	2014.06.12 16:43	buy	166	0.31	1.35507	1.35330	1.35950	0.00	5645.21
396	2014.06.13 10:00	modify	166	0.31	1.35507	1.35517	1.35950	0.00	5645.21
397	2014.06.13 12:52	s/l	166	0.31	1.35517	1.35517	1.35950	0.51	5645.73
398	2014.08.27 15:45	sell	167	0.69	1.31722	1.31885	1.31315	0.00	5645.73
399	2014.08.27 16:15	s/l	167	0.69	1.31885	1.31885	1.31315	-112.47	5533.26
400	2014.08.27 16:15	buy	168	0.48	1.31885	1.31659	1.32450	0.00	5533.26
401	2014.08.28 15:26	s/l	168	0.48	1.31659	1.31659	1.32450	-120.50	5412.76
402	2014.09.10 08:45	buy	169	0.61	1.29397	1.29221	1.29837	0.00	5412.76
403	2014.09.10 14:36	s/l	169	0.61	1.29221	1.29221	1.29837	-107.36	5305.40
404	2014.09.17 16:00	buy	170	0.66	1.29661	1.29501	1.30061	0.00	5305.40
405	2014.09.17 17:16	s/l	170	0.66	1.29501	1.29501	1.30061	-105.60	5199.80
406	2014.10.02 11:45	buy	171	0.32	1.26413	1.26255	1.26808	0.00	5199.80
407	2014.10.02 14:30	s/l	171	0.32	1.26255	1.26255	1.26808	-50.56	5149.24
408	2014.10.08 09:15	buy	172	0.43	1.26450	1.26215	1.27038	0.00	5149.24
409	2014.10.08 11:15	modify	172	0.43	1.26450	1.26460	1.27038	0.00	5149.24
410	2014.10.08 13:47	s/l	172	0.43	1.26460	1.26460	1.27038	4.30	5153.54
411	2014.10.13 15:30	buy	173	2.04	1.26918	1.26742	1.27358	0.00	5153.54
412	2014.10.13 17:21	s/l	173	2.04	1.26742	1.26742	1.27358	-359.04	4794.50
413	2014.10.20 15:00	sell	174	0.50	1.27670	1.27859	1.27198	0.00	4794.50
414	2014.10.20 17:33	s/l	174	0.50	1.27859	1.27859	1.27198	-94.50	4700.00
415	2014.11.04 08:30	sell	175	0.55	1.25028	1.25197	1.24606	0.00	4700.00
416	2014.11.04 11:17	s/l	175	0.55	1.25197	1.25197	1.24606	-92.95	4607.05
417	2014.11.04 11:17	buy	176	0.42	1.25197	1.24981	1.25737	0.00	4607.05
418	2014.11.04 16:30	modify	176	0.42	1.25197	1.25207	1.25737	0.00	4607.05
419	2014.11.04 16:55	t/p	176	0.42	1.25737	1.25207	1.25737	226.80	4833.85
420	2014.11.06 11:45	buy	177	0.27	1.25200	1.25021	1.25648	0.00	4833.85
421	2014.11.06 14:33	s/l	177	0.27	1.25021	1.25021	1.25648	-48.33	4785.52
422	2014.11.19 09:00	buy	178	0.43	1.25344	1.25125	1.25892	0.00	4785.52
423	2014.11.19 14:55	modify	178	0.43	1.25344	1.25354	1.25892	0.00	4785.52
424	2014.11.19 16:03	s/l	178	0.43	1.25354	1.25354	1.25892	4.30	4789.82
425	2014.11.25 11:30	sell	179	2.14	1.24276	1.24432	1.23886	0.00	4789.82
426	2014.11.25 15:31	modify	179	2.14	1.24276	1.24266	1.23886	0.00	4789.82
427	2014.11.25 16:29	s/l	179	2.14	1.24266	1.24266	1.23886	21.40	4811.22
428	2014.11.26 10:15	buy	180	1.24	1.24785	1.24630	1.25173	0.00	4811.22
429	2014.11.26 11:06	s/l	180	1.24	1.24630	1.24630	1.25173	-192.20	4619.02
430	2014.11.26 14:15	buy	181	0.39	1.24645	1.24409	1.25235	0.00	4619.02
431	2014.11.26 15:38	modify	181	0.39	1.24645	1.24655	1.25235	0.00	4619.02
432	2014.11.26 17:58	t/p	181	0.39	1.25235	1.24655	1.25235	230.10	4849.12
433	2014.12.10 14:45	buy	182	1.66	1.23839	1.23635	1.24349	0.00	4849.12
434	2014.12.10 17:00	modify	182	1.66	1.23839	1.23849	1.24349	0.00	4849.12
435	2014.12.10 17:37	t/p	182	1.66	1.24349	1.23849	1.24349	846.60	5695.72
436	2014.12.15 08:45	buy	183	1.33	1.24551	1.24380	1.24979	0.00	5695.72
437	2014.12.15 10:13	s/l	183	1.33	1.24380	1.24380	1.24979	-227.43	5468.29
438	2014.12.17 09:15	buy	184	0.57	1.24923	1.24733	1.25398	0.00	5468.29
439	2014.12.17 09:55	s/l	184	0.57	1.24733	1.24733	1.25398	-108.30	5359.99
440	2014.12.22 14:45	sell	185	0.70	1.22570	1.22722	1.22190	0.00	5359.99
441	2014.12.22 21:50	modify	185	0.70	1.22570	1.22560	1.22190	0.00	5359.99
442	2014.12.22 21:59	t/p	185	0.70	1.22190	1.22560	1.22190	266.00	5625.99
443	2014.12.29 09:45	sell	186	2.04	1.21739	1.21932	1.21257	0.00	5625.99
444	2014.12.29 11:20	s/l	186	2.04	1.21932	1.21932	1.21257	-393.72	5232.27
445	2015.01.13 09:15	buy	187	0.64	1.18384	1.18223	1.18787	0.00	5232.27
446	2015.01.13 10:43	s/l	187	0.64	1.18223	1.18223	1.18787	-103.04	5129.23
447	2015.01.15 10:15	sell	188	0.22	1.17647	1.17875	1.17077	0.00	5129.23
448	2015.01.15 11:31	modify	188	0.22	1.17647	1.17637	1.17077	0.00	5129.23
449	2015.01.15 11:31	t/p	188	0.22	1.17077	1.17637	1.17077	125.40	5254.63
450	2015.01.20 10:15	sell	189	2.08	1.15765	1.15941	1.15325	0.00	5254.63
451	2015.01.20 11:37	s/l	189	2.08	1.15941	1.15941	1.15325	-366.08	4888.55
452	2015.01.20 15:15	sell	190	0.57	1.15785	1.15956	1.15358	0.00	4888.55
453	2015.01.20 15:25	s/l	190	0.57	1.15956	1.15956	1.15358	-97.47	4791.08
454	2015.01.21 09:15	sell	191	0.52	1.15688	1.15869	1.15236	0.00	4791.08
455	2015.01.21 14:55	s/l	191	0.52	1.15869	1.15869	1.15236	-94.12	4696.96
456	2015.02.02 10:30	buy	192	0.49	1.13235	1.13044	1.13713	0.00	4696.96
457	2015.02.02 11:59	modify	192	0.49	1.13235	1.13245	1.13713	0.00	4696.96
458	2015.02.02 13:25	s/l	192	0.49	1.13245	1.13245	1.13713	4.90	4701.86
459	2015.02.03 09:00	buy	193	2.16	1.13388	1.13236	1.13768	0.00	4701.86
460	2015.02.03 10:01	s/l	193	2.16	1.13236	1.13236	1.13768	-328.32	4373.54
461	2015.02.10 10:30	sell	194	0.48	1.13188	1.13368	1.12738	0.00	4373.54
462	2015.02.10 11:27	modify	194	0.48	1.13188	1.13178	1.12738	0.00	4373.54
463	2015.02.10 13:50	t/p	194	0.48	1.12738	1.13178	1.12738	216.00	4589.54
464	2015.02.12 16:30	buy	195	0.66	1.13514	1.13272	1.14119	0.00	4589.54
465	2015.02.12 16:48	modify	195	0.66	1.13514	1.13524	1.14119	0.00	4589.54
466	2015.02.12 18:40	t/p	195	0.66	1.14119	1.13524	1.14119	399.30	4988.84
467	2015.02.17 08:45	sell	196	1.14	1.13504	1.13678	1.13069	0.00	4988.84
468	2015.02.17 11:08	s/l	196	1.14	1.13678	1.13678	1.13069	-198.36	4790.48
469	2015.02.18 15:15	sell	197	0.55	1.13716	1.13890	1.13281	0.00	4790.48
470	2015.02.18 17:13	modify	197	0.55	1.13716	1.13706	1.13281	0.00	4790.48
471	2015.02.18 21:00	s/l	197	0.55	1.13706	1.13706	1.13281	5.50	4795.98
472	2015.02.24 16:15	sell	198	1.39	1.13176	1.13416	1.12576	0.00	4795.98
473	2015.02.24 17:15	s/l	198	1.39	1.13416	1.13416	1.12576	-333.60	4462.38
474	2015.02.25 10:45	buy	199	0.52	1.13718	1.13548	1.14143	0.00	4462.38
475	2015.02.25 12:38	s/l	199	0.52	1.13548	1.13548	1.14143	-88.40	4373.98
476	2015.03.02 15:45	sell	200	0.49	1.12167	1.12345	1.11722	0.00	4373.98
477	2015.03.02 17:36	modify	200	0.49	1.12167	1.12157	1.11722	0.00	4373.98
478	2015.03.03 11:41	t/p	200	0.49	1.11722	1.12157	1.11722	219.29	4593.28
479	2015.03.18 10:45	buy	201	1.64	1.06096	1.05901	1.06584	0.00	4593.28
480	2015.03.18 14:51	s/l	201	1.64	1.05901	1.05901	1.06584	-319.80	4273.48
481	2015.03.18 16:00	buy	202	0.35	1.06114	1.05871	1.06722	0.00	4273.48
482	2015.03.18 18:02	modify	202	0.35	1.06114	1.06124	1.06722	0.00	4273.48
483	2015.03.18 20:00	t/p	202	0.35	1.06722	1.06124	1.06722	212.80	4486.28
484	2015.04.07 08:00	sell	203	1.40	1.09238	1.09462	1.08678	0.00	4486.28
485	2015.04.07 08:58	s/l	203	1.40	1.09462	1.09462	1.08678	-313.60	4172.68
486	2015.04.08 14:30	sell	204	0.40	1.08561	1.08767	1.08046	0.00	4172.68
487	2015.04.08 15:32	s/l	204	0.40	1.08767	1.08767	1.08046	-82.40	4090.28
488	2015.04.15 09:30	buy	205	0.37	1.06461	1.06244	1.07004	0.00	4090.28
489	2015.04.15 10:23	s/l	205	0.37	1.06244	1.06244	1.07004	-80.29	4009.99
490	2015.04.20 09:30	buy	206	0.46	1.07898	1.07724	1.08333	0.00	4009.99
491	2015.04.20 10:06	s/l	206	0.46	1.07724	1.07724	1.08333	-80.04	3929.95
492	2015.04.21 08:30	sell	207	0.47	1.07223	1.07390	1.06806	0.00	3929.95
493	2015.04.21 09:11	modify	207	0.47	1.07223	1.07213	1.06806	0.00	3929.95
494	2015.04.21 09:47	t/p	207	0.47	1.06806	1.07213	1.06806	195.99	4125.94
495	2015.04.23 08:00	sell	208	0.83	1.07024	1.07196	1.06594	0.00	4125.94
496	2015.04.23 10:02	modify	208	0.83	1.07024	1.07014	1.06594	0.00	4125.94
497	2015.04.23 11:04	s/l	208	0.83	1.07014	1.07014	1.06594	8.30	4134.24
498	2015.04.27 14:00	buy	209	0.68	1.08453	1.08213	1.09053	0.00	4134.24
499	2015.04.27 15:14	s/l	209	0.68	1.08213	1.08213	1.09053	-163.20	3971.04
500	2015.04.28 11:45	buy	210	0.38	1.08818	1.08611	1.09336	0.00	3971.04
501	2015.04.28 12:15	modify	210	0.38	1.08818	1.08828	1.09336	0.00	3971.04
502	2015.04.28 13:46	t/p	210	0.38	1.09336	1.08828	1.09336	196.84	4167.88
503	2015.06.16 09:45	buy	211	1.33	1.12784	1.12566	1.13329	0.00	4167.88
504	2015.06.16 09:54	modify	211	1.33	1.12784	1.12794	1.13329	0.00	4167.88
505	2015.06.16 10:41	s/l	211	1.33	1.12794	1.12794	1.13329	13.30	4181.18
506	2015.06.17 10:00	buy	212	0.84	1.12588	1.12391	1.13081	0.00	4181.18
507	2015.06.17 11:14	modify	212	0.84	1.12588	1.12598	1.13081	0.00	4181.18
508	2015.06.17 11:56	s/l	212	0.84	1.12598	1.12598	1.13081	8.40	4189.58
509	2015.07.29 16:30	sell	213	0.69	1.10352	1.10594	1.09747	0.00	4189.58
510	2015.07.29 21:00	s/l	213	0.69	1.10594	1.10594	1.09747	-166.98	4022.60
511	2015.08.03 09:15	sell	214	0.47	1.09711	1.09882	1.09284	0.00	4022.60
512	2015.08.03 09:57	s/l	214	0.47	1.09882	1.09882	1.09284	-80.37	3942.23
513	2015.08.17 14:00	sell	215	0.45	1.10862	1.11034	1.10432	0.00	3942.23
514	2015.08.17 14:50	s/l	215	0.45	1.11034	1.11034	1.10432	-77.40	3864.83
515	2015.08.18 10:30	sell	216	0.46	1.10653	1.10821	1.10233	0.00	3864.83
516	2015.08.18 10:54	s/l	216	0.46	1.10821	1.10821	1.10233	-77.28	3787.55
517	2015.08.18 10:54	buy	217	0.35	1.10822	1.10609	1.11355	0.00	3787.55
518	2015.08.18 12:37	s/l	217	0.35	1.10609	1.10609	1.11355	-74.55	3713.00
519	2015.09.03 09:30	sell	218	0.24	1.12218	1.12370	1.11838	0.00	3713.00
520	2015.09.03 10:05	s/l	218	0.24	1.12370	1.12370	1.11838	-36.48	3676.52
521	2015.09.24 08:00	buy	219	0.23	1.11923	1.11764	1.12321	0.00	3676.52
522	2015.09.24 09:38	modify	219	0.23	1.11923	1.11933	1.12321	0.00	3676.52
523	2015.09.24 11:10	s/l	219	0.23	1.11933	1.11933	1.12321	2.30	3678.82
524	2015.09.30 14:30	sell	220	1.22	1.12060	1.12270	1.11535	0.00	3678.82
525	2015.09.30 17:25	modify	220	1.22	1.12060	1.12050	1.11535	0.00	3678.82
526	2015.10.01 06:33	t/p	220	1.22	1.11535	1.12050	1.11535	649.78	4328.60
527	2015.10.06 09:15	sell	221	1.07	1.11779	1.11940	1.11377	0.00	4328.60
528	2015.10.06 09:37	s/l	221	1.07	1.11940	1.11940	1.11377	-172.27	4156.33
529	2015.10.06 09:37	buy	222	0.73	1.11940	1.11715	1.12503	0.00	4156.33
530	2015.10.06 14:38	modify	222	0.73	1.11940	1.11950	1.12503	0.00	4156.33
531	2015.10.06 17:50	t/p	222	0.73	1.12503	1.11950	1.12503	410.99	4567.32
532	2015.10.08 10:00	buy	223	0.27	1.12617	1.12448	1.13040	0.00	4567.32
533	2015.10.08 10:18	modify	223	0.27	1.12617	1.12627	1.13040	0.00	4567.32
534	2015.10.08 10:24	t/p	223	0.27	1.13040	1.12627	1.13040	114.21	4681.53
535	2015.10.13 15:30	buy	224	1.89	1.13865	1.13692	1.14298	0.00	4681.53
536	2015.10.13 17:02	s/l	224	1.89	1.13692	1.13692	1.14298	-326.97	4354.56
537	2015.10.14 15:15	buy	225	0.50	1.14096	1.13924	1.14526	0.00	4354.56
538	2015.10.14 15:30	modify	225	0.50	1.14096	1.14106	1.14526	0.00	4354.56
539	2015.10.14 16:47	s/l	225	0.50	1.14106	1.14106	1.14526	5.00	4359.56
540	2015.10.19 10:15	sell	226	1.46	1.13584	1.13793	1.13062	0.00	4359.56
541	2015.10.19 12:37	modify	226	1.46	1.13584	1.13574	1.13062	0.00	4359.56
542	2015.10.19 17:59	t/p	226	1.46	1.13062	1.13574	1.13062	762.12	5121.68
543	2015.10.27 10:00	sell	227	1.16	1.10549	1.10725	1.10109	0.00	5121.68
544	2015.10.27 14:25	s/l	227	1.16	1.10725	1.10725	1.10109	-204.16	4917.52
545	2015.10.28 10:45	sell	228	0.60	1.10362	1.10525	1.09955	0.00	4917.52
546	2015.10.28 11:07	s/l	228	0.60	1.10525	1.10525	1.09955	-97.80	4819.72
547	2015.11.10 10:15	sell	229	0.52	1.07475	1.07657	1.07020	0.00	4819.72
548	2015.11.10 14:49	modify	229	0.52	1.07475	1.07465	1.07020	0.00	4819.72
549	2015.11.10 14:54	t/p	229	0.52	1.07020	1.07465	1.07020	236.60	5056.32
550	2015.11.11 10:00	buy	230	1.90	1.07489	1.07303	1.07954	0.00	5056.32
551	2015.11.11 13:17	s/l	230	1.90	1.07303	1.07303	1.07954	-353.40	4702.92
552	2015.11.16 15:15	sell	231	0.60	1.07229	1.07384	1.06842	0.00	4702.92
553	2015.11.16 15:37	s/l	231	0.60	1.07384	1.07384	1.06842	-93.00	4609.92
554	2015.11.18 14:15	buy	232	0.60	1.06716	1.06563	1.07099	0.00	4609.92
555	2015.11.18 16:00	s/l	232	0.60	1.06563	1.06563	1.07099	-91.80	4518.12
556	2015.11.18 16:00	sell	233	0.56	1.06563	1.06723	1.06163	0.00	4518.12
557	2015.11.18 16:43	s/l	233	0.56	1.06723	1.06723	1.06163	-89.60	4428.52
558	2015.11.19 11:00	buy	234	0.18	1.06882	1.06647	1.07470	0.00	4428.52
559	2015.11.19 16:25	modify	234	0.18	1.06882	1.06892	1.07470	0.00	4428.52
560	2015.11.19 18:09	t/p	234	0.18	1.07470	1.06892	1.07470	105.84	4534.36
561	2015.12.01 10:15	sell	235	1.83	1.05779	1.05952	1.05347	0.00	4534.36
562	2015.12.01 10:46	s/l	235	1.83	1.05952	1.05952	1.05347	-316.59	4217.77
563	2015.12.14 09:15	sell	236	0.56	1.09585	1.09735	1.09210	0.00	4217.77
564	2015.12.14 13:25	s/l	236	0.56	1.09735	1.09735	1.09210	-84.00	4133.77
565	2015.12.16 16:30	sell	237	0.53	1.09260	1.09414	1.08875	0.00	4133.77
566	2015.12.16 17:58	s/l	237	0.53	1.09414	1.09414	1.08875	-81.62	4052.15
567	2015.12.21 15:15	buy	238	0.46	1.08708	1.08534	1.09143	0.00	4052.15
568	2015.12.21 15:44	modify	238	0.46	1.08708	1.08718	1.09143	0.00	4052.15
569	2015.12.21 17:27	t/p	238	0.46	1.09143	1.08718	1.09143	200.10	4252.25
570	2015.12.22 10:00	buy	239	1.49	1.09206	1.09007	1.09704	0.00	4252.25
571	2015.12.22 15:14	modify	239	1.49	1.09206	1.09216	1.09704	0.00	4252.25
572	2015.12.22 17:06	t/p	239	1.49	1.09704	1.09216	1.09704	742.02	4994.27
573	2015.12.24 16:45	buy	240	0.41	1.09565	1.09327	1.10160	0.00	4994.27
574	2015.12.28 13:11	modify	240	0.41	1.09565	1.09575	1.10160	0.00	4994.27
575	2015.12.29 15:14	s/l	240	0.41	1.09575	1.09575	1.10160	-6.16	4988.10
576	2015.12.30 15:30	sell	241	0.63	1.09190	1.09347	1.08798	0.00	4988.10
577	2015.12.30 15:58	s/l	241	0.63	1.09347	1.09347	1.08798	-98.91	4889.19
578	2015.12.30 16:45	sell	242	0.56	1.09274	1.09448	1.08839	0.00	4889.19
579	2015.12.31 12:25	modify	242	0.56	1.09274	1.09264	1.08839	0.00	4889.19
580	2015.12.31 14:39	t/p	242	0.56	1.08839	1.09264	1.08839	247.86	5137.05
581	2016.01.12 08:30	buy	243	1.98	1.08901	1.08720	1.09354	0.00	5137.05
582	2016.01.12 10:32	s/l	243	1.98	1.08720	1.08720	1.09354	-358.38	4778.67
583	2016.01.19 10:45	sell	244	0.60	1.08654	1.08812	1.08259	0.00	4778.67
584	2016.01.19 10:52	s/l	244	0.60	1.08812	1.08812	1.08259	-94.80	4683.87
585	2016.01.25 14:30	sell	245	0.60	1.08113	1.08267	1.07728	0.00	4683.87
586	2016.01.25 15:29	s/l	245	0.60	1.08267	1.08267	1.07728	-92.40	4591.47
587	2016.01.25 15:29	buy	246	0.45	1.08267	1.08064	1.08775	0.00	4591.47
588	2016.01.26 03:06	modify	246	0.45	1.08267	1.08277	1.08775	0.00	4591.47
589	2016.01.26 12:50	s/l	246	0.45	1.08277	1.08277	1.08775	0.75	4592.22
590	2016.01.27 11:00	buy	247	0.56	1.08668	1.08505	1.09076	0.00	4592.22
591	2016.01.27 14:56	modify	247	0.56	1.08668	1.08678	1.09076	0.00	4592.22
592	2016.01.27 15:26	t/p	247	0.56	1.09076	1.08678	1.09076	228.48	4820.70
593	2016.02.03 14:45	buy	248	1.59	1.09295	1.09084	1.09823	0.00	4820.70
594	2016.02.03 15:24	modify	248	1.59	1.09295	1.09305	1.09823	0.00	4820.70
595	2016.02.03 16:45	t/p	248	1.59	1.09823	1.09305	1.09823	839.52	5660.22
596	2016.02.08 10:15	buy	249	1.48	1.11485	1.11333	1.11865	0.00	5660.22
597	2016.02.08 11:17	modify	249	1.48	1.11485	1.11495	1.11865	0.00	5660.22
598	2016.02.08 13:08	s/l	249	1.48	1.11495	1.11495	1.11865	14.80	5675.02
599	2016.02.17 15:15	sell	250	1.41	1.11355	1.11515	1.10955	0.00	5675.02
600	2016.02.17 16:15	modify	250	1.41	1.11355	1.11345	1.10955	0.00	5675.02
601	2016.02.17 16:44	s/l	250	1.41	1.11345	1.11345	1.10955	14.10	5689.12
602	2016.02.18 10:00	sell	251	0.55	1.11271	1.11477	1.10756	0.00	5689.12
603	2016.02.18 13:58	modify	251	0.55	1.11271	1.11261	1.10756	0.00	5689.12
604	2016.02.18 16:19	t/p	251	0.55	1.10756	1.11261	1.10756	283.25	5972.37
605	2016.02.23 10:30	sell	252	1.34	1.10366	1.10544	1.09921	0.00	5972.37
606	2016.02.23 11:16	modify	252	1.34	1.10366	1.10356	1.09921	0.00	5972.37
607	2016.02.23 11:34	t/p	252	1.34	1.09921	1.10356	1.09921	596.30	6568.67
608	2016.03.15 11:30	sell	253	1.31	1.10961	1.11161	1.10461	0.00	6568.67
609	2016.03.15 14:43	s/l	253	1.31	1.11161	1.11161	1.10461	-262.00	6306.67
610	2016.03.16 08:45	sell	254	0.82	1.10877	1.11030	1.10495	0.00	6306.67
611	2016.03.16 15:14	modify	254	0.82	1.10877	1.10867	1.10495	0.00	6306.67
612	2016.03.16 19:51	s/l	254	0.82	1.10867	1.10867	1.10495	8.20	6314.87
613	2016.04.11 15:30	buy	255	2.03	1.14056	1.13839	1.14599	0.00	6314.87
614	2016.04.11 16:53	modify	255	2.03	1.14056	1.14066	1.14599	0.00	6314.87
615	2016.04.11 18:57	s/l	255	2.03	1.14066	1.14066	1.14599	20.30	6335.17
616	2016.04.18 15:30	buy	256	1.26	1.13169	1.12969	1.13669	0.00	6335.17
617	2016.04.18 16:40	s/l	256	1.26	1.12969	1.12969	1.13669	-252.00	6083.17
618	2016.04.26 09:15	buy	257	0.79	1.12721	1.12568	1.13104	0.00	6083.17
619	2016.04.26 10:00	s/l	257	0.79	1.12568	1.12568	1.13104	-120.87	5962.30
620	2016.04.26 15:15	buy	258	0.62	1.12873	1.12683	1.13348	0.00	5962.30
621	2016.04.26 15:35	modify	258	0.62	1.12873	1.12883	1.13348	0.00	5962.30
622	2016.04.26 16:23	t/p	258	0.62	1.13348	1.12883	1.13348	294.50	6256.80
623	2016.04.27 09:30	buy	259	2.70	1.13052	1.12890	1.13457	0.00	6256.80
624	2016.04.27 10:38	modify	259	2.70	1.13052	1.13062	1.13457	0.00	6256.80
625	2016.04.27 12:16	s/l	259	2.70	1.13062	1.13062	1.13457	27.00	6283.80
626	2016.04.27 15:30	buy	260	1.22	1.13114	1.12908	1.13629	0.00	6283.80
627	2016.04.27 20:14	modify	260	1.22	1.13114	1.13124	1.13629	0.00	6283.80
628	2016.04.27 21:00	s/l	260	1.22	1.13124	1.13124	1.13629	12.20	6296.00
629	2016.05.09 08:45	sell	261	1.59	1.13988	1.14146	1.13593	0.00	6296.00
630	2016.05.09 09:52	s/l	261	1.59	1.14146	1.14146	1.13593	-251.22	6044.78
631	2016.05.09 10:15	sell	262	0.54	1.13993	1.14214	1.13441	0.00	6044.78
632	2016.05.10 13:58	modify	262	0.54	1.13993	1.13983	1.13441	0.00	6044.78
633	2016.05.10 17:42	s/l	262	0.54	1.13983	1.13983	1.13441	6.77	6051.55
634	2016.05.17 11:45	sell	263	2.42	1.13230	1.13405	1.12793	0.00	6051.55
635	2016.05.17 16:46	s/l	263	2.42	1.13405	1.13405	1.12793	-423.50	5628.05
636	2016.05.23 15:30	sell	264	0.65	1.12019	1.12192	1.11587	0.00	5628.05
637	2016.05.23 20:14	s/l	264	0.65	1.12192	1.12192	1.11587	-112.45	5515.60
638	2016.05.24 10:30	sell	265	0.48	1.11949	1.12175	1.11384	0.00	5515.60
639	2016.05.24 15:31	modify	265	0.48	1.11949	1.11939	1.11384	0.00	5515.60
640	2016.05.24 22:16	t/p	265	0.48	1.11384	1.11939	1.11384	271.20	5786.80
641	2016.06.13 15:30	sell	266	2.01	1.12597	1.12798	1.12095	0.00	5786.80
642	2016.06.13 17:12	s/l	266	2.01	1.12798	1.12798	1.12095	-404.01	5382.79
643	2016.07.04 14:45	buy	267	0.56	1.11379	1.11190	1.11852	0.00	5382.79
644	2016.07.05 10:29	modify	267	0.56	1.11379	1.11389	1.11852	0.00	5382.79
645	2016.07.05 10:30	t/p	267	0.56	1.11852	1.11389	1.11852	260.21	5643.00
646	2016.07.05 15:45	buy	268	1.61	1.11521	1.11276	1.12134	0.00	5643.00
647	2016.07.05 17:31	s/l	268	1.61	1.11276	1.11276	1.12134	-394.45	5248.55
648	2016.07.13 10:15	sell	269	0.52	1.10468	1.10669	1.09966	0.00	5248.55
649	2016.07.13 12:30	s/l	269	0.52	1.10669	1.10669	1.09966	-104.52	5144.03
650	2016.07.21 09:45	buy	270	0.29	1.10426	1.10252	1.10861	0.00	5144.03
651	2016.07.21 10:27	s/l	270	0.29	1.10252	1.10252	1.10861	-50.46	5093.57
652	2016.07.21 10:27	sell	271	0.21	1.10252	1.10489	1.09660	0.00	5093.57
653	2016.07.21 15:40	s/l	271	0.21	1.10489	1.10489	1.09660	-49.77	5043.80
654	2016.08.25 16:00	buy	272	0.26	1.12941	1.12748	1.13424	0.00	5043.80
655	2016.08.25 18:53	s/l	272	0.26	1.12748	1.12748	1.13424	-50.18	4993.62
656	2016.09.13 16:15	sell	273	0.47	1.12266	1.12475	1.11744	0.00	4993.62
657	2016.09.13 17:05	s/l	273	0.47	1.12475	1.12475	1.11744	-98.23	4895.39
658	2016.09.14 10:30	sell	274	0.50	1.12235	1.12430	1.11748	0.00	4895.39
659	2016.09.14 17:22	s/l	274	0.50	1.12430	1.12430	1.11748	-97.50	4797.89
660	2016.09.29 15:45	sell	275	0.23	1.12069	1.12270	1.11567	0.00	4797.89
661	2016.09.29 17:13	s/l	275	0.23	1.12270	1.12270	1.11567	-46.23	4751.66
662	2016.10.03 10:45	buy	276	0.49	1.12377	1.12185	1.12857	0.00	4751.66
663	2016.10.03 17:00	s/l	276	0.49	1.12185	1.12185	1.12857	-94.08	4657.58
664	2016.10.19 14:00	sell	277	0.48	1.09847	1.10038	1.09370	0.00	4657.58
665	2016.10.19 17:50	modify	277	0.48	1.09847	1.09837	1.09370	0.00	4657.58
666	2016.10.20 14:25	s/l	277	0.48	1.09837	1.09837	1.09370	8.45	4666.03
667	2016.10.27 16:15	buy	278	1.06	1.09265	1.09111	1.09650	0.00	4666.03
668	2016.10.27 17:07	s/l	278	1.06	1.09111	1.09111	1.09650	-163.24	4502.79
669	2016.11.23 14:00	sell	279	0.56	1.06221	1.06381	1.05821	0.00	4502.79
670	2016.11.23 15:20	modify	279	0.56	1.06221	1.06211	1.05821	0.00	4502.79
671	2016.11.23 15:31	t/p	279	0.56	1.05821	1.06211	1.05821	224.00	4726.79
672	2016.11.29 09:30	sell	280	1.98	1.05923	1.06090	1.05506	0.00	4726.79
673	2016.11.29 10:02	s/l	280	1.98	1.06090	1.06090	1.05506	-330.66	4396.13
674	2016.11.29 10:02	buy	281	1.40	1.06090	1.05871	1.06638	0.00	4396.13
675	2016.11.29 11:10	s/l	281	1.40	1.05871	1.05871	1.06638	-306.60	4089.53
676	2016.11.30 10:30	buy	282	0.38	1.06382	1.06170	1.06912	0.00	4089.53
677	2016.11.30 15:15	s/l	282	0.38	1.06170	1.06170	1.06912	-80.56	4008.97
678	2016.12.07 10:45	buy	283	0.37	1.07313	1.07097	1.07853	0.00	4008.97
679	2016.12.07 12:06	s/l	283	0.37	1.07097	1.07097	1.07853	-79.92	3929.05
680	2016.12.07 12:06	sell	284	0.33	1.07097	1.07335	1.06502	0.00	3929.05
681	2016.12.07 14:46	s/l	284	0.33	1.07335	1.07335	1.06502	-78.54	3850.51
682	2016.12.14 14:00	buy	285	0.48	1.06484	1.06325	1.06882	0.00	3850.51
683	2016.12.14 16:02	s/l	285	0.48	1.06325	1.06325	1.06882	-76.32	3774.19
684	2016.12.19 09:00	buy	286	0.37	1.04757	1.04554	1.05265	0.00	3774.19
685	2016.12.19 11:47	s/l	286	0.37	1.04554	1.04554	1.05265	-75.11	3699.08
686	2016.12.19 11:47	sell	287	0.44	1.04554	1.04720	1.04139	0.00	3699.08
687	2016.12.19 13:54	modify	287	0.44	1.04554	1.04544	1.04139	0.00	3699.08
688	2016.12.19 15:20	t/p	287	0.44	1.04139	1.04544	1.04139	182.60	3881.68
689	2016.12.22 16:15	buy	288	0.16	1.04507	1.04268	1.05105	0.00	3881.68
690	2016.12.22 17:07	modify	288	0.16	1.04507	1.04517	1.05105	0.00	3881.68
691	2016.12.22 18:02	s/l	288	0.16	1.04517	1.04517	1.05105	1.60	3883.28
692	2016.12.29 11:15	buy	289	0.79	1.04570	1.04400	1.04995	0.00	3883.28
693	2016.12.29 17:57	modify	289	0.79	1.04570	1.04580	1.04995	0.00	3883.28
694	2016.12.30 01:22	t/p	289	0.79	1.04995	1.04580	1.04995	329.16	4212.44
695	2017.01.11 11:15	sell	290	1.05	1.05446	1.05605	1.05049	0.00	4212.44
696	2017.01.11 12:29	modify	290	1.05	1.05446	1.05436	1.05049	0.00	4212.44
697	2017.01.11 14:08	t/p	290	1.05	1.05049	1.05436	1.05049	416.85	4629.29
698	2017.01.16 09:15	sell	291	0.79	1.06079	1.06311	1.05499	0.00	4629.29
699	2017.01.17 06:10	s/l	291	0.79	1.06311	1.06311	1.05499	-181.28	4448.01
700	2017.01.17 06:10	buy	292	0.96	1.06312	1.06128	1.06772	0.00	4448.01
701	2017.01.17 07:59	modify	292	0.96	1.06312	1.06322	1.06772	0.00	4448.01
702	2017.01.17 11:30	t/p	292	0.96	1.06772	1.06322	1.06772	441.60	4889.61
703	2017.01.18 10:15	buy	293	0.46	1.06946	1.06735	1.07474	0.00	4889.61
704	2017.01.18 14:57	s/l	293	0.46	1.06735	1.06735	1.07474	-97.06	4792.55
705	2017.01.26 11:45	sell	294	0.27	1.07280	1.07454	1.06845	0.00	4792.55
706	2017.01.26 15:01	modify	294	0.27	1.07280	1.07270	1.06845	0.00	4792.55
707	2017.01.26 16:20	t/p	294	0.27	1.06845	1.07270	1.06845	117.45	4910.00
708	2017.01.31 10:00	buy	295	1.98	1.06996	1.06823	1.07429	0.00	4910.00
709	2017.01.31 13:40	modify	295	1.98	1.06996	1.07006	1.07429	0.00	4910.00
710	2017.01.31 13:47	t/p	295	1.98	1.07429	1.07006	1.07429	857.34	5767.34
711	2017.02.02 09:30	buy	296	0.59	1.07950	1.07755	1.08438	0.00	5767.34
712	2017.02.02 15:47	modify	296	0.59	1.07950	1.07960	1.08438	0.00	5767.34
713	2017.02.02 18:17	s/l	296	0.59	1.07960	1.07960	1.08438	5.90	5773.24
714	2017.02.09 15:30	sell	297	0.72	1.06815	1.06974	1.06418	0.00	5773.24
715	2017.02.09 17:00	modify	297	0.72	1.06815	1.06805	1.06418	0.00	5773.24
716	2017.02.10 09:58	t/p	297	0.72	1.06418	1.06805	1.06418	287.67	6060.91
717	2017.02.20 15:00	sell	298	1.28	1.06094	1.06282	1.05624	0.00	6060.91
718	2017.02.21 03:19	modify	298	1.28	1.06094	1.06084	1.05624	0.00	6060.91
719	2017.02.21 10:34	t/p	298	1.28	1.05624	1.06084	1.05624	604.85	6665.75
720	2017.02.23 10:15	buy	299	0.56	1.05621	1.05386	1.06209	0.00	6665.75
721	2017.02.23 12:08	s/l	299	0.56	1.05386	1.05386	1.06209	-131.60	6534.15
722	2017.02.27 10:00	buy	300	0.67	1.05814	1.05620	1.06299	0.00	6534.15
723	2017.02.27 17:59	modify	300	0.67	1.05814	1.05824	1.06299	0.00	6534.15
724	2017.02.27 18:49	t/p	300	0.67	1.06299	1.05824	1.06299	324.95	6859.10
725	2017.02.28 11:15	buy	301	2.68	1.05918	1.05739	1.06366	0.00	6859.10
726	2017.02.28 17:13	modify	301	2.68	1.05918	1.05928	1.06366	0.00	6859.10
727	2017.02.28 21:59	s/l	301	2.68	1.05928	1.05928	1.06366	26.80	6885.90
728	2017.03.02 11:45	sell	302	0.69	1.05257	1.05455	1.04762	0.00	6885.90
729	2017.03.02 21:26	modify	302	0.69	1.05257	1.05247	1.04762	0.00	6885.90
730	2017.03.03 08:51	s/l	302	0.69	1.05247	1.05247	1.04762	8.65	6894.55
731	2017.03.06 15:30	buy	303	1.54	1.06011	1.05833	1.06456	0.00	6894.55
732	2017.03.06 18:32	s/l	303	1.54	1.05833	1.05833	1.06456	-274.12	6620.43
733	2017.03.22 08:45	buy	304	0.79	1.08101	1.07934	1.08519	0.00	6620.43
734	2017.03.22 09:33	s/l	304	0.79	1.07934	1.07934	1.08519	-131.93	6488.50
735	2017.03.22 15:00	buy	305	0.61	1.08040	1.07830	1.08565	0.00	6488.50
736	2017.03.23 03:02	s/l	305	0.61	1.07830	1.07830	1.08565	-143.37	6345.13
737	2017.03.23 03:02	sell	306	0.45	1.07830	1.07968	1.07485	0.00	6345.13
738	2017.03.23 08:28	s/l	306	0.45	1.07968	1.07968	1.07485	-62.10	6283.03
739	2017.03.28 15:30	buy	307	0.68	1.08649	1.08466	1.09107	0.00	6283.03
740	2017.03.28 19:12	s/l	307	0.68	1.08466	1.08466	1.09107	-124.44	6158.59
741	2017.04.06 15:30	sell	308	0.31	1.06577	1.06772	1.06090	0.00	6158.59
742	2017.04.07 14:03	modify	308	0.31	1.06577	1.06567	1.06090	0.00	6158.59
743	2017.04.07 15:30	s/l	308	0.31	1.06567	1.06567	1.06090	3.89	6162.48
744	2017.04.27 15:00	sell	309	1.25	1.08862	1.09034	1.08432	0.00	6162.48
745	2017.04.27 15:35	s/l	309	1.25	1.09034	1.09034	1.08432	-215.00	5947.48
746	2017.05.08 08:45	buy	310	0.56	1.09896	1.09686	1.10421	0.00	5947.48
747	2017.05.08 10:13	s/l	310	0.56	1.09686	1.09686	1.10421	-117.60	5829.88
748	2017.05.08 15:00	sell	311	0.58	1.09381	1.09581	1.08881	0.00	5829.88
749	2017.05.09 09:26	modify	311	0.58	1.09381	1.09371	1.08881	0.00	5829.88
750	2017.05.09 13:46	t/p	311	0.58	1.08881	1.09371	1.08881	291.47	6121.35
751	2017.05.25 10:30	buy	312	1.39	1.12384	1.12230	1.12769	0.00	6121.35
752	2017.05.25 12:34	s/l	312	1.39	1.12230	1.12230	1.12769	-214.06	5907.29
753	2017.05.31 10:00	buy	313	0.59	1.11880	1.11681	1.12378	0.00	5907.29
754	2017.05.31 14:05	modify	313	0.59	1.11880	1.11890	1.12378	0.00	5907.29
755	2017.05.31 16:49	t/p	313	0.59	1.12378	1.11890	1.12378	293.82	6201.11
756	2017.06.05 10:15	buy	314	2.41	1.12759	1.12579	1.13209	0.00	6201.11
757	2017.06.05 13:22	s/l	314	2.41	1.12579	1.12579	1.13209	-433.80	5767.31
758	2017.06.08 11:30	sell	315	0.38	1.12515	1.12666	1.12138	0.00	5767.31
759	2017.06.08 14:46	modify	315	0.38	1.12515	1.12505	1.12138	0.00	5767.31
760	2017.06.08 15:38	t/p	315	0.38	1.12138	1.12505	1.12138	143.26	5910.57
761	2017.06.12 14:15	buy	316	2.24	1.12241	1.12057	1.12701	0.00	5910.57
762	2017.06.12 16:51	s/l	316	2.24	1.12057	1.12057	1.12701	-412.16	5498.41
763	2017.06.21 16:30	sell	317	0.52	1.11336	1.11546	1.10811	0.00	5498.41
764	2017.06.21 21:22	s/l	317	0.52	1.11546	1.11546	1.10811	-109.20	5389.21
765	2017.07.05 11:30	sell	318	0.62	1.13503	1.13675	1.13073	0.00	5389.21
766	2017.07.05 12:00	modify	318	0.62	1.13503	1.13493	1.13073	0.00	5389.21
767	2017.07.05 21:00	s/l	318	0.62	1.13493	1.13493	1.13073	6.20	5395.41
768	2017.07.20 10:30	sell	319	0.95	1.15072	1.15270	1.14577	0.00	5395.41
769	2017.07.20 15:43	s/l	319	0.95	1.15270	1.15270	1.14577	-188.10	5207.31
770	2017.07.26 16:45	sell	320	0.44	1.16337	1.16572	1.15750	0.00	5207.31
771	2017.07.26 21:01	s/l	320	0.44	1.16572	1.16572	1.15750	-103.40	5103.91
772	2017.07.31 09:00	buy	321	0.62	1.17456	1.17293	1.17864	0.00	5103.91
773	2017.07.31 09:16	s/l	321	0.62	1.17293	1.17293	1.17864	-101.06	5002.85
774	2017.07.31 09:16	sell	322	0.50	1.17293	1.17492	1.16796	0.00	5002.85
775	2017.07.31 16:51	s/l	322	0.50	1.17492	1.17492	1.16796	-99.50	4903.35
776	2017.08.03 10:00	buy	323	0.31	1.18511	1.18354	1.18904	0.00	4903.35
777	2017.08.03 11:00	s/l	323	0.31	1.18354	1.18354	1.18904	-48.67	4854.68
778	2017.08.03 11:00	sell	324	0.36	1.18353	1.18487	1.18018	0.00	4854.68
779	2017.08.03 12:34	s/l	324	0.36	1.18487	1.18487	1.18018	-48.24	4806.44
780	2017.08.07 15:45	sell	325	0.54	1.17887	1.18062	1.17450	0.00	4806.44
781	2017.08.08 04:05	s/l	325	0.54	1.18062	1.18062	1.17450	-93.13	4713.31
782	2017.08.08 04:05	buy	326	1.04	1.18062	1.17972	1.18287	0.00	4713.31
783	2017.08.08 04:51	modify	326	1.04	1.18062	1.18072	1.18287	0.00	4713.31
784	2017.08.08 05:47	s/l	326	1.04	1.18072	1.18072	1.18287	10.40	4723.71
785	2017.08.22 15:45	sell	327	0.48	1.17550	1.17746	1.17060	0.00	4723.71
786	2017.08.23 10:32	s/l	327	0.48	1.17746	1.17746	1.17060	-92.86	4630.85
787	2017.09.06 09:00	buy	328	0.51	1.19253	1.19072	1.19706	0.00	4630.85
788	2017.09.07 10:46	modify	328	0.51	1.19253	1.19263	1.19706	0.00	4630.85
789	2017.09.07 12:21	t/p	328	0.51	1.19706	1.19263	1.19706	218.26	4849.11
790	2017.09.11 10:45	buy	329	1.59	1.20121	1.19908	1.20654	0.00	4849.11
791	2017.09.11 14:38	s/l	329	1.59	1.19908	1.19908	1.20654	-338.67	4510.44
792	2017.09.12 11:30	sell	330	0.55	1.19614	1.19776	1.19209	0.00	4510.44
793	2017.09.12 13:45	modify	330	0.55	1.19614	1.19604	1.19209	0.00	4510.44
794	2017.09.12 17:18	s/l	330	0.55	1.19604	1.19604	1.19209	5.50	4515.94
795	2017.09.13 10:30	buy	331	1.61	1.19861	1.19665	1.20351	0.00	4515.94
796	2017.09.13 12:53	s/l	331	1.61	1.19665	1.19665	1.20351	-315.56	4200.38
797	2017.09.13 14:00	buy	332	0.49	1.19866	1.19695	1.20294	0.00	4200.38
798	2017.09.13 16:01	s/l	332	0.49	1.19695	1.19695	1.20294	-83.79	4116.59
799	2017.09.18 15:30	buy	333	0.45	1.19576	1.19397	1.20024	0.00	4116.59
800	2017.09.18 18:53	s/l	333	0.45	1.19397	1.19397	1.20024	-80.55	4036.04
801	2017.09.28 16:00	sell	334	0.20	1.17668	1.17863	1.17181	0.00	4036.04
802	2017.09.28 16:20	s/l	334	0.20	1.17863	1.17863	1.17181	-39.00	3997.04
803	2017.09.28 16:20	buy	335	0.18	1.17863	1.17644	1.18411	0.00	3997.04
804	2017.09.29 15:30	modify	335	0.18	1.17863	1.17873	1.18411	0.00	3997.04
805	2017.10.02 04:10	s/l	335	0.18	1.17873	1.17873	1.18411	-1.20	3995.84
806	2017.10.03 15:45	sell	336	0.46	1.17382	1.17553	1.16955	0.00	3995.84
807	2017.10.03 16:24	s/l	336	0.46	1.17553	1.17553	1.16955	-78.66	3917.18
808	2017.10.03 16:24	buy	337	0.39	1.17553	1.17357	1.18043	0.00	3917.18
809	2017.10.04 00:51	s/l	337	0.39	1.17357	1.17357	1.18043	-79.69	3837.48
810	2017.10.19 09:45	buy	338	0.22	1.18123	1.17952	1.18551	0.00	3837.48
811	2017.10.19 11:09	s/l	338	0.22	1.17952	1.17952	1.18551	-37.62	3799.86
812	2017.10.19 11:09	sell	339	0.16	1.17952	1.18189	1.17360	0.00	3799.86
813	2017.10.19 13:21	s/l	339	0.16	1.18189	1.18189	1.17360	-37.92	3761.94
814	2017.10.31 10:30	sell	340	0.43	1.16350	1.16521	1.15923	0.00	3761.94
815	2017.10.31 18:26	s/l	340	0.43	1.16521	1.16521	1.15923	-73.53	3688.41
816	2017.11.06 09:15	sell	341	0.39	1.15999	1.16185	1.15534	0.00	3688.41
817	2017.11.07 10:43	modify	341	0.39	1.15999	1.15989	1.15534	0.00	3688.41
818	2017.11.08 01:19	s/l	341	0.39	1.15989	1.15989	1.15534	5.88	3694.29
819	2017.11.08 14:15	sell	342	1.58	1.15881	1.16044	1.15474	0.00	3694.29
820	2017.11.09 07:31	s/l	342	1.58	1.16044	1.16044	1.15474	-245.52	3448.77
821	2017.11.09 07:31	buy	343	0.98	1.16044	1.15922	1.16349	0.00	3448.77
822	2017.11.09 10:32	s/l	343	0.98	1.15922	1.15922	1.16349	-119.56	3329.21
823	2017.11.09 16:45	buy	344	0.14	1.16204	1.15982	1.16759	0.00	3329.21
824	2017.11.09 18:46	modify	344	0.14	1.16204	1.16214	1.16759	0.00	3329.21
825	2017.11.10 17:30	t/p	344	0.14	1.16759	1.16214	1.16759	76.53	3405.74
826	2017.11.16 08:30	buy	345	0.61	1.17957	1.17763	1.18442	0.00	3405.74
827	2017.11.16 09:36	s/l	345	0.61	1.17763	1.17763	1.18442	-118.34	3287.40
828	2017.11.22 16:30	buy	346	0.29	1.17671	1.17445	1.18236	0.00	3287.40
829	2017.11.22 21:01	modify	346	0.29	1.17671	1.17681	1.18236	0.00	3287.40
830	2017.11.22 21:30	t/p	346	0.29	1.18236	1.17681	1.18236	163.85	3451.25
831	2017.11.28 10:15	buy	347	1.22	1.19040	1.18842	1.19535	0.00	3451.25
832	2017.11.28 12:08	s/l	347	1.22	1.18842	1.18842	1.19535	-241.56	3209.69
833	2017.11.28 16:30	sell	348	0.38	1.18844	1.19010	1.18429	0.00	3209.69
834	2017.11.28 20:20	modify	348	0.38	1.18844	1.18834	1.18429	0.00	3209.69
835	2017.11.28 21:21	t/p	348	0.38	1.18429	1.18834	1.18429	157.70	3367.39
836	2017.12.06 09:45	sell	349	1.09	1.18199	1.18415	1.17659	0.00	3367.39
837	2017.12.06 16:58	modify	349	1.09	1.18199	1.18189	1.17659	0.00	3367.39
838	2017.12.08 03:43	t/p	349	1.09	1.17659	1.18189	1.17659	599.66	3967.05
839	2017.12.21 15:45	buy	350	0.46	1.18695	1.18524	1.19123	0.00	3967.05
840	2017.12.21 16:09	s/l	350	0.46	1.18524	1.18524	1.19123	-78.66	3888.39
841	2018.01.18 15:45	buy	351	0.21	1.22434	1.22252	1.22889	0.00	3888.39
842	2018.01.18 19:51	s/l	351	0.21	1.22252	1.22252	1.22889	-38.22	3850.17
843	2018.01.29 08:30	sell	352	0.44	1.24115	1.24288	1.23683	0.00	3850.17
844	2018.01.29 09:08	s/l	352	0.44	1.24288	1.24288	1.23683	-76.12	3774.05
845	2018.01.29 09:30	sell	353	0.33	1.24081	1.24309	1.23511	0.00	3774.05
846	2018.01.29 15:27	modify	353	0.33	1.24081	1.24071	1.23511	0.00	3774.05
847	2018.01.29 16:36	t/p	353	0.33	1.23511	1.24071	1.23511	188.10	3962.15
848	2018.02.01 08:15	sell	354	0.72	1.24092	1.24284	1.23612	0.00	3962.15
849	2018.02.01 10:14	s/l	354	0.72	1.24284	1.24284	1.23612	-138.24	3823.91
850	2018.02.05 14:00	sell	355	0.43	1.24476	1.24651	1.24039	0.00	3823.91
851	2018.02.05 16:05	modify	355	0.43	1.24476	1.24466	1.24039	0.00	3823.91
852	2018.02.05 16:40	t/p	355	0.43	1.24039	1.24466	1.24039	187.91	4011.82
853	2018.02.07 08:15	sell	356	1.70	1.23774	1.23939	1.23362	0.00	4011.82
854	2018.02.07 08:47	s/l	356	1.70	1.23939	1.23939	1.23362	-280.50	3731.32
855	2018.02.07 11:15	sell	357	0.32	1.23676	1.23904	1.23106	0.00	3731.32
856	2018.02.07 16:06	modify	357	0.32	1.23676	1.23666	1.23106	0.00	3731.32
857	2018.02.07 17:30	t/p	357	0.32	1.23106	1.23666	1.23106	182.40	3913.72
858	2018.02.12 14:15	sell	358	1.79	1.22619	1.22772	1.22237	0.00	3913.72
859	2018.02.12 15:34	modify	358	1.79	1.22619	1.22609	1.22237	0.00	3913.72
860	2018.02.12 16:43	s/l	358	1.79	1.22609	1.22609	1.22237	17.90	3931.62
861	2018.02.26 09:45	buy	359	0.83	1.23322	1.23134	1.23792	0.00	3931.62
862	2018.02.26 15:47	s/l	359	0.83	1.23134	1.23134	1.23792	-156.04	3775.58
863	2018.02.27 08:30	buy	360	0.49	1.23331	1.23179	1.23711	0.00	3775.58
864	2018.02.27 13:41	s/l	360	0.49	1.23179	1.23179	1.23711	-74.48	3701.10
865	2018.03.06 10:30	buy	361	0.42	1.23436	1.23260	1.23876	0.00	3701.10
866	2018.03.06 13:23	modify	361	0.42	1.23436	1.23446	1.23876	0.00	3701.10
867	2018.03.06 13:32	t/p	361	0.42	1.23876	1.23446	1.23876	184.80	3885.90
868	2018.03.08 09:45	buy	362	0.68	1.24118	1.23919	1.24616	0.00	3885.90
869	2018.03.08 10:52	s/l	362	0.68	1.23919	1.23919	1.24616	-135.32	3750.58
870	2018.04.03 15:45	sell	363	0.32	1.22940	1.23169	1.22368	0.00	3750.58
871	2018.04.03 16:29	modify	363	0.32	1.22940	1.22930	1.22368	0.00	3750.58
872	2018.04.04 10:59	s/l	363	0.32	1.22930	1.22930	1.22368	4.01	3754.59
873	2018.04.04 15:15	sell	364	1.65	1.22759	1.22918	1.22362	0.00	3754.59
874	2018.04.04 15:49	s/l	364	1.65	1.22918	1.22918	1.22362	-262.35	3492.24
875	2018.04.09 14:45	buy	365	0.44	1.22796	1.22640	1.23186	0.00	3492.24
876	2018.04.09 15:13	modify	365	0.44	1.22796	1.22806	1.23186	0.00	3492.24
877	2018.04.09 16:05	t/p	365	0.44	1.23186	1.22806	1.23186	171.60	3663.84
878	2018.04.18 11:15	buy	366	1.46	1.23700	1.23525	1.24138	0.00	3663.84
879	2018.04.18 12:00	s/l	366	1.46	1.23525	1.23525	1.24138	-255.50	3408.34
880	2018.05.03 16:00	sell	367	0.14	1.19795	1.20031	1.19205	0.00	3408.34
881	2018.05.03 21:44	s/l	367	0.14	1.20031	1.20031	1.19205	-33.04	3375.30
882	2018.05.08 10:00	sell	368	0.39	1.19179	1.19351	1.18749	0.00	3375.30
883	2018.05.08 11:27	modify	368	0.39	1.19179	1.19169	1.18749	0.00	3375.30
884	2018.05.08 12:42	t/p	368	0.39	1.18749	1.19169	1.18749	167.70	3543.00
885	2018.05.10 10:15	sell	369	0.59	1.18604	1.18812	1.18084	0.00	3543.00
886	2018.05.10 12:15	s/l	369	0.59	1.18812	1.18812	1.18084	-122.72	3420.28
887	2018.05.15 11:00	sell	370	0.42	1.19231	1.19391	1.18831	0.00	3420.28
888	2018.05.15 14:10	modify	370	0.42	1.19231	1.19221	1.18831	0.00	3420.28
889	2018.05.15 14:28	t/p	370	0.42	1.18831	1.19221	1.18831	168.00	3588.28
890	2018.05.17 09:15	sell	371	0.55	1.18149	1.18374	1.17587	0.00	3588.28
891	2018.05.17 13:27	modify	371	0.55	1.18149	1.18139	1.17587	0.00	3588.28
892	2018.05.18 08:58	s/l	371	0.55	1.18139	1.18139	1.17587	6.89	3595.18
893	2018.06.12 15:00	buy	372	0.74	1.17935	1.17741	1.18420	0.00	3595.18
894	2018.06.12 19:58	s/l	372	0.74	1.17741	1.17741	1.18420	-143.56	3451.62
895	2018.06.13 09:15	sell	373	0.45	1.17397	1.17548	1.17020	0.00	3451.62
896	2018.06.13 12:52	s/l	373	0.45	1.17548	1.17548	1.17020	-67.95	3383.67
897	2018.06.20 10:00	sell	374	0.34	1.15667	1.15862	1.15180	0.00	3383.67
898	2018.06.20 10:42	s/l	374	0.34	1.15862	1.15862	1.15180	-66.30	3317.37
899	2018.06.21 11:15	sell	375	0.21	1.15541	1.15697	1.15151	0.00	3317.37
900	2018.06.21 11:50	modify	375	0.21	1.15541	1.15531	1.15151	0.00	3317.37
901	2018.06.21 12:02	t/p	375	0.21	1.15151	1.15531	1.15151	81.90	3399.27
902	2018.06.27 08:15	sell	376	1.25	1.16401	1.16590	1.15929	0.00	3399.27
903	2018.06.27 09:09	s/l	376	1.25	1.16590	1.16590	1.15929	-236.25	3163.02
904	2018.06.27 10:45	sell	377	0.32	1.16544	1.16741	1.16052	0.00	3163.02
905	2018.06.27 11:35	modify	377	0.32	1.16544	1.16534	1.16052	0.00	3163.02
906	2018.06.27 15:48	t/p	377	0.32	1.16052	1.16534	1.16052	157.44	3320.46
907	2018.07.05 08:30	buy	378	0.70	1.16643	1.16479	1.17053	0.00	3320.46
908	2018.07.05 08:51	modify	378	0.70	1.16643	1.16653	1.17053	0.00	3320.46
909	2018.07.05 09:37	t/p	378	0.70	1.17053	1.16653	1.17053	287.00	3607.46
910	2018.07.10 09:45	buy	379	0.85	1.17465	1.17297	1.17885	0.00	3607.46
911	2018.07.10 11:39	s/l	379	0.85	1.17297	1.17297	1.17885	-142.80	3464.66
912	2018.07.10 11:45	sell	380	0.28	1.17264	1.17505	1.16662	0.00	3464.66
913	2018.07.11 15:45	s/l	380	0.28	1.17505	1.17505	1.16662	-66.77	3397.89
914	2018.07.24 11:30	sell	381	0.35	1.16796	1.16988	1.16316	0.00	3397.89
915	2018.07.24 13:09	s/l	381	0.35	1.16988	1.16988	1.16316	-67.20	3330.69
916	2018.07.24 16:45	buy	382	0.37	1.17052	1.16876	1.17492	0.00	3330.69
917	2018.07.24 18:51	s/l	382	0.37	1.16876	1.16876	1.17492	-65.12	3265.57
918	2018.07.25 16:00	buy	383	0.41	1.16990	1.16834	1.17380	0.00	3265.57
919	2018.07.25 17:43	s/l	383	0.41	1.16834	1.16834	1.17380	-63.96	3201.61
920	2018.08.01 16:45	sell	384	0.42	1.16783	1.16935	1.16403	0.00	3201.61
921	2018.08.02 05:44	modify	384	0.42	1.16783	1.16773	1.16403	0.00	3201.61
922	2018.08.02 09:35	t/p	384	0.42	1.16403	1.16773	1.16403	162.80	3364.40
923	2018.08.16 11:30	buy	385	0.51	1.13776	1.13548	1.14346	0.00	3364.40
924	2018.08.16 20:47	s/l	385	0.51	1.13548	1.13548	1.14346	-116.28	3248.12
925	2018.08.27 14:15	buy	386	0.43	1.16177	1.16026	1.16555	0.00	3248.12
926	2018.08.27 15:20	modify	386	0.43	1.16177	1.16187	1.16555	0.00	3248.12
927	2018.08.27 16:48	t/p	386	0.43	1.16555	1.16187	1.16555	162.54	3410.66
928	2018.09.05 09:15	sell	387	1.57	1.15819	1.15971	1.15439	0.00	3410.66
929	2018.09.05 10:16	modify	387	1.57	1.15819	1.15809	1.15439	0.00	3410.66
930	2018.09.05 10:22	t/p	387	1.57	1.15439	1.15809	1.15439	596.60	4007.26
931	2018.09.06 10:30	buy	388	0.35	1.16337	1.16114	1.16895	0.00	4007.26
932	2018.09.06 18:06	s/l	388	0.35	1.16114	1.16114	1.16895	-78.05	3929.21
933	2018.09.12 11:45	sell	389	0.33	1.15831	1.16064	1.15249	0.00	3929.21
934	2018.09.12 17:01	s/l	389	0.33	1.16064	1.16064	1.15249	-76.89	3852.32
935	2018.09.25 11:45	buy	390	0.30	1.17560	1.17311	1.18183	0.00	3852.32
936	2018.09.26 15:20	s/l	390	0.30	1.17311	1.17311	1.18183	-77.20	3775.12
937	2018.09.26 15:20	sell	391	0.45	1.17311	1.17478	1.16894	0.00	3775.12
938	2018.09.26 17:45	s/l	391	0.45	1.17478	1.17478	1.16894	-75.15	3699.97
939	2018.10.10 14:00	buy	392	0.42	1.15026	1.14853	1.15459	0.00	3699.97
940	2018.10.10 17:09	modify	392	0.42	1.15026	1.15036	1.15459	0.00	3699.97
941	2018.10.11 04:51	t/p	392	0.42	1.15459	1.15036	1.15459	171.35	3871.31
942	2018.10.16 10:30	buy	393	1.16	1.15911	1.15678	1.16494	0.00	3871.31
943	2018.10.16 12:23	s/l	393	1.16	1.15678	1.15678	1.16494	-270.28	3601.03
944	2018.10.18 15:15	sell	394	0.21	1.15042	1.15208	1.14627	0.00	3601.03
945	2018.10.18 19:15	modify	394	0.21	1.15042	1.15032	1.14627	0.00	3601.03
946	2018.10.18 20:19	t/p	394	0.21	1.14627	1.15032	1.14627	87.15	3688.18
947	2018.10.25 16:15	sell	395	0.54	1.14105	1.14342	1.13513	0.00	3688.18
948	2018.10.25 16:40	modify	395	0.54	1.14105	1.14095	1.13513	0.00	3688.18
949	2018.10.26 12:53	t/p	395	0.54	1.13513	1.14095	1.13513	321.05	4009.23
950	2018.11.08 09:15	sell	396	0.38	1.14158	1.14369	1.13631	0.00	4009.23
951	2018.11.08 10:02	s/l	396	0.38	1.14369	1.14369	1.13631	-80.18	3929.05
952	2018.11.08 11:00	sell	397	0.23	1.14295	1.14463	1.13875	0.00	3929.05
953	2018.11.08 13:34	modify	397	0.23	1.14295	1.14285	1.13875	0.00	3929.05
954	2018.11.08 15:15	s/l	397	0.23	1.14285	1.14285	1.13875	2.30	3931.35
955	2018.11.21 11:45	sell	398	1.11	1.13826	1.14073	1.13209	0.00	3931.35
956	2018.11.21 13:23	s/l	398	1.11	1.14073	1.14073	1.13209	-274.17	3657.18
957	2018.11.26 15:00	sell	399	0.48	1.13561	1.13712	1.13184	0.00	3657.18
958	2018.11.26 15:34	s/l	399	0.48	1.13712	1.13712	1.13184	-72.48	3584.70
959	2018.12.13 15:30	buy	400	0.15	1.13807	1.13570	1.14400	0.00	3584.70
960	2018.12.13 15:38	s/l	400	0.15	1.13570	1.13570	1.14400	-35.55	3549.15
961	2018.12.27 09:45	sell	401	0.22	1.13748	1.13907	1.13351	0.00	3549.15
962	2018.12.27 10:24	s/l	401	0.22	1.13907	1.13907	1.13351	-34.98	3514.17
963	2018.12.27 10:24	buy	402	0.17	1.13907	1.13708	1.14405	0.00	3514.17
964	2018.12.27 14:58	s/l	402	0.17	1.13708	1.13708	1.14405	-33.83	3480.34
965	2018.12.31 10:00	buy	403	0.33	1.14428	1.14219	1.14951	0.00	3480.34
966	2019.01.02 07:58	modify	403	0.33	1.14428	1.14438	1.14951	0.00	3480.34
967	2019.01.02 08:10	t/p	403	0.33	1.14951	1.14438	1.14951	167.08	3647.43
968	2019.01.09 15:45	buy	404	1.46	1.14633	1.14459	1.15068	0.00	3647.43
969	2019.01.09 16:35	modify	404	1.46	1.14633	1.14643	1.15068	0.00	3647.43
970	2019.01.09 16:36	t/p	404	1.46	1.15068	1.14643	1.15068	635.10	4282.53
971	2019.01.14 14:45	sell	405	1.05	1.14570	1.14732	1.14165	0.00	4282.53
972	2019.01.14 17:55	s/l	405	1.05	1.14732	1.14732	1.14165	-170.10	4112.43
973	2019.01.17 15:45	sell	406	0.21	1.13876	1.14064	1.13406	0.00	4112.43
974	2019.01.18 12:02	s/l	406	0.21	1.14064	1.14064	1.13406	-38.95	4073.48
975	2019.01.30 10:30	buy	407	0.45	1.14396	1.14218	1.14841	0.00	4073.48
976	2019.01.30 13:11	s/l	407	0.45	1.14218	1.14218	1.14841	-80.10	3993.38
977	2019.02.13 14:00	buy	408	0.38	1.13294	1.13087	1.13812	0.00	3993.38
978	2019.02.13 14:54	s/l	408	0.38	1.13087	1.13087	1.13812	-78.66	3914.72
979	2019.02.20 14:30	buy	409	0.42	1.13406	1.13223	1.13864	0.00	3914.72
980	2019.02.20 18:51	modify	409	0.42	1.13406	1.13416	1.13864	0.00	3914.72
981	2019.02.20 21:11	s/l	409	0.42	1.13416	1.13416	1.13864	4.20	3918.92
982	2019.03.11 15:30	buy	410	1.27	1.12518	1.12302	1.13058	0.00	3918.92
983	2019.03.11 17:51	s/l	410	1.27	1.12302	1.12302	1.13058	-274.32	3644.60
984	2019.03.14 09:30	buy	411	0.23	1.13253	1.13098	1.13641	0.00	3644.60
985	2019.03.14 12:01	s/l	411	0.23	1.13098	1.13098	1.13641	-35.65	3608.95
986	2019.10.03 15:45	buy	412	0.22	1.09621	1.09460	1.10024	0.00	3608.95
987	2019.10.03 17:00	modify	412	0.22	1.09621	1.09631	1.10024	0.00	3608.95
988	2019.10.03 23:59	s/l	412	0.22	1.09631	1.09631	1.10024	2.20	3611.15
989	2019.10.16 15:45	buy	413	1.08	1.10442	1.10210	1.11022	0.00	3611.15
990	2019.10.16 19:25	modify	413	1.08	1.10442	1.10452	1.11022	0.00	3611.15
991	2019.10.17 12:30	t/p	413	1.08	1.11022	1.10452	1.11022	599.37	4210.52
992	2019.11.07 16:00	sell	414	0.48	1.10670	1.10843	1.10238	0.00	4210.52
993	2019.11.07 17:57	modify	414	0.48	1.10670	1.10660	1.10238	0.00	4210.52
994	2019.11.08 17:02	t/p	414	0.48	1.10238	1.10660	1.10238	208.58	4419.09
995	2020.02.24 10:30	buy	415	0.96	1.08283	1.08099	1.08743	0.00	4419.09
996	2020.02.24 17:07	modify	415	0.96	1.08283	1.08293	1.08743	0.00	4419.09
997	2020.02.25 18:16	t/p	415	0.96	1.08743	1.08293	1.08743	433.59	4852.68
998	2020.03.04 10:00	buy	416	1.18	1.11594	1.11430	1.12004	0.00	4852.68
999	2020.03.04 10:42	modify	416	1.18	1.11594	1.11604	1.12004	0.00	4852.68
1000	2020.03.04 11:04	s/l	416	1.18	1.11604	1.11604	1.12004	11.80	4864.48
1001	2020.04.06 09:15	sell	417	0.86	1.08149	1.08374	1.07587	0.00	4864.48
1002	2020.04.06 15:45	modify	417	0.86	1.08149	1.08139	1.07587	0.00	4864.48
1003	2020.04.06 18:24	s/l	417	0.86	1.08139	1.08139	1.07587	8.60	4873.08
1004	2020.04.09 15:15	buy	418	0.49	1.08670	1.08475	1.09158	0.00	4873.08
1005	2020.04.09 15:53	modify	418	0.49	1.08670	1.08680	1.09158	0.00	4873.08
1006	2020.04.09 16:13	t/p	418	0.49	1.09158	1.08680	1.09158	239.12	5112.20
1007	2020.04.13 09:30	buy	419	1.17	1.09488	1.09314	1.09923	0.00	5112.20
1008	2020.04.13 11:20	s/l	419	1.17	1.09314	1.09314	1.09923	-203.58	4908.62
1009	2020.04.13 15:00	buy	420	0.42	1.09303	1.09072	1.09881	0.00	4908.62
1010	2020.04.13 16:29	s/l	420	0.42	1.09072	1.09072	1.09881	-97.02	4811.60
1011	2020.04.20 08:45	sell	421	0.47	1.08528	1.08731	1.08021	0.00	4811.60
1012	2020.04.20 11:46	s/l	421	0.47	1.08731	1.08731	1.08021	-95.41	4716.19
1013	2020.04.20 11:46	buy	422	0.60	1.08731	1.08574	1.09124	0.00	4716.19
1014	2020.04.20 14:08	s/l	422	0.60	1.08574	1.08574	1.09124	-94.20	4621.99
1015	2020.04.28 10:30	buy	423	0.40	1.08307	1.08076	1.08885	0.00	4621.99
1016	2020.04.28 12:20	modify	423	0.40	1.08307	1.08317	1.08885	0.00	4621.99
1017	2020.04.28 17:59	s/l	423	0.40	1.08317	1.08317	1.08885	4.00	4625.99
1018	2020.04.29 16:00	buy	424	1.63	1.08573	1.08375	1.09068	0.00	4625.99
1019	2020.04.30 10:05	modify	424	1.63	1.08573	1.08583	1.09068	0.00	4625.99
1020	2020.04.30 16:08	s/l	424	1.63	1.08583	1.08583	1.09068	-24.50	4601.49
1021	2020.05.07 11:00	sell	425	0.23	1.07988	1.08182	1.07503	0.00	4601.49
1022	2020.05.07 17:03	modify	425	0.23	1.07988	1.07978	1.07503	0.00	4601.49
1023	2020.05.07 18:45	s/l	425	0.23	1.07978	1.07978	1.07503	2.30	4603.79
1024	2020.05.12 10:45	sell	426	1.54	1.08086	1.08295	1.07564	0.00	4603.79
1025	2020.05.12 13:25	s/l	426	1.54	1.08295	1.08295	1.07564	-321.86	4281.93
1026	2020.05.27 11:00	buy	427	0.56	1.09651	1.09499	1.10031	0.00	4281.93
1027	2020.05.27 12:03	s/l	427	0.56	1.09499	1.09499	1.10031	-85.12	4196.81
1028	2020.06.08 10:00	buy	428	0.54	1.12944	1.12791	1.13327	0.00	4196.81
1029	2020.06.08 13:35	s/l	428	0.54	1.12791	1.12791	1.13327	-82.62	4114.19
1030	2020.06.09 09:45	sell	429	0.36	1.12753	1.12980	1.12186	0.00	4114.19
1031	2020.06.09 11:19	modify	429	0.36	1.12753	1.12743	1.12186	0.00	4114.19
1032	2020.06.09 13:09	s/l	429	0.36	1.12743	1.12743	1.12186	3.60	4117.79
1033	2020.06.24 14:00	buy	430	1.80	1.13069	1.12909	1.13469	0.00	4117.79
1034	2020.06.24 14:43	s/l	430	1.80	1.12909	1.12909	1.13469	-288.00	3829.79
1035	2020.07.08 09:15	sell	431	0.42	1.12656	1.12836	1.12206	0.00	3829.79
1036	2020.07.08 10:06	s/l	431	0.42	1.12836	1.12836	1.12206	-75.60	3754.19
1037	2020.07.08 14:45	buy	432	0.49	1.12893	1.12740	1.13276	0.00	3754.19
1038	2020.07.08 16:32	modify	432	0.49	1.12893	1.12903	1.13276	0.00	3754.19
1039	2020.07.08 16:39	t/p	432	0.49	1.13276	1.12903	1.13276	187.67	3941.86
1040	2020.07.14 11:45	buy	433	1.33	1.13492	1.13285	1.14010	0.00	3941.86
1041	2020.07.14 14:36	modify	433	1.33	1.13492	1.13502	1.14010	0.00	3941.86
1042	2020.07.14 17:29	t/p	433	1.33	1.14010	1.13502	1.14010	688.94	4630.80
1043	2020.07.16 15:00	buy	434	0.49	1.14133	1.13944	1.14606	0.00	4630.80
1044	2020.07.16 17:40	modify	434	0.49	1.14133	1.14143	1.14606	0.00	4630.80
1045	2020.07.16 19:39	s/l	434	0.49	1.14143	1.14143	1.14606	4.90	4635.70
1046	2020.07.21 10:15	buy	435	0.75	1.14589	1.14345	1.15199	0.00	4635.70
1047	2020.07.21 10:46	s/l	435	0.75	1.14345	1.14345	1.15199	-183.00	4452.70
1048	2020.07.29 09:15	buy	436	0.53	1.17407	1.17240	1.17825	0.00	4452.70
1049	2020.07.29 10:43	modify	436	0.53	1.17407	1.17417	1.17825	0.00	4452.70
1050	2020.07.29 14:01	s/l	436	0.53	1.17417	1.17417	1.17825	5.30	4458.00
1051	2020.08.17 14:45	buy	437	1.62	1.18510	1.18318	1.18990	0.00	4458.00
1052	2020.08.17 16:51	modify	437	1.62	1.18510	1.18520	1.18990	0.00	4458.00
1053	2020.08.18 09:33	t/p	437	1.62	1.18990	1.18520	1.18990	764.08	5222.08
1054	2020.08.27 10:45	buy	438	0.60	1.18316	1.18144	1.18746	0.00	5222.08
1055	2020.08.27 13:34	s/l	438	0.60	1.18144	1.18144	1.18746	-103.20	5118.88
1056	2020.09.02 09:30	sell	439	0.54	1.18965	1.19153	1.18495	0.00	5118.88
1057	2020.09.02 10:32	modify	439	0.54	1.18965	1.18955	1.18495	0.00	5118.88
1058	2020.09.02 14:31	t/p	439	0.54	1.18495	1.18955	1.18495	253.80	5372.68
1059	2020.09.09 11:45	sell	440	1.76	1.17679	1.17892	1.17147	0.00	5372.68
1060	2020.09.09 15:49	s/l	440	1.76	1.17892	1.17892	1.17147	-374.88	4997.80
1061	2020.09.10 11:30	buy	441	0.27	1.18319	1.18138	1.18772	0.00	4997.80
1062	2020.09.10 15:31	modify	441	0.27	1.18319	1.18329	1.18772	0.00	4997.80
1063	2020.09.10 15:31	t/p	441	0.27	1.18772	1.18329	1.18772	122.31	5120.11
1064	2020.09.30 15:30	buy	442	1.89	1.17154	1.16965	1.17627	0.00	5120.11
1065	2020.09.30 16:38	s/l	442	1.89	1.16965	1.16965	1.17627	-357.21	4762.90
1066	2020.10.12 10:45	buy	443	0.52	1.18219	1.18036	1.18677	0.00	4762.90
1067	2020.10.12 12:24	s/l	443	0.52	1.18036	1.18036	1.18677	-95.16	4667.74
1068	2020.10.13 16:15	sell	444	0.51	1.17823	1.18006	1.17366	0.00	4667.74
1069	2020.10.13 16:39	modify	444	0.51	1.17823	1.17813	1.17366	0.00	4667.74
1070	2020.10.13 18:47	t/p	444	0.51	1.17366	1.17813	1.17366	233.07	4900.81
1071	2020.11.10 10:00	sell	445	1.63	1.18168	1.18378	1.17643	0.00	4900.81
1072	2020.11.10 10:28	s/l	445	1.63	1.18378	1.18378	1.17643	-342.30	4558.51
1073	2020.11.11 09:45	sell	446	0.58	1.18144	1.18301	1.17752	0.00	4558.51
1074	2020.11.11 10:20	modify	446	0.58	1.18144	1.18134	1.17752	0.00	4558.51
1075	2020.11.11 12:55	t/p	446	0.58	1.17752	1.18134	1.17752	227.36	4785.87
1076	2020.11.12 16:00	buy	447	0.79	1.18095	1.17883	1.18625	0.00	4785.87
1077	2020.11.12 16:29	s/l	447	0.79	1.17883	1.17883	1.18625	-167.48	4618.39
1078	2020.11.19 10:30	sell	448	0.26	1.18360	1.18534	1.17925	0.00	4618.39
1079	2020.11.19 20:55	s/l	448	0.26	1.18534	1.18534	1.17925	-45.24	4573.15
1080	2020.11.25 15:00	buy	449	0.57	1.18959	1.18799	1.19359	0.00	4573.15
1081	2020.11.25 17:39	modify	449	0.57	1.18959	1.18969	1.19359	0.00	4573.15
1082	2020.11.26 08:23	t/p	449	0.57	1.19359	1.18969	1.19359	213.73	4786.88
1083	2020.12.01 15:30	buy	450	1.66	1.19823	1.19622	1.20326	0.00	4786.88
1084	2020.12.01 17:17	modify	450	1.66	1.19823	1.19833	1.20326	0.00	4786.88
1085	2020.12.01 17:49	t/p	450	1.66	1.20326	1.19833	1.20326	834.98	5621.86
1086	2020.12.15 16:30	buy	451	1.17	1.21529	1.21338	1.22007	0.00	5621.86
1087	2020.12.16 10:30	modify	451	1.17	1.21529	1.21539	1.22007	0.00	5621.86
1088	2020.12.16 10:34	t/p	451	1.17	1.22007	1.21539	1.22007	549.50	6171.36
1089	2020.12.22 10:00	sell	452	1.63	1.22167	1.22318	1.21790	0.00	6171.36
1090	2020.12.22 12:52	s/l	452	1.63	1.22318	1.22318	1.21790	-246.13	5925.23
1091	2020.12.23 10:15	sell	453	0.62	1.21838	1.22029	1.21361	0.00	5925.23
1092	2020.12.23 16:30	s/l	453	0.62	1.22029	1.22029	1.21361	-118.42	5806.81
1093	2020.12.28 15:15	buy	454	0.62	1.22187	1.22001	1.22652	0.00	5806.81
1094	2020.12.29 09:12	modify	454	0.62	1.22187	1.22197	1.22652	0.00	5806.81
1095	2020.12.29 16:48	t/p	454	0.62	1.22652	1.22197	1.22652	283.13	6089.94
1096	2020.12.31 11:00	buy	455	1.30	1.23012	1.22849	1.23420	0.00	6089.94
1097	2020.12.31 11:15	s/l	455	1.30	1.22849	1.22849	1.23420	-211.90	5878.04
1098	2021.01.05 10:15	buy	456	0.70	1.22697	1.22531	1.23112	0.00	5878.04
1099	2021.01.05 18:45	modify	456	0.70	1.22697	1.22707	1.23112	0.00	5878.04
1100	2021.01.06 02:50	t/p	456	0.70	1.23112	1.22707	1.23112	284.66	6162.70
1101	2021.01.21 11:30	buy	457	0.98	1.21412	1.21193	1.21960	0.00	6162.70
1102	2021.01.22 02:14	modify	457	0.98	1.21412	1.21422	1.21960	0.00	6162.70
1103	2021.01.25 12:00	s/l	457	0.98	1.21422	1.21422	1.21960	-6.55	6156.14
1104	2021.01.28 15:15	sell	458	0.27	1.20907	1.21129	1.20352	0.00	6156.14
1105	2021.01.28 15:50	s/l	458	0.27	1.21129	1.21129	1.20352	-59.94	6096.20
1106	2021.02.02 11:45	sell	459	0.60	1.20683	1.20886	1.20176	0.00	6096.20
1107	2021.02.02 12:16	modify	459	0.60	1.20683	1.20673	1.20176	0.00	6096.20
1108	2021.02.02 19:01	t/p	459	0.60	1.20176	1.20673	1.20176	304.20	6400.40
1109	2021.02.08 09:45	buy	460	2.81	1.20459	1.20300	1.20857	0.00	6400.40
1110	2021.02.08 10:29	s/l	460	2.81	1.20300	1.20300	1.20857	-446.79	5953.61
1111	2021.02.08 15:45	buy	461	0.64	1.20367	1.20182	1.20830	0.00	5953.61
1112	2021.02.08 17:05	modify	461	0.64	1.20367	1.20377	1.20830	0.00	5953.61
1113	2021.02.08 18:21	s/l	461	0.64	1.20377	1.20377	1.20830	6.40	5960.01
1114	2021.02.22 10:15	buy	462	2.52	1.21199	1.21034	1.21612	0.00	5960.01
1115	2021.02.22 10:27	s/l	462	2.52	1.21034	1.21034	1.21612	-415.80	5544.21
1116	2021.04.15 16:30	buy	463	0.31	1.19716	1.19541	1.20154	0.00	5544.21
1117	2021.04.16 04:04	s/l	463	0.31	1.19541	1.19541	1.20154	-56.84	5487.38
1118	2021.04.21 16:15	sell	464	0.72	1.20019	1.20171	1.19639	0.00	5487.38
1119	2021.04.21 17:26	s/l	464	0.72	1.20171	1.20171	1.19639	-109.44	5377.94
1120	2021.05.13 11:30	sell	465	0.29	1.20814	1.20997	1.20357	0.00	5377.94
1121	2021.05.13 11:50	modify	465	0.29	1.20814	1.20804	1.20357	0.00	5377.94
1122	2021.05.13 14:23	s/l	465	0.29	1.20804	1.20804	1.20357	2.90	5380.84
1123	2021.05.27 09:30	sell	466	1.07	1.21872	1.22048	1.21432	0.00	5380.84
1124	2021.05.27 10:17	s/l	466	1.07	1.22048	1.22048	1.21432	-188.32	5192.52
1125	2021.05.27 16:00	sell	467	0.28	1.21861	1.22041	1.21411	0.00	5192.52
1126	2021.05.27 17:17	s/l	467	0.28	1.22041	1.22041	1.21411	-50.40	5142.12
1127	2021.05.31 15:00	buy	468	0.66	1.21993	1.21839	1.22378	0.00	5142.12
1128	2021.05.31 17:55	modify	468	0.66	1.21993	1.22003	1.22378	0.00	5142.12
1129	2021.06.01 10:30	t/p	468	0.66	1.22378	1.22003	1.22378	248.59	5390.71
1130	2021.06.23 10:45	buy	469	1.52	1.19343	1.19096	1.19961	0.00	5390.71
1131	2021.06.25 16:56	modify	469	1.52	1.19343	1.19353	1.19961	0.00	5390.71
1132	2021.06.25 19:29	s/l	469	1.52	1.19353	1.19353	1.19961	-35.53	5355.18
1133	2021.07.05 09:45	buy	470	0.67	1.18658	1.18499	1.19056	0.00	5355.18
1134	2021.07.06 09:04	modify	470	0.67	1.18658	1.18668	1.19056	0.00	5355.18
1135	2021.07.06 11:07	s/l	470	0.67	1.18668	1.18668	1.19056	1.11	5356.29
1136	2021.07.07 16:00	sell	471	1.68	1.18159	1.18382	1.17602	0.00	5356.29
1137	2021.07.07 17:32	modify	471	1.68	1.18159	1.18149	1.17602	0.00	5356.29
1138	2021.07.07 21:02	s/l	471	1.68	1.18149	1.18149	1.17602	16.80	5373.09
1139	2021.07.20 15:15	sell	472	1.08	1.17749	1.17948	1.17252	0.00	5373.09
1140	2021.07.21 17:40	s/l	472	1.08	1.17948	1.17948	1.17252	-212.18	5160.91
1141	2021.08.05 15:30	sell	473	0.29	1.18418	1.18592	1.17983	0.00	5160.91
1142	2021.08.06 11:23	modify	473	0.29	1.18418	1.18408	1.17983	0.00	5160.91
1143	2021.08.06 15:30	t/p	473	0.29	1.17983	1.18408	1.17983	126.89	5287.79
1144	2021.08.25 16:15	buy	474	1.91	1.17433	1.17240	1.17916	0.00	5287.79
1145	2021.08.25 21:13	modify	474	1.91	1.17433	1.17443	1.17916	0.00	5287.79
1146	2021.08.27 03:35	s/l	474	1.91	1.17443	1.17443	1.17916	-44.65	5243.14
1147	2021.09.01 15:30	buy	475	0.69	1.18263	1.18112	1.18641	0.00	5243.14
1148	2021.09.01 17:45	modify	475	0.69	1.18263	1.18273	1.18641	0.00	5243.14
1149	2021.09.02 17:38	t/p	475	0.69	1.18641	1.18273	1.18641	243.55	5486.69
1150	2021.09.23 15:45	buy	476	1.04	1.17305	1.17121	1.17765	0.00	5486.69
1151	2021.09.24 15:32	s/l	476	1.04	1.17121	1.17121	1.17765	-200.04	5286.65
1152	2021.09.27 14:30	sell	477	0.68	1.16971	1.17125	1.16586	0.00	5286.65
1153	2021.09.28 10:10	modify	477	0.68	1.16971	1.16961	1.16586	0.00	5286.65
1154	2021.09.28 17:15	s/l	477	0.68	1.16961	1.16961	1.16586	8.52	5295.18
1155	2021.10.05 16:15	sell	478	2.20	1.15887	1.16055	1.15467	0.00	5295.18
1156	2021.10.05 18:13	s/l	478	2.20	1.16055	1.16055	1.15467	-369.60	4925.58
1157	2021.10.25 10:45	buy	479	0.41	1.16630	1.16392	1.17225	0.00	4925.58
1158	2021.10.25 12:18	s/l	479	0.41	1.16392	1.16392	1.17225	-97.58	4828.00
1159	2021.11.04 16:00	sell	480	0.24	1.15534	1.15731	1.15042	0.00	4828.00
1160	2021.11.05 14:30	modify	480	0.24	1.15534	1.15524	1.15042	0.00	4828.00
1161	2021.11.05 17:39	s/l	480	0.24	1.15524	1.15524	1.15042	3.01	4831.01
1162	2021.11.08 10:45	buy	481	1.62	1.15691	1.15483	1.16211	0.00	4831.01
1163	2021.11.09 07:05	modify	481	1.62	1.15691	1.15701	1.16211	0.00	4831.01
1164	2021.11.09 15:01	s/l	481	1.62	1.15701	1.15701	1.16211	2.68	4833.69
1165	2021.11.15 15:00	sell	482	1.23	1.14409	1.14566	1.14017	0.00	4833.69
1166	2021.11.15 18:02	modify	482	1.23	1.14409	1.14399	1.14017	0.00	4833.69
1167	2021.11.15 19:24	t/p	482	1.23	1.14017	1.14399	1.14017	482.16	5315.85
1168	2021.11.18 16:30	buy	483	0.64	1.13411	1.13247	1.13821	0.00	5315.85
1169	2021.11.18 19:04	modify	483	0.64	1.13411	1.13421	1.13821	0.00	5315.85
1170	2021.11.19 10:01	s/l	483	0.64	1.13421	1.13421	1.13821	1.06	5316.91
1171	2021.12.01 15:30	buy	484	1.07	1.13284	1.13087	1.13777	0.00	5316.91
1172	2021.12.02 09:56	s/l	484	1.07	1.13087	1.13087	1.13777	-237.57	5079.34
1173	2021.12.02 10:45	buy	485	0.31	1.13242	1.13080	1.13647	0.00	5079.34
1174	2021.12.02 18:20	s/l	485	0.31	1.13080	1.13080	1.13647	-50.22	5029.12
1175	2021.12.27 14:15	sell	486	0.62	1.13070	1.13231	1.12668	0.00	5029.12
1176	2021.12.27 16:38	s/l	486	0.62	1.13231	1.13231	1.12668	-99.82	4929.30
1177	2021.12.27 16:38	buy	487	0.60	1.13232	1.13070	1.13637	0.00	4929.30
1178	2021.12.28 16:41	s/l	487	0.60	1.13070	1.13070	1.13637	-102.21	4827.09
1179	2022.01.03 15:30	buy	488	0.56	1.13631	1.13461	1.14056	0.00	4827.09
1180	2022.01.03 15:51	s/l	488	0.56	1.13461	1.13461	1.14056	-95.20	4731.89
1181	2022.01.03 15:51	sell	489	0.47	1.13461	1.13660	1.12964	0.00	4731.89
1182	2022.01.03 16:50	modify	489	0.47	1.13461	1.13451	1.12964	0.00	4731.89
1183	2022.01.03 17:27	t/p	489	0.47	1.12964	1.13451	1.12964	233.59	4965.48
1184	2022.01.05 15:15	buy	490	0.64	1.13182	1.13029	1.13565	0.00	4965.48
1185	2022.01.05 17:01	modify	490	0.64	1.13182	1.13192	1.13565	0.00	4965.48
1186	2022.01.05 21:09	s/l	490	0.64	1.13192	1.13192	1.13565	6.40	4971.88
1187	2022.01.06 16:45	buy	491	0.81	1.13256	1.13043	1.13789	0.00	4971.88
1188	2022.01.06 17:26	s/l	491	0.81	1.13043	1.13043	1.13789	-172.53	4799.35
1189	2022.01.20 16:30	sell	492	0.28	1.13429	1.13596	1.13012	0.00	4799.35
1190	2022.01.20 20:37	modify	492	0.28	1.13429	1.13419	1.13012	0.00	4799.35
1191	2022.01.21 03:03	t/p	492	0.28	1.13012	1.13419	1.13012	117.47	4916.82
1192	2022.02.08 15:15	sell	493	1.87	1.14073	1.14257	1.13613	0.00	4916.82
1193	2022.02.09 04:02	s/l	493	1.87	1.14257	1.14257	1.13613	-339.34	4577.48
1194	2022.02.09 15:45	buy	494	0.53	1.14450	1.14278	1.14880	0.00	4577.48
1195	2022.02.09 16:24	s/l	494	0.53	1.14278	1.14278	1.14880	-91.16	4486.32
1196	2022.02.16 16:45	buy	495	0.47	1.13702	1.13512	1.14177	0.00	4486.32
1197	2022.02.17 05:55	s/l	495	0.47	1.13512	1.13512	1.14177	-101.07	4385.26
1198	2022.02.17 08:45	sell	496	0.20	1.13546	1.13760	1.13011	0.00	4385.26
1199	2022.02.17 10:00	s/l	496	0.20	1.13760	1.13760	1.13011	-42.80	4342.46
1200	2022.02.17 10:00	buy	497	0.20	1.13760	1.13551	1.14283	0.00	4342.46
1201	2022.02.17 10:28	s/l	497	0.20	1.13551	1.13551	1.14283	-41.80	4300.66
1202	2022.03.09 10:15	buy	498	0.42	1.09293	1.09089	1.09803	0.00	4300.66
1203	2022.03.09 11:27	modify	498	0.42	1.09293	1.09303	1.09803	0.00	4300.66
1204	2022.03.09 12:06	t/p	498	0.42	1.09803	1.09303	1.09803	214.20	4514.86
1205	2022.03.29 09:45	buy	499	1.44	1.10025	1.09807	1.10570	0.00	4514.86
1206	2022.03.29 11:53	s/l	499	1.44	1.09807	1.09807	1.10570	-313.92	4200.94
1207	2022.04.07 10:15	sell	500	0.24	1.09124	1.09298	1.08689	0.00	4200.94
1208	2022.04.07 11:11	modify	500	0.24	1.09124	1.09114	1.08689	0.00	4200.94
1209	2022.04.07 12:20	t/p	500	0.24	1.08689	1.09114	1.08689	104.40	4305.34
1210	2022.04.11 09:30	sell	501	1.83	1.08789	1.08953	1.08379	0.00	4305.34
1211	2022.04.11 10:26	s/l	501	1.83	1.08953	1.08953	1.08379	-300.12	4005.22
1212	2022.04.13 09:30	sell	502	0.41	1.08275	1.08469	1.07790	0.00	4005.22
1213	2022.04.13 14:32	s/l	502	0.41	1.08469	1.08469	1.07790	-79.54	3925.68
1214	2022.04.13 15:00	sell	503	0.42	1.08313	1.08497	1.07853	0.00	3925.68
1215	2022.04.13 18:02	s/l	503	0.42	1.08497	1.08497	1.07853	-77.28	3848.40
1216	2022.04.19 16:15	sell	504	0.50	1.07876	1.08028	1.07496	0.00	3848.40
1217	2022.04.19 16:43	s/l	504	0.50	1.08028	1.08028	1.07496	-76.00	3772.40
1218	2022.04.19 16:43	buy	505	0.39	1.08029	1.07840	1.08502	0.00	3772.40
1219	2022.04.19 18:02	s/l	505	0.39	1.07840	1.07840	1.08502	-73.71	3698.69
1220	2022.04.20 11:30	buy	506	0.47	1.08193	1.08037	1.08583	0.00	3698.69
1221	2022.04.20 12:09	modify	506	0.47	1.08193	1.08203	1.08583	0.00	3698.69
1222	2022.04.20 12:38	t/p	506	0.47	1.08583	1.08203	1.08583	183.30	3881.99
1223	2022.04.21 08:15	buy	507	0.76	1.08450	1.08272	1.08895	0.00	3881.99
1224	2022.04.21 09:30	modify	507	0.76	1.08450	1.08460	1.08895	0.00	3881.99
1225	2022.04.21 09:41	t/p	507	0.76	1.08895	1.08460	1.08895	338.20	4220.19
1226	2022.05.03 08:00	sell	508	0.68	1.05017	1.05263	1.04402	0.00	4220.19
1227	2022.05.03 10:36	s/l	508	0.68	1.05263	1.05263	1.04402	-167.28	4052.91
1228	2022.05.04 15:30	buy	509	0.40	1.05412	1.05213	1.05910	0.00	4052.91
1229	2022.05.04 21:01	modify	509	0.40	1.05412	1.05422	1.05910	0.00	4052.91
1230	2022.05.04 21:10	s/l	509	0.40	1.05422	1.05422	1.05910	4.00	4056.91
1231	2022.05.18 15:15	buy	510	1.47	1.05222	1.05029	1.05705	0.00	4056.91
1232	2022.05.18 17:31	s/l	510	1.47	1.05029	1.05029	1.05705	-283.71	3773.20
1233	2022.05.26 10:45	buy	511	0.18	1.06934	1.06734	1.07434	0.00	3773.20
1234	2022.05.26 18:13	modify	511	0.18	1.06934	1.06944	1.07434	0.00	3773.20
1235	2022.05.27 04:33	t/p	511	0.18	1.07434	1.06944	1.07434	88.50	3861.69
1236	2022.06.01 16:45	sell	512	1.36	1.07130	1.07328	1.06635	0.00	3861.69
1237	2022.06.01 17:04	modify	512	1.36	1.07130	1.07120	1.06635	0.00	3861.69
1238	2022.06.01 17:18	t/p	512	1.36	1.06635	1.07120	1.06635	673.20	4534.89
1239	2022.06.08 11:45	sell	513	0.90	1.06769	1.06970	1.06267	0.00	4534.89
1240	2022.06.08 12:30	s/l	513	0.90	1.06970	1.06970	1.06267	-180.90	4353.99
1241	2022.06.21 09:45	buy	514	0.56	1.05279	1.05126	1.05662	0.00	4353.99
1242	2022.06.21 10:16	modify	514	0.56	1.05279	1.05289	1.05662	0.00	4353.99
1243	2022.06.21 11:19	t/p	514	0.56	1.05662	1.05289	1.05662	214.48	4568.47
1244	2022.06.22 16:00	buy	515	1.77	1.05310	1.05130	1.05760	0.00	4568.47
1245	2022.06.22 16:41	modify	515	1.77	1.05310	1.05320	1.05760	0.00	4568.47
1246	2022.06.22 17:37	t/p	515	1.77	1.05760	1.05320	1.05760	796.50	5364.97
1247	2022.06.27 10:00	buy	516	1.32	1.05686	1.05524	1.06091	0.00	5364.97
1248	2022.06.27 17:48	modify	516	1.32	1.05686	1.05696	1.06091	0.00	5364.97
1249	2022.06.27 18:15	t/p	516	1.32	1.06091	1.05696	1.06091	534.60	5899.57
1250	2022.06.28 11:30	buy	517	1.53	1.05880	1.05726	1.06265	0.00	5899.57
1251	2022.06.28 14:52	s/l	517	1.53	1.05726	1.05726	1.06265	-235.62	5663.95
1252	2022.07.13 10:00	sell	518	0.74	1.00335	1.00488	0.99953	0.00	5663.95
1253	2022.07.13 10:00	s/l	518	0.74	1.00488	1.00488	0.99953	-113.22	5550.73
1254	2022.07.19 08:15	buy	519	0.58	1.01413	1.01223	1.01888	0.00	5550.73
1255	2022.07.19 10:00	modify	519	0.58	1.01413	1.01423	1.01888	0.00	5550.73
1256	2022.07.19 10:29	t/p	519	0.58	1.01888	1.01423	1.01888	275.50	5826.23
1257	2022.08.01 09:45	buy	520	2.63	1.02270	1.02115	1.02658	0.00	5826.23
1258	2022.08.01 11:33	modify	520	2.63	1.02270	1.02280	1.02658	0.00	5826.23
1259	2022.08.01 11:41	t/p	520	2.63	1.02658	1.02280	1.02658	1020.44	6846.67
1260	2022.08.03 16:15	sell	521	1.39	1.01762	1.01959	1.01270	0.00	6846.67
1261	2022.08.03 17:01	modify	521	1.39	1.01762	1.01752	1.01270	0.00	6846.67
1262	2022.08.03 17:35	t/p	521	1.39	1.01270	1.01752	1.01270	683.88	7530.55
1263	2022.08.08 14:15	buy	522	1.42	1.01999	1.01788	1.02527	0.00	7530.55
1264	2022.08.09 11:30	modify	522	1.42	1.01999	1.02009	1.02527	0.00	7530.55
1265	2022.08.10 14:53	t/p	522	1.42	1.02527	1.02009	1.02527	726.06	8256.62
1266	2022.08.11 09:15	buy	523	1.05	1.02897	1.02741	1.03287	0.00	8256.62
1267	2022.08.11 09:58	modify	523	1.05	1.02897	1.02907	1.03287	0.00	8256.62
1268	2022.08.11 10:33	t/p	523	1.05	1.03287	1.02907	1.03287	409.50	8666.12
1269	2022.08.17 09:15	sell	524	2.25	1.01733	1.01887	1.01348	0.00	8666.12
1270	2022.08.17 10:20	modify	524	2.25	1.01733	1.01723	1.01348	0.00	8666.12
1271	2022.08.17 11:27	s/l	524	2.25	1.01723	1.01723	1.01348	22.50	8688.62
1272	2022.08.17 14:30	sell	525	1.76	1.01597	1.01794	1.01105	0.00	8688.62
1273	2022.08.17 17:04	s/l	525	1.76	1.01794	1.01794	1.01105	-346.72	8341.90
1274	2022.08.18 09:00	sell	526	0.51	1.01644	1.01806	1.01239	0.00	8341.90
1275	2022.08.18 13:09	s/l	526	0.51	1.01806	1.01806	1.01239	-82.62	8259.28
1276	2022.08.18 15:45	sell	527	0.35	1.01654	1.01889	1.01067	0.00	8259.28
1277	2022.08.18 16:45	modify	527	0.35	1.01654	1.01644	1.01067	0.00	8259.28
1278	2022.08.18 19:17	t/p	527	0.35	1.01067	1.01644	1.01067	205.45	8464.73
1279	2022.08.24 09:00	sell	528	3.20	0.99430	0.99615	0.98968	0.00	8464.73
1280	2022.08.24 15:45	modify	528	3.20	0.99430	0.99420	0.98968	0.00	8464.73
1281	2022.08.24 17:46	s/l	528	3.20	0.99420	0.99420	0.98968	32.00	8496.73
1282	2022.10.17 10:15	buy	529	1.88	0.97468	0.97288	0.97918	0.00	8496.73
1283	2022.10.17 11:32	s/l	529	1.88	0.97288	0.97288	0.97918	-338.40	8158.33
1284	2022.10.25 11:15	buy	530	0.73	0.98730	0.98507	0.99288	0.00	8158.33
1285	2022.10.25 14:05	s/l	530	0.73	0.98507	0.98507	0.99288	-162.79	7995.54
1286	2022.10.25 16:00	buy	531	0.77	0.98748	0.98542	0.99263	0.00	7995.54
1287	2022.10.25 16:16	modify	531	0.77	0.98748	0.98758	0.99263	0.00	7995.54
1288	2022.10.25 16:24	t/p	531	0.77	0.99263	0.98758	0.99263	396.55	8392.09
1289	2022.11.01 11:15	sell	532	2.59	0.99183	0.99409	0.98618	0.00	8392.09
1290	2022.11.01 12:26	s/l	532	2.59	0.99409	0.99409	0.98618	-585.34	7806.75
1291	2022.11.17 09:45	buy	533	0.41	1.03868	1.03681	1.04336	0.00	7806.75
1292	2022.11.17 11:34	s/l	533	0.41	1.03681	1.03681	1.04336	-76.67	7730.08
1293	2022.12.06 10:30	sell	534	0.69	1.04892	1.05116	1.04332	0.00	7730.08
1294	2022.12.06 13:20	s/l	534	0.69	1.05116	1.05116	1.04332	-154.56	7575.52
1295	2022.12.08 11:00	buy	535	0.46	1.05268	1.05104	1.05678	0.00	7575.52
1296	2022.12.08 11:20	s/l	535	0.46	1.05104	1.05104	1.05678	-75.44	7500.08
1297	2022.12.08 11:20	sell	536	0.39	1.05104	1.05294	1.04629	0.00	7500.08
1298	2022.12.08 15:36	s/l	536	0.39	1.05294	1.05294	1.04629	-74.10	7425.98
1299	2022.12.13 08:00	buy	537	0.84	1.05518	1.05342	1.05958	0.00	7425.98
1300	2022.12.13 10:49	s/l	537	0.84	1.05342	1.05342	1.05958	-147.84	7278.14
1301	2022.12.15 08:30	buy	538	0.47	1.06600	1.06447	1.06983	0.00	7278.14
1302	2022.12.15 09:44	s/l	538	0.47	1.06447	1.06447	1.06983	-71.91	7206.23
1303	2022.12.15 09:44	sell	539	0.39	1.06446	1.06629	1.05989	0.00	7206.23
1304	2022.12.15 11:00	modify	539	0.39	1.06446	1.06436	1.05989	0.00	7206.23
1305	2022.12.15 15:16	s/l	539	0.39	1.06436	1.06436	1.05989	3.90	7210.13
1306	2022.12.21 11:00	buy	540	0.72	1.06346	1.06147	1.06844	0.00	7210.13
1307	2022.12.21 11:37	s/l	540	0.72	1.06147	1.06147	1.06844	-143.28	7066.85
1308	2022.12.21 11:37	sell	541	0.58	1.06147	1.06387	1.05547	0.00	7066.85
1309	2022.12.21 15:09	s/l	541	0.58	1.06387	1.06387	1.05547	-139.20	6927.65
1310	2022.12.22 11:45	buy	542	0.46	1.06419	1.06269	1.06794	0.00	6927.65
1311	2022.12.22 13:00	s/l	542	0.46	1.06269	1.06269	1.06794	-69.00	6858.65
1312	2022.12.22 15:00	buy	543	0.30	1.06371	1.06147	1.06931	0.00	6858.65
1313	2022.12.22 15:34	s/l	543	0.30	1.06147	1.06147	1.06931	-67.20	6791.45
1314	2022.12.26 15:15	buy	544	0.85	1.06300	1.06141	1.06698	0.00	6791.45
1315	2022.12.27 04:01	modify	544	0.85	1.06300	1.06310	1.06698	0.00	6791.45
1316	2022.12.27 15:00	s/l	544	0.85	1.06310	1.06310	1.06698	1.41	6792.86
1317	2022.12.28 16:30	buy	545	2.12	1.06541	1.06317	1.07101	0.00	6792.86
1318	2022.12.28 17:36	s/l	545	2.12	1.06317	1.06317	1.07101	-474.88	6317.98
1319	2023.01.04 15:30	buy	546	0.60	1.06138	1.05929	1.06661	0.00	6317.98
1320	2023.01.04 17:04	s/l	546	0.60	1.05929	1.05929	1.06661	-125.40	6192.58
1321	2023.01.05 08:15	buy	547	0.31	1.06197	1.06001	1.06687	0.00	6192.58
1322	2023.01.05 09:44	s/l	547	0.31	1.06001	1.06001	1.06687	-60.76	6131.82
1323	2023.01.05 09:44	sell	548	0.39	1.06000	1.06157	1.05608	0.00	6131.82
1324	2023.01.05 10:02	s/l	548	0.39	1.06157	1.06157	1.05608	-61.23	6070.59
1325	2023.01.11 11:30	buy	549	0.52	1.07468	1.07235	1.08051	0.00	6070.59
1326	2023.01.12 15:28	modify	549	0.52	1.07468	1.07478	1.08051	0.00	6070.59
1327	2023.01.12 15:28	t/p	549	0.52	1.08051	1.07478	1.08051	290.14	6360.73
1328	2023.01.17 09:45	buy	550	2.78	1.08260	1.08100	1.08660	0.00	6360.73
1329	2023.01.17 12:28	s/l	550	2.78	1.08100	1.08100	1.08660	-444.80	5915.93
1330	2023.01.17 12:28	sell	551	2.16	1.08100	1.08291	1.07623	0.00	5915.93
1331	2023.01.17 13:56	s/l	551	2.16	1.08291	1.08291	1.07623	-412.56	5503.37
1332	2023.01.24 15:00	sell	552	0.59	1.08598	1.08784	1.08133	0.00	5503.37
1333	2023.01.24 15:26	s/l	552	0.59	1.08784	1.08784	1.08133	-109.74	5393.63
1334	2023.01.30 09:30	sell	553	0.71	1.08567	1.08718	1.08190	0.00	5393.63
1335	2023.01.30 10:00	s/l	553	0.71	1.08718	1.08718	1.08190	-107.21	5286.42
1336	2023.01.30 10:00	buy	554	0.51	1.08718	1.08511	1.09236	0.00	5286.42
1337	2023.01.30 11:49	modify	554	0.51	1.08718	1.08728	1.09236	0.00	5286.42
1338	2023.01.30 17:54	s/l	554	0.51	1.08728	1.08728	1.09236	5.10	5291.52
1339	2023.02.08 15:00	sell	555	0.60	1.07338	1.07513	1.06901	0.00	5291.52
1340	2023.02.09 10:23	s/l	555	0.60	1.07513	1.07513	1.06901	-100.44	5191.08
1341	2023.02.15 14:00	sell	556	0.68	1.07111	1.07263	1.06731	0.00	5191.08
1342	2023.02.15 15:30	modify	556	0.68	1.07111	1.07101	1.06731	0.00	5191.08
1343	2023.02.15 16:23	t/p	556	0.68	1.06731	1.07101	1.06731	258.40	5449.48
1344	2023.02.16 10:30	buy	557	1.01	1.07194	1.07007	1.07662	0.00	5449.48
1345	2023.02.16 10:54	s/l	557	1.01	1.07007	1.07007	1.07662	-188.87	5260.61
1346	2023.02.16 10:54	sell	558	0.77	1.07007	1.07245	1.06412	0.00	5260.61
1347	2023.02.16 16:28	modify	558	0.77	1.07007	1.06997	1.06412	0.00	5260.61
1348	2023.02.17 06:37	t/p	558	0.77	1.06412	1.06997	1.06412	460.10	5720.72
1349	2023.02.20 15:45	buy	559	0.66	1.06855	1.06684	1.07283	0.00	5720.72
1350	2023.02.21 03:13	s/l	559	0.66	1.06684	1.06684	1.07283	-118.37	5602.35
1351	2023.02.21 16:00	sell	560	0.59	1.06529	1.06716	1.06062	0.00	5602.35
1352	2023.02.21 16:35	s/l	560	0.59	1.06716	1.06716	1.06062	-110.33	5492.02
1353	2023.02.21 16:35	buy	561	0.49	1.06717	1.06497	1.07267	0.00	5492.02
1354	2023.02.21 16:45	s/l	561	0.49	1.06497	1.06497	1.07267	-107.80	5384.22
1355	2023.02.23 09:30	sell	562	0.31	1.06124	1.06296	1.05694	0.00	5384.22
1356	2023.02.23 13:22	modify	562	0.31	1.06124	1.06114	1.05694	0.00	5384.22
1357	2023.02.23 14:29	s/l	562	0.31	1.06114	1.06114	1.05694	3.10	5387.32
1358	2023.03.09 16:00	buy	563	0.79	1.05744	1.05506	1.06339	0.00	5387.32
1359	2023.03.10 15:30	modify	563	0.79	1.05744	1.05754	1.06339	0.00	5387.32
1360	2023.03.10 15:42	t/p	563	0.79	1.06339	1.05754	1.06339	463.46	5850.78
1361	2023.03.14 11:45	buy	564	1.33	1.07069	1.06894	1.07507	0.00	5850.78
1362	2023.03.14 14:30	modify	564	1.33	1.07069	1.07079	1.07507	0.00	5850.78
1363	2023.03.14 14:35	s/l	564	1.33	1.07079	1.07079	1.07507	13.30	5864.08
1364	2023.03.16 11:30	sell	565	0.57	1.06092	1.06296	1.05582	0.00	5864.08
1365	2023.03.16 14:43	modify	565	0.57	1.06092	1.06082	1.05582	0.00	5864.08
1366	2023.03.16 15:15	s/l	565	0.57	1.06082	1.06082	1.05582	5.70	5869.78
1367	2023.03.27 10:30	sell	566	1.05	1.07620	1.07842	1.07065	0.00	5869.78
1368	2023.03.27 16:24	s/l	566	1.05	1.07842	1.07842	1.07065	-233.10	5636.68
1369	2023.03.27 16:24	buy	567	1.23	1.07842	1.07660	1.08297	0.00	5636.68
1370	2023.03.28 03:38	modify	567	1.23	1.07842	1.07852	1.08297	0.00	5636.68
1371	2023.03.28 10:37	t/p	567	1.23	1.08297	1.07852	1.08297	549.39	6186.06
1372	2023.03.29 16:00	buy	568	0.73	1.08539	1.08370	1.08962	0.00	6186.06
1373	2023.03.29 16:23	s/l	568	0.73	1.08370	1.08370	1.08962	-123.37	6062.69
1374	2023.04.04 09:30	buy	569	0.64	1.08998	1.08810	1.09468	0.00	6062.69
1375	2023.04.04 10:52	modify	569	0.64	1.08998	1.09008	1.09468	0.00	6062.69
1376	2023.04.04 14:59	s/l	569	0.64	1.09008	1.09008	1.09468	6.40	6069.09
1377	2023.04.05 15:30	buy	570	2.55	1.09522	1.09356	1.09937	0.00	6069.09
1378	2023.04.05 17:10	s/l	570	2.55	1.09356	1.09356	1.09937	-423.30	5645.79
1379	2023.04.10 14:30	sell	571	0.63	1.08936	1.09114	1.08491	0.00	5645.79
1380	2023.04.10 15:09	modify	571	0.63	1.08936	1.08926	1.08491	0.00	5645.79
1381	2023.04.10 15:59	t/p	571	0.63	1.08491	1.08926	1.08491	280.35	5926.14
1382	2023.04.11 10:15	buy	572	2.52	1.08954	1.08790	1.09364	0.00	5926.14
1383	2023.04.11 12:32	modify	572	2.52	1.08954	1.08964	1.09364	0.00	5926.14
1384	2023.04.11 20:12	s/l	572	2.52	1.08964	1.08964	1.09364	25.20	5951.34
1385	2023.04.19 10:45	sell	573	1.45	1.09581	1.09745	1.09171	0.00	5951.34
1386	2023.04.19 12:32	modify	573	1.45	1.09581	1.09571	1.09171	0.00	5951.34
1387	2023.04.19 16:07	s/l	573	1.45	1.09571	1.09571	1.09171	14.50	5965.84
1388	2023.05.02 11:00	sell	574	1.04	1.09858	1.10086	1.09288	0.00	5965.84
1389	2023.05.02 12:58	modify	574	1.04	1.09858	1.09848	1.09288	0.00	5965.84
1390	2023.05.02 17:35	s/l	574	1.04	1.09848	1.09848	1.09288	10.40	5976.24
1391	2023.05.10 11:00	sell	575	1.20	1.09646	1.09845	1.09149	0.00	5976.24
1392	2023.05.10 15:31	s/l	575	1.20	1.09845	1.09845	1.09149	-238.80	5737.44
1393	2023.05.16 16:45	buy	576	0.71	1.08878	1.08717	1.09281	0.00	5737.44
1394	2023.05.16 17:04	s/l	576	0.71	1.08717	1.08717	1.09281	-114.31	5623.13
1395	2023.05.22 09:30	buy	577	0.70	1.08212	1.08053	1.08610	0.00	5623.13
1396	2023.05.22 10:13	s/l	577	0.70	1.08053	1.08053	1.08610	-111.30	5511.83
1397	2023.05.22 10:13	sell	578	0.52	1.08053	1.08262	1.07531	0.00	5511.83
1398	2023.05.22 13:26	s/l	578	0.52	1.08262	1.08262	1.07531	-108.68	5403.15
1399	2023.05.24 16:45	sell	579	0.56	1.07770	1.07961	1.07293	0.00	5403.15
1400	2023.05.25 00:03	modify	579	0.56	1.07770	1.07760	1.07293	0.00	5403.15
1401	2023.05.25 09:08	t/p	579	0.56	1.07293	1.07760	1.07293	271.38	5674.53
1402	2023.06.01 10:30	sell	580	1.21	1.06724	1.06887	1.06317	0.00	5674.53
1403	2023.06.01 12:03	s/l	580	1.21	1.06887	1.06887	1.06317	-197.23	5477.30
1404	2023.06.15 11:00	buy	581	0.26	1.08272	1.08065	1.08790	0.00	5477.30
1405	2023.06.15 15:30	modify	581	0.26	1.08272	1.08282	1.08790	0.00	5477.30
1406	2023.06.15 15:41	t/p	581	0.26	1.08790	1.08282	1.08790	134.68	5611.98
1407	2023.06.21 16:00	buy	582	2.06	1.09252	1.09062	1.09727	0.00	5611.98
1408	2023.06.21 17:35	modify	582	2.06	1.09252	1.09262	1.09727	0.00	5611.98
1409	2023.06.21 19:51	t/p	582	2.06	1.09727	1.09262	1.09727	978.50	6590.48
1410	2023.07.06 16:30	buy	583	0.56	1.08860	1.08626	1.09445	0.00	6590.48
1411	2023.07.06 17:06	s/l	583	0.56	1.08626	1.08626	1.09445	-131.04	6459.44
1412	2023.07.19 09:15	sell	584	0.66	1.12182	1.12377	1.11695	0.00	6459.44
1413	2023.07.19 12:18	s/l	584	0.66	1.12377	1.12377	1.11695	-128.70	6330.74
1414	2023.07.20 10:45	sell	585	0.29	1.12018	1.12230	1.11488	0.00	6330.74
1415	2023.07.20 17:09	modify	585	0.29	1.12018	1.12008	1.11488	0.00	6330.74
1416	2023.07.20 17:30	t/p	585	0.29	1.11488	1.12008	1.11488	153.70	6484.44
1417	2023.07.24 10:30	sell	586	1.82	1.11241	1.11490	1.10619	0.00	6484.44
1418	2023.07.24 10:32	modify	586	1.82	1.11241	1.11231	1.10619	0.00	6484.44
1419	2023.07.24 22:41	t/p	586	1.82	1.10619	1.11231	1.10619	1132.04	7616.48
1420	2023.07.27 10:15	buy	587	0.74	1.11082	1.10878	1.11592	0.00	7616.48
1421	2023.07.27 11:56	modify	587	0.74	1.11082	1.11092	1.11592	0.00	7616.48
1422	2023.07.27 15:17	s/l	587	0.74	1.11092	1.11092	1.11592	7.40	7623.88
1423	2023.08.02 09:15	sell	588	1.90	1.09833	1.09993	1.09433	0.00	7623.88
1424	2023.08.02 15:40	modify	588	1.90	1.09833	1.09823	1.09433	0.00	7623.88
1425	2023.08.02 17:09	t/p	588	1.90	1.09433	1.09823	1.09433	760.00	8383.88
1426	2023.08.03 15:30	sell	589	0.73	1.09279	1.09508	1.08707	0.00	8383.88
1427	2023.08.03 15:41	s/l	589	0.73	1.09508	1.09508	1.08707	-167.17	8216.71
1428	2023.08.29 10:30	buy	590	0.92	1.08241	1.08064	1.08684	0.00	8216.71
1429	2023.08.29 12:07	s/l	590	0.92	1.08064	1.08064	1.08684	-162.84	8053.87
1430	2023.09.12 16:00	sell	591	1.01	1.07073	1.07231	1.06678	0.00	8053.87
1431	2023.09.12 18:08	s/l	591	1.01	1.07231	1.07231	1.06678	-159.58	7894.29
1432	2023.09.20 16:15	buy	592	0.82	1.07094	1.06902	1.07574	0.00	7894.29
1433	2023.09.20 21:01	s/l	592	0.82	1.06902	1.06902	1.07574	-157.44	7736.85
1434	2023.09.25 15:00	sell	593	1.02	1.06305	1.06456	1.05928	0.00	7736.85
1435	2023.09.25 16:31	modify	593	1.02	1.06305	1.06295	1.05928	0.00	7736.85
1436	2023.09.25 17:07	t/p	593	1.02	1.05928	1.06295	1.05928	384.54	8121.39
1437	2023.10.10 11:15	buy	594	2.27	1.05824	1.05574	1.06449	0.00	8121.39
1438	2023.10.10 19:03	modify	594	2.27	1.05824	1.05834	1.06449	0.00	8121.39
1439	2023.10.11 15:30	s/l	594	2.27	1.05834	1.05834	1.06449	3.76	8125.15
1440	2023.11.02 10:45	buy	595	0.93	1.06065	1.05891	1.06500	0.00	8125.15
1441	2023.11.02 12:41	modify	595	0.93	1.06065	1.06075	1.06500	0.00	8125.15
1442	2023.11.02 14:14	t/p	595	0.93	1.06500	1.06075	1.06500	404.55	8529.70
1443	2023.11.21 16:15	buy	596	1.90	1.09548	1.09369	1.09996	0.00	8529.70
1444	2023.11.21 17:53	s/l	596	1.90	1.09369	1.09369	1.09996	-340.10	8189.60
1445	2023.11.22 10:30	sell	597	0.77	1.09005	1.09216	1.08478	0.00	8189.60
1446	2023.11.22 17:00	modify	597	0.77	1.09005	1.08995	1.08478	0.00	8189.60
1447	2023.11.23 04:12	s/l	597	0.77	1.08995	1.08995	1.08478	13.56	8203.16
1448	2023.11.28 15:30	buy	598	3.43	1.09600	1.09433	1.10018	0.00	8203.16
1449	2023.11.28 17:04	modify	598	3.43	1.09600	1.09610	1.10018	0.00	8203.16
1450	2023.11.28 17:43	t/p	598	3.43	1.10018	1.09610	1.10018	1433.74	9636.90
1451	2023.12.04 15:45	sell	599	2.36	1.08617	1.08780	1.08210	0.00	9636.90
1452	2023.12.04 16:12	modify	599	2.36	1.08617	1.08607	1.08210	0.00	9636.90
1453	2023.12.04 16:20	t/p	599	2.36	1.08210	1.08607	1.08210	960.52	10597.42
1454	2024.01.08 10:15	sell	600	2.31	1.09323	1.09506	1.08866	0.00	10597.42
1455	2024.01.08 13:21	s/l	600	2.31	1.09506	1.09506	1.08866	-422.73	10174.69
1456	2024.01.09 11:15	sell	601	1.32	1.09385	1.09539	1.09000	0.00	10174.69
1457	2024.01.09 18:03	modify	601	1.32	1.09385	1.09375	1.09000	0.00	10174.69
1458	2024.01.09 19:27	s/l	601	1.32	1.09375	1.09375	1.09000	13.20	10187.89
1459	2024.01.15 15:15	sell	602	4.66	1.09459	1.09612	1.09077	0.00	10187.89
1460	2024.01.16 02:55	modify	602	4.66	1.09459	1.09449	1.09077	0.00	10187.89
1461	2024.01.16 10:32	t/p	602	4.66	1.09077	1.09449	1.09077	1791.94	11979.83
1462	2024.01.18 11:30	buy	603	1.22	1.08942	1.08747	1.09430	0.00	11979.83
1463	2024.01.18 14:58	s/l	603	1.22	1.08747	1.08747	1.09430	-237.90	11741.93
1464	2024.01.24 11:15	buy	604	0.97	1.08847	1.08606	1.09450	0.00	11741.93
1465	2024.01.24 15:50	modify	604	0.97	1.08847	1.08857	1.09450	0.00	11741.93
1466	2024.01.24 21:19	s/l	604	0.97	1.08857	1.08857	1.09450	9.70	11751.63
1467	2024.02.29 16:15	buy	605	2.10	1.08463	1.08268	1.08951	0.00	11751.63
1468	2024.02.29 17:52	s/l	605	2.10	1.08268	1.08268	1.08951	-409.50	11342.13
1469	2024.04.17 16:15	buy	606	1.45	1.06450	1.06294	1.06840	0.00	11342.13
1470	2024.04.17 20:58	modify	606	1.45	1.06450	1.06460	1.06840	0.00	11342.13
1471	2024.04.18 09:04	t/p	606	1.45	1.06840	1.06460	1.06840	529.20	11871.33
1472	2024.05.29 16:15	sell	607	4.39	1.08387	1.08576	1.07915	0.00	11871.33
1473	2024.05.29 18:31	modify	607	4.39	1.08387	1.08377	1.07915	0.00	11871.33
1474	2024.05.30 08:23	t/p	607	4.39	1.07915	1.08377	1.07915	2105.48	13976.81
1475	2024.07.08 09:45	buy	608	3.49	1.08286	1.08126	1.08686	0.00	13976.81
1476	2024.07.09 14:39	s/l	608	3.49	1.08126	1.08126	1.08686	-587.52	13389.29
1477	2024.07.25 16:30	sell	609	0.81	1.08402	1.08567	1.07990	0.00	13389.29
1478	2024.07.25 17:50	s/l	609	0.81	1.08567	1.08567	1.07990	-133.65	13255.64
1479	2024.07.31 15:30	buy	610	1.52	1.08404	1.08230	1.08839	0.00	13255.64
1480	2024.07.31 17:47	s/l	610	1.52	1.08230	1.08230	1.08839	-264.48	12991.16
1481	2024.08.01 16:15	sell	611	0.61	1.07890	1.08102	1.07360	0.00	12991.16
1482	2024.08.01 17:00	s/l	611	0.61	1.08102	1.08102	1.07360	-129.32	12861.84
1483	2024.08.22 11:15	buy	612	0.62	1.11458	1.11253	1.11971	0.00	12861.84
1484	2024.08.22 16:45	s/l	612	0.62	1.11253	1.11253	1.11971	-127.10	12734.74
1485	2024.08.22 16:45	sell	613	0.60	1.11224	1.11433	1.10702	0.00	12734.74
1486	2024.08.23 17:04	s/l	613	0.60	1.11433	1.11433	1.10702	-123.88	12610.86
1487	2024.08.28 11:30	sell	614	1.46	1.11438	1.11610	1.11008	0.00	12610.86
1488	2024.08.28 14:57	modify	614	1.46	1.11438	1.11428	1.11008	0.00	12610.86
1489	2024.08.29 11:04	t/p	614	1.46	1.11008	1.11428	1.11008	638.91	13249.77
1490	2024.09.24 15:15	buy	615	5.36	1.11373	1.11200	1.11806	0.00	13249.77
1491	2024.09.24 17:28	modify	615	5.36	1.11373	1.11383	1.11806	0.00	13249.77
1492	2024.09.24 23:56	t/p	615	5.36	1.11806	1.11383	1.11806	2320.88	15570.65
1493	2024.09.26 16:15	sell	616	1.34	1.11409	1.11640	1.10832	0.00	15570.65
1494	2024.09.26 17:43	s/l	616	1.34	1.11640	1.11640	1.10832	-309.54	15261.11
1495	2024.10.24 16:15	buy	617	0.97	1.08021	1.07865	1.08411	0.00	15261.11
1496	2024.10.24 21:50	modify	617	0.97	1.08021	1.08031	1.08411	0.00	15261.11
1497	2024.10.25 19:50	s/l	617	0.97	1.08031	1.08031	1.08411	1.61	15262.72
1498	2024.10.30 15:45	buy	618	4.96	1.08308	1.08093	1.08846	0.00	15262.72
1499	2024.10.30 17:44	modify	618	4.96	1.08308	1.08318	1.08846	0.00	15262.72
1500	2024.10.31 14:41	t/p	618	4.96	1.08846	1.08318	1.08846	2544.32	17807.04
1501	2024.10.31 16:30	buy	619	1.61	1.08715	1.08495	1.09265	0.00	17807.04
1502	2024.10.31 17:51	s/l	619	1.61	1.08495	1.08495	1.09265	-354.20	17452.84
1503	2024.11.13 16:30	sell	620	1.68	1.06206	1.06413	1.05689	0.00	17452.84
1504	2024.11.13 16:52	modify	620	1.68	1.06206	1.06196	1.05689	0.00	17452.84
1505	2024.11.13 17:06	t/p	620	1.68	1.05689	1.06196	1.05689	868.56	18321.40
1506	2024.11.18 15:30	buy	621	7.16	1.05572	1.05393	1.06020	0.00	18321.40
1507	2024.11.18 18:58	modify	621	7.16	1.05572	1.05582	1.06020	0.00	18321.40
1508	2024.11.18 21:06	t/p	621	7.16	1.06020	1.05582	1.06020	3207.68	21529.08
1509	2024.11.21 16:15	sell	622	2.60	1.05245	1.05410	1.04833	0.00	21529.08
1510	2024.11.21 17:08	s/l	622	2.60	1.05410	1.05410	1.04833	-429.00	21100.08
1511	2024.11.26 10:00	sell	623	2.72	1.04719	1.04874	1.04332	0.00	21100.08
1512	2024.11.26 10:21	s/l	623	2.72	1.04874	1.04874	1.04332	-421.60	20678.48
1513	2024.11.28 16:45	buy	624	1.36	1.05445	1.05294	1.05823	0.00	20678.48
1514	2024.11.29 02:36	modify	624	1.36	1.05445	1.05455	1.05823	0.00	20678.48
1515	2024.11.29 09:00	t/p	624	1.36	1.05823	1.05455	1.05823	502.73	21181.21
1516	2024.12.02 09:15	sell	625	6.83	1.05174	1.05391	1.04632	0.00	21181.21
1517	2024.12.02 16:42	modify	625	6.83	1.05174	1.05164	1.04632	0.00	21181.21
1518	2024.12.02 17:02	t/p	625	6.83	1.04632	1.05164	1.04632	3701.86	24883.07
1519	2024.12.03 16:00	buy	626	6.50	1.05244	1.05091	1.05627	0.00	24883.07
1520	2024.12.03 17:00	s/l	626	6.50	1.05091	1.05091	1.05627	-994.50	23888.57
1521	2024.12.04 10:45	sell	627	2.54	1.04980	1.05168	1.04510	0.00	23888.57
1522	2024.12.04 17:00	s/l	627	2.54	1.05168	1.05168	1.04510	-477.52	23411.05
1523	2024.12.05 11:45	buy	628	1.55	1.05342	1.05191	1.05720	0.00	23411.05
1524	2024.12.05 15:30	modify	628	1.55	1.05342	1.05352	1.05720	0.00	23411.05
1525	2024.12.05 16:00	t/p	628	1.55	1.05720	1.05352	1.05720	585.90	23996.95
1526	2025.01.02 11:45	sell	629	5.12	1.03557	1.03721	1.03147	0.00	23996.95
1527	2025.01.02 12:48	modify	629	5.12	1.03557	1.03547	1.03147	0.00	23996.95
1528	2025.01.02 12:49	t/p	629	5.12	1.03147	1.03547	1.03147	2099.20	26096.15
1529	2025.01.14 16:30	buy	630	4.38	1.02652	1.02414	1.03247	0.00	26096.15
1530	2025.01.14 18:16	modify	630	4.38	1.02652	1.02662	1.03247	0.00	26096.15
1531	2025.01.15 15:30	t/p	630	4.38	1.03247	1.02662	1.03247	2569.55	28665.70
1532	2025.01.27 09:45	buy	631	6.23	1.04703	1.04519	1.05163	0.00	28665.70
1533	2025.01.27 12:05	modify	631	6.23	1.04703	1.04713	1.05163	0.00	28665.70
1534	2025.01.27 13:13	t/p	631	6.23	1.05163	1.04713	1.05163	2865.80	31531.50
1535	2025.01.30 11:15	sell	632	3.86	1.04097	1.04260	1.03690	0.00	31531.50
1536	2025.01.30 15:53	s/l	632	3.86	1.04260	1.04260	1.03690	-629.18	30902.32
1537	2025.02.04 15:15	buy	633	4.01	1.03361	1.03207	1.03746	0.00	30902.32
1538	2025.02.04 16:18	modify	633	4.01	1.03361	1.03371	1.03746	0.00	30902.32
1539	2025.02.04 17:00	t/p	633	4.01	1.03746	1.03371	1.03746	1543.85	32446.17
1540	2025.02.10 14:00	sell	634	14.55	1.03204	1.03360	1.02814	0.00	32446.17
1541	2025.02.11 04:34	modify	634	14.55	1.03204	1.03194	1.02814	0.00	32446.17
1542	2025.02.11 10:57	s/l	634	14.55	1.03194	1.03194	1.02814	182.40	32628.57
1543	2025.02.26 10:30	buy	635	6.62	1.05093	1.04896	1.05586	0.00	32628.57
1544	2025.02.26 13:50	s/l	635	6.62	1.04896	1.04896	1.05586	-1304.14	31324.43
1545	2025.03.12 16:45	buy	636	2.63	1.09028	1.08790	1.09623	0.00	31324.43
1546	2025.03.13 08:07	s/l	636	2.63	1.08790	1.08790	1.09623	-691.77	30632.66
1547	2025.03.13 09:45	sell	637	1.23	1.08621	1.08870	1.07999	0.00	30632.66
1548	2025.03.13 15:12	modify	637	1.23	1.08621	1.08611	1.07999	0.00	30632.66
1549	2025.03.13 16:03	s/l	637	1.23	1.08611	1.08611	1.07999	12.30	30644.96
1550	2025.03.17 15:00	buy	638	13.08	1.09018	1.08854	1.09428	0.00	30644.96
1551	2025.03.17 17:25	modify	638	13.08	1.09018	1.09028	1.09428	0.00	30644.96
1552	2025.03.18 10:11	t/p	638	13.08	1.09428	1.09028	1.09428	5253.66	35898.62
1553	2025.03.19 15:00	sell	639	8.39	1.09014	1.09185	1.08587	0.00	35898.62
1554	2025.03.19 17:58	modify	639	8.39	1.09014	1.09004	1.08587	0.00	35898.62
1555	2025.03.19 20:36	s/l	639	8.39	1.09004	1.09004	1.08587	83.90	35982.52
1556	2025.03.24 14:00	sell	640	7.57	1.08320	1.08510	1.07845	0.00	35982.52
1557	2025.03.24 15:51	modify	640	7.57	1.08320	1.08310	1.07845	0.00	35982.52
1558	2025.03.24 18:41	t/p	640	7.57	1.07845	1.08310	1.07845	3595.75	39578.27
1559	2025.03.25 16:15	sell	641	7.03	1.08051	1.08276	1.07489	0.00	39578.27
1560	2025.03.26 15:29	modify	641	7.03	1.08051	1.08041	1.07489	0.00	39578.27
1561	2025.03.26 21:17	t/p	641	7.03	1.07489	1.08041	1.07489	3968.69	43546.96
1562	2025.03.27 15:45	buy	642	4.08	1.07959	1.07746	1.08492	0.00	43546.96
1563	2025.03.28 11:03	s/l	642	4.08	1.07746	1.07746	1.08492	-903.08	42643.87
1564	2025.03.31 14:15	buy	643	4.73	1.08255	1.08075	1.08705	0.00	42643.87
1565	2025.03.31 15:42	s/l	643	4.73	1.08075	1.08075	1.08705	-851.40	41792.47
1566	2025.04.17 10:45	buy	644	2.17	1.13697	1.13505	1.14177	0.00	41792.47
1567	2025.04.17 15:16	s/l	644	2.17	1.13505	1.13505	1.14177	-416.64	41375.83
1568	2025.04.17 15:16	sell	645	1.97	1.13502	1.13711	1.12980	0.00	41375.83
1569	2025.04.17 16:05	s/l	645	1.97	1.13711	1.13711	1.12980	-411.73	40964.10
1570	2025.04.29 10:45	buy	646	4.01	1.14052	1.13848	1.14562	0.00	40964.10
1571	2025.04.29 11:13	s/l	646	4.01	1.13848	1.13848	1.14562	-818.04	40146.06
1572	2025.04.29 15:30	buy	647	4.31	1.13862	1.13676	1.14327	0.00	40146.06
1573	2025.04.29 16:18	modify	647	4.31	1.13862	1.13872	1.14327	0.00	40146.06
1574	2025.04.29 17:47	s/l	647	4.31	1.13872	1.13872	1.14327	43.10	40189.16
1575	2025.04.30 10:30	sell	648	13.27	1.13797	1.14009	1.13267	0.00	40189.16
1576	2025.04.30 18:21	modify	648	13.27	1.13797	1.13787	1.13267	0.00	40189.16
1577	2025.04.30 18:30	t/p	648	13.27	1.13267	1.13787	1.13267	7033.10	47222.26
1578	2025.05.01 15:00	sell	649	4.14	1.13197	1.13425	1.12627	0.00	47222.26
1579	2025.05.01 17:20	modify	649	4.14	1.13197	1.13187	1.12627	0.00	47222.26
1580	2025.05.02 09:10	s/l	649	4.14	1.13187	1.13187	1.12627	51.90	47274.16
1581	2025.05.14 09:30	buy	650	11.18	1.11946	1.11777	1.12369	0.00	47274.16
1582	2025.05.14 11:03	modify	650	11.18	1.11946	1.11956	1.12369	0.00	47274.16
1583	2025.05.14 11:07	t/p	650	11.18	1.12369	1.11956	1.12369	4729.14	52003.30
1584	2025.05.15 09:30	buy	651	4.22	1.12077	1.11831	1.12692	0.00	52003.30
1585	2025.05.15 14:34	s/l	651	4.22	1.11831	1.11831	1.12692	-1038.12	50965.18
1586	2025.05.22 15:45	sell	652	2.14	1.12926	1.13164	1.12331	0.00	50965.18
1587	2025.05.22 20:28	modify	652	2.14	1.12926	1.12916	1.12331	0.00	50965.18
1588	2025.05.23 03:24	s/l	652	2.14	1.12916	1.12916	1.12331	26.83	50992.01
1589	2025.05.27 09:15	buy	653	15.58	1.13874	1.13645	1.14447	0.00	50992.01
1590	2025.05.27 09:59	s/l	653	15.58	1.13645	1.13645	1.14447	-3567.82	47424.19
1591	2025.05.28 14:00	sell	654	5.64	1.13254	1.13422	1.12834	0.00	47424.19
1592	2025.05.28 16:11	modify	654	5.64	1.13254	1.13244	1.12834	0.00	47424.19
1593	2025.05.29 02:10	t/p	654	5.64	1.12834	1.13244	1.12834	2411.71	49835.90
1594	2025.06.05 10:15	buy	655	11.47	1.14189	1.14037	1.14569	0.00	49835.90
1595	2025.06.05 15:30	modify	655	11.47	1.14189	1.14199	1.14569	0.00	49835.90
1596	2025.06.05 15:50	s/l	655	11.47	1.14199	1.14199	1.14569	114.70	49950.60
1597	2025.06.10 10:00	sell	656	9.00	1.13940	1.14162	1.13385	0.00	49950.60
1598	2025.06.10 12:41	s/l	656	9.00	1.14162	1.14162	1.13385	-1998.00	47952.60
1599	2025.06.16 08:15	buy	657	5.95	1.15458	1.15297	1.15861	0.00	47952.60
1600	2025.06.16 09:51	modify	657	5.95	1.15458	1.15468	1.15861	0.00	47952.60
1601	2025.06.16 16:00	t/p	657	5.95	1.15861	1.15468	1.15861	2397.85	50350.45
1602	2025.06.18 11:30	sell	658	22.73	1.15033	1.15188	1.14646	0.00	50350.45
1603	2025.06.18 17:04	s/l	658	22.73	1.15188	1.15188	1.14646	-3523.15	46827.30
1604	2025.07.09 10:45	sell	659	4.65	1.17098	1.17299	1.16596	0.00	46827.30
1605	2025.07.10 02:39	s/l	659	4.65	1.17299	1.17299	1.16596	-899.27	45928.03
1606	2025.07.17 09:15	sell	660	2.40	1.16080	1.16271	1.15603	0.00	45928.03
1607	2025.07.17 09:30	modify	660	2.40	1.16080	1.16070	1.15603	0.00	45928.03
1608	2025.07.17 15:30	t/p	660	2.40	1.15603	1.16070	1.15603	1144.80	47072.83
1609	2025.07.22 16:45	buy	661	14.51	1.16990	1.16763	1.17558	0.00	47072.83
1610	2025.07.22 18:16	modify	661	14.51	1.16990	1.17000	1.17558	0.00	47072.83
1611	2025.07.22 19:07	t/p	661	14.51	1.17558	1.17000	1.17558	8241.68	55314.51
1612	2025.08.21 16:45	sell	662	6.14	1.16334	1.16514	1.15884	0.00	55314.51
1613	2025.08.21 17:45	modify	662	6.14	1.16334	1.16324	1.15884	0.00	55314.51
1614	2025.08.22 07:21	t/p	662	6.14	1.15884	1.16324	1.15884	2778.57	58093.08
1615	2025.08.26 09:15	sell	663	14.43	1.16297	1.16458	1.15895	0.00	58093.08
1616	2025.08.26 10:12	modify	663	14.43	1.16297	1.16287	1.15895	0.00	58093.08
1617	2025.08.26 12:12	s/l	663	14.43	1.16287	1.16287	1.15895	144.30	58237.38
1618	2025.09.03 15:45	sell	664	15.42	1.16452	1.16603	1.16075	0.00	58237.38
1619	2025.09.03 17:00	s/l	664	15.42	1.16603	1.16603	1.16075	-2328.42	55908.96
1620	2025.09.29 15:00	buy	665	5.01	1.17293	1.17070	1.17851	0.00	55908.96
1621	2025.10.01 08:00	modify	665	5.01	1.17293	1.17303	1.17851	0.00	55908.96
1622	2025.10.01 13:02	s/l	665	5.01	1.17303	1.17303	1.17851	-33.51	55875.45
1623	2025.10.01 15:15	sell	666	5.91	1.17234	1.17423	1.16762	0.00	55875.45
1624	2025.10.01 15:15	s/l	666	5.91	1.17423	1.17423	1.16762	-1116.99	54758.46
1625	2025.10.01 15:15	buy	667	5.21	1.17423	1.17213	1.17948	0.00	54758.46
1626	2025.10.01 18:20	s/l	667	5.21	1.17213	1.17213	1.17948	-1094.10	53664.36
1627	2025.10.02 10:15	buy	668	2.75	1.17516	1.17321	1.18004	0.00	53664.36
1628	2025.10.02 16:39	s/l	668	2.75	1.17321	1.17321	1.18004	-536.25	53128.11
1629	2025.10.02 16:39	sell	669	3.93	1.17321	1.17456	1.16984	0.00	53128.11
1630	2025.10.02 17:11	modify	669	3.93	1.17321	1.17311	1.16984	0.00	53128.11
1631	2025.10.02 18:15	t/p	669	3.93	1.16984	1.17311	1.16984	1324.41	54452.52
1632	2025.10.09 09:15	sell	670	3.14	1.16299	1.16472	1.15867	0.00	54452.52
1633	2025.10.09 11:35	modify	670	3.14	1.16299	1.16289	1.15867	0.00	54452.52
1634	2025.10.09 17:22	t/p	670	3.14	1.15867	1.16289	1.15867	1356.48	55809.00
1635	2025.10.14 09:30	sell	671	19.05	1.15710	1.15915	1.15198	0.00	55809.00
1636	2025.10.14 17:40	s/l	671	19.05	1.15915	1.15915	1.15198	-3905.25	51903.75
1637	2025.10.15 16:45	buy	672	5.49	1.16272	1.16083	1.16745	0.00	51903.75
1638	2025.10.16 03:27	modify	672	5.49	1.16272	1.16282	1.16745	0.00	51903.75
1639	2025.10.16 04:51	t/p	672	5.49	1.16745	1.16282	1.16745	2459.34	54363.09
1640	2025.10.27 10:45	buy	673	23.78	1.16315	1.16155	1.16715	0.00	54363.09
1641	2025.10.28 02:20	modify	673	23.78	1.16315	1.16325	1.16715	0.00	54363.09
1642	2025.10.28 15:07	s/l	673	23.78	1.16325	1.16325	1.16715	39.38	54402.47
1643	2025.10.28 16:30	buy	674	9.10	1.16557	1.16318	1.17155	0.00	54402.47
1644	2025.10.29 06:55	s/l	674	9.10	1.16318	1.16318	1.17155	-2250.83	52151.64
1645	2025.11.10 09:45	buy	675	5.46	1.15705	1.15514	1.16183	0.00	52151.64
1646	2025.11.10 17:41	s/l	675	5.46	1.15514	1.15514	1.16183	-1042.86	51108.78
1647	2025.11.19 15:45	sell	676	5.61	1.15749	1.15931	1.15294	0.00	51108.78
1648	2025.11.19 17:10	modify	676	5.61	1.15749	1.15739	1.15294	0.00	51108.78
1649	2025.11.19 19:26	t/p	676	5.61	1.15294	1.15739	1.15294	2552.55	53661.33
1650	2025.12.01 09:30	buy	677	19.76	1.16082	1.15892	1.16557	0.00	53661.33
1651	2025.12.01 14:37	modify	677	19.76	1.16082	1.16092	1.16557	0.00	53661.33
1652	2025.12.01 21:11	s/l	677	19.76	1.16092	1.16092	1.16557	197.60	53858.93
1653	2025.12.16 16:00	buy	678	10.30	1.17758	1.17549	1.18281	0.00	53858.93
1654	2025.12.16 20:07	s/l	678	10.30	1.17549	1.17549	1.18281	-2152.70	51706.23
1655	2025.12.24 11:00	buy	679	4.72	1.17995	1.17776	1.18543	0.00	51706.23
1656	2025.12.24 16:55	s/l	679	4.72	1.17776	1.17776	1.18543	-1033.68	50672.55
1657	2026.01.12 15:15	buy	680	6.03	1.16925	1.16757	1.17345	0.00	50672.55
1658	2026.01.12 16:29	s/l	680	6.03	1.16757	1.16757	1.17345	-1013.04	49659.51
1659	2026.01.12 16:29	sell	681	4.00	1.16757	1.17005	1.16137	0.00	49659.51
1660	2026.01.13 18:14	modify	681	4.00	1.16757	1.16747	1.16137	0.00	49659.51
1661	2026.01.15 15:30	t/p	681	4.00	1.16137	1.16747	1.16137	2530.72	52190.23
1662	2026.01.19 09:15	buy	682	6.06	1.16400	1.16228	1.16830	0.00	52190.23
1663	2026.01.19 10:07	s/l	682	6.06	1.16228	1.16228	1.16830	-1042.32	51147.91
1664	2026.01.19 10:07	sell	683	5.32	1.16228	1.16420	1.15748	0.00	51147.91
1665	2026.01.19 16:49	s/l	683	5.32	1.16420	1.16420	1.15748	-1021.44	50126.47
1666	2026.01.29 15:00	buy	684	2.72	1.19613	1.19429	1.20073	0.00	50126.47
1667	2026.01.29 15:49	s/l	684	2.72	1.19429	1.19429	1.20073	-500.48	49625.99
1668	2026.02.04 16:15	sell	685	4.96	1.18076	1.18276	1.17576	0.00	49625.99
1669	2026.02.05 23:02	modify	685	4.96	1.18076	1.18066	1.17576	0.00	49625.99
1670	2026.02.06 15:49	s/l	685	4.96	1.18066	1.18066	1.17576	99.91	49725.91
1671	2026.02.18 16:00	sell	686	14.20	1.18236	1.18481	1.17624	0.00	49725.91
1672	2026.02.18 20:47	modify	686	14.20	1.18236	1.18226	1.17624	0.00	49725.91
1673	2026.02.19 15:04	t/p	686	14.20	1.17624	1.18226	1.17624	8798.43	58524.34
1674	2026.02.25 16:00	sell	687	12.45	1.17734	1.17922	1.17264	0.00	58524.34
1675	2026.02.25 17:07	s/l	687	12.45	1.17922	1.17922	1.17264	-2340.60	56183.74
1676	2026.03.17 09:15	buy	688	7.02	1.14885	1.14725	1.15285	0.00	56183.74
1677	2026.03.17 10:48	modify	688	7.02	1.14885	1.14895	1.15285	0.00	56183.74
1678	2026.03.17 15:00	t/p	688	7.02	1.15285	1.14895	1.15285	2808.00	58991.74
