1	2010.01.19 09:15	sell	1	1.01	1.43931	1.44128	1.43439	0.00	10000.00
2	2010.01.19 10:45	modify	1	1.01	1.43931	1.43921	1.43439	0.00	10000.00
3	2010.01.19 11:00	t/p	1	1.01	1.43439	1.43921	1.43439	496.92	10496.92
4	2010.02.15 14:00	sell	2	4.05	1.36095	1.36276	1.35643	0.00	10496.92
5	2010.02.15 16:47	modify	2	4.05	1.36095	1.36085	1.35643	0.00	10496.92
6	2010.02.15 17:39	s/l	2	4.05	1.36085	1.36085	1.35643	40.50	10537.42
7	2010.02.16 11:30	buy	3	1.80	1.36601	1.36368	1.37184	0.00	10537.42
8	2010.02.16 13:38	s/l	3	1.80	1.36368	1.36368	1.37184	-419.40	10118.02
9	2010.03.08 15:00	buy	4	1.12	1.36653	1.36473	1.37103	0.00	10118.02
10	2010.03.08 16:32	s/l	4	1.12	1.36473	1.36473	1.37103	-201.60	9916.42
11	2010.03.10 08:00	sell	5	0.92	1.35826	1.36040	1.35291	0.00	9916.42
12	2010.03.10 09:00	modify	5	0.92	1.35826	1.35816	1.35291	0.00	9916.42
13	2010.03.10 10:14	s/l	5	0.92	1.35816	1.35816	1.35291	9.20	9925.62
14	2010.03.10 15:00	buy	6	3.12	1.36154	1.35932	1.36709	0.00	9925.62
15	2010.03.10 16:52	modify	6	3.12	1.36154	1.36164	1.36709	0.00	9925.62
16	2010.03.10 17:03	t/p	6	3.12	1.36709	1.36164	1.36709	1731.60	11657.22
17	2010.03.11 09:30	buy	7	1.20	1.36425	1.36232	1.36908	0.00	11657.22
18	2010.03.11 14:30	modify	7	1.20	1.36425	1.36435	1.36908	0.00	11657.22
19	2010.03.11 14:44	s/l	7	1.20	1.36435	1.36435	1.36908	12.00	11669.22
20	2010.03.16 08:00	sell	8	2.62	1.36831	1.37009	1.36386	0.00	11669.22
21	2010.03.16 11:00	s/l	8	2.62	1.37009	1.37009	1.36386	-466.36	11202.86
22	2010.04.05 08:00	sell	9	1.15	1.34992	1.35186	1.34507	0.00	11202.86
23	2010.04.05 08:34	modify	9	1.15	1.34992	1.34982	1.34507	0.00	11202.86
24	2010.04.05 15:14	s/l	9	1.15	1.34982	1.34982	1.34507	11.50	11214.36
25	2010.06.30 09:45	sell	10	3.90	1.22160	1.22361	1.21658	0.00	11214.36
26	2010.06.30 11:17	s/l	10	3.90	1.22361	1.22361	1.21658	-783.90	10430.46
27	2010.08.18 09:45	sell	11	1.00	1.28290	1.28497	1.27773	0.00	10430.46
28	2010.08.18 09:51	s/l	11	1.00	1.28497	1.28497	1.27773	-207.00	10223.46
29	2010.08.30 08:15	buy	12	1.03	1.27451	1.27254	1.27944	0.00	10223.46
30	2010.08.30 08:58	s/l	12	1.03	1.27254	1.27254	1.27944	-202.91	10020.55
31	2010.08.30 08:58	sell	13	0.87	1.27253	1.27481	1.26683	0.00	10020.55
32	2010.08.30 14:20	modify	13	0.87	1.27253	1.27243	1.26683	0.00	10020.55
33	2010.08.30 18:29	t/p	13	0.87	1.26683	1.27243	1.26683	495.90	10516.45
34	2010.09.01 10:00	buy	14	0.98	1.27200	1.26987	1.27733	0.00	10516.45
35	2010.09.01 10:44	modify	14	0.98	1.27200	1.27210	1.27733	0.00	10516.45
36	2010.09.01 11:27	t/p	14	0.98	1.27733	1.27210	1.27733	522.34	11038.79
37	2010.09.06 15:00	buy	15	3.78	1.28850	1.28646	1.29360	0.00	11038.79
38	2010.09.07 01:04	s/l	15	3.78	1.28646	1.28646	1.29360	-802.66	10236.13
39	2010.09.20 08:45	buy	16	1.01	1.30852	1.30650	1.31357	0.00	10236.13
40	2010.09.20 09:35	modify	16	1.01	1.30852	1.30862	1.31357	0.00	10236.13
41	2010.09.20 13:57	s/l	16	1.01	1.30862	1.30862	1.31357	10.10	10246.23
42	2010.12.22 08:30	sell	17	3.77	1.31303	1.31493	1.30828	0.00	10246.23
43	2010.12.22 10:43	s/l	17	3.77	1.31493	1.31493	1.30828	-716.30	9529.93
44	2010.12.27 15:00	buy	18	0.83	1.31514	1.31285	1.32087	0.00	9529.93
45	2010.12.27 19:01	s/l	18	0.83	1.31285	1.31285	1.32087	-190.07	9339.86
46	2010.12.29 11:30	sell	19	0.78	1.31229	1.31468	1.30632	0.00	9339.86
47	2010.12.29 17:33	s/l	19	0.78	1.31468	1.31468	1.30632	-186.42	9153.44
48	2011.02.09 09:30	buy	20	0.75	1.36507	1.36265	1.37112	0.00	9153.44
49	2011.02.09 11:48	s/l	20	0.75	1.36265	1.36265	1.37112	-181.50	8971.94
50	2011.03.08 08:30	buy	21	0.86	1.39830	1.39622	1.40350	0.00	8971.94
51	2011.03.08 08:39	s/l	21	0.86	1.39622	1.39622	1.40350	-178.88	8793.06
52	2011.03.08 08:39	sell	22	0.76	1.39622	1.39851	1.39050	0.00	8793.06
53	2011.03.08 09:34	modify	22	0.76	1.39622	1.39612	1.39050	0.00	8793.06
54	2011.03.08 13:23	t/p	22	0.76	1.39050	1.39612	1.39050	434.72	9227.78
55	2011.03.23 10:15	sell	23	0.81	1.41753	1.41980	1.41186	0.00	9227.78
56	2011.03.23 11:15	s/l	23	0.81	1.41980	1.41980	1.41186	-183.87	9043.91
57	2011.03.23 11:15	buy	24	0.75	1.41980	1.41740	1.42580	0.00	9043.91
58	2011.03.23 12:16	s/l	24	0.75	1.41740	1.41740	1.42580	-180.00	8863.91
59	2011.03.30 08:15	sell	25	1.04	1.40821	1.40990	1.40399	0.00	8863.91
60	2011.03.30 10:08	s/l	25	1.04	1.40990	1.40990	1.40399	-175.76	8688.15
61	2011.04.05 08:15	sell	26	1.14	1.41931	1.42083	1.41551	0.00	8688.15
62	2011.04.05 08:30	modify	26	1.14	1.41931	1.41921	1.41551	0.00	8688.15
63	2011.04.05 09:18	s/l	26	1.14	1.41921	1.41921	1.41551	11.40	8699.55
64	2011.04.12 08:15	sell	27	3.71	1.43919	1.44083	1.43509	0.00	8699.55
65	2011.04.12 09:11	s/l	27	3.71	1.44083	1.44083	1.43509	-608.44	8091.11
66	2011.08.22 08:30	sell	28	1.04	1.43580	1.43735	1.43193	0.00	8091.11
67	2011.08.22 09:07	s/l	28	1.04	1.43735	1.43735	1.43193	-161.20	7929.91
68	2011.08.24 08:15	buy	29	0.68	1.44161	1.43930	1.44739	0.00	7929.91
69	2011.08.24 10:00	s/l	29	0.68	1.43930	1.43930	1.44739	-157.08	7772.83
70	2011.09.08 10:30	sell	30	0.39	1.40645	1.40843	1.40150	0.00	7772.83
71	2011.09.08 12:49	modify	30	0.39	1.40645	1.40635	1.40150	0.00	7772.83
72	2011.09.08 13:35	t/p	30	0.39	1.40150	1.40635	1.40150	193.05	7965.88
73	2011.12.08 08:15	buy	31	1.59	1.34176	1.34001	1.34614	0.00	7965.88
74	2011.12.08 10:05	s/l	31	1.59	1.34001	1.34001	1.34614	-278.25	7687.63
75	2011.12.19 08:45	sell	32	0.78	1.30068	1.30264	1.29578	0.00	7687.63
76	2011.12.19 09:07	s/l	32	0.78	1.30264	1.30264	1.29578	-152.88	7534.75
77	2011.12.19 15:15	sell	33	0.71	1.30218	1.30428	1.29693	0.00	7534.75
78	2011.12.19 21:54	modify	33	0.71	1.30218	1.30208	1.29693	0.00	7534.75
79	2011.12.20 09:35	s/l	33	0.71	1.30208	1.30208	1.29693	8.90	7543.65
80	2012.03.07 08:00	sell	34	3.38	1.31391	1.31547	1.31001	0.00	7543.65
81	2012.03.07 11:22	s/l	34	3.38	1.31547	1.31547	1.31001	-527.28	7016.37
82	2012.03.07 11:22	buy	35	2.15	1.31547	1.31319	1.32117	0.00	7016.37
83	2012.03.07 12:06	s/l	35	2.15	1.31319	1.31319	1.32117	-490.20	6526.17
84	2012.03.08 09:00	buy	36	0.42	1.31786	1.31631	1.32174	0.00	6526.17
85	2012.03.08 10:31	modify	36	0.42	1.31786	1.31796	1.32174	0.00	6526.17
86	2012.03.08 10:36	t/p	36	0.42	1.32174	1.31796	1.32174	162.96	6689.13
87	2012.03.29 08:15	buy	37	1.13	1.33281	1.33074	1.33799	0.00	6689.13
88	2012.03.29 11:06	s/l	37	1.13	1.33074	1.33074	1.33799	-233.91	6455.22
89	2012.04.03 08:15	buy	38	0.65	1.33466	1.33269	1.33959	0.00	6455.22
90	2012.04.03 13:16	s/l	38	0.65	1.33269	1.33269	1.33959	-128.05	6327.17
91	2012.04.09 15:15	sell	39	0.63	1.30563	1.30761	1.30068	0.00	6327.17
92	2012.04.09 16:31	s/l	39	0.63	1.30761	1.30761	1.30068	-124.74	6202.43
93	2012.04.09 16:31	buy	40	0.59	1.30761	1.30554	1.31279	0.00	6202.43
94	2012.04.09 18:33	modify	40	0.59	1.30761	1.30771	1.31279	0.00	6202.43
95	2012.04.09 18:59	t/p	40	0.59	1.31279	1.30771	1.31279	305.62	6508.05
96	2012.04.12 10:45	buy	41	0.26	1.31315	1.31066	1.31938	0.00	6508.05
97	2012.04.12 11:09	s/l	41	0.26	1.31066	1.31066	1.31938	-64.74	6443.31
98	2012.04.17 09:15	buy	42	0.58	1.31100	1.30879	1.31653	0.00	6443.31
99	2012.04.17 09:55	modify	42	0.58	1.31100	1.31110	1.31653	0.00	6443.31
100	2012.04.17 11:00	t/p	42	0.58	1.31653	1.31110	1.31653	320.74	6764.05
101	2012.04.18 14:45	sell	43	2.32	1.30804	1.31008	1.30294	0.00	6764.05
102	2012.04.18 16:35	s/l	43	2.32	1.31008	1.31008	1.30294	-473.28	6290.77
103	2012.04.18 16:35	buy	44	2.25	1.31009	1.30814	1.31497	0.00	6290.77
104	2012.04.18 16:42	modify	44	2.25	1.31009	1.31019	1.31497	0.00	6290.77
105	2012.04.19 10:24	t/p	44	2.25	1.31497	1.31019	1.31497	1041.68	7332.45
106	2012.04.19 11:30	buy	45	0.39	1.31388	1.31203	1.31851	0.00	7332.45
107	2012.04.19 12:23	s/l	45	0.39	1.31203	1.31203	1.31851	-72.15	7260.30
108	2012.04.26 15:30	buy	46	0.33	1.32181	1.31963	1.32726	0.00	7260.30
109	2012.04.26 16:16	modify	46	0.33	1.32181	1.32191	1.32726	0.00	7260.30
110	2012.04.26 23:00	s/l	46	0.33	1.32191	1.32191	1.32726	3.30	7263.60
111	2012.05.10 10:15	sell	47	1.05	1.29446	1.29688	1.28841	0.00	7263.60
112	2012.05.10 15:12	s/l	47	1.05	1.29688	1.29688	1.28841	-254.10	7009.50
113	2012.05.10 15:12	buy	48	1.12	1.29688	1.29470	1.30233	0.00	7009.50
114	2012.05.10 17:07	s/l	48	1.12	1.29470	1.29470	1.30233	-244.16	6765.34
115	2012.05.17 08:45	sell	49	0.31	1.27264	1.27480	1.26724	0.00	6765.34
116	2012.05.17 12:19	modify	49	0.31	1.27264	1.27254	1.26724	0.00	6765.34
117	2012.05.17 13:26	t/p	49	0.31	1.26724	1.27254	1.26724	167.40	6932.74
118	2012.05.22 09:15	buy	50	3.15	1.27961	1.27807	1.28346	0.00	6932.74
119	2012.05.22 10:43	s/l	50	3.15	1.27807	1.27807	1.28346	-485.10	6447.64
120	2012.05.29 11:45	sell	51	0.55	1.25401	1.25635	1.24816	0.00	6447.64
121	2012.05.29 17:36	modify	51	0.55	1.25401	1.25391	1.24816	0.00	6447.64
122	2012.05.29 17:45	t/p	51	0.55	1.24816	1.25391	1.24816	321.75	6769.39
123	2012.06.19 08:30	sell	52	2.41	1.25960	1.26156	1.25470	0.00	6769.39
124	2012.06.19 09:16	s/l	52	2.41	1.26156	1.26156	1.25470	-472.36	6297.03
125	2012.06.26 09:00	sell	53	0.54	1.25010	1.25240	1.24435	0.00	6297.03
126	2012.06.26 09:39	s/l	53	0.54	1.25240	1.25240	1.24435	-124.20	6172.83
127	2012.06.27 08:45	sell	54	0.79	1.24880	1.25035	1.24493	0.00	6172.83
128	2012.06.27 15:09	modify	54	0.79	1.24880	1.24870	1.24493	0.00	6172.83
129	2012.06.27 17:18	t/p	54	0.79	1.24493	1.24870	1.24493	305.73	6478.56
130	2012.07.11 10:15	sell	55	2.90	1.22620	1.22776	1.22230	0.00	6478.56
131	2012.07.11 10:41	s/l	55	2.90	1.22776	1.22776	1.22230	-452.40	6026.16
132	2012.07.16 09:30	buy	56	0.66	1.22370	1.22188	1.22825	0.00	6026.16
133	2012.07.16 10:45	s/l	56	0.66	1.22188	1.22188	1.22825	-120.12	5906.04
134	2012.07.18 09:15	buy	57	0.73	1.22915	1.22754	1.23318	0.00	5906.04
135	2012.07.18 10:09	s/l	57	0.73	1.22754	1.22754	1.23318	-117.53	5788.51
136	2012.07.18 10:09	sell	58	0.55	1.22753	1.22960	1.22236	0.00	5788.51
137	2012.07.18 11:40	modify	58	0.55	1.22753	1.22743	1.22236	0.00	5788.51
138	2012.07.18 13:02	t/p	58	0.55	1.22236	1.22743	1.22236	284.35	6072.86
139	2012.07.31 09:45	buy	59	0.61	1.22778	1.22579	1.23276	0.00	6072.86
140	2012.07.31 10:05	s/l	59	0.61	1.22579	1.22579	1.23276	-121.39	5951.47
141	2012.07.31 11:00	sell	60	0.57	1.22571	1.22777	1.22056	0.00	5951.47
142	2012.07.31 11:56	s/l	60	0.57	1.22777	1.22777	1.22056	-117.42	5834.05
143	2012.08.08 11:30	sell	61	0.52	1.23711	1.23933	1.23156	0.00	5834.05
144	2012.08.08 14:13	modify	61	0.52	1.23711	1.23701	1.23156	0.00	5834.05
145	2012.08.08 17:12	s/l	61	0.52	1.23701	1.23701	1.23156	5.20	5839.25
146	2012.08.09 09:15	sell	62	0.83	1.23620	1.23866	1.23005	0.00	5839.25
147	2012.08.09 12:03	modify	62	0.83	1.23620	1.23610	1.23005	0.00	5839.25
148	2012.08.09 13:24	t/p	62	0.83	1.23005	1.23610	1.23005	510.45	6349.70
149	2012.08.13 09:45	sell	63	1.35	1.22776	1.22964	1.22306	0.00	6349.70
150	2012.08.13 11:00	s/l	63	1.35	1.22964	1.22964	1.22306	-253.80	6095.90
151	2012.08.13 11:00	buy	64	1.65	1.22964	1.22817	1.23332	0.00	6095.90
152	2012.08.13 11:20	modify	64	1.65	1.22964	1.22974	1.23332	0.00	6095.90
153	2012.08.13 12:58	t/p	64	1.65	1.23332	1.22974	1.23332	607.20	6703.10
154	2012.08.15 11:45	sell	65	0.80	1.23236	1.23403	1.22819	0.00	6703.10
155	2012.08.15 12:09	modify	65	0.80	1.23236	1.23226	1.22819	0.00	6703.10
156	2012.08.15 12:20	t/p	65	0.80	1.22819	1.23226	1.22819	333.60	7036.70
157	2012.08.20 08:15	buy	66	2.33	1.23483	1.23272	1.24011	0.00	7036.70
158	2012.08.20 12:02	s/l	66	2.33	1.23272	1.23272	1.24011	-491.63	6545.07
159	2012.08.28 08:15	sell	67	0.80	1.24795	1.24957	1.24390	0.00	6545.07
160	2012.08.28 09:49	s/l	67	0.80	1.24957	1.24957	1.24390	-129.60	6415.47
161	2012.09.03 09:15	buy	68	0.67	1.25800	1.25609	1.26278	0.00	6415.47
162	2012.09.03 17:16	modify	68	0.67	1.25800	1.25810	1.26278	0.00	6415.47
163	2012.09.04 01:07	s/l	68	0.67	1.25810	1.25810	1.26278	1.11	6416.58
164	2012.10.02 08:30	buy	69	2.75	1.29130	1.28967	1.29538	0.00	6416.58
165	2012.10.02 08:58	s/l	69	2.75	1.28967	1.28967	1.29538	-448.25	5968.33
166	2012.10.03 08:15	sell	70	0.62	1.28867	1.29059	1.28387	0.00	5968.33
167	2012.10.03 09:41	s/l	70	0.62	1.29059	1.29059	1.28387	-119.04	5849.29
168	2012.10.11 08:00	sell	71	0.28	1.28581	1.28788	1.28064	0.00	5849.29
169	2012.10.11 10:10	s/l	71	0.28	1.28788	1.28788	1.28064	-57.96	5791.33
170	2012.10.15 08:15	sell	72	0.69	1.29007	1.29174	1.28590	0.00	5791.33
171	2012.10.15 08:51	s/l	72	0.69	1.29174	1.29174	1.28590	-115.23	5676.10
172	2012.10.15 08:51	buy	73	0.48	1.29174	1.28939	1.29762	0.00	5676.10
173	2012.10.15 09:47	modify	73	0.48	1.29174	1.29184	1.29762	0.00	5676.10
174	2012.10.15 13:05	t/p	73	0.48	1.29762	1.29184	1.29762	282.24	5958.34
175	2012.10.18 10:45	buy	74	0.28	1.31033	1.30827	1.31548	0.00	5958.34
176	2012.10.18 16:17	s/l	74	0.28	1.30827	1.30827	1.31548	-57.68	5900.66
177	2012.10.22 09:15	sell	75	0.52	1.30396	1.30619	1.29839	0.00	5900.66
178	2012.10.22 12:13	s/l	75	0.52	1.30619	1.30619	1.29839	-115.96	5784.70
179	2012.10.22 12:13	buy	76	0.75	1.30619	1.30466	1.31002	0.00	5784.70
180	2012.10.22 15:15	s/l	76	0.75	1.30466	1.30466	1.31002	-114.75	5669.95
181	2012.10.25 11:30	buy	77	0.30	1.30147	1.29960	1.30615	0.00	5669.95
182	2012.10.25 12:50	s/l	77	0.30	1.29960	1.29960	1.30615	-56.10	5613.85
183	2012.10.25 12:50	sell	78	0.28	1.29960	1.30154	1.29475	0.00	5613.85
184	2012.10.25 15:55	modify	78	0.28	1.29960	1.29950	1.29475	0.00	5613.85
185	2012.10.25 17:25	t/p	78	0.28	1.29475	1.29950	1.29475	135.80	5749.65
186	2012.11.01 08:15	sell	79	0.29	1.29467	1.29662	1.28980	0.00	5749.65
187	2012.11.01 13:32	s/l	79	0.29	1.29662	1.29662	1.28980	-56.55	5693.10
188	2012.11.06 16:15	sell	80	0.72	1.27995	1.28151	1.27605	0.00	5693.10
189	2012.11.06 17:37	s/l	80	0.72	1.28151	1.28151	1.27605	-112.32	5580.78
190	2012.11.14 08:45	buy	81	0.59	1.27217	1.27029	1.27687	0.00	5580.78
191	2012.11.14 10:52	modify	81	0.59	1.27217	1.27227	1.27687	0.00	5580.78
192	2012.11.14 20:00	t/p	81	0.59	1.27687	1.27227	1.27687	277.30	5858.08
193	2012.11.28 10:30	sell	82	1.95	1.29182	1.29392	1.28657	0.00	5858.08
194	2012.11.28 14:19	modify	82	1.95	1.29182	1.29172	1.28657	0.00	5858.08
195	2012.11.28 16:36	s/l	82	1.95	1.29172	1.29172	1.28657	19.50	5877.58
196	2012.11.29 09:00	buy	83	0.51	1.29636	1.29409	1.30204	0.00	5877.58
197	2012.11.29 13:47	modify	83	0.51	1.29636	1.29646	1.30204	0.00	5877.58
198	2012.11.29 17:41	s/l	83	0.51	1.29646	1.29646	1.30204	5.10	5882.68
199	2012.12.11 10:30	buy	84	1.06	1.29587	1.29366	1.30140	0.00	5882.68
200	2012.12.11 12:50	modify	84	1.06	1.29587	1.29597	1.30140	0.00	5882.68
201	2012.12.11 19:41	t/p	84	1.06	1.30140	1.29597	1.30140	586.18	6468.86
202	2013.01.09 10:30	sell	85	1.46	1.30796	1.30973	1.30354	0.00	6468.86
203	2013.01.09 12:42	modify	85	1.46	1.30796	1.30786	1.30354	0.00	6468.86
204	2013.01.09 17:56	s/l	85	1.46	1.30786	1.30786	1.30354	14.60	6483.46
205	2013.01.17 08:45	sell	86	0.59	1.32862	1.33081	1.32315	0.00	6483.46
206	2013.01.17 09:03	s/l	86	0.59	1.33081	1.33081	1.32315	-129.21	6354.25
207	2013.01.21 08:45	sell	87	0.79	1.33176	1.33335	1.32779	0.00	6354.25
208	2013.01.22 05:00	s/l	87	0.79	1.33335	1.33335	1.32779	-123.61	6230.64
209	2013.01.29 09:45	buy	88	0.55	1.34542	1.34319	1.35100	0.00	6230.64
210	2013.01.29 11:46	s/l	88	0.55	1.34319	1.34319	1.35100	-122.65	6107.99
211	2013.02.12 08:45	sell	89	0.55	1.33733	1.33953	1.33183	0.00	6107.99
212	2013.02.12 10:01	s/l	89	0.55	1.33953	1.33953	1.33183	-121.00	5986.99
213	2013.02.18 08:15	sell	90	0.65	1.33366	1.33549	1.32909	0.00	5986.99
214	2013.02.18 10:22	s/l	90	0.65	1.33549	1.33549	1.32909	-118.95	5868.04
215	2013.02.19 11:00	sell	91	0.67	1.33427	1.33600	1.32995	0.00	5868.04
216	2013.02.19 11:00	s/l	91	0.67	1.33600	1.33600	1.32995	-115.91	5752.13
217	2013.02.19 11:00	buy	92	0.60	1.33600	1.33411	1.34073	0.00	5752.13
218	2013.02.19 11:19	s/l	92	0.60	1.33411	1.33411	1.34073	-113.40	5638.73
219	2013.03.05 09:00	buy	93	0.49	1.30469	1.30240	1.31042	0.00	5638.73
220	2013.03.05 11:44	s/l	93	0.49	1.30240	1.30240	1.31042	-112.21	5526.52
221	2013.03.11 09:30	sell	94	0.68	1.30037	1.30199	1.29632	0.00	5526.52
222	2013.03.11 18:03	s/l	94	0.68	1.30199	1.30199	1.29632	-110.16	5416.36
223	2013.03.19 08:30	sell	95	0.52	1.29425	1.29630	1.28913	0.00	5416.36
224	2013.03.19 16:37	modify	95	0.52	1.29425	1.29415	1.28913	0.00	5416.36
225	2013.03.19 16:57	t/p	95	0.52	1.28913	1.29415	1.28913	266.24	5682.60
226	2013.03.28 09:45	sell	96	0.96	1.27897	1.28103	1.27382	0.00	5682.60
227	2013.03.28 09:58	modify	96	0.96	1.27897	1.27887	1.27382	0.00	5682.60
228	2013.03.28 11:18	s/l	96	0.96	1.27887	1.27887	1.27382	9.60	5692.20
229	2013.04.03 14:00	buy	97	0.99	1.28289	1.28061	1.28859	0.00	5692.20
230	2013.04.03 16:15	modify	97	0.99	1.28289	1.28299	1.28859	0.00	5692.20
231	2013.04.04 07:05	s/l	97	0.99	1.28299	1.28299	1.28859	-14.88	5677.32
232	2013.04.04 07:05	sell	98	0.52	1.28298	1.28515	1.27756	0.00	5677.32
233	2013.04.04 10:00	modify	98	0.52	1.28298	1.28288	1.27756	0.00	5677.32
234	2013.04.04 14:32	s/l	98	0.52	1.28288	1.28288	1.27756	5.20	5682.52
235	2013.04.15 10:00	sell	99	0.55	1.30742	1.30946	1.30232	0.00	5682.52
236	2013.04.15 14:18	s/l	99	0.55	1.30946	1.30946	1.30232	-112.20	5570.32
237	2013.04.22 08:15	sell	100	0.66	1.30575	1.30743	1.30155	0.00	5570.32
238	2013.04.22 09:04	s/l	100	0.66	1.30743	1.30743	1.30155	-110.88	5459.44
239	2013.04.22 09:30	sell	101	0.49	1.30554	1.30774	1.30004	0.00	5459.44
240	2013.04.22 14:54	modify	101	0.49	1.30554	1.30544	1.30004	0.00	5459.44
241	2013.04.22 18:40	s/l	101	0.49	1.30544	1.30544	1.30004	4.90	5464.34
242	2013.04.24 14:30	sell	102	1.79	1.29957	1.30170	1.29425	0.00	5464.34
243	2013.04.24 19:05	s/l	102	1.79	1.30170	1.30170	1.29425	-381.27	5083.07
244	2013.04.25 10:15	buy	103	0.28	1.30423	1.30246	1.30866	0.00	5083.07
245	2013.04.25 11:00	modify	103	0.28	1.30423	1.30433	1.30866	0.00	5083.07
246	2013.04.25 14:15	t/p	103	0.28	1.30866	1.30433	1.30866	124.04	5207.11
247	2013.04.29 08:15	buy	104	2.13	1.30577	1.30406	1.31005	0.00	5207.11
248	2013.04.29 09:24	modify	104	2.13	1.30577	1.30587	1.31005	0.00	5207.11
249	2013.04.29 14:03	t/p	104	2.13	1.31005	1.30587	1.31005	911.64	6118.75
250	2013.04.30 15:15	buy	105	1.19	1.30853	1.30649	1.31363	0.00	6118.75
251	2013.04.30 15:35	modify	105	1.19	1.30853	1.30863	1.31363	0.00	6118.75
252	2013.04.30 15:40	t/p	105	1.19	1.31363	1.30863	1.31363	606.90	6725.65
253	2013.05.02 10:15	buy	106	0.67	1.31676	1.31478	1.32171	0.00	6725.65
254	2013.05.02 13:45	s/l	106	0.67	1.31478	1.31478	1.32171	-132.66	6592.99
255	2013.05.06 10:45	sell	107	0.86	1.31067	1.31220	1.30685	0.00	6592.99
256	2013.05.06 16:24	modify	107	0.86	1.31067	1.31057	1.30685	0.00	6592.99
257	2013.05.06 16:26	t/p	107	0.86	1.30685	1.31057	1.30685	328.52	6921.51
258	2013.05.14 09:15	buy	108	3.02	1.30125	1.29965	1.30525	0.00	6921.51
259	2013.05.14 09:30	s/l	108	3.02	1.29965	1.29965	1.30525	-483.20	6438.31
260	2013.05.14 11:00	sell	109	0.75	1.29949	1.30120	1.29522	0.00	6438.31
261	2013.05.14 11:10	s/l	109	0.75	1.30120	1.30120	1.29522	-128.25	6310.06
262	2013.05.21 11:30	buy	110	0.53	1.28856	1.28622	1.29441	0.00	6310.06
263	2013.05.21 12:23	s/l	110	0.53	1.28622	1.28622	1.29441	-124.02	6186.04
264	2013.05.21 16:00	sell	111	0.82	1.28596	1.28746	1.28221	0.00	6186.04
265	2013.05.21 17:11	s/l	111	0.82	1.28746	1.28746	1.28221	-123.00	6063.04
266	2013.05.22 09:00	buy	112	0.79	1.29166	1.29013	1.29549	0.00	6063.04
267	2013.05.22 09:45	modify	112	0.79	1.29166	1.29176	1.29549	0.00	6063.04
268	2013.05.22 14:21	s/l	112	0.79	1.29176	1.29176	1.29549	7.90	6070.94
269	2013.05.28 11:15	sell	113	2.54	1.28973	1.29140	1.28556	0.00	6070.94
270	2013.05.28 11:26	s/l	113	2.54	1.29140	1.29140	1.28556	-424.18	5646.76
271	2013.05.28 11:26	buy	114	1.91	1.29140	1.28934	1.29655	0.00	5646.76
272	2013.05.28 13:18	modify	114	1.91	1.29140	1.29150	1.29655	0.00	5646.76
273	2013.05.28 15:19	s/l	114	1.91	1.29150	1.29150	1.29655	19.10	5665.86
274	2013.06.12 15:45	buy	115	0.57	1.32857	1.32659	1.33352	0.00	5665.86
275	2013.06.12 17:00	modify	115	0.57	1.32857	1.32867	1.33352	0.00	5665.86
276	2013.06.12 17:47	t/p	115	0.57	1.33352	1.32867	1.33352	282.15	5948.01
277	2013.06.25 10:15	sell	116	2.15	1.31269	1.31462	1.30787	0.00	5948.01
278	2013.06.25 14:35	modify	116	2.15	1.31269	1.31259	1.30787	0.00	5948.01
279	2013.06.25 16:00	t/p	116	2.15	1.30787	1.31259	1.30787	1036.30	6984.31
280	2013.07.04 09:15	sell	117	0.70	1.29863	1.30062	1.29366	0.00	6984.31
281	2013.07.04 11:56	s/l	117	0.70	1.30062	1.30062	1.29366	-139.30	6845.01
282	2013.07.04 11:56	buy	118	0.93	1.30062	1.29916	1.30427	0.00	6845.01
283	2013.07.04 13:43	s/l	118	0.93	1.29916	1.29916	1.30427	-135.78	6709.23
284	2013.07.10 14:15	sell	119	0.77	1.28125	1.28298	1.27693	0.00	6709.23
285	2013.07.10 15:58	s/l	119	0.77	1.28298	1.28298	1.27693	-133.21	6576.02
286	2013.07.23 16:15	buy	120	0.84	1.31936	1.31781	1.32324	0.00	6576.02
287	2013.07.23 16:41	modify	120	0.84	1.31936	1.31946	1.32324	0.00	6576.02
288	2013.07.23 20:51	t/p	120	0.84	1.32324	1.31946	1.32324	325.92	6901.94
289	2013.08.13 09:30	sell	121	2.06	1.32899	1.33133	1.32314	0.00	6901.94
290	2013.08.13 11:15	s/l	121	2.06	1.33133	1.33133	1.32314	-482.04	6419.90
291	2013.08.14 11:15	sell	122	0.62	1.32524	1.32730	1.32009	0.00	6419.90
292	2013.08.15 04:09	s/l	122	0.62	1.32730	1.32730	1.32009	-123.00	6296.90
293	2013.08.22 16:30	sell	123	0.30	1.33300	1.33506	1.32785	0.00	6296.90
294	2013.08.22 17:06	s/l	123	0.30	1.33506	1.33506	1.32785	-61.80	6235.10
295	2013.08.28 11:30	buy	124	0.75	1.33763	1.33597	1.34178	0.00	6235.10
296	2013.08.28 12:33	s/l	124	0.75	1.33597	1.33597	1.34178	-124.50	6110.60
297	2013.08.28 12:33	sell	125	0.67	1.33596	1.33777	1.33144	0.00	6110.60
298	2013.08.28 15:35	modify	125	0.67	1.33596	1.33586	1.33144	0.00	6110.60
299	2013.08.28 15:45	t/p	125	0.67	1.33144	1.33586	1.33144	302.84	6413.44
300	2013.09.02 10:00	sell	126	0.73	1.32101	1.32276	1.31664	0.00	6413.44
301	2013.09.03 07:19	modify	126	0.73	1.32101	1.32091	1.31664	0.00	6413.44
302	2013.09.03 08:30	t/p	126	0.73	1.31664	1.32091	1.31664	320.86	6734.30
303	2013.09.11 10:15	buy	127	2.96	1.32661	1.32502	1.33059	0.00	6734.30
304	2013.09.11 15:53	modify	127	2.96	1.32661	1.32671	1.33059	0.00	6734.30
305	2013.09.11 17:02	t/p	127	2.96	1.33059	1.32671	1.33059	1178.08	7912.38
306	2013.09.23 14:30	buy	128	1.72	1.35152	1.34969	1.35610	0.00	7912.38
307	2013.09.23 15:17	s/l	128	1.72	1.34969	1.34969	1.35610	-314.76	7597.62
308	2013.09.26 15:30	sell	129	0.50	1.34922	1.35073	1.34545	0.00	7597.62
309	2013.09.26 16:00	s/l	129	0.50	1.35073	1.35073	1.34545	-75.50	7522.12
310	2013.10.07 14:00	sell	130	0.89	1.35668	1.35836	1.35248	0.00	7522.12
311	2013.10.07 17:17	s/l	130	0.89	1.35836	1.35836	1.35248	-149.52	7372.60
312	2013.10.08 15:45	buy	131	0.64	1.35953	1.35724	1.36526	0.00	7372.60
313	2013.10.08 18:46	s/l	131	0.64	1.35724	1.35724	1.36526	-146.56	7226.04
314	2013.10.23 15:00	buy	132	0.91	1.37630	1.37472	1.38025	0.00	7226.04
315	2013.10.23 15:48	modify	132	0.91	1.37630	1.37640	1.38025	0.00	7226.04
316	2013.10.23 16:12	s/l	132	0.91	1.37640	1.37640	1.38025	9.10	7235.14
317	2013.11.06 08:45	buy	133	2.79	1.35089	1.34908	1.35542	0.00	7235.14
318	2013.11.06 09:26	s/l	133	2.79	1.34908	1.34908	1.35542	-504.99	6730.15
319	2013.11.06 09:26	sell	134	2.28	1.34908	1.35114	1.34393	0.00	6730.15
320	2013.11.06 10:35	s/l	134	2.28	1.35114	1.35114	1.34393	-469.68	6260.47
321	2013.11.12 09:45	sell	135	0.60	1.33736	1.33944	1.33216	0.00	6260.47
322	2013.11.12 11:53	s/l	135	0.60	1.33944	1.33944	1.33216	-124.80	6135.67
323	2013.11.14 09:15	buy	136	0.34	1.34685	1.34509	1.35125	0.00	6135.67
324	2013.11.14 10:37	s/l	136	0.34	1.34509	1.34509	1.35125	-59.84	6075.83
325	2013.11.14 10:37	sell	137	0.36	1.34509	1.34675	1.34094	0.00	6075.83
326	2013.11.14 12:12	modify	137	0.36	1.34509	1.34499	1.34094	0.00	6075.83
327	2013.11.14 14:30	s/l	137	0.36	1.34499	1.34499	1.34094	3.60	6079.43
328	2013.11.19 10:00	buy	138	0.60	1.35196	1.34995	1.35699	0.00	6079.43
329	2013.11.19 11:06	s/l	138	0.60	1.34995	1.34995	1.35699	-120.60	5958.83
330	2013.11.19 11:06	sell	139	0.50	1.34994	1.35229	1.34407	0.00	5958.83
331	2013.11.19 15:50	s/l	139	0.50	1.35229	1.35229	1.34407	-117.50	5841.33
332	2013.11.20 15:30	buy	140	0.76	1.35377	1.35225	1.35757	0.00	5841.33
333	2013.11.20 16:20	s/l	140	0.76	1.35225	1.35225	1.35757	-115.52	5725.81
334	2013.12.02 08:45	buy	141	0.62	1.36124	1.35941	1.36582	0.00	5725.81
335	2013.12.02 09:32	s/l	141	0.62	1.35941	1.35941	1.36582	-113.46	5612.35
336	2013.12.02 09:32	sell	142	0.51	1.35941	1.36157	1.35401	0.00	5612.35
337	2013.12.02 10:26	modify	142	0.51	1.35941	1.35931	1.35401	0.00	5612.35
338	2013.12.02 12:19	t/p	142	0.51	1.35401	1.35931	1.35401	275.40	5887.75
339	2013.12.11 10:00	buy	143	0.49	1.37631	1.37392	1.38229	0.00	5887.75
340	2013.12.11 16:49	modify	143	0.49	1.37631	1.37641	1.38229	0.00	5887.75
341	2013.12.12 10:50	s/l	143	0.49	1.37641	1.37641	1.38229	-7.37	5880.38
342	2013.12.12 16:00	buy	144	0.28	1.37754	1.37544	1.38279	0.00	5880.38
343	2013.12.12 16:04	s/l	144	0.28	1.37544	1.37544	1.38279	-58.80	5821.58
344	2013.12.16 10:30	buy	145	0.47	1.37724	1.37477	1.38342	0.00	5821.58
345	2013.12.16 18:21	s/l	145	0.47	1.37477	1.37477	1.38342	-116.09	5705.49
346	2013.12.26 16:45	buy	146	0.33	1.36977	1.36809	1.37397	0.00	5705.49
347	2013.12.27 03:51	modify	146	0.33	1.36977	1.36987	1.37397	0.00	5705.49
348	2013.12.27 04:10	t/p	146	0.33	1.37397	1.36987	1.37397	135.85	5841.34
349	2013.12.31 15:30	sell	147	1.80	1.37694	1.37920	1.37129	0.00	5841.34
350	2014.01.02 08:42	modify	147	1.80	1.37694	1.37684	1.37129	0.00	5841.34
351	2014.01.02 12:01	t/p	147	1.80	1.37129	1.37684	1.37129	1035.26	6876.60
352	2014.01.14 11:45	buy	148	1.36	1.36802	1.36601	1.37305	0.00	6876.60
353	2014.01.14 14:30	s/l	148	1.36	1.36601	1.36601	1.37305	-273.36	6603.24
354	2014.01.14 15:30	buy	149	0.81	1.36736	1.36573	1.37144	0.00	6603.24
355	2014.01.15 02:34	s/l	149	0.81	1.36573	1.36573	1.37144	-138.79	6464.45
356	2014.01.16 08:30	sell	150	0.31	1.36069	1.36275	1.35554	0.00	6464.45
357	2014.01.16 10:33	s/l	150	0.31	1.36275	1.36275	1.35554	-63.86	6400.59
358	2014.01.21 09:00	sell	151	0.71	1.35465	1.35645	1.35015	0.00	6400.59
359	2014.01.21 12:59	modify	151	0.71	1.35465	1.35455	1.35015	0.00	6400.59
360	2014.01.21 16:59	s/l	151	0.71	1.35455	1.35455	1.35015	7.10	6407.69
361	2014.01.22 09:00	sell	152	1.93	1.35444	1.35676	1.34864	0.00	6407.69
362	2014.01.22 13:43	s/l	152	1.93	1.35676	1.35676	1.34864	-447.76	5959.93
363	2014.01.28 16:45	sell	153	0.66	1.36570	1.36750	1.36120	0.00	5959.93
364	2014.01.29 09:30	s/l	153	0.66	1.36750	1.36750	1.36120	-117.13	5842.80
365	2014.02.04 15:15	sell	154	0.60	1.35118	1.35310	1.34638	0.00	5842.80
366	2014.02.05 14:00	s/l	154	0.60	1.35310	1.35310	1.34638	-113.68	5729.12
367	2014.02.17 10:15	buy	155	0.58	1.37136	1.36940	1.37626	0.00	5729.12
368	2014.02.17 14:24	s/l	155	0.58	1.36940	1.36940	1.37626	-113.68	5615.44
369	2014.02.18 11:45	buy	156	0.49	1.37278	1.37050	1.37848	0.00	5615.44
370	2014.02.18 15:11	modify	156	0.49	1.37278	1.37288	1.37848	0.00	5615.44
371	2014.02.19 20:20	s/l	156	0.49	1.37288	1.37288	1.37848	0.81	5616.26
372	2014.03.17 10:00	buy	157	1.78	1.39046	1.38826	1.39596	0.00	5616.26
373	2014.03.17 14:48	modify	157	1.78	1.39046	1.39056	1.39596	0.00	5616.26
374	2014.03.18 10:15	s/l	157	1.78	1.39056	1.39056	1.39596	2.95	5619.20
375	2014.03.24 15:15	sell	158	1.21	1.37678	1.37863	1.37216	0.00	5619.20
376	2014.03.24 16:55	s/l	158	1.21	1.37863	1.37863	1.37216	-223.85	5395.35
377	2014.03.24 16:55	buy	159	1.30	1.37863	1.37698	1.38276	0.00	5395.35
378	2014.03.24 18:26	modify	159	1.30	1.37863	1.37873	1.38276	0.00	5395.35
379	2014.03.24 18:51	t/p	159	1.30	1.38276	1.37873	1.38276	536.90	5932.25
380	2014.03.25 16:30	sell	160	0.56	1.37853	1.38062	1.37331	0.00	5932.25
381	2014.03.25 17:15	modify	160	0.56	1.37853	1.37843	1.37331	0.00	5932.25
382	2014.03.25 17:30	s/l	160	0.56	1.37843	1.37843	1.37331	5.60	5937.85
383	2014.03.27 08:30	sell	161	1.19	1.37720	1.37894	1.37285	0.00	5937.85
384	2014.03.27 11:04	modify	161	1.19	1.37720	1.37710	1.37285	0.00	5937.85
385	2014.03.27 12:55	s/l	161	1.19	1.37710	1.37710	1.37285	11.90	5949.75
386	2014.03.27 15:30	sell	162	0.78	1.37613	1.37764	1.37236	0.00	5949.75
387	2014.03.27 16:59	modify	162	0.78	1.37613	1.37603	1.37236	0.00	5949.75
388	2014.03.28 09:01	t/p	162	0.78	1.37236	1.37603	1.37236	296.04	6245.79
389	2014.04.02 15:30	sell	163	1.42	1.37764	1.37939	1.37327	0.00	6245.79
390	2014.04.03 13:17	modify	163	1.42	1.37764	1.37754	1.37327	0.00	6245.79
391	2014.04.03 13:45	s/l	163	1.42	1.37754	1.37754	1.37327	25.00	6270.80
392	2014.04.14 10:15	sell	164	1.66	1.38483	1.38634	1.38106	0.00	6270.80
393	2014.04.14 10:49	modify	164	1.66	1.38483	1.38473	1.38106	0.00	6270.80
394	2014.04.14 14:35	t/p	164	1.66	1.38106	1.38473	1.38106	625.82	6896.62
395	2014.05.14 11:45	sell	165	1.77	1.37124	1.37279	1.36737	0.00	6896.62
396	2014.05.15 09:10	modify	165	1.77	1.37124	1.37114	1.36737	0.00	6896.62
397	2014.05.15 09:53	t/p	165	1.77	1.36737	1.37114	1.36737	698.46	7595.07
398	2014.05.20 16:45	sell	166	2.02	1.36912	1.37062	1.36537	0.00	7595.07
399	2014.05.21 02:38	s/l	166	2.02	1.37062	1.37062	1.36537	-297.88	7297.19
400	2014.05.21 02:38	buy	167	3.94	1.37062	1.36988	1.37247	0.00	7297.19
401	2014.05.21 08:51	modify	167	3.94	1.37062	1.37072	1.37247	0.00	7297.19
402	2014.05.21 10:09	s/l	167	3.94	1.37072	1.37072	1.37247	39.40	7336.59
403	2014.05.22 09:15	sell	168	0.45	1.36629	1.36790	1.36227	0.00	7336.59
404	2014.05.22 09:39	s/l	168	0.45	1.36790	1.36790	1.36227	-72.45	7264.14
405	2014.05.29 15:00	sell	169	0.29	1.36023	1.36273	1.35398	0.00	7264.14
406	2014.05.30 15:14	s/l	169	0.29	1.36273	1.36273	1.35398	-71.76	7192.38
407	2014.05.30 15:14	buy	170	0.59	1.36274	1.36032	1.36879	0.00	7192.38
408	2014.06.02 10:00	s/l	170	0.59	1.36032	1.36032	1.36879	-147.70	7044.68
409	2014.06.11 16:15	sell	171	0.73	1.35313	1.35506	1.34831	0.00	7044.68
410	2014.06.12 16:43	s/l	171	0.73	1.35506	1.35506	1.34831	-135.34	6909.34
411	2014.06.12 16:43	buy	172	0.39	1.35507	1.35330	1.35950	0.00	6909.34
412	2014.06.13 10:00	modify	172	0.39	1.35507	1.35517	1.35950	0.00	6909.34
413	2014.06.13 12:52	s/l	172	0.39	1.35517	1.35517	1.35950	0.65	6909.99
414	2014.08.27 15:45	sell	173	0.84	1.31722	1.31885	1.31315	0.00	6909.99
415	2014.08.27 16:15	s/l	173	0.84	1.31885	1.31885	1.31315	-136.92	6773.07
416	2014.08.27 16:15	buy	174	0.59	1.31885	1.31659	1.32450	0.00	6773.07
417	2014.08.28 15:26	s/l	174	0.59	1.31659	1.31659	1.32450	-148.11	6624.96
418	2014.09.10 08:45	buy	175	0.75	1.29397	1.29221	1.29837	0.00	6624.96
419	2014.09.10 14:36	s/l	175	0.75	1.29221	1.29221	1.29837	-132.00	6492.96
420	2014.09.17 16:00	buy	176	0.81	1.29661	1.29501	1.30061	0.00	6492.96
421	2014.09.17 17:16	s/l	176	0.81	1.29501	1.29501	1.30061	-129.60	6363.36
422	2014.10.02 11:45	buy	177	0.40	1.26413	1.26255	1.26808	0.00	6363.36
423	2014.10.02 14:30	s/l	177	0.40	1.26255	1.26255	1.26808	-63.20	6300.16
424	2014.10.08 09:15	buy	178	0.53	1.26450	1.26215	1.27038	0.00	6300.16
425	2014.10.08 11:15	modify	178	0.53	1.26450	1.26460	1.27038	0.00	6300.16
426	2014.10.08 13:47	s/l	178	0.53	1.26460	1.26460	1.27038	5.30	6305.46
427	2014.10.13 15:30	buy	179	2.50	1.26918	1.26742	1.27358	0.00	6305.46
428	2014.10.13 17:21	s/l	179	2.50	1.26742	1.26742	1.27358	-440.00	5865.46
429	2014.10.20 15:00	sell	180	0.62	1.27670	1.27859	1.27198	0.00	5865.46
430	2014.10.20 17:33	s/l	180	0.62	1.27859	1.27859	1.27198	-117.18	5748.28
431	2014.11.04 08:30	sell	181	0.68	1.25028	1.25197	1.24606	0.00	5748.28
432	2014.11.04 11:17	s/l	181	0.68	1.25197	1.25197	1.24606	-114.92	5633.36
433	2014.11.04 11:17	buy	182	0.52	1.25197	1.24981	1.25737	0.00	5633.36
434	2014.11.04 16:30	modify	182	0.52	1.25197	1.25207	1.25737	0.00	5633.36
435	2014.11.04 16:55	t/p	182	0.52	1.25737	1.25207	1.25737	280.80	5914.16
436	2014.11.06 11:45	buy	183	0.33	1.25200	1.25021	1.25648	0.00	5914.16
437	2014.11.06 14:33	s/l	183	0.33	1.25021	1.25021	1.25648	-59.07	5855.09
438	2014.11.19 09:00	buy	184	0.53	1.25344	1.25125	1.25892	0.00	5855.09
439	2014.11.19 14:55	modify	184	0.53	1.25344	1.25354	1.25892	0.00	5855.09
440	2014.11.19 16:03	s/l	184	0.53	1.25354	1.25354	1.25892	5.30	5860.39
441	2014.11.25 11:30	sell	185	2.62	1.24276	1.24432	1.23886	0.00	5860.39
442	2014.11.25 15:31	modify	185	2.62	1.24276	1.24266	1.23886	0.00	5860.39
443	2014.11.25 16:29	s/l	185	2.62	1.24266	1.24266	1.23886	26.20	5886.59
444	2014.11.26 10:15	buy	186	1.51	1.24785	1.24630	1.25173	0.00	5886.59
445	2014.11.26 11:06	s/l	186	1.51	1.24630	1.24630	1.25173	-234.05	5652.54
446	2014.11.26 14:15	buy	187	0.47	1.24645	1.24409	1.25235	0.00	5652.54
447	2014.11.26 15:38	modify	187	0.47	1.24645	1.24655	1.25235	0.00	5652.54
448	2014.11.26 17:58	t/p	187	0.47	1.25235	1.24655	1.25235	277.30	5929.84
449	2014.12.10 14:45	buy	188	2.03	1.23839	1.23635	1.24349	0.00	5929.84
450	2014.12.10 17:00	modify	188	2.03	1.23839	1.23849	1.24349	0.00	5929.84
451	2014.12.10 17:37	t/p	188	2.03	1.24349	1.23849	1.24349	1035.30	6965.14
452	2014.12.15 08:45	buy	189	1.62	1.24551	1.24380	1.24979	0.00	6965.14
453	2014.12.15 10:13	s/l	189	1.62	1.24380	1.24380	1.24979	-277.02	6688.12
454	2014.12.17 09:15	buy	190	0.70	1.24923	1.24733	1.25398	0.00	6688.12
455	2014.12.17 09:55	s/l	190	0.70	1.24733	1.24733	1.25398	-133.00	6555.12
456	2014.12.22 14:45	sell	191	0.86	1.22570	1.22722	1.22190	0.00	6555.12
457	2014.12.22 21:50	modify	191	0.86	1.22570	1.22560	1.22190	0.00	6555.12
458	2014.12.22 21:59	t/p	191	0.86	1.22190	1.22560	1.22190	326.80	6881.92
459	2014.12.29 09:45	sell	192	2.49	1.21739	1.21932	1.21257	0.00	6881.92
460	2014.12.29 11:20	s/l	192	2.49	1.21932	1.21932	1.21257	-480.57	6401.35
461	2015.01.13 09:15	buy	193	0.79	1.18384	1.18223	1.18787	0.00	6401.35
462	2015.01.13 10:43	s/l	193	0.79	1.18223	1.18223	1.18787	-127.19	6274.16
463	2015.01.15 10:15	sell	194	0.27	1.17647	1.17875	1.17077	0.00	6274.16
464	2015.01.15 11:31	modify	194	0.27	1.17647	1.17637	1.17077	0.00	6274.16
465	2015.01.15 11:31	t/p	194	0.27	1.17077	1.17637	1.17077	153.90	6428.06
466	2015.01.20 10:15	sell	195	2.55	1.15765	1.15941	1.15325	0.00	6428.06
467	2015.01.20 11:37	s/l	195	2.55	1.15941	1.15941	1.15325	-448.80	5979.26
468	2015.01.20 15:15	sell	196	0.69	1.15785	1.15956	1.15358	0.00	5979.26
469	2015.01.20 15:25	s/l	196	0.69	1.15956	1.15956	1.15358	-117.99	5861.27
470	2015.01.21 09:15	sell	197	0.64	1.15688	1.15869	1.15236	0.00	5861.27
471	2015.01.21 14:55	s/l	197	0.64	1.15869	1.15869	1.15236	-115.84	5745.43
472	2015.02.02 10:30	buy	198	0.60	1.13235	1.13044	1.13713	0.00	5745.43
473	2015.02.02 11:59	modify	198	0.60	1.13235	1.13245	1.13713	0.00	5745.43
474	2015.02.02 13:25	s/l	198	0.60	1.13245	1.13245	1.13713	6.00	5751.43
475	2015.02.03 09:00	buy	199	2.64	1.13388	1.13236	1.13768	0.00	5751.43
476	2015.02.03 10:01	s/l	199	2.64	1.13236	1.13236	1.13768	-401.28	5350.15
477	2015.02.03 10:01	sell	200	1.58	1.13235	1.13472	1.12643	0.00	5350.15
478	2015.02.03 10:41	s/l	200	1.58	1.13472	1.13472	1.12643	-374.46	4975.69
479	2015.02.10 10:30	sell	201	0.55	1.13188	1.13368	1.12738	0.00	4975.69
480	2015.02.10 11:27	modify	201	0.55	1.13188	1.13178	1.12738	0.00	4975.69
481	2015.02.10 13:50	t/p	201	0.55	1.12738	1.13178	1.12738	247.50	5223.19
482	2015.02.12 16:30	buy	202	0.75	1.13514	1.13272	1.14119	0.00	5223.19
483	2015.02.12 16:48	modify	202	0.75	1.13514	1.13524	1.14119	0.00	5223.19
484	2015.02.12 18:40	t/p	202	0.75	1.14119	1.13524	1.14119	453.75	5676.94
485	2015.02.17 08:45	sell	203	1.30	1.13504	1.13678	1.13069	0.00	5676.94
486	2015.02.17 11:08	s/l	203	1.30	1.13678	1.13678	1.13069	-226.20	5450.74
487	2015.02.18 15:15	sell	204	0.62	1.13716	1.13890	1.13281	0.00	5450.74
488	2015.02.18 17:13	modify	204	0.62	1.13716	1.13706	1.13281	0.00	5450.74
489	2015.02.18 21:00	s/l	204	0.62	1.13706	1.13706	1.13281	6.20	5456.94
490	2015.02.24 16:15	sell	205	1.59	1.13176	1.13416	1.12576	0.00	5456.94
491	2015.02.24 17:15	s/l	205	1.59	1.13416	1.13416	1.12576	-381.60	5075.34
492	2015.02.25 10:45	buy	206	0.59	1.13718	1.13548	1.14143	0.00	5075.34
493	2015.02.25 12:38	s/l	206	0.59	1.13548	1.13548	1.14143	-100.30	4975.04
494	2015.03.02 15:45	sell	207	0.55	1.12167	1.12345	1.11722	0.00	4975.04
495	2015.03.02 17:36	modify	207	0.55	1.12167	1.12157	1.11722	0.00	4975.04
496	2015.03.03 11:41	t/p	207	0.55	1.11722	1.12157	1.11722	246.14	5221.18
497	2015.03.18 10:45	buy	208	1.87	1.06096	1.05901	1.06584	0.00	5221.18
498	2015.03.18 14:51	s/l	208	1.87	1.05901	1.05901	1.06584	-364.65	4856.53
499	2015.03.18 16:00	buy	209	0.39	1.06114	1.05871	1.06722	0.00	4856.53
500	2015.03.18 18:02	modify	209	0.39	1.06114	1.06124	1.06722	0.00	4856.53
501	2015.03.18 20:00	t/p	209	0.39	1.06722	1.06124	1.06722	237.12	5093.65
502	2015.04.07 08:00	sell	210	1.59	1.09238	1.09462	1.08678	0.00	5093.65
503	2015.04.07 08:58	s/l	210	1.59	1.09462	1.09462	1.08678	-356.16	4737.49
504	2015.04.08 14:30	sell	211	0.45	1.08561	1.08767	1.08046	0.00	4737.49
505	2015.04.08 15:32	s/l	211	0.45	1.08767	1.08767	1.08046	-92.70	4644.79
506	2015.04.15 09:30	buy	212	0.42	1.06461	1.06244	1.07004	0.00	4644.79
507	2015.04.15 10:23	s/l	212	0.42	1.06244	1.06244	1.07004	-91.14	4553.65
508	2015.04.20 09:30	buy	213	0.52	1.07898	1.07724	1.08333	0.00	4553.65
509	2015.04.20 10:06	s/l	213	0.52	1.07724	1.07724	1.08333	-90.48	4463.17
510	2015.04.21 08:30	sell	214	0.53	1.07223	1.07390	1.06806	0.00	4463.17
511	2015.04.21 09:11	modify	214	0.53	1.07223	1.07213	1.06806	0.00	4463.17
512	2015.04.21 09:47	t/p	214	0.53	1.06806	1.07213	1.06806	221.01	4684.18
513	2015.04.23 08:00	sell	215	0.95	1.07024	1.07196	1.06594	0.00	4684.18
514	2015.04.23 10:02	modify	215	0.95	1.07024	1.07014	1.06594	0.00	4684.18
515	2015.04.23 11:04	s/l	215	0.95	1.07014	1.07014	1.06594	9.50	4693.68
516	2015.04.27 14:00	buy	216	0.78	1.08453	1.08213	1.09053	0.00	4693.68
517	2015.04.27 15:14	s/l	216	0.78	1.08213	1.08213	1.09053	-187.20	4506.48
518	2015.04.28 11:45	buy	217	0.43	1.08818	1.08611	1.09336	0.00	4506.48
519	2015.04.28 12:15	modify	217	0.43	1.08818	1.08828	1.09336	0.00	4506.48
520	2015.04.28 13:46	t/p	217	0.43	1.09336	1.08828	1.09336	222.74	4729.22
521	2015.06.16 09:45	buy	218	1.51	1.12784	1.12566	1.13329	0.00	4729.22
522	2015.06.16 09:54	modify	218	1.51	1.12784	1.12794	1.13329	0.00	4729.22
523	2015.06.16 10:41	s/l	218	1.51	1.12794	1.12794	1.13329	15.10	4744.32
524	2015.06.17 10:00	buy	219	0.96	1.12588	1.12391	1.13081	0.00	4744.32
525	2015.06.17 11:14	modify	219	0.96	1.12588	1.12598	1.13081	0.00	4744.32
526	2015.06.17 11:56	s/l	219	0.96	1.12598	1.12598	1.13081	9.60	4753.92
527	2015.07.29 16:30	sell	220	0.78	1.10352	1.10594	1.09747	0.00	4753.92
528	2015.07.29 21:00	s/l	220	0.78	1.10594	1.10594	1.09747	-188.76	4565.16
529	2015.08.03 09:15	sell	221	0.53	1.09711	1.09882	1.09284	0.00	4565.16
530	2015.08.03 09:57	s/l	221	0.53	1.09882	1.09882	1.09284	-90.63	4474.53
531	2015.08.17 14:00	sell	222	0.52	1.10862	1.11034	1.10432	0.00	4474.53
532	2015.08.17 14:50	s/l	222	0.52	1.11034	1.11034	1.10432	-89.44	4385.09
533	2015.08.18 10:30	sell	223	0.52	1.10653	1.10821	1.10233	0.00	4385.09
534	2015.08.18 10:54	s/l	223	0.52	1.10821	1.10821	1.10233	-87.36	4297.73
535	2015.08.18 10:54	buy	224	0.40	1.10822	1.10609	1.11355	0.00	4297.73
536	2015.08.18 12:37	s/l	224	0.40	1.10609	1.10609	1.11355	-85.20	4212.53
537	2015.09.03 09:30	sell	225	0.27	1.12218	1.12370	1.11838	0.00	4212.53
538	2015.09.03 10:05	s/l	225	0.27	1.12370	1.12370	1.11838	-41.04	4171.49
539	2015.09.24 08:00	buy	226	0.26	1.11923	1.11764	1.12321	0.00	4171.49
540	2015.09.24 09:38	modify	226	0.26	1.11923	1.11933	1.12321	0.00	4171.49
541	2015.09.24 11:10	s/l	226	0.26	1.11933	1.11933	1.12321	2.60	4174.09
542	2015.09.30 14:30	sell	227	1.39	1.12060	1.12270	1.11535	0.00	4174.09
543	2015.09.30 17:25	modify	227	1.39	1.12060	1.12050	1.11535	0.00	4174.09
544	2015.10.01 06:33	t/p	227	1.39	1.11535	1.12050	1.11535	740.33	4914.42
545	2015.10.06 09:15	sell	228	1.22	1.11779	1.11940	1.11377	0.00	4914.42
546	2015.10.06 09:37	s/l	228	1.22	1.11940	1.11940	1.11377	-196.42	4718.00
547	2015.10.06 09:37	buy	229	0.83	1.11940	1.11715	1.12503	0.00	4718.00
548	2015.10.06 14:38	modify	229	0.83	1.11940	1.11950	1.12503	0.00	4718.00
549	2015.10.06 17:50	t/p	229	0.83	1.12503	1.11950	1.12503	467.29	5185.29
550	2015.10.08 10:00	buy	230	0.30	1.12617	1.12448	1.13040	0.00	5185.29
551	2015.10.08 10:18	modify	230	0.30	1.12617	1.12627	1.13040	0.00	5185.29
552	2015.10.08 10:24	t/p	230	0.30	1.13040	1.12627	1.13040	126.90	5312.19
553	2015.10.13 15:30	buy	231	2.14	1.13865	1.13692	1.14298	0.00	5312.19
554	2015.10.13 17:02	s/l	231	2.14	1.13692	1.13692	1.14298	-370.22	4941.97
555	2015.10.14 15:15	buy	232	0.57	1.14096	1.13924	1.14526	0.00	4941.97
556	2015.10.14 15:30	modify	232	0.57	1.14096	1.14106	1.14526	0.00	4941.97
557	2015.10.14 16:47	s/l	232	0.57	1.14106	1.14106	1.14526	5.70	4947.67
558	2015.10.19 10:15	sell	233	1.65	1.13584	1.13793	1.13062	0.00	4947.67
559	2015.10.19 12:37	modify	233	1.65	1.13584	1.13574	1.13062	0.00	4947.67
560	2015.10.19 17:59	t/p	233	1.65	1.13062	1.13574	1.13062	861.30	5808.97
561	2015.10.27 10:00	sell	234	1.32	1.10549	1.10725	1.10109	0.00	5808.97
562	2015.10.27 14:25	s/l	234	1.32	1.10725	1.10725	1.10109	-232.32	5576.65
563	2015.10.28 10:45	sell	235	0.68	1.10362	1.10525	1.09955	0.00	5576.65
564	2015.10.28 11:07	s/l	235	0.68	1.10525	1.10525	1.09955	-110.84	5465.81
565	2015.11.10 10:15	sell	236	0.60	1.07475	1.07657	1.07020	0.00	5465.81
566	2015.11.10 14:49	modify	236	0.60	1.07475	1.07465	1.07020	0.00	5465.81
567	2015.11.10 14:54	t/p	236	0.60	1.07020	1.07465	1.07020	273.00	5738.81
568	2015.11.11 10:00	buy	237	2.15	1.07489	1.07303	1.07954	0.00	5738.81
569	2015.11.11 13:17	s/l	237	2.15	1.07303	1.07303	1.07954	-399.90	5338.91
570	2015.11.16 15:15	sell	238	0.68	1.07229	1.07384	1.06842	0.00	5338.91
571	2015.11.16 15:37	s/l	238	0.68	1.07384	1.07384	1.06842	-105.40	5233.51
572	2015.11.18 14:15	buy	239	0.68	1.06716	1.06563	1.07099	0.00	5233.51
573	2015.11.18 16:00	s/l	239	0.68	1.06563	1.06563	1.07099	-104.04	5129.47
574	2015.11.18 16:00	sell	240	0.64	1.06563	1.06723	1.06163	0.00	5129.47
575	2015.11.18 16:43	s/l	240	0.64	1.06723	1.06723	1.06163	-102.40	5027.07
576	2015.11.19 11:00	buy	241	0.21	1.06882	1.06647	1.07470	0.00	5027.07
577	2015.11.19 16:25	modify	241	0.21	1.06882	1.06892	1.07470	0.00	5027.07
578	2015.11.19 18:09	t/p	241	0.21	1.07470	1.06892	1.07470	123.48	5150.55
579	2015.12.01 10:15	sell	242	2.08	1.05779	1.05952	1.05347	0.00	5150.55
580	2015.12.01 10:46	s/l	242	2.08	1.05952	1.05952	1.05347	-359.84	4790.71
581	2015.12.01 10:46	buy	243	1.67	1.05952	1.05752	1.06452	0.00	4790.71
582	2015.12.01 16:15	modify	243	1.67	1.05952	1.05962	1.06452	0.00	4790.71
583	2015.12.02 12:05	s/l	243	1.67	1.05962	1.05962	1.06452	2.77	4793.47
584	2015.12.14 09:15	sell	244	0.63	1.09585	1.09735	1.09210	0.00	4793.47
585	2015.12.14 13:25	s/l	244	0.63	1.09735	1.09735	1.09210	-94.50	4698.97
586	2015.12.16 16:30	sell	245	0.61	1.09260	1.09414	1.08875	0.00	4698.97
587	2015.12.16 17:58	s/l	245	0.61	1.09414	1.09414	1.08875	-93.94	4605.03
588	2015.12.21 15:15	buy	246	0.52	1.08708	1.08534	1.09143	0.00	4605.03
589	2015.12.21 15:44	modify	246	0.52	1.08708	1.08718	1.09143	0.00	4605.03
590	2015.12.21 17:27	t/p	246	0.52	1.09143	1.08718	1.09143	226.20	4831.23
591	2015.12.22 10:00	buy	247	1.69	1.09206	1.09007	1.09704	0.00	4831.23
592	2015.12.22 15:14	modify	247	1.69	1.09206	1.09216	1.09704	0.00	4831.23
593	2015.12.22 17:06	t/p	247	1.69	1.09704	1.09216	1.09704	841.62	5672.85
594	2015.12.24 16:45	buy	248	0.47	1.09565	1.09327	1.10160	0.00	5672.85
595	2015.12.28 13:11	modify	248	0.47	1.09565	1.09575	1.10160	0.00	5672.85
596	2015.12.29 15:14	s/l	248	0.47	1.09575	1.09575	1.10160	-7.07	5665.79
597	2015.12.29 15:14	sell	249	1.25	1.09574	1.09755	1.09122	0.00	5665.79
598	2015.12.29 15:37	modify	249	1.25	1.09574	1.09564	1.09122	0.00	5665.79
599	2015.12.29 15:48	t/p	249	1.25	1.09122	1.09564	1.09122	565.00	6230.79
600	2015.12.30 15:30	sell	250	0.79	1.09190	1.09347	1.08798	0.00	6230.79
601	2015.12.30 15:58	s/l	250	0.79	1.09347	1.09347	1.08798	-124.03	6106.76
602	2015.12.30 16:45	sell	251	0.70	1.09274	1.09448	1.08839	0.00	6106.76
603	2015.12.31 12:25	modify	251	0.70	1.09274	1.09264	1.08839	0.00	6106.76
604	2015.12.31 14:39	t/p	251	0.70	1.08839	1.09264	1.08839	309.83	6416.58
605	2016.01.12 08:30	buy	252	2.48	1.08901	1.08720	1.09354	0.00	6416.58
606	2016.01.12 10:32	s/l	252	2.48	1.08720	1.08720	1.09354	-448.88	5967.70
607	2016.01.19 10:45	sell	253	0.75	1.08654	1.08812	1.08259	0.00	5967.70
608	2016.01.19 10:52	s/l	253	0.75	1.08812	1.08812	1.08259	-118.50	5849.20
609	2016.01.25 14:30	sell	254	0.75	1.08113	1.08267	1.07728	0.00	5849.20
610	2016.01.25 15:29	s/l	254	0.75	1.08267	1.08267	1.07728	-115.50	5733.70
611	2016.01.25 15:29	buy	255	0.56	1.08267	1.08064	1.08775	0.00	5733.70
612	2016.01.26 03:06	modify	255	0.56	1.08267	1.08277	1.08775	0.00	5733.70
613	2016.01.26 12:50	s/l	255	0.56	1.08277	1.08277	1.08775	0.93	5734.63
614	2016.01.27 11:00	buy	256	0.70	1.08668	1.08505	1.09076	0.00	5734.63
615	2016.01.27 14:56	modify	256	0.70	1.08668	1.08678	1.09076	0.00	5734.63
616	2016.01.27 15:26	t/p	256	0.70	1.09076	1.08678	1.09076	285.60	6020.23
617	2016.02.03 14:45	buy	257	1.99	1.09295	1.09084	1.09823	0.00	6020.23
618	2016.02.03 15:24	modify	257	1.99	1.09295	1.09305	1.09823	0.00	6020.23
619	2016.02.03 16:45	t/p	257	1.99	1.09823	1.09305	1.09823	1050.72	7070.95
620	2016.02.08 10:15	buy	258	1.86	1.11485	1.11333	1.11865	0.00	7070.95
621	2016.02.08 11:17	modify	258	1.86	1.11485	1.11495	1.11865	0.00	7070.95
622	2016.02.08 13:08	s/l	258	1.86	1.11495	1.11495	1.11865	18.60	7089.55
623	2016.02.17 15:15	sell	259	1.77	1.11355	1.11515	1.10955	0.00	7089.55
624	2016.02.17 16:15	modify	259	1.77	1.11355	1.11345	1.10955	0.00	7089.55
625	2016.02.17 16:44	s/l	259	1.77	1.11345	1.11345	1.10955	17.70	7107.25
626	2016.02.18 10:00	sell	260	0.69	1.11271	1.11477	1.10756	0.00	7107.25
627	2016.02.18 13:58	modify	260	0.69	1.11271	1.11261	1.10756	0.00	7107.25
628	2016.02.18 16:19	t/p	260	0.69	1.10756	1.11261	1.10756	355.35	7462.60
629	2016.02.23 10:30	sell	261	1.67	1.10366	1.10544	1.09921	0.00	7462.60
630	2016.02.23 11:16	modify	261	1.67	1.10366	1.10356	1.09921	0.00	7462.60
631	2016.02.23 11:34	t/p	261	1.67	1.09921	1.10356	1.09921	743.15	8205.75
632	2016.03.15 11:30	sell	262	1.64	1.10961	1.11161	1.10461	0.00	8205.75
633	2016.03.15 14:43	s/l	262	1.64	1.11161	1.11161	1.10461	-328.00	7877.75
634	2016.03.16 08:45	sell	263	1.02	1.10877	1.11030	1.10495	0.00	7877.75
635	2016.03.16 15:14	modify	263	1.02	1.10877	1.10867	1.10495	0.00	7877.75
636	2016.03.16 19:51	s/l	263	1.02	1.10867	1.10867	1.10495	10.20	7887.95
637	2016.04.11 15:30	buy	264	2.54	1.14056	1.13839	1.14599	0.00	7887.95
638	2016.04.11 16:53	modify	264	2.54	1.14056	1.14066	1.14599	0.00	7887.95
639	2016.04.11 18:57	s/l	264	2.54	1.14066	1.14066	1.14599	25.40	7913.35
640	2016.04.18 15:30	buy	265	1.58	1.13169	1.12969	1.13669	0.00	7913.35
641	2016.04.18 16:40	s/l	265	1.58	1.12969	1.12969	1.13669	-316.00	7597.35
642	2016.04.26 09:15	buy	266	0.99	1.12721	1.12568	1.13104	0.00	7597.35
643	2016.04.26 10:00	s/l	266	0.99	1.12568	1.12568	1.13104	-151.47	7445.88
644	2016.04.26 15:15	buy	267	0.78	1.12873	1.12683	1.13348	0.00	7445.88
645	2016.04.26 15:35	modify	267	0.78	1.12873	1.12883	1.13348	0.00	7445.88
646	2016.04.26 16:23	t/p	267	0.78	1.13348	1.12883	1.13348	370.50	7816.38
647	2016.04.27 09:30	buy	268	3.37	1.13052	1.12890	1.13457	0.00	7816.38
648	2016.04.27 10:38	modify	268	3.37	1.13052	1.13062	1.13457	0.00	7816.38
649	2016.04.27 12:16	s/l	268	3.37	1.13062	1.13062	1.13457	33.70	7850.08
650	2016.04.27 15:30	buy	269	1.52	1.13114	1.12908	1.13629	0.00	7850.08
651	2016.04.27 20:14	modify	269	1.52	1.13114	1.13124	1.13629	0.00	7850.08
652	2016.04.27 21:00	s/l	269	1.52	1.13124	1.13124	1.13629	15.20	7865.28
653	2016.05.09 08:45	sell	270	1.99	1.13988	1.14146	1.13593	0.00	7865.28
654	2016.05.09 09:52	s/l	270	1.99	1.14146	1.14146	1.13593	-314.42	7550.86
655	2016.05.09 10:15	sell	271	0.68	1.13993	1.14214	1.13441	0.00	7550.86
656	2016.05.10 13:58	modify	271	0.68	1.13993	1.13983	1.13441	0.00	7550.86
657	2016.05.10 17:42	s/l	271	0.68	1.13983	1.13983	1.13441	8.52	7559.39
658	2016.05.17 11:45	sell	272	3.02	1.13230	1.13405	1.12793	0.00	7559.39
659	2016.05.17 16:46	s/l	272	3.02	1.13405	1.13405	1.12793	-528.50	7030.89
660	2016.05.23 15:30	sell	273	0.81	1.12019	1.12192	1.11587	0.00	7030.89
661	2016.05.23 20:14	s/l	273	0.81	1.12192	1.12192	1.11587	-140.13	6890.76
662	2016.05.24 10:30	sell	274	0.60	1.11949	1.12175	1.11384	0.00	6890.76
663	2016.05.24 15:31	modify	274	0.60	1.11949	1.11939	1.11384	0.00	6890.76
664	2016.05.24 22:16	t/p	274	0.60	1.11384	1.11939	1.11384	339.00	7229.76
665	2016.06.13 15:30	sell	275	2.51	1.12597	1.12798	1.12095	0.00	7229.76
666	2016.06.13 17:12	s/l	275	2.51	1.12798	1.12798	1.12095	-504.51	6725.25
667	2016.07.04 14:45	buy	276	0.71	1.11379	1.11190	1.11852	0.00	6725.25
668	2016.07.05 10:29	modify	276	0.71	1.11379	1.11389	1.11852	0.00	6725.25
669	2016.07.05 10:30	t/p	276	0.71	1.11852	1.11389	1.11852	329.91	7055.15
670	2016.07.05 15:45	buy	277	2.01	1.11521	1.11276	1.12134	0.00	7055.15
671	2016.07.05 17:31	s/l	277	2.01	1.11276	1.11276	1.12134	-492.45	6562.70
672	2016.07.13 10:15	sell	278	0.65	1.10468	1.10669	1.09966	0.00	6562.70
673	2016.07.13 12:30	s/l	278	0.65	1.10669	1.10669	1.09966	-130.65	6432.05
674	2016.07.21 09:45	buy	279	0.36	1.10426	1.10252	1.10861	0.00	6432.05
675	2016.07.21 10:27	s/l	279	0.36	1.10252	1.10252	1.10861	-62.64	6369.41
676	2016.07.21 10:27	sell	280	0.26	1.10252	1.10489	1.09660	0.00	6369.41
677	2016.07.21 15:40	s/l	280	0.26	1.10489	1.10489	1.09660	-61.62	6307.79
678	2016.08.25 16:00	buy	281	0.32	1.12941	1.12748	1.13424	0.00	6307.79
679	2016.08.25 18:53	s/l	281	0.32	1.12748	1.12748	1.13424	-61.76	6246.03
680	2016.09.13 16:15	sell	282	0.59	1.12266	1.12475	1.11744	0.00	6246.03
681	2016.09.13 17:05	s/l	282	0.59	1.12475	1.12475	1.11744	-123.31	6122.72
682	2016.09.14 10:30	sell	283	0.62	1.12235	1.12430	1.11748	0.00	6122.72
683	2016.09.14 17:22	s/l	283	0.62	1.12430	1.12430	1.11748	-120.90	6001.82
684	2016.09.29 15:45	sell	284	0.29	1.12069	1.12270	1.11567	0.00	6001.82
685	2016.09.29 17:13	s/l	284	0.29	1.12270	1.12270	1.11567	-58.29	5943.53
686	2016.10.03 10:45	buy	285	0.61	1.12377	1.12185	1.12857	0.00	5943.53
687	2016.10.03 17:00	s/l	285	0.61	1.12185	1.12185	1.12857	-117.12	5826.41
688	2016.10.19 14:00	sell	286	0.61	1.09847	1.10038	1.09370	0.00	5826.41
689	2016.10.19 17:50	modify	286	0.61	1.09847	1.09837	1.09370	0.00	5826.41
690	2016.10.20 14:25	s/l	286	0.61	1.09837	1.09837	1.09370	10.74	5837.15
691	2016.10.27 16:15	buy	287	1.32	1.09265	1.09111	1.09650	0.00	5837.15
692	2016.10.27 17:07	s/l	287	1.32	1.09111	1.09111	1.09650	-203.28	5633.87
693	2016.11.23 14:00	sell	288	0.70	1.06221	1.06381	1.05821	0.00	5633.87
694	2016.11.23 15:20	modify	288	0.70	1.06221	1.06211	1.05821	0.00	5633.87
695	2016.11.23 15:31	t/p	288	0.70	1.05821	1.06211	1.05821	280.00	5913.87
696	2016.11.29 09:30	sell	289	2.47	1.05923	1.06090	1.05506	0.00	5913.87
697	2016.11.29 10:02	s/l	289	2.47	1.06090	1.06090	1.05506	-412.49	5501.38
698	2016.11.29 10:02	buy	290	1.75	1.06090	1.05871	1.06638	0.00	5501.38
699	2016.11.29 11:10	s/l	290	1.75	1.05871	1.05871	1.06638	-383.25	5118.13
700	2016.11.30 10:30	buy	291	0.48	1.06382	1.06170	1.06912	0.00	5118.13
701	2016.11.30 15:15	s/l	291	0.48	1.06170	1.06170	1.06912	-101.76	5016.37
702	2016.12.07 10:45	buy	292	0.46	1.07313	1.07097	1.07853	0.00	5016.37
703	2016.12.07 12:06	s/l	292	0.46	1.07097	1.07097	1.07853	-99.36	4917.01
704	2016.12.07 12:06	sell	293	0.41	1.07097	1.07335	1.06502	0.00	4917.01
705	2016.12.07 14:46	s/l	293	0.41	1.07335	1.07335	1.06502	-97.58	4819.43
706	2016.12.14 14:00	buy	294	0.60	1.06484	1.06325	1.06882	0.00	4819.43
707	2016.12.14 16:02	s/l	294	0.60	1.06325	1.06325	1.06882	-95.40	4724.03
708	2016.12.19 09:00	buy	295	0.46	1.04757	1.04554	1.05265	0.00	4724.03
709	2016.12.19 11:47	s/l	295	0.46	1.04554	1.04554	1.05265	-93.38	4630.65
710	2016.12.19 11:47	sell	296	0.55	1.04554	1.04720	1.04139	0.00	4630.65
711	2016.12.19 13:54	modify	296	0.55	1.04554	1.04544	1.04139	0.00	4630.65
712	2016.12.19 15:20	t/p	296	0.55	1.04139	1.04544	1.04139	228.25	4858.90
713	2016.12.22 16:15	buy	297	0.20	1.04507	1.04268	1.05105	0.00	4858.90
714	2016.12.22 17:07	modify	297	0.20	1.04507	1.04517	1.05105	0.00	4858.90
715	2016.12.22 18:02	s/l	297	0.20	1.04517	1.04517	1.05105	2.00	4860.90
716	2016.12.29 11:15	buy	298	1.00	1.04570	1.04400	1.04995	0.00	4860.90
717	2016.12.29 17:57	modify	298	1.00	1.04570	1.04580	1.04995	0.00	4860.90
718	2016.12.30 01:22	t/p	298	1.00	1.04995	1.04580	1.04995	416.66	5277.56
719	2017.01.11 11:15	sell	299	1.32	1.05446	1.05605	1.05049	0.00	5277.56
720	2017.01.11 12:29	modify	299	1.32	1.05446	1.05436	1.05049	0.00	5277.56
721	2017.01.11 14:08	t/p	299	1.32	1.05049	1.05436	1.05049	524.04	5801.60
722	2017.01.16 09:15	sell	300	1.00	1.06079	1.06311	1.05499	0.00	5801.60
723	2017.01.17 06:10	s/l	300	1.00	1.06311	1.06311	1.05499	-229.46	5572.13
724	2017.01.17 06:10	buy	301	1.21	1.06312	1.06128	1.06772	0.00	5572.13
725	2017.01.17 07:59	modify	301	1.21	1.06312	1.06322	1.06772	0.00	5572.13
726	2017.01.17 11:30	t/p	301	1.21	1.06772	1.06322	1.06772	556.60	6128.73
727	2017.01.18 10:15	buy	302	0.58	1.06946	1.06735	1.07474	0.00	6128.73
728	2017.01.18 14:57	s/l	302	0.58	1.06735	1.06735	1.07474	-122.38	6006.35
729	2017.01.26 11:45	sell	303	0.34	1.07280	1.07454	1.06845	0.00	6006.35
730	2017.01.26 15:01	modify	303	0.34	1.07280	1.07270	1.06845	0.00	6006.35
731	2017.01.26 16:20	t/p	303	0.34	1.06845	1.07270	1.06845	147.90	6154.25
732	2017.01.31 10:00	buy	304	2.49	1.06996	1.06823	1.07429	0.00	6154.25
733	2017.01.31 13:40	modify	304	2.49	1.06996	1.07006	1.07429	0.00	6154.25
734	2017.01.31 13:47	t/p	304	2.49	1.07429	1.07006	1.07429	1078.17	7232.42
735	2017.02.02 09:30	buy	305	0.74	1.07950	1.07755	1.08438	0.00	7232.42
736	2017.02.02 15:47	modify	305	0.74	1.07950	1.07960	1.08438	0.00	7232.42
737	2017.02.02 18:17	s/l	305	0.74	1.07960	1.07960	1.08438	7.40	7239.82
738	2017.02.09 15:30	sell	306	0.91	1.06815	1.06974	1.06418	0.00	7239.82
739	2017.02.09 17:00	modify	306	0.91	1.06815	1.06805	1.06418	0.00	7239.82
740	2017.02.10 09:58	t/p	306	0.91	1.06418	1.06805	1.06418	363.58	7603.40
741	2017.02.20 15:00	sell	307	1.61	1.06094	1.06282	1.05624	0.00	7603.40
742	2017.02.21 03:19	modify	307	1.61	1.06094	1.06084	1.05624	0.00	7603.40
743	2017.02.21 10:34	t/p	307	1.61	1.05624	1.06084	1.05624	760.78	8364.18
744	2017.02.23 10:15	buy	308	0.71	1.05621	1.05386	1.06209	0.00	8364.18
745	2017.02.23 12:08	s/l	308	0.71	1.05386	1.05386	1.06209	-166.85	8197.33
746	2017.02.23 12:08	sell	309	0.79	1.05386	1.05593	1.04869	0.00	8197.33
747	2017.02.23 14:09	s/l	309	0.79	1.05593	1.05593	1.04869	-163.53	8033.80
748	2017.02.27 10:00	buy	310	0.82	1.05814	1.05620	1.06299	0.00	8033.80
749	2017.02.27 17:59	modify	310	0.82	1.05814	1.05824	1.06299	0.00	8033.80
750	2017.02.27 18:49	t/p	310	0.82	1.06299	1.05824	1.06299	397.70	8431.50
751	2017.02.28 11:15	buy	311	3.29	1.05918	1.05739	1.06366	0.00	8431.50
752	2017.02.28 17:13	modify	311	3.29	1.05918	1.05928	1.06366	0.00	8431.50
753	2017.02.28 21:59	s/l	311	3.29	1.05928	1.05928	1.06366	32.90	8464.40
754	2017.03.02 11:45	sell	312	0.85	1.05257	1.05455	1.04762	0.00	8464.40
755	2017.03.02 21:26	modify	312	0.85	1.05257	1.05247	1.04762	0.00	8464.40
756	2017.03.03 08:51	s/l	312	0.85	1.05247	1.05247	1.04762	10.66	8475.06
757	2017.03.06 15:30	buy	313	1.90	1.06011	1.05833	1.06456	0.00	8475.06
758	2017.03.06 18:32	s/l	313	1.90	1.05833	1.05833	1.06456	-338.20	8136.86
759	2017.03.22 08:45	buy	314	0.97	1.08101	1.07934	1.08519	0.00	8136.86
760	2017.03.22 09:33	s/l	314	0.97	1.07934	1.07934	1.08519	-161.99	7974.87
761	2017.03.22 15:00	buy	315	0.75	1.08040	1.07830	1.08565	0.00	7974.87
762	2017.03.23 03:02	s/l	315	0.75	1.07830	1.07830	1.08565	-176.27	7798.60
763	2017.03.23 03:02	sell	316	0.56	1.07830	1.07968	1.07485	0.00	7798.60
764	2017.03.23 08:28	s/l	316	0.56	1.07968	1.07968	1.07485	-77.28	7721.32
765	2017.03.28 15:30	buy	317	0.84	1.08649	1.08466	1.09107	0.00	7721.32
766	2017.03.28 19:12	s/l	317	0.84	1.08466	1.08466	1.09107	-153.72	7567.60
767	2017.04.06 15:30	sell	318	0.38	1.06577	1.06772	1.06090	0.00	7567.60
768	2017.04.07 14:03	modify	318	0.38	1.06577	1.06567	1.06090	0.00	7567.60
769	2017.04.07 15:30	s/l	318	0.38	1.06567	1.06567	1.06090	4.76	7572.36
770	2017.04.27 15:00	sell	319	1.54	1.08862	1.09034	1.08432	0.00	7572.36
771	2017.04.27 15:35	s/l	319	1.54	1.09034	1.09034	1.08432	-264.88	7307.48
772	2017.05.08 08:45	buy	320	0.69	1.09896	1.09686	1.10421	0.00	7307.48
773	2017.05.08 10:13	s/l	320	0.69	1.09686	1.09686	1.10421	-144.90	7162.58
774	2017.05.08 15:00	sell	321	0.71	1.09381	1.09581	1.08881	0.00	7162.58
775	2017.05.09 09:26	modify	321	0.71	1.09381	1.09371	1.08881	0.00	7162.58
776	2017.05.09 13:46	t/p	321	0.71	1.08881	1.09371	1.08881	356.80	7519.38
777	2017.05.25 10:30	buy	322	1.70	1.12384	1.12230	1.12769	0.00	7519.38
778	2017.05.25 12:34	s/l	322	1.70	1.12230	1.12230	1.12769	-261.80	7257.58
779	2017.05.31 10:00	buy	323	0.72	1.11880	1.11681	1.12378	0.00	7257.58
780	2017.05.31 14:05	modify	323	0.72	1.11880	1.11890	1.12378	0.00	7257.58
781	2017.05.31 16:49	t/p	323	0.72	1.12378	1.11890	1.12378	358.56	7616.14
782	2017.06.05 10:15	buy	324	2.96	1.12759	1.12579	1.13209	0.00	7616.14
783	2017.06.05 13:22	s/l	324	2.96	1.12579	1.12579	1.13209	-532.80	7083.34
784	2017.06.08 11:30	sell	325	0.46	1.12515	1.12666	1.12138	0.00	7083.34
785	2017.06.08 14:46	modify	325	0.46	1.12515	1.12505	1.12138	0.00	7083.34
786	2017.06.08 15:38	t/p	325	0.46	1.12138	1.12505	1.12138	173.42	7256.76
787	2017.06.12 14:15	buy	326	2.76	1.12241	1.12057	1.12701	0.00	7256.76
788	2017.06.12 16:51	s/l	326	2.76	1.12057	1.12057	1.12701	-507.84	6748.92
789	2017.06.21 16:30	sell	327	0.64	1.11336	1.11546	1.10811	0.00	6748.92
790	2017.06.21 21:22	s/l	327	0.64	1.11546	1.11546	1.10811	-134.40	6614.52
791	2017.07.05 11:30	sell	328	0.76	1.13503	1.13675	1.13073	0.00	6614.52
792	2017.07.05 12:00	modify	328	0.76	1.13503	1.13493	1.13073	0.00	6614.52
793	2017.07.05 21:00	s/l	328	0.76	1.13493	1.13493	1.13073	7.60	6622.12
794	2017.07.20 10:30	sell	329	1.17	1.15072	1.15270	1.14577	0.00	6622.12
795	2017.07.20 15:43	s/l	329	1.17	1.15270	1.15270	1.14577	-231.66	6390.46
796	2017.07.26 16:45	sell	330	0.54	1.16337	1.16572	1.15750	0.00	6390.46
797	2017.07.26 21:01	s/l	330	0.54	1.16572	1.16572	1.15750	-126.90	6263.56
798	2017.07.31 09:00	buy	331	0.76	1.17456	1.17293	1.17864	0.00	6263.56
799	2017.07.31 09:16	s/l	331	0.76	1.17293	1.17293	1.17864	-123.88	6139.68
800	2017.07.31 09:16	sell	332	0.61	1.17293	1.17492	1.16796	0.00	6139.68
801	2017.07.31 16:51	s/l	332	0.61	1.17492	1.17492	1.16796	-121.39	6018.29
802	2017.08.03 10:00	buy	333	0.38	1.18511	1.18354	1.18904	0.00	6018.29
803	2017.08.03 11:00	s/l	333	0.38	1.18354	1.18354	1.18904	-59.66	5958.63
804	2017.08.03 11:00	sell	334	0.44	1.18353	1.18487	1.18018	0.00	5958.63
805	2017.08.03 12:34	s/l	334	0.44	1.18487	1.18487	1.18018	-58.96	5899.67
806	2017.08.07 15:45	sell	335	0.67	1.17887	1.18062	1.17450	0.00	5899.67
807	2017.08.08 04:05	s/l	335	0.67	1.18062	1.18062	1.17450	-115.55	5784.12
808	2017.08.08 04:05	buy	336	1.28	1.18062	1.17972	1.18287	0.00	5784.12
809	2017.08.08 04:51	modify	336	1.28	1.18062	1.18072	1.18287	0.00	5784.12
810	2017.08.08 05:47	s/l	336	1.28	1.18072	1.18072	1.18287	12.80	5796.92
811	2017.08.22 15:45	sell	337	0.59	1.17550	1.17746	1.17060	0.00	5796.92
812	2017.08.23 10:32	s/l	337	0.59	1.17746	1.17746	1.17060	-114.14	5682.78
813	2017.09.06 09:00	buy	338	0.62	1.19253	1.19072	1.19706	0.00	5682.78
814	2017.09.07 10:46	modify	338	0.62	1.19253	1.19263	1.19706	0.00	5682.78
815	2017.09.07 12:21	t/p	338	0.62	1.19706	1.19263	1.19706	265.34	5948.12
816	2017.09.11 10:45	buy	339	1.95	1.20121	1.19908	1.20654	0.00	5948.12
817	2017.09.11 14:38	s/l	339	1.95	1.19908	1.19908	1.20654	-415.35	5532.77
818	2017.09.12 11:30	sell	340	0.68	1.19614	1.19776	1.19209	0.00	5532.77
819	2017.09.12 13:45	modify	340	0.68	1.19614	1.19604	1.19209	0.00	5532.77
820	2017.09.12 17:18	s/l	340	0.68	1.19604	1.19604	1.19209	6.80	5539.57
821	2017.09.13 10:30	buy	341	1.97	1.19861	1.19665	1.20351	0.00	5539.57
822	2017.09.13 12:53	s/l	341	1.97	1.19665	1.19665	1.20351	-386.12	5153.45
823	2017.09.13 12:53	sell	342	1.92	1.19664	1.19851	1.19197	0.00	5153.45
824	2017.09.13 13:58	s/l	342	1.92	1.19851	1.19851	1.19197	-359.04	4794.41
825	2017.09.18 15:30	buy	343	0.53	1.19576	1.19397	1.20024	0.00	4794.41
826	2017.09.18 18:53	s/l	343	0.53	1.19397	1.19397	1.20024	-94.87	4699.54
827	2017.09.28 16:00	sell	344	0.24	1.17668	1.17863	1.17181	0.00	4699.54
828	2017.09.28 16:20	s/l	344	0.24	1.17863	1.17863	1.17181	-46.80	4652.74
829	2017.09.28 16:20	buy	345	0.21	1.17863	1.17644	1.18411	0.00	4652.74
830	2017.09.29 15:30	modify	345	0.21	1.17863	1.17873	1.18411	0.00	4652.74
831	2017.10.02 04:10	s/l	345	0.21	1.17873	1.17873	1.18411	-1.40	4651.33
832	2017.10.03 15:45	sell	346	0.54	1.17382	1.17553	1.16955	0.00	4651.33
833	2017.10.03 16:24	s/l	346	0.54	1.17553	1.17553	1.16955	-92.34	4558.99
834	2017.10.03 16:24	buy	347	0.46	1.17553	1.17357	1.18043	0.00	4558.99
835	2017.10.04 00:51	s/l	347	0.46	1.17357	1.17357	1.18043	-94.00	4464.99
836	2017.10.19 09:45	buy	348	0.26	1.18123	1.17952	1.18551	0.00	4464.99
837	2017.10.19 11:09	s/l	348	0.26	1.17952	1.17952	1.18551	-44.46	4420.53
838	2017.10.19 11:09	sell	349	0.18	1.17952	1.18189	1.17360	0.00	4420.53
839	2017.10.19 13:21	s/l	349	0.18	1.18189	1.18189	1.17360	-42.66	4377.87
840	2017.10.31 10:30	sell	350	0.51	1.16350	1.16521	1.15923	0.00	4377.87
841	2017.10.31 18:26	s/l	350	0.51	1.16521	1.16521	1.15923	-87.21	4290.66
842	2017.11.06 09:15	sell	351	0.46	1.15999	1.16185	1.15534	0.00	4290.66
843	2017.11.07 10:43	modify	351	0.46	1.15999	1.15989	1.15534	0.00	4290.66
844	2017.11.08 01:19	s/l	351	0.46	1.15989	1.15989	1.15534	6.93	4297.60
845	2017.11.08 14:15	sell	352	1.84	1.15881	1.16044	1.15474	0.00	4297.60
846	2017.11.09 07:31	s/l	352	1.84	1.16044	1.16044	1.15474	-285.92	4011.67
847	2017.11.09 07:31	buy	353	1.15	1.16044	1.15922	1.16349	0.00	4011.67
848	2017.11.09 10:32	s/l	353	1.15	1.15922	1.15922	1.16349	-140.30	3871.37
849	2017.11.09 16:45	buy	354	0.17	1.16204	1.15982	1.16759	0.00	3871.37
850	2017.11.09 18:46	modify	354	0.17	1.16204	1.16214	1.16759	0.00	3871.37
851	2017.11.10 17:30	t/p	354	0.17	1.16759	1.16214	1.16759	92.93	3964.31
852	2017.11.16 08:30	buy	355	0.71	1.17957	1.17763	1.18442	0.00	3964.31
853	2017.11.16 09:36	s/l	355	0.71	1.17763	1.17763	1.18442	-137.74	3826.57
854	2017.11.22 16:30	buy	356	0.33	1.17671	1.17445	1.18236	0.00	3826.57
855	2017.11.22 21:01	modify	356	0.33	1.17671	1.17681	1.18236	0.00	3826.57
856	2017.11.22 21:30	t/p	356	0.33	1.18236	1.17681	1.18236	186.45	4013.02
857	2017.11.28 10:15	buy	357	1.41	1.19040	1.18842	1.19535	0.00	4013.02
858	2017.11.28 12:08	s/l	357	1.41	1.18842	1.18842	1.19535	-279.18	3733.84
859	2017.11.28 16:30	sell	358	0.44	1.18844	1.19010	1.18429	0.00	3733.84
860	2017.11.28 20:20	modify	358	0.44	1.18844	1.18834	1.18429	0.00	3733.84
861	2017.11.28 21:21	t/p	358	0.44	1.18429	1.18834	1.18429	182.60	3916.44
862	2017.12.06 09:45	sell	359	1.26	1.18199	1.18415	1.17659	0.00	3916.44
863	2017.12.06 16:58	modify	359	1.26	1.18199	1.18189	1.17659	0.00	3916.44
864	2017.12.08 03:43	t/p	359	1.26	1.17659	1.18189	1.17659	693.18	4609.62
865	2017.12.21 15:45	buy	360	0.53	1.18695	1.18524	1.19123	0.00	4609.62
866	2017.12.21 16:09	s/l	360	0.53	1.18524	1.18524	1.19123	-90.63	4518.99
867	2018.01.18 15:45	buy	361	0.24	1.22434	1.22252	1.22889	0.00	4518.99
868	2018.01.18 19:51	s/l	361	0.24	1.22252	1.22252	1.22889	-43.68	4475.31
869	2018.01.29 08:30	sell	362	0.51	1.24115	1.24288	1.23683	0.00	4475.31
870	2018.01.29 09:08	s/l	362	0.51	1.24288	1.24288	1.23683	-88.23	4387.08
871	2018.01.29 09:30	sell	363	0.38	1.24081	1.24309	1.23511	0.00	4387.08
872	2018.01.29 15:27	modify	363	0.38	1.24081	1.24071	1.23511	0.00	4387.08
873	2018.01.29 16:36	t/p	363	0.38	1.23511	1.24071	1.23511	216.60	4603.68
874	2018.02.01 08:15	sell	364	0.83	1.24092	1.24284	1.23612	0.00	4603.68
875	2018.02.01 10:14	s/l	364	0.83	1.24284	1.24284	1.23612	-159.36	4444.32
876	2018.02.05 14:00	sell	365	0.50	1.24476	1.24651	1.24039	0.00	4444.32
877	2018.02.05 16:05	modify	365	0.50	1.24476	1.24466	1.24039	0.00	4444.32
878	2018.02.05 16:40	t/p	365	0.50	1.24039	1.24466	1.24039	218.50	4662.82
879	2018.02.07 08:15	sell	366	1.97	1.23774	1.23939	1.23362	0.00	4662.82
880	2018.02.07 08:47	s/l	366	1.97	1.23939	1.23939	1.23362	-325.05	4337.77
881	2018.02.07 11:15	sell	367	0.38	1.23676	1.23904	1.23106	0.00	4337.77
882	2018.02.07 16:06	modify	367	0.38	1.23676	1.23666	1.23106	0.00	4337.77
883	2018.02.07 17:30	t/p	367	0.38	1.23106	1.23666	1.23106	216.60	4554.37
884	2018.02.12 14:15	sell	368	2.08	1.22619	1.22772	1.22237	0.00	4554.37
885	2018.02.12 15:34	modify	368	2.08	1.22619	1.22609	1.22237	0.00	4554.37
886	2018.02.12 16:43	s/l	368	2.08	1.22609	1.22609	1.22237	20.80	4575.17
887	2018.02.26 09:45	buy	369	0.97	1.23322	1.23134	1.23792	0.00	4575.17
888	2018.02.26 15:47	s/l	369	0.97	1.23134	1.23134	1.23792	-182.36	4392.81
889	2018.02.27 08:30	buy	370	0.57	1.23331	1.23179	1.23711	0.00	4392.81
890	2018.02.27 13:41	s/l	370	0.57	1.23179	1.23179	1.23711	-86.64	4306.17
891	2018.03.06 10:30	buy	371	0.48	1.23436	1.23260	1.23876	0.00	4306.17
892	2018.03.06 13:23	modify	371	0.48	1.23436	1.23446	1.23876	0.00	4306.17
893	2018.03.06 13:32	t/p	371	0.48	1.23876	1.23446	1.23876	211.20	4517.37
894	2018.03.08 09:45	buy	372	0.79	1.24118	1.23919	1.24616	0.00	4517.37
895	2018.03.08 10:52	s/l	372	0.79	1.23919	1.23919	1.24616	-157.21	4360.16
896	2018.04.03 15:45	sell	373	0.38	1.22940	1.23169	1.22368	0.00	4360.16
897	2018.04.03 16:29	modify	373	0.38	1.22940	1.22930	1.22368	0.00	4360.16
898	2018.04.04 10:59	s/l	373	0.38	1.22930	1.22930	1.22368	4.76	4364.92
899	2018.04.04 15:15	sell	374	1.92	1.22759	1.22918	1.22362	0.00	4364.92
900	2018.04.04 15:49	s/l	374	1.92	1.22918	1.22918	1.22362	-305.28	4059.64
901	2018.04.09 14:45	buy	375	0.52	1.22796	1.22640	1.23186	0.00	4059.64
902	2018.04.09 15:13	modify	375	0.52	1.22796	1.22806	1.23186	0.00	4059.64
903	2018.04.09 16:05	t/p	375	0.52	1.23186	1.22806	1.23186	202.80	4262.44
904	2018.04.18 11:15	buy	376	1.70	1.23700	1.23525	1.24138	0.00	4262.44
905	2018.04.18 12:00	s/l	376	1.70	1.23525	1.23525	1.24138	-297.50	3964.94
906	2018.05.03 16:00	sell	377	0.16	1.19795	1.20031	1.19205	0.00	3964.94
907	2018.05.03 21:44	s/l	377	0.16	1.20031	1.20031	1.19205	-37.76	3927.18
908	2018.05.08 10:00	sell	378	0.45	1.19179	1.19351	1.18749	0.00	3927.18
909	2018.05.08 11:27	modify	378	0.45	1.19179	1.19169	1.18749	0.00	3927.18
910	2018.05.08 12:42	t/p	378	0.45	1.18749	1.19169	1.18749	193.50	4120.68
911	2018.05.10 10:15	sell	379	0.69	1.18604	1.18812	1.18084	0.00	4120.68
912	2018.05.10 12:15	s/l	379	0.69	1.18812	1.18812	1.18084	-143.52	3977.16
913	2018.05.15 11:00	sell	380	0.49	1.19231	1.19391	1.18831	0.00	3977.16
914	2018.05.15 14:10	modify	380	0.49	1.19231	1.19221	1.18831	0.00	3977.16
915	2018.05.15 14:28	t/p	380	0.49	1.18831	1.19221	1.18831	196.00	4173.16
916	2018.05.17 09:15	sell	381	0.64	1.18149	1.18374	1.17587	0.00	4173.16
917	2018.05.17 13:27	modify	381	0.64	1.18149	1.18139	1.17587	0.00	4173.16
918	2018.05.18 08:58	s/l	381	0.64	1.18139	1.18139	1.17587	8.02	4181.18
919	2018.06.12 15:00	buy	382	0.86	1.17935	1.17741	1.18420	0.00	4181.18
920	2018.06.12 19:58	s/l	382	0.86	1.17741	1.17741	1.18420	-166.84	4014.34
921	2018.06.13 09:15	sell	383	0.53	1.17397	1.17548	1.17020	0.00	4014.34
922	2018.06.13 12:52	s/l	383	0.53	1.17548	1.17548	1.17020	-80.03	3934.31
923	2018.06.20 10:00	sell	384	0.40	1.15667	1.15862	1.15180	0.00	3934.31
924	2018.06.20 10:42	s/l	384	0.40	1.15862	1.15862	1.15180	-78.00	3856.31
925	2018.06.21 11:15	sell	385	0.24	1.15541	1.15697	1.15151	0.00	3856.31
926	2018.06.21 11:50	modify	385	0.24	1.15541	1.15531	1.15151	0.00	3856.31
927	2018.06.21 12:02	t/p	385	0.24	1.15151	1.15531	1.15151	93.60	3949.91
928	2018.06.27 08:15	sell	386	1.46	1.16401	1.16590	1.15929	0.00	3949.91
929	2018.06.27 09:09	s/l	386	1.46	1.16590	1.16590	1.15929	-275.94	3673.97
930	2018.06.27 10:45	sell	387	0.37	1.16544	1.16741	1.16052	0.00	3673.97
931	2018.06.27 11:35	modify	387	0.37	1.16544	1.16534	1.16052	0.00	3673.97
932	2018.06.27 15:48	t/p	387	0.37	1.16052	1.16534	1.16052	182.04	3856.01
933	2018.07.05 08:30	buy	388	0.82	1.16643	1.16479	1.17053	0.00	3856.01
934	2018.07.05 08:51	modify	388	0.82	1.16643	1.16653	1.17053	0.00	3856.01
935	2018.07.05 09:37	t/p	388	0.82	1.17053	1.16653	1.17053	336.20	4192.21
936	2018.07.10 09:45	buy	389	0.99	1.17465	1.17297	1.17885	0.00	4192.21
937	2018.07.10 11:39	s/l	389	0.99	1.17297	1.17297	1.17885	-166.32	4025.89
938	2018.07.10 11:45	sell	390	0.33	1.17264	1.17505	1.16662	0.00	4025.89
939	2018.07.11 15:45	s/l	390	0.33	1.17505	1.17505	1.16662	-78.69	3947.20
940	2018.07.24 11:30	sell	391	0.41	1.16796	1.16988	1.16316	0.00	3947.20
941	2018.07.24 13:09	s/l	391	0.41	1.16988	1.16988	1.16316	-78.72	3868.48
942	2018.07.24 16:45	buy	392	0.43	1.17052	1.16876	1.17492	0.00	3868.48
943	2018.07.24 18:51	s/l	392	0.43	1.16876	1.16876	1.17492	-75.68	3792.80
944	2018.07.25 16:00	buy	393	0.48	1.16990	1.16834	1.17380	0.00	3792.80
945	2018.07.25 17:43	s/l	393	0.48	1.16834	1.16834	1.17380	-74.88	3717.92
946	2018.08.01 16:45	sell	394	0.48	1.16783	1.16935	1.16403	0.00	3717.92
947	2018.08.02 05:44	modify	394	0.48	1.16783	1.16773	1.16403	0.00	3717.92
948	2018.08.02 09:35	t/p	394	0.48	1.16403	1.16773	1.16403	186.05	3903.97
949	2018.08.16 11:30	buy	395	0.59	1.13776	1.13548	1.14346	0.00	3903.97
950	2018.08.16 20:47	s/l	395	0.59	1.13548	1.13548	1.14346	-134.52	3769.45
951	2018.08.27 14:15	buy	396	0.49	1.16177	1.16026	1.16555	0.00	3769.45
952	2018.08.27 15:20	modify	396	0.49	1.16177	1.16187	1.16555	0.00	3769.45
953	2018.08.27 16:48	t/p	396	0.49	1.16555	1.16187	1.16555	185.22	3954.67
954	2018.09.05 09:15	sell	397	1.82	1.15819	1.15971	1.15439	0.00	3954.67
955	2018.09.05 10:16	modify	397	1.82	1.15819	1.15809	1.15439	0.00	3954.67
956	2018.09.05 10:22	t/p	397	1.82	1.15439	1.15809	1.15439	691.60	4646.27
957	2018.09.06 10:30	buy	398	0.41	1.16337	1.16114	1.16895	0.00	4646.27
958	2018.09.06 18:06	s/l	398	0.41	1.16114	1.16114	1.16895	-91.43	4554.84
959	2018.09.12 11:45	sell	399	0.39	1.15831	1.16064	1.15249	0.00	4554.84
960	2018.09.12 17:01	s/l	399	0.39	1.16064	1.16064	1.15249	-90.87	4463.97
961	2018.09.25 11:45	buy	400	0.35	1.17560	1.17311	1.18183	0.00	4463.97
962	2018.09.26 15:20	s/l	400	0.35	1.17311	1.17311	1.18183	-90.07	4373.90
963	2018.09.26 15:20	sell	401	0.52	1.17311	1.17478	1.16894	0.00	4373.90
964	2018.09.26 17:45	s/l	401	0.52	1.17478	1.17478	1.16894	-86.84	4287.06
965	2018.10.10 14:00	buy	402	0.49	1.15026	1.14853	1.15459	0.00	4287.06
966	2018.10.10 17:09	modify	402	0.49	1.15026	1.15036	1.15459	0.00	4287.06
967	2018.10.11 04:51	t/p	402	0.49	1.15459	1.15036	1.15459	199.90	4486.97
968	2018.10.16 10:30	buy	403	1.34	1.15911	1.15678	1.16494	0.00	4486.97
969	2018.10.16 12:23	s/l	403	1.34	1.15678	1.15678	1.16494	-312.22	4174.75
970	2018.10.18 15:15	sell	404	0.25	1.15042	1.15208	1.14627	0.00	4174.75
971	2018.10.18 19:15	modify	404	0.25	1.15042	1.15032	1.14627	0.00	4174.75
972	2018.10.18 20:19	t/p	404	0.25	1.14627	1.15032	1.14627	103.75	4278.50
973	2018.10.25 16:15	sell	405	0.63	1.14105	1.14342	1.13513	0.00	4278.50
974	2018.10.25 16:40	modify	405	0.63	1.14105	1.14095	1.13513	0.00	4278.50
975	2018.10.26 12:53	t/p	405	0.63	1.13513	1.14095	1.13513	374.56	4653.05
976	2018.11.08 09:15	sell	406	0.44	1.14158	1.14369	1.13631	0.00	4653.05
977	2018.11.08 10:02	s/l	406	0.44	1.14369	1.14369	1.13631	-92.84	4560.21
978	2018.11.08 11:00	sell	407	0.27	1.14295	1.14463	1.13875	0.00	4560.21
979	2018.11.08 13:34	modify	407	0.27	1.14295	1.14285	1.13875	0.00	4560.21
980	2018.11.08 15:15	s/l	407	0.27	1.14285	1.14285	1.13875	2.70	4562.91
981	2018.11.21 11:45	sell	408	1.29	1.13826	1.14073	1.13209	0.00	4562.91
982	2018.11.21 13:23	s/l	408	1.29	1.14073	1.14073	1.13209	-318.63	4244.28
983	2018.11.26 15:00	sell	409	0.56	1.13561	1.13712	1.13184	0.00	4244.28
984	2018.11.26 15:34	s/l	409	0.56	1.13712	1.13712	1.13184	-84.56	4159.72
985	2018.12.13 15:30	buy	410	0.17	1.13807	1.13570	1.14400	0.00	4159.72
986	2018.12.13 15:38	s/l	410	0.17	1.13570	1.13570	1.14400	-40.29	4119.43
987	2018.12.27 09:45	sell	411	0.25	1.13748	1.13907	1.13351	0.00	4119.43
988	2018.12.27 10:24	s/l	411	0.25	1.13907	1.13907	1.13351	-39.75	4079.68
989	2018.12.27 10:24	buy	412	0.20	1.13907	1.13708	1.14405	0.00	4079.68
990	2018.12.27 14:58	s/l	412	0.20	1.13708	1.13708	1.14405	-39.80	4039.88
991	2018.12.31 10:00	buy	413	0.38	1.14428	1.14219	1.14951	0.00	4039.88
992	2019.01.02 07:58	modify	413	0.38	1.14428	1.14438	1.14951	0.00	4039.88
993	2019.01.02 08:10	t/p	413	0.38	1.14951	1.14438	1.14951	192.40	4232.28
994	2019.01.09 15:45	buy	414	1.70	1.14633	1.14459	1.15068	0.00	4232.28
995	2019.01.09 16:35	modify	414	1.70	1.14633	1.14643	1.15068	0.00	4232.28
996	2019.01.09 16:36	t/p	414	1.70	1.15068	1.14643	1.15068	739.50	4971.78
997	2019.01.14 14:45	sell	415	1.22	1.14570	1.14732	1.14165	0.00	4971.78
998	2019.01.14 17:55	s/l	415	1.22	1.14732	1.14732	1.14165	-197.64	4774.14
999	2019.01.17 15:45	sell	416	0.25	1.13876	1.14064	1.13406	0.00	4774.14
1000	2019.01.18 12:02	s/l	416	0.25	1.14064	1.14064	1.13406	-46.37	4727.78
1001	2019.01.30 10:30	buy	417	0.53	1.14396	1.14218	1.14841	0.00	4727.78
1002	2019.01.30 13:11	s/l	417	0.53	1.14218	1.14218	1.14841	-94.34	4633.44
1003	2019.02.13 14:00	buy	418	0.44	1.13294	1.13087	1.13812	0.00	4633.44
1004	2019.02.13 14:54	s/l	418	0.44	1.13087	1.13087	1.13812	-91.08	4542.36
1005	2019.02.20 14:30	buy	419	0.49	1.13406	1.13223	1.13864	0.00	4542.36
1006	2019.02.20 18:51	modify	419	0.49	1.13406	1.13416	1.13864	0.00	4542.36
1007	2019.02.20 21:11	s/l	419	0.49	1.13416	1.13416	1.13864	4.90	4547.26
1008	2019.03.11 15:30	buy	420	1.47	1.12518	1.12302	1.13058	0.00	4547.26
1009	2019.03.11 17:51	s/l	420	1.47	1.12302	1.12302	1.13058	-317.52	4229.74
1010	2019.03.14 09:30	buy	421	0.27	1.13253	1.13098	1.13641	0.00	4229.74
1011	2019.03.14 12:01	s/l	421	0.27	1.13098	1.13098	1.13641	-41.85	4187.89
1012	2019.10.03 15:45	buy	422	0.26	1.09621	1.09460	1.10024	0.00	4187.89
1013	2019.10.03 17:00	modify	422	0.26	1.09621	1.09631	1.10024	0.00	4187.89
1014	2019.10.03 23:59	s/l	422	0.26	1.09631	1.09631	1.10024	2.60	4190.49
1015	2019.10.16 15:45	buy	423	1.26	1.10442	1.10210	1.11022	0.00	4190.49
1016	2019.10.16 19:25	modify	423	1.26	1.10442	1.10452	1.11022	0.00	4190.49
1017	2019.10.17 12:30	t/p	423	1.26	1.11022	1.10452	1.11022	699.26	4889.75
1018	2019.11.07 16:00	sell	424	0.56	1.10670	1.10843	1.10238	0.00	4889.75
1019	2019.11.07 17:57	modify	424	0.56	1.10670	1.10660	1.10238	0.00	4889.75
1020	2019.11.08 17:02	t/p	424	0.56	1.10238	1.10660	1.10238	243.34	5133.09
1021	2020.02.24 10:30	buy	425	1.11	1.08283	1.08099	1.08743	0.00	5133.09
1022	2020.02.24 17:07	modify	425	1.11	1.08283	1.08293	1.08743	0.00	5133.09
1023	2020.02.25 18:16	t/p	425	1.11	1.08743	1.08293	1.08743	501.34	5634.43
1024	2020.03.04 10:00	buy	426	1.37	1.11594	1.11430	1.12004	0.00	5634.43
1025	2020.03.04 10:42	modify	426	1.37	1.11594	1.11604	1.12004	0.00	5634.43
1026	2020.03.04 11:04	s/l	426	1.37	1.11604	1.11604	1.12004	13.70	5648.13
1027	2020.04.06 09:15	sell	427	1.00	1.08149	1.08374	1.07587	0.00	5648.13
1028	2020.04.06 15:45	modify	427	1.00	1.08149	1.08139	1.07587	0.00	5648.13
1029	2020.04.06 18:24	s/l	427	1.00	1.08139	1.08139	1.07587	10.00	5658.13
1030	2020.04.09 15:15	buy	428	0.58	1.08670	1.08475	1.09158	0.00	5658.13
1031	2020.04.09 15:53	modify	428	0.58	1.08670	1.08680	1.09158	0.00	5658.13
1032	2020.04.09 16:13	t/p	428	0.58	1.09158	1.08680	1.09158	283.04	5941.17
1033	2020.04.13 09:30	buy	429	1.36	1.09488	1.09314	1.09923	0.00	5941.17
1034	2020.04.13 11:20	s/l	429	1.36	1.09314	1.09314	1.09923	-236.64	5704.53
1035	2020.04.13 15:00	buy	430	0.49	1.09303	1.09072	1.09881	0.00	5704.53
1036	2020.04.13 16:29	s/l	430	0.49	1.09072	1.09072	1.09881	-113.19	5591.34
1037	2020.04.20 08:45	sell	431	0.55	1.08528	1.08731	1.08021	0.00	5591.34
1038	2020.04.20 11:46	s/l	431	0.55	1.08731	1.08731	1.08021	-111.65	5479.69
1039	2020.04.20 11:46	buy	432	0.69	1.08731	1.08574	1.09124	0.00	5479.69
1040	2020.04.20 14:08	s/l	432	0.69	1.08574	1.08574	1.09124	-108.33	5371.36
1041	2020.04.28 10:30	buy	433	0.46	1.08307	1.08076	1.08885	0.00	5371.36
1042	2020.04.28 12:20	modify	433	0.46	1.08307	1.08317	1.08885	0.00	5371.36
1043	2020.04.28 17:59	s/l	433	0.46	1.08317	1.08317	1.08885	4.60	5375.96
1044	2020.04.29 16:00	buy	434	1.90	1.08573	1.08375	1.09068	0.00	5375.96
1045	2020.04.30 10:05	modify	434	1.90	1.08573	1.08583	1.09068	0.00	5375.96
1046	2020.04.30 16:08	s/l	434	1.90	1.08583	1.08583	1.09068	-28.56	5347.39
1047	2020.04.30 16:08	sell	435	0.75	1.08583	1.08830	1.07966	0.00	5347.39
1048	2020.04.30 17:21	s/l	435	0.75	1.08830	1.08830	1.07966	-185.25	5162.14
1049	2020.05.07 11:00	sell	436	0.26	1.07988	1.08182	1.07503	0.00	5162.14
1050	2020.05.07 17:03	modify	436	0.26	1.07988	1.07978	1.07503	0.00	5162.14
1051	2020.05.07 18:45	s/l	436	0.26	1.07978	1.07978	1.07503	2.60	5164.74
1052	2020.05.12 10:45	sell	437	1.72	1.08086	1.08295	1.07564	0.00	5164.74
1053	2020.05.12 13:25	s/l	437	1.72	1.08295	1.08295	1.07564	-359.48	4805.26
1054	2020.05.27 11:00	buy	438	0.63	1.09651	1.09499	1.10031	0.00	4805.26
1055	2020.05.27 12:03	s/l	438	0.63	1.09499	1.09499	1.10031	-95.76	4709.50
1056	2020.06.08 10:00	buy	439	0.61	1.12944	1.12791	1.13327	0.00	4709.50
1057	2020.06.08 13:35	s/l	439	0.61	1.12791	1.12791	1.13327	-93.33	4616.17
1058	2020.06.09 09:45	sell	440	0.40	1.12753	1.12980	1.12186	0.00	4616.17
1059	2020.06.09 11:19	modify	440	0.40	1.12753	1.12743	1.12186	0.00	4616.17
1060	2020.06.09 13:09	s/l	440	0.40	1.12743	1.12743	1.12186	4.00	4620.17
1061	2020.06.24 14:00	buy	441	2.02	1.13069	1.12909	1.13469	0.00	4620.17
1062	2020.06.24 14:43	s/l	441	2.02	1.12909	1.12909	1.13469	-323.20	4296.97
1063	2020.07.08 09:15	sell	442	0.47	1.12656	1.12836	1.12206	0.00	4296.97
1064	2020.07.08 10:06	s/l	442	0.47	1.12836	1.12836	1.12206	-84.60	4212.37
1065	2020.07.08 14:45	buy	443	0.55	1.12893	1.12740	1.13276	0.00	4212.37
1066	2020.07.08 16:32	modify	443	0.55	1.12893	1.12903	1.13276	0.00	4212.37
1067	2020.07.08 16:39	t/p	443	0.55	1.13276	1.12903	1.13276	210.65	4423.02
1068	2020.07.14 11:45	buy	444	1.49	1.13492	1.13285	1.14010	0.00	4423.02
1069	2020.07.14 14:36	modify	444	1.49	1.13492	1.13502	1.14010	0.00	4423.02
1070	2020.07.14 17:29	t/p	444	1.49	1.14010	1.13502	1.14010	771.82	5194.84
1071	2020.07.16 15:00	buy	445	0.54	1.14133	1.13944	1.14606	0.00	5194.84
1072	2020.07.16 17:40	modify	445	0.54	1.14133	1.14143	1.14606	0.00	5194.84
1073	2020.07.16 19:39	s/l	445	0.54	1.14143	1.14143	1.14606	5.40	5200.24
1074	2020.07.21 10:15	buy	446	0.85	1.14589	1.14345	1.15199	0.00	5200.24
1075	2020.07.21 10:46	s/l	446	0.85	1.14345	1.14345	1.15199	-207.40	4992.84
1076	2020.07.29 09:15	buy	447	0.59	1.17407	1.17240	1.17825	0.00	4992.84
1077	2020.07.29 10:43	modify	447	0.59	1.17407	1.17417	1.17825	0.00	4992.84
1078	2020.07.29 14:01	s/l	447	0.59	1.17417	1.17417	1.17825	5.90	4998.74
1079	2020.08.17 14:45	buy	448	1.82	1.18510	1.18318	1.18990	0.00	4998.74
1080	2020.08.17 16:51	modify	448	1.82	1.18510	1.18520	1.18990	0.00	4998.74
1081	2020.08.18 09:33	t/p	448	1.82	1.18990	1.18520	1.18990	858.41	5857.16
1082	2020.08.27 10:45	buy	449	0.68	1.18316	1.18144	1.18746	0.00	5857.16
1083	2020.08.27 13:34	s/l	449	0.68	1.18144	1.18144	1.18746	-116.96	5740.20
1084	2020.09.02 09:30	sell	450	0.61	1.18965	1.19153	1.18495	0.00	5740.20
1085	2020.09.02 10:32	modify	450	0.61	1.18965	1.18955	1.18495	0.00	5740.20
1086	2020.09.02 14:31	t/p	450	0.61	1.18495	1.18955	1.18495	286.70	6026.90
1087	2020.09.09 11:45	sell	451	1.98	1.17679	1.17892	1.17147	0.00	6026.90
1088	2020.09.09 15:49	s/l	451	1.98	1.17892	1.17892	1.17147	-421.74	5605.16
1089	2020.09.10 11:30	buy	452	0.30	1.18319	1.18138	1.18772	0.00	5605.16
1090	2020.09.10 15:31	modify	452	0.30	1.18319	1.18329	1.18772	0.00	5605.16
1091	2020.09.10 15:31	t/p	452	0.30	1.18772	1.18329	1.18772	135.90	5741.06
1092	2020.09.30 15:30	buy	453	2.12	1.17154	1.16965	1.17627	0.00	5741.06
1093	2020.09.30 16:38	s/l	453	2.12	1.16965	1.16965	1.17627	-400.68	5340.38
1094	2020.10.12 10:45	buy	454	0.58	1.18219	1.18036	1.18677	0.00	5340.38
1095	2020.10.12 12:24	s/l	454	0.58	1.18036	1.18036	1.18677	-106.14	5234.24
1096	2020.10.13 16:15	sell	455	0.57	1.17823	1.18006	1.17366	0.00	5234.24
1097	2020.10.13 16:39	modify	455	0.57	1.17823	1.17813	1.17366	0.00	5234.24
1098	2020.10.13 18:47	t/p	455	0.57	1.17366	1.17813	1.17366	260.49	5494.73
1099	2020.11.10 10:00	sell	456	1.83	1.18168	1.18378	1.17643	0.00	5494.73
1100	2020.11.10 10:28	s/l	456	1.83	1.18378	1.18378	1.17643	-384.30	5110.43
1101	2020.11.11 09:45	sell	457	0.65	1.18144	1.18301	1.17752	0.00	5110.43
1102	2020.11.11 10:20	modify	457	0.65	1.18144	1.18134	1.17752	0.00	5110.43
1103	2020.11.11 12:55	t/p	457	0.65	1.17752	1.18134	1.17752	254.80	5365.23
1104	2020.11.12 16:00	buy	458	0.88	1.18095	1.17883	1.18625	0.00	5365.23
1105	2020.11.12 16:29	s/l	458	0.88	1.17883	1.17883	1.18625	-186.56	5178.67
1106	2020.11.19 10:30	sell	459	0.29	1.18360	1.18534	1.17925	0.00	5178.67
1107	2020.11.19 20:55	s/l	459	0.29	1.18534	1.18534	1.17925	-50.46	5128.21
1108	2020.11.25 15:00	buy	460	0.64	1.18959	1.18799	1.19359	0.00	5128.21
1109	2020.11.25 17:39	modify	460	0.64	1.18959	1.18969	1.19359	0.00	5128.21
1110	2020.11.26 08:23	t/p	460	0.64	1.19359	1.18969	1.19359	239.98	5368.19
1111	2020.12.01 15:30	buy	461	1.86	1.19823	1.19622	1.20326	0.00	5368.19
1112	2020.12.01 17:17	modify	461	1.86	1.19823	1.19833	1.20326	0.00	5368.19
1113	2020.12.01 17:49	t/p	461	1.86	1.20326	1.19833	1.20326	935.58	6303.77
1114	2020.12.15 16:30	buy	462	1.32	1.21529	1.21338	1.22007	0.00	6303.77
1115	2020.12.16 10:30	modify	462	1.32	1.21529	1.21539	1.22007	0.00	6303.77
1116	2020.12.16 10:34	t/p	462	1.32	1.22007	1.21539	1.22007	619.95	6923.71
1117	2020.12.22 10:00	sell	463	1.83	1.22167	1.22318	1.21790	0.00	6923.71
1118	2020.12.22 12:52	s/l	463	1.83	1.22318	1.22318	1.21790	-276.33	6647.38
1119	2020.12.23 10:15	sell	464	0.69	1.21838	1.22029	1.21361	0.00	6647.38
1120	2020.12.23 16:30	s/l	464	0.69	1.22029	1.22029	1.21361	-131.79	6515.59
1121	2020.12.28 15:15	buy	465	0.70	1.22187	1.22001	1.22652	0.00	6515.59
1122	2020.12.29 09:12	modify	465	0.70	1.22187	1.22197	1.22652	0.00	6515.59
1123	2020.12.29 16:48	t/p	465	0.70	1.22652	1.22197	1.22652	319.66	6835.25
1124	2020.12.31 11:00	buy	466	1.46	1.23012	1.22849	1.23420	0.00	6835.25
1125	2020.12.31 11:15	s/l	466	1.46	1.22849	1.22849	1.23420	-237.98	6597.27
1126	2021.01.05 10:15	buy	467	0.79	1.22697	1.22531	1.23112	0.00	6597.27
1127	2021.01.05 18:45	modify	467	0.79	1.22697	1.22707	1.23112	0.00	6597.27
1128	2021.01.06 02:50	t/p	467	0.79	1.23112	1.22707	1.23112	321.26	6918.53
1129	2021.01.21 11:30	buy	468	1.10	1.21412	1.21193	1.21960	0.00	6918.53
1130	2021.01.22 02:14	modify	468	1.10	1.21412	1.21422	1.21960	0.00	6918.53
1131	2021.01.25 12:00	s/l	468	1.10	1.21422	1.21422	1.21960	-7.36	6911.17
1132	2021.01.28 15:15	sell	469	0.31	1.20907	1.21129	1.20352	0.00	6911.17
1133	2021.01.28 15:50	s/l	469	0.31	1.21129	1.21129	1.20352	-68.82	6842.35
1134	2021.02.02 11:45	sell	470	0.67	1.20683	1.20886	1.20176	0.00	6842.35
1135	2021.02.02 12:16	modify	470	0.67	1.20683	1.20673	1.20176	0.00	6842.35
1136	2021.02.02 19:01	t/p	470	0.67	1.20176	1.20673	1.20176	339.69	7182.04
1137	2021.02.08 09:45	buy	471	3.16	1.20459	1.20300	1.20857	0.00	7182.04
1138	2021.02.08 10:29	s/l	471	3.16	1.20300	1.20300	1.20857	-502.44	6679.60
1139	2021.02.08 15:45	buy	472	0.72	1.20367	1.20182	1.20830	0.00	6679.60
1140	2021.02.08 17:05	modify	472	0.72	1.20367	1.20377	1.20830	0.00	6679.60
1141	2021.02.08 18:21	s/l	472	0.72	1.20377	1.20377	1.20830	7.20	6686.80
1142	2021.02.22 10:15	buy	473	2.83	1.21199	1.21034	1.21612	0.00	6686.80
1143	2021.02.22 10:27	s/l	473	2.83	1.21034	1.21034	1.21612	-466.95	6219.85
1144	2021.04.15 16:30	buy	474	0.35	1.19716	1.19541	1.20154	0.00	6219.85
1145	2021.04.16 04:04	s/l	474	0.35	1.19541	1.19541	1.20154	-64.17	6155.68
1146	2021.04.21 16:15	sell	475	0.80	1.20019	1.20171	1.19639	0.00	6155.68
1147	2021.04.21 17:26	s/l	475	0.80	1.20171	1.20171	1.19639	-121.60	6034.08
1148	2021.05.13 11:30	sell	476	0.32	1.20814	1.20997	1.20357	0.00	6034.08
1149	2021.05.13 11:50	modify	476	0.32	1.20814	1.20804	1.20357	0.00	6034.08
1150	2021.05.13 14:23	s/l	476	0.32	1.20804	1.20804	1.20357	3.20	6037.28
1151	2021.05.27 09:30	sell	477	1.20	1.21872	1.22048	1.21432	0.00	6037.28
1152	2021.05.27 10:17	s/l	477	1.20	1.22048	1.22048	1.21432	-211.20	5826.08
1153	2021.05.27 16:00	sell	478	0.32	1.21861	1.22041	1.21411	0.00	5826.08
1154	2021.05.27 17:17	s/l	478	0.32	1.22041	1.22041	1.21411	-57.60	5768.48
1155	2021.05.31 15:00	buy	479	0.74	1.21993	1.21839	1.22378	0.00	5768.48
1156	2021.05.31 17:55	modify	479	0.74	1.21993	1.22003	1.22378	0.00	5768.48
1157	2021.06.01 10:30	t/p	479	0.74	1.22378	1.22003	1.22378	278.73	6047.21
1158	2021.06.23 10:45	buy	480	1.71	1.19343	1.19096	1.19961	0.00	6047.21
1159	2021.06.25 16:56	modify	480	1.71	1.19343	1.19353	1.19961	0.00	6047.21
1160	2021.06.25 19:29	s/l	480	1.71	1.19353	1.19353	1.19961	-39.97	6007.24
1161	2021.07.05 09:45	buy	481	0.75	1.18658	1.18499	1.19056	0.00	6007.24
1162	2021.07.06 09:04	modify	481	0.75	1.18658	1.18668	1.19056	0.00	6007.24
1163	2021.07.06 11:07	s/l	481	0.75	1.18668	1.18668	1.19056	1.24	6008.48
1164	2021.07.07 16:00	sell	482	1.88	1.18159	1.18382	1.17602	0.00	6008.48
1165	2021.07.07 17:32	modify	482	1.88	1.18159	1.18149	1.17602	0.00	6008.48
1166	2021.07.07 21:02	s/l	482	1.88	1.18149	1.18149	1.17602	18.80	6027.28
1167	2021.07.20 15:15	sell	483	1.21	1.17749	1.17948	1.17252	0.00	6027.28
1168	2021.07.21 17:40	s/l	483	1.21	1.17948	1.17948	1.17252	-237.72	5789.56
1169	2021.08.05 15:30	sell	484	0.33	1.18418	1.18592	1.17983	0.00	5789.56
1170	2021.08.06 11:23	modify	484	0.33	1.18418	1.18408	1.17983	0.00	5789.56
1171	2021.08.06 15:30	t/p	484	0.33	1.17983	1.18408	1.17983	144.39	5933.94
1172	2021.08.25 16:15	buy	485	2.15	1.17433	1.17240	1.17916	0.00	5933.94
1173	2021.08.25 21:13	modify	485	2.15	1.17433	1.17443	1.17916	0.00	5933.94
1174	2021.08.27 03:35	s/l	485	2.15	1.17443	1.17443	1.17916	-50.26	5883.69
1175	2021.09.01 15:30	buy	486	0.77	1.18263	1.18112	1.18641	0.00	5883.69
1176	2021.09.01 17:45	modify	486	0.77	1.18263	1.18273	1.18641	0.00	5883.69
1177	2021.09.02 17:38	t/p	486	0.77	1.18641	1.18273	1.18641	271.79	6155.47
1178	2021.09.23 15:45	buy	487	1.17	1.17305	1.17121	1.17765	0.00	6155.47
1179	2021.09.24 15:32	s/l	487	1.17	1.17121	1.17121	1.17765	-225.04	5930.43
1180	2021.09.27 14:30	sell	488	0.77	1.16971	1.17125	1.16586	0.00	5930.43
1181	2021.09.28 10:10	modify	488	0.77	1.16971	1.16961	1.16586	0.00	5930.43
1182	2021.09.28 17:15	s/l	488	0.77	1.16961	1.16961	1.16586	9.65	5940.08
1183	2021.10.05 16:15	sell	489	2.47	1.15887	1.16055	1.15467	0.00	5940.08
1184	2021.10.05 18:13	s/l	489	2.47	1.16055	1.16055	1.15467	-414.96	5525.12
1185	2021.10.25 10:45	buy	490	0.46	1.16630	1.16392	1.17225	0.00	5525.12
1186	2021.10.25 12:18	s/l	490	0.46	1.16392	1.16392	1.17225	-109.48	5415.64
1187	2021.11.04 16:00	sell	491	0.27	1.15534	1.15731	1.15042	0.00	5415.64
1188	2021.11.05 14:30	modify	491	0.27	1.15534	1.15524	1.15042	0.00	5415.64
1189	2021.11.05 17:39	s/l	491	0.27	1.15524	1.15524	1.15042	3.38	5419.03
1190	2021.11.08 10:45	buy	492	1.82	1.15691	1.15483	1.16211	0.00	5419.03
1191	2021.11.09 07:05	modify	492	1.82	1.15691	1.15701	1.16211	0.00	5419.03
1192	2021.11.09 15:01	s/l	492	1.82	1.15701	1.15701	1.16211	3.01	5422.04
1193	2021.11.15 15:00	sell	493	1.38	1.14409	1.14566	1.14017	0.00	5422.04
1194	2021.11.15 18:02	modify	493	1.38	1.14409	1.14399	1.14017	0.00	5422.04
1195	2021.11.15 19:24	t/p	493	1.38	1.14017	1.14399	1.14017	540.96	5963.00
1196	2021.11.18 16:30	buy	494	0.72	1.13411	1.13247	1.13821	0.00	5963.00
1197	2021.11.18 19:04	modify	494	0.72	1.13411	1.13421	1.13821	0.00	5963.00
1198	2021.11.19 10:01	s/l	494	0.72	1.13421	1.13421	1.13821	1.19	5964.19
1199	2021.12.01 15:30	buy	495	1.21	1.13284	1.13087	1.13777	0.00	5964.19
1200	2021.12.02 09:56	s/l	495	1.21	1.13087	1.13087	1.13777	-268.66	5695.53
1201	2021.12.02 10:45	buy	496	0.35	1.13242	1.13080	1.13647	0.00	5695.53
1202	2021.12.02 18:20	s/l	496	0.35	1.13080	1.13080	1.13647	-56.70	5638.83
1203	2021.12.27 14:15	sell	497	0.70	1.13070	1.13231	1.12668	0.00	5638.83
1204	2021.12.27 16:38	s/l	497	0.70	1.13231	1.13231	1.12668	-112.70	5526.13
1205	2021.12.27 16:38	buy	498	0.68	1.13232	1.13070	1.13637	0.00	5526.13
1206	2021.12.28 16:41	s/l	498	0.68	1.13070	1.13070	1.13637	-115.83	5410.30
1207	2022.01.03 15:30	buy	499	0.63	1.13631	1.13461	1.14056	0.00	5410.30
1208	2022.01.03 15:51	s/l	499	0.63	1.13461	1.13461	1.14056	-107.10	5303.20
1209	2022.01.03 15:51	sell	500	0.53	1.13461	1.13660	1.12964	0.00	5303.20
1210	2022.01.03 16:50	modify	500	0.53	1.13461	1.13451	1.12964	0.00	5303.20
1211	2022.01.03 17:27	t/p	500	0.53	1.12964	1.13451	1.12964	263.41	5566.61
1212	2022.01.05 15:15	buy	501	0.72	1.13182	1.13029	1.13565	0.00	5566.61
1213	2022.01.05 17:01	modify	501	0.72	1.13182	1.13192	1.13565	0.00	5566.61
1214	2022.01.05 21:09	s/l	501	0.72	1.13192	1.13192	1.13565	7.20	5573.81
1215	2022.01.06 16:45	buy	502	0.91	1.13256	1.13043	1.13789	0.00	5573.81
1216	2022.01.06 17:26	s/l	502	0.91	1.13043	1.13043	1.13789	-193.83	5379.98
1217	2022.01.20 16:30	sell	503	0.32	1.13429	1.13596	1.13012	0.00	5379.98
1218	2022.01.20 20:37	modify	503	0.32	1.13429	1.13419	1.13012	0.00	5379.98
1219	2022.01.21 03:03	t/p	503	0.32	1.13012	1.13419	1.13012	134.25	5514.23
1220	2022.02.08 15:15	sell	504	2.09	1.14073	1.14257	1.13613	0.00	5514.23
1221	2022.02.09 04:02	s/l	504	2.09	1.14257	1.14257	1.13613	-379.26	5134.97
1222	2022.02.09 04:02	buy	505	2.83	1.14257	1.14130	1.14575	0.00	5134.97
1223	2022.02.09 09:24	s/l	505	2.83	1.14130	1.14130	1.14575	-359.41	4775.56
1224	2022.02.09 15:45	buy	506	0.55	1.14450	1.14278	1.14880	0.00	4775.56
1225	2022.02.09 16:24	s/l	506	0.55	1.14278	1.14278	1.14880	-94.60	4680.96
1226	2022.02.16 16:45	buy	507	0.49	1.13702	1.13512	1.14177	0.00	4680.96
1227	2022.02.17 05:55	s/l	507	0.49	1.13512	1.13512	1.14177	-105.37	4575.60
1228	2022.02.17 08:45	sell	508	0.21	1.13546	1.13760	1.13011	0.00	4575.60
1229	2022.02.17 10:00	s/l	508	0.21	1.13760	1.13760	1.13011	-44.94	4530.66
1230	2022.02.17 10:00	buy	509	0.21	1.13760	1.13551	1.14283	0.00	4530.66
1231	2022.02.17 10:28	s/l	509	0.21	1.13551	1.13551	1.14283	-43.89	4486.77
1232	2022.03.09 10:15	buy	510	0.43	1.09293	1.09089	1.09803	0.00	4486.77
1233	2022.03.09 11:27	modify	510	0.43	1.09293	1.09303	1.09803	0.00	4486.77
1234	2022.03.09 12:06	t/p	510	0.43	1.09803	1.09303	1.09803	219.30	4706.07
1235	2022.03.29 09:45	buy	511	1.51	1.10025	1.09807	1.10570	0.00	4706.07
1236	2022.03.29 11:53	s/l	511	1.51	1.09807	1.09807	1.10570	-329.18	4376.89
1237	2022.04.07 10:15	sell	512	0.25	1.09124	1.09298	1.08689	0.00	4376.89
1238	2022.04.07 11:11	modify	512	0.25	1.09124	1.09114	1.08689	0.00	4376.89
1239	2022.04.07 12:20	t/p	512	0.25	1.08689	1.09114	1.08689	108.75	4485.64
1240	2022.04.11 09:30	sell	513	1.91	1.08789	1.08953	1.08379	0.00	4485.64
1241	2022.04.11 10:26	s/l	513	1.91	1.08953	1.08953	1.08379	-313.24	4172.40
1242	2022.04.11 10:26	buy	514	1.24	1.08954	1.08720	1.09539	0.00	4172.40
1243	2022.04.11 13:13	modify	514	1.24	1.08954	1.08964	1.09539	0.00	4172.40
1244	2022.04.11 15:16	s/l	514	1.24	1.08964	1.08964	1.09539	12.40	4184.80
1245	2022.04.13 09:30	sell	515	0.43	1.08275	1.08469	1.07790	0.00	4184.80
1246	2022.04.13 14:32	s/l	515	0.43	1.08469	1.08469	1.07790	-83.42	4101.38
1247	2022.04.13 15:00	sell	516	0.44	1.08313	1.08497	1.07853	0.00	4101.38
1248	2022.04.13 18:02	s/l	516	0.44	1.08497	1.08497	1.07853	-80.96	4020.42
1249	2022.04.19 16:15	sell	517	0.52	1.07876	1.08028	1.07496	0.00	4020.42
1250	2022.04.19 16:43	s/l	517	0.52	1.08028	1.08028	1.07496	-79.04	3941.38
1251	2022.04.19 16:43	buy	518	0.41	1.08029	1.07840	1.08502	0.00	3941.38
1252	2022.04.19 18:02	s/l	518	0.41	1.07840	1.07840	1.08502	-77.49	3863.89
1253	2022.04.20 11:30	buy	519	0.49	1.08193	1.08037	1.08583	0.00	3863.89
1254	2022.04.20 12:09	modify	519	0.49	1.08193	1.08203	1.08583	0.00	3863.89
1255	2022.04.20 12:38	t/p	519	0.49	1.08583	1.08203	1.08583	191.10	4054.99
1256	2022.04.21 08:15	buy	520	0.79	1.08450	1.08272	1.08895	0.00	4054.99
1257	2022.04.21 09:30	modify	520	0.79	1.08450	1.08460	1.08895	0.00	4054.99
1258	2022.04.21 09:41	t/p	520	0.79	1.08895	1.08460	1.08895	351.55	4406.54
1259	2022.05.03 08:00	sell	521	0.71	1.05017	1.05263	1.04402	0.00	4406.54
1260	2022.05.03 10:36	s/l	521	0.71	1.05263	1.05263	1.04402	-174.66	4231.88
1261	2022.05.04 15:30	buy	522	0.42	1.05412	1.05213	1.05910	0.00	4231.88
1262	2022.05.04 21:01	modify	522	0.42	1.05412	1.05422	1.05910	0.00	4231.88
1263	2022.05.04 21:10	s/l	522	0.42	1.05422	1.05422	1.05910	4.20	4236.08
1264	2022.05.18 15:15	buy	523	1.53	1.05222	1.05029	1.05705	0.00	4236.08
1265	2022.05.18 17:31	s/l	523	1.53	1.05029	1.05029	1.05705	-295.29	3940.79
1266	2022.05.26 10:45	buy	524	0.19	1.06934	1.06734	1.07434	0.00	3940.79
1267	2022.05.26 18:13	modify	524	0.19	1.06934	1.06944	1.07434	0.00	3940.79
1268	2022.05.27 04:33	t/p	524	0.19	1.07434	1.06944	1.07434	93.41	4034.20
1269	2022.06.01 16:45	sell	525	1.42	1.07130	1.07328	1.06635	0.00	4034.20
1270	2022.06.01 17:04	modify	525	1.42	1.07130	1.07120	1.06635	0.00	4034.20
1271	2022.06.01 17:18	t/p	525	1.42	1.06635	1.07120	1.06635	702.90	4737.10
1272	2022.06.08 11:45	sell	526	0.94	1.06769	1.06970	1.06267	0.00	4737.10
1273	2022.06.08 12:30	s/l	526	0.94	1.06970	1.06970	1.06267	-188.94	4548.16
1274	2022.06.21 09:45	buy	527	0.59	1.05279	1.05126	1.05662	0.00	4548.16
1275	2022.06.21 10:16	modify	527	0.59	1.05279	1.05289	1.05662	0.00	4548.16
1276	2022.06.21 11:19	t/p	527	0.59	1.05662	1.05289	1.05662	225.97	4774.13
1277	2022.06.22 16:00	buy	528	1.85	1.05310	1.05130	1.05760	0.00	4774.13
1278	2022.06.22 16:41	modify	528	1.85	1.05310	1.05320	1.05760	0.00	4774.13
1279	2022.06.22 17:37	t/p	528	1.85	1.05760	1.05320	1.05760	832.50	5606.63
1280	2022.06.27 10:00	buy	529	1.38	1.05686	1.05524	1.06091	0.00	5606.63
1281	2022.06.27 17:48	modify	529	1.38	1.05686	1.05696	1.06091	0.00	5606.63
1282	2022.06.27 18:15	t/p	529	1.38	1.06091	1.05696	1.06091	558.90	6165.53
1283	2022.06.28 11:30	buy	530	1.60	1.05880	1.05726	1.06265	0.00	6165.53
1284	2022.06.28 14:52	s/l	530	1.60	1.05726	1.05726	1.06265	-246.40	5919.13
1285	2022.07.13 10:00	sell	531	0.77	1.00335	1.00488	0.99953	0.00	5919.13
1286	2022.07.13 10:00	s/l	531	0.77	1.00488	1.00488	0.99953	-117.81	5801.32
1287	2022.07.19 08:15	buy	532	0.61	1.01413	1.01223	1.01888	0.00	5801.32
1288	2022.07.19 10:00	modify	532	0.61	1.01413	1.01423	1.01888	0.00	5801.32
1289	2022.07.19 10:29	t/p	532	0.61	1.01888	1.01423	1.01888	289.75	6091.07
1290	2022.08.01 09:45	buy	533	2.75	1.02270	1.02115	1.02658	0.00	6091.07
1291	2022.08.01 11:33	modify	533	2.75	1.02270	1.02280	1.02658	0.00	6091.07
1292	2022.08.01 11:41	t/p	533	2.75	1.02658	1.02280	1.02658	1067.00	7158.07
1293	2022.08.03 16:15	sell	534	1.45	1.01762	1.01959	1.01270	0.00	7158.07
1294	2022.08.03 17:01	modify	534	1.45	1.01762	1.01752	1.01270	0.00	7158.07
1295	2022.08.03 17:35	t/p	534	1.45	1.01270	1.01752	1.01270	713.40	7871.47
1296	2022.08.08 14:15	buy	535	1.49	1.01999	1.01788	1.02527	0.00	7871.47
1297	2022.08.09 11:30	modify	535	1.49	1.01999	1.02009	1.02527	0.00	7871.47
1298	2022.08.10 14:53	t/p	535	1.49	1.02527	1.02009	1.02527	761.85	8633.33
1299	2022.08.11 09:15	buy	536	1.10	1.02897	1.02741	1.03287	0.00	8633.33
1300	2022.08.11 09:58	modify	536	1.10	1.02897	1.02907	1.03287	0.00	8633.33
1301	2022.08.11 10:33	t/p	536	1.10	1.03287	1.02907	1.03287	429.00	9062.33
1302	2022.08.17 09:15	sell	537	2.35	1.01733	1.01887	1.01348	0.00	9062.33
1303	2022.08.17 10:20	modify	537	2.35	1.01733	1.01723	1.01348	0.00	9062.33
1304	2022.08.17 11:27	s/l	537	2.35	1.01723	1.01723	1.01348	23.50	9085.83
1305	2022.08.17 14:30	sell	538	1.84	1.01597	1.01794	1.01105	0.00	9085.83
1306	2022.08.17 17:04	s/l	538	1.84	1.01794	1.01794	1.01105	-362.48	8723.35
1307	2022.08.18 09:00	sell	539	0.53	1.01644	1.01806	1.01239	0.00	8723.35
1308	2022.08.18 13:09	s/l	539	0.53	1.01806	1.01806	1.01239	-85.86	8637.49
1309	2022.08.18 15:45	sell	540	0.36	1.01654	1.01889	1.01067	0.00	8637.49
1310	2022.08.18 16:45	modify	540	0.36	1.01654	1.01644	1.01067	0.00	8637.49
1311	2022.08.18 19:17	t/p	540	0.36	1.01067	1.01644	1.01067	211.32	8848.81
1312	2022.08.24 09:00	sell	541	3.34	0.99430	0.99615	0.98968	0.00	8848.81
1313	2022.08.24 15:45	modify	541	3.34	0.99430	0.99420	0.98968	0.00	8848.81
1314	2022.08.24 17:46	s/l	541	3.34	0.99420	0.99420	0.98968	33.40	8882.21
1315	2022.10.17 10:15	buy	542	1.97	0.97468	0.97288	0.97918	0.00	8882.21
1316	2022.10.17 11:32	s/l	542	1.97	0.97288	0.97288	0.97918	-354.60	8527.61
1317	2022.10.25 11:15	buy	543	0.76	0.98730	0.98507	0.99288	0.00	8527.61
1318	2022.10.25 14:05	s/l	543	0.76	0.98507	0.98507	0.99288	-169.48	8358.13
1319	2022.10.25 16:00	buy	544	0.81	0.98748	0.98542	0.99263	0.00	8358.13
1320	2022.10.25 16:16	modify	544	0.81	0.98748	0.98758	0.99263	0.00	8358.13
1321	2022.10.25 16:24	t/p	544	0.81	0.99263	0.98758	0.99263	417.15	8775.28
1322	2022.11.01 11:15	sell	545	2.71	0.99183	0.99409	0.98618	0.00	8775.28
1323	2022.11.01 12:26	s/l	545	2.71	0.99409	0.99409	0.98618	-612.46	8162.82
1324	2022.11.17 09:45	buy	546	0.43	1.03868	1.03681	1.04336	0.00	8162.82
1325	2022.11.17 11:34	s/l	546	0.43	1.03681	1.03681	1.04336	-80.41	8082.41
1326	2022.12.06 10:30	sell	547	0.72	1.04892	1.05116	1.04332	0.00	8082.41
1327	2022.12.06 13:20	s/l	547	0.72	1.05116	1.05116	1.04332	-161.28	7921.13
1328	2022.12.08 11:00	buy	548	0.48	1.05268	1.05104	1.05678	0.00	7921.13
1329	2022.12.08 11:20	s/l	548	0.48	1.05104	1.05104	1.05678	-78.72	7842.41
1330	2022.12.08 11:20	sell	549	0.41	1.05104	1.05294	1.04629	0.00	7842.41
1331	2022.12.08 15:36	s/l	549	0.41	1.05294	1.05294	1.04629	-77.90	7764.51
1332	2022.12.13 08:00	buy	550	0.88	1.05518	1.05342	1.05958	0.00	7764.51
1333	2022.12.13 10:49	s/l	550	0.88	1.05342	1.05342	1.05958	-154.88	7609.63
1334	2022.12.15 08:30	buy	551	0.49	1.06600	1.06447	1.06983	0.00	7609.63
1335	2022.12.15 09:44	s/l	551	0.49	1.06447	1.06447	1.06983	-74.97	7534.66
1336	2022.12.15 09:44	sell	552	0.41	1.06446	1.06629	1.05989	0.00	7534.66
1337	2022.12.15 11:00	modify	552	0.41	1.06446	1.06436	1.05989	0.00	7534.66
1338	2022.12.15 15:16	s/l	552	0.41	1.06436	1.06436	1.05989	4.10	7538.76
1339	2022.12.21 11:00	buy	553	0.75	1.06346	1.06147	1.06844	0.00	7538.76
1340	2022.12.21 11:37	s/l	553	0.75	1.06147	1.06147	1.06844	-149.25	7389.51
1341	2022.12.21 11:37	sell	554	0.61	1.06147	1.06387	1.05547	0.00	7389.51
1342	2022.12.21 15:09	s/l	554	0.61	1.06387	1.06387	1.05547	-146.40	7243.11
1343	2022.12.22 11:45	buy	555	0.48	1.06419	1.06269	1.06794	0.00	7243.11
1344	2022.12.22 13:00	s/l	555	0.48	1.06269	1.06269	1.06794	-72.00	7171.11
1345	2022.12.22 15:00	buy	556	0.32	1.06371	1.06147	1.06931	0.00	7171.11
1346	2022.12.22 15:34	s/l	556	0.32	1.06147	1.06147	1.06931	-71.68	7099.43
1347	2022.12.26 15:15	buy	557	0.89	1.06300	1.06141	1.06698	0.00	7099.43
1348	2022.12.27 04:01	modify	557	0.89	1.06300	1.06310	1.06698	0.00	7099.43
1349	2022.12.27 15:00	s/l	557	0.89	1.06310	1.06310	1.06698	1.47	7100.90
1350	2022.12.28 16:30	buy	558	2.21	1.06541	1.06317	1.07101	0.00	7100.90
1351	2022.12.28 17:36	s/l	558	2.21	1.06317	1.06317	1.07101	-495.04	6605.86
1352	2023.01.04 15:30	buy	559	0.63	1.06138	1.05929	1.06661	0.00	6605.86
1353	2023.01.04 17:04	s/l	559	0.63	1.05929	1.05929	1.06661	-131.67	6474.19
1354	2023.01.05 08:15	buy	560	0.33	1.06197	1.06001	1.06687	0.00	6474.19
1355	2023.01.05 09:44	s/l	560	0.33	1.06001	1.06001	1.06687	-64.68	6409.51
1356	2023.01.05 09:44	sell	561	0.40	1.06000	1.06157	1.05608	0.00	6409.51
1357	2023.01.05 10:02	s/l	561	0.40	1.06157	1.06157	1.05608	-62.80	6346.71
1358	2023.01.11 11:30	buy	562	0.54	1.07468	1.07235	1.08051	0.00	6346.71
1359	2023.01.12 15:28	modify	562	0.54	1.07468	1.07478	1.08051	0.00	6346.71
1360	2023.01.12 15:28	t/p	562	0.54	1.08051	1.07478	1.08051	301.30	6648.01
1361	2023.01.17 09:45	buy	563	2.90	1.08260	1.08100	1.08660	0.00	6648.01
1362	2023.01.17 12:28	s/l	563	2.90	1.08100	1.08100	1.08660	-464.00	6184.01
1363	2023.01.17 12:28	sell	564	2.26	1.08100	1.08291	1.07623	0.00	6184.01
1364	2023.01.17 13:56	s/l	564	2.26	1.08291	1.08291	1.07623	-431.66	5752.35
1365	2023.01.24 15:00	sell	565	0.61	1.08598	1.08784	1.08133	0.00	5752.35
1366	2023.01.24 15:26	s/l	565	0.61	1.08784	1.08784	1.08133	-113.46	5638.89
1367	2023.01.30 09:30	sell	566	0.74	1.08567	1.08718	1.08190	0.00	5638.89
1368	2023.01.30 10:00	s/l	566	0.74	1.08718	1.08718	1.08190	-111.74	5527.15
1369	2023.01.30 10:00	buy	567	0.53	1.08718	1.08511	1.09236	0.00	5527.15
1370	2023.01.30 11:49	modify	567	0.53	1.08718	1.08728	1.09236	0.00	5527.15
1371	2023.01.30 17:54	s/l	567	0.53	1.08728	1.08728	1.09236	5.30	5532.45
1372	2023.02.08 15:00	sell	568	0.63	1.07338	1.07513	1.06901	0.00	5532.45
1373	2023.02.09 10:23	s/l	568	0.63	1.07513	1.07513	1.06901	-105.46	5426.99
1374	2023.02.15 14:00	sell	569	0.71	1.07111	1.07263	1.06731	0.00	5426.99
1375	2023.02.15 15:30	modify	569	0.71	1.07111	1.07101	1.06731	0.00	5426.99
1376	2023.02.15 16:23	t/p	569	0.71	1.06731	1.07101	1.06731	269.80	5696.79
1377	2023.02.16 10:30	buy	570	1.06	1.07194	1.07007	1.07662	0.00	5696.79
1378	2023.02.16 10:54	s/l	570	1.06	1.07007	1.07007	1.07662	-198.22	5498.57
1379	2023.02.16 10:54	sell	571	0.80	1.07007	1.07245	1.06412	0.00	5498.57
1380	2023.02.16 16:28	modify	571	0.80	1.07007	1.06997	1.06412	0.00	5498.57
1381	2023.02.17 06:37	t/p	571	0.80	1.06412	1.06997	1.06412	478.03	5976.60
1382	2023.02.20 15:45	buy	572	0.69	1.06855	1.06684	1.07283	0.00	5976.60
1383	2023.02.21 03:13	s/l	572	0.69	1.06684	1.06684	1.07283	-123.75	5852.86
1384	2023.02.21 16:00	sell	573	0.62	1.06529	1.06716	1.06062	0.00	5852.86
1385	2023.02.21 16:35	s/l	573	0.62	1.06716	1.06716	1.06062	-115.94	5736.92
1386	2023.02.21 16:35	buy	574	0.52	1.06717	1.06497	1.07267	0.00	5736.92
1387	2023.02.21 16:45	s/l	574	0.52	1.06497	1.06497	1.07267	-114.40	5622.52
1388	2023.02.23 09:30	sell	575	0.32	1.06124	1.06296	1.05694	0.00	5622.52
1389	2023.02.23 13:22	modify	575	0.32	1.06124	1.06114	1.05694	0.00	5622.52
1390	2023.02.23 14:29	s/l	575	0.32	1.06114	1.06114	1.05694	3.20	5625.72
1391	2023.03.09 16:00	buy	576	0.82	1.05744	1.05506	1.06339	0.00	5625.72
1392	2023.03.10 15:30	modify	576	0.82	1.05744	1.05754	1.06339	0.00	5625.72
1393	2023.03.10 15:42	t/p	576	0.82	1.06339	1.05754	1.06339	481.06	6106.77
1394	2023.03.14 11:45	buy	577	1.39	1.07069	1.06894	1.07507	0.00	6106.77
1395	2023.03.14 14:30	modify	577	1.39	1.07069	1.07079	1.07507	0.00	6106.77
1396	2023.03.14 14:35	s/l	577	1.39	1.07079	1.07079	1.07507	13.90	6120.67
1397	2023.03.16 11:30	sell	578	0.60	1.06092	1.06296	1.05582	0.00	6120.67
1398	2023.03.16 14:43	modify	578	0.60	1.06092	1.06082	1.05582	0.00	6120.67
1399	2023.03.16 15:15	s/l	578	0.60	1.06082	1.06082	1.05582	6.00	6126.67
1400	2023.03.27 10:30	sell	579	1.10	1.07620	1.07842	1.07065	0.00	6126.67
1401	2023.03.27 16:24	s/l	579	1.10	1.07842	1.07842	1.07065	-244.20	5882.47
1402	2023.03.27 16:24	buy	580	1.29	1.07842	1.07660	1.08297	0.00	5882.47
1403	2023.03.28 03:38	modify	580	1.29	1.07842	1.07852	1.08297	0.00	5882.47
1404	2023.03.28 10:37	t/p	580	1.29	1.08297	1.07852	1.08297	576.19	6458.66
1405	2023.03.29 16:00	buy	581	0.76	1.08539	1.08370	1.08962	0.00	6458.66
1406	2023.03.29 16:23	s/l	581	0.76	1.08370	1.08370	1.08962	-128.44	6330.22
1407	2023.04.04 09:30	buy	582	0.67	1.08998	1.08810	1.09468	0.00	6330.22
1408	2023.04.04 10:52	modify	582	0.67	1.08998	1.09008	1.09468	0.00	6330.22
1409	2023.04.04 14:59	s/l	582	0.67	1.09008	1.09008	1.09468	6.70	6336.92
1410	2023.04.05 15:30	buy	583	2.67	1.09522	1.09356	1.09937	0.00	6336.92
1411	2023.04.05 17:10	s/l	583	2.67	1.09356	1.09356	1.09937	-443.22	5893.70
1412	2023.04.10 14:30	sell	584	0.66	1.08936	1.09114	1.08491	0.00	5893.70
1413	2023.04.10 15:09	modify	584	0.66	1.08936	1.08926	1.08491	0.00	5893.70
1414	2023.04.10 15:59	t/p	584	0.66	1.08491	1.08926	1.08491	293.70	6187.40
1415	2023.04.11 10:15	buy	585	2.64	1.08954	1.08790	1.09364	0.00	6187.40
1416	2023.04.11 12:32	modify	585	2.64	1.08954	1.08964	1.09364	0.00	6187.40
1417	2023.04.11 20:12	s/l	585	2.64	1.08964	1.08964	1.09364	26.40	6213.80
1418	2023.04.19 10:45	sell	586	1.51	1.09581	1.09745	1.09171	0.00	6213.80
1419	2023.04.19 12:32	modify	586	1.51	1.09581	1.09571	1.09171	0.00	6213.80
1420	2023.04.19 16:07	s/l	586	1.51	1.09571	1.09571	1.09171	15.10	6228.90
1421	2023.05.02 11:00	sell	587	1.09	1.09858	1.10086	1.09288	0.00	6228.90
1422	2023.05.02 12:58	modify	587	1.09	1.09858	1.09848	1.09288	0.00	6228.90
1423	2023.05.02 17:35	s/l	587	1.09	1.09848	1.09848	1.09288	10.90	6239.80
1424	2023.05.10 11:00	sell	588	1.25	1.09646	1.09845	1.09149	0.00	6239.80
1425	2023.05.10 15:31	s/l	588	1.25	1.09845	1.09845	1.09149	-248.75	5991.05
1426	2023.05.16 16:45	buy	589	0.74	1.08878	1.08717	1.09281	0.00	5991.05
1427	2023.05.16 17:04	s/l	589	0.74	1.08717	1.08717	1.09281	-119.14	5871.91
1428	2023.05.22 09:30	buy	590	0.73	1.08212	1.08053	1.08610	0.00	5871.91
1429	2023.05.22 10:13	s/l	590	0.73	1.08053	1.08053	1.08610	-116.07	5755.84
1430	2023.05.22 10:13	sell	591	0.55	1.08053	1.08262	1.07531	0.00	5755.84
1431	2023.05.22 13:26	s/l	591	0.55	1.08262	1.08262	1.07531	-114.95	5640.89
1432	2023.05.24 16:45	sell	592	0.59	1.07770	1.07961	1.07293	0.00	5640.89
1433	2023.05.25 00:03	modify	592	0.59	1.07770	1.07760	1.07293	0.00	5640.89
1434	2023.05.25 09:08	t/p	592	0.59	1.07293	1.07760	1.07293	285.92	5926.81
1435	2023.06.01 10:30	sell	593	1.27	1.06724	1.06887	1.06317	0.00	5926.81
1436	2023.06.01 12:03	s/l	593	1.27	1.06887	1.06887	1.06317	-207.01	5719.80
1437	2023.06.15 11:00	buy	594	0.27	1.08272	1.08065	1.08790	0.00	5719.80
1438	2023.06.15 15:30	modify	594	0.27	1.08272	1.08282	1.08790	0.00	5719.80
1439	2023.06.15 15:41	t/p	594	0.27	1.08790	1.08282	1.08790	139.86	5859.66
1440	2023.06.21 16:00	buy	595	2.15	1.09252	1.09062	1.09727	0.00	5859.66
1441	2023.06.21 17:35	modify	595	2.15	1.09252	1.09262	1.09727	0.00	5859.66
1442	2023.06.21 19:51	t/p	595	2.15	1.09727	1.09262	1.09727	1021.25	6880.91
1443	2023.07.06 16:30	buy	596	0.58	1.08860	1.08626	1.09445	0.00	6880.91
1444	2023.07.06 17:06	s/l	596	0.58	1.08626	1.08626	1.09445	-135.72	6745.19
1445	2023.07.19 09:15	sell	597	0.69	1.12182	1.12377	1.11695	0.00	6745.19
1446	2023.07.19 12:18	s/l	597	0.69	1.12377	1.12377	1.11695	-134.55	6610.64
1447	2023.07.20 10:45	sell	598	0.31	1.12018	1.12230	1.11488	0.00	6610.64
1448	2023.07.20 17:09	modify	598	0.31	1.12018	1.12008	1.11488	0.00	6610.64
1449	2023.07.20 17:30	t/p	598	0.31	1.11488	1.12008	1.11488	164.30	6774.94
1450	2023.07.24 10:30	sell	599	1.90	1.11241	1.11490	1.10619	0.00	6774.94
1451	2023.07.24 10:32	modify	599	1.90	1.11241	1.11231	1.10619	0.00	6774.94
1452	2023.07.24 22:41	t/p	599	1.90	1.10619	1.11231	1.10619	1181.80	7956.74
1453	2023.07.27 10:15	buy	600	0.78	1.11082	1.10878	1.11592	0.00	7956.74
1454	2023.07.27 11:56	modify	600	0.78	1.11082	1.11092	1.11592	0.00	7956.74
1455	2023.07.27 15:17	s/l	600	0.78	1.11092	1.11092	1.11592	7.80	7964.54
1456	2023.08.02 09:15	sell	601	1.99	1.09833	1.09993	1.09433	0.00	7964.54
1457	2023.08.02 15:40	modify	601	1.99	1.09833	1.09823	1.09433	0.00	7964.54
1458	2023.08.02 17:09	t/p	601	1.99	1.09433	1.09823	1.09433	796.00	8760.54
1459	2023.08.03 15:30	sell	602	0.76	1.09279	1.09508	1.08707	0.00	8760.54
1460	2023.08.03 15:41	s/l	602	0.76	1.09508	1.09508	1.08707	-174.04	8586.50
1461	2023.08.29 10:30	buy	603	0.97	1.08241	1.08064	1.08684	0.00	8586.50
1462	2023.08.29 12:07	s/l	603	0.97	1.08064	1.08064	1.08684	-171.69	8414.81
1463	2023.09.12 16:00	sell	604	1.06	1.07073	1.07231	1.06678	0.00	8414.81
1464	2023.09.12 18:08	s/l	604	1.06	1.07231	1.07231	1.06678	-167.48	8247.33
1465	2023.09.20 16:15	buy	605	0.85	1.07094	1.06902	1.07574	0.00	8247.33
1466	2023.09.20 21:01	s/l	605	0.85	1.06902	1.06902	1.07574	-163.20	8084.13
1467	2023.09.25 15:00	sell	606	1.07	1.06305	1.06456	1.05928	0.00	8084.13
1468	2023.09.25 16:31	modify	606	1.07	1.06305	1.06295	1.05928	0.00	8084.13
1469	2023.09.25 17:07	t/p	606	1.07	1.05928	1.06295	1.05928	403.39	8487.52
1470	2023.10.10 11:15	buy	607	2.37	1.05824	1.05574	1.06449	0.00	8487.52
1471	2023.10.10 19:03	modify	607	2.37	1.05824	1.05834	1.06449	0.00	8487.52
1472	2023.10.11 15:30	s/l	607	2.37	1.05834	1.05834	1.06449	3.92	8491.44
1473	2023.11.02 10:45	buy	608	0.97	1.06065	1.05891	1.06500	0.00	8491.44
1474	2023.11.02 12:41	modify	608	0.97	1.06065	1.06075	1.06500	0.00	8491.44
1475	2023.11.02 14:14	t/p	608	0.97	1.06500	1.06075	1.06500	421.95	8913.39
1476	2023.11.21 16:15	buy	609	1.99	1.09548	1.09369	1.09996	0.00	8913.39
1477	2023.11.21 17:53	s/l	609	1.99	1.09369	1.09369	1.09996	-356.21	8557.18
1478	2023.11.22 10:30	sell	610	0.81	1.09005	1.09216	1.08478	0.00	8557.18
1479	2023.11.22 17:00	modify	610	0.81	1.09005	1.08995	1.08478	0.00	8557.18
1480	2023.11.23 04:12	s/l	610	0.81	1.08995	1.08995	1.08478	14.26	8571.45
1481	2023.11.28 15:30	buy	611	3.59	1.09600	1.09433	1.10018	0.00	8571.45
1482	2023.11.28 17:04	modify	611	3.59	1.09600	1.09610	1.10018	0.00	8571.45
1483	2023.11.28 17:43	t/p	611	3.59	1.10018	1.09610	1.10018	1500.62	10072.07
1484	2023.12.04 15:45	sell	612	2.47	1.08617	1.08780	1.08210	0.00	10072.07
1485	2023.12.04 16:12	modify	612	2.47	1.08617	1.08607	1.08210	0.00	10072.07
1486	2023.12.04 16:20	t/p	612	2.47	1.08210	1.08607	1.08210	1005.29	11077.36
1487	2024.01.08 10:15	sell	613	2.42	1.09323	1.09506	1.08866	0.00	11077.36
1488	2024.01.08 13:21	s/l	613	2.42	1.09506	1.09506	1.08866	-442.86	10634.50
1489	2024.01.09 11:15	sell	614	1.38	1.09385	1.09539	1.09000	0.00	10634.50
1490	2024.01.09 18:03	modify	614	1.38	1.09385	1.09375	1.09000	0.00	10634.50
1491	2024.01.09 19:27	s/l	614	1.38	1.09375	1.09375	1.09000	13.80	10648.30
1492	2024.01.15 15:15	sell	615	4.87	1.09459	1.09612	1.09077	0.00	10648.30
1493	2024.01.16 02:55	modify	615	4.87	1.09459	1.09449	1.09077	0.00	10648.30
1494	2024.01.16 10:32	t/p	615	4.87	1.09077	1.09449	1.09077	1872.69	12520.99
1495	2024.01.18 11:30	buy	616	1.28	1.08942	1.08747	1.09430	0.00	12520.99
1496	2024.01.18 14:58	s/l	616	1.28	1.08747	1.08747	1.09430	-249.60	12271.39
1497	2024.01.24 11:15	buy	617	1.01	1.08847	1.08606	1.09450	0.00	12271.39
1498	2024.01.24 15:50	modify	617	1.01	1.08847	1.08857	1.09450	0.00	12271.39
1499	2024.01.24 21:19	s/l	617	1.01	1.08857	1.08857	1.09450	10.10	12281.49
1500	2024.02.29 16:15	buy	618	2.20	1.08463	1.08268	1.08951	0.00	12281.49
1501	2024.02.29 17:52	s/l	618	2.20	1.08268	1.08268	1.08951	-429.00	11852.49
1502	2024.04.17 16:15	buy	619	1.51	1.06450	1.06294	1.06840	0.00	11852.49
1503	2024.04.17 20:58	modify	619	1.51	1.06450	1.06460	1.06840	0.00	11852.49
1504	2024.04.18 09:04	t/p	619	1.51	1.06840	1.06460	1.06840	551.10	12403.59
1505	2024.05.29 16:15	sell	620	4.59	1.08387	1.08576	1.07915	0.00	12403.59
1506	2024.05.29 18:31	modify	620	4.59	1.08387	1.08377	1.07915	0.00	12403.59
1507	2024.05.30 08:23	t/p	620	4.59	1.07915	1.08377	1.07915	2201.40	14604.99
1508	2024.07.08 09:45	buy	621	3.65	1.08286	1.08126	1.08686	0.00	14604.99
1509	2024.07.09 14:39	s/l	621	3.65	1.08126	1.08126	1.08686	-614.46	13990.53
1510	2024.07.25 16:30	sell	622	0.84	1.08402	1.08567	1.07990	0.00	13990.53
1511	2024.07.25 17:50	s/l	622	0.84	1.08567	1.08567	1.07990	-138.60	13851.93
1512	2024.07.31 15:30	buy	623	1.59	1.08404	1.08230	1.08839	0.00	13851.93
1513	2024.07.31 17:47	s/l	623	1.59	1.08230	1.08230	1.08839	-276.66	13575.27
1514	2024.08.01 16:15	sell	624	0.64	1.07890	1.08102	1.07360	0.00	13575.27
1515	2024.08.01 17:00	s/l	624	0.64	1.08102	1.08102	1.07360	-135.68	13439.59
1516	2024.08.22 11:15	buy	625	0.65	1.11458	1.11253	1.11971	0.00	13439.59
1517	2024.08.22 16:45	s/l	625	0.65	1.11253	1.11253	1.11971	-133.25	13306.34
1518	2024.08.22 16:45	sell	626	0.63	1.11224	1.11433	1.10702	0.00	13306.34
1519	2024.08.23 17:04	s/l	626	0.63	1.11433	1.11433	1.10702	-130.07	13176.27
1520	2024.08.28 11:30	sell	627	1.53	1.11438	1.11610	1.11008	0.00	13176.27
1521	2024.08.28 14:57	modify	627	1.53	1.11438	1.11428	1.11008	0.00	13176.27
1522	2024.08.29 11:04	t/p	627	1.53	1.11008	1.11428	1.11008	669.54	13845.81
1523	2024.09.24 15:15	buy	628	5.60	1.11373	1.11200	1.11806	0.00	13845.81
1524	2024.09.24 17:28	modify	628	5.60	1.11373	1.11383	1.11806	0.00	13845.81
1525	2024.09.24 23:56	t/p	628	5.60	1.11806	1.11383	1.11806	2424.80	16270.61
1526	2024.09.26 16:15	sell	629	1.40	1.11409	1.11640	1.10832	0.00	16270.61
1527	2024.09.26 17:43	s/l	629	1.40	1.11640	1.11640	1.10832	-323.40	15947.21
1528	2024.10.24 16:15	buy	630	1.02	1.08021	1.07865	1.08411	0.00	15947.21
1529	2024.10.24 21:50	modify	630	1.02	1.08021	1.08031	1.08411	0.00	15947.21
1530	2024.10.25 19:50	s/l	630	1.02	1.08031	1.08031	1.08411	1.69	15948.90
1531	2024.10.30 15:45	buy	631	5.19	1.08308	1.08093	1.08846	0.00	15948.90
1532	2024.10.30 17:44	modify	631	5.19	1.08308	1.08318	1.08846	0.00	15948.90
1533	2024.10.31 14:41	t/p	631	5.19	1.08846	1.08318	1.08846	2662.30	18611.20
1534	2024.10.31 16:30	buy	632	1.69	1.08715	1.08495	1.09265	0.00	18611.20
1535	2024.10.31 17:51	s/l	632	1.69	1.08495	1.08495	1.09265	-371.80	18239.40
1536	2024.11.13 16:30	sell	633	1.76	1.06206	1.06413	1.05689	0.00	18239.40
1537	2024.11.13 16:52	modify	633	1.76	1.06206	1.06196	1.05689	0.00	18239.40
1538	2024.11.13 17:06	t/p	633	1.76	1.05689	1.06196	1.05689	909.92	19149.32
1539	2024.11.18 15:30	buy	634	7.48	1.05572	1.05393	1.06020	0.00	19149.32
1540	2024.11.18 18:58	modify	634	7.48	1.05572	1.05582	1.06020	0.00	19149.32
1541	2024.11.18 21:06	t/p	634	7.48	1.06020	1.05582	1.06020	3351.04	22500.36
1542	2024.11.21 16:15	sell	635	2.72	1.05245	1.05410	1.04833	0.00	22500.36
1543	2024.11.21 17:08	s/l	635	2.72	1.05410	1.05410	1.04833	-448.80	22051.56
1544	2024.11.26 10:00	sell	636	2.84	1.04719	1.04874	1.04332	0.00	22051.56
1545	2024.11.26 10:21	s/l	636	2.84	1.04874	1.04874	1.04332	-440.20	21611.36
1546	2024.11.28 16:45	buy	637	1.43	1.05445	1.05294	1.05823	0.00	21611.36
1547	2024.11.29 02:36	modify	637	1.43	1.05445	1.05455	1.05823	0.00	21611.36
1548	2024.11.29 09:00	t/p	637	1.43	1.05823	1.05455	1.05823	528.61	22139.97
1549	2024.12.02 09:15	sell	638	7.14	1.05174	1.05391	1.04632	0.00	22139.97
1550	2024.12.02 16:42	modify	638	7.14	1.05174	1.05164	1.04632	0.00	22139.97
1551	2024.12.02 17:02	t/p	638	7.14	1.04632	1.05164	1.04632	3869.88	26009.85
1552	2024.12.03 16:00	buy	639	6.79	1.05244	1.05091	1.05627	0.00	26009.85
1553	2024.12.03 17:00	s/l	639	6.79	1.05091	1.05091	1.05627	-1038.87	24970.98
1554	2024.12.04 10:45	sell	640	2.65	1.04980	1.05168	1.04510	0.00	24970.98
1555	2024.12.04 17:00	s/l	640	2.65	1.05168	1.05168	1.04510	-498.20	24472.78
1556	2024.12.05 11:45	buy	641	1.62	1.05342	1.05191	1.05720	0.00	24472.78
1557	2024.12.05 15:30	modify	641	1.62	1.05342	1.05352	1.05720	0.00	24472.78
1558	2024.12.05 16:00	t/p	641	1.62	1.05720	1.05352	1.05720	612.36	25085.14
1559	2025.01.02 11:45	sell	642	5.35	1.03557	1.03721	1.03147	0.00	25085.14
1560	2025.01.02 12:48	modify	642	5.35	1.03557	1.03547	1.03147	0.00	25085.14
1561	2025.01.02 12:49	t/p	642	5.35	1.03147	1.03547	1.03147	2193.50	27278.64
1562	2025.01.14 16:30	buy	643	4.58	1.02652	1.02414	1.03247	0.00	27278.64
1563	2025.01.14 18:16	modify	643	4.58	1.02652	1.02662	1.03247	0.00	27278.64
1564	2025.01.15 15:30	t/p	643	4.58	1.03247	1.02662	1.03247	2686.88	29965.53
1565	2025.01.27 09:45	buy	644	6.51	1.04703	1.04519	1.05163	0.00	29965.53
1566	2025.01.27 12:05	modify	644	6.51	1.04703	1.04713	1.05163	0.00	29965.53
1567	2025.01.27 13:13	t/p	644	6.51	1.05163	1.04713	1.05163	2994.60	32960.13
1568	2025.01.30 11:15	sell	645	4.04	1.04097	1.04260	1.03690	0.00	32960.13
1569	2025.01.30 15:53	s/l	645	4.04	1.04260	1.04260	1.03690	-658.52	32301.61
1570	2025.02.04 15:15	buy	646	4.19	1.03361	1.03207	1.03746	0.00	32301.61
1571	2025.02.04 16:18	modify	646	4.19	1.03361	1.03371	1.03746	0.00	32301.61
1572	2025.02.04 17:00	t/p	646	4.19	1.03746	1.03371	1.03746	1613.15	33914.76
1573	2025.02.10 14:00	sell	647	15.21	1.03204	1.03360	1.02814	0.00	33914.76
1574	2025.02.11 04:34	modify	647	15.21	1.03204	1.03194	1.02814	0.00	33914.76
1575	2025.02.11 10:57	s/l	647	15.21	1.03194	1.03194	1.02814	190.67	34105.43
1576	2025.02.26 10:30	buy	648	6.92	1.05093	1.04896	1.05586	0.00	34105.43
1577	2025.02.26 13:50	s/l	648	6.92	1.04896	1.04896	1.05586	-1363.24	32742.19
1578	2025.03.12 16:45	buy	649	2.75	1.09028	1.08790	1.09623	0.00	32742.19
1579	2025.03.13 08:07	s/l	649	2.75	1.08790	1.08790	1.09623	-723.34	32018.85
1580	2025.03.13 09:45	sell	650	1.28	1.08621	1.08870	1.07999	0.00	32018.85
1581	2025.03.13 15:12	modify	650	1.28	1.08621	1.08611	1.07999	0.00	32018.85
1582	2025.03.13 16:03	s/l	650	1.28	1.08611	1.08611	1.07999	12.80	32031.65
1583	2025.03.17 15:00	buy	651	13.67	1.09018	1.08854	1.09428	0.00	32031.65
1584	2025.03.17 17:25	modify	651	13.67	1.09018	1.09028	1.09428	0.00	32031.65
1585	2025.03.18 10:11	t/p	651	13.67	1.09428	1.09028	1.09428	5490.64	37522.29
1586	2025.03.19 15:00	sell	652	8.77	1.09014	1.09185	1.08587	0.00	37522.29
1587	2025.03.19 17:58	modify	652	8.77	1.09014	1.09004	1.08587	0.00	37522.29
1588	2025.03.19 20:36	s/l	652	8.77	1.09004	1.09004	1.08587	87.70	37609.99
1589	2025.03.24 14:00	sell	653	7.91	1.08320	1.08510	1.07845	0.00	37609.99
1590	2025.03.24 15:51	modify	653	7.91	1.08320	1.08310	1.07845	0.00	37609.99
1591	2025.03.24 18:41	t/p	653	7.91	1.07845	1.08310	1.07845	3757.25	41367.24
1592	2025.03.25 16:15	sell	654	7.35	1.08051	1.08276	1.07489	0.00	41367.24
1593	2025.03.26 15:29	modify	654	7.35	1.08051	1.08041	1.07489	0.00	41367.24
1594	2025.03.26 21:17	t/p	654	7.35	1.07489	1.08041	1.07489	4149.34	45516.58
1595	2025.03.27 15:45	buy	655	4.27	1.07959	1.07746	1.08492	0.00	45516.58
1596	2025.03.28 11:03	s/l	655	4.27	1.07746	1.07746	1.08492	-945.14	44571.44
1597	2025.03.31 14:15	buy	656	4.95	1.08255	1.08075	1.08705	0.00	44571.44
1598	2025.03.31 15:42	s/l	656	4.95	1.08075	1.08075	1.08705	-891.00	43680.44
1599	2025.04.17 10:45	buy	657	2.27	1.13697	1.13505	1.14177	0.00	43680.44
1600	2025.04.17 15:16	s/l	657	2.27	1.13505	1.13505	1.14177	-435.84	43244.60
1601	2025.04.17 15:16	sell	658	2.06	1.13502	1.13711	1.12980	0.00	43244.60
1602	2025.04.17 16:05	s/l	658	2.06	1.13711	1.13711	1.12980	-430.54	42814.06
1603	2025.04.29 10:45	buy	659	4.19	1.14052	1.13848	1.14562	0.00	42814.06
1604	2025.04.29 11:13	s/l	659	4.19	1.13848	1.13848	1.14562	-854.76	41959.30
1605	2025.04.29 15:30	buy	660	4.51	1.13862	1.13676	1.14327	0.00	41959.30
1606	2025.04.29 16:18	modify	660	4.51	1.13862	1.13872	1.14327	0.00	41959.30
1607	2025.04.29 17:47	s/l	660	4.51	1.13872	1.13872	1.14327	45.10	42004.40
1608	2025.04.30 10:30	sell	661	13.86	1.13797	1.14009	1.13267	0.00	42004.40
1609	2025.04.30 18:21	modify	661	13.86	1.13797	1.13787	1.13267	0.00	42004.40
1610	2025.04.30 18:30	t/p	661	13.86	1.13267	1.13787	1.13267	7345.80	49350.20
1611	2025.05.01 15:00	sell	662	4.32	1.13197	1.13425	1.12627	0.00	49350.20
1612	2025.05.01 17:20	modify	662	4.32	1.13197	1.13187	1.12627	0.00	49350.20
1613	2025.05.02 09:10	s/l	662	4.32	1.13187	1.13187	1.12627	54.16	49404.36
1614	2025.05.14 09:30	buy	663	11.69	1.11946	1.11777	1.12369	0.00	49404.36
1615	2025.05.14 11:03	modify	663	11.69	1.11946	1.11956	1.12369	0.00	49404.36
1616	2025.05.14 11:07	t/p	663	11.69	1.12369	1.11956	1.12369	4944.87	54349.23
1617	2025.05.15 09:30	buy	664	4.41	1.12077	1.11831	1.12692	0.00	54349.23
1618	2025.05.15 14:34	s/l	664	4.41	1.11831	1.11831	1.12692	-1084.86	53264.37
1619	2025.05.22 15:45	sell	665	2.23	1.12926	1.13164	1.12331	0.00	53264.37
1620	2025.05.22 20:28	modify	665	2.23	1.12926	1.12916	1.12331	0.00	53264.37
1621	2025.05.23 03:24	s/l	665	2.23	1.12916	1.12916	1.12331	27.96	53292.32
1622	2025.05.27 09:15	buy	666	16.29	1.13874	1.13645	1.14447	0.00	53292.32
1623	2025.05.27 09:59	s/l	666	16.29	1.13645	1.13645	1.14447	-3730.41	49561.91
1624	2025.05.28 14:00	sell	667	5.90	1.13254	1.13422	1.12834	0.00	49561.91
1625	2025.05.28 16:11	modify	667	5.90	1.13254	1.13244	1.12834	0.00	49561.91
1626	2025.05.29 02:10	t/p	667	5.90	1.12834	1.13244	1.12834	2522.89	52084.80
1627	2025.06.05 10:15	buy	668	11.99	1.14189	1.14037	1.14569	0.00	52084.80
1628	2025.06.05 15:30	modify	668	11.99	1.14189	1.14199	1.14569	0.00	52084.80
1629	2025.06.05 15:50	s/l	668	11.99	1.14199	1.14199	1.14569	119.90	52204.70
1630	2025.06.10 10:00	sell	669	9.40	1.13940	1.14162	1.13385	0.00	52204.70
1631	2025.06.10 12:41	s/l	669	9.40	1.14162	1.14162	1.13385	-2086.80	50117.90
1632	2025.06.16 08:15	buy	670	6.22	1.15458	1.15297	1.15861	0.00	50117.90
1633	2025.06.16 09:51	modify	670	6.22	1.15458	1.15468	1.15861	0.00	50117.90
1634	2025.06.16 16:00	t/p	670	6.22	1.15861	1.15468	1.15861	2506.66	52624.56
1635	2025.06.18 11:30	sell	671	23.76	1.15033	1.15188	1.14646	0.00	52624.56
1636	2025.06.18 17:04	s/l	671	23.76	1.15188	1.15188	1.14646	-3682.80	48941.76
1637	2025.07.09 10:45	sell	672	4.86	1.17098	1.17299	1.16596	0.00	48941.76
1638	2025.07.10 02:39	s/l	672	4.86	1.17299	1.17299	1.16596	-939.89	48001.87
1639	2025.07.17 09:15	sell	673	2.51	1.16080	1.16271	1.15603	0.00	48001.87
1640	2025.07.17 09:30	modify	673	2.51	1.16080	1.16070	1.15603	0.00	48001.87
1641	2025.07.17 15:30	t/p	673	2.51	1.15603	1.16070	1.15603	1197.27	49199.14
1642	2025.07.22 16:45	buy	674	15.17	1.16990	1.16763	1.17558	0.00	49199.14
1643	2025.07.22 18:16	modify	674	15.17	1.16990	1.17000	1.17558	0.00	49199.14
1644	2025.07.22 19:07	t/p	674	15.17	1.17558	1.17000	1.17558	8616.56	57815.70
1645	2025.08.21 16:45	sell	675	6.42	1.16334	1.16514	1.15884	0.00	57815.70
1646	2025.08.21 17:45	modify	675	6.42	1.16334	1.16324	1.15884	0.00	57815.70
1647	2025.08.22 07:21	t/p	675	6.42	1.15884	1.16324	1.15884	2905.28	60720.98
1648	2025.08.26 09:15	sell	676	15.08	1.16297	1.16458	1.15895	0.00	60720.98
1649	2025.08.26 10:12	modify	676	15.08	1.16297	1.16287	1.15895	0.00	60720.98
1650	2025.08.26 12:12	s/l	676	15.08	1.16287	1.16287	1.15895	150.80	60871.78
1651	2025.09.03 15:45	sell	677	16.12	1.16452	1.16603	1.16075	0.00	60871.78
1652	2025.09.03 17:00	s/l	677	16.12	1.16603	1.16603	1.16075	-2434.12	58437.66
1653	2025.09.29 15:00	buy	678	5.24	1.17293	1.17070	1.17851	0.00	58437.66
1654	2025.10.01 08:00	modify	678	5.24	1.17293	1.17303	1.17851	0.00	58437.66
1655	2025.10.01 13:02	s/l	678	5.24	1.17303	1.17303	1.17851	-35.05	58402.62
1656	2025.10.01 15:15	sell	679	6.18	1.17234	1.17423	1.16762	0.00	58402.62
1657	2025.10.01 15:15	s/l	679	6.18	1.17423	1.17423	1.16762	-1168.02	57234.60
1658	2025.10.01 15:15	buy	680	5.45	1.17423	1.17213	1.17948	0.00	57234.60
1659	2025.10.01 18:20	s/l	680	5.45	1.17213	1.17213	1.17948	-1144.50	56090.10
1660	2025.10.02 10:15	buy	681	2.87	1.17516	1.17321	1.18004	0.00	56090.10
1661	2025.10.02 16:39	s/l	681	2.87	1.17321	1.17321	1.18004	-559.65	55530.45
1662	2025.10.02 16:39	sell	682	4.11	1.17321	1.17456	1.16984	0.00	55530.45
1663	2025.10.02 17:11	modify	682	4.11	1.17321	1.17311	1.16984	0.00	55530.45
1664	2025.10.02 18:15	t/p	682	4.11	1.16984	1.17311	1.16984	1385.07	56915.52
1665	2025.10.09 09:15	sell	683	3.28	1.16299	1.16472	1.15867	0.00	56915.52
1666	2025.10.09 11:35	modify	683	3.28	1.16299	1.16289	1.15867	0.00	56915.52
1667	2025.10.09 17:22	t/p	683	3.28	1.15867	1.16289	1.15867	1416.96	58332.48
1668	2025.10.14 09:30	sell	684	19.91	1.15710	1.15915	1.15198	0.00	58332.48
1669	2025.10.14 17:40	s/l	684	19.91	1.15915	1.15915	1.15198	-4081.55	54250.93
1670	2025.10.15 16:45	buy	685	5.74	1.16272	1.16083	1.16745	0.00	54250.93
1671	2025.10.16 03:27	modify	685	5.74	1.16272	1.16282	1.16745	0.00	54250.93
1672	2025.10.16 04:51	t/p	685	5.74	1.16745	1.16282	1.16745	2571.34	56822.27
1673	2025.10.27 10:45	buy	686	24.85	1.16315	1.16155	1.16715	0.00	56822.27
1674	2025.10.28 02:20	modify	686	24.85	1.16315	1.16325	1.16715	0.00	56822.27
1675	2025.10.28 15:07	s/l	686	24.85	1.16325	1.16325	1.16715	41.15	56863.42
1676	2025.10.28 16:30	buy	687	9.51	1.16557	1.16318	1.17155	0.00	56863.42
1677	2025.10.29 06:55	s/l	687	9.51	1.16318	1.16318	1.17155	-2352.24	54511.18
1678	2025.10.29 06:55	sell	688	27.60	1.16318	1.16397	1.16121	0.00	54511.18
1679	2025.10.29 11:11	modify	688	27.60	1.16318	1.16308	1.16121	0.00	54511.18
1680	2025.10.29 11:32	s/l	688	27.60	1.16308	1.16308	1.16121	276.00	54787.18
1681	2025.11.10 09:45	buy	689	5.73	1.15705	1.15514	1.16183	0.00	54787.18
1682	2025.11.10 17:41	s/l	689	5.73	1.15514	1.15514	1.16183	-1094.43	53692.75
1683	2025.11.19 15:45	sell	690	5.90	1.15749	1.15931	1.15294	0.00	53692.75
1684	2025.11.19 17:10	modify	690	5.90	1.15749	1.15739	1.15294	0.00	53692.75
1685	2025.11.19 19:26	t/p	690	5.90	1.15294	1.15739	1.15294	2684.50	56377.25
1686	2025.12.01 09:30	buy	691	20.77	1.16082	1.15892	1.16557	0.00	56377.25
1687	2025.12.01 14:37	modify	691	20.77	1.16082	1.16092	1.16557	0.00	56377.25
1688	2025.12.01 21:11	s/l	691	20.77	1.16092	1.16092	1.16557	207.70	56584.95
1689	2025.12.16 16:00	buy	692	10.82	1.17758	1.17549	1.18281	0.00	56584.95
1690	2025.12.16 20:07	s/l	692	10.82	1.17549	1.17549	1.18281	-2261.38	54323.57
1691	2025.12.24 11:00	buy	693	4.96	1.17995	1.17776	1.18543	0.00	54323.57
1692	2025.12.24 16:55	s/l	693	4.96	1.17776	1.17776	1.18543	-1086.24	53237.33
1693	2026.01.12 15:15	buy	694	6.33	1.16925	1.16757	1.17345	0.00	53237.33
1694	2026.01.12 16:29	s/l	694	6.33	1.16757	1.16757	1.17345	-1063.44	52173.89
1695	2026.01.12 16:29	sell	695	4.20	1.16757	1.17005	1.16137	0.00	52173.89
1696	2026.01.13 18:14	modify	695	4.20	1.16757	1.16747	1.16137	0.00	52173.89
1697	2026.01.15 15:30	t/p	695	4.20	1.16137	1.16747	1.16137	2657.26	54831.14
1698	2026.01.19 09:15	buy	696	6.37	1.16400	1.16228	1.16830	0.00	54831.14
1699	2026.01.19 10:07	s/l	696	6.37	1.16228	1.16228	1.16830	-1095.64	53735.50
1700	2026.01.19 10:07	sell	697	5.59	1.16228	1.16420	1.15748	0.00	53735.50
1701	2026.01.19 16:49	s/l	697	5.59	1.16420	1.16420	1.15748	-1073.28	52662.22
1702	2026.01.29 15:00	buy	698	2.86	1.19613	1.19429	1.20073	0.00	52662.22
1703	2026.01.29 15:49	s/l	698	2.86	1.19429	1.19429	1.20073	-526.24	52135.98
1704	2026.02.04 16:15	sell	699	5.21	1.18076	1.18276	1.17576	0.00	52135.98
1705	2026.02.05 23:02	modify	699	5.21	1.18076	1.18066	1.17576	0.00	52135.98
1706	2026.02.06 15:49	s/l	699	5.21	1.18066	1.18066	1.17576	104.95	52240.93
1707	2026.02.18 16:00	sell	700	14.92	1.18236	1.18481	1.17624	0.00	52240.93
1708	2026.02.18 20:47	modify	700	14.92	1.18236	1.18226	1.17624	0.00	52240.93
1709	2026.02.19 15:04	t/p	700	14.92	1.17624	1.18226	1.17624	9244.55	61485.48
1710	2026.02.25 16:00	sell	701	13.08	1.17734	1.17922	1.17264	0.00	61485.48
1711	2026.02.25 17:07	s/l	701	13.08	1.17922	1.17922	1.17264	-2459.04	59026.44
1712	2026.03.17 09:15	buy	702	7.37	1.14885	1.14725	1.15285	0.00	59026.44
1713	2026.03.17 10:48	modify	702	7.37	1.14885	1.14895	1.15285	0.00	59026.44
1714	2026.03.17 15:00	t/p	702	7.37	1.15285	1.14895	1.15285	2948.00	61974.44
