1	2010.01.19 09:15	sell	1	1.01	1.43931	1.44128	1.43439	0.00	10000.00
2	2010.01.19 10:45	modify	1	1.01	1.43931	1.43921	1.43439	0.00	10000.00
3	2010.01.19 11:00	t/p	1	1.01	1.43439	1.43921	1.43439	496.92	10496.92
4	2010.02.15 14:00	sell	2	4.05	1.36095	1.36276	1.35643	0.00	10496.92
5	2010.02.15 16:47	modify	2	4.05	1.36095	1.36085	1.35643	0.00	10496.92
6	2010.02.15 17:39	s/l	2	4.05	1.36085	1.36085	1.35643	40.50	10537.42
7	2010.02.16 11:30	buy	3	1.80	1.36601	1.36368	1.37184	0.00	10537.42
8	2010.02.16 12:40	sell	4	3.60	1.36424	1.36601	1.36368	0.00	10537.42
9	2010.02.16 13:05	s/l	4	3.60	1.36601	1.36601	1.36368	-637.20	9900.22
10	2010.02.16 13:37	sell	5	3.60	1.36423	1.36601	1.36368	0.00	9900.22
11	2010.02.16 13:38	s/l	3	1.80	1.36368	1.36368	1.37184	-419.40	9480.82
12	2010.02.16 13:38	t/p	5	3.60	1.36368	1.36601	1.36368	198.00	9678.82
13	2010.03.08 15:00	buy	6	1.07	1.36653	1.36473	1.37103	0.00	9678.82
14	2010.03.08 16:32	s/l	6	1.07	1.36473	1.36473	1.37103	-192.60	9486.22
15	2010.03.10 08:00	sell	7	0.88	1.35826	1.36040	1.35291	0.00	9486.22
16	2010.03.10 09:00	modify	7	0.88	1.35826	1.35816	1.35291	0.00	9486.22
17	2010.03.10 10:14	s/l	7	0.88	1.35816	1.35816	1.35291	8.80	9495.02
18	2010.03.10 15:00	buy	8	2.99	1.36154	1.35932	1.36709	0.00	9495.02
19	2010.03.10 16:52	modify	8	2.99	1.36154	1.36164	1.36709	0.00	9495.02
20	2010.03.10 17:03	t/p	8	2.99	1.36709	1.36164	1.36709	1659.45	11154.47
21	2010.03.11 09:30	buy	9	1.15	1.36425	1.36232	1.36908	0.00	11154.47
22	2010.03.11 14:30	modify	9	1.15	1.36425	1.36435	1.36908	0.00	11154.47
23	2010.03.11 14:44	s/l	9	1.15	1.36435	1.36435	1.36908	11.50	11165.97
24	2010.03.16 08:00	sell	10	2.50	1.36831	1.37009	1.36386	0.00	11165.97
25	2010.03.16 11:00	buy	11	5.00	1.36967	1.36831	1.37009	0.00	11165.97
26	2010.03.16 11:00	s/l	10	2.50	1.37009	1.37009	1.36386	-445.00	10720.97
27	2010.03.16 11:00	t/p	11	5.00	1.37009	1.36831	1.37009	210.00	10930.97
28	2010.04.05 08:00	sell	12	1.12	1.34992	1.35186	1.34507	0.00	10930.97
29	2010.04.05 08:34	modify	12	1.12	1.34992	1.34982	1.34507	0.00	10930.97
30	2010.04.05 15:14	s/l	12	1.12	1.34982	1.34982	1.34507	11.20	10942.17
31	2010.06.30 09:45	sell	13	3.81	1.22160	1.22361	1.21658	0.00	10942.17
32	2010.06.30 10:14	buy	14	7.62	1.22311	1.22160	1.22361	0.00	10942.17
33	2010.06.30 10:37	s/l	14	7.62	1.22160	1.22160	1.22361	-1150.62	9791.55
34	2010.06.30 11:17	buy	15	7.62	1.22313	1.22160	1.22361	0.00	9791.55
35	2010.06.30 11:17	s/l	13	3.81	1.22361	1.22361	1.21658	-765.81	9025.74
36	2010.06.30 11:17	t/p	15	7.62	1.22361	1.22160	1.22361	365.76	9391.50
37	2010.08.18 09:45	sell	16	0.90	1.28290	1.28497	1.27773	0.00	9391.50
38	2010.08.18 09:51	s/l	16	0.90	1.28497	1.28497	1.27773	-186.30	9205.20
39	2010.08.30 08:15	buy	17	0.93	1.27451	1.27254	1.27944	0.00	9205.20
40	2010.08.30 08:58	s/l	17	0.93	1.27254	1.27254	1.27944	-183.21	9021.99
41	2010.08.30 08:58	sell	18	0.79	1.27253	1.27481	1.26683	0.00	9021.99
42	2010.08.30 14:20	modify	18	0.79	1.27253	1.27243	1.26683	0.00	9021.99
43	2010.08.30 18:29	t/p	18	0.79	1.26683	1.27243	1.26683	450.30	9472.29
44	2010.09.01 10:00	buy	19	0.88	1.27200	1.26987	1.27733	0.00	9472.29
45	2010.09.01 10:44	modify	19	0.88	1.27200	1.27210	1.27733	0.00	9472.29
46	2010.09.01 11:27	t/p	19	0.88	1.27733	1.27210	1.27733	469.04	9941.33
47	2010.09.06 15:00	buy	20	3.41	1.28850	1.28646	1.29360	0.00	9941.33
48	2010.09.07 00:41	sell	21	6.82	1.28697	1.28850	1.28646	0.00	9941.33
49	2010.09.07 01:04	s/l	20	3.41	1.28646	1.28646	1.29360	-724.09	9217.24
50	2010.09.07 01:04	t/p	21	6.82	1.28646	1.28850	1.28646	347.82	9565.06
51	2010.09.20 08:45	buy	22	0.94	1.30852	1.30650	1.31357	0.00	9565.06
52	2010.09.20 09:35	modify	22	0.94	1.30852	1.30862	1.31357	0.00	9565.06
53	2010.09.20 13:57	s/l	22	0.94	1.30862	1.30862	1.31357	9.40	9574.46
54	2010.12.22 08:30	sell	23	3.52	1.31303	1.31493	1.30828	0.00	9574.46
55	2010.12.22 09:13	buy	24	7.04	1.31446	1.31303	1.31493	0.00	9574.46
56	2010.12.22 10:04	s/l	24	7.04	1.31303	1.31303	1.31493	-1006.72	8567.74
57	2010.12.22 10:39	buy	25	7.04	1.31447	1.31303	1.31493	0.00	8567.74
58	2010.12.22 10:43	s/l	23	3.52	1.31493	1.31493	1.30828	-668.80	7898.94
59	2010.12.22 10:43	t/p	25	7.04	1.31493	1.31303	1.31493	323.84	8222.78
60	2010.12.27 15:00	buy	26	0.71	1.31514	1.31285	1.32087	0.00	8222.78
61	2010.12.27 19:01	s/l	26	0.71	1.31285	1.31285	1.32087	-162.59	8060.19
62	2010.12.29 11:30	sell	27	0.67	1.31229	1.31468	1.30632	0.00	8060.19
63	2010.12.29 17:33	s/l	27	0.67	1.31468	1.31468	1.30632	-160.13	7900.06
64	2011.02.09 09:30	buy	28	0.65	1.36507	1.36265	1.37112	0.00	7900.06
65	2011.02.09 11:48	s/l	28	0.65	1.36265	1.36265	1.37112	-157.30	7742.76
66	2011.03.08 08:30	buy	29	0.74	1.39830	1.39622	1.40350	0.00	7742.76
67	2011.03.08 08:39	s/l	29	0.74	1.39622	1.39622	1.40350	-153.92	7588.84
68	2011.03.08 08:39	sell	30	0.66	1.39622	1.39851	1.39050	0.00	7588.84
69	2011.03.08 09:34	modify	30	0.66	1.39622	1.39612	1.39050	0.00	7588.84
70	2011.03.08 13:23	t/p	30	0.66	1.39050	1.39612	1.39050	377.52	7966.36
71	2011.03.23 10:15	sell	31	0.70	1.41753	1.41980	1.41186	0.00	7966.36
72	2011.03.23 11:15	s/l	31	0.70	1.41980	1.41980	1.41186	-158.90	7807.46
73	2011.03.23 11:15	buy	32	0.65	1.41980	1.41740	1.42580	0.00	7807.46
74	2011.03.23 12:16	s/l	32	0.65	1.41740	1.41740	1.42580	-156.00	7651.46
75	2011.03.30 08:15	sell	33	0.90	1.40821	1.40990	1.40399	0.00	7651.46
76	2011.03.30 10:08	s/l	33	0.90	1.40990	1.40990	1.40399	-152.10	7499.36
77	2011.04.05 08:15	sell	34	0.98	1.41931	1.42083	1.41551	0.00	7499.36
78	2011.04.05 08:30	modify	34	0.98	1.41931	1.41921	1.41551	0.00	7499.36
79	2011.04.05 09:18	s/l	34	0.98	1.41921	1.41921	1.41551	9.80	7509.16
80	2011.04.12 08:15	sell	35	3.20	1.43919	1.44083	1.43509	0.00	7509.16
81	2011.04.12 09:10	buy	36	6.40	1.44045	1.43919	1.44083	0.00	7509.16
82	2011.04.12 09:11	s/l	35	3.20	1.44083	1.44083	1.43509	-524.80	6984.36
83	2011.04.12 09:11	t/p	36	6.40	1.44083	1.43919	1.44083	243.20	7227.56
84	2011.08.22 08:30	sell	37	0.93	1.43580	1.43735	1.43193	0.00	7227.56
85	2011.08.22 09:07	s/l	37	0.93	1.43735	1.43735	1.43193	-144.15	7083.41
86	2011.08.24 08:15	buy	38	0.61	1.44161	1.43930	1.44739	0.00	7083.41
87	2011.08.24 10:00	s/l	38	0.61	1.43930	1.43930	1.44739	-140.91	6942.50
88	2011.09.08 10:30	sell	39	0.35	1.40645	1.40843	1.40150	0.00	6942.50
89	2011.09.08 12:49	modify	39	0.35	1.40645	1.40635	1.40150	0.00	6942.50
90	2011.09.08 13:35	t/p	39	0.35	1.40150	1.40635	1.40150	173.25	7115.75
91	2011.12.08 08:15	buy	40	1.42	1.34176	1.34001	1.34614	0.00	7115.75
92	2011.12.08 10:01	sell	41	2.84	1.34042	1.34176	1.34001	0.00	7115.75
93	2011.12.08 10:05	s/l	40	1.42	1.34001	1.34001	1.34614	-248.50	6867.25
94	2011.12.08 10:05	t/p	41	2.84	1.34001	1.34176	1.34001	116.44	6983.69
95	2011.12.19 08:45	sell	42	0.71	1.30068	1.30264	1.29578	0.00	6983.69
96	2011.12.19 09:07	s/l	42	0.71	1.30264	1.30264	1.29578	-139.16	6844.53
97	2011.12.19 15:15	sell	43	0.65	1.30218	1.30428	1.29693	0.00	6844.53
98	2011.12.19 21:54	modify	43	0.65	1.30218	1.30208	1.29693	0.00	6844.53
99	2011.12.20 09:35	s/l	43	0.65	1.30208	1.30208	1.29693	8.15	6852.68
100	2012.03.07 08:00	sell	44	3.07	1.31391	1.31547	1.31001	0.00	6852.68
101	2012.03.07 11:21	buy	45	6.14	1.31509	1.31391	1.31547	0.00	6852.68
102	2012.03.07 11:22	s/l	44	3.07	1.31547	1.31547	1.31001	-478.92	6373.76
103	2012.03.07 11:22	t/p	45	6.14	1.31547	1.31391	1.31547	233.32	6607.08
104	2012.03.08 09:00	buy	46	0.42	1.31786	1.31631	1.32174	0.00	6607.08
105	2012.03.08 10:31	modify	46	0.42	1.31786	1.31796	1.32174	0.00	6607.08
106	2012.03.08 10:36	t/p	46	0.42	1.32174	1.31796	1.32174	162.96	6770.04
107	2012.03.29 08:15	buy	47	1.14	1.33281	1.33074	1.33799	0.00	6770.04
108	2012.03.29 11:02	sell	48	2.28	1.33124	1.33281	1.33074	0.00	6770.04
109	2012.03.29 11:06	s/l	47	1.14	1.33074	1.33074	1.33799	-235.98	6534.06
110	2012.03.29 11:06	t/p	48	2.28	1.33074	1.33281	1.33074	114.00	6648.06
111	2012.04.03 08:15	buy	49	0.67	1.33466	1.33269	1.33959	0.00	6648.06
112	2012.04.03 13:16	s/l	49	0.67	1.33269	1.33269	1.33959	-131.99	6516.07
113	2012.04.09 15:15	sell	50	0.65	1.30563	1.30761	1.30068	0.00	6516.07
114	2012.04.09 16:31	s/l	50	0.65	1.30761	1.30761	1.30068	-128.70	6387.37
115	2012.04.09 16:31	buy	51	0.61	1.30761	1.30554	1.31279	0.00	6387.37
116	2012.04.09 18:33	modify	51	0.61	1.30761	1.30771	1.31279	0.00	6387.37
117	2012.04.09 18:59	t/p	51	0.61	1.31279	1.30771	1.31279	315.98	6703.35
118	2012.04.12 10:45	buy	52	0.26	1.31315	1.31066	1.31938	0.00	6703.35
119	2012.04.12 11:09	s/l	52	0.26	1.31066	1.31066	1.31938	-64.74	6638.61
120	2012.04.17 09:15	buy	53	0.60	1.31100	1.30879	1.31653	0.00	6638.61
121	2012.04.17 09:55	modify	53	0.60	1.31100	1.31110	1.31653	0.00	6638.61
122	2012.04.17 11:00	t/p	53	0.60	1.31653	1.31110	1.31653	331.80	6970.41
123	2012.04.18 14:45	sell	54	2.39	1.30804	1.31008	1.30294	0.00	6970.41
124	2012.04.18 15:52	buy	55	4.78	1.30959	1.30804	1.31008	0.00	6970.41
125	2012.04.18 16:35	s/l	54	2.39	1.31008	1.31008	1.30294	-487.56	6482.85
126	2012.04.18 16:35	t/p	55	4.78	1.31008	1.30804	1.31008	234.22	6717.07
127	2012.04.19 11:30	buy	56	0.36	1.31388	1.31203	1.31851	0.00	6717.07
128	2012.04.19 12:23	s/l	56	0.36	1.31203	1.31203	1.31851	-66.60	6650.47
129	2012.04.26 15:30	buy	57	0.30	1.32181	1.31963	1.32726	0.00	6650.47
130	2012.04.26 16:16	modify	57	0.30	1.32181	1.32191	1.32726	0.00	6650.47
131	2012.04.26 23:00	s/l	57	0.30	1.32191	1.32191	1.32726	3.00	6653.47
132	2012.05.10 10:15	sell	58	0.96	1.29446	1.29688	1.28841	0.00	6653.47
133	2012.05.10 14:08	buy	59	1.92	1.29628	1.29446	1.29688	0.00	6653.47
134	2012.05.10 15:12	s/l	58	0.96	1.29688	1.29688	1.28841	-232.32	6421.15
135	2012.05.10 15:12	t/p	59	1.92	1.29688	1.29446	1.29688	115.20	6536.35
136	2012.05.17 08:45	sell	60	0.30	1.27264	1.27480	1.26724	0.00	6536.35
137	2012.05.17 12:19	modify	60	0.30	1.27264	1.27254	1.26724	0.00	6536.35
138	2012.05.17 13:26	t/p	60	0.30	1.26724	1.27254	1.26724	162.00	6698.35
139	2012.05.22 09:15	buy	61	3.04	1.27961	1.27807	1.28346	0.00	6698.35
140	2012.05.22 10:42	sell	62	6.08	1.27844	1.27961	1.27807	0.00	6698.35
141	2012.05.22 10:43	s/l	61	3.04	1.27807	1.27807	1.28346	-468.16	6230.19
142	2012.05.22 10:43	t/p	62	6.08	1.27807	1.27961	1.27807	224.96	6455.15
143	2012.05.29 11:45	sell	63	0.55	1.25401	1.25635	1.24816	0.00	6455.15
144	2012.05.29 17:36	modify	63	0.55	1.25401	1.25391	1.24816	0.00	6455.15
145	2012.05.29 17:45	t/p	63	0.55	1.24816	1.25391	1.24816	321.75	6776.90
146	2012.06.19 08:30	sell	64	2.42	1.25960	1.26156	1.25470	0.00	6776.90
147	2012.06.19 09:06	buy	65	4.84	1.26111	1.25960	1.26156	0.00	6776.90
148	2012.06.19 09:16	s/l	64	2.42	1.26156	1.26156	1.25470	-474.32	6302.58
149	2012.06.19 09:16	t/p	65	4.84	1.26156	1.25960	1.26156	217.80	6520.38
150	2012.06.26 09:00	sell	66	0.56	1.25010	1.25240	1.24435	0.00	6520.38
151	2012.06.26 09:39	s/l	66	0.56	1.25240	1.25240	1.24435	-128.80	6391.58
152	2012.06.27 08:45	sell	67	0.82	1.24880	1.25035	1.24493	0.00	6391.58
153	2012.06.27 15:09	modify	67	0.82	1.24880	1.24870	1.24493	0.00	6391.58
154	2012.06.27 17:18	t/p	67	0.82	1.24493	1.24870	1.24493	317.34	6708.92
155	2012.07.11 10:15	sell	68	3.01	1.22620	1.22776	1.22230	0.00	6708.92
156	2012.07.11 10:40	buy	69	6.02	1.22738	1.22620	1.22776	0.00	6708.92
157	2012.07.11 10:41	s/l	68	3.01	1.22776	1.22776	1.22230	-469.56	6239.36
158	2012.07.11 10:41	t/p	69	6.02	1.22776	1.22620	1.22776	228.76	6468.12
159	2012.07.16 09:30	buy	70	0.71	1.22370	1.22188	1.22825	0.00	6468.12
160	2012.07.16 10:45	s/l	70	0.71	1.22188	1.22188	1.22825	-129.22	6338.90
161	2012.07.18 09:15	buy	71	0.78	1.22915	1.22754	1.23318	0.00	6338.90
162	2012.07.18 10:09	s/l	71	0.78	1.22754	1.22754	1.23318	-125.58	6213.32
163	2012.07.18 10:09	sell	72	0.60	1.22753	1.22960	1.22236	0.00	6213.32
164	2012.07.18 11:40	modify	72	0.60	1.22753	1.22743	1.22236	0.00	6213.32
165	2012.07.18 13:02	t/p	72	0.60	1.22236	1.22743	1.22236	310.20	6523.52
166	2012.07.31 09:45	buy	73	0.65	1.22778	1.22579	1.23276	0.00	6523.52
167	2012.07.31 10:05	s/l	73	0.65	1.22579	1.22579	1.23276	-129.35	6394.17
168	2012.07.31 11:00	sell	74	0.62	1.22571	1.22777	1.22056	0.00	6394.17
169	2012.07.31 11:56	s/l	74	0.62	1.22777	1.22777	1.22056	-127.72	6266.45
170	2012.07.31 11:56	buy	75	0.50	1.22777	1.22530	1.23395	0.00	6266.45
171	2012.07.31 14:51	modify	75	0.50	1.22777	1.22787	1.23395	0.00	6266.45
172	2012.07.31 15:13	s/l	75	0.50	1.22787	1.22787	1.23395	5.00	6271.45
173	2012.08.08 11:30	sell	76	0.56	1.23711	1.23933	1.23156	0.00	6271.45
174	2012.08.08 14:13	modify	76	0.56	1.23711	1.23701	1.23156	0.00	6271.45
175	2012.08.08 17:12	s/l	76	0.56	1.23701	1.23701	1.23156	5.60	6277.05
176	2012.08.09 09:15	sell	77	0.89	1.23620	1.23866	1.23005	0.00	6277.05
177	2012.08.09 12:03	modify	77	0.89	1.23620	1.23610	1.23005	0.00	6277.05
178	2012.08.09 13:24	t/p	77	0.89	1.23005	1.23610	1.23005	547.35	6824.40
179	2012.08.13 09:45	sell	78	1.45	1.22776	1.22964	1.22306	0.00	6824.40
180	2012.08.13 10:34	buy	79	2.90	1.22919	1.22776	1.22964	0.00	6824.40
181	2012.08.13 11:00	s/l	78	1.45	1.22964	1.22964	1.22306	-272.60	6551.80
182	2012.08.13 11:00	buy	80	1.78	1.22964	1.22817	1.23332	0.00	6551.80
183	2012.08.13 11:00	t/p	79	2.90	1.22964	1.22776	1.22964	130.50	6682.30
184	2012.08.13 11:20	modify	80	1.78	1.22964	1.22974	1.23332	0.00	6682.30
185	2012.08.13 12:58	t/p	80	1.78	1.23332	1.22974	1.23332	655.04	7337.34
186	2012.08.15 11:45	sell	81	0.87	1.23236	1.23403	1.22819	0.00	7337.34
187	2012.08.15 12:09	modify	81	0.87	1.23236	1.23226	1.22819	0.00	7337.34
188	2012.08.15 12:20	t/p	81	0.87	1.22819	1.23226	1.22819	362.79	7700.13
189	2012.08.20 08:15	buy	82	2.55	1.23483	1.23272	1.24011	0.00	7700.13
190	2012.08.20 12:01	sell	83	5.10	1.23324	1.23483	1.23272	0.00	7700.13
191	2012.08.20 12:02	s/l	82	2.55	1.23272	1.23272	1.24011	-538.05	7162.08
192	2012.08.20 12:02	t/p	83	5.10	1.23272	1.23483	1.23272	265.20	7427.28
193	2012.08.28 08:15	sell	84	0.91	1.24795	1.24957	1.24390	0.00	7427.28
194	2012.08.28 09:49	s/l	84	0.91	1.24957	1.24957	1.24390	-147.42	7279.86
195	2012.09.03 09:15	buy	85	0.76	1.25800	1.25609	1.26278	0.00	7279.86
196	2012.09.03 17:16	modify	85	0.76	1.25800	1.25810	1.26278	0.00	7279.86
197	2012.09.04 01:07	s/l	85	0.76	1.25810	1.25810	1.26278	1.26	7281.11
198	2012.10.02 08:30	buy	86	3.12	1.29130	1.28967	1.29538	0.00	7281.11
199	2012.10.02 08:38	sell	87	6.24	1.29007	1.29130	1.28967	0.00	7281.11
200	2012.10.02 08:58	s/l	86	3.12	1.28967	1.28967	1.29538	-508.56	6772.55
201	2012.10.02 08:58	t/p	87	6.24	1.28967	1.29130	1.28967	249.60	7022.15
202	2012.10.03 08:15	sell	88	0.73	1.28867	1.29059	1.28387	0.00	7022.15
203	2012.10.03 09:41	s/l	88	0.73	1.29059	1.29059	1.28387	-140.16	6881.99
204	2012.10.11 08:00	sell	89	0.33	1.28581	1.28788	1.28064	0.00	6881.99
205	2012.10.11 10:10	s/l	89	0.33	1.28788	1.28788	1.28064	-68.31	6813.68
206	2012.10.15 08:15	sell	90	0.81	1.29007	1.29174	1.28590	0.00	6813.68
207	2012.10.15 08:51	s/l	90	0.81	1.29174	1.29174	1.28590	-135.27	6678.41
208	2012.10.15 08:51	buy	91	0.56	1.29174	1.28939	1.29762	0.00	6678.41
209	2012.10.15 09:47	modify	91	0.56	1.29174	1.29184	1.29762	0.00	6678.41
210	2012.10.15 13:05	t/p	91	0.56	1.29762	1.29184	1.29762	329.28	7007.69
211	2012.10.18 10:45	buy	92	0.34	1.31033	1.30827	1.31548	0.00	7007.69
212	2012.10.18 16:17	s/l	92	0.34	1.30827	1.30827	1.31548	-70.04	6937.65
213	2012.10.22 09:15	sell	93	0.62	1.30396	1.30619	1.29839	0.00	6937.65
214	2012.10.22 12:13	s/l	93	0.62	1.30619	1.30619	1.29839	-138.26	6799.39
215	2012.10.22 12:13	buy	94	0.88	1.30619	1.30466	1.31002	0.00	6799.39
216	2012.10.22 15:15	s/l	94	0.88	1.30466	1.30466	1.31002	-134.64	6664.75
217	2012.10.25 11:30	buy	95	0.35	1.30147	1.29960	1.30615	0.00	6664.75
218	2012.10.25 12:50	s/l	95	0.35	1.29960	1.29960	1.30615	-65.45	6599.30
219	2012.10.25 12:50	sell	96	0.34	1.29960	1.30154	1.29475	0.00	6599.30
220	2012.10.25 15:55	modify	96	0.34	1.29960	1.29950	1.29475	0.00	6599.30
221	2012.10.25 17:25	t/p	96	0.34	1.29475	1.29950	1.29475	164.90	6764.20
222	2012.11.01 08:15	sell	97	0.34	1.29467	1.29662	1.28980	0.00	6764.20
223	2012.11.01 13:32	s/l	97	0.34	1.29662	1.29662	1.28980	-66.30	6697.90
224	2012.11.06 16:15	sell	98	0.85	1.27995	1.28151	1.27605	0.00	6697.90
225	2012.11.06 17:37	s/l	98	0.85	1.28151	1.28151	1.27605	-132.60	6565.30
226	2012.11.14 08:45	buy	99	0.69	1.27217	1.27029	1.27687	0.00	6565.30
227	2012.11.14 10:52	modify	99	0.69	1.27217	1.27227	1.27687	0.00	6565.30
228	2012.11.14 20:00	t/p	99	0.69	1.27687	1.27227	1.27687	324.30	6889.60
229	2012.11.28 10:30	sell	100	2.29	1.29182	1.29392	1.28657	0.00	6889.60
230	2012.11.28 14:19	modify	100	2.29	1.29182	1.29172	1.28657	0.00	6889.60
231	2012.11.28 16:36	s/l	100	2.29	1.29172	1.29172	1.28657	22.90	6912.50
232	2012.11.29 09:00	buy	101	0.60	1.29636	1.29409	1.30204	0.00	6912.50
233	2012.11.29 13:47	modify	101	0.60	1.29636	1.29646	1.30204	0.00	6912.50
234	2012.11.29 17:41	s/l	101	0.60	1.29646	1.29646	1.30204	6.00	6918.50
235	2012.12.11 10:30	buy	102	1.25	1.29587	1.29366	1.30140	0.00	6918.50
236	2012.12.11 12:50	modify	102	1.25	1.29587	1.29597	1.30140	0.00	6918.50
237	2012.12.11 19:41	t/p	102	1.25	1.30140	1.29597	1.30140	691.25	7609.75
238	2013.01.09 10:30	sell	103	1.71	1.30796	1.30973	1.30354	0.00	7609.75
239	2013.01.09 12:42	modify	103	1.71	1.30796	1.30786	1.30354	0.00	7609.75
240	2013.01.09 17:56	s/l	103	1.71	1.30786	1.30786	1.30354	17.10	7626.85
241	2013.01.17 08:45	sell	104	0.69	1.32862	1.33081	1.32315	0.00	7626.85
242	2013.01.17 09:01	buy	105	1.38	1.33027	1.32862	1.33081	0.00	7626.85
243	2013.01.17 09:03	s/l	104	0.69	1.33081	1.33081	1.32315	-151.11	7475.74
244	2013.01.17 09:08	t/p	105	1.38	1.33081	1.32862	1.33081	74.52	7550.26
245	2013.01.21 08:45	sell	106	0.94	1.33176	1.33335	1.32779	0.00	7550.26
246	2013.01.22 05:00	s/l	106	0.94	1.33335	1.33335	1.32779	-147.08	7403.19
247	2013.01.29 09:45	buy	107	0.66	1.34542	1.34319	1.35100	0.00	7403.19
248	2013.01.29 11:46	s/l	107	0.66	1.34319	1.34319	1.35100	-147.18	7256.01
249	2013.02.12 08:45	sell	108	0.65	1.33733	1.33953	1.33183	0.00	7256.01
250	2013.02.12 10:01	s/l	108	0.65	1.33953	1.33953	1.33183	-143.00	7113.01
251	2013.02.18 08:15	sell	109	0.77	1.33366	1.33549	1.32909	0.00	7113.01
252	2013.02.18 10:22	s/l	109	0.77	1.33549	1.33549	1.32909	-140.91	6972.10
253	2013.02.19 11:00	sell	110	0.80	1.33427	1.33600	1.32995	0.00	6972.10
254	2013.02.19 11:00	s/l	110	0.80	1.33600	1.33600	1.32995	-138.40	6833.70
255	2013.02.19 11:00	buy	111	0.72	1.33600	1.33411	1.34073	0.00	6833.70
256	2013.02.19 11:19	s/l	111	0.72	1.33411	1.33411	1.34073	-136.08	6697.62
257	2013.03.05 09:00	buy	112	0.58	1.30469	1.30240	1.31042	0.00	6697.62
258	2013.03.05 11:44	s/l	112	0.58	1.30240	1.30240	1.31042	-132.82	6564.80
259	2013.03.11 09:30	sell	113	0.81	1.30037	1.30199	1.29632	0.00	6564.80
260	2013.03.11 18:03	s/l	113	0.81	1.30199	1.30199	1.29632	-131.22	6433.58
261	2013.03.19 08:30	sell	114	0.62	1.29425	1.29630	1.28913	0.00	6433.58
262	2013.03.19 16:37	modify	114	0.62	1.29425	1.29415	1.28913	0.00	6433.58
263	2013.03.19 16:57	t/p	114	0.62	1.28913	1.29415	1.28913	317.44	6751.02
264	2013.03.28 09:45	sell	115	1.14	1.27897	1.28103	1.27382	0.00	6751.02
265	2013.03.28 09:58	modify	115	1.14	1.27897	1.27887	1.27382	0.00	6751.02
266	2013.03.28 11:18	s/l	115	1.14	1.27887	1.27887	1.27382	11.40	6762.42
267	2013.04.03 14:00	buy	116	1.18	1.28289	1.28061	1.28859	0.00	6762.42
268	2013.04.03 16:15	modify	116	1.18	1.28289	1.28299	1.28859	0.00	6762.42
269	2013.04.04 07:05	s/l	116	1.18	1.28299	1.28299	1.28859	-17.74	6744.68
270	2013.04.04 07:05	sell	117	0.62	1.28298	1.28515	1.27756	0.00	6744.68
271	2013.04.04 10:00	modify	117	0.62	1.28298	1.28288	1.27756	0.00	6744.68
272	2013.04.04 14:32	s/l	117	0.62	1.28288	1.28288	1.27756	6.20	6750.88
273	2013.04.15 10:00	sell	118	0.66	1.30742	1.30946	1.30232	0.00	6750.88
274	2013.04.15 14:18	s/l	118	0.66	1.30946	1.30946	1.30232	-134.64	6616.24
275	2013.04.22 08:15	sell	119	0.78	1.30575	1.30743	1.30155	0.00	6616.24
276	2013.04.22 09:04	s/l	119	0.78	1.30743	1.30743	1.30155	-131.04	6485.20
277	2013.04.22 09:30	sell	120	0.58	1.30554	1.30774	1.30004	0.00	6485.20
278	2013.04.22 14:54	modify	120	0.58	1.30554	1.30544	1.30004	0.00	6485.20
279	2013.04.22 18:40	s/l	120	0.58	1.30544	1.30544	1.30004	5.80	6491.00
280	2013.04.24 14:30	sell	121	2.13	1.29957	1.30170	1.29425	0.00	6491.00
281	2013.04.24 16:28	buy	122	4.26	1.30119	1.29957	1.30170	0.00	6491.00
282	2013.04.24 16:35	s/l	122	4.26	1.29957	1.29957	1.30170	-690.12	5800.88
283	2013.04.24 19:05	buy	123	4.26	1.30121	1.29957	1.30170	0.00	5800.88
284	2013.04.24 19:05	s/l	121	2.13	1.30170	1.30170	1.29425	-453.69	5347.19
285	2013.04.24 19:05	t/p	123	4.26	1.30170	1.29957	1.30170	208.74	5555.93
286	2013.04.25 10:15	buy	124	0.31	1.30423	1.30246	1.30866	0.00	5555.93
287	2013.04.25 11:00	modify	124	0.31	1.30423	1.30433	1.30866	0.00	5555.93
288	2013.04.25 14:15	t/p	124	0.31	1.30866	1.30433	1.30866	137.33	5693.26
289	2013.04.29 08:15	buy	125	2.33	1.30577	1.30406	1.31005	0.00	5693.26
290	2013.04.29 09:24	modify	125	2.33	1.30577	1.30587	1.31005	0.00	5693.26
291	2013.04.29 14:03	t/p	125	2.33	1.31005	1.30587	1.31005	997.24	6690.50
292	2013.04.30 15:15	buy	126	1.31	1.30853	1.30649	1.31363	0.00	6690.50
293	2013.04.30 15:35	modify	126	1.31	1.30853	1.30863	1.31363	0.00	6690.50
294	2013.04.30 15:40	t/p	126	1.31	1.31363	1.30863	1.31363	668.10	7358.60
295	2013.05.02 10:15	buy	127	0.74	1.31676	1.31478	1.32171	0.00	7358.60
296	2013.05.02 13:44	sell	128	1.48	1.31524	1.31676	1.31478	0.00	7358.60
297	2013.05.02 13:45	s/l	127	0.74	1.31478	1.31478	1.32171	-146.52	7212.08
298	2013.05.02 13:45	t/p	128	1.48	1.31478	1.31676	1.31478	68.08	7280.16
299	2013.05.06 10:45	sell	129	0.95	1.31067	1.31220	1.30685	0.00	7280.16
300	2013.05.06 16:24	modify	129	0.95	1.31067	1.31057	1.30685	0.00	7280.16
301	2013.05.06 16:26	t/p	129	0.95	1.30685	1.31057	1.30685	362.90	7643.06
302	2013.05.14 09:15	buy	130	3.34	1.30125	1.29965	1.30525	0.00	7643.06
303	2013.05.14 09:30	sell	131	6.68	1.30001	1.30125	1.29965	0.00	7643.06
304	2013.05.14 09:30	s/l	130	3.34	1.29965	1.29965	1.30525	-534.40	7108.66
305	2013.05.14 09:30	t/p	131	6.68	1.29965	1.30125	1.29965	240.48	7349.14
306	2013.05.14 11:00	sell	132	0.85	1.29949	1.30120	1.29522	0.00	7349.14
307	2013.05.14 11:10	s/l	132	0.85	1.30120	1.30120	1.29522	-145.35	7203.79
308	2013.05.21 11:30	buy	133	0.61	1.28856	1.28622	1.29441	0.00	7203.79
309	2013.05.21 12:23	s/l	133	0.61	1.28622	1.28622	1.29441	-142.74	7061.05
310	2013.05.21 16:00	sell	134	0.94	1.28596	1.28746	1.28221	0.00	7061.05
311	2013.05.21 17:11	s/l	134	0.94	1.28746	1.28746	1.28221	-141.00	6920.05
312	2013.05.22 09:00	buy	135	0.90	1.29166	1.29013	1.29549	0.00	6920.05
313	2013.05.22 09:45	modify	135	0.90	1.29166	1.29176	1.29549	0.00	6920.05
314	2013.05.22 14:21	s/l	135	0.90	1.29176	1.29176	1.29549	9.00	6929.05
315	2013.05.28 11:15	sell	136	2.90	1.28973	1.29140	1.28556	0.00	6929.05
316	2013.05.28 11:26	buy	137	5.80	1.29099	1.28973	1.29140	0.00	6929.05
317	2013.05.28 11:26	s/l	136	2.90	1.29140	1.29140	1.28556	-484.30	6444.75
318	2013.05.28 11:26	t/p	137	5.80	1.29140	1.28973	1.29140	237.80	6682.55
319	2013.06.12 15:45	buy	138	0.67	1.32857	1.32659	1.33352	0.00	6682.55
320	2013.06.12 17:00	modify	138	0.67	1.32857	1.32867	1.33352	0.00	6682.55
321	2013.06.12 17:47	t/p	138	0.67	1.33352	1.32867	1.33352	331.65	7014.20
322	2013.06.25 10:15	sell	139	2.54	1.31269	1.31462	1.30787	0.00	7014.20
323	2013.06.25 13:59	buy	140	5.08	1.31415	1.31269	1.31462	0.00	7014.20
324	2013.06.25 14:16	s/l	140	5.08	1.31269	1.31269	1.31462	-741.68	6272.52
325	2013.06.25 14:35	modify	139	2.54	1.31269	1.31259	1.30787	0.00	6272.52
326	2013.06.25 16:00	t/p	139	2.54	1.30787	1.31259	1.30787	1224.28	7496.80
327	2013.07.04 09:15	sell	141	0.75	1.29863	1.30062	1.29366	0.00	7496.80
328	2013.07.04 10:35	buy	142	1.50	1.30013	1.29863	1.30062	0.00	7496.80
329	2013.07.04 11:56	s/l	141	0.75	1.30062	1.30062	1.29366	-149.25	7347.55
330	2013.07.04 11:56	buy	143	1.00	1.30062	1.29916	1.30427	0.00	7347.55
331	2013.07.04 11:56	t/p	142	1.50	1.30062	1.29863	1.30062	73.50	7421.05
332	2013.07.04 13:43	s/l	143	1.00	1.29916	1.29916	1.30427	-146.00	7275.05
333	2013.07.10 14:15	sell	144	0.84	1.28125	1.28298	1.27693	0.00	7275.05
334	2013.07.10 15:58	s/l	144	0.84	1.28298	1.28298	1.27693	-145.32	7129.73
335	2013.07.23 16:15	buy	145	0.91	1.31936	1.31781	1.32324	0.00	7129.73
336	2013.07.23 16:41	modify	145	0.91	1.31936	1.31946	1.32324	0.00	7129.73
337	2013.07.23 20:51	t/p	145	0.91	1.32324	1.31946	1.32324	353.08	7482.81
338	2013.08.13 09:30	sell	146	2.23	1.32899	1.33133	1.32314	0.00	7482.81
339	2013.08.13 11:00	buy	147	4.46	1.33077	1.32899	1.33133	0.00	7482.81
340	2013.08.13 11:15	s/l	146	2.23	1.33133	1.33133	1.32314	-521.82	6960.99
341	2013.08.13 11:15	t/p	147	4.46	1.33133	1.32899	1.33133	249.76	7210.75
342	2013.08.14 11:15	sell	148	0.70	1.32524	1.32730	1.32009	0.00	7210.75
343	2013.08.15 04:09	s/l	148	0.70	1.32730	1.32730	1.32009	-138.87	7071.88
344	2013.08.22 16:30	sell	149	0.34	1.33300	1.33506	1.32785	0.00	7071.88
345	2013.08.22 17:06	s/l	149	0.34	1.33506	1.33506	1.32785	-70.04	7001.84
346	2013.08.28 11:30	buy	150	0.84	1.33763	1.33597	1.34178	0.00	7001.84
347	2013.08.28 12:33	s/l	150	0.84	1.33597	1.33597	1.34178	-139.44	6862.40
348	2013.08.28 12:33	sell	151	0.75	1.33596	1.33777	1.33144	0.00	6862.40
349	2013.08.28 15:35	modify	151	0.75	1.33596	1.33586	1.33144	0.00	6862.40
350	2013.08.28 15:45	t/p	151	0.75	1.33144	1.33586	1.33144	339.00	7201.40
351	2013.09.02 10:00	sell	152	0.82	1.32101	1.32276	1.31664	0.00	7201.40
352	2013.09.03 07:19	modify	152	0.82	1.32101	1.32091	1.31664	0.00	7201.40
353	2013.09.03 08:30	t/p	152	0.82	1.31664	1.32091	1.31664	360.42	7561.82
354	2013.09.11 10:15	buy	153	3.32	1.32661	1.32502	1.33059	0.00	7561.82
355	2013.09.11 12:53	sell	154	6.64	1.32541	1.32661	1.32502	0.00	7561.82
356	2013.09.11 14:04	s/l	154	6.64	1.32661	1.32661	1.32502	-796.80	6765.02
357	2013.09.11 15:53	modify	153	3.32	1.32661	1.32671	1.33059	0.00	6765.02
358	2013.09.11 17:02	t/p	153	3.32	1.33059	1.32671	1.33059	1321.36	8086.38
359	2013.09.23 14:30	buy	155	1.76	1.35152	1.34969	1.35610	0.00	8086.38
360	2013.09.23 15:16	sell	156	3.52	1.35010	1.35152	1.34969	0.00	8086.38
361	2013.09.23 15:17	s/l	155	1.76	1.34969	1.34969	1.35610	-322.08	7764.30
362	2013.09.23 15:17	t/p	156	3.52	1.34969	1.35152	1.34969	144.32	7908.62
363	2013.09.26 15:30	sell	157	0.52	1.34922	1.35073	1.34545	0.00	7908.62
364	2013.09.26 16:00	s/l	157	0.52	1.35073	1.35073	1.34545	-78.52	7830.10
365	2013.10.07 14:00	sell	158	0.93	1.35668	1.35836	1.35248	0.00	7830.10
366	2013.10.07 17:17	s/l	158	0.93	1.35836	1.35836	1.35248	-156.24	7673.86
367	2013.10.08 15:45	buy	159	0.67	1.35953	1.35724	1.36526	0.00	7673.86
368	2013.10.08 18:46	s/l	159	0.67	1.35724	1.35724	1.36526	-153.43	7520.43
369	2013.10.23 15:00	buy	160	0.95	1.37630	1.37472	1.38025	0.00	7520.43
370	2013.10.23 15:48	modify	160	0.95	1.37630	1.37640	1.38025	0.00	7520.43
371	2013.10.23 16:12	s/l	160	0.95	1.37640	1.37640	1.38025	9.50	7529.93
372	2013.11.06 08:45	buy	161	2.91	1.35089	1.34908	1.35542	0.00	7529.93
373	2013.11.06 09:03	sell	162	5.82	1.34952	1.35089	1.34908	0.00	7529.93
374	2013.11.06 09:26	s/l	161	2.91	1.34908	1.34908	1.35542	-526.71	7003.22
375	2013.11.06 09:26	t/p	162	5.82	1.34908	1.35089	1.34908	256.08	7259.30
376	2013.11.12 09:45	sell	163	0.69	1.33736	1.33944	1.33216	0.00	7259.30
377	2013.11.12 11:53	s/l	163	0.69	1.33944	1.33944	1.33216	-143.52	7115.78
378	2013.11.14 09:15	buy	164	0.40	1.34685	1.34509	1.35125	0.00	7115.78
379	2013.11.14 10:37	s/l	164	0.40	1.34509	1.34509	1.35125	-70.40	7045.38
380	2013.11.14 10:37	sell	165	0.42	1.34509	1.34675	1.34094	0.00	7045.38
381	2013.11.14 12:12	modify	165	0.42	1.34509	1.34499	1.34094	0.00	7045.38
382	2013.11.14 14:30	s/l	165	0.42	1.34499	1.34499	1.34094	4.20	7049.58
383	2013.11.14 16:00	buy	166	0.36	1.34559	1.34368	1.35037	0.00	7049.58
384	2013.11.14 16:31	s/l	166	0.36	1.34368	1.34368	1.35037	-68.76	6980.82
385	2013.11.19 10:00	buy	167	0.69	1.35196	1.34995	1.35699	0.00	6980.82
386	2013.11.19 11:06	s/l	167	0.69	1.34995	1.34995	1.35699	-138.69	6842.13
387	2013.11.19 11:06	sell	168	0.58	1.34994	1.35229	1.34407	0.00	6842.13
388	2013.11.19 15:50	s/l	168	0.58	1.35229	1.35229	1.34407	-136.30	6705.83
389	2013.11.20 15:30	buy	169	0.88	1.35377	1.35225	1.35757	0.00	6705.83
390	2013.11.20 16:20	s/l	169	0.88	1.35225	1.35225	1.35757	-133.76	6572.07
391	2013.12.02 08:45	buy	170	0.71	1.36124	1.35941	1.36582	0.00	6572.07
392	2013.12.02 09:32	s/l	170	0.71	1.35941	1.35941	1.36582	-129.93	6442.14
393	2013.12.02 09:32	sell	171	0.59	1.35941	1.36157	1.35401	0.00	6442.14
394	2013.12.02 10:26	modify	171	0.59	1.35941	1.35931	1.35401	0.00	6442.14
395	2013.12.02 12:19	t/p	171	0.59	1.35401	1.35931	1.35401	318.60	6760.74
396	2013.12.11 10:00	buy	172	0.56	1.37631	1.37392	1.38229	0.00	6760.74
397	2013.12.11 16:49	modify	172	0.56	1.37631	1.37641	1.38229	0.00	6760.74
398	2013.12.12 10:50	s/l	172	0.56	1.37641	1.37641	1.38229	-8.42	6752.32
399	2013.12.12 16:00	buy	173	0.32	1.37754	1.37544	1.38279	0.00	6752.32
400	2013.12.12 16:04	s/l	173	0.32	1.37544	1.37544	1.38279	-67.20	6685.12
401	2013.12.16 10:30	buy	174	0.54	1.37724	1.37477	1.38342	0.00	6685.12
402	2013.12.16 18:21	s/l	174	0.54	1.37477	1.37477	1.38342	-133.38	6551.74
403	2013.12.26 16:45	buy	175	0.38	1.36977	1.36809	1.37397	0.00	6551.74
404	2013.12.27 03:51	modify	175	0.38	1.36977	1.36987	1.37397	0.00	6551.74
405	2013.12.27 04:10	t/p	175	0.38	1.37397	1.36987	1.37397	156.43	6708.17
406	2013.12.31 15:30	sell	176	2.07	1.37694	1.37920	1.37129	0.00	6708.17
407	2013.12.31 16:40	buy	177	4.14	1.37867	1.37694	1.37920	0.00	6708.17
408	2013.12.31 17:04	s/l	177	4.14	1.37694	1.37694	1.37920	-716.22	5991.95
409	2014.01.02 08:42	modify	176	2.07	1.37694	1.37684	1.37129	0.00	5991.95
410	2014.01.02 12:01	t/p	176	2.07	1.37129	1.37684	1.37129	1190.55	7182.49
411	2014.01.14 11:45	buy	178	1.42	1.36802	1.36601	1.37305	0.00	7182.49
412	2014.01.14 14:30	sell	179	2.84	1.36647	1.36802	1.36601	0.00	7182.49
413	2014.01.14 14:30	s/l	178	1.42	1.36601	1.36601	1.37305	-285.42	6897.07
414	2014.01.14 14:30	t/p	179	2.84	1.36601	1.36802	1.36601	130.64	7027.71
415	2014.01.14 15:30	buy	180	0.86	1.36736	1.36573	1.37144	0.00	7027.71
416	2014.01.15 02:34	s/l	180	0.86	1.36573	1.36573	1.37144	-147.36	6880.36
417	2014.01.16 08:30	sell	181	0.33	1.36069	1.36275	1.35554	0.00	6880.36
418	2014.01.16 10:33	s/l	181	0.33	1.36275	1.36275	1.35554	-67.98	6812.38
419	2014.01.21 09:00	sell	182	0.75	1.35465	1.35645	1.35015	0.00	6812.38
420	2014.01.21 12:59	modify	182	0.75	1.35465	1.35455	1.35015	0.00	6812.38
421	2014.01.21 16:59	s/l	182	0.75	1.35455	1.35455	1.35015	7.50	6819.88
422	2014.01.22 09:00	sell	183	2.05	1.35444	1.35676	1.34864	0.00	6819.88
423	2014.01.22 13:43	buy	184	4.10	1.35622	1.35444	1.35676	0.00	6819.88
424	2014.01.22 13:43	s/l	183	2.05	1.35676	1.35676	1.34864	-475.60	6344.28
425	2014.01.22 13:43	t/p	184	4.10	1.35676	1.35444	1.35676	221.40	6565.68
426	2014.01.28 16:45	sell	185	0.72	1.36570	1.36750	1.36120	0.00	6565.68
427	2014.01.29 09:30	s/l	185	0.72	1.36750	1.36750	1.36120	-127.77	6437.90
428	2014.02.04 15:15	sell	186	0.67	1.35118	1.35310	1.34638	0.00	6437.90
429	2014.02.05 14:00	s/l	186	0.67	1.35310	1.35310	1.34638	-126.94	6310.96
430	2014.02.17 10:15	buy	187	0.64	1.37136	1.36940	1.37626	0.00	6310.96
431	2014.02.17 14:24	s/l	187	0.64	1.36940	1.36940	1.37626	-125.44	6185.52
432	2014.02.18 11:45	buy	188	0.54	1.37278	1.37050	1.37848	0.00	6185.52
433	2014.02.18 15:11	modify	188	0.54	1.37278	1.37288	1.37848	0.00	6185.52
434	2014.02.19 20:20	s/l	188	0.54	1.37288	1.37288	1.37848	0.89	6186.42
435	2014.03.17 10:00	buy	189	1.96	1.39046	1.38826	1.39596	0.00	6186.42
436	2014.03.17 11:13	sell	190	3.92	1.38879	1.39046	1.38826	0.00	6186.42
437	2014.03.17 13:38	s/l	190	3.92	1.39046	1.39046	1.38826	-654.64	5531.78
438	2014.03.17 14:48	modify	189	1.96	1.39046	1.39056	1.39596	0.00	5531.78
439	2014.03.18 10:15	s/l	189	1.96	1.39056	1.39056	1.39596	3.25	5535.02
440	2014.03.24 15:15	sell	191	1.19	1.37678	1.37863	1.37216	0.00	5535.02
441	2014.03.24 15:38	buy	192	2.38	1.37817	1.37678	1.37863	0.00	5535.02
442	2014.03.24 16:55	s/l	191	1.19	1.37863	1.37863	1.37216	-220.15	5314.87
443	2014.03.24 16:55	buy	193	1.28	1.37863	1.37698	1.38276	0.00	5314.87
444	2014.03.24 16:55	t/p	192	2.38	1.37863	1.37678	1.37863	109.48	5424.35
445	2014.03.24 18:26	modify	193	1.28	1.37863	1.37873	1.38276	0.00	5424.35
446	2014.03.24 18:51	t/p	193	1.28	1.38276	1.37873	1.38276	528.64	5952.99
447	2014.03.25 16:30	sell	194	0.56	1.37853	1.38062	1.37331	0.00	5952.99
448	2014.03.25 17:15	modify	194	0.56	1.37853	1.37843	1.37331	0.00	5952.99
449	2014.03.25 17:30	s/l	194	0.56	1.37843	1.37843	1.37331	5.60	5958.59
450	2014.03.27 08:30	sell	195	1.19	1.37720	1.37894	1.37285	0.00	5958.59
451	2014.03.27 11:04	modify	195	1.19	1.37720	1.37710	1.37285	0.00	5958.59
452	2014.03.27 12:55	s/l	195	1.19	1.37710	1.37710	1.37285	11.90	5970.49
453	2014.03.27 15:30	sell	196	0.79	1.37613	1.37764	1.37236	0.00	5970.49
454	2014.03.27 15:34	buy	197	1.58	1.37727	1.37613	1.37764	0.00	5970.49
455	2014.03.27 15:55	s/l	197	1.58	1.37613	1.37613	1.37764	-180.12	5790.37
456	2014.03.27 16:59	modify	196	0.79	1.37613	1.37603	1.37236	0.00	5790.37
457	2014.03.28 09:01	t/p	196	0.79	1.37236	1.37603	1.37236	299.83	6090.21
458	2014.04.02 15:30	sell	198	1.39	1.37764	1.37939	1.37327	0.00	6090.21
459	2014.04.03 13:17	modify	198	1.39	1.37764	1.37754	1.37327	0.00	6090.21
460	2014.04.03 13:45	s/l	198	1.39	1.37754	1.37754	1.37327	24.48	6114.68
461	2014.04.14 10:15	sell	199	1.61	1.38483	1.38634	1.38106	0.00	6114.68
462	2014.04.14 10:49	modify	199	1.61	1.38483	1.38473	1.38106	0.00	6114.68
463	2014.04.14 14:35	t/p	199	1.61	1.38106	1.38473	1.38106	606.97	6721.65
464	2014.05.14 11:45	sell	200	1.73	1.37124	1.37279	1.36737	0.00	6721.65
465	2014.05.14 12:22	buy	201	3.46	1.37241	1.37124	1.37279	0.00	6721.65
466	2014.05.14 12:44	s/l	201	3.46	1.37124	1.37124	1.37279	-404.82	6316.83
467	2014.05.15 09:10	modify	200	1.73	1.37124	1.37114	1.36737	0.00	6316.83
468	2014.05.15 09:53	t/p	200	1.73	1.36737	1.37114	1.36737	682.67	6999.50
469	2014.05.20 16:45	sell	202	1.86	1.36912	1.37062	1.36537	0.00	6999.50
470	2014.05.20 18:04	buy	203	3.72	1.37025	1.36912	1.37062	0.00	6999.50
471	2014.05.20 18:35	s/l	203	3.72	1.36912	1.36912	1.37062	-420.36	6579.14
472	2014.05.21 01:51	buy	204	3.72	1.37026	1.36912	1.37062	0.00	6579.14
473	2014.05.21 02:38	s/l	202	1.86	1.37062	1.37062	1.36537	-274.28	6304.86
474	2014.05.21 02:38	buy	205	3.40	1.37062	1.36988	1.37247	0.00	6304.86
475	2014.05.21 02:38	t/p	204	3.72	1.37062	1.36912	1.37062	133.92	6438.78
476	2014.05.21 08:51	modify	205	3.40	1.37062	1.37072	1.37247	0.00	6438.78
477	2014.05.21 10:09	s/l	205	3.40	1.37072	1.37072	1.37247	34.00	6472.78
478	2014.05.22 09:15	sell	206	0.40	1.36629	1.36790	1.36227	0.00	6472.78
479	2014.05.22 09:39	s/l	206	0.40	1.36790	1.36790	1.36227	-64.40	6408.38
480	2014.05.29 15:00	sell	207	0.25	1.36023	1.36273	1.35398	0.00	6408.38
481	2014.05.30 15:14	s/l	207	0.25	1.36273	1.36273	1.35398	-61.87	6346.52
482	2014.05.30 15:14	buy	208	0.52	1.36274	1.36032	1.36879	0.00	6346.52
483	2014.06.02 10:00	s/l	208	0.52	1.36032	1.36032	1.36879	-130.18	6216.34
484	2014.06.11 16:15	sell	209	0.64	1.35313	1.35506	1.34831	0.00	6216.34
485	2014.06.12 16:43	s/l	209	0.64	1.35506	1.35506	1.34831	-118.65	6097.69
486	2014.06.12 16:43	buy	210	0.34	1.35507	1.35330	1.35950	0.00	6097.69
487	2014.06.13 10:00	modify	210	0.34	1.35507	1.35517	1.35950	0.00	6097.69
488	2014.06.13 12:52	s/l	210	0.34	1.35517	1.35517	1.35950	0.56	6098.25
489	2014.08.27 15:45	sell	211	0.74	1.31722	1.31885	1.31315	0.00	6098.25
490	2014.08.27 16:15	s/l	211	0.74	1.31885	1.31885	1.31315	-120.62	5977.63
491	2014.08.27 16:15	buy	212	0.52	1.31885	1.31659	1.32450	0.00	5977.63
492	2014.08.28 15:26	s/l	212	0.52	1.31659	1.31659	1.32450	-130.54	5847.09
493	2014.09.10 08:45	buy	213	0.66	1.29397	1.29221	1.29837	0.00	5847.09
494	2014.09.10 14:36	s/l	213	0.66	1.29221	1.29221	1.29837	-116.16	5730.93
495	2014.09.17 16:00	buy	214	0.71	1.29661	1.29501	1.30061	0.00	5730.93
496	2014.09.17 17:16	s/l	214	0.71	1.29501	1.29501	1.30061	-113.60	5617.33
497	2014.10.02 11:45	buy	215	0.35	1.26413	1.26255	1.26808	0.00	5617.33
498	2014.10.02 14:30	s/l	215	0.35	1.26255	1.26255	1.26808	-55.30	5562.03
499	2014.10.08 09:15	buy	216	0.47	1.26450	1.26215	1.27038	0.00	5562.03
500	2014.10.08 11:15	modify	216	0.47	1.26450	1.26460	1.27038	0.00	5562.03
501	2014.10.08 13:47	s/l	216	0.47	1.26460	1.26460	1.27038	4.70	5566.73
502	2014.10.13 15:30	buy	217	2.21	1.26918	1.26742	1.27358	0.00	5566.73
503	2014.10.13 17:00	sell	218	4.42	1.26786	1.26918	1.26742	0.00	5566.73
504	2014.10.13 17:21	s/l	217	2.21	1.26742	1.26742	1.27358	-388.96	5177.77
505	2014.10.13 17:21	t/p	218	4.42	1.26742	1.26918	1.26742	194.48	5372.25
506	2014.10.20 15:00	sell	219	0.56	1.27670	1.27859	1.27198	0.00	5372.25
507	2014.10.20 17:33	s/l	219	0.56	1.27859	1.27859	1.27198	-105.84	5266.41
508	2014.11.04 08:30	sell	220	0.62	1.25028	1.25197	1.24606	0.00	5266.41
509	2014.11.04 11:17	s/l	220	0.62	1.25197	1.25197	1.24606	-104.78	5161.63
510	2014.11.04 11:17	buy	221	0.47	1.25197	1.24981	1.25737	0.00	5161.63
511	2014.11.04 16:30	modify	221	0.47	1.25197	1.25207	1.25737	0.00	5161.63
512	2014.11.04 16:55	t/p	221	0.47	1.25737	1.25207	1.25737	253.80	5415.43
513	2014.11.06 11:45	buy	222	0.30	1.25200	1.25021	1.25648	0.00	5415.43
514	2014.11.06 14:33	s/l	222	0.30	1.25021	1.25021	1.25648	-53.70	5361.73
515	2014.11.19 09:00	buy	223	0.48	1.25344	1.25125	1.25892	0.00	5361.73
516	2014.11.19 14:55	modify	223	0.48	1.25344	1.25354	1.25892	0.00	5361.73
517	2014.11.19 16:03	s/l	223	0.48	1.25354	1.25354	1.25892	4.80	5366.53
518	2014.11.25 11:30	sell	224	2.40	1.24276	1.24432	1.23886	0.00	5366.53
519	2014.11.25 12:30	buy	225	4.80	1.24395	1.24276	1.24432	0.00	5366.53
520	2014.11.25 14:44	s/l	225	4.80	1.24276	1.24276	1.24432	-571.20	4795.33
521	2014.11.25 15:31	modify	224	2.40	1.24276	1.24266	1.23886	0.00	4795.33
522	2014.11.25 16:29	s/l	224	2.40	1.24266	1.24266	1.23886	24.00	4819.33
523	2014.11.26 10:15	buy	226	1.24	1.24785	1.24630	1.25173	0.00	4819.33
524	2014.11.26 11:06	sell	227	2.48	1.24668	1.24785	1.24630	0.00	4819.33
525	2014.11.26 11:06	s/l	226	1.24	1.24630	1.24630	1.25173	-192.20	4627.13
526	2014.11.26 11:06	t/p	227	2.48	1.24630	1.24785	1.24630	94.24	4721.37
527	2014.11.26 14:15	buy	228	0.40	1.24645	1.24409	1.25235	0.00	4721.37
528	2014.11.26 15:38	modify	228	0.40	1.24645	1.24655	1.25235	0.00	4721.37
529	2014.11.26 17:58	t/p	228	0.40	1.25235	1.24655	1.25235	236.00	4957.37
530	2014.12.10 14:45	buy	229	1.70	1.23839	1.23635	1.24349	0.00	4957.37
531	2014.12.10 17:00	modify	229	1.70	1.23839	1.23849	1.24349	0.00	4957.37
532	2014.12.10 17:37	t/p	229	1.70	1.24349	1.23849	1.24349	867.00	5824.37
533	2014.12.15 08:45	buy	230	1.36	1.24551	1.24380	1.24979	0.00	5824.37
534	2014.12.15 10:12	sell	231	2.72	1.24421	1.24551	1.24380	0.00	5824.37
535	2014.12.15 10:13	s/l	230	1.36	1.24380	1.24380	1.24979	-232.56	5591.81
536	2014.12.15 10:13	t/p	231	2.72	1.24380	1.24551	1.24380	111.52	5703.33
537	2014.12.17 09:15	buy	232	0.60	1.24923	1.24733	1.25398	0.00	5703.33
538	2014.12.17 09:55	s/l	232	0.60	1.24733	1.24733	1.25398	-114.00	5589.33
539	2014.12.22 14:45	sell	233	0.73	1.22570	1.22722	1.22190	0.00	5589.33
540	2014.12.22 21:50	modify	233	0.73	1.22570	1.22560	1.22190	0.00	5589.33
541	2014.12.22 21:59	t/p	233	0.73	1.22190	1.22560	1.22190	277.40	5866.73
542	2014.12.29 09:45	sell	234	2.12	1.21739	1.21932	1.21257	0.00	5866.73
543	2014.12.29 11:06	buy	235	4.24	1.21884	1.21739	1.21932	0.00	5866.73
544	2014.12.29 11:20	s/l	234	2.12	1.21932	1.21932	1.21257	-409.16	5457.57
545	2014.12.29 11:20	t/p	235	4.24	1.21932	1.21739	1.21932	203.52	5661.09
546	2015.01.13 09:15	buy	236	0.70	1.18384	1.18223	1.18787	0.00	5661.09
547	2015.01.13 10:43	s/l	236	0.70	1.18223	1.18223	1.18787	-112.70	5548.39
548	2015.01.15 10:15	sell	237	0.24	1.17647	1.17875	1.17077	0.00	5548.39
549	2015.01.15 11:31	modify	237	0.24	1.17647	1.17637	1.17077	0.00	5548.39
550	2015.01.15 11:31	t/p	237	0.24	1.17077	1.17637	1.17077	136.80	5685.19
551	2015.01.20 10:15	sell	238	2.26	1.15765	1.15941	1.15325	0.00	5685.19
552	2015.01.20 11:24	buy	239	4.52	1.15898	1.15765	1.15941	0.00	5685.19
553	2015.01.20 11:37	s/l	238	2.26	1.15941	1.15941	1.15325	-397.76	5287.43
554	2015.01.20 11:37	t/p	239	4.52	1.15941	1.15765	1.15941	194.36	5481.79
555	2015.01.20 15:15	sell	240	0.64	1.15785	1.15956	1.15358	0.00	5481.79
556	2015.01.20 15:25	s/l	240	0.64	1.15956	1.15956	1.15358	-109.44	5372.35
557	2015.01.21 09:15	sell	241	0.59	1.15688	1.15869	1.15236	0.00	5372.35
558	2015.01.21 14:55	s/l	241	0.59	1.15869	1.15869	1.15236	-106.79	5265.56
559	2015.02.02 10:30	buy	242	0.55	1.13235	1.13044	1.13713	0.00	5265.56
560	2015.02.02 11:59	modify	242	0.55	1.13235	1.13245	1.13713	0.00	5265.56
561	2015.02.02 13:25	s/l	242	0.55	1.13245	1.13245	1.13713	5.50	5271.06
562	2015.02.03 09:00	buy	243	2.42	1.13388	1.13236	1.13768	0.00	5271.06
563	2015.02.03 09:49	sell	244	4.84	1.13273	1.13388	1.13236	0.00	5271.06
564	2015.02.03 10:01	s/l	243	2.42	1.13236	1.13236	1.13768	-367.84	4903.22
565	2015.02.03 10:01	t/p	244	4.84	1.13236	1.13388	1.13236	179.08	5082.30
566	2015.02.10 10:30	sell	245	0.56	1.13188	1.13368	1.12738	0.00	5082.30
567	2015.02.10 11:27	modify	245	0.56	1.13188	1.13178	1.12738	0.00	5082.30
568	2015.02.10 13:50	t/p	245	0.56	1.12738	1.13178	1.12738	252.00	5334.30
569	2015.02.12 16:30	buy	246	0.77	1.13514	1.13272	1.14119	0.00	5334.30
570	2015.02.12 16:48	modify	246	0.77	1.13514	1.13524	1.14119	0.00	5334.30
571	2015.02.12 18:40	t/p	246	0.77	1.14119	1.13524	1.14119	465.85	5800.15
572	2015.02.17 08:45	sell	247	1.33	1.13504	1.13678	1.13069	0.00	5800.15
573	2015.02.17 11:08	buy	248	2.66	1.13639	1.13504	1.13678	0.00	5800.15
574	2015.02.17 11:08	s/l	247	1.33	1.13678	1.13678	1.13069	-231.42	5568.73
575	2015.02.17 11:08	t/p	248	2.66	1.13678	1.13504	1.13678	103.74	5672.47
576	2015.02.18 15:15	sell	249	0.65	1.13716	1.13890	1.13281	0.00	5672.47
577	2015.02.18 17:13	modify	249	0.65	1.13716	1.13706	1.13281	0.00	5672.47
578	2015.02.18 21:00	s/l	249	0.65	1.13706	1.13706	1.13281	6.50	5678.97
579	2015.02.24 16:15	sell	250	1.65	1.13176	1.13416	1.12576	0.00	5678.97
580	2015.02.24 17:15	buy	251	3.30	1.13357	1.13176	1.13416	0.00	5678.97
581	2015.02.24 17:15	s/l	250	1.65	1.13416	1.13416	1.12576	-396.00	5282.97
582	2015.02.24 17:15	t/p	251	3.30	1.13416	1.13176	1.13416	194.70	5477.67
583	2015.02.25 10:45	buy	252	0.64	1.13718	1.13548	1.14143	0.00	5477.67
584	2015.02.25 12:38	s/l	252	0.64	1.13548	1.13548	1.14143	-108.80	5368.87
585	2015.03.02 15:45	sell	253	0.60	1.12167	1.12345	1.11722	0.00	5368.87
586	2015.03.02 17:36	modify	253	0.60	1.12167	1.12157	1.11722	0.00	5368.87
587	2015.03.03 11:41	t/p	253	0.60	1.11722	1.12157	1.11722	268.52	5637.39
588	2015.03.18 10:45	buy	254	2.02	1.06096	1.05901	1.06584	0.00	5637.39
589	2015.03.18 14:46	sell	255	4.04	1.05947	1.06096	1.05901	0.00	5637.39
590	2015.03.18 14:51	s/l	254	2.02	1.05901	1.05901	1.06584	-393.90	5243.49
591	2015.03.18 14:51	t/p	255	4.04	1.05901	1.06096	1.05901	185.84	5429.33
592	2015.03.18 16:00	buy	256	0.44	1.06114	1.05871	1.06722	0.00	5429.33
593	2015.03.18 18:02	modify	256	0.44	1.06114	1.06124	1.06722	0.00	5429.33
594	2015.03.18 20:00	t/p	256	0.44	1.06722	1.06124	1.06722	267.52	5696.85
595	2015.04.07 08:00	sell	257	1.78	1.09238	1.09462	1.08678	0.00	5696.85
596	2015.04.07 08:32	buy	258	3.56	1.09408	1.09238	1.09462	0.00	5696.85
597	2015.04.07 08:58	s/l	257	1.78	1.09462	1.09462	1.08678	-398.72	5298.13
598	2015.04.07 09:06	s/l	258	3.56	1.09238	1.09238	1.09462	-605.20	4692.93
599	2015.04.08 14:30	sell	259	0.45	1.08561	1.08767	1.08046	0.00	4692.93
600	2015.04.08 15:32	s/l	259	0.45	1.08767	1.08767	1.08046	-92.70	4600.23
601	2015.04.15 09:30	buy	260	0.42	1.06461	1.06244	1.07004	0.00	4600.23
602	2015.04.15 10:23	s/l	260	0.42	1.06244	1.06244	1.07004	-91.14	4509.09
603	2015.04.20 09:30	buy	261	0.51	1.07898	1.07724	1.08333	0.00	4509.09
604	2015.04.20 10:06	s/l	261	0.51	1.07724	1.07724	1.08333	-88.74	4420.35
605	2015.04.21 08:30	sell	262	0.52	1.07223	1.07390	1.06806	0.00	4420.35
606	2015.04.21 09:11	modify	262	0.52	1.07223	1.07213	1.06806	0.00	4420.35
607	2015.04.21 09:47	t/p	262	0.52	1.06806	1.07213	1.06806	216.84	4637.19
608	2015.04.23 08:00	sell	263	0.94	1.07024	1.07196	1.06594	0.00	4637.19
609	2015.04.23 08:06	buy	264	1.88	1.07154	1.07024	1.07196	0.00	4637.19
610	2015.04.23 09:11	s/l	264	1.88	1.07024	1.07024	1.07196	-244.40	4392.79
611	2015.04.23 10:02	modify	263	0.94	1.07024	1.07014	1.06594	0.00	4392.79
612	2015.04.23 11:04	s/l	263	0.94	1.07014	1.07014	1.06594	9.40	4402.19
613	2015.04.27 14:00	buy	265	0.73	1.08453	1.08213	1.09053	0.00	4402.19
614	2015.04.27 15:11	sell	266	1.46	1.08272	1.08453	1.08213	0.00	4402.19
615	2015.04.27 15:14	s/l	265	0.73	1.08213	1.08213	1.09053	-175.20	4226.99
616	2015.04.27 15:14	t/p	266	1.46	1.08213	1.08453	1.08213	86.14	4313.13
617	2015.04.28 11:45	buy	267	0.41	1.08818	1.08611	1.09336	0.00	4313.13
618	2015.04.28 12:15	modify	267	0.41	1.08818	1.08828	1.09336	0.00	4313.13
619	2015.04.28 13:46	t/p	267	0.41	1.09336	1.08828	1.09336	212.38	4525.51
620	2015.06.16 09:45	buy	268	1.45	1.12784	1.12566	1.13329	0.00	4525.51
621	2015.06.16 09:54	modify	268	1.45	1.12784	1.12794	1.13329	0.00	4525.51
622	2015.06.16 10:41	s/l	268	1.45	1.12794	1.12794	1.13329	14.50	4540.01
623	2015.06.17 10:00	buy	269	0.92	1.12588	1.12391	1.13081	0.00	4540.01
624	2015.06.17 11:14	modify	269	0.92	1.12588	1.12598	1.13081	0.00	4540.01
625	2015.06.17 11:56	s/l	269	0.92	1.12598	1.12598	1.13081	9.20	4549.21
626	2015.07.29 16:30	sell	270	0.75	1.10352	1.10594	1.09747	0.00	4549.21
627	2015.07.29 21:00	buy	271	1.50	1.10537	1.10352	1.10594	0.00	4549.21
628	2015.07.29 21:00	s/l	270	0.75	1.10594	1.10594	1.09747	-181.50	4367.71
629	2015.07.29 21:00	t/p	271	1.50	1.10594	1.10352	1.10594	85.50	4453.21
630	2015.08.03 09:15	sell	272	0.52	1.09711	1.09882	1.09284	0.00	4453.21
631	2015.08.03 09:57	s/l	272	0.52	1.09882	1.09882	1.09284	-88.92	4364.29
632	2015.08.17 14:00	sell	273	0.50	1.10862	1.11034	1.10432	0.00	4364.29
633	2015.08.17 14:50	s/l	273	0.50	1.11034	1.11034	1.10432	-86.00	4278.29
634	2015.08.18 10:30	sell	274	0.50	1.10653	1.10821	1.10233	0.00	4278.29
635	2015.08.18 10:54	s/l	274	0.50	1.10821	1.10821	1.10233	-84.00	4194.29
636	2015.08.18 10:54	buy	275	0.39	1.10822	1.10609	1.11355	0.00	4194.29
637	2015.08.18 12:37	s/l	275	0.39	1.10609	1.10609	1.11355	-83.07	4111.22
638	2015.09.03 09:30	sell	276	0.27	1.12218	1.12370	1.11838	0.00	4111.22
639	2015.09.03 10:05	s/l	276	0.27	1.12370	1.12370	1.11838	-41.04	4070.18
640	2015.09.24 08:00	buy	277	0.25	1.11923	1.11764	1.12321	0.00	4070.18
641	2015.09.24 09:38	modify	277	0.25	1.11923	1.11933	1.12321	0.00	4070.18
642	2015.09.24 11:10	s/l	277	0.25	1.11933	1.11933	1.12321	2.50	4072.68
643	2015.09.30 14:30	sell	278	1.35	1.12060	1.12270	1.11535	0.00	4072.68
644	2015.09.30 17:25	modify	278	1.35	1.12060	1.12050	1.11535	0.00	4072.68
645	2015.10.01 06:33	t/p	278	1.35	1.11535	1.12050	1.11535	719.02	4791.70
646	2015.10.06 09:15	sell	279	1.19	1.11779	1.11940	1.11377	0.00	4791.70
647	2015.10.06 09:32	buy	280	2.38	1.11900	1.11779	1.11940	0.00	4791.70
648	2015.10.06 09:37	s/l	279	1.19	1.11940	1.11940	1.11377	-191.59	4600.11
649	2015.10.06 09:37	buy	281	0.81	1.11940	1.11715	1.12503	0.00	4600.11
650	2015.10.06 09:37	t/p	280	2.38	1.11940	1.11779	1.11940	95.20	4695.31
651	2015.10.06 14:38	modify	281	0.81	1.11940	1.11950	1.12503	0.00	4695.31
652	2015.10.06 17:50	t/p	281	0.81	1.12503	1.11950	1.12503	456.03	5151.34
653	2015.10.08 10:00	buy	282	0.30	1.12617	1.12448	1.13040	0.00	5151.34
654	2015.10.08 10:18	modify	282	0.30	1.12617	1.12627	1.13040	0.00	5151.34
655	2015.10.08 10:24	t/p	282	0.30	1.13040	1.12627	1.13040	126.90	5278.24
656	2015.10.13 15:30	buy	283	2.13	1.13865	1.13692	1.14298	0.00	5278.24
657	2015.10.13 16:59	sell	284	4.26	1.13735	1.13865	1.13692	0.00	5278.24
658	2015.10.13 17:02	s/l	283	2.13	1.13692	1.13692	1.14298	-368.49	4909.75
659	2015.10.13 17:02	t/p	284	4.26	1.13692	1.13865	1.13692	183.18	5092.93
660	2015.10.14 15:15	buy	285	0.59	1.14096	1.13924	1.14526	0.00	5092.93
661	2015.10.14 15:30	modify	285	0.59	1.14096	1.14106	1.14526	0.00	5092.93
662	2015.10.14 16:47	s/l	285	0.59	1.14106	1.14106	1.14526	5.90	5098.83
663	2015.10.19 10:15	sell	286	1.70	1.13584	1.13793	1.13062	0.00	5098.83
664	2015.10.19 12:37	modify	286	1.70	1.13584	1.13574	1.13062	0.00	5098.83
665	2015.10.19 17:59	t/p	286	1.70	1.13062	1.13574	1.13062	887.40	5986.23
666	2015.10.27 10:00	sell	287	1.36	1.10549	1.10725	1.10109	0.00	5986.23
667	2015.10.27 14:25	buy	288	2.72	1.10722	1.10549	1.10725	0.00	5986.23
668	2015.10.27 14:25	s/l	287	1.36	1.10725	1.10725	1.10109	-239.36	5746.87
669	2015.10.27 14:26	t/p	288	2.72	1.10725	1.10549	1.10725	8.16	5755.03
670	2015.10.28 10:45	sell	289	0.70	1.10362	1.10525	1.09955	0.00	5755.03
671	2015.10.28 11:07	s/l	289	0.70	1.10525	1.10525	1.09955	-114.10	5640.93
672	2015.11.10 10:15	sell	290	0.61	1.07475	1.07657	1.07020	0.00	5640.93
673	2015.11.10 14:49	modify	290	0.61	1.07475	1.07465	1.07020	0.00	5640.93
674	2015.11.10 14:54	t/p	290	0.61	1.07020	1.07465	1.07020	277.55	5918.48
675	2015.11.11 10:00	buy	291	2.22	1.07489	1.07303	1.07954	0.00	5918.48
676	2015.11.11 11:01	sell	292	4.44	1.07349	1.07489	1.07303	0.00	5918.48
677	2015.11.11 11:35	s/l	292	4.44	1.07489	1.07489	1.07303	-621.60	5296.88
678	2015.11.11 13:14	sell	293	4.44	1.07349	1.07489	1.07303	0.00	5296.88
679	2015.11.11 13:17	s/l	291	2.22	1.07303	1.07303	1.07954	-412.92	4883.96
680	2015.11.11 13:17	t/p	293	4.44	1.07303	1.07489	1.07303	204.24	5088.20
681	2015.11.16 15:15	sell	294	0.65	1.07229	1.07384	1.06842	0.00	5088.20
682	2015.11.16 15:37	s/l	294	0.65	1.07384	1.07384	1.06842	-100.75	4987.45
683	2015.11.18 14:15	buy	295	0.65	1.06716	1.06563	1.07099	0.00	4987.45
684	2015.11.18 16:00	s/l	295	0.65	1.06563	1.06563	1.07099	-99.45	4888.00
685	2015.11.18 16:00	sell	296	0.61	1.06563	1.06723	1.06163	0.00	4888.00
686	2015.11.18 16:43	s/l	296	0.61	1.06723	1.06723	1.06163	-97.60	4790.40
687	2015.11.19 11:00	buy	297	0.20	1.06882	1.06647	1.07470	0.00	4790.40
688	2015.11.19 16:25	modify	297	0.20	1.06882	1.06892	1.07470	0.00	4790.40
689	2015.11.19 18:09	t/p	297	0.20	1.07470	1.06892	1.07470	117.60	4908.00
690	2015.12.01 10:15	sell	298	1.98	1.05779	1.05952	1.05347	0.00	4908.00
691	2015.12.01 10:30	buy	299	3.96	1.05909	1.05779	1.05952	0.00	4908.00
692	2015.12.01 10:46	s/l	298	1.98	1.05952	1.05952	1.05347	-342.54	4565.46
693	2015.12.01 10:47	t/p	299	3.96	1.05952	1.05779	1.05952	170.28	4735.74
694	2015.12.14 09:15	sell	300	0.63	1.09585	1.09735	1.09210	0.00	4735.74
695	2015.12.14 13:25	s/l	300	0.63	1.09735	1.09735	1.09210	-94.50	4641.24
696	2015.12.16 16:30	sell	301	0.60	1.09260	1.09414	1.08875	0.00	4641.24
697	2015.12.16 17:58	s/l	301	0.60	1.09414	1.09414	1.08875	-92.40	4548.84
698	2015.12.21 15:15	buy	302	0.52	1.08708	1.08534	1.09143	0.00	4548.84
699	2015.12.21 15:44	modify	302	0.52	1.08708	1.08718	1.09143	0.00	4548.84
700	2015.12.21 17:27	t/p	302	0.52	1.09143	1.08718	1.09143	226.20	4775.04
701	2015.12.22 10:00	buy	303	1.67	1.09206	1.09007	1.09704	0.00	4775.04
702	2015.12.22 15:14	modify	303	1.67	1.09206	1.09216	1.09704	0.00	4775.04
703	2015.12.22 17:06	t/p	303	1.67	1.09704	1.09216	1.09704	831.66	5606.70
704	2015.12.24 16:45	buy	304	0.47	1.09565	1.09327	1.10160	0.00	5606.70
705	2015.12.28 13:11	modify	304	0.47	1.09565	1.09575	1.10160	0.00	5606.70
706	2015.12.29 15:14	s/l	304	0.47	1.09575	1.09575	1.10160	-7.07	5599.64
707	2015.12.29 15:14	sell	305	1.23	1.09574	1.09755	1.09122	0.00	5599.64
708	2015.12.29 15:37	modify	305	1.23	1.09574	1.09564	1.09122	0.00	5599.64
709	2015.12.29 15:48	t/p	305	1.23	1.09122	1.09564	1.09122	555.96	6155.60
710	2015.12.30 15:30	sell	306	0.78	1.09190	1.09347	1.08798	0.00	6155.60
711	2015.12.30 15:58	s/l	306	0.78	1.09347	1.09347	1.08798	-122.46	6033.14
712	2015.12.30 16:45	sell	307	0.69	1.09274	1.09448	1.08839	0.00	6033.14
713	2015.12.31 12:25	modify	307	0.69	1.09274	1.09264	1.08839	0.00	6033.14
714	2015.12.31 14:39	t/p	307	0.69	1.08839	1.09264	1.08839	305.40	6338.54
715	2016.01.12 08:30	buy	308	2.45	1.08901	1.08720	1.09354	0.00	6338.54
716	2016.01.12 10:31	sell	309	4.90	1.08764	1.08901	1.08720	0.00	6338.54
717	2016.01.12 10:32	s/l	308	2.45	1.08720	1.08720	1.09354	-443.45	5895.09
718	2016.01.12 10:32	t/p	309	4.90	1.08720	1.08901	1.08720	215.60	6110.69
719	2016.01.19 10:45	sell	310	0.77	1.08654	1.08812	1.08259	0.00	6110.69
720	2016.01.19 10:52	s/l	310	0.77	1.08812	1.08812	1.08259	-121.66	5989.03
721	2016.01.25 14:30	sell	311	0.77	1.08113	1.08267	1.07728	0.00	5989.03
722	2016.01.25 15:29	s/l	311	0.77	1.08267	1.08267	1.07728	-118.58	5870.45
723	2016.01.25 15:29	buy	312	0.57	1.08267	1.08064	1.08775	0.00	5870.45
724	2016.01.26 03:06	modify	312	0.57	1.08267	1.08277	1.08775	0.00	5870.45
725	2016.01.26 12:50	s/l	312	0.57	1.08277	1.08277	1.08775	0.94	5871.39
726	2016.01.27 11:00	buy	313	0.72	1.08668	1.08505	1.09076	0.00	5871.39
727	2016.01.27 14:56	modify	313	0.72	1.08668	1.08678	1.09076	0.00	5871.39
728	2016.01.27 15:26	t/p	313	0.72	1.09076	1.08678	1.09076	293.76	6165.15
729	2016.02.03 14:45	buy	314	2.04	1.09295	1.09084	1.09823	0.00	6165.15
730	2016.02.03 15:24	modify	314	2.04	1.09295	1.09305	1.09823	0.00	6165.15
731	2016.02.03 16:45	t/p	314	2.04	1.09823	1.09305	1.09823	1077.12	7242.27
732	2016.02.08 10:15	buy	315	1.90	1.11485	1.11333	1.11865	0.00	7242.27
733	2016.02.08 11:17	modify	315	1.90	1.11485	1.11495	1.11865	0.00	7242.27
734	2016.02.08 13:08	s/l	315	1.90	1.11495	1.11495	1.11865	19.00	7261.27
735	2016.02.17 15:15	sell	316	1.81	1.11355	1.11515	1.10955	0.00	7261.27
736	2016.02.17 16:15	modify	316	1.81	1.11355	1.11345	1.10955	0.00	7261.27
737	2016.02.17 16:44	s/l	316	1.81	1.11345	1.11345	1.10955	18.10	7279.37
738	2016.02.18 10:00	sell	317	0.70	1.11271	1.11477	1.10756	0.00	7279.37
739	2016.02.18 13:58	modify	317	0.70	1.11271	1.11261	1.10756	0.00	7279.37
740	2016.02.18 16:19	t/p	317	0.70	1.10756	1.11261	1.10756	360.50	7639.87
741	2016.02.23 10:30	sell	318	1.71	1.10366	1.10544	1.09921	0.00	7639.87
742	2016.02.23 10:39	buy	319	3.42	1.10500	1.10366	1.10544	0.00	7639.87
743	2016.02.23 10:50	s/l	319	3.42	1.10366	1.10366	1.10544	-458.28	7181.59
744	2016.02.23 11:16	modify	318	1.71	1.10366	1.10356	1.09921	0.00	7181.59
745	2016.02.23 11:34	t/p	318	1.71	1.09921	1.10356	1.09921	760.95	7942.54
746	2016.03.15 11:30	sell	320	1.58	1.10961	1.11161	1.10461	0.00	7942.54
747	2016.03.15 14:30	buy	321	3.16	1.11114	1.10961	1.11161	0.00	7942.54
748	2016.03.15 14:43	s/l	320	1.58	1.11161	1.11161	1.10461	-316.00	7626.54
749	2016.03.15 14:43	t/p	321	3.16	1.11161	1.10961	1.11161	148.52	7775.06
750	2016.03.16 08:45	sell	322	1.01	1.10877	1.11030	1.10495	0.00	7775.06
751	2016.03.16 15:14	modify	322	1.01	1.10877	1.10867	1.10495	0.00	7775.06
752	2016.03.16 19:51	s/l	322	1.01	1.10867	1.10867	1.10495	10.10	7785.16
753	2016.04.11 15:30	buy	323	2.51	1.14056	1.13839	1.14599	0.00	7785.16
754	2016.04.11 16:53	modify	323	2.51	1.14056	1.14066	1.14599	0.00	7785.16
755	2016.04.11 18:57	s/l	323	2.51	1.14066	1.14066	1.14599	25.10	7810.26
756	2016.04.18 15:30	buy	324	1.56	1.13169	1.12969	1.13669	0.00	7810.26
757	2016.04.18 15:35	sell	325	3.12	1.13019	1.13169	1.12969	0.00	7810.26
758	2016.04.18 16:40	s/l	324	1.56	1.12969	1.12969	1.13669	-312.00	7498.26
759	2016.04.18 16:40	t/p	325	3.12	1.12969	1.13169	1.12969	156.00	7654.26
760	2016.04.26 09:15	buy	326	1.00	1.12721	1.12568	1.13104	0.00	7654.26
761	2016.04.26 10:00	s/l	326	1.00	1.12568	1.12568	1.13104	-153.00	7501.26
762	2016.04.26 15:15	buy	327	0.78	1.12873	1.12683	1.13348	0.00	7501.26
763	2016.04.26 15:35	modify	327	0.78	1.12873	1.12883	1.13348	0.00	7501.26
764	2016.04.26 16:23	t/p	327	0.78	1.13348	1.12883	1.13348	370.50	7871.76
765	2016.04.27 09:30	buy	328	3.40	1.13052	1.12890	1.13457	0.00	7871.76
766	2016.04.27 10:38	modify	328	3.40	1.13052	1.13062	1.13457	0.00	7871.76
767	2016.04.27 12:16	s/l	328	3.40	1.13062	1.13062	1.13457	34.00	7905.76
768	2016.04.27 15:30	buy	329	1.53	1.13114	1.12908	1.13629	0.00	7905.76
769	2016.04.27 20:14	modify	329	1.53	1.13114	1.13124	1.13629	0.00	7905.76
770	2016.04.27 21:00	s/l	329	1.53	1.13124	1.13124	1.13629	15.30	7921.06
771	2016.05.09 08:45	sell	330	2.00	1.13988	1.14146	1.13593	0.00	7921.06
772	2016.05.09 09:51	buy	331	4.00	1.14107	1.13988	1.14146	0.00	7921.06
773	2016.05.09 09:52	s/l	330	2.00	1.14146	1.14146	1.13593	-316.00	7605.06
774	2016.05.09 09:52	t/p	331	4.00	1.14146	1.13988	1.14146	156.00	7761.06
775	2016.05.09 10:15	sell	332	0.70	1.13993	1.14214	1.13441	0.00	7761.06
776	2016.05.10 13:58	modify	332	0.70	1.13993	1.13983	1.13441	0.00	7761.06
777	2016.05.10 17:42	s/l	332	0.70	1.13983	1.13983	1.13441	8.78	7769.84
778	2016.05.17 11:45	sell	333	3.10	1.13230	1.13405	1.12793	0.00	7769.84
779	2016.05.17 16:45	buy	334	6.20	1.13362	1.13230	1.13405	0.00	7769.84
780	2016.05.17 16:46	s/l	333	3.10	1.13405	1.13405	1.12793	-542.50	7227.34
781	2016.05.17 16:46	t/p	334	6.20	1.13405	1.13230	1.13405	266.60	7493.94
782	2016.05.23 15:30	sell	335	0.86	1.12019	1.12192	1.11587	0.00	7493.94
783	2016.05.23 20:14	s/l	335	0.86	1.12192	1.12192	1.11587	-148.78	7345.16
784	2016.05.24 10:30	sell	336	0.65	1.11949	1.12175	1.11384	0.00	7345.16
785	2016.05.24 15:31	modify	336	0.65	1.11949	1.11939	1.11384	0.00	7345.16
786	2016.05.24 22:16	t/p	336	0.65	1.11384	1.11939	1.11384	367.25	7712.41
787	2016.06.13 15:30	sell	337	2.68	1.12597	1.12798	1.12095	0.00	7712.41
788	2016.06.13 17:07	buy	338	5.36	1.12748	1.12597	1.12798	0.00	7712.41
789	2016.06.13 17:12	s/l	337	2.68	1.12798	1.12798	1.12095	-538.68	7173.73
790	2016.06.13 17:12	t/p	338	5.36	1.12798	1.12597	1.12798	268.00	7441.73
791	2016.07.04 14:45	buy	339	0.78	1.11379	1.11190	1.11852	0.00	7441.73
792	2016.07.05 10:29	modify	339	0.78	1.11379	1.11389	1.11852	0.00	7441.73
793	2016.07.05 10:30	t/p	339	0.78	1.11852	1.11389	1.11852	362.43	7804.16
794	2016.07.05 15:45	buy	340	2.22	1.11521	1.11276	1.12134	0.00	7804.16
795	2016.07.05 17:26	sell	341	4.44	1.11337	1.11521	1.11276	0.00	7804.16
796	2016.07.05 17:31	s/l	340	2.22	1.11276	1.11276	1.12134	-543.90	7260.26
797	2016.07.05 17:31	t/p	341	4.44	1.11276	1.11521	1.11276	270.84	7531.10
798	2016.07.13 10:15	sell	342	0.74	1.10468	1.10669	1.09966	0.00	7531.10
799	2016.07.13 12:30	s/l	342	0.74	1.10669	1.10669	1.09966	-148.74	7382.36
800	2016.07.21 09:45	buy	343	0.42	1.10426	1.10252	1.10861	0.00	7382.36
801	2016.07.21 10:27	s/l	343	0.42	1.10252	1.10252	1.10861	-73.08	7309.28
802	2016.07.21 10:27	sell	344	0.30	1.10252	1.10489	1.09660	0.00	7309.28
803	2016.07.21 15:40	s/l	344	0.30	1.10489	1.10489	1.09660	-71.10	7238.18
804	2016.08.25 16:00	buy	345	0.37	1.12941	1.12748	1.13424	0.00	7238.18
805	2016.08.25 18:53	s/l	345	0.37	1.12748	1.12748	1.13424	-71.41	7166.77
806	2016.09.13 16:15	sell	346	0.68	1.12266	1.12475	1.11744	0.00	7166.77
807	2016.09.13 17:05	s/l	346	0.68	1.12475	1.12475	1.11744	-142.12	7024.65
808	2016.09.14 10:30	sell	347	0.72	1.12235	1.12430	1.11748	0.00	7024.65
809	2016.09.14 17:22	s/l	347	0.72	1.12430	1.12430	1.11748	-140.40	6884.25
810	2016.09.29 15:45	sell	348	0.34	1.12069	1.12270	1.11567	0.00	6884.25
811	2016.09.29 17:13	s/l	348	0.34	1.12270	1.12270	1.11567	-68.34	6815.91
812	2016.10.03 10:45	buy	349	0.70	1.12377	1.12185	1.12857	0.00	6815.91
813	2016.10.03 17:00	s/l	349	0.70	1.12185	1.12185	1.12857	-134.40	6681.51
814	2016.10.19 14:00	sell	350	0.69	1.09847	1.10038	1.09370	0.00	6681.51
815	2016.10.19 17:50	modify	350	0.69	1.09847	1.09837	1.09370	0.00	6681.51
816	2016.10.20 14:25	s/l	350	0.69	1.09837	1.09837	1.09370	12.15	6693.66
817	2016.10.27 16:15	buy	351	1.52	1.09265	1.09111	1.09650	0.00	6693.66
818	2016.10.27 16:45	sell	352	3.04	1.09149	1.09265	1.09111	0.00	6693.66
819	2016.10.27 17:07	s/l	351	1.52	1.09111	1.09111	1.09650	-234.08	6459.58
820	2016.10.27 17:07	t/p	352	3.04	1.09111	1.09265	1.09111	115.52	6575.10
821	2016.11.23 14:00	sell	353	0.82	1.06221	1.06381	1.05821	0.00	6575.10
822	2016.11.23 15:20	modify	353	0.82	1.06221	1.06211	1.05821	0.00	6575.10
823	2016.11.23 15:31	t/p	353	0.82	1.05821	1.06211	1.05821	328.00	6903.10
824	2016.11.29 09:30	sell	354	2.89	1.05923	1.06090	1.05506	0.00	6903.10
825	2016.11.29 10:00	buy	355	5.78	1.06049	1.05923	1.06090	0.00	6903.10
826	2016.11.29 10:02	s/l	354	2.89	1.06090	1.06090	1.05506	-482.63	6420.47
827	2016.11.29 10:02	t/p	355	5.78	1.06090	1.05923	1.06090	236.98	6657.45
828	2016.11.29 11:00	sell	356	0.56	1.05922	1.06159	1.05330	0.00	6657.45
829	2016.11.29 17:10	s/l	356	0.56	1.06159	1.06159	1.05330	-132.72	6524.73
830	2016.11.30 10:30	buy	357	0.61	1.06382	1.06170	1.06912	0.00	6524.73
831	2016.11.30 15:15	s/l	357	0.61	1.06170	1.06170	1.06912	-129.32	6395.41
832	2016.12.07 10:45	buy	358	0.59	1.07313	1.07097	1.07853	0.00	6395.41
833	2016.12.07 12:06	s/l	358	0.59	1.07097	1.07097	1.07853	-127.44	6267.97
834	2016.12.07 12:06	sell	359	0.52	1.07097	1.07335	1.06502	0.00	6267.97
835	2016.12.07 14:46	s/l	359	0.52	1.07335	1.07335	1.06502	-123.76	6144.21
836	2016.12.14 14:00	buy	360	0.77	1.06484	1.06325	1.06882	0.00	6144.21
837	2016.12.14 16:02	s/l	360	0.77	1.06325	1.06325	1.06882	-122.43	6021.78
838	2016.12.19 09:00	buy	361	0.59	1.04757	1.04554	1.05265	0.00	6021.78
839	2016.12.19 11:47	s/l	361	0.59	1.04554	1.04554	1.05265	-119.77	5902.01
840	2016.12.19 11:47	sell	362	0.71	1.04554	1.04720	1.04139	0.00	5902.01
841	2016.12.19 13:54	modify	362	0.71	1.04554	1.04544	1.04139	0.00	5902.01
842	2016.12.19 15:20	t/p	362	0.71	1.04139	1.04544	1.04139	294.65	6196.66
843	2016.12.22 16:15	buy	363	0.25	1.04507	1.04268	1.05105	0.00	6196.66
844	2016.12.22 17:07	modify	363	0.25	1.04507	1.04517	1.05105	0.00	6196.66
845	2016.12.22 18:02	s/l	363	0.25	1.04517	1.04517	1.05105	2.50	6199.16
846	2016.12.29 11:15	buy	364	1.27	1.04570	1.04400	1.04995	0.00	6199.16
847	2016.12.29 17:57	modify	364	1.27	1.04570	1.04580	1.04995	0.00	6199.16
848	2016.12.30 01:22	t/p	364	1.27	1.04995	1.04580	1.04995	529.15	6728.31
849	2017.01.11 11:15	sell	365	1.69	1.05446	1.05605	1.05049	0.00	6728.31
850	2017.01.11 12:29	modify	365	1.69	1.05446	1.05436	1.05049	0.00	6728.31
851	2017.01.11 14:08	t/p	365	1.69	1.05049	1.05436	1.05049	670.93	7399.24
852	2017.01.16 09:15	sell	366	1.27	1.06079	1.06311	1.05499	0.00	7399.24
853	2017.01.17 05:30	buy	367	2.54	1.06253	1.06079	1.06311	0.00	7399.24
854	2017.01.17 06:10	s/l	366	1.27	1.06311	1.06311	1.05499	-291.42	7107.82
855	2017.01.17 06:10	buy	368	1.54	1.06312	1.06128	1.06772	0.00	7107.82
856	2017.01.17 06:10	t/p	367	2.54	1.06311	1.06079	1.06311	147.32	7255.14
857	2017.01.17 07:59	modify	368	1.54	1.06312	1.06322	1.06772	0.00	7255.14
858	2017.01.17 11:30	t/p	368	1.54	1.06772	1.06322	1.06772	708.40	7963.54
859	2017.01.18 10:15	buy	369	0.75	1.06946	1.06735	1.07474	0.00	7963.54
860	2017.01.18 14:57	s/l	369	0.75	1.06735	1.06735	1.07474	-158.25	7805.29
861	2017.01.26 11:45	sell	370	0.44	1.07280	1.07454	1.06845	0.00	7805.29
862	2017.01.26 15:01	modify	370	0.44	1.07280	1.07270	1.06845	0.00	7805.29
863	2017.01.26 16:20	t/p	370	0.44	1.06845	1.07270	1.06845	191.40	7996.69
864	2017.01.31 10:00	buy	371	3.23	1.06996	1.06823	1.07429	0.00	7996.69
865	2017.01.31 13:40	modify	371	3.23	1.06996	1.07006	1.07429	0.00	7996.69
866	2017.01.31 13:47	t/p	371	3.23	1.07429	1.07006	1.07429	1398.59	9395.28
867	2017.02.02 09:30	buy	372	0.96	1.07950	1.07755	1.08438	0.00	9395.28
868	2017.02.02 15:47	modify	372	0.96	1.07950	1.07960	1.08438	0.00	9395.28
869	2017.02.02 18:17	s/l	372	0.96	1.07960	1.07960	1.08438	9.60	9404.88
870	2017.02.09 15:30	sell	373	1.18	1.06815	1.06974	1.06418	0.00	9404.88
871	2017.02.09 16:49	buy	374	2.36	1.06935	1.06815	1.06974	0.00	9404.88
872	2017.02.09 16:55	s/l	374	2.36	1.06815	1.06815	1.06974	-283.20	9121.68
873	2017.02.09 17:00	modify	373	1.18	1.06815	1.06805	1.06418	0.00	9121.68
874	2017.02.10 09:58	t/p	373	1.18	1.06418	1.06805	1.06418	471.45	9593.14
875	2017.02.20 15:00	sell	375	2.04	1.06094	1.06282	1.05624	0.00	9593.14
876	2017.02.20 16:01	buy	376	4.08	1.06236	1.06094	1.06282	0.00	9593.14
877	2017.02.20 19:56	s/l	376	4.08	1.06094	1.06094	1.06282	-579.36	9013.78
878	2017.02.21 03:19	modify	375	2.04	1.06094	1.06084	1.05624	0.00	9013.78
879	2017.02.21 10:34	t/p	375	2.04	1.05624	1.06084	1.05624	963.97	9977.75
880	2017.02.23 10:15	buy	377	0.84	1.05621	1.05386	1.06209	0.00	9977.75
881	2017.02.23 11:22	sell	378	1.68	1.05444	1.05621	1.05386	0.00	9977.75
882	2017.02.23 12:08	s/l	377	0.84	1.05386	1.05386	1.06209	-197.40	9780.35
883	2017.02.23 12:08	sell	379	0.94	1.05386	1.05593	1.04869	0.00	9780.35
884	2017.02.23 12:08	t/p	378	1.68	1.05386	1.05621	1.05386	97.44	9877.79
885	2017.02.23 14:09	s/l	379	0.94	1.05593	1.05593	1.04869	-194.58	9683.21
886	2017.02.27 10:00	buy	380	0.99	1.05814	1.05620	1.06299	0.00	9683.21
887	2017.02.27 17:59	modify	380	0.99	1.05814	1.05824	1.06299	0.00	9683.21
888	2017.02.27 18:49	t/p	380	0.99	1.06299	1.05824	1.06299	480.15	10163.36
889	2017.02.28 11:15	buy	381	3.97	1.05918	1.05739	1.06366	0.00	10163.36
890	2017.02.28 17:13	modify	381	3.97	1.05918	1.05928	1.06366	0.00	10163.36
891	2017.02.28 21:59	s/l	381	3.97	1.05928	1.05928	1.06366	39.70	10203.06
892	2017.03.02 11:45	sell	382	1.03	1.05257	1.05455	1.04762	0.00	10203.06
893	2017.03.02 21:26	modify	382	1.03	1.05257	1.05247	1.04762	0.00	10203.06
894	2017.03.03 08:51	s/l	382	1.03	1.05247	1.05247	1.04762	12.91	10215.97
895	2017.03.06 15:30	buy	383	2.29	1.06011	1.05833	1.06456	0.00	10215.97
896	2017.03.06 18:27	sell	384	4.58	1.05854	1.06011	1.05833	0.00	10215.97
897	2017.03.06 18:32	s/l	383	2.29	1.05833	1.05833	1.06456	-407.62	9808.35
898	2017.03.06 18:33	t/p	384	4.58	1.05833	1.06011	1.05833	96.18	9904.53
899	2017.03.22 08:45	buy	385	1.18	1.08101	1.07934	1.08519	0.00	9904.53
900	2017.03.22 09:33	s/l	385	1.18	1.07934	1.07934	1.08519	-197.06	9707.47
901	2017.03.22 15:00	buy	386	0.92	1.08040	1.07830	1.08565	0.00	9707.47
902	2017.03.23 03:02	s/l	386	0.92	1.07830	1.07830	1.08565	-216.23	9491.24
903	2017.03.23 03:02	sell	387	0.68	1.07830	1.07968	1.07485	0.00	9491.24
904	2017.03.23 08:28	s/l	387	0.68	1.07968	1.07968	1.07485	-93.84	9397.40
905	2017.03.28 15:30	buy	388	1.02	1.08649	1.08466	1.09107	0.00	9397.40
906	2017.03.28 19:12	s/l	388	1.02	1.08466	1.08466	1.09107	-186.66	9210.74
907	2017.04.06 15:30	sell	389	0.47	1.06577	1.06772	1.06090	0.00	9210.74
908	2017.04.07 14:03	modify	389	0.47	1.06577	1.06567	1.06090	0.00	9210.74
909	2017.04.07 15:30	s/l	389	0.47	1.06567	1.06567	1.06090	5.89	9216.63
910	2017.04.27 15:00	sell	390	1.87	1.08862	1.09034	1.08432	0.00	9216.63
911	2017.04.27 15:34	buy	391	3.74	1.08992	1.08862	1.09034	0.00	9216.63
912	2017.04.27 15:35	s/l	390	1.87	1.09034	1.09034	1.08432	-321.64	8894.99
913	2017.04.27 15:35	t/p	391	3.74	1.09034	1.08862	1.09034	157.08	9052.07
914	2017.05.08 08:45	buy	392	0.86	1.09896	1.09686	1.10421	0.00	9052.07
915	2017.05.08 10:13	s/l	392	0.86	1.09686	1.09686	1.10421	-180.60	8871.47
916	2017.05.08 15:00	sell	393	0.88	1.09381	1.09581	1.08881	0.00	8871.47
917	2017.05.09 09:26	modify	393	0.88	1.09381	1.09371	1.08881	0.00	8871.47
918	2017.05.09 13:46	t/p	393	0.88	1.08881	1.09371	1.08881	442.23	9313.70
919	2017.05.25 10:30	buy	394	2.11	1.12384	1.12230	1.12769	0.00	9313.70
920	2017.05.25 12:15	sell	395	4.22	1.12268	1.12384	1.12230	0.00	9313.70
921	2017.05.25 12:34	s/l	394	2.11	1.12230	1.12230	1.12769	-324.94	8988.76
922	2017.05.25 12:34	t/p	395	4.22	1.12230	1.12384	1.12230	160.36	9149.12
923	2017.05.31 10:00	buy	396	0.91	1.11880	1.11681	1.12378	0.00	9149.12
924	2017.05.31 14:05	modify	396	0.91	1.11880	1.11890	1.12378	0.00	9149.12
925	2017.05.31 16:49	t/p	396	0.91	1.12378	1.11890	1.12378	453.18	9602.30
926	2017.06.05 10:15	buy	397	3.73	1.12759	1.12579	1.13209	0.00	9602.30
927	2017.06.05 12:12	sell	398	7.46	1.12624	1.12759	1.12579	0.00	9602.30
928	2017.06.05 13:22	s/l	397	3.73	1.12579	1.12579	1.13209	-671.40	8930.90
929	2017.06.05 13:22	t/p	398	7.46	1.12579	1.12759	1.12579	335.70	9266.60
930	2017.06.08 11:30	sell	399	0.61	1.12515	1.12666	1.12138	0.00	9266.60
931	2017.06.08 14:46	modify	399	0.61	1.12515	1.12505	1.12138	0.00	9266.60
932	2017.06.08 15:38	t/p	399	0.61	1.12138	1.12505	1.12138	229.97	9496.57
933	2017.06.12 14:15	buy	400	3.61	1.12241	1.12057	1.12701	0.00	9496.57
934	2017.06.12 16:41	sell	401	7.22	1.12103	1.12241	1.12057	0.00	9496.57
935	2017.06.12 16:51	s/l	400	3.61	1.12057	1.12057	1.12701	-664.24	8832.33
936	2017.06.12 16:51	t/p	401	7.22	1.12057	1.12241	1.12057	332.12	9164.45
937	2017.06.21 16:30	sell	402	0.87	1.11336	1.11546	1.10811	0.00	9164.45
938	2017.06.21 21:22	s/l	402	0.87	1.11546	1.11546	1.10811	-182.70	8981.75
939	2017.07.05 11:30	sell	403	1.04	1.13503	1.13675	1.13073	0.00	8981.75
940	2017.07.05 12:00	modify	403	1.04	1.13503	1.13493	1.13073	0.00	8981.75
941	2017.07.05 21:00	s/l	403	1.04	1.13493	1.13493	1.13073	10.40	8992.15
942	2017.07.20 10:30	sell	404	1.58	1.15072	1.15270	1.14577	0.00	8992.15
943	2017.07.20 15:36	buy	405	3.16	1.15221	1.15072	1.15270	0.00	8992.15
944	2017.07.20 15:37	s/l	405	3.16	1.15072	1.15072	1.15270	-470.84	8521.31
945	2017.07.20 15:40	buy	406	3.16	1.15221	1.15072	1.15270	0.00	8521.31
946	2017.07.20 15:43	s/l	404	1.58	1.15270	1.15270	1.14577	-312.84	8208.47
947	2017.07.20 15:43	t/p	406	3.16	1.15270	1.15072	1.15270	154.84	8363.31
948	2017.07.26 16:45	sell	407	0.71	1.16337	1.16572	1.15750	0.00	8363.31
949	2017.07.26 21:01	s/l	407	0.71	1.16572	1.16572	1.15750	-166.85	8196.46
950	2017.07.31 09:00	buy	408	1.00	1.17456	1.17293	1.17864	0.00	8196.46
951	2017.07.31 09:16	s/l	408	1.00	1.17293	1.17293	1.17864	-163.00	8033.46
952	2017.07.31 09:16	sell	409	0.80	1.17293	1.17492	1.16796	0.00	8033.46
953	2017.07.31 16:51	s/l	409	0.80	1.17492	1.17492	1.16796	-159.20	7874.26
954	2017.08.03 10:00	buy	410	0.50	1.18511	1.18354	1.18904	0.00	7874.26
955	2017.08.03 11:00	s/l	410	0.50	1.18354	1.18354	1.18904	-78.50	7795.76
956	2017.08.03 11:00	sell	411	0.58	1.18353	1.18487	1.18018	0.00	7795.76
957	2017.08.03 12:34	s/l	411	0.58	1.18487	1.18487	1.18018	-77.72	7718.04
958	2017.08.07 15:45	sell	412	0.88	1.17887	1.18062	1.17450	0.00	7718.04
959	2017.08.08 04:05	s/l	412	0.88	1.18062	1.18062	1.17450	-151.77	7566.28
960	2017.08.08 04:05	buy	413	1.68	1.18062	1.17972	1.18287	0.00	7566.28
961	2017.08.08 04:51	modify	413	1.68	1.18062	1.18072	1.18287	0.00	7566.28
962	2017.08.08 05:47	s/l	413	1.68	1.18072	1.18072	1.18287	16.80	7583.08
963	2017.08.22 15:45	sell	414	0.77	1.17550	1.17746	1.17060	0.00	7583.08
964	2017.08.23 10:32	s/l	414	0.77	1.17746	1.17746	1.17060	-148.97	7434.11
965	2017.09.06 09:00	buy	415	0.82	1.19253	1.19072	1.19706	0.00	7434.11
966	2017.09.07 10:46	modify	415	0.82	1.19253	1.19263	1.19706	0.00	7434.11
967	2017.09.07 12:21	t/p	415	0.82	1.19706	1.19263	1.19706	350.93	7785.04
968	2017.09.11 10:45	buy	416	2.55	1.20121	1.19908	1.20654	0.00	7785.04
969	2017.09.11 14:38	sell	417	5.10	1.19960	1.20121	1.19908	0.00	7785.04
970	2017.09.11 14:38	s/l	416	2.55	1.19908	1.19908	1.20654	-543.15	7241.89
971	2017.09.11 14:38	t/p	417	5.10	1.19908	1.20121	1.19908	265.20	7507.09
972	2017.09.12 11:30	sell	418	0.92	1.19614	1.19776	1.19209	0.00	7507.09
973	2017.09.12 13:45	modify	418	0.92	1.19614	1.19604	1.19209	0.00	7507.09
974	2017.09.12 17:18	s/l	418	0.92	1.19604	1.19604	1.19209	9.20	7516.29
975	2017.09.13 10:30	buy	419	2.68	1.19861	1.19665	1.20351	0.00	7516.29
976	2017.09.13 12:41	sell	420	5.36	1.19713	1.19861	1.19665	0.00	7516.29
977	2017.09.13 12:53	s/l	419	2.68	1.19665	1.19665	1.20351	-525.28	6991.01
978	2017.09.13 12:53	t/p	420	5.36	1.19665	1.19861	1.19665	257.28	7248.29
979	2017.09.13 14:00	buy	421	0.84	1.19866	1.19695	1.20294	0.00	7248.29
980	2017.09.13 16:01	s/l	421	0.84	1.19695	1.19695	1.20294	-143.64	7104.65
981	2017.09.18 15:30	buy	422	0.79	1.19576	1.19397	1.20024	0.00	7104.65
982	2017.09.18 18:53	s/l	422	0.79	1.19397	1.19397	1.20024	-141.41	6963.24
983	2017.09.28 16:00	sell	423	0.35	1.17668	1.17863	1.17181	0.00	6963.24
984	2017.09.28 16:20	s/l	423	0.35	1.17863	1.17863	1.17181	-68.25	6894.99
985	2017.09.28 16:20	buy	424	0.31	1.17863	1.17644	1.18411	0.00	6894.99
986	2017.09.29 15:30	modify	424	0.31	1.17863	1.17873	1.18411	0.00	6894.99
987	2017.10.02 04:10	s/l	424	0.31	1.17873	1.17873	1.18411	-2.07	6892.92
988	2017.10.03 15:45	sell	425	0.80	1.17382	1.17553	1.16955	0.00	6892.92
989	2017.10.03 16:24	s/l	425	0.80	1.17553	1.17553	1.16955	-136.80	6756.12
990	2017.10.03 16:24	buy	426	0.68	1.17553	1.17357	1.18043	0.00	6756.12
991	2017.10.04 00:51	s/l	426	0.68	1.17357	1.17357	1.18043	-138.95	6617.17
992	2017.10.19 09:45	buy	427	0.38	1.18123	1.17952	1.18551	0.00	6617.17
993	2017.10.19 11:09	s/l	427	0.38	1.17952	1.17952	1.18551	-64.98	6552.19
994	2017.10.19 11:09	sell	428	0.27	1.17952	1.18189	1.17360	0.00	6552.19
995	2017.10.19 13:21	s/l	428	0.27	1.18189	1.18189	1.17360	-63.99	6488.20
996	2017.10.31 10:30	sell	429	0.75	1.16350	1.16521	1.15923	0.00	6488.20
997	2017.10.31 18:26	s/l	429	0.75	1.16521	1.16521	1.15923	-128.25	6359.95
998	2017.11.06 09:15	sell	430	0.68	1.15999	1.16185	1.15534	0.00	6359.95
999	2017.11.07 10:43	modify	430	0.68	1.15999	1.15989	1.15534	0.00	6359.95
1000	2017.11.08 01:19	s/l	430	0.68	1.15989	1.15989	1.15534	10.25	6370.19
1001	2017.11.08 14:15	sell	431	2.73	1.15881	1.16044	1.15474	0.00	6370.19
1002	2017.11.08 16:34	buy	432	5.46	1.16004	1.15881	1.16044	0.00	6370.19
1003	2017.11.08 17:58	s/l	432	5.46	1.15881	1.15881	1.16044	-671.58	5698.61
1004	2017.11.09 07:26	buy	433	5.46	1.16004	1.15881	1.16044	0.00	5698.61
1005	2017.11.09 07:31	s/l	431	2.73	1.16044	1.16044	1.15474	-424.22	5274.39
1006	2017.11.09 07:31	t/p	433	5.46	1.16044	1.15881	1.16044	218.40	5492.79
1007	2017.11.09 16:45	buy	434	0.24	1.16204	1.15982	1.16759	0.00	5492.79
1008	2017.11.09 18:46	modify	434	0.24	1.16204	1.16214	1.16759	0.00	5492.79
1009	2017.11.10 17:30	t/p	434	0.24	1.16759	1.16214	1.16759	131.20	5623.99
1010	2017.11.16 08:30	buy	435	1.01	1.17957	1.17763	1.18442	0.00	5623.99
1011	2017.11.16 09:15	sell	436	2.02	1.17810	1.17957	1.17763	0.00	5623.99
1012	2017.11.16 09:36	s/l	435	1.01	1.17763	1.17763	1.18442	-195.94	5428.05
1013	2017.11.16 09:37	t/p	436	2.02	1.17763	1.17957	1.17763	94.94	5522.99
1014	2017.11.22 16:30	buy	437	0.48	1.17671	1.17445	1.18236	0.00	5522.99
1015	2017.11.22 21:01	modify	437	0.48	1.17671	1.17681	1.18236	0.00	5522.99
1016	2017.11.22 21:30	t/p	437	0.48	1.18236	1.17681	1.18236	271.20	5794.19
1017	2017.11.28 10:15	buy	438	2.04	1.19040	1.18842	1.19535	0.00	5794.19
1018	2017.11.28 11:19	sell	439	4.08	1.18891	1.19040	1.18842	0.00	5794.19
1019	2017.11.28 12:08	s/l	438	2.04	1.18842	1.18842	1.19535	-403.92	5390.27
1020	2017.11.28 12:09	t/p	439	4.08	1.18842	1.19040	1.18842	199.92	5590.19
1021	2017.11.28 16:30	sell	440	0.67	1.18844	1.19010	1.18429	0.00	5590.19
1022	2017.11.28 20:20	modify	440	0.67	1.18844	1.18834	1.18429	0.00	5590.19
1023	2017.11.28 21:21	t/p	440	0.67	1.18429	1.18834	1.18429	278.05	5868.24
1024	2017.12.06 09:45	sell	441	1.90	1.18199	1.18415	1.17659	0.00	5868.24
1025	2017.12.06 16:58	modify	441	1.90	1.18199	1.18189	1.17659	0.00	5868.24
1026	2017.12.08 03:43	t/p	441	1.90	1.17659	1.18189	1.17659	1045.27	6913.52
1027	2017.12.21 15:45	buy	442	0.80	1.18695	1.18524	1.19123	0.00	6913.52
1028	2017.12.21 16:00	sell	443	1.60	1.18566	1.18695	1.18524	0.00	6913.52
1029	2017.12.21 16:09	s/l	442	0.80	1.18524	1.18524	1.19123	-136.80	6776.72
1030	2017.12.21 16:09	t/p	443	1.60	1.18524	1.18695	1.18524	67.20	6843.92
1031	2018.01.18 15:45	buy	444	0.37	1.22434	1.22252	1.22889	0.00	6843.92
1032	2018.01.18 19:51	s/l	444	0.37	1.22252	1.22252	1.22889	-67.34	6776.58
1033	2018.01.29 08:30	sell	445	0.78	1.24115	1.24288	1.23683	0.00	6776.58
1034	2018.01.29 09:08	s/l	445	0.78	1.24288	1.24288	1.23683	-134.94	6641.64
1035	2018.01.29 09:30	sell	446	0.58	1.24081	1.24309	1.23511	0.00	6641.64
1036	2018.01.29 15:27	modify	446	0.58	1.24081	1.24071	1.23511	0.00	6641.64
1037	2018.01.29 16:36	t/p	446	0.58	1.23511	1.24071	1.23511	330.60	6972.24
1038	2018.02.01 08:15	sell	447	1.27	1.24092	1.24284	1.23612	0.00	6972.24
1039	2018.02.01 10:13	buy	448	2.54	1.24237	1.24092	1.24284	0.00	6972.24
1040	2018.02.01 10:14	s/l	447	1.27	1.24284	1.24284	1.23612	-243.84	6728.40
1041	2018.02.01 10:14	t/p	448	2.54	1.24284	1.24092	1.24284	119.38	6847.78
1042	2018.02.05 14:00	sell	449	0.78	1.24476	1.24651	1.24039	0.00	6847.78
1043	2018.02.05 16:05	modify	449	0.78	1.24476	1.24466	1.24039	0.00	6847.78
1044	2018.02.05 16:40	t/p	449	0.78	1.24039	1.24466	1.24039	340.86	7188.64
1045	2018.02.07 08:15	sell	450	3.04	1.23774	1.23939	1.23362	0.00	7188.64
1046	2018.02.07 08:46	buy	451	6.08	1.23899	1.23774	1.23939	0.00	7188.64
1047	2018.02.07 08:47	s/l	450	3.04	1.23939	1.23939	1.23362	-501.60	6687.04
1048	2018.02.07 08:47	t/p	451	6.08	1.23939	1.23774	1.23939	243.20	6930.24
1049	2018.02.07 11:15	sell	452	0.60	1.23676	1.23904	1.23106	0.00	6930.24
1050	2018.02.07 16:06	modify	452	0.60	1.23676	1.23666	1.23106	0.00	6930.24
1051	2018.02.07 17:30	t/p	452	0.60	1.23106	1.23666	1.23106	342.00	7272.24
1052	2018.02.12 14:15	sell	453	3.32	1.22619	1.22772	1.22237	0.00	7272.24
1053	2018.02.12 15:34	modify	453	3.32	1.22619	1.22609	1.22237	0.00	7272.24
1054	2018.02.12 16:43	s/l	453	3.32	1.22609	1.22609	1.22237	33.20	7305.44
1055	2018.02.26 09:45	buy	454	1.55	1.23322	1.23134	1.23792	0.00	7305.44
1056	2018.02.26 10:01	sell	455	3.10	1.23181	1.23322	1.23134	0.00	7305.44
1057	2018.02.26 10:10	s/l	455	3.10	1.23322	1.23322	1.23134	-437.10	6868.34
1058	2018.02.26 10:32	sell	456	3.10	1.23181	1.23322	1.23134	0.00	6868.34
1059	2018.02.26 11:14	s/l	456	3.10	1.23322	1.23322	1.23134	-437.10	6431.24
1060	2018.02.26 15:12	sell	457	3.10	1.23181	1.23322	1.23134	0.00	6431.24
1061	2018.02.26 15:47	s/l	454	1.55	1.23134	1.23134	1.23792	-291.40	6139.84
1062	2018.02.26 15:49	t/p	457	3.10	1.23134	1.23322	1.23134	145.70	6285.54
1063	2018.02.27 08:30	buy	458	0.82	1.23331	1.23179	1.23711	0.00	6285.54
1064	2018.02.27 13:41	s/l	458	0.82	1.23179	1.23179	1.23711	-124.64	6160.90
1065	2018.03.06 10:30	buy	459	0.70	1.23436	1.23260	1.23876	0.00	6160.90
1066	2018.03.06 13:23	modify	459	0.70	1.23436	1.23446	1.23876	0.00	6160.90
1067	2018.03.06 13:32	t/p	459	0.70	1.23876	1.23446	1.23876	308.00	6468.90
1068	2018.03.08 09:45	buy	460	1.13	1.24118	1.23919	1.24616	0.00	6468.90
1069	2018.03.08 10:49	sell	461	2.26	1.23968	1.24118	1.23919	0.00	6468.90
1070	2018.03.08 10:52	s/l	460	1.13	1.23919	1.23919	1.24616	-224.87	6244.03
1071	2018.03.08 10:52	t/p	461	2.26	1.23919	1.24118	1.23919	110.74	6354.77
1072	2018.04.03 15:45	sell	462	0.55	1.22940	1.23169	1.22368	0.00	6354.77
1073	2018.04.03 16:29	modify	462	0.55	1.22940	1.22930	1.22368	0.00	6354.77
1074	2018.04.04 10:59	s/l	462	0.55	1.22930	1.22930	1.22368	6.89	6361.66
1075	2018.04.04 15:15	sell	463	2.80	1.22759	1.22918	1.22362	0.00	6361.66
1076	2018.04.04 15:43	buy	464	5.60	1.22879	1.22759	1.22918	0.00	6361.66
1077	2018.04.04 15:49	s/l	463	2.80	1.22918	1.22918	1.22362	-445.20	5916.46
1078	2018.04.04 15:49	t/p	464	5.60	1.22918	1.22759	1.22918	218.40	6134.86
1079	2018.04.09 14:45	buy	465	0.78	1.22796	1.22640	1.23186	0.00	6134.86
1080	2018.04.09 15:13	modify	465	0.78	1.22796	1.22806	1.23186	0.00	6134.86
1081	2018.04.09 16:05	t/p	465	0.78	1.23186	1.22806	1.23186	304.20	6439.06
1082	2018.04.18 11:15	buy	466	2.57	1.23700	1.23525	1.24138	0.00	6439.06
1083	2018.04.18 12:00	sell	467	5.14	1.23568	1.23700	1.23525	0.00	6439.06
1084	2018.04.18 12:00	s/l	466	2.57	1.23525	1.23525	1.24138	-449.75	5989.31
1085	2018.04.18 12:00	t/p	467	5.14	1.23525	1.23700	1.23525	221.02	6210.33
1086	2018.05.03 16:00	sell	468	0.26	1.19795	1.20031	1.19205	0.00	6210.33
1087	2018.05.03 21:44	s/l	468	0.26	1.20031	1.20031	1.19205	-61.36	6148.97
1088	2018.05.08 10:00	sell	469	0.71	1.19179	1.19351	1.18749	0.00	6148.97
1089	2018.05.08 11:27	modify	469	0.71	1.19179	1.19169	1.18749	0.00	6148.97
1090	2018.05.08 12:42	t/p	469	0.71	1.18749	1.19169	1.18749	305.30	6454.27
1091	2018.05.10 10:15	sell	470	1.08	1.18604	1.18812	1.18084	0.00	6454.27
1092	2018.05.10 11:52	buy	471	2.16	1.18761	1.18604	1.18812	0.00	6454.27
1093	2018.05.10 12:15	s/l	470	1.08	1.18812	1.18812	1.18084	-224.64	6229.63
1094	2018.05.10 12:15	t/p	471	2.16	1.18812	1.18604	1.18812	110.16	6339.79
1095	2018.05.15 11:00	sell	472	0.79	1.19231	1.19391	1.18831	0.00	6339.79
1096	2018.05.15 14:10	modify	472	0.79	1.19231	1.19221	1.18831	0.00	6339.79
1097	2018.05.15 14:28	t/p	472	0.79	1.18831	1.19221	1.18831	316.00	6655.79
1098	2018.05.17 09:15	sell	473	1.03	1.18149	1.18374	1.17587	0.00	6655.79
1099	2018.05.17 13:27	modify	473	1.03	1.18149	1.18139	1.17587	0.00	6655.79
1100	2018.05.18 08:58	s/l	473	1.03	1.18139	1.18139	1.17587	12.91	6668.70
1101	2018.06.12 15:00	buy	474	1.37	1.17935	1.17741	1.18420	0.00	6668.70
1102	2018.06.12 15:28	sell	475	2.74	1.17789	1.17935	1.17741	0.00	6668.70
1103	2018.06.12 15:32	s/l	475	2.74	1.17935	1.17935	1.17741	-400.04	6268.66
1104	2018.06.12 19:29	sell	476	2.74	1.17789	1.17935	1.17741	0.00	6268.66
1105	2018.06.12 19:58	s/l	474	1.37	1.17741	1.17741	1.18420	-265.78	6002.88
1106	2018.06.12 19:58	t/p	476	2.74	1.17741	1.17935	1.17741	131.52	6134.40
1107	2018.06.13 09:15	sell	477	0.81	1.17397	1.17548	1.17020	0.00	6134.40
1108	2018.06.13 12:52	s/l	477	0.81	1.17548	1.17548	1.17020	-122.31	6012.09
1109	2018.06.20 10:00	sell	478	0.61	1.15667	1.15862	1.15180	0.00	6012.09
1110	2018.06.20 10:42	s/l	478	0.61	1.15862	1.15862	1.15180	-118.95	5893.14
1111	2018.06.21 11:15	sell	479	0.37	1.15541	1.15697	1.15151	0.00	5893.14
1112	2018.06.21 11:50	modify	479	0.37	1.15541	1.15531	1.15151	0.00	5893.14
1113	2018.06.21 12:02	t/p	479	0.37	1.15151	1.15531	1.15151	144.30	6037.44
1114	2018.06.27 08:15	sell	480	2.23	1.16401	1.16590	1.15929	0.00	6037.44
1115	2018.06.27 08:52	buy	481	4.46	1.16543	1.16401	1.16590	0.00	6037.44
1116	2018.06.27 09:09	s/l	480	2.23	1.16590	1.16590	1.15929	-421.47	5615.97
1117	2018.06.27 09:11	t/p	481	4.46	1.16590	1.16401	1.16590	209.62	5825.59
1118	2018.06.27 10:45	sell	482	0.59	1.16544	1.16741	1.16052	0.00	5825.59
1119	2018.06.27 11:35	modify	482	0.59	1.16544	1.16534	1.16052	0.00	5825.59
1120	2018.06.27 15:48	t/p	482	0.59	1.16052	1.16534	1.16052	290.28	6115.87
1121	2018.07.05 08:30	buy	483	1.30	1.16643	1.16479	1.17053	0.00	6115.87
1122	2018.07.05 08:51	modify	483	1.30	1.16643	1.16653	1.17053	0.00	6115.87
1123	2018.07.05 09:37	t/p	483	1.30	1.17053	1.16653	1.17053	533.00	6648.87
1124	2018.07.10 09:45	buy	484	1.58	1.17465	1.17297	1.17885	0.00	6648.87
1125	2018.07.10 11:36	sell	485	3.16	1.17339	1.17465	1.17297	0.00	6648.87
1126	2018.07.10 11:39	s/l	484	1.58	1.17297	1.17297	1.17885	-265.44	6383.43
1127	2018.07.10 11:39	t/p	485	3.16	1.17297	1.17465	1.17297	132.72	6516.15
1128	2018.07.10 11:45	sell	486	0.54	1.17264	1.17505	1.16662	0.00	6516.15
1129	2018.07.11 15:45	s/l	486	0.54	1.17505	1.17505	1.16662	-128.77	6387.38
1130	2018.07.24 11:30	sell	487	0.66	1.16796	1.16988	1.16316	0.00	6387.38
1131	2018.07.24 13:09	s/l	487	0.66	1.16988	1.16988	1.16316	-126.72	6260.66
1132	2018.07.24 16:45	buy	488	0.71	1.17052	1.16876	1.17492	0.00	6260.66
1133	2018.07.24 18:51	s/l	488	0.71	1.16876	1.16876	1.17492	-124.96	6135.70
1134	2018.07.25 16:00	buy	489	0.78	1.16990	1.16834	1.17380	0.00	6135.70
1135	2018.07.25 17:43	s/l	489	0.78	1.16834	1.16834	1.17380	-121.68	6014.02
1136	2018.08.01 16:45	sell	490	0.79	1.16783	1.16935	1.16403	0.00	6014.02
1137	2018.08.02 05:44	modify	490	0.79	1.16783	1.16773	1.16403	0.00	6014.02
1138	2018.08.02 09:35	t/p	490	0.79	1.16403	1.16773	1.16403	306.21	6320.23
1139	2018.08.16 11:30	buy	491	0.97	1.13776	1.13548	1.14346	0.00	6320.23
1140	2018.08.16 14:00	sell	492	1.94	1.13604	1.13776	1.13548	0.00	6320.23
1141	2018.08.16 14:28	s/l	492	1.94	1.13776	1.13776	1.13548	-333.68	5986.55
1142	2018.08.16 19:50	sell	493	1.94	1.13605	1.13776	1.13548	0.00	5986.55
1143	2018.08.16 20:47	s/l	491	0.97	1.13548	1.13548	1.14346	-221.16	5765.39
1144	2018.08.16 20:47	t/p	493	1.94	1.13548	1.13776	1.13548	110.58	5875.97
1145	2018.08.27 14:15	buy	494	0.77	1.16177	1.16026	1.16555	0.00	5875.97
1146	2018.08.27 15:20	modify	494	0.77	1.16177	1.16187	1.16555	0.00	5875.97
1147	2018.08.27 16:48	t/p	494	0.77	1.16555	1.16187	1.16555	291.06	6167.03
1148	2018.09.05 09:15	sell	495	2.84	1.15819	1.15971	1.15439	0.00	6167.03
1149	2018.09.05 10:16	modify	495	2.84	1.15819	1.15809	1.15439	0.00	6167.03
1150	2018.09.05 10:22	t/p	495	2.84	1.15439	1.15809	1.15439	1079.20	7246.23
1151	2018.09.06 10:30	buy	496	0.64	1.16337	1.16114	1.16895	0.00	7246.23
1152	2018.09.06 12:42	sell	497	1.28	1.16169	1.16337	1.16114	0.00	7246.23
1153	2018.09.06 14:53	s/l	497	1.28	1.16337	1.16337	1.16114	-215.04	7031.19
1154	2018.09.06 18:05	sell	498	1.28	1.16168	1.16337	1.16114	0.00	7031.19
1155	2018.09.06 18:06	s/l	496	0.64	1.16114	1.16114	1.16895	-142.72	6888.47
1156	2018.09.06 18:06	t/p	498	1.28	1.16114	1.16337	1.16114	69.12	6957.59
1157	2018.09.12 11:45	sell	499	0.59	1.15831	1.16064	1.15249	0.00	6957.59
1158	2018.09.12 17:01	s/l	499	0.59	1.16064	1.16064	1.15249	-137.47	6820.12
1159	2018.09.25 11:45	buy	500	0.54	1.17560	1.17311	1.18183	0.00	6820.12
1160	2018.09.26 15:20	s/l	500	0.54	1.17311	1.17311	1.18183	-138.97	6681.16
1161	2018.09.26 15:20	sell	501	0.80	1.17311	1.17478	1.16894	0.00	6681.16
1162	2018.09.26 17:45	s/l	501	0.80	1.17478	1.17478	1.16894	-133.60	6547.56
1163	2018.10.10 14:00	buy	502	0.75	1.15026	1.14853	1.15459	0.00	6547.56
1164	2018.10.10 17:09	modify	502	0.75	1.15026	1.15036	1.15459	0.00	6547.56
1165	2018.10.11 04:51	t/p	502	0.75	1.15459	1.15036	1.15459	305.98	6853.53
1166	2018.10.16 10:30	buy	503	2.05	1.15911	1.15678	1.16494	0.00	6853.53
1167	2018.10.16 12:06	sell	504	4.10	1.15736	1.15911	1.15678	0.00	6853.53
1168	2018.10.16 12:23	s/l	503	2.05	1.15678	1.15678	1.16494	-477.65	6375.88
1169	2018.10.16 12:23	t/p	504	4.10	1.15678	1.15911	1.15678	237.80	6613.68
1170	2018.10.18 15:15	sell	505	0.39	1.15042	1.15208	1.14627	0.00	6613.68
1171	2018.10.18 19:15	modify	505	0.39	1.15042	1.15032	1.14627	0.00	6613.68
1172	2018.10.18 20:19	t/p	505	0.39	1.14627	1.15032	1.14627	161.85	6775.53
1173	2018.10.25 16:15	sell	506	1.00	1.14105	1.14342	1.13513	0.00	6775.53
1174	2018.10.25 16:40	modify	506	1.00	1.14105	1.14095	1.13513	0.00	6775.53
1175	2018.10.26 12:53	t/p	506	1.00	1.13513	1.14095	1.13513	594.54	7370.07
1176	2018.11.08 09:15	sell	507	0.69	1.14158	1.14369	1.13631	0.00	7370.07
1177	2018.11.08 09:43	buy	508	1.38	1.14317	1.14158	1.14369	0.00	7370.07
1178	2018.11.08 10:02	s/l	507	0.69	1.14369	1.14369	1.13631	-145.59	7224.48
1179	2018.11.08 10:02	t/p	508	1.38	1.14369	1.14158	1.14369	71.76	7296.24
1180	2018.11.08 11:00	sell	509	0.43	1.14295	1.14463	1.13875	0.00	7296.24
1181	2018.11.08 13:34	modify	509	0.43	1.14295	1.14285	1.13875	0.00	7296.24
1182	2018.11.08 15:15	s/l	509	0.43	1.14285	1.14285	1.13875	4.30	7300.54
1183	2018.11.21 11:45	sell	510	2.06	1.13826	1.14073	1.13209	0.00	7300.54
1184	2018.11.21 12:04	buy	511	4.12	1.14013	1.13826	1.14073	0.00	7300.54
1185	2018.11.21 12:33	s/l	511	4.12	1.13826	1.13826	1.14073	-770.44	6530.10
1186	2018.11.21 13:22	buy	512	4.12	1.14012	1.13826	1.14073	0.00	6530.10
1187	2018.11.21 13:23	s/l	510	2.06	1.14073	1.14073	1.13209	-508.82	6021.28
1188	2018.11.21 13:23	t/p	512	4.12	1.14073	1.13826	1.14073	251.32	6272.60
1189	2018.11.26 15:00	sell	513	0.83	1.13561	1.13712	1.13184	0.00	6272.60
1190	2018.11.26 15:34	s/l	513	0.83	1.13712	1.13712	1.13184	-125.33	6147.27
1191	2018.12.13 15:30	buy	514	0.25	1.13807	1.13570	1.14400	0.00	6147.27
1192	2018.12.13 15:38	s/l	514	0.25	1.13570	1.13570	1.14400	-59.25	6088.02
1193	2018.12.27 09:45	sell	515	0.38	1.13748	1.13907	1.13351	0.00	6088.02
1194	2018.12.27 10:24	s/l	515	0.38	1.13907	1.13907	1.13351	-60.42	6027.60
1195	2018.12.27 10:24	buy	516	0.30	1.13907	1.13708	1.14405	0.00	6027.60
1196	2018.12.27 14:58	s/l	516	0.30	1.13708	1.13708	1.14405	-59.70	5967.90
1197	2018.12.31 10:00	buy	517	0.57	1.14428	1.14219	1.14951	0.00	5967.90
1198	2019.01.02 07:58	modify	517	0.57	1.14428	1.14438	1.14951	0.00	5967.90
1199	2019.01.02 08:10	t/p	517	0.57	1.14951	1.14438	1.14951	288.60	6256.50
1200	2019.01.09 15:45	buy	518	2.51	1.14633	1.14459	1.15068	0.00	6256.50
1201	2019.01.09 16:35	modify	518	2.51	1.14633	1.14643	1.15068	0.00	6256.50
1202	2019.01.09 16:36	t/p	518	2.51	1.15068	1.14643	1.15068	1091.85	7348.35
1203	2019.01.14 14:45	sell	519	1.81	1.14570	1.14732	1.14165	0.00	7348.35
1204	2019.01.14 15:07	buy	520	3.62	1.14692	1.14570	1.14732	0.00	7348.35
1205	2019.01.14 15:44	s/l	520	3.62	1.14570	1.14570	1.14732	-441.64	6906.71
1206	2019.01.14 17:09	buy	521	3.62	1.14692	1.14570	1.14732	0.00	6906.71
1207	2019.01.14 17:55	s/l	519	1.81	1.14732	1.14732	1.14165	-293.22	6613.49
1208	2019.01.14 17:55	t/p	521	3.62	1.14732	1.14570	1.14732	144.80	6758.29
1209	2019.01.17 15:45	sell	522	0.35	1.13876	1.14064	1.13406	0.00	6758.29
1210	2019.01.18 12:02	s/l	522	0.35	1.14064	1.14064	1.13406	-64.91	6693.37
1211	2019.01.30 10:30	buy	523	0.75	1.14396	1.14218	1.14841	0.00	6693.37
1212	2019.01.30 13:11	s/l	523	0.75	1.14218	1.14218	1.14841	-133.50	6559.87
1213	2019.02.13 14:00	buy	524	0.63	1.13294	1.13087	1.13812	0.00	6559.87
1214	2019.02.13 14:54	s/l	524	0.63	1.13087	1.13087	1.13812	-130.41	6429.46
1215	2019.02.20 14:30	buy	525	0.70	1.13406	1.13223	1.13864	0.00	6429.46
1216	2019.02.20 18:51	modify	525	0.70	1.13406	1.13416	1.13864	0.00	6429.46
1217	2019.02.20 21:11	s/l	525	0.70	1.13416	1.13416	1.13864	7.00	6436.46
1218	2019.03.11 15:30	buy	526	2.08	1.12518	1.12302	1.13058	0.00	6436.46
1219	2019.03.11 16:51	sell	527	4.16	1.12356	1.12518	1.12302	0.00	6436.46
1220	2019.03.11 17:51	s/l	526	2.08	1.12302	1.12302	1.13058	-449.28	5987.18
1221	2019.03.11 17:51	t/p	527	4.16	1.12302	1.12518	1.12302	224.64	6211.82
1222	2019.03.14 09:30	buy	528	0.40	1.13253	1.13098	1.13641	0.00	6211.82
1223	2019.03.14 12:01	s/l	528	0.40	1.13098	1.13098	1.13641	-62.00	6149.82
1224	2019.10.03 15:45	buy	529	0.38	1.09621	1.09460	1.10024	0.00	6149.82
1225	2019.10.03 17:00	modify	529	0.38	1.09621	1.09631	1.10024	0.00	6149.82
1226	2019.10.03 23:59	s/l	529	0.38	1.09631	1.09631	1.10024	3.80	6153.62
1227	2019.10.16 15:45	buy	530	1.85	1.10442	1.10210	1.11022	0.00	6153.62
1228	2019.10.16 19:25	modify	530	1.85	1.10442	1.10452	1.11022	0.00	6153.62
1229	2019.10.17 12:30	t/p	530	1.85	1.11022	1.10452	1.11022	1026.69	7180.31
1230	2019.11.07 16:00	sell	531	0.83	1.10670	1.10843	1.10238	0.00	7180.31
1231	2019.11.07 17:57	modify	531	0.83	1.10670	1.10660	1.10238	0.00	7180.31
1232	2019.11.08 17:02	t/p	531	0.83	1.10238	1.10660	1.10238	360.66	7540.98
1233	2020.02.24 10:30	buy	532	1.63	1.08283	1.08099	1.08743	0.00	7540.98
1234	2020.02.24 11:49	sell	533	3.26	1.08142	1.08283	1.08099	0.00	7540.98
1235	2020.02.24 14:29	s/l	533	3.26	1.08283	1.08283	1.08099	-459.66	7081.32
1236	2020.02.24 15:11	sell	534	3.26	1.08142	1.08283	1.08099	0.00	7081.32
1237	2020.02.24 16:20	s/l	534	3.26	1.08283	1.08283	1.08099	-459.66	6621.66
1238	2020.02.24 17:07	modify	532	1.63	1.08283	1.08293	1.08743	0.00	6621.66
1239	2020.02.25 18:16	t/p	532	1.63	1.08743	1.08293	1.08743	736.20	7357.86
1240	2020.03.04 10:00	buy	535	1.79	1.11594	1.11430	1.12004	0.00	7357.86
1241	2020.03.04 10:42	modify	535	1.79	1.11594	1.11604	1.12004	0.00	7357.86
1242	2020.03.04 11:04	s/l	535	1.79	1.11604	1.11604	1.12004	17.90	7375.76
1243	2020.04.06 09:15	sell	536	1.31	1.08149	1.08374	1.07587	0.00	7375.76
1244	2020.04.06 15:45	modify	536	1.31	1.08149	1.08139	1.07587	0.00	7375.76
1245	2020.04.06 18:24	s/l	536	1.31	1.08139	1.08139	1.07587	13.10	7388.86
1246	2020.04.09 15:15	buy	537	0.75	1.08670	1.08475	1.09158	0.00	7388.86
1247	2020.04.09 15:53	modify	537	0.75	1.08670	1.08680	1.09158	0.00	7388.86
1248	2020.04.09 16:13	t/p	537	0.75	1.09158	1.08680	1.09158	366.00	7754.86
1249	2020.04.13 09:30	buy	538	1.78	1.09488	1.09314	1.09923	0.00	7754.86
1250	2020.04.13 11:16	sell	539	3.56	1.09356	1.09488	1.09314	0.00	7754.86
1251	2020.04.13 11:20	s/l	538	1.78	1.09314	1.09314	1.09923	-309.72	7445.14
1252	2020.04.13 11:20	t/p	539	3.56	1.09314	1.09488	1.09314	149.52	7594.66
1253	2020.04.13 15:00	buy	540	0.65	1.09303	1.09072	1.09881	0.00	7594.66
1254	2020.04.13 16:29	s/l	540	0.65	1.09072	1.09072	1.09881	-150.15	7444.51
1255	2020.04.20 08:45	sell	541	0.73	1.08528	1.08731	1.08021	0.00	7444.51
1256	2020.04.20 11:46	s/l	541	0.73	1.08731	1.08731	1.08021	-148.19	7296.32
1257	2020.04.20 11:46	buy	542	0.92	1.08731	1.08574	1.09124	0.00	7296.32
1258	2020.04.20 14:08	s/l	542	0.92	1.08574	1.08574	1.09124	-144.44	7151.88
1259	2020.04.28 10:30	buy	543	0.61	1.08307	1.08076	1.08885	0.00	7151.88
1260	2020.04.28 12:20	modify	543	0.61	1.08307	1.08317	1.08885	0.00	7151.88
1261	2020.04.28 17:59	s/l	543	0.61	1.08317	1.08317	1.08885	6.10	7157.98
1262	2020.04.29 16:00	buy	544	2.53	1.08573	1.08375	1.09068	0.00	7157.98
1263	2020.04.30 10:05	modify	544	2.53	1.08573	1.08583	1.09068	0.00	7157.98
1264	2020.04.30 16:08	s/l	544	2.53	1.08583	1.08583	1.09068	-38.03	7119.95
1265	2020.05.07 11:00	sell	545	0.36	1.07988	1.08182	1.07503	0.00	7119.95
1266	2020.05.07 17:03	modify	545	0.36	1.07988	1.07978	1.07503	0.00	7119.95
1267	2020.05.07 18:45	s/l	545	0.36	1.07978	1.07978	1.07503	3.60	7123.55
1268	2020.05.12 10:45	sell	546	2.38	1.08086	1.08295	1.07564	0.00	7123.55
1269	2020.05.12 11:15	buy	547	4.76	1.08243	1.08086	1.08295	0.00	7123.55
1270	2020.05.12 13:25	s/l	546	2.38	1.08295	1.08295	1.07564	-497.42	6626.13
1271	2020.05.12 13:25	t/p	547	4.76	1.08295	1.08086	1.08295	247.52	6873.65
1272	2020.05.27 11:00	buy	548	0.90	1.09651	1.09499	1.10031	0.00	6873.65
1273	2020.05.27 12:03	s/l	548	0.90	1.09499	1.09499	1.10031	-136.80	6736.85
1274	2020.06.08 10:00	buy	549	0.88	1.12944	1.12791	1.13327	0.00	6736.85
1275	2020.06.08 13:35	s/l	549	0.88	1.12791	1.12791	1.13327	-134.64	6602.21
1276	2020.06.09 09:45	sell	550	0.58	1.12753	1.12980	1.12186	0.00	6602.21
1277	2020.06.09 11:19	modify	550	0.58	1.12753	1.12743	1.12186	0.00	6602.21
1278	2020.06.09 13:09	s/l	550	0.58	1.12743	1.12743	1.12186	5.80	6608.01
1279	2020.06.24 14:00	buy	551	2.89	1.13069	1.12909	1.13469	0.00	6608.01
1280	2020.06.24 14:35	sell	552	5.78	1.12947	1.13069	1.12909	0.00	6608.01
1281	2020.06.24 14:43	s/l	551	2.89	1.12909	1.12909	1.13469	-462.40	6145.61
1282	2020.06.24 14:43	t/p	552	5.78	1.12909	1.13069	1.12909	219.64	6365.25
1283	2020.07.08 09:15	sell	553	0.70	1.12656	1.12836	1.12206	0.00	6365.25
1284	2020.07.08 10:06	s/l	553	0.70	1.12836	1.12836	1.12206	-126.00	6239.25
1285	2020.07.08 14:45	buy	554	0.81	1.12893	1.12740	1.13276	0.00	6239.25
1286	2020.07.08 16:32	modify	554	0.81	1.12893	1.12903	1.13276	0.00	6239.25
1287	2020.07.08 16:39	t/p	554	0.81	1.13276	1.12903	1.13276	310.23	6549.48
1288	2020.07.14 11:45	buy	555	2.21	1.13492	1.13285	1.14010	0.00	6549.48
1289	2020.07.14 14:36	modify	555	2.21	1.13492	1.13502	1.14010	0.00	6549.48
1290	2020.07.14 17:29	t/p	555	2.21	1.14010	1.13502	1.14010	1144.78	7694.26
1291	2020.07.16 15:00	buy	556	0.81	1.14133	1.13944	1.14606	0.00	7694.26
1292	2020.07.16 17:40	modify	556	0.81	1.14133	1.14143	1.14606	0.00	7694.26
1293	2020.07.16 19:39	s/l	556	0.81	1.14143	1.14143	1.14606	8.10	7702.36
1294	2020.07.21 10:15	buy	557	1.26	1.14589	1.14345	1.15199	0.00	7702.36
1295	2020.07.21 10:42	sell	558	2.52	1.14403	1.14589	1.14345	0.00	7702.36
1296	2020.07.21 10:46	s/l	557	1.26	1.14345	1.14345	1.15199	-307.44	7394.92
1297	2020.07.21 10:46	t/p	558	2.52	1.14345	1.14589	1.14345	146.16	7541.08
1298	2020.07.29 09:15	buy	559	0.90	1.17407	1.17240	1.17825	0.00	7541.08
1299	2020.07.29 10:43	modify	559	0.90	1.17407	1.17417	1.17825	0.00	7541.08
1300	2020.07.29 14:01	s/l	559	0.90	1.17417	1.17417	1.17825	9.00	7550.08
1301	2020.08.17 14:45	buy	560	2.75	1.18510	1.18318	1.18990	0.00	7550.08
1302	2020.08.17 16:51	modify	560	2.75	1.18510	1.18520	1.18990	0.00	7550.08
1303	2020.08.18 09:33	t/p	560	2.75	1.18990	1.18520	1.18990	1297.05	8847.13
1304	2020.08.27 10:45	buy	561	1.02	1.18316	1.18144	1.18746	0.00	8847.13
1305	2020.08.27 13:32	sell	562	2.04	1.18186	1.18316	1.18144	0.00	8847.13
1306	2020.08.27 13:34	s/l	561	1.02	1.18144	1.18144	1.18746	-175.44	8671.69
1307	2020.08.27 13:34	t/p	562	2.04	1.18144	1.18316	1.18144	85.68	8757.37
1308	2020.09.02 09:30	sell	563	0.93	1.18965	1.19153	1.18495	0.00	8757.37
1309	2020.09.02 10:32	modify	563	0.93	1.18965	1.18955	1.18495	0.00	8757.37
1310	2020.09.02 14:31	t/p	563	0.93	1.18495	1.18955	1.18495	437.10	9194.47
1311	2020.09.09 11:45	sell	564	3.02	1.17679	1.17892	1.17147	0.00	9194.47
1312	2020.09.09 15:36	buy	565	6.04	1.17840	1.17679	1.17892	0.00	9194.47
1313	2020.09.09 15:49	s/l	564	3.02	1.17892	1.17892	1.17147	-643.26	8551.21
1314	2020.09.09 15:49	t/p	565	6.04	1.17892	1.17679	1.17892	314.08	8865.29
1315	2020.09.10 11:30	buy	566	0.48	1.18319	1.18138	1.18772	0.00	8865.29
1316	2020.09.10 15:31	modify	566	0.48	1.18319	1.18329	1.18772	0.00	8865.29
1317	2020.09.10 15:31	t/p	566	0.48	1.18772	1.18329	1.18772	217.44	9082.73
1318	2020.09.30 15:30	buy	567	3.36	1.17154	1.16965	1.17627	0.00	9082.73
1319	2020.09.30 16:34	sell	568	6.72	1.17012	1.17154	1.16965	0.00	9082.73
1320	2020.09.30 16:38	s/l	567	3.36	1.16965	1.16965	1.17627	-635.04	8447.69
1321	2020.09.30 16:38	t/p	568	6.72	1.16965	1.17154	1.16965	315.84	8763.53
1322	2020.10.12 10:45	buy	569	0.95	1.18219	1.18036	1.18677	0.00	8763.53
1323	2020.10.12 12:24	s/l	569	0.95	1.18036	1.18036	1.18677	-173.85	8589.68
1324	2020.10.13 16:15	sell	570	0.93	1.17823	1.18006	1.17366	0.00	8589.68
1325	2020.10.13 16:39	modify	570	0.93	1.17823	1.17813	1.17366	0.00	8589.68
1326	2020.10.13 18:47	t/p	570	0.93	1.17366	1.17813	1.17366	425.01	9014.69
1327	2020.11.10 10:00	sell	571	3.00	1.18168	1.18378	1.17643	0.00	9014.69
1328	2020.11.10 10:20	buy	572	6.00	1.18327	1.18168	1.18378	0.00	9014.69
1329	2020.11.10 10:28	s/l	571	3.00	1.18378	1.18378	1.17643	-630.00	8384.69
1330	2020.11.10 10:28	t/p	572	6.00	1.18378	1.18168	1.18378	306.00	8690.69
1331	2020.11.11 09:45	sell	573	1.10	1.18144	1.18301	1.17752	0.00	8690.69
1332	2020.11.11 10:20	modify	573	1.10	1.18144	1.18134	1.17752	0.00	8690.69
1333	2020.11.11 12:55	t/p	573	1.10	1.17752	1.18134	1.17752	431.20	9121.89
1334	2020.11.12 16:00	buy	574	1.50	1.18095	1.17883	1.18625	0.00	9121.89
1335	2020.11.12 16:12	sell	575	3.00	1.17936	1.18095	1.17883	0.00	9121.89
1336	2020.11.12 16:29	s/l	574	1.50	1.17883	1.17883	1.18625	-318.00	8803.89
1337	2020.11.12 16:29	t/p	575	3.00	1.17883	1.18095	1.17883	159.00	8962.89
1338	2020.11.19 10:30	sell	576	0.51	1.18360	1.18534	1.17925	0.00	8962.89
1339	2020.11.19 20:55	s/l	576	0.51	1.18534	1.18534	1.17925	-88.74	8874.15
1340	2020.11.25 15:00	buy	577	1.10	1.18959	1.18799	1.19359	0.00	8874.15
1341	2020.11.25 17:39	modify	577	1.10	1.18959	1.18969	1.19359	0.00	8874.15
1342	2020.11.26 08:23	t/p	577	1.10	1.19359	1.18969	1.19359	412.46	9286.62
1343	2020.12.01 15:30	buy	578	3.23	1.19823	1.19622	1.20326	0.00	9286.62
1344	2020.12.01 17:17	modify	578	3.23	1.19823	1.19833	1.20326	0.00	9286.62
1345	2020.12.01 17:49	t/p	578	3.23	1.20326	1.19833	1.20326	1624.69	10911.31
1346	2020.12.15 16:30	buy	579	2.28	1.21529	1.21338	1.22007	0.00	10911.31
1347	2020.12.16 10:30	modify	579	2.28	1.21529	1.21539	1.22007	0.00	10911.31
1348	2020.12.16 10:34	t/p	579	2.28	1.22007	1.21539	1.22007	1070.82	11982.12
1349	2020.12.22 10:00	sell	580	3.17	1.22167	1.22318	1.21790	0.00	11982.12
1350	2020.12.22 12:49	buy	581	6.34	1.22283	1.22167	1.22318	0.00	11982.12
1351	2020.12.22 12:52	s/l	580	3.17	1.22318	1.22318	1.21790	-478.67	11503.45
1352	2020.12.22 12:52	t/p	581	6.34	1.22318	1.22167	1.22318	221.90	11725.35
1353	2020.12.23 10:15	sell	582	1.22	1.21838	1.22029	1.21361	0.00	11725.35
1354	2020.12.23 16:30	s/l	582	1.22	1.22029	1.22029	1.21361	-233.02	11492.33
1355	2020.12.28 15:15	buy	583	1.23	1.22187	1.22001	1.22652	0.00	11492.33
1356	2020.12.29 09:12	modify	583	1.23	1.22187	1.22197	1.22652	0.00	11492.33
1357	2020.12.29 16:48	t/p	583	1.23	1.22652	1.22197	1.22652	561.69	12054.02
1358	2020.12.31 11:00	buy	584	2.58	1.23012	1.22849	1.23420	0.00	12054.02
1359	2020.12.31 11:10	sell	585	5.16	1.22889	1.23012	1.22849	0.00	12054.02
1360	2020.12.31 11:15	s/l	584	2.58	1.22849	1.22849	1.23420	-420.54	11633.48
1361	2020.12.31 11:15	t/p	585	5.16	1.22849	1.23012	1.22849	206.40	11839.88
1362	2021.01.05 10:15	buy	586	1.42	1.22697	1.22531	1.23112	0.00	11839.88
1363	2021.01.05 18:45	modify	586	1.42	1.22697	1.22707	1.23112	0.00	11839.88
1364	2021.01.06 02:50	t/p	586	1.42	1.23112	1.22707	1.23112	577.45	12417.33
1365	2021.01.21 11:30	buy	587	1.98	1.21412	1.21193	1.21960	0.00	12417.33
1366	2021.01.22 02:14	modify	587	1.98	1.21412	1.21422	1.21960	0.00	12417.33
1367	2021.01.25 12:00	s/l	587	1.98	1.21422	1.21422	1.21960	-13.24	12404.09
1368	2021.01.28 15:15	sell	588	0.55	1.20907	1.21129	1.20352	0.00	12404.09
1369	2021.01.28 15:50	s/l	588	0.55	1.21129	1.21129	1.20352	-122.10	12281.99
1370	2021.02.02 11:45	sell	589	1.21	1.20683	1.20886	1.20176	0.00	12281.99
1371	2021.02.02 12:16	modify	589	1.21	1.20683	1.20673	1.20176	0.00	12281.99
1372	2021.02.02 19:01	t/p	589	1.21	1.20176	1.20673	1.20176	613.47	12895.46
1373	2021.02.08 09:45	buy	590	5.67	1.20459	1.20300	1.20857	0.00	12895.46
1374	2021.02.08 10:27	sell	591	11.34	1.20339	1.20459	1.20300	0.00	12895.46
1375	2021.02.08 10:29	s/l	590	5.67	1.20300	1.20300	1.20857	-901.53	11993.93
1376	2021.02.08 10:29	t/p	591	11.34	1.20300	1.20459	1.20300	442.26	12436.19
1377	2021.02.08 15:45	buy	592	1.34	1.20367	1.20182	1.20830	0.00	12436.19
1378	2021.02.08 17:05	modify	592	1.34	1.20367	1.20377	1.20830	0.00	12436.19
1379	2021.02.08 18:21	s/l	592	1.34	1.20377	1.20377	1.20830	13.40	12449.59
1380	2021.02.22 10:15	buy	593	5.28	1.21199	1.21034	1.21612	0.00	12449.59
1381	2021.02.22 10:24	sell	594	10.56	1.21074	1.21199	1.21034	0.00	12449.59
1382	2021.02.22 10:27	s/l	593	5.28	1.21034	1.21034	1.21612	-871.20	11578.39
1383	2021.02.22 10:27	t/p	594	10.56	1.21034	1.21199	1.21034	422.40	12000.79
1384	2021.04.15 16:30	buy	595	0.68	1.19716	1.19541	1.20154	0.00	12000.79
1385	2021.04.16 04:04	s/l	595	0.68	1.19541	1.19541	1.20154	-124.67	11876.11
1386	2021.04.21 16:15	sell	596	1.56	1.20019	1.20171	1.19639	0.00	11876.11
1387	2021.04.21 17:26	s/l	596	1.56	1.20171	1.20171	1.19639	-237.12	11638.99
1388	2021.05.13 11:30	sell	597	0.63	1.20814	1.20997	1.20357	0.00	11638.99
1389	2021.05.13 11:50	modify	597	0.63	1.20814	1.20804	1.20357	0.00	11638.99
1390	2021.05.13 14:23	s/l	597	0.63	1.20804	1.20804	1.20357	6.30	11645.29
1391	2021.05.27 09:30	sell	598	2.31	1.21872	1.22048	1.21432	0.00	11645.29
1392	2021.05.27 10:00	buy	599	4.62	1.22005	1.21872	1.22048	0.00	11645.29
1393	2021.05.27 10:17	s/l	598	2.31	1.22048	1.22048	1.21432	-406.56	11238.73
1394	2021.05.27 10:17	t/p	599	4.62	1.22048	1.21872	1.22048	198.66	11437.39
1395	2021.05.27 16:00	sell	600	0.63	1.21861	1.22041	1.21411	0.00	11437.39
1396	2021.05.27 17:17	s/l	600	0.63	1.22041	1.22041	1.21411	-113.40	11323.99
1397	2021.05.31 15:00	buy	601	1.47	1.21993	1.21839	1.22378	0.00	11323.99
1398	2021.05.31 17:55	modify	601	1.47	1.21993	1.22003	1.22378	0.00	11323.99
1399	2021.06.01 10:30	t/p	601	1.47	1.22378	1.22003	1.22378	553.68	11877.68
1400	2021.06.23 10:45	buy	602	3.36	1.19343	1.19096	1.19961	0.00	11877.68
1401	2021.06.25 16:56	modify	602	3.36	1.19343	1.19353	1.19961	0.00	11877.68
1402	2021.06.25 19:29	s/l	602	3.36	1.19353	1.19353	1.19961	-78.54	11799.14
1403	2021.07.05 09:45	buy	603	1.48	1.18658	1.18499	1.19056	0.00	11799.14
1404	2021.07.06 09:04	modify	603	1.48	1.18658	1.18668	1.19056	0.00	11799.14
1405	2021.07.06 11:07	s/l	603	1.48	1.18668	1.18668	1.19056	2.45	11801.59
1406	2021.07.07 16:00	sell	604	3.70	1.18159	1.18382	1.17602	0.00	11801.59
1407	2021.07.07 17:32	modify	604	3.70	1.18159	1.18149	1.17602	0.00	11801.59
1408	2021.07.07 21:02	s/l	604	3.70	1.18149	1.18149	1.17602	37.00	11838.59
1409	2021.07.20 15:15	sell	605	2.37	1.17749	1.17948	1.17252	0.00	11838.59
1410	2021.07.21 17:24	buy	606	4.74	1.17899	1.17749	1.17948	0.00	11838.59
1411	2021.07.21 17:40	s/l	605	2.37	1.17948	1.17948	1.17252	-465.62	11372.97
1412	2021.07.21 17:40	t/p	606	4.74	1.17948	1.17749	1.17948	232.26	11605.23
1413	2021.08.05 15:30	sell	607	0.66	1.18418	1.18592	1.17983	0.00	11605.23
1414	2021.08.06 11:23	modify	607	0.66	1.18418	1.18408	1.17983	0.00	11605.23
1415	2021.08.06 15:30	t/p	607	0.66	1.17983	1.18408	1.17983	288.77	11894.00
1416	2021.08.25 16:15	buy	608	4.31	1.17433	1.17240	1.17916	0.00	11894.00
1417	2021.08.25 21:13	modify	608	4.31	1.17433	1.17443	1.17916	0.00	11894.00
1418	2021.08.27 03:35	s/l	608	4.31	1.17443	1.17443	1.17916	-100.75	11793.25
1419	2021.09.01 15:30	buy	609	1.56	1.18263	1.18112	1.18641	0.00	11793.25
1420	2021.09.01 17:45	modify	609	1.56	1.18263	1.18273	1.18641	0.00	11793.25
1421	2021.09.02 17:38	t/p	609	1.56	1.18641	1.18273	1.18641	550.63	12343.88
1422	2021.09.23 15:45	buy	610	2.34	1.17305	1.17121	1.17765	0.00	12343.88
1423	2021.09.24 14:41	sell	611	4.68	1.17167	1.17305	1.17121	0.00	12343.88
1424	2021.09.24 15:32	s/l	610	2.34	1.17121	1.17121	1.17765	-450.08	11893.80
1425	2021.09.24 15:32	t/p	611	4.68	1.17121	1.17305	1.17121	215.28	12109.08
1426	2021.09.27 14:30	sell	612	1.57	1.16971	1.17125	1.16586	0.00	12109.08
1427	2021.09.28 10:10	modify	612	1.57	1.16971	1.16961	1.16586	0.00	12109.08
1428	2021.09.28 17:15	s/l	612	1.57	1.16961	1.16961	1.16586	19.68	12128.76
1429	2021.10.05 16:15	sell	613	5.05	1.15887	1.16055	1.15467	0.00	12128.76
1430	2021.10.05 18:09	buy	614	10.10	1.16014	1.15887	1.16055	0.00	12128.76
1431	2021.10.05 18:13	s/l	613	5.05	1.16055	1.16055	1.15467	-848.40	11280.36
1432	2021.10.05 18:13	t/p	614	10.10	1.16055	1.15887	1.16055	414.10	11694.46
1433	2021.10.25 10:45	buy	615	0.98	1.16630	1.16392	1.17225	0.00	11694.46
1434	2021.10.25 12:18	s/l	615	0.98	1.16392	1.16392	1.17225	-233.24	11461.22
1435	2021.11.04 16:00	sell	616	0.58	1.15534	1.15731	1.15042	0.00	11461.22
1436	2021.11.05 14:30	modify	616	0.58	1.15534	1.15524	1.15042	0.00	11461.22
1437	2021.11.05 17:39	s/l	616	0.58	1.15524	1.15524	1.15042	7.27	11468.49
1438	2021.11.08 10:45	buy	617	3.85	1.15691	1.15483	1.16211	0.00	11468.49
1439	2021.11.09 07:05	modify	617	3.85	1.15691	1.15701	1.16211	0.00	11468.49
1440	2021.11.09 15:01	s/l	617	3.85	1.15701	1.15701	1.16211	6.38	11474.86
1441	2021.11.15 15:00	sell	618	2.92	1.14409	1.14566	1.14017	0.00	11474.86
1442	2021.11.15 18:02	modify	618	2.92	1.14409	1.14399	1.14017	0.00	11474.86
1443	2021.11.15 19:24	t/p	618	2.92	1.14017	1.14399	1.14017	1144.64	12619.50
1444	2021.11.18 16:30	buy	619	1.53	1.13411	1.13247	1.13821	0.00	12619.50
1445	2021.11.18 19:04	modify	619	1.53	1.13411	1.13421	1.13821	0.00	12619.50
1446	2021.11.19 10:01	s/l	619	1.53	1.13421	1.13421	1.13821	2.53	12622.04
1447	2021.12.01 15:30	buy	620	2.56	1.13284	1.13087	1.13777	0.00	12622.04
1448	2021.12.01 22:07	sell	621	5.12	1.13136	1.13284	1.13087	0.00	12622.04
1449	2021.12.02 03:54	s/l	621	5.12	1.13284	1.13284	1.13087	-718.81	11903.23
1450	2021.12.02 09:22	sell	622	5.12	1.13135	1.13284	1.13087	0.00	11903.23
1451	2021.12.02 09:56	s/l	620	2.56	1.13087	1.13087	1.13777	-568.40	11334.83
1452	2021.12.02 09:56	t/p	622	5.12	1.13087	1.13284	1.13087	245.76	11580.59
1453	2021.12.02 10:45	buy	623	0.71	1.13242	1.13080	1.13647	0.00	11580.59
1454	2021.12.02 18:20	s/l	623	0.71	1.13080	1.13080	1.13647	-115.02	11465.57
1455	2021.12.27 14:15	sell	624	1.42	1.13070	1.13231	1.12668	0.00	11465.57
1456	2021.12.27 16:38	s/l	624	1.42	1.13231	1.13231	1.12668	-228.62	11236.95
1457	2021.12.27 16:38	buy	625	1.38	1.13232	1.13070	1.13637	0.00	11236.95
1458	2021.12.28 16:41	s/l	625	1.38	1.13070	1.13070	1.13637	-235.07	11001.87
1459	2022.01.03 15:30	buy	626	1.29	1.13631	1.13461	1.14056	0.00	11001.87
1460	2022.01.03 15:51	s/l	626	1.29	1.13461	1.13461	1.14056	-219.30	10782.57
1461	2022.01.03 15:51	sell	627	1.08	1.13461	1.13660	1.12964	0.00	10782.57
1462	2022.01.03 16:50	modify	627	1.08	1.13461	1.13451	1.12964	0.00	10782.57
1463	2022.01.03 17:27	t/p	627	1.08	1.12964	1.13451	1.12964	536.76	11319.33
1464	2022.01.05 15:15	buy	628	1.47	1.13182	1.13029	1.13565	0.00	11319.33
1465	2022.01.05 17:01	modify	628	1.47	1.13182	1.13192	1.13565	0.00	11319.33
1466	2022.01.05 21:09	s/l	628	1.47	1.13192	1.13192	1.13565	14.70	11334.03
1467	2022.01.06 16:45	buy	629	1.86	1.13256	1.13043	1.13789	0.00	11334.03
1468	2022.01.06 17:07	sell	630	3.72	1.13095	1.13256	1.13043	0.00	11334.03
1469	2022.01.06 17:26	s/l	629	1.86	1.13043	1.13043	1.13789	-396.18	10937.85
1470	2022.01.06 17:26	t/p	630	3.72	1.13043	1.13256	1.13043	193.44	11131.29
1471	2022.01.20 16:30	sell	631	0.66	1.13429	1.13596	1.13012	0.00	11131.29
1472	2022.01.20 20:37	modify	631	0.66	1.13429	1.13419	1.13012	0.00	11131.29
1473	2022.01.21 03:03	t/p	631	0.66	1.13012	1.13419	1.13012	276.89	11408.19
1474	2022.02.08 15:15	sell	632	4.34	1.14073	1.14257	1.13613	0.00	11408.19
1475	2022.02.08 16:17	buy	633	8.68	1.14213	1.14073	1.14257	0.00	11408.19
1476	2022.02.08 16:58	s/l	633	8.68	1.14073	1.14073	1.14257	-1215.20	10192.99
1477	2022.02.08 17:56	buy	634	8.68	1.14212	1.14073	1.14257	0.00	10192.99
1478	2022.02.08 20:16	s/l	634	8.68	1.14073	1.14073	1.14257	-1206.52	8986.47
1479	2022.02.08 20:57	buy	635	8.68	1.14212	1.14073	1.14257	0.00	8986.47
1480	2022.02.09 04:02	s/l	632	4.34	1.14257	1.14257	1.13613	-787.55	8198.91
1481	2022.02.09 04:02	t/p	635	8.68	1.14257	1.14073	1.14257	318.17	8517.09
1482	2022.02.09 15:45	buy	636	0.99	1.14450	1.14278	1.14880	0.00	8517.09
1483	2022.02.09 16:24	s/l	636	0.99	1.14278	1.14278	1.14880	-170.28	8346.81
1484	2022.02.16 16:45	buy	637	0.87	1.13702	1.13512	1.14177	0.00	8346.81
1485	2022.02.17 05:55	s/l	637	0.87	1.13512	1.13512	1.14177	-187.08	8159.73
1486	2022.02.17 08:45	sell	638	0.38	1.13546	1.13760	1.13011	0.00	8159.73
1487	2022.02.17 10:00	s/l	638	0.38	1.13760	1.13760	1.13011	-81.32	8078.41
1488	2022.02.17 10:00	buy	639	0.38	1.13760	1.13551	1.14283	0.00	8078.41
1489	2022.02.17 10:28	s/l	639	0.38	1.13551	1.13551	1.14283	-79.42	7998.99
1490	2022.03.09 10:15	buy	640	0.78	1.09293	1.09089	1.09803	0.00	7998.99
1491	2022.03.09 11:27	modify	640	0.78	1.09293	1.09303	1.09803	0.00	7998.99
1492	2022.03.09 12:06	t/p	640	0.78	1.09803	1.09303	1.09803	397.80	8396.79
1493	2022.03.29 09:45	buy	641	2.69	1.10025	1.09807	1.10570	0.00	8396.79
1494	2022.03.29 11:52	sell	642	5.38	1.09861	1.10025	1.09807	0.00	8396.79
1495	2022.03.29 11:53	s/l	641	2.69	1.09807	1.09807	1.10570	-586.42	7810.37
1496	2022.03.29 11:54	t/p	642	5.38	1.09807	1.10025	1.09807	290.52	8100.89
1497	2022.04.07 10:15	sell	643	0.46	1.09124	1.09298	1.08689	0.00	8100.89
1498	2022.04.07 11:11	modify	643	0.46	1.09124	1.09114	1.08689	0.00	8100.89
1499	2022.04.07 12:20	t/p	643	0.46	1.08689	1.09114	1.08689	200.10	8300.99
1500	2022.04.11 09:30	sell	644	3.54	1.08789	1.08953	1.08379	0.00	8300.99
1501	2022.04.11 10:26	buy	645	7.08	1.08913	1.08789	1.08953	0.00	8300.99
1502	2022.04.11 10:26	s/l	644	3.54	1.08953	1.08953	1.08379	-580.56	7720.43
1503	2022.04.11 10:26	t/p	645	7.08	1.08953	1.08789	1.08953	283.20	8003.63
1504	2022.04.13 09:30	sell	646	0.82	1.08275	1.08469	1.07790	0.00	8003.63
1505	2022.04.13 14:32	s/l	646	0.82	1.08469	1.08469	1.07790	-159.08	7844.55
1506	2022.04.13 15:00	sell	647	0.85	1.08313	1.08497	1.07853	0.00	7844.55
1507	2022.04.13 18:02	s/l	647	0.85	1.08497	1.08497	1.07853	-156.40	7688.15
1508	2022.04.19 16:15	sell	648	1.01	1.07876	1.08028	1.07496	0.00	7688.15
1509	2022.04.19 16:43	s/l	648	1.01	1.08028	1.08028	1.07496	-153.52	7534.63
1510	2022.04.19 16:43	buy	649	0.79	1.08029	1.07840	1.08502	0.00	7534.63
1511	2022.04.19 18:02	s/l	649	0.79	1.07840	1.07840	1.08502	-149.31	7385.32
1512	2022.04.20 11:30	buy	650	0.94	1.08193	1.08037	1.08583	0.00	7385.32
1513	2022.04.20 12:09	modify	650	0.94	1.08193	1.08203	1.08583	0.00	7385.32
1514	2022.04.20 12:38	t/p	650	0.94	1.08583	1.08203	1.08583	366.60	7751.92
1515	2022.04.21 08:15	buy	651	1.52	1.08450	1.08272	1.08895	0.00	7751.92
1516	2022.04.21 09:30	modify	651	1.52	1.08450	1.08460	1.08895	0.00	7751.92
1517	2022.04.21 09:41	t/p	651	1.52	1.08895	1.08460	1.08895	676.40	8428.32
1518	2022.05.03 08:00	sell	652	1.37	1.05017	1.05263	1.04402	0.00	8428.32
1519	2022.05.03 10:32	buy	653	2.74	1.05202	1.05017	1.05263	0.00	8428.32
1520	2022.05.03 10:36	s/l	652	1.37	1.05263	1.05263	1.04402	-337.02	8091.30
1521	2022.05.03 10:36	t/p	653	2.74	1.05263	1.05017	1.05263	167.14	8258.44
1522	2022.05.04 15:30	buy	654	0.82	1.05412	1.05213	1.05910	0.00	8258.44
1523	2022.05.04 21:01	modify	654	0.82	1.05412	1.05422	1.05910	0.00	8258.44
1524	2022.05.04 21:10	s/l	654	0.82	1.05422	1.05422	1.05910	8.20	8266.64
1525	2022.05.18 15:15	buy	655	2.99	1.05222	1.05029	1.05705	0.00	8266.64
1526	2022.05.18 17:28	sell	656	5.98	1.05076	1.05222	1.05029	0.00	8266.64
1527	2022.05.18 17:31	s/l	655	2.99	1.05029	1.05029	1.05705	-577.07	7689.57
1528	2022.05.18 17:31	t/p	656	5.98	1.05029	1.05222	1.05029	281.06	7970.63
1529	2022.05.26 10:45	buy	657	0.39	1.06934	1.06734	1.07434	0.00	7970.63
1530	2022.05.26 18:13	modify	657	0.39	1.06934	1.06944	1.07434	0.00	7970.63
1531	2022.05.27 04:33	t/p	657	0.39	1.07434	1.06944	1.07434	191.75	8162.38
1532	2022.06.01 16:45	sell	658	2.88	1.07130	1.07328	1.06635	0.00	8162.38
1533	2022.06.01 17:04	modify	658	2.88	1.07130	1.07120	1.06635	0.00	8162.38
1534	2022.06.01 17:18	t/p	658	2.88	1.06635	1.07120	1.06635	1425.60	9587.98
1535	2022.06.08 11:45	sell	659	1.90	1.06769	1.06970	1.06267	0.00	9587.98
1536	2022.06.08 12:27	buy	660	3.80	1.06921	1.06769	1.06970	0.00	9587.98
1537	2022.06.08 12:30	s/l	659	1.90	1.06970	1.06970	1.06267	-381.90	9206.08
1538	2022.06.08 12:30	t/p	660	3.80	1.06970	1.06769	1.06970	186.20	9392.28
1539	2022.06.21 09:45	buy	661	1.22	1.05279	1.05126	1.05662	0.00	9392.28
1540	2022.06.21 10:16	modify	661	1.22	1.05279	1.05289	1.05662	0.00	9392.28
1541	2022.06.21 11:19	t/p	661	1.22	1.05662	1.05289	1.05662	467.26	9859.54
1542	2022.06.22 16:00	buy	662	3.83	1.05310	1.05130	1.05760	0.00	9859.54
1543	2022.06.22 16:41	modify	662	3.83	1.05310	1.05320	1.05760	0.00	9859.54
1544	2022.06.22 17:37	t/p	662	3.83	1.05760	1.05320	1.05760	1723.50	11583.04
1545	2022.06.27 10:00	buy	663	2.86	1.05686	1.05524	1.06091	0.00	11583.04
1546	2022.06.27 15:40	sell	664	5.72	1.05562	1.05686	1.05524	0.00	11583.04
1547	2022.06.27 15:57	s/l	664	5.72	1.05686	1.05686	1.05524	-709.28	10873.76
1548	2022.06.27 17:48	modify	663	2.86	1.05686	1.05696	1.06091	0.00	10873.76
1549	2022.06.27 18:15	t/p	663	2.86	1.06091	1.05696	1.06091	1158.30	12032.06
1550	2022.06.28 11:30	buy	665	3.12	1.05880	1.05726	1.06265	0.00	12032.06
1551	2022.06.28 14:09	sell	666	6.24	1.05764	1.05880	1.05726	0.00	12032.06
1552	2022.06.28 14:23	s/l	666	6.24	1.05880	1.05880	1.05726	-723.84	11308.22
1553	2022.06.28 14:37	sell	667	6.24	1.05764	1.05880	1.05726	0.00	11308.22
1554	2022.06.28 14:52	s/l	665	3.12	1.05726	1.05726	1.06265	-480.48	10827.74
1555	2022.06.28 14:52	t/p	667	6.24	1.05726	1.05880	1.05726	237.12	11064.86
1556	2022.07.13 10:00	sell	668	1.44	1.00335	1.00488	0.99953	0.00	11064.86
1557	2022.07.13 10:00	s/l	668	1.44	1.00488	1.00488	0.99953	-220.32	10844.54
1558	2022.07.19 08:15	buy	669	1.14	1.01413	1.01223	1.01888	0.00	10844.54
1559	2022.07.19 10:00	modify	669	1.14	1.01413	1.01423	1.01888	0.00	10844.54
1560	2022.07.19 10:29	t/p	669	1.14	1.01888	1.01423	1.01888	541.50	11386.04
1561	2022.08.01 09:45	buy	670	5.14	1.02270	1.02115	1.02658	0.00	11386.04
1562	2022.08.01 11:33	modify	670	5.14	1.02270	1.02280	1.02658	0.00	11386.04
1563	2022.08.01 11:41	t/p	670	5.14	1.02658	1.02280	1.02658	1994.32	13380.36
1564	2022.08.03 16:15	sell	671	2.71	1.01762	1.01959	1.01270	0.00	13380.36
1565	2022.08.03 17:01	modify	671	2.71	1.01762	1.01752	1.01270	0.00	13380.36
1566	2022.08.03 17:35	t/p	671	2.71	1.01270	1.01752	1.01270	1333.32	14713.68
1567	2022.08.08 14:15	buy	672	2.78	1.01999	1.01788	1.02527	0.00	14713.68
1568	2022.08.08 15:37	sell	673	5.56	1.01840	1.01999	1.01788	0.00	14713.68
1569	2022.08.08 16:00	s/l	673	5.56	1.01999	1.01999	1.01788	-884.04	13829.64
1570	2022.08.09 11:30	modify	672	2.78	1.01999	1.02009	1.02527	0.00	13829.64
1571	2022.08.10 14:53	t/p	672	2.78	1.02527	1.02009	1.02527	1421.45	15251.08
1572	2022.08.11 09:15	buy	674	1.95	1.02897	1.02741	1.03287	0.00	15251.08
1573	2022.08.11 09:58	modify	674	1.95	1.02897	1.02907	1.03287	0.00	15251.08
1574	2022.08.11 10:33	t/p	674	1.95	1.03287	1.02907	1.03287	760.50	16011.58
1575	2022.08.17 09:15	sell	675	4.15	1.01733	1.01887	1.01348	0.00	16011.58
1576	2022.08.17 10:20	modify	675	4.15	1.01733	1.01723	1.01348	0.00	16011.58
1577	2022.08.17 11:27	s/l	675	4.15	1.01723	1.01723	1.01348	41.50	16053.08
1578	2022.08.17 14:30	sell	676	3.25	1.01597	1.01794	1.01105	0.00	16053.08
1579	2022.08.17 16:58	buy	677	6.50	1.01745	1.01597	1.01794	0.00	16053.08
1580	2022.08.17 17:04	s/l	676	3.25	1.01794	1.01794	1.01105	-640.25	15412.83
1581	2022.08.17 17:04	t/p	677	6.50	1.01794	1.01597	1.01794	318.50	15731.33
1582	2022.08.18 09:00	sell	678	0.97	1.01644	1.01806	1.01239	0.00	15731.33
1583	2022.08.18 13:09	s/l	678	0.97	1.01806	1.01806	1.01239	-157.14	15574.19
1584	2022.08.18 15:45	sell	679	0.66	1.01654	1.01889	1.01067	0.00	15574.19
1585	2022.08.18 16:45	modify	679	0.66	1.01654	1.01644	1.01067	0.00	15574.19
1586	2022.08.18 19:17	t/p	679	0.66	1.01067	1.01644	1.01067	387.42	15961.61
1587	2022.08.24 09:00	sell	680	6.03	0.99430	0.99615	0.98968	0.00	15961.61
1588	2022.08.24 10:23	buy	681	12.06	0.99569	0.99430	0.99615	0.00	15961.61
1589	2022.08.24 11:47	s/l	681	12.06	0.99430	0.99430	0.99615	-1676.34	14285.27
1590	2022.08.24 12:14	buy	682	12.06	0.99569	0.99430	0.99615	0.00	14285.27
1591	2022.08.24 13:05	s/l	682	12.06	0.99430	0.99430	0.99615	-1676.34	12608.93
1592	2022.08.24 15:45	modify	680	6.03	0.99430	0.99420	0.98968	0.00	12608.93
1593	2022.08.24 17:46	s/l	680	6.03	0.99420	0.99420	0.98968	60.30	12669.23
1594	2022.10.17 10:15	buy	683	2.81	0.97468	0.97288	0.97918	0.00	12669.23
1595	2022.10.17 11:29	sell	684	5.62	0.97332	0.97468	0.97288	0.00	12669.23
1596	2022.10.17 11:32	s/l	683	2.81	0.97288	0.97288	0.97918	-505.80	12163.43
1597	2022.10.17 11:32	t/p	684	5.62	0.97288	0.97468	0.97288	247.28	12410.71
1598	2022.10.25 11:15	buy	685	1.11	0.98730	0.98507	0.99288	0.00	12410.71
1599	2022.10.25 14:05	s/l	685	1.11	0.98507	0.98507	0.99288	-247.53	12163.18
1600	2022.10.25 16:00	buy	686	1.18	0.98748	0.98542	0.99263	0.00	12163.18
1601	2022.10.25 16:16	modify	686	1.18	0.98748	0.98758	0.99263	0.00	12163.18
1602	2022.10.25 16:24	t/p	686	1.18	0.99263	0.98758	0.99263	607.70	12770.88
1603	2022.11.01 11:15	sell	687	3.95	0.99183	0.99409	0.98618	0.00	12770.88
1604	2022.11.01 11:59	buy	688	7.90	0.99353	0.99183	0.99409	0.00	12770.88
1605	2022.11.01 12:26	s/l	687	3.95	0.99409	0.99409	0.98618	-892.70	11878.18
1606	2022.11.01 12:26	t/p	688	7.90	0.99409	0.99183	0.99409	442.40	12320.58
1607	2022.11.17 09:45	buy	689	0.65	1.03868	1.03681	1.04336	0.00	12320.58
1608	2022.11.17 11:34	s/l	689	0.65	1.03681	1.03681	1.04336	-121.55	12199.03
1609	2022.12.06 10:30	sell	690	1.08	1.04892	1.05116	1.04332	0.00	12199.03
1610	2022.12.06 13:20	s/l	690	1.08	1.05116	1.05116	1.04332	-241.92	11957.11
1611	2022.12.08 11:00	buy	691	0.72	1.05268	1.05104	1.05678	0.00	11957.11
1612	2022.12.08 11:20	s/l	691	0.72	1.05104	1.05104	1.05678	-118.08	11839.03
1613	2022.12.08 11:20	sell	692	0.62	1.05104	1.05294	1.04629	0.00	11839.03
1614	2022.12.08 15:36	s/l	692	0.62	1.05294	1.05294	1.04629	-117.80	11721.23
1615	2022.12.13 08:00	buy	693	1.33	1.05518	1.05342	1.05958	0.00	11721.23
1616	2022.12.13 10:49	s/l	693	1.33	1.05342	1.05342	1.05958	-234.08	11487.15
1617	2022.12.15 08:30	buy	694	0.75	1.06600	1.06447	1.06983	0.00	11487.15
1618	2022.12.15 09:44	s/l	694	0.75	1.06447	1.06447	1.06983	-114.75	11372.40
1619	2022.12.15 09:44	sell	695	0.62	1.06446	1.06629	1.05989	0.00	11372.40
1620	2022.12.15 11:00	modify	695	0.62	1.06446	1.06436	1.05989	0.00	11372.40
1621	2022.12.15 15:16	s/l	695	0.62	1.06436	1.06436	1.05989	6.20	11378.60
1622	2022.12.21 11:00	buy	696	1.14	1.06346	1.06147	1.06844	0.00	11378.60
1623	2022.12.21 11:37	s/l	696	1.14	1.06147	1.06147	1.06844	-226.86	11151.74
1624	2022.12.21 11:37	sell	697	0.92	1.06147	1.06387	1.05547	0.00	11151.74
1625	2022.12.21 15:09	s/l	697	0.92	1.06387	1.06387	1.05547	-220.80	10930.94
1626	2022.12.22 11:45	buy	698	0.72	1.06419	1.06269	1.06794	0.00	10930.94
1627	2022.12.22 13:00	s/l	698	0.72	1.06269	1.06269	1.06794	-108.00	10822.94
1628	2022.12.22 15:00	buy	699	0.48	1.06371	1.06147	1.06931	0.00	10822.94
1629	2022.12.22 15:34	s/l	699	0.48	1.06147	1.06147	1.06931	-107.52	10715.42
1630	2022.12.26 15:15	buy	700	1.34	1.06300	1.06141	1.06698	0.00	10715.42
1631	2022.12.27 04:01	modify	700	1.34	1.06300	1.06310	1.06698	0.00	10715.42
1632	2022.12.27 15:00	s/l	700	1.34	1.06310	1.06310	1.06698	2.22	10717.64
1633	2022.12.28 16:30	buy	701	3.34	1.06541	1.06317	1.07101	0.00	10717.64
1634	2022.12.28 17:31	sell	702	6.68	1.06372	1.06541	1.06317	0.00	10717.64
1635	2022.12.28 17:36	s/l	701	3.34	1.06317	1.06317	1.07101	-748.16	9969.48
1636	2022.12.28 17:37	t/p	702	6.68	1.06317	1.06541	1.06317	367.40	10336.88
1637	2023.01.04 15:30	buy	703	0.98	1.06138	1.05929	1.06661	0.00	10336.88
1638	2023.01.04 17:04	s/l	703	0.98	1.05929	1.05929	1.06661	-204.82	10132.06
1639	2023.01.05 08:15	buy	704	0.51	1.06197	1.06001	1.06687	0.00	10132.06
1640	2023.01.05 09:44	s/l	704	0.51	1.06001	1.06001	1.06687	-99.96	10032.10
1641	2023.01.05 09:44	sell	705	0.63	1.06000	1.06157	1.05608	0.00	10032.10
1642	2023.01.05 10:02	s/l	705	0.63	1.06157	1.06157	1.05608	-98.91	9933.19
1643	2023.01.05 11:45	buy	706	0.54	1.06257	1.06076	1.06710	0.00	9933.19
1644	2023.01.05 13:24	s/l	706	0.54	1.06076	1.06076	1.06710	-97.74	9835.45
1645	2023.01.11 11:30	buy	707	0.84	1.07468	1.07235	1.08051	0.00	9835.45
1646	2023.01.12 15:28	modify	707	0.84	1.07468	1.07478	1.08051	0.00	9835.45
1647	2023.01.12 15:28	t/p	707	0.84	1.08051	1.07478	1.08051	468.69	10304.14
1648	2023.01.17 09:45	buy	708	4.50	1.08260	1.08100	1.08660	0.00	10304.14
1649	2023.01.17 11:57	sell	709	9.00	1.08140	1.08260	1.08100	0.00	10304.14
1650	2023.01.17 12:00	s/l	709	9.00	1.08260	1.08260	1.08100	-1080.00	9224.14
1651	2023.01.17 12:04	sell	710	9.00	1.08140	1.08260	1.08100	0.00	9224.14
1652	2023.01.17 12:28	s/l	708	4.50	1.08100	1.08100	1.08660	-720.00	8504.14
1653	2023.01.17 12:28	t/p	710	9.00	1.08100	1.08260	1.08100	360.00	8864.14
1654	2023.01.24 15:00	sell	711	0.95	1.08598	1.08784	1.08133	0.00	8864.14
1655	2023.01.24 15:26	s/l	711	0.95	1.08784	1.08784	1.08133	-176.70	8687.44
1656	2023.01.30 09:30	sell	712	1.15	1.08567	1.08718	1.08190	0.00	8687.44
1657	2023.01.30 10:00	s/l	712	1.15	1.08718	1.08718	1.08190	-173.65	8513.79
1658	2023.01.30 10:00	buy	713	0.82	1.08718	1.08511	1.09236	0.00	8513.79
1659	2023.01.30 11:49	modify	713	0.82	1.08718	1.08728	1.09236	0.00	8513.79
1660	2023.01.30 17:54	s/l	713	0.82	1.08728	1.08728	1.09236	8.20	8521.99
1661	2023.02.08 15:00	sell	714	0.97	1.07338	1.07513	1.06901	0.00	8521.99
1662	2023.02.09 10:23	s/l	714	0.97	1.07513	1.07513	1.06901	-162.37	8359.62
1663	2023.02.15 14:00	sell	715	1.09	1.07111	1.07263	1.06731	0.00	8359.62
1664	2023.02.15 15:30	modify	715	1.09	1.07111	1.07101	1.06731	0.00	8359.62
1665	2023.02.15 16:23	t/p	715	1.09	1.06731	1.07101	1.06731	414.20	8773.82
1666	2023.02.16 10:30	buy	716	1.64	1.07194	1.07007	1.07662	0.00	8773.82
1667	2023.02.16 10:48	sell	717	3.28	1.07053	1.07194	1.07007	0.00	8773.82
1668	2023.02.16 10:54	s/l	716	1.64	1.07007	1.07007	1.07662	-306.68	8467.14
1669	2023.02.16 11:23	t/p	717	3.28	1.07007	1.07194	1.07007	150.88	8618.02
1670	2023.02.20 15:45	buy	718	1.00	1.06855	1.06684	1.07283	0.00	8618.02
1671	2023.02.21 03:13	s/l	718	1.00	1.06684	1.06684	1.07283	-179.34	8438.68
1672	2023.02.21 16:00	sell	719	0.90	1.06529	1.06716	1.06062	0.00	8438.68
1673	2023.02.21 16:35	s/l	719	0.90	1.06716	1.06716	1.06062	-168.30	8270.38
1674	2023.02.21 16:35	buy	720	0.75	1.06717	1.06497	1.07267	0.00	8270.38
1675	2023.02.21 16:45	s/l	720	0.75	1.06497	1.06497	1.07267	-165.00	8105.38
1676	2023.02.23 09:30	sell	721	0.47	1.06124	1.06296	1.05694	0.00	8105.38
1677	2023.02.23 13:22	modify	721	0.47	1.06124	1.06114	1.05694	0.00	8105.38
1678	2023.02.23 14:29	s/l	721	0.47	1.06114	1.06114	1.05694	4.70	8110.08
1679	2023.03.09 16:00	buy	722	1.19	1.05744	1.05506	1.06339	0.00	8110.08
1680	2023.03.10 15:30	modify	722	1.19	1.05744	1.05754	1.06339	0.00	8110.08
1681	2023.03.10 15:42	t/p	722	1.19	1.06339	1.05754	1.06339	698.12	8808.20
1682	2023.03.14 11:45	buy	723	2.01	1.07069	1.06894	1.07507	0.00	8808.20
1683	2023.03.14 14:30	modify	723	2.01	1.07069	1.07079	1.07507	0.00	8808.20
1684	2023.03.14 14:35	s/l	723	2.01	1.07079	1.07079	1.07507	20.10	8828.30
1685	2023.03.16 11:30	sell	724	0.86	1.06092	1.06296	1.05582	0.00	8828.30
1686	2023.03.16 14:43	modify	724	0.86	1.06092	1.06082	1.05582	0.00	8828.30
1687	2023.03.16 15:15	s/l	724	0.86	1.06082	1.06082	1.05582	8.60	8836.90
1688	2023.03.27 10:30	sell	725	1.59	1.07620	1.07842	1.07065	0.00	8836.90
1689	2023.03.27 14:41	buy	726	3.18	1.07787	1.07620	1.07842	0.00	8836.90
1690	2023.03.27 16:24	s/l	725	1.59	1.07842	1.07842	1.07065	-352.98	8483.92
1691	2023.03.27 16:24	buy	727	1.86	1.07842	1.07660	1.08297	0.00	8483.92
1692	2023.03.27 16:24	t/p	726	3.18	1.07842	1.07620	1.07842	174.90	8658.82
1693	2023.03.28 03:38	modify	727	1.86	1.07842	1.07852	1.08297	0.00	8658.82
1694	2023.03.28 10:37	t/p	727	1.86	1.08297	1.07852	1.08297	830.78	9489.60
1695	2023.03.29 16:00	buy	728	1.12	1.08539	1.08370	1.08962	0.00	9489.60
1696	2023.03.29 16:23	s/l	728	1.12	1.08370	1.08370	1.08962	-189.28	9300.32
1697	2023.04.04 09:30	buy	729	0.98	1.08998	1.08810	1.09468	0.00	9300.32
1698	2023.04.04 10:52	modify	729	0.98	1.08998	1.09008	1.09468	0.00	9300.32
1699	2023.04.04 14:59	s/l	729	0.98	1.09008	1.09008	1.09468	9.80	9310.12
1700	2023.04.05 15:30	buy	730	3.92	1.09522	1.09356	1.09937	0.00	9310.12
1701	2023.04.05 16:39	sell	731	7.84	1.09397	1.09522	1.09356	0.00	9310.12
1702	2023.04.05 17:00	s/l	731	7.84	1.09522	1.09522	1.09356	-980.00	8330.12
1703	2023.04.05 17:09	sell	732	7.84	1.09397	1.09522	1.09356	0.00	8330.12
1704	2023.04.05 17:10	s/l	730	3.92	1.09356	1.09356	1.09937	-650.72	7679.40
1705	2023.04.05 17:10	t/p	732	7.84	1.09356	1.09522	1.09356	321.44	8000.84
1706	2023.04.10 14:30	sell	733	0.89	1.08936	1.09114	1.08491	0.00	8000.84
1707	2023.04.10 15:09	modify	733	0.89	1.08936	1.08926	1.08491	0.00	8000.84
1708	2023.04.10 15:59	t/p	733	0.89	1.08491	1.08926	1.08491	396.05	8396.89
1709	2023.04.11 10:15	buy	734	3.58	1.08954	1.08790	1.09364	0.00	8396.89
1710	2023.04.11 12:32	modify	734	3.58	1.08954	1.08964	1.09364	0.00	8396.89
1711	2023.04.11 20:12	s/l	734	3.58	1.08964	1.08964	1.09364	35.80	8432.69
1712	2023.04.19 10:45	sell	735	2.05	1.09581	1.09745	1.09171	0.00	8432.69
1713	2023.04.19 12:32	modify	735	2.05	1.09581	1.09571	1.09171	0.00	8432.69
1714	2023.04.19 16:07	s/l	735	2.05	1.09571	1.09571	1.09171	20.50	8453.19
1715	2023.05.02 11:00	sell	736	1.48	1.09858	1.10086	1.09288	0.00	8453.19
1716	2023.05.02 12:58	modify	736	1.48	1.09858	1.09848	1.09288	0.00	8453.19
1717	2023.05.02 17:35	s/l	736	1.48	1.09848	1.09848	1.09288	14.80	8467.99
1718	2023.05.10 11:00	sell	737	1.70	1.09646	1.09845	1.09149	0.00	8467.99
1719	2023.05.10 15:30	buy	738	3.40	1.09796	1.09646	1.09845	0.00	8467.99
1720	2023.05.10 15:31	s/l	737	1.70	1.09845	1.09845	1.09149	-338.30	8129.69
1721	2023.05.10 15:31	t/p	738	3.40	1.09845	1.09646	1.09845	166.60	8296.29
1722	2023.05.16 16:45	buy	739	1.03	1.08878	1.08717	1.09281	0.00	8296.29
1723	2023.05.16 17:04	s/l	739	1.03	1.08717	1.08717	1.09281	-165.83	8130.46
1724	2023.05.22 09:30	buy	740	1.02	1.08212	1.08053	1.08610	0.00	8130.46
1725	2023.05.22 10:13	s/l	740	1.02	1.08053	1.08053	1.08610	-162.18	7968.28
1726	2023.05.22 10:13	sell	741	0.76	1.08053	1.08262	1.07531	0.00	7968.28
1727	2023.05.22 13:26	s/l	741	0.76	1.08262	1.08262	1.07531	-158.84	7809.44
1728	2023.05.24 16:45	sell	742	0.81	1.07770	1.07961	1.07293	0.00	7809.44
1729	2023.05.25 00:03	modify	742	0.81	1.07770	1.07760	1.07293	0.00	7809.44
1730	2023.05.25 09:08	t/p	742	0.81	1.07293	1.07760	1.07293	392.53	8201.97
1731	2023.06.01 10:30	sell	743	1.76	1.06724	1.06887	1.06317	0.00	8201.97
1732	2023.06.01 11:54	buy	744	3.52	1.06847	1.06724	1.06887	0.00	8201.97
1733	2023.06.01 12:03	s/l	743	1.76	1.06887	1.06887	1.06317	-286.88	7915.09
1734	2023.06.01 12:03	t/p	744	3.52	1.06887	1.06724	1.06887	140.80	8055.89
1735	2023.06.15 11:00	buy	745	0.38	1.08272	1.08065	1.08790	0.00	8055.89
1736	2023.06.15 15:30	modify	745	0.38	1.08272	1.08282	1.08790	0.00	8055.89
1737	2023.06.15 15:41	t/p	745	0.38	1.08790	1.08282	1.08790	196.84	8252.73
1738	2023.06.21 16:00	buy	746	3.04	1.09252	1.09062	1.09727	0.00	8252.73
1739	2023.06.21 16:45	sell	747	6.08	1.09109	1.09252	1.09062	0.00	8252.73
1740	2023.06.21 16:54	s/l	747	6.08	1.09252	1.09252	1.09062	-869.44	7383.29
1741	2023.06.21 17:35	modify	746	3.04	1.09252	1.09262	1.09727	0.00	7383.29
1742	2023.06.21 19:51	t/p	746	3.04	1.09727	1.09262	1.09727	1444.00	8827.29
1743	2023.07.06 16:30	buy	748	0.75	1.08860	1.08626	1.09445	0.00	8827.29
1744	2023.07.06 17:00	sell	749	1.50	1.08684	1.08860	1.08626	0.00	8827.29
1745	2023.07.06 17:06	s/l	748	0.75	1.08626	1.08626	1.09445	-175.50	8651.79
1746	2023.07.06 17:06	t/p	749	1.50	1.08626	1.08860	1.08626	87.00	8738.79
1747	2023.07.19 09:15	sell	750	0.89	1.12182	1.12377	1.11695	0.00	8738.79
1748	2023.07.19 12:18	s/l	750	0.89	1.12377	1.12377	1.11695	-173.55	8565.24
1749	2023.07.20 10:45	sell	751	0.40	1.12018	1.12230	1.11488	0.00	8565.24
1750	2023.07.20 17:09	modify	751	0.40	1.12018	1.12008	1.11488	0.00	8565.24
1751	2023.07.20 17:30	t/p	751	0.40	1.11488	1.12008	1.11488	212.00	8777.24
1752	2023.07.24 10:30	sell	752	2.46	1.11241	1.11490	1.10619	0.00	8777.24
1753	2023.07.24 10:32	modify	752	2.46	1.11241	1.11231	1.10619	0.00	8777.24
1754	2023.07.24 22:41	t/p	752	2.46	1.10619	1.11231	1.10619	1530.12	10307.36
1755	2023.07.27 10:15	buy	753	1.01	1.11082	1.10878	1.11592	0.00	10307.36
1756	2023.07.27 11:56	modify	753	1.01	1.11082	1.11092	1.11592	0.00	10307.36
1757	2023.07.27 15:17	s/l	753	1.01	1.11092	1.11092	1.11592	10.10	10317.46
1758	2023.08.02 09:15	sell	754	2.57	1.09833	1.09993	1.09433	0.00	10317.46
1759	2023.08.02 09:47	buy	755	5.14	1.09955	1.09833	1.09993	0.00	10317.46
1760	2023.08.02 10:06	s/l	755	5.14	1.09833	1.09833	1.09993	-627.08	9690.38
1761	2023.08.02 10:35	buy	756	5.14	1.09954	1.09833	1.09993	0.00	9690.38
1762	2023.08.02 11:07	s/l	756	5.14	1.09833	1.09833	1.09993	-621.94	9068.44
1763	2023.08.02 15:40	modify	754	2.57	1.09833	1.09823	1.09433	0.00	9068.44
1764	2023.08.02 17:09	t/p	754	2.57	1.09433	1.09823	1.09433	1028.00	10096.44
1765	2023.08.03 15:30	sell	757	0.88	1.09279	1.09508	1.08707	0.00	10096.44
1766	2023.08.03 15:40	buy	758	1.76	1.09451	1.09279	1.09508	0.00	10096.44
1767	2023.08.03 15:41	s/l	757	0.88	1.09508	1.09508	1.08707	-201.52	9894.92
1768	2023.08.03 15:41	t/p	758	1.76	1.09508	1.09279	1.09508	100.32	9995.24
1769	2023.08.29 10:30	buy	759	1.12	1.08241	1.08064	1.08684	0.00	9995.24
1770	2023.08.29 12:07	s/l	759	1.12	1.08064	1.08064	1.08684	-198.24	9797.00
1771	2023.09.12 16:00	sell	760	1.24	1.07073	1.07231	1.06678	0.00	9797.00
1772	2023.09.12 18:08	s/l	760	1.24	1.07231	1.07231	1.06678	-195.92	9601.08
1773	2023.09.20 16:15	buy	761	1.00	1.07094	1.06902	1.07574	0.00	9601.08
1774	2023.09.20 21:01	s/l	761	1.00	1.06902	1.06902	1.07574	-192.00	9409.08
1775	2023.09.25 15:00	sell	762	1.24	1.06305	1.06456	1.05928	0.00	9409.08
1776	2023.09.25 16:31	modify	762	1.24	1.06305	1.06295	1.05928	0.00	9409.08
1777	2023.09.25 17:07	t/p	762	1.24	1.05928	1.06295	1.05928	467.48	9876.56
1778	2023.10.10 11:15	buy	763	2.76	1.05824	1.05574	1.06449	0.00	9876.56
1779	2023.10.10 19:03	modify	763	2.76	1.05824	1.05834	1.06449	0.00	9876.56
1780	2023.10.11 15:30	s/l	763	2.76	1.05834	1.05834	1.06449	4.57	9881.13
1781	2023.11.02 10:45	buy	764	1.13	1.06065	1.05891	1.06500	0.00	9881.13
1782	2023.11.02 12:41	modify	764	1.13	1.06065	1.06075	1.06500	0.00	9881.13
1783	2023.11.02 14:14	t/p	764	1.13	1.06500	1.06075	1.06500	491.55	10372.68
1784	2023.11.21 16:15	buy	765	2.31	1.09548	1.09369	1.09996	0.00	10372.68
1785	2023.11.21 17:27	sell	766	4.62	1.09413	1.09548	1.09369	0.00	10372.68
1786	2023.11.21 17:53	s/l	765	2.31	1.09369	1.09369	1.09996	-413.49	9959.19
1787	2023.11.21 17:53	t/p	766	4.62	1.09369	1.09548	1.09369	203.28	10162.47
1788	2023.11.22 10:30	sell	767	0.96	1.09005	1.09216	1.08478	0.00	10162.47
1789	2023.11.22 17:00	modify	767	0.96	1.09005	1.08995	1.08478	0.00	10162.47
1790	2023.11.23 04:12	s/l	767	0.96	1.08995	1.08995	1.08478	16.90	10179.38
1791	2023.11.28 15:30	buy	768	4.26	1.09600	1.09433	1.10018	0.00	10179.38
1792	2023.11.28 17:04	modify	768	4.26	1.09600	1.09610	1.10018	0.00	10179.38
1793	2023.11.28 17:43	t/p	768	4.26	1.10018	1.09610	1.10018	1780.68	11960.06
1794	2023.12.04 15:45	sell	769	2.93	1.08617	1.08780	1.08210	0.00	11960.06
1795	2023.12.04 16:12	modify	769	2.93	1.08617	1.08607	1.08210	0.00	11960.06
1796	2023.12.04 16:20	t/p	769	2.93	1.08210	1.08607	1.08210	1192.51	13152.57
1797	2024.01.08 10:15	sell	770	2.87	1.09323	1.09506	1.08866	0.00	13152.57
1798	2024.01.08 13:11	buy	771	5.74	1.09461	1.09323	1.09506	0.00	13152.57
1799	2024.01.08 13:21	s/l	770	2.87	1.09506	1.09506	1.08866	-525.21	12627.36
1800	2024.01.08 13:21	t/p	771	5.74	1.09506	1.09323	1.09506	258.30	12885.66
1801	2024.01.09 11:15	sell	772	1.67	1.09385	1.09539	1.09000	0.00	12885.66
1802	2024.01.09 18:03	modify	772	1.67	1.09385	1.09375	1.09000	0.00	12885.66
1803	2024.01.09 19:27	s/l	772	1.67	1.09375	1.09375	1.09000	16.70	12902.36
1804	2024.01.15 15:15	sell	773	5.90	1.09459	1.09612	1.09077	0.00	12902.36
1805	2024.01.16 02:55	modify	773	5.90	1.09459	1.09449	1.09077	0.00	12902.36
1806	2024.01.16 10:32	t/p	773	5.90	1.09077	1.09449	1.09077	2268.76	15171.12
1807	2024.01.18 11:30	buy	774	1.55	1.08942	1.08747	1.09430	0.00	15171.12
1808	2024.01.18 14:43	sell	775	3.10	1.08795	1.08942	1.08747	0.00	15171.12
1809	2024.01.18 14:58	s/l	774	1.55	1.08747	1.08747	1.09430	-302.25	14868.87
1810	2024.01.18 14:58	t/p	775	3.10	1.08747	1.08942	1.08747	148.80	15017.67
1811	2024.01.24 11:15	buy	776	1.24	1.08847	1.08606	1.09450	0.00	15017.67
1812	2024.01.24 15:50	modify	776	1.24	1.08847	1.08857	1.09450	0.00	15017.67
1813	2024.01.24 21:19	s/l	776	1.24	1.08857	1.08857	1.09450	12.40	15030.07
1814	2024.02.29 16:15	buy	777	2.69	1.08463	1.08268	1.08951	0.00	15030.07
1815	2024.02.29 17:45	sell	778	5.38	1.08316	1.08463	1.08268	0.00	15030.07
1816	2024.02.29 17:52	s/l	777	2.69	1.08268	1.08268	1.08951	-524.55	14505.52
1817	2024.02.29 17:52	t/p	778	5.38	1.08268	1.08463	1.08268	258.24	14763.76
1818	2024.04.17 16:15	buy	779	1.89	1.06450	1.06294	1.06840	0.00	14763.76
1819	2024.04.17 20:58	modify	779	1.89	1.06450	1.06460	1.06840	0.00	14763.76
1820	2024.04.18 09:04	t/p	779	1.89	1.06840	1.06460	1.06840	689.79	15453.55
1821	2024.05.29 16:15	sell	780	5.72	1.08387	1.08576	1.07915	0.00	15453.55
1822	2024.05.29 18:31	modify	780	5.72	1.08387	1.08377	1.07915	0.00	15453.55
1823	2024.05.30 08:23	t/p	780	5.72	1.07915	1.08377	1.07915	2743.36	18196.91
1824	2024.07.08 09:45	buy	781	4.54	1.08286	1.08126	1.08686	0.00	18196.91
1825	2024.07.09 11:00	sell	782	9.08	1.08166	1.08286	1.08126	0.00	18196.91
1826	2024.07.09 13:35	s/l	782	9.08	1.08286	1.08286	1.08126	-1089.60	17107.31
1827	2024.07.09 14:28	sell	783	9.08	1.08166	1.08286	1.08126	0.00	17107.31
1828	2024.07.09 14:39	s/l	781	4.54	1.08126	1.08126	1.08686	-764.28	16343.03
1829	2024.07.09 14:40	t/p	783	9.08	1.08126	1.08286	1.08126	363.20	16706.23
1830	2024.07.25 16:30	sell	784	1.01	1.08402	1.08567	1.07990	0.00	16706.23
1831	2024.07.25 17:50	s/l	784	1.01	1.08567	1.08567	1.07990	-166.65	16539.58
1832	2024.07.31 15:30	buy	785	1.90	1.08404	1.08230	1.08839	0.00	16539.58
1833	2024.07.31 17:47	s/l	785	1.90	1.08230	1.08230	1.08839	-330.60	16208.98
1834	2024.08.01 16:15	sell	786	0.76	1.07890	1.08102	1.07360	0.00	16208.98
1835	2024.08.01 17:00	s/l	786	0.76	1.08102	1.08102	1.07360	-161.12	16047.86
1836	2024.08.22 11:15	buy	787	0.78	1.11458	1.11253	1.11971	0.00	16047.86
1837	2024.08.22 16:45	s/l	787	0.78	1.11253	1.11253	1.11971	-159.90	15887.96
1838	2024.08.22 16:45	sell	788	0.76	1.11224	1.11433	1.10702	0.00	15887.96
1839	2024.08.23 17:04	s/l	788	0.76	1.11433	1.11433	1.10702	-156.91	15731.04
1840	2024.08.28 11:30	sell	789	1.82	1.11438	1.11610	1.11008	0.00	15731.04
1841	2024.08.28 14:57	modify	789	1.82	1.11438	1.11428	1.11008	0.00	15731.04
1842	2024.08.29 11:04	t/p	789	1.82	1.11008	1.11428	1.11008	796.45	16527.49
1843	2024.09.24 15:15	buy	790	6.68	1.11373	1.11200	1.11806	0.00	16527.49
1844	2024.09.24 17:28	modify	790	6.68	1.11373	1.11383	1.11806	0.00	16527.49
1845	2024.09.24 23:56	t/p	790	6.68	1.11806	1.11383	1.11806	2892.44	19419.93
1846	2024.09.26 16:15	sell	791	1.68	1.11409	1.11640	1.10832	0.00	19419.93
1847	2024.09.26 16:34	buy	792	3.36	1.11583	1.11409	1.11640	0.00	19419.93
1848	2024.09.26 16:47	s/l	792	3.36	1.11409	1.11409	1.11640	-584.64	18835.29
1849	2024.09.26 17:40	buy	793	3.36	1.11585	1.11409	1.11640	0.00	18835.29
1850	2024.09.26 17:43	s/l	791	1.68	1.11640	1.11640	1.10832	-388.08	18447.21
1851	2024.09.26 17:43	t/p	793	3.36	1.11640	1.11409	1.11640	184.80	18632.01
1852	2024.10.24 16:15	buy	794	1.19	1.08021	1.07865	1.08411	0.00	18632.01
1853	2024.10.24 21:50	modify	794	1.19	1.08021	1.08031	1.08411	0.00	18632.01
1854	2024.10.25 19:50	s/l	794	1.19	1.08031	1.08031	1.08411	1.97	18633.98
1855	2024.10.30 15:45	buy	795	6.06	1.08308	1.08093	1.08846	0.00	18633.98
1856	2024.10.30 17:44	modify	795	6.06	1.08308	1.08318	1.08846	0.00	18633.98
1857	2024.10.31 14:41	t/p	795	6.06	1.08846	1.08318	1.08846	3108.59	21742.57
1858	2024.10.31 16:30	buy	796	1.97	1.08715	1.08495	1.09265	0.00	21742.57
1859	2024.10.31 17:02	sell	797	3.94	1.08550	1.08715	1.08495	0.00	21742.57
1860	2024.10.31 17:51	s/l	796	1.97	1.08495	1.08495	1.09265	-433.40	21309.17
1861	2024.10.31 17:51	t/p	797	3.94	1.08495	1.08715	1.08495	216.70	21525.87
1862	2024.11.13 16:30	sell	798	2.07	1.06206	1.06413	1.05689	0.00	21525.87
1863	2024.11.13 16:52	modify	798	2.07	1.06206	1.06196	1.05689	0.00	21525.87
1864	2024.11.13 17:06	t/p	798	2.07	1.05689	1.06196	1.05689	1070.19	22596.06
1865	2024.11.18 15:30	buy	799	8.83	1.05572	1.05393	1.06020	0.00	22596.06
1866	2024.11.18 18:58	modify	799	8.83	1.05572	1.05582	1.06020	0.00	22596.06
1867	2024.11.18 21:06	t/p	799	8.83	1.06020	1.05582	1.06020	3955.84	26551.90
1868	2024.11.21 16:15	sell	800	3.21	1.05245	1.05410	1.04833	0.00	26551.90
1869	2024.11.21 17:01	buy	801	6.42	1.05369	1.05245	1.05410	0.00	26551.90
1870	2024.11.21 17:08	s/l	800	3.21	1.05410	1.05410	1.04833	-529.65	26022.25
1871	2024.11.21 17:09	t/p	801	6.42	1.05410	1.05245	1.05410	263.22	26285.47
1872	2024.11.26 10:00	sell	802	3.39	1.04719	1.04874	1.04332	0.00	26285.47
1873	2024.11.26 10:21	s/l	802	3.39	1.04874	1.04874	1.04332	-525.45	25760.02
1874	2024.11.28 16:45	buy	803	1.70	1.05445	1.05294	1.05823	0.00	25760.02
1875	2024.11.29 02:36	modify	803	1.70	1.05445	1.05455	1.05823	0.00	25760.02
1876	2024.11.29 09:00	t/p	803	1.70	1.05823	1.05455	1.05823	628.42	26388.43
1877	2024.12.02 09:15	sell	804	8.51	1.05174	1.05391	1.04632	0.00	26388.43
1878	2024.12.02 14:13	buy	805	17.02	1.05337	1.05174	1.05391	0.00	26388.43
1879	2024.12.02 14:37	s/l	805	17.02	1.05174	1.05174	1.05391	-2774.26	23614.17
1880	2024.12.02 16:42	modify	804	8.51	1.05174	1.05164	1.04632	0.00	23614.17
1881	2024.12.02 17:02	t/p	804	8.51	1.04632	1.05164	1.04632	4612.42	28226.59
1882	2024.12.03 16:00	buy	806	7.37	1.05244	1.05091	1.05627	0.00	28226.59
1883	2024.12.03 17:00	sell	807	14.74	1.05127	1.05244	1.05091	0.00	28226.59
1884	2024.12.03 17:00	s/l	806	7.37	1.05091	1.05091	1.05627	-1127.61	27098.98
1885	2024.12.03 17:00	t/p	807	14.74	1.05091	1.05244	1.05091	530.64	27629.62
1886	2024.12.04 10:45	sell	808	2.93	1.04980	1.05168	1.04510	0.00	27629.62
1887	2024.12.04 17:00	s/l	808	2.93	1.05168	1.05168	1.04510	-550.84	27078.78
1888	2024.12.05 11:45	buy	809	1.79	1.05342	1.05191	1.05720	0.00	27078.78
1889	2024.12.05 15:30	modify	809	1.79	1.05342	1.05352	1.05720	0.00	27078.78
1890	2024.12.05 16:00	t/p	809	1.79	1.05720	1.05352	1.05720	676.62	27755.40
1891	2025.01.02 11:45	sell	810	5.92	1.03557	1.03721	1.03147	0.00	27755.40
1892	2025.01.02 12:48	modify	810	5.92	1.03557	1.03547	1.03147	0.00	27755.40
1893	2025.01.02 12:49	t/p	810	5.92	1.03147	1.03547	1.03147	2427.20	30182.60
1894	2025.01.14 16:30	buy	811	5.07	1.02652	1.02414	1.03247	0.00	30182.60
1895	2025.01.14 18:16	modify	811	5.07	1.02652	1.02662	1.03247	0.00	30182.60
1896	2025.01.15 15:30	t/p	811	5.07	1.03247	1.02662	1.03247	2974.35	33156.95
1897	2025.01.27 09:45	buy	812	7.20	1.04703	1.04519	1.05163	0.00	33156.95
1898	2025.01.27 09:59	sell	813	14.40	1.04565	1.04703	1.04519	0.00	33156.95
1899	2025.01.27 10:13	s/l	813	14.40	1.04703	1.04703	1.04519	-1987.20	31169.75
1900	2025.01.27 12:05	modify	812	7.20	1.04703	1.04713	1.05163	0.00	31169.75
1901	2025.01.27 13:13	t/p	812	7.20	1.05163	1.04713	1.05163	3312.00	34481.75
1902	2025.01.30 11:15	sell	814	4.23	1.04097	1.04260	1.03690	0.00	34481.75
1903	2025.01.30 15:48	buy	815	8.46	1.04220	1.04097	1.04260	0.00	34481.75
1904	2025.01.30 15:53	s/l	814	4.23	1.04260	1.04260	1.03690	-689.49	33792.26
1905	2025.01.30 15:53	t/p	815	8.46	1.04260	1.04097	1.04260	338.40	34130.66
1906	2025.02.04 15:15	buy	816	4.43	1.03361	1.03207	1.03746	0.00	34130.66
1907	2025.02.04 16:18	modify	816	4.43	1.03361	1.03371	1.03746	0.00	34130.66
1908	2025.02.04 17:00	t/p	816	4.43	1.03746	1.03371	1.03746	1705.55	35836.21
1909	2025.02.10 14:00	sell	817	16.08	1.03204	1.03360	1.02814	0.00	35836.21
1910	2025.02.11 04:34	modify	817	16.08	1.03204	1.03194	1.02814	0.00	35836.21
1911	2025.02.11 10:57	s/l	817	16.08	1.03194	1.03194	1.02814	201.58	36037.79
1912	2025.02.26 10:30	buy	818	7.31	1.05093	1.04896	1.05586	0.00	36037.79
1913	2025.02.26 10:47	sell	819	14.62	1.04944	1.05093	1.04896	0.00	36037.79
1914	2025.02.26 13:50	s/l	818	7.31	1.04896	1.04896	1.05586	-1440.07	34597.72
1915	2025.02.26 13:50	t/p	819	14.62	1.04896	1.05093	1.04896	701.76	35299.48
1916	2025.03.12 16:45	buy	820	2.96	1.09028	1.08790	1.09623	0.00	35299.48
1917	2025.03.13 08:07	s/l	820	2.96	1.08790	1.08790	1.09623	-778.57	34520.90
1918	2025.03.13 09:45	sell	821	1.38	1.08621	1.08870	1.07999	0.00	34520.90
1919	2025.03.13 15:12	modify	821	1.38	1.08621	1.08611	1.07999	0.00	34520.90
1920	2025.03.13 16:03	s/l	821	1.38	1.08611	1.08611	1.07999	13.80	34534.70
1921	2025.03.17 15:00	buy	822	14.74	1.09018	1.08854	1.09428	0.00	34534.70
1922	2025.03.17 17:25	modify	822	14.74	1.09018	1.09028	1.09428	0.00	34534.70
1923	2025.03.18 10:11	t/p	822	14.74	1.09428	1.09028	1.09428	5920.41	40455.11
1924	2025.03.19 15:00	sell	823	9.46	1.09014	1.09185	1.08587	0.00	40455.11
1925	2025.03.19 17:58	modify	823	9.46	1.09014	1.09004	1.08587	0.00	40455.11
1926	2025.03.19 20:36	s/l	823	9.46	1.09004	1.09004	1.08587	94.60	40549.71
1927	2025.03.24 14:00	sell	824	8.53	1.08320	1.08510	1.07845	0.00	40549.71
1928	2025.03.24 15:51	modify	824	8.53	1.08320	1.08310	1.07845	0.00	40549.71
1929	2025.03.24 18:41	t/p	824	8.53	1.07845	1.08310	1.07845	4051.75	44601.46
1930	2025.03.25 16:15	sell	825	7.92	1.08051	1.08276	1.07489	0.00	44601.46
1931	2025.03.26 15:29	modify	825	7.92	1.08051	1.08041	1.07489	0.00	44601.46
1932	2025.03.26 21:17	t/p	825	7.92	1.07489	1.08041	1.07489	4471.13	49072.59
1933	2025.03.27 15:45	buy	826	4.60	1.07959	1.07746	1.08492	0.00	49072.59
1934	2025.03.27 15:53	sell	827	9.20	1.07799	1.07959	1.07746	0.00	49072.59
1935	2025.03.27 17:17	s/l	827	9.20	1.07959	1.07959	1.07746	-1472.00	47600.59
1936	2025.03.28 10:20	sell	828	9.20	1.07798	1.07959	1.07746	0.00	47600.59
1937	2025.03.28 11:03	s/l	826	4.60	1.07746	1.07746	1.08492	-1018.18	46582.40
1938	2025.03.28 11:20	t/p	828	9.20	1.07746	1.07959	1.07746	478.40	47060.80
1939	2025.03.31 14:15	buy	829	5.22	1.08255	1.08075	1.08705	0.00	47060.80
1940	2025.03.31 15:42	s/l	829	5.22	1.08075	1.08075	1.08705	-939.60	46121.20
1941	2025.04.17 10:45	buy	830	2.40	1.13697	1.13505	1.14177	0.00	46121.20
1942	2025.04.17 15:16	s/l	830	2.40	1.13505	1.13505	1.14177	-460.80	45660.40
1943	2025.04.17 15:16	sell	831	2.18	1.13502	1.13711	1.12980	0.00	45660.40
1944	2025.04.17 16:05	s/l	831	2.18	1.13711	1.13711	1.12980	-455.62	45204.78
1945	2025.04.29 10:45	buy	832	4.43	1.14052	1.13848	1.14562	0.00	45204.78
1946	2025.04.29 11:13	s/l	832	4.43	1.13848	1.13848	1.14562	-903.72	44301.06
1947	2025.04.29 15:30	buy	833	4.76	1.13862	1.13676	1.14327	0.00	44301.06
1948	2025.04.29 16:18	modify	833	4.76	1.13862	1.13872	1.14327	0.00	44301.06
1949	2025.04.29 17:47	s/l	833	4.76	1.13872	1.13872	1.14327	47.60	44348.66
1950	2025.04.30 10:30	sell	834	14.64	1.13797	1.14009	1.13267	0.00	44348.66
1951	2025.04.30 18:21	modify	834	14.64	1.13797	1.13787	1.13267	0.00	44348.66
1952	2025.04.30 18:30	t/p	834	14.64	1.13267	1.13787	1.13267	7759.20	52107.86
1953	2025.05.01 15:00	sell	835	4.57	1.13197	1.13425	1.12627	0.00	52107.86
1954	2025.05.01 15:31	buy	836	9.14	1.13369	1.13197	1.13425	0.00	52107.86
1955	2025.05.01 15:43	s/l	836	9.14	1.13197	1.13197	1.13425	-1572.08	50535.78
1956	2025.05.01 17:20	modify	835	4.57	1.13197	1.13187	1.12627	0.00	50535.78
1957	2025.05.02 09:10	s/l	835	4.57	1.13187	1.13187	1.12627	57.29	50593.07
1958	2025.05.14 09:30	buy	837	11.97	1.11946	1.11777	1.12369	0.00	50593.07
1959	2025.05.14 10:13	sell	838	23.94	1.11819	1.11946	1.11777	0.00	50593.07
1960	2025.05.14 10:27	s/l	838	23.94	1.11946	1.11946	1.11777	-3040.38	47552.69
1961	2025.05.14 11:03	modify	837	11.97	1.11946	1.11956	1.12369	0.00	47552.69
1962	2025.05.14 11:07	t/p	837	11.97	1.12369	1.11956	1.12369	5063.31	52616.00
1963	2025.05.15 09:30	buy	839	4.27	1.12077	1.11831	1.12692	0.00	52616.00
1964	2025.05.15 14:33	sell	840	8.54	1.11889	1.12077	1.11831	0.00	52616.00
1965	2025.05.15 14:34	s/l	839	4.27	1.11831	1.11831	1.12692	-1050.42	51565.58
1966	2025.05.15 14:34	t/p	840	8.54	1.11831	1.12077	1.11831	495.32	52060.90
1967	2025.05.22 15:45	sell	841	2.18	1.12926	1.13164	1.12331	0.00	52060.90
1968	2025.05.22 20:28	modify	841	2.18	1.12926	1.12916	1.12331	0.00	52060.90
1969	2025.05.23 03:24	s/l	841	2.18	1.12916	1.12916	1.12331	27.33	52088.23
1970	2025.05.27 09:15	buy	842	15.92	1.13874	1.13645	1.14447	0.00	52088.23
1971	2025.05.27 09:53	sell	843	31.84	1.13701	1.13874	1.13645	0.00	52088.23
1972	2025.05.27 09:59	s/l	842	15.92	1.13645	1.13645	1.14447	-3645.68	48442.55
1973	2025.05.27 09:59	t/p	843	31.84	1.13645	1.13874	1.13645	1783.04	50225.59
1974	2025.05.28 14:00	sell	844	5.97	1.13254	1.13422	1.12834	0.00	50225.59
1975	2025.05.28 16:11	modify	844	5.97	1.13254	1.13244	1.12834	0.00	50225.59
1976	2025.05.29 02:10	t/p	844	5.97	1.12834	1.13244	1.12834	2552.82	52778.41
1977	2025.06.05 10:15	buy	845	12.15	1.14189	1.14037	1.14569	0.00	52778.41
1978	2025.06.05 15:30	modify	845	12.15	1.14189	1.14199	1.14569	0.00	52778.41
1979	2025.06.05 15:50	s/l	845	12.15	1.14199	1.14199	1.14569	121.50	52899.91
1980	2025.06.10 10:00	sell	846	9.53	1.13940	1.14162	1.13385	0.00	52899.91
1981	2025.06.10 11:57	buy	847	19.06	1.14108	1.13940	1.14162	0.00	52899.91
1982	2025.06.10 12:41	s/l	846	9.53	1.14162	1.14162	1.13385	-2115.66	50784.25
1983	2025.06.10 12:41	t/p	847	19.06	1.14162	1.13940	1.14162	1029.24	51813.49
1984	2025.06.16 08:15	buy	848	6.43	1.15458	1.15297	1.15861	0.00	51813.49
1985	2025.06.16 09:51	modify	848	6.43	1.15458	1.15468	1.15861	0.00	51813.49
1986	2025.06.16 16:00	t/p	848	6.43	1.15861	1.15468	1.15861	2591.29	54404.78
1987	2025.06.18 11:30	sell	849	24.56	1.15033	1.15188	1.14646	0.00	54404.78
1988	2025.06.18 15:25	buy	850	49.12	1.15150	1.15033	1.15188	0.00	54404.78
1989	2025.06.18 15:46	s/l	850	49.12	1.15033	1.15033	1.15188	-5747.04	48657.74
1990	2025.06.18 17:04	buy	851	49.12	1.15151	1.15033	1.15188	0.00	48657.74
1991	2025.06.18 17:04	s/l	849	24.56	1.15188	1.15188	1.14646	-3806.80	44850.94
1992	2025.06.18 17:04	t/p	851	49.12	1.15188	1.15033	1.15188	1817.44	46668.38
1993	2025.07.09 10:45	sell	852	4.64	1.17098	1.17299	1.16596	0.00	46668.38
1994	2025.07.10 02:39	s/l	852	4.64	1.17299	1.17299	1.16596	-897.34	45771.04
1995	2025.07.17 09:15	sell	853	2.39	1.16080	1.16271	1.15603	0.00	45771.04
1996	2025.07.17 09:30	modify	853	2.39	1.16080	1.16070	1.15603	0.00	45771.04
1997	2025.07.17 15:30	t/p	853	2.39	1.15603	1.16070	1.15603	1140.03	46911.07
1998	2025.07.22 16:45	buy	854	14.46	1.16990	1.16763	1.17558	0.00	46911.07
1999	2025.07.22 18:16	modify	854	14.46	1.16990	1.17000	1.17558	0.00	46911.07
2000	2025.07.22 19:07	t/p	854	14.46	1.17558	1.17000	1.17558	8213.28	55124.35
2001	2025.08.21 16:45	sell	855	6.12	1.16334	1.16514	1.15884	0.00	55124.35
2002	2025.08.21 17:45	modify	855	6.12	1.16334	1.16324	1.15884	0.00	55124.35
2003	2025.08.22 07:21	t/p	855	6.12	1.15884	1.16324	1.15884	2769.52	57893.87
2004	2025.08.26 09:15	sell	856	14.38	1.16297	1.16458	1.15895	0.00	57893.87
2005	2025.08.26 10:12	modify	856	14.38	1.16297	1.16287	1.15895	0.00	57893.87
2006	2025.08.26 12:12	s/l	856	14.38	1.16287	1.16287	1.15895	143.80	58037.67
2007	2025.09.03 15:45	sell	857	15.37	1.16452	1.16603	1.16075	0.00	58037.67
2008	2025.09.03 17:00	buy	858	30.74	1.16568	1.16452	1.16603	0.00	58037.67
2009	2025.09.03 17:00	s/l	857	15.37	1.16603	1.16603	1.16075	-2320.87	55716.80
2010	2025.09.03 17:00	t/p	858	30.74	1.16603	1.16452	1.16603	1075.90	56792.70
2011	2025.09.29 15:00	buy	859	5.09	1.17293	1.17070	1.17851	0.00	56792.70
2012	2025.10.01 08:00	modify	859	5.09	1.17293	1.17303	1.17851	0.00	56792.70
2013	2025.10.01 13:02	s/l	859	5.09	1.17303	1.17303	1.17851	-34.04	56758.66
2014	2025.10.01 15:15	sell	860	6.00	1.17234	1.17423	1.16762	0.00	56758.66
2015	2025.10.01 15:15	s/l	860	6.00	1.17423	1.17423	1.16762	-1134.00	55624.66
2016	2025.10.01 15:15	buy	861	5.29	1.17423	1.17213	1.17948	0.00	55624.66
2017	2025.10.01 18:20	s/l	861	5.29	1.17213	1.17213	1.17948	-1110.90	54513.76
2018	2025.10.02 10:15	buy	862	2.79	1.17516	1.17321	1.18004	0.00	54513.76
2019	2025.10.02 16:39	s/l	862	2.79	1.17321	1.17321	1.18004	-544.05	53969.71
2020	2025.10.02 16:39	sell	863	3.99	1.17321	1.17456	1.16984	0.00	53969.71
2021	2025.10.02 17:11	modify	863	3.99	1.17321	1.17311	1.16984	0.00	53969.71
2022	2025.10.02 18:15	t/p	863	3.99	1.16984	1.17311	1.16984	1344.63	55314.34
2023	2025.10.09 09:15	sell	864	3.19	1.16299	1.16472	1.15867	0.00	55314.34
2024	2025.10.09 11:35	modify	864	3.19	1.16299	1.16289	1.15867	0.00	55314.34
2025	2025.10.09 17:22	t/p	864	3.19	1.15867	1.16289	1.15867	1378.08	56692.42
2026	2025.10.14 09:30	sell	865	19.35	1.15710	1.15915	1.15198	0.00	56692.42
2027	2025.10.14 17:34	buy	866	38.70	1.15864	1.15710	1.15915	0.00	56692.42
2028	2025.10.14 17:40	s/l	865	19.35	1.15915	1.15915	1.15198	-3966.75	52725.67
2029	2025.10.14 17:40	t/p	866	38.70	1.15915	1.15710	1.15915	1973.70	54699.37
2030	2025.10.15 16:45	buy	867	5.78	1.16272	1.16083	1.16745	0.00	54699.37
2031	2025.10.16 03:27	modify	867	5.78	1.16272	1.16282	1.16745	0.00	54699.37
2032	2025.10.16 04:51	t/p	867	5.78	1.16745	1.16282	1.16745	2589.26	57288.63
2033	2025.10.27 10:45	buy	868	25.06	1.16315	1.16155	1.16715	0.00	57288.63
2034	2025.10.28 02:20	modify	868	25.06	1.16315	1.16325	1.16715	0.00	57288.63
2035	2025.10.28 15:07	s/l	868	25.06	1.16325	1.16325	1.16715	41.50	57330.13
2036	2025.10.28 16:30	buy	869	9.59	1.16557	1.16318	1.17155	0.00	57330.13
2037	2025.10.29 05:41	sell	870	19.18	1.16377	1.16557	1.16318	0.00	57330.13
2038	2025.10.29 06:55	s/l	869	9.59	1.16318	1.16318	1.17155	-2372.03	54958.10
2039	2025.10.29 06:55	sell	871	27.82	1.16318	1.16397	1.16121	0.00	54958.10
2040	2025.10.29 06:55	t/p	870	19.18	1.16318	1.16557	1.16318	1131.62	56089.72
2041	2025.10.29 11:11	modify	871	27.82	1.16318	1.16308	1.16121	0.00	56089.72
2042	2025.10.29 11:32	s/l	871	27.82	1.16308	1.16308	1.16121	278.20	56367.92
2043	2025.11.10 09:45	buy	872	5.90	1.15705	1.15514	1.16183	0.00	56367.92
2044	2025.11.10 17:41	s/l	872	5.90	1.15514	1.15514	1.16183	-1126.90	55241.02
2045	2025.11.19 15:45	sell	873	6.07	1.15749	1.15931	1.15294	0.00	55241.02
2046	2025.11.19 17:10	modify	873	6.07	1.15749	1.15739	1.15294	0.00	55241.02
2047	2025.11.19 19:26	t/p	873	6.07	1.15294	1.15739	1.15294	2761.85	58002.87
2048	2025.12.01 09:30	buy	874	21.36	1.16082	1.15892	1.16557	0.00	58002.87
2049	2025.12.01 14:37	modify	874	21.36	1.16082	1.16092	1.16557	0.00	58002.87
2050	2025.12.01 21:11	s/l	874	21.36	1.16092	1.16092	1.16557	213.60	58216.47
2051	2025.12.16 16:00	buy	875	11.14	1.17758	1.17549	1.18281	0.00	58216.47
2052	2025.12.16 20:02	sell	876	22.28	1.17601	1.17758	1.17549	0.00	58216.47
2053	2025.12.16 20:07	s/l	875	11.14	1.17549	1.17549	1.18281	-2328.26	55888.21
2054	2025.12.16 20:11	t/p	876	22.28	1.17549	1.17758	1.17549	1158.56	57046.77
2055	2025.12.24 11:00	buy	877	5.20	1.17995	1.17776	1.18543	0.00	57046.77
2056	2025.12.24 16:55	s/l	877	5.20	1.17776	1.17776	1.18543	-1138.80	55907.97
2057	2026.01.12 15:15	buy	878	6.65	1.16925	1.16757	1.17345	0.00	55907.97
2058	2026.01.12 16:29	s/l	878	6.65	1.16757	1.16757	1.17345	-1117.20	54790.77
2059	2026.01.12 16:29	sell	879	4.41	1.16757	1.17005	1.16137	0.00	54790.77
2060	2026.01.13 18:14	modify	879	4.41	1.16757	1.16747	1.16137	0.00	54790.77
2061	2026.01.15 15:30	t/p	879	4.41	1.16137	1.16747	1.16137	2790.12	57580.89
2062	2026.01.19 09:15	buy	880	6.69	1.16400	1.16228	1.16830	0.00	57580.89
2063	2026.01.19 10:07	s/l	880	6.69	1.16228	1.16228	1.16830	-1150.68	56430.21
2064	2026.01.19 10:07	sell	881	5.87	1.16228	1.16420	1.15748	0.00	56430.21
2065	2026.01.19 16:49	s/l	881	5.87	1.16420	1.16420	1.15748	-1127.04	55303.17
2066	2026.01.29 15:00	buy	882	3.00	1.19613	1.19429	1.20073	0.00	55303.17
2067	2026.01.29 15:49	s/l	882	3.00	1.19429	1.19429	1.20073	-552.00	54751.17
2068	2026.02.04 16:15	sell	883	5.47	1.18076	1.18276	1.17576	0.00	54751.17
2069	2026.02.05 23:02	modify	883	5.47	1.18076	1.18066	1.17576	0.00	54751.17
2070	2026.02.06 15:49	s/l	883	5.47	1.18066	1.18066	1.17576	110.19	54861.35
2071	2026.02.18 16:00	sell	884	15.67	1.18236	1.18481	1.17624	0.00	54861.35
2072	2026.02.18 20:47	modify	884	15.67	1.18236	1.18226	1.17624	0.00	54861.35
2073	2026.02.19 15:04	t/p	884	15.67	1.17624	1.18226	1.17624	9709.26	64570.61
2074	2026.02.25 16:00	sell	885	13.73	1.17734	1.17922	1.17264	0.00	64570.61
2075	2026.02.25 16:46	buy	886	27.46	1.17875	1.17734	1.17922	0.00	64570.61
2076	2026.02.25 17:07	s/l	885	13.73	1.17922	1.17922	1.17264	-2581.24	61989.37
2077	2026.02.25 17:07	t/p	886	27.46	1.17922	1.17734	1.17922	1290.62	63279.99
2078	2026.03.17 09:15	buy	887	7.90	1.14885	1.14725	1.15285	0.00	63279.99
2079	2026.03.17 10:48	modify	887	7.90	1.14885	1.14895	1.15285	0.00	63279.99
2080	2026.03.17 15:00	t/p	887	7.90	1.15285	1.14895	1.15285	3160.00	66439.99
