1	2010.01.19 09:15	sell	1	1.01	1.43931	1.44128	1.43439	0.00	10000.00
2	2010.01.19 10:45	modify	1	1.01	1.43931	1.43921	1.43439	0.00	10000.00
3	2010.01.19 11:00	t/p	1	1.01	1.43439	1.43921	1.43439	496.92	10496.92
4	2010.02.15 14:00	sell	2	4.05	1.36095	1.36276	1.35643	0.00	10496.92
5	2010.02.15 16:47	modify	2	4.05	1.36095	1.36085	1.35643	0.00	10496.92
6	2010.02.15 17:39	s/l	2	4.05	1.36085	1.36085	1.35643	40.50	10537.42
7	2010.02.16 11:30	buy	3	1.80	1.36601	1.36368	1.37184	0.00	10537.42
8	2010.02.16 12:40	sell	4	3.60	1.36424	1.36601	1.36368	0.00	10537.42
9	2010.02.16 13:05	s/l	4	3.60	1.36601	1.36601	1.36368	-637.20	9900.22
10	2010.02.16 13:37	sell	5	3.60	1.36423	1.36601	1.36368	0.00	9900.22
11	2010.02.16 13:38	s/l	3	1.80	1.36368	1.36368	1.37184	-419.40	9480.82
12	2010.02.16 13:38	t/p	5	3.60	1.36368	1.36601	1.36368	198.00	9678.82
13	2010.03.08 15:00	buy	6	1.07	1.36653	1.36473	1.37103	0.00	9678.82
14	2010.03.08 16:32	s/l	6	1.07	1.36473	1.36473	1.37103	-192.60	9486.22
15	2010.03.10 08:00	sell	7	0.88	1.35826	1.36040	1.35291	0.00	9486.22
16	2010.03.10 09:00	modify	7	0.88	1.35826	1.35816	1.35291	0.00	9486.22
17	2010.03.10 10:14	s/l	7	0.88	1.35816	1.35816	1.35291	8.80	9495.02
18	2010.03.10 15:00	buy	8	2.99	1.36154	1.35932	1.36709	0.00	9495.02
19	2010.03.10 16:52	modify	8	2.99	1.36154	1.36164	1.36709	0.00	9495.02
20	2010.03.10 17:03	t/p	8	2.99	1.36709	1.36164	1.36709	1659.45	11154.47
21	2010.03.11 09:30	buy	9	1.15	1.36425	1.36232	1.36908	0.00	11154.47
22	2010.03.11 14:30	modify	9	1.15	1.36425	1.36435	1.36908	0.00	11154.47
23	2010.03.11 14:44	s/l	9	1.15	1.36435	1.36435	1.36908	11.50	11165.97
24	2010.03.16 08:00	sell	10	2.50	1.36831	1.37009	1.36386	0.00	11165.97
25	2010.03.16 11:00	buy	11	5.00	1.36967	1.36831	1.37009	0.00	11165.97
26	2010.03.16 11:00	s/l	10	2.50	1.37009	1.37009	1.36386	-445.00	10720.97
27	2010.03.16 11:00	t/p	11	5.00	1.37009	1.36831	1.37009	210.00	10930.97
28	2010.04.05 08:00	sell	12	1.12	1.34992	1.35186	1.34507	0.00	10930.97
29	2010.04.05 08:34	modify	12	1.12	1.34992	1.34982	1.34507	0.00	10930.97
30	2010.04.05 15:14	s/l	12	1.12	1.34982	1.34982	1.34507	11.20	10942.17
31	2010.06.30 09:45	sell	13	3.81	1.22160	1.22361	1.21658	0.00	10942.17
32	2010.06.30 10:14	buy	14	7.62	1.22311	1.22160	1.22361	0.00	10942.17
33	2010.06.30 10:37	s/l	14	7.62	1.22160	1.22160	1.22361	-1150.62	9791.55
34	2010.06.30 11:17	buy	15	7.62	1.22313	1.22160	1.22361	0.00	9791.55
35	2010.06.30 11:17	s/l	13	3.81	1.22361	1.22361	1.21658	-765.81	9025.74
36	2010.06.30 11:17	t/p	15	7.62	1.22361	1.22160	1.22361	365.76	9391.50
37	2010.08.18 09:45	sell	16	0.90	1.28290	1.28497	1.27773	0.00	9391.50
38	2010.08.18 09:51	s/l	16	0.90	1.28497	1.28497	1.27773	-186.30	9205.20
39	2010.08.30 08:15	buy	17	0.93	1.27451	1.27254	1.27944	0.00	9205.20
40	2010.08.30 08:58	s/l	17	0.93	1.27254	1.27254	1.27944	-183.21	9021.99
41	2010.09.01 10:00	buy	18	0.84	1.27200	1.26987	1.27733	0.00	9021.99
42	2010.09.01 10:44	modify	18	0.84	1.27200	1.27210	1.27733	0.00	9021.99
43	2010.09.01 11:27	t/p	18	0.84	1.27733	1.27210	1.27733	447.72	9469.71
44	2010.09.06 15:00	buy	19	3.24	1.28850	1.28646	1.29360	0.00	9469.71
45	2010.09.07 00:41	sell	20	6.48	1.28697	1.28850	1.28646	0.00	9469.71
46	2010.09.07 01:04	s/l	19	3.24	1.28646	1.28646	1.29360	-687.99	8781.72
47	2010.09.07 01:04	t/p	20	6.48	1.28646	1.28850	1.28646	330.48	9112.20
48	2010.09.20 08:45	buy	21	0.90	1.30852	1.30650	1.31357	0.00	9112.20
49	2010.09.20 09:35	modify	21	0.90	1.30852	1.30862	1.31357	0.00	9112.20
50	2010.09.20 13:57	s/l	21	0.90	1.30862	1.30862	1.31357	9.00	9121.20
51	2010.12.22 08:30	sell	22	3.36	1.31303	1.31493	1.30828	0.00	9121.20
52	2010.12.22 09:13	buy	23	6.72	1.31446	1.31303	1.31493	0.00	9121.20
53	2010.12.22 10:04	s/l	23	6.72	1.31303	1.31303	1.31493	-960.96	8160.24
54	2010.12.22 10:39	buy	24	6.72	1.31447	1.31303	1.31493	0.00	8160.24
55	2010.12.22 10:43	s/l	22	3.36	1.31493	1.31493	1.30828	-638.40	7521.84
56	2010.12.22 10:43	t/p	24	6.72	1.31493	1.31303	1.31493	309.12	7830.96
57	2010.12.27 15:00	buy	25	0.68	1.31514	1.31285	1.32087	0.00	7830.96
58	2010.12.27 19:01	s/l	25	0.68	1.31285	1.31285	1.32087	-155.72	7675.24
59	2010.12.29 11:30	sell	26	0.64	1.31229	1.31468	1.30632	0.00	7675.24
60	2010.12.29 17:33	s/l	26	0.64	1.31468	1.31468	1.30632	-152.96	7522.28
61	2011.02.09 09:30	buy	27	0.62	1.36507	1.36265	1.37112	0.00	7522.28
62	2011.02.09 11:48	s/l	27	0.62	1.36265	1.36265	1.37112	-150.04	7372.24
63	2011.03.08 08:30	buy	28	0.70	1.39830	1.39622	1.40350	0.00	7372.24
64	2011.03.08 08:39	s/l	28	0.70	1.39622	1.39622	1.40350	-145.60	7226.64
65	2011.03.23 10:15	sell	29	0.63	1.41753	1.41980	1.41186	0.00	7226.64
66	2011.03.23 11:15	s/l	29	0.63	1.41980	1.41980	1.41186	-143.01	7083.63
67	2011.03.30 08:15	sell	30	0.83	1.40821	1.40990	1.40399	0.00	7083.63
68	2011.03.30 10:08	s/l	30	0.83	1.40990	1.40990	1.40399	-140.27	6943.36
69	2011.04.05 08:15	sell	31	0.91	1.41931	1.42083	1.41551	0.00	6943.36
70	2011.04.05 08:30	modify	31	0.91	1.41931	1.41921	1.41551	0.00	6943.36
71	2011.04.05 09:18	s/l	31	0.91	1.41921	1.41921	1.41551	9.10	6952.46
72	2011.04.12 08:15	sell	32	2.96	1.43919	1.44083	1.43509	0.00	6952.46
73	2011.04.12 09:10	buy	33	5.92	1.44045	1.43919	1.44083	0.00	6952.46
74	2011.04.12 09:11	s/l	32	2.96	1.44083	1.44083	1.43509	-485.44	6467.02
75	2011.04.12 09:11	t/p	33	5.92	1.44083	1.43919	1.44083	224.96	6691.98
76	2011.08.22 08:30	sell	34	0.86	1.43580	1.43735	1.43193	0.00	6691.98
77	2011.08.22 09:07	s/l	34	0.86	1.43735	1.43735	1.43193	-133.30	6558.68
78	2011.08.24 08:15	buy	35	0.56	1.44161	1.43930	1.44739	0.00	6558.68
79	2011.08.24 10:00	s/l	35	0.56	1.43930	1.43930	1.44739	-129.36	6429.32
80	2011.09.08 10:30	sell	36	0.32	1.40645	1.40843	1.40150	0.00	6429.32
81	2011.09.08 12:49	modify	36	0.32	1.40645	1.40635	1.40150	0.00	6429.32
82	2011.09.08 13:35	t/p	36	0.32	1.40150	1.40635	1.40150	158.40	6587.72
83	2011.12.08 08:15	buy	37	1.31	1.34176	1.34001	1.34614	0.00	6587.72
84	2011.12.08 10:01	sell	38	2.62	1.34042	1.34176	1.34001	0.00	6587.72
85	2011.12.08 10:05	s/l	37	1.31	1.34001	1.34001	1.34614	-229.25	6358.47
86	2011.12.08 10:05	t/p	38	2.62	1.34001	1.34176	1.34001	107.42	6465.89
87	2011.12.19 08:45	sell	39	0.65	1.30068	1.30264	1.29578	0.00	6465.89
88	2011.12.19 09:07	s/l	39	0.65	1.30264	1.30264	1.29578	-127.40	6338.49
89	2011.12.19 15:15	sell	40	0.60	1.30218	1.30428	1.29693	0.00	6338.49
90	2011.12.19 21:54	modify	40	0.60	1.30218	1.30208	1.29693	0.00	6338.49
91	2011.12.20 09:35	s/l	40	0.60	1.30208	1.30208	1.29693	7.52	6346.01
92	2012.03.07 08:00	sell	41	2.84	1.31391	1.31547	1.31001	0.00	6346.01
93	2012.03.07 11:21	buy	42	5.68	1.31509	1.31391	1.31547	0.00	6346.01
94	2012.03.07 11:22	s/l	41	2.84	1.31547	1.31547	1.31001	-443.04	5902.97
95	2012.03.07 11:22	t/p	42	5.68	1.31547	1.31391	1.31547	215.84	6118.81
96	2012.03.08 09:00	buy	43	0.39	1.31786	1.31631	1.32174	0.00	6118.81
97	2012.03.08 10:31	modify	43	0.39	1.31786	1.31796	1.32174	0.00	6118.81
98	2012.03.08 10:36	t/p	43	0.39	1.32174	1.31796	1.32174	151.32	6270.13
99	2012.03.29 08:15	buy	44	1.06	1.33281	1.33074	1.33799	0.00	6270.13
100	2012.03.29 11:02	sell	45	2.12	1.33124	1.33281	1.33074	0.00	6270.13
101	2012.03.29 11:06	s/l	44	1.06	1.33074	1.33074	1.33799	-219.42	6050.71
102	2012.03.29 11:06	t/p	45	2.12	1.33074	1.33281	1.33074	106.00	6156.71
103	2012.04.03 08:15	buy	46	0.62	1.33466	1.33269	1.33959	0.00	6156.71
104	2012.04.03 13:16	s/l	46	0.62	1.33269	1.33269	1.33959	-122.14	6034.57
105	2012.04.09 15:15	sell	47	0.60	1.30563	1.30761	1.30068	0.00	6034.57
106	2012.04.09 16:31	s/l	47	0.60	1.30761	1.30761	1.30068	-118.80	5915.77
107	2012.04.12 10:45	buy	48	0.23	1.31315	1.31066	1.31938	0.00	5915.77
108	2012.04.12 11:09	s/l	48	0.23	1.31066	1.31066	1.31938	-57.27	5858.50
109	2012.04.17 09:15	buy	49	0.53	1.31100	1.30879	1.31653	0.00	5858.50
110	2012.04.17 09:55	modify	49	0.53	1.31100	1.31110	1.31653	0.00	5858.50
111	2012.04.17 11:00	t/p	49	0.53	1.31653	1.31110	1.31653	293.09	6151.59
112	2012.04.18 14:45	sell	50	2.11	1.30804	1.31008	1.30294	0.00	6151.59
113	2012.04.18 15:52	buy	51	4.22	1.30959	1.30804	1.31008	0.00	6151.59
114	2012.04.18 16:35	s/l	50	2.11	1.31008	1.31008	1.30294	-430.44	5721.15
115	2012.04.18 16:35	t/p	51	4.22	1.31008	1.30804	1.31008	206.78	5927.93
116	2012.04.19 11:30	buy	52	0.32	1.31388	1.31203	1.31851	0.00	5927.93
117	2012.04.19 12:23	s/l	52	0.32	1.31203	1.31203	1.31851	-59.20	5868.73
118	2012.04.26 15:30	buy	53	0.26	1.32181	1.31963	1.32726	0.00	5868.73
119	2012.04.26 16:16	modify	53	0.26	1.32181	1.32191	1.32726	0.00	5868.73
120	2012.04.26 23:00	s/l	53	0.26	1.32191	1.32191	1.32726	2.60	5871.33
121	2012.05.10 10:15	sell	54	0.84	1.29446	1.29688	1.28841	0.00	5871.33
122	2012.05.10 14:08	buy	55	1.68	1.29628	1.29446	1.29688	0.00	5871.33
123	2012.05.10 15:12	s/l	54	0.84	1.29688	1.29688	1.28841	-203.28	5668.05
124	2012.05.10 15:12	t/p	55	1.68	1.29688	1.29446	1.29688	100.80	5768.85
125	2012.05.17 08:45	sell	56	0.26	1.27264	1.27480	1.26724	0.00	5768.85
126	2012.05.17 12:19	modify	56	0.26	1.27264	1.27254	1.26724	0.00	5768.85
127	2012.05.17 13:26	t/p	56	0.26	1.26724	1.27254	1.26724	140.40	5909.25
128	2012.05.22 09:15	buy	57	2.68	1.27961	1.27807	1.28346	0.00	5909.25
129	2012.05.22 10:42	sell	58	5.36	1.27844	1.27961	1.27807	0.00	5909.25
130	2012.05.22 10:43	s/l	57	2.68	1.27807	1.27807	1.28346	-412.72	5496.53
131	2012.05.22 10:43	t/p	58	5.36	1.27807	1.27961	1.27807	198.32	5694.85
132	2012.05.29 11:45	sell	59	0.48	1.25401	1.25635	1.24816	0.00	5694.85
133	2012.05.29 17:36	modify	59	0.48	1.25401	1.25391	1.24816	0.00	5694.85
134	2012.05.29 17:45	t/p	59	0.48	1.24816	1.25391	1.24816	280.80	5975.65
135	2012.06.19 08:30	sell	60	2.13	1.25960	1.26156	1.25470	0.00	5975.65
136	2012.06.19 09:06	buy	61	4.26	1.26111	1.25960	1.26156	0.00	5975.65
137	2012.06.19 09:16	s/l	60	2.13	1.26156	1.26156	1.25470	-417.48	5558.17
138	2012.06.19 09:16	t/p	61	4.26	1.26156	1.25960	1.26156	191.70	5749.87
139	2012.06.26 09:00	sell	62	0.49	1.25010	1.25240	1.24435	0.00	5749.87
140	2012.06.26 09:39	s/l	62	0.49	1.25240	1.25240	1.24435	-112.70	5637.17
141	2012.06.27 08:45	sell	63	0.72	1.24880	1.25035	1.24493	0.00	5637.17
142	2012.06.27 15:09	modify	63	0.72	1.24880	1.24870	1.24493	0.00	5637.17
143	2012.06.27 17:18	t/p	63	0.72	1.24493	1.24870	1.24493	278.64	5915.81
144	2012.07.11 10:15	sell	64	2.65	1.22620	1.22776	1.22230	0.00	5915.81
145	2012.07.11 10:40	buy	65	5.30	1.22738	1.22620	1.22776	0.00	5915.81
146	2012.07.11 10:41	s/l	64	2.65	1.22776	1.22776	1.22230	-413.40	5502.41
147	2012.07.11 10:41	t/p	65	5.30	1.22776	1.22620	1.22776	201.40	5703.81
148	2012.07.16 09:30	buy	66	0.62	1.22370	1.22188	1.22825	0.00	5703.81
149	2012.07.16 10:45	s/l	66	0.62	1.22188	1.22188	1.22825	-112.84	5590.97
150	2012.07.18 09:15	buy	67	0.69	1.22915	1.22754	1.23318	0.00	5590.97
151	2012.07.18 10:09	s/l	67	0.69	1.22754	1.22754	1.23318	-111.09	5479.88
152	2012.07.31 09:45	buy	68	0.55	1.22778	1.22579	1.23276	0.00	5479.88
153	2012.07.31 10:05	s/l	68	0.55	1.22579	1.22579	1.23276	-109.45	5370.43
154	2012.07.31 11:00	sell	69	0.52	1.22571	1.22777	1.22056	0.00	5370.43
155	2012.07.31 11:56	s/l	69	0.52	1.22777	1.22777	1.22056	-107.12	5263.31
156	2012.08.08 11:30	sell	70	0.47	1.23711	1.23933	1.23156	0.00	5263.31
157	2012.08.08 14:13	modify	70	0.47	1.23711	1.23701	1.23156	0.00	5263.31
158	2012.08.08 17:12	s/l	70	0.47	1.23701	1.23701	1.23156	4.70	5268.01
159	2012.08.09 09:15	sell	71	0.74	1.23620	1.23866	1.23005	0.00	5268.01
160	2012.08.09 12:03	modify	71	0.74	1.23620	1.23610	1.23005	0.00	5268.01
161	2012.08.09 13:24	t/p	71	0.74	1.23005	1.23610	1.23005	455.10	5723.11
162	2012.08.13 09:45	sell	72	1.21	1.22776	1.22964	1.22306	0.00	5723.11
163	2012.08.13 10:34	buy	73	2.42	1.22919	1.22776	1.22964	0.00	5723.11
164	2012.08.13 11:00	s/l	72	1.21	1.22964	1.22964	1.22306	-227.48	5495.63
165	2012.08.13 11:00	t/p	73	2.42	1.22964	1.22776	1.22964	108.90	5604.53
166	2012.08.15 11:45	sell	74	0.67	1.23236	1.23403	1.22819	0.00	5604.53
167	2012.08.15 12:09	modify	74	0.67	1.23236	1.23226	1.22819	0.00	5604.53
168	2012.08.15 12:20	t/p	74	0.67	1.22819	1.23226	1.22819	279.39	5883.92
169	2012.08.20 08:15	buy	75	1.95	1.23483	1.23272	1.24011	0.00	5883.92
170	2012.08.20 12:01	sell	76	3.90	1.23324	1.23483	1.23272	0.00	5883.92
171	2012.08.20 12:02	s/l	75	1.95	1.23272	1.23272	1.24011	-411.45	5472.47
172	2012.08.20 12:02	t/p	76	3.90	1.23272	1.23483	1.23272	202.80	5675.27
173	2012.08.28 08:15	sell	77	0.70	1.24795	1.24957	1.24390	0.00	5675.27
174	2012.08.28 09:49	s/l	77	0.70	1.24957	1.24957	1.24390	-113.40	5561.87
175	2012.09.03 09:15	buy	78	0.58	1.25800	1.25609	1.26278	0.00	5561.87
176	2012.09.03 17:16	modify	78	0.58	1.25800	1.25810	1.26278	0.00	5561.87
177	2012.09.04 01:07	s/l	78	0.58	1.25810	1.25810	1.26278	0.96	5562.83
178	2012.10.02 08:30	buy	79	2.38	1.29130	1.28967	1.29538	0.00	5562.83
179	2012.10.02 08:38	sell	80	4.76	1.29007	1.29130	1.28967	0.00	5562.83
180	2012.10.02 08:58	s/l	79	2.38	1.28967	1.28967	1.29538	-387.94	5174.89
181	2012.10.02 08:58	t/p	80	4.76	1.28967	1.29130	1.28967	190.40	5365.29
182	2012.10.03 08:15	sell	81	0.55	1.28867	1.29059	1.28387	0.00	5365.29
183	2012.10.03 09:41	s/l	81	0.55	1.29059	1.29059	1.28387	-105.60	5259.69
184	2012.10.11 08:00	sell	82	0.25	1.28581	1.28788	1.28064	0.00	5259.69
185	2012.10.11 10:10	s/l	82	0.25	1.28788	1.28788	1.28064	-51.75	5207.94
186	2012.10.15 08:15	sell	83	0.62	1.29007	1.29174	1.28590	0.00	5207.94
187	2012.10.15 08:51	s/l	83	0.62	1.29174	1.29174	1.28590	-103.54	5104.40
188	2012.10.18 10:45	buy	84	0.24	1.31033	1.30827	1.31548	0.00	5104.40
189	2012.10.18 16:17	s/l	84	0.24	1.30827	1.30827	1.31548	-49.44	5054.96
190	2012.10.22 09:15	sell	85	0.45	1.30396	1.30619	1.29839	0.00	5054.96
191	2012.10.22 12:13	s/l	85	0.45	1.30619	1.30619	1.29839	-100.35	4954.61
192	2012.10.25 11:30	buy	86	0.26	1.30147	1.29960	1.30615	0.00	4954.61
193	2012.10.25 12:50	s/l	86	0.26	1.29960	1.29960	1.30615	-48.62	4905.99
194	2012.11.01 08:15	sell	87	0.25	1.29467	1.29662	1.28980	0.00	4905.99
195	2012.11.01 13:32	s/l	87	0.25	1.29662	1.29662	1.28980	-48.75	4857.24
196	2012.11.06 16:15	sell	88	0.62	1.27995	1.28151	1.27605	0.00	4857.24
197	2012.11.06 17:37	s/l	88	0.62	1.28151	1.28151	1.27605	-96.72	4760.52
198	2012.11.14 08:45	buy	89	0.50	1.27217	1.27029	1.27687	0.00	4760.52
199	2012.11.14 10:52	modify	89	0.50	1.27217	1.27227	1.27687	0.00	4760.52
200	2012.11.14 20:00	t/p	89	0.50	1.27687	1.27227	1.27687	235.00	4995.52
201	2012.11.28 10:30	sell	90	1.66	1.29182	1.29392	1.28657	0.00	4995.52
202	2012.11.28 14:19	modify	90	1.66	1.29182	1.29172	1.28657	0.00	4995.52
203	2012.11.28 16:36	s/l	90	1.66	1.29172	1.29172	1.28657	16.60	5012.12
204	2012.11.29 09:00	buy	91	0.44	1.29636	1.29409	1.30204	0.00	5012.12
205	2012.11.29 13:47	modify	91	0.44	1.29636	1.29646	1.30204	0.00	5012.12
206	2012.11.29 17:41	s/l	91	0.44	1.29646	1.29646	1.30204	4.40	5016.52
207	2012.12.11 10:30	buy	92	0.90	1.29587	1.29366	1.30140	0.00	5016.52
208	2012.12.11 12:50	modify	92	0.90	1.29587	1.29597	1.30140	0.00	5016.52
209	2012.12.11 19:41	t/p	92	0.90	1.30140	1.29597	1.30140	497.70	5514.22
210	2013.01.09 10:30	sell	93	1.24	1.30796	1.30973	1.30354	0.00	5514.22
211	2013.01.09 12:42	modify	93	1.24	1.30796	1.30786	1.30354	0.00	5514.22
212	2013.01.09 17:56	s/l	93	1.24	1.30786	1.30786	1.30354	12.40	5526.62
213	2013.01.17 08:45	sell	94	0.50	1.32862	1.33081	1.32315	0.00	5526.62
214	2013.01.17 09:01	buy	95	1.00	1.33027	1.32862	1.33081	0.00	5526.62
215	2013.01.17 09:03	s/l	94	0.50	1.33081	1.33081	1.32315	-109.50	5417.12
216	2013.01.17 09:08	t/p	95	1.00	1.33081	1.32862	1.33081	54.00	5471.12
217	2013.01.21 08:45	sell	96	0.68	1.33176	1.33335	1.32779	0.00	5471.12
218	2013.01.22 05:00	s/l	96	0.68	1.33335	1.33335	1.32779	-106.40	5364.72
219	2013.01.29 09:45	buy	97	0.48	1.34542	1.34319	1.35100	0.00	5364.72
220	2013.01.29 11:46	s/l	97	0.48	1.34319	1.34319	1.35100	-107.04	5257.68
221	2013.02.12 08:45	sell	98	0.47	1.33733	1.33953	1.33183	0.00	5257.68
222	2013.02.12 10:01	s/l	98	0.47	1.33953	1.33953	1.33183	-103.40	5154.28
223	2013.02.18 08:15	sell	99	0.56	1.33366	1.33549	1.32909	0.00	5154.28
224	2013.02.18 10:22	s/l	99	0.56	1.33549	1.33549	1.32909	-102.48	5051.80
225	2013.02.19 11:00	sell	100	0.58	1.33427	1.33600	1.32995	0.00	5051.80
226	2013.02.19 11:00	s/l	100	0.58	1.33600	1.33600	1.32995	-100.34	4951.46
227	2013.03.05 09:00	buy	101	0.43	1.30469	1.30240	1.31042	0.00	4951.46
228	2013.03.05 11:44	s/l	101	0.43	1.30240	1.30240	1.31042	-98.47	4852.99
229	2013.03.11 09:30	sell	102	0.59	1.30037	1.30199	1.29632	0.00	4852.99
230	2013.03.11 18:03	s/l	102	0.59	1.30199	1.30199	1.29632	-95.58	4757.41
231	2013.03.19 08:30	sell	103	0.46	1.29425	1.29630	1.28913	0.00	4757.41
232	2013.03.19 16:37	modify	103	0.46	1.29425	1.29415	1.28913	0.00	4757.41
233	2013.03.19 16:57	t/p	103	0.46	1.28913	1.29415	1.28913	235.52	4992.93
234	2013.03.28 09:45	sell	104	0.84	1.27897	1.28103	1.27382	0.00	4992.93
235	2013.03.28 09:58	modify	104	0.84	1.27897	1.27887	1.27382	0.00	4992.93
236	2013.03.28 11:18	s/l	104	0.84	1.27887	1.27887	1.27382	8.40	5001.33
237	2013.04.03 14:00	buy	105	0.87	1.28289	1.28061	1.28859	0.00	5001.33
238	2013.04.03 16:15	modify	105	0.87	1.28289	1.28299	1.28859	0.00	5001.33
239	2013.04.04 07:05	s/l	105	0.87	1.28299	1.28299	1.28859	-13.08	4988.25
240	2013.04.15 10:00	sell	106	0.48	1.30742	1.30946	1.30232	0.00	4988.25
241	2013.04.15 14:18	s/l	106	0.48	1.30946	1.30946	1.30232	-97.92	4890.33
242	2013.04.22 08:15	sell	107	0.58	1.30575	1.30743	1.30155	0.00	4890.33
243	2013.04.22 09:04	s/l	107	0.58	1.30743	1.30743	1.30155	-97.44	4792.89
244	2013.04.22 09:30	sell	108	0.43	1.30554	1.30774	1.30004	0.00	4792.89
245	2013.04.22 14:54	modify	108	0.43	1.30554	1.30544	1.30004	0.00	4792.89
246	2013.04.22 18:40	s/l	108	0.43	1.30544	1.30544	1.30004	4.30	4797.19
247	2013.04.24 14:30	sell	109	1.57	1.29957	1.30170	1.29425	0.00	4797.19
248	2013.04.24 16:28	buy	110	3.14	1.30119	1.29957	1.30170	0.00	4797.19
249	2013.04.24 16:35	s/l	110	3.14	1.29957	1.29957	1.30170	-508.68	4288.51
250	2013.04.24 19:05	buy	111	3.14	1.30121	1.29957	1.30170	0.00	4288.51
251	2013.04.24 19:05	s/l	109	1.57	1.30170	1.30170	1.29425	-334.41	3954.10
252	2013.04.24 19:05	t/p	111	3.14	1.30170	1.29957	1.30170	153.86	4107.96
253	2013.04.25 10:15	buy	112	0.23	1.30423	1.30246	1.30866	0.00	4107.96
254	2013.04.25 11:00	modify	112	0.23	1.30423	1.30433	1.30866	0.00	4107.96
255	2013.04.25 14:15	t/p	112	0.23	1.30866	1.30433	1.30866	101.89	4209.85
256	2013.04.29 08:15	buy	113	1.72	1.30577	1.30406	1.31005	0.00	4209.85
257	2013.04.29 09:24	modify	113	1.72	1.30577	1.30587	1.31005	0.00	4209.85
258	2013.04.29 14:03	t/p	113	1.72	1.31005	1.30587	1.31005	736.16	4946.01
259	2013.04.30 15:15	buy	114	0.96	1.30853	1.30649	1.31363	0.00	4946.01
260	2013.04.30 15:35	modify	114	0.96	1.30853	1.30863	1.31363	0.00	4946.01
261	2013.04.30 15:40	t/p	114	0.96	1.31363	1.30863	1.31363	489.60	5435.61
262	2013.05.02 10:15	buy	115	0.54	1.31676	1.31478	1.32171	0.00	5435.61
263	2013.05.02 13:44	sell	116	1.08	1.31524	1.31676	1.31478	0.00	5435.61
264	2013.05.02 13:45	s/l	115	0.54	1.31478	1.31478	1.32171	-106.92	5328.69
265	2013.05.02 13:45	t/p	116	1.08	1.31478	1.31676	1.31478	49.68	5378.37
266	2013.05.06 10:45	sell	117	0.70	1.31067	1.31220	1.30685	0.00	5378.37
267	2013.05.06 16:24	modify	117	0.70	1.31067	1.31057	1.30685	0.00	5378.37
268	2013.05.06 16:26	t/p	117	0.70	1.30685	1.31057	1.30685	267.40	5645.77
269	2013.05.14 09:15	buy	118	2.47	1.30125	1.29965	1.30525	0.00	5645.77
270	2013.05.14 09:30	sell	119	4.94	1.30001	1.30125	1.29965	0.00	5645.77
271	2013.05.14 09:30	s/l	118	2.47	1.29965	1.29965	1.30525	-395.20	5250.57
272	2013.05.14 09:30	t/p	119	4.94	1.29965	1.30125	1.29965	177.84	5428.41
273	2013.05.14 11:00	sell	120	0.63	1.29949	1.30120	1.29522	0.00	5428.41
274	2013.05.14 11:10	s/l	120	0.63	1.30120	1.30120	1.29522	-107.73	5320.68
275	2013.05.21 11:30	buy	121	0.45	1.28856	1.28622	1.29441	0.00	5320.68
276	2013.05.21 12:23	s/l	121	0.45	1.28622	1.28622	1.29441	-105.30	5215.38
277	2013.05.21 16:00	sell	122	0.69	1.28596	1.28746	1.28221	0.00	5215.38
278	2013.05.21 17:11	s/l	122	0.69	1.28746	1.28746	1.28221	-103.50	5111.88
279	2013.05.22 09:00	buy	123	0.66	1.29166	1.29013	1.29549	0.00	5111.88
280	2013.05.22 09:45	modify	123	0.66	1.29166	1.29176	1.29549	0.00	5111.88
281	2013.05.22 14:21	s/l	123	0.66	1.29176	1.29176	1.29549	6.60	5118.48
282	2013.05.28 11:15	sell	124	2.14	1.28973	1.29140	1.28556	0.00	5118.48
283	2013.05.28 11:26	buy	125	4.28	1.29099	1.28973	1.29140	0.00	5118.48
284	2013.05.28 11:26	s/l	124	2.14	1.29140	1.29140	1.28556	-357.38	4761.10
285	2013.05.28 11:26	t/p	125	4.28	1.29140	1.28973	1.29140	175.48	4936.58
286	2013.06.12 15:45	buy	126	0.49	1.32857	1.32659	1.33352	0.00	4936.58
287	2013.06.12 17:00	modify	126	0.49	1.32857	1.32867	1.33352	0.00	4936.58
288	2013.06.12 17:47	t/p	126	0.49	1.33352	1.32867	1.33352	242.55	5179.13
289	2013.06.25 10:15	sell	127	1.87	1.31269	1.31462	1.30787	0.00	5179.13
290	2013.06.25 13:59	buy	128	3.74	1.31415	1.31269	1.31462	0.00	5179.13
291	2013.06.25 14:16	s/l	128	3.74	1.31269	1.31269	1.31462	-546.04	4633.09
292	2013.06.25 14:35	modify	127	1.87	1.31269	1.31259	1.30787	0.00	4633.09
293	2013.06.25 16:00	t/p	127	1.87	1.30787	1.31259	1.30787	901.34	5534.43
294	2013.07.04 09:15	sell	129	0.55	1.29863	1.30062	1.29366	0.00	5534.43
295	2013.07.04 10:35	buy	130	1.10	1.30013	1.29863	1.30062	0.00	5534.43
296	2013.07.04 11:56	s/l	129	0.55	1.30062	1.30062	1.29366	-109.45	5424.98
297	2013.07.04 11:56	t/p	130	1.10	1.30062	1.29863	1.30062	53.90	5478.88
298	2013.07.10 14:15	sell	131	0.63	1.28125	1.28298	1.27693	0.00	5478.88
299	2013.07.10 15:58	s/l	131	0.63	1.28298	1.28298	1.27693	-108.99	5369.89
300	2013.07.23 16:15	buy	132	0.69	1.31936	1.31781	1.32324	0.00	5369.89
301	2013.07.23 16:41	modify	132	0.69	1.31936	1.31946	1.32324	0.00	5369.89
302	2013.07.23 20:51	t/p	132	0.69	1.32324	1.31946	1.32324	267.72	5637.61
303	2013.08.13 09:30	sell	133	1.68	1.32899	1.33133	1.32314	0.00	5637.61
304	2013.08.13 11:00	buy	134	3.36	1.33077	1.32899	1.33133	0.00	5637.61
305	2013.08.13 11:15	s/l	133	1.68	1.33133	1.33133	1.32314	-393.12	5244.49
306	2013.08.13 11:15	t/p	134	3.36	1.33133	1.32899	1.33133	188.16	5432.65
307	2013.08.14 11:15	sell	135	0.52	1.32524	1.32730	1.32009	0.00	5432.65
308	2013.08.15 04:09	s/l	135	0.52	1.32730	1.32730	1.32009	-103.16	5329.49
309	2013.08.22 16:30	sell	136	0.25	1.33300	1.33506	1.32785	0.00	5329.49
310	2013.08.22 17:06	s/l	136	0.25	1.33506	1.33506	1.32785	-51.50	5277.99
311	2013.08.28 11:30	buy	137	0.63	1.33763	1.33597	1.34178	0.00	5277.99
312	2013.08.28 12:33	s/l	137	0.63	1.33597	1.33597	1.34178	-104.58	5173.41
313	2013.09.02 10:00	sell	138	0.59	1.32101	1.32276	1.31664	0.00	5173.41
314	2013.09.03 07:19	modify	138	0.59	1.32101	1.32091	1.31664	0.00	5173.41
315	2013.09.03 08:30	t/p	138	0.59	1.31664	1.32091	1.31664	259.33	5432.74
316	2013.09.11 10:15	buy	139	2.39	1.32661	1.32502	1.33059	0.00	5432.74
317	2013.09.11 12:53	sell	140	4.78	1.32541	1.32661	1.32502	0.00	5432.74
318	2013.09.11 14:04	s/l	140	4.78	1.32661	1.32661	1.32502	-573.60	4859.14
319	2013.09.11 15:53	modify	139	2.39	1.32661	1.32671	1.33059	0.00	4859.14
320	2013.09.11 17:02	t/p	139	2.39	1.33059	1.32671	1.33059	951.22	5810.36
321	2013.09.23 14:30	buy	141	1.27	1.35152	1.34969	1.35610	0.00	5810.36
322	2013.09.23 15:16	sell	142	2.54	1.35010	1.35152	1.34969	0.00	5810.36
323	2013.09.23 15:17	s/l	141	1.27	1.34969	1.34969	1.35610	-232.41	5577.95
324	2013.09.23 15:17	t/p	142	2.54	1.34969	1.35152	1.34969	104.14	5682.09
325	2013.09.26 15:30	sell	143	0.37	1.34922	1.35073	1.34545	0.00	5682.09
326	2013.09.26 16:00	s/l	143	0.37	1.35073	1.35073	1.34545	-55.87	5626.22
327	2013.10.07 14:00	sell	144	0.66	1.35668	1.35836	1.35248	0.00	5626.22
328	2013.10.07 17:17	s/l	144	0.66	1.35836	1.35836	1.35248	-110.88	5515.34
329	2013.10.08 15:45	buy	145	0.48	1.35953	1.35724	1.36526	0.00	5515.34
330	2013.10.08 18:46	s/l	145	0.48	1.35724	1.35724	1.36526	-109.92	5405.42
331	2013.10.23 15:00	buy	146	0.68	1.37630	1.37472	1.38025	0.00	5405.42
332	2013.10.23 15:48	modify	146	0.68	1.37630	1.37640	1.38025	0.00	5405.42
333	2013.10.23 16:12	s/l	146	0.68	1.37640	1.37640	1.38025	6.80	5412.22
334	2013.11.06 08:45	buy	147	2.09	1.35089	1.34908	1.35542	0.00	5412.22
335	2013.11.06 09:03	sell	148	4.18	1.34952	1.35089	1.34908	0.00	5412.22
336	2013.11.06 09:26	s/l	147	2.09	1.34908	1.34908	1.35542	-378.29	5033.93
337	2013.11.06 09:26	t/p	148	4.18	1.34908	1.35089	1.34908	183.92	5217.85
338	2013.11.12 09:45	sell	149	0.50	1.33736	1.33944	1.33216	0.00	5217.85
339	2013.11.12 11:53	s/l	149	0.50	1.33944	1.33944	1.33216	-104.00	5113.85
340	2013.11.14 09:15	buy	150	0.29	1.34685	1.34509	1.35125	0.00	5113.85
341	2013.11.14 10:37	s/l	150	0.29	1.34509	1.34509	1.35125	-51.04	5062.81
342	2013.11.14 16:00	buy	151	0.26	1.34559	1.34368	1.35037	0.00	5062.81
343	2013.11.14 16:31	s/l	151	0.26	1.34368	1.34368	1.35037	-49.66	5013.15
344	2013.11.19 10:00	buy	152	0.49	1.35196	1.34995	1.35699	0.00	5013.15
345	2013.11.19 11:06	s/l	152	0.49	1.34995	1.34995	1.35699	-98.49	4914.66
346	2013.11.19 15:45	buy	153	0.54	1.35175	1.34995	1.35625	0.00	4914.66
347	2013.11.19 15:57	s/l	153	0.54	1.34995	1.34995	1.35625	-97.20	4817.46
348	2013.11.20 15:30	buy	154	0.63	1.35377	1.35225	1.35757	0.00	4817.46
349	2013.11.20 16:20	s/l	154	0.63	1.35225	1.35225	1.35757	-95.76	4721.70
350	2013.12.02 08:45	buy	155	0.51	1.36124	1.35941	1.36582	0.00	4721.70
351	2013.12.02 09:32	s/l	155	0.51	1.35941	1.35941	1.36582	-93.33	4628.37
352	2013.12.11 10:00	buy	156	0.38	1.37631	1.37392	1.38229	0.00	4628.37
353	2013.12.11 16:49	modify	156	0.38	1.37631	1.37641	1.38229	0.00	4628.37
354	2013.12.12 10:50	s/l	156	0.38	1.37641	1.37641	1.38229	-5.71	4622.65
355	2013.12.12 16:00	buy	157	0.22	1.37754	1.37544	1.38279	0.00	4622.65
356	2013.12.12 16:04	s/l	157	0.22	1.37544	1.37544	1.38279	-46.20	4576.45
357	2013.12.16 10:30	buy	158	0.37	1.37724	1.37477	1.38342	0.00	4576.45
358	2013.12.16 18:21	s/l	158	0.37	1.37477	1.37477	1.38342	-91.39	4485.06
359	2013.12.26 16:45	buy	159	0.26	1.36977	1.36809	1.37397	0.00	4485.06
360	2013.12.27 03:51	modify	159	0.26	1.36977	1.36987	1.37397	0.00	4485.06
361	2013.12.27 04:10	t/p	159	0.26	1.37397	1.36987	1.37397	107.03	4592.09
362	2013.12.31 15:30	sell	160	1.42	1.37694	1.37920	1.37129	0.00	4592.09
363	2013.12.31 16:40	buy	161	2.84	1.37867	1.37694	1.37920	0.00	4592.09
364	2013.12.31 17:04	s/l	161	2.84	1.37694	1.37694	1.37920	-491.32	4100.77
365	2014.01.02 08:42	modify	160	1.42	1.37694	1.37684	1.37129	0.00	4100.77
366	2014.01.02 12:01	t/p	160	1.42	1.37129	1.37684	1.37129	816.70	4917.48
367	2014.01.14 11:45	buy	162	0.97	1.36802	1.36601	1.37305	0.00	4917.48
368	2014.01.14 14:30	sell	163	1.94	1.36647	1.36802	1.36601	0.00	4917.48
369	2014.01.14 14:30	s/l	162	0.97	1.36601	1.36601	1.37305	-194.97	4722.51
370	2014.01.14 14:30	t/p	163	1.94	1.36601	1.36802	1.36601	89.24	4811.75
371	2014.01.14 15:30	buy	164	0.59	1.36736	1.36573	1.37144	0.00	4811.75
372	2014.01.15 02:34	s/l	164	0.59	1.36573	1.36573	1.37144	-101.09	4710.66
373	2014.01.16 08:30	sell	165	0.22	1.36069	1.36275	1.35554	0.00	4710.66
374	2014.01.16 10:33	s/l	165	0.22	1.36275	1.36275	1.35554	-45.32	4665.34
375	2014.01.21 09:00	sell	166	0.51	1.35465	1.35645	1.35015	0.00	4665.34
376	2014.01.21 12:59	modify	166	0.51	1.35465	1.35455	1.35015	0.00	4665.34
377	2014.01.21 16:59	s/l	166	0.51	1.35455	1.35455	1.35015	5.10	4670.44
378	2014.01.22 09:00	sell	167	1.40	1.35444	1.35676	1.34864	0.00	4670.44
379	2014.01.22 13:43	buy	168	2.80	1.35622	1.35444	1.35676	0.00	4670.44
380	2014.01.22 13:43	s/l	167	1.40	1.35676	1.35676	1.34864	-324.80	4345.64
381	2014.01.22 13:43	t/p	168	2.80	1.35676	1.35444	1.35676	151.20	4496.84
382	2014.01.28 16:45	sell	169	0.49	1.36570	1.36750	1.36120	0.00	4496.84
383	2014.01.29 09:30	s/l	169	0.49	1.36750	1.36750	1.36120	-86.96	4409.88
384	2014.02.04 15:15	sell	170	0.45	1.35118	1.35310	1.34638	0.00	4409.88
385	2014.02.05 14:00	s/l	170	0.45	1.35310	1.35310	1.34638	-85.26	4324.62
386	2014.02.17 10:15	buy	171	0.44	1.37136	1.36940	1.37626	0.00	4324.62
387	2014.02.17 14:24	s/l	171	0.44	1.36940	1.36940	1.37626	-86.24	4238.38
388	2014.02.18 11:45	buy	172	0.37	1.37278	1.37050	1.37848	0.00	4238.38
389	2014.02.18 15:11	modify	172	0.37	1.37278	1.37288	1.37848	0.00	4238.38
390	2014.02.19 20:20	s/l	172	0.37	1.37288	1.37288	1.37848	0.61	4238.99
391	2014.03.17 10:00	buy	173	1.34	1.39046	1.38826	1.39596	0.00	4238.99
392	2014.03.17 11:13	sell	174	2.68	1.38879	1.39046	1.38826	0.00	4238.99
393	2014.03.17 13:38	s/l	174	2.68	1.39046	1.39046	1.38826	-447.56	3791.43
394	2014.03.17 14:48	modify	173	1.34	1.39046	1.39056	1.39596	0.00	3791.43
395	2014.03.18 10:15	s/l	173	1.34	1.39056	1.39056	1.39596	2.22	3793.65
396	2014.03.24 15:15	sell	175	0.82	1.37678	1.37863	1.37216	0.00	3793.65
397	2014.03.24 15:38	buy	176	1.64	1.37817	1.37678	1.37863	0.00	3793.65
398	2014.03.24 16:55	s/l	175	0.82	1.37863	1.37863	1.37216	-151.70	3641.95
399	2014.03.24 16:55	t/p	176	1.64	1.37863	1.37678	1.37863	75.44	3717.39
400	2014.03.25 16:30	sell	177	0.35	1.37853	1.38062	1.37331	0.00	3717.39
401	2014.03.25 17:15	modify	177	0.35	1.37853	1.37843	1.37331	0.00	3717.39
402	2014.03.25 17:30	s/l	177	0.35	1.37843	1.37843	1.37331	3.50	3720.89
403	2014.03.27 08:30	sell	178	0.74	1.37720	1.37894	1.37285	0.00	3720.89
404	2014.03.27 11:04	modify	178	0.74	1.37720	1.37710	1.37285	0.00	3720.89
405	2014.03.27 12:55	s/l	178	0.74	1.37710	1.37710	1.37285	7.40	3728.29
406	2014.03.27 15:30	sell	179	0.49	1.37613	1.37764	1.37236	0.00	3728.29
407	2014.03.27 15:34	buy	180	0.98	1.37727	1.37613	1.37764	0.00	3728.29
408	2014.03.27 15:55	s/l	180	0.98	1.37613	1.37613	1.37764	-111.72	3616.57
409	2014.03.27 16:59	modify	179	0.49	1.37613	1.37603	1.37236	0.00	3616.57
410	2014.03.28 09:01	t/p	179	0.49	1.37236	1.37603	1.37236	185.97	3802.54
411	2014.04.02 15:30	sell	181	0.86	1.37764	1.37939	1.37327	0.00	3802.54
412	2014.04.03 13:17	modify	181	0.86	1.37764	1.37754	1.37327	0.00	3802.54
413	2014.04.03 13:45	s/l	181	0.86	1.37754	1.37754	1.37327	15.14	3817.69
414	2014.04.14 10:15	sell	182	1.01	1.38483	1.38634	1.38106	0.00	3817.69
415	2014.04.14 10:49	modify	182	1.01	1.38483	1.38473	1.38106	0.00	3817.69
416	2014.04.14 14:35	t/p	182	1.01	1.38106	1.38473	1.38106	380.77	4198.46
417	2014.05.14 11:45	sell	183	1.08	1.37124	1.37279	1.36737	0.00	4198.46
418	2014.05.14 12:22	buy	184	2.16	1.37241	1.37124	1.37279	0.00	4198.46
419	2014.05.14 12:44	s/l	184	2.16	1.37124	1.37124	1.37279	-252.72	3945.74
420	2014.05.15 09:10	modify	183	1.08	1.37124	1.37114	1.36737	0.00	3945.74
421	2014.05.15 09:53	t/p	183	1.08	1.36737	1.37114	1.36737	426.18	4371.91
422	2014.05.20 16:45	sell	185	1.16	1.36912	1.37062	1.36537	0.00	4371.91
423	2014.05.20 18:04	buy	186	2.32	1.37025	1.36912	1.37062	0.00	4371.91
424	2014.05.20 18:35	s/l	186	2.32	1.36912	1.36912	1.37062	-262.16	4109.75
425	2014.05.21 01:51	buy	187	2.32	1.37026	1.36912	1.37062	0.00	4109.75
426	2014.05.21 02:38	s/l	185	1.16	1.37062	1.37062	1.36537	-171.06	3938.70
427	2014.05.21 02:38	t/p	187	2.32	1.37062	1.36912	1.37062	83.52	4022.22
428	2014.05.22 09:15	sell	188	0.24	1.36629	1.36790	1.36227	0.00	4022.22
429	2014.05.22 09:39	s/l	188	0.24	1.36790	1.36790	1.36227	-38.64	3983.58
430	2014.05.29 15:00	sell	189	0.15	1.36023	1.36273	1.35398	0.00	3983.58
431	2014.05.30 15:14	s/l	189	0.15	1.36273	1.36273	1.35398	-37.12	3946.46
432	2014.06.11 16:15	sell	190	0.40	1.35313	1.35506	1.34831	0.00	3946.46
433	2014.06.12 16:43	s/l	190	0.40	1.35506	1.35506	1.34831	-74.16	3872.30
434	2014.08.27 15:45	sell	191	0.47	1.31722	1.31885	1.31315	0.00	3872.30
435	2014.08.27 16:15	s/l	191	0.47	1.31885	1.31885	1.31315	-76.61	3795.69
436	2014.09.10 08:45	buy	192	0.43	1.29397	1.29221	1.29837	0.00	3795.69
437	2014.09.10 14:36	s/l	192	0.43	1.29221	1.29221	1.29837	-75.68	3720.01
438	2014.09.17 16:00	buy	193	0.46	1.29661	1.29501	1.30061	0.00	3720.01
439	2014.09.17 17:16	s/l	193	0.46	1.29501	1.29501	1.30061	-73.60	3646.41
440	2014.10.02 11:45	buy	194	0.23	1.26413	1.26255	1.26808	0.00	3646.41
441	2014.10.02 14:30	s/l	194	0.23	1.26255	1.26255	1.26808	-36.34	3610.07
442	2014.10.08 09:15	buy	195	0.30	1.26450	1.26215	1.27038	0.00	3610.07
443	2014.10.08 11:15	modify	195	0.30	1.26450	1.26460	1.27038	0.00	3610.07
444	2014.10.08 13:47	s/l	195	0.30	1.26460	1.26460	1.27038	3.00	3613.07
445	2014.10.13 15:30	buy	196	1.43	1.26918	1.26742	1.27358	0.00	3613.07
446	2014.10.13 17:00	sell	197	2.86	1.26786	1.26918	1.26742	0.00	3613.07
447	2014.10.13 17:21	s/l	196	1.43	1.26742	1.26742	1.27358	-251.68	3361.39
448	2014.10.13 17:21	t/p	197	2.86	1.26742	1.26918	1.26742	125.84	3487.23
449	2014.10.20 15:00	sell	198	0.36	1.27670	1.27859	1.27198	0.00	3487.23
450	2014.10.20 17:33	s/l	198	0.36	1.27859	1.27859	1.27198	-68.04	3419.19
451	2014.11.04 08:30	sell	199	0.40	1.25028	1.25197	1.24606	0.00	3419.19
452	2014.11.04 11:17	s/l	199	0.40	1.25197	1.25197	1.24606	-67.60	3351.59
453	2014.11.04 15:15	sell	200	0.40	1.25106	1.25273	1.24689	0.00	3351.59
454	2014.11.04 16:17	s/l	200	0.40	1.25273	1.25273	1.24689	-66.80	3284.79
455	2014.11.06 11:45	buy	201	0.18	1.25200	1.25021	1.25648	0.00	3284.79
456	2014.11.06 14:33	s/l	201	0.18	1.25021	1.25021	1.25648	-32.22	3252.57
457	2014.11.19 09:00	buy	202	0.29	1.25344	1.25125	1.25892	0.00	3252.57
458	2014.11.19 14:55	modify	202	0.29	1.25344	1.25354	1.25892	0.00	3252.57
459	2014.11.19 16:03	s/l	202	0.29	1.25354	1.25354	1.25892	2.90	3255.47
460	2014.11.25 11:30	sell	203	1.46	1.24276	1.24432	1.23886	0.00	3255.47
461	2014.11.25 12:30	buy	204	2.92	1.24395	1.24276	1.24432	0.00	3255.47
462	2014.11.25 14:44	s/l	204	2.92	1.24276	1.24276	1.24432	-347.48	2907.99
463	2014.11.25 15:31	modify	203	1.46	1.24276	1.24266	1.23886	0.00	2907.99
464	2014.11.25 16:29	s/l	203	1.46	1.24266	1.24266	1.23886	14.60	2922.59
465	2014.11.26 10:15	buy	205	0.75	1.24785	1.24630	1.25173	0.00	2922.59
466	2014.11.26 11:06	sell	206	1.50	1.24668	1.24785	1.24630	0.00	2922.59
467	2014.11.26 11:06	s/l	205	0.75	1.24630	1.24630	1.25173	-116.25	2806.34
468	2014.11.26 11:06	t/p	206	1.50	1.24630	1.24785	1.24630	57.00	2863.34
469	2014.11.26 14:15	buy	207	0.24	1.24645	1.24409	1.25235	0.00	2863.34
470	2014.11.26 15:38	modify	207	0.24	1.24645	1.24655	1.25235	0.00	2863.34
471	2014.11.26 17:58	t/p	207	0.24	1.25235	1.24655	1.25235	141.60	3004.94
472	2014.12.10 14:45	buy	208	1.03	1.23839	1.23635	1.24349	0.00	3004.94
473	2014.12.10 17:00	modify	208	1.03	1.23839	1.23849	1.24349	0.00	3004.94
474	2014.12.10 17:37	t/p	208	1.03	1.24349	1.23849	1.24349	525.30	3530.24
475	2014.12.15 08:45	buy	209	0.82	1.24551	1.24380	1.24979	0.00	3530.24
476	2014.12.15 10:12	sell	210	1.64	1.24421	1.24551	1.24380	0.00	3530.24
477	2014.12.15 10:13	s/l	209	0.82	1.24380	1.24380	1.24979	-140.22	3390.02
478	2014.12.15 10:13	t/p	210	1.64	1.24380	1.24551	1.24380	67.24	3457.26
479	2014.12.17 09:15	buy	211	0.36	1.24923	1.24733	1.25398	0.00	3457.26
480	2014.12.17 09:55	s/l	211	0.36	1.24733	1.24733	1.25398	-68.40	3388.86
481	2014.12.22 14:45	sell	212	0.44	1.22570	1.22722	1.22190	0.00	3388.86
482	2014.12.22 21:50	modify	212	0.44	1.22570	1.22560	1.22190	0.00	3388.86
483	2014.12.22 21:59	t/p	212	0.44	1.22190	1.22560	1.22190	167.20	3556.06
484	2014.12.29 09:45	sell	213	1.28	1.21739	1.21932	1.21257	0.00	3556.06
485	2014.12.29 11:06	buy	214	2.56	1.21884	1.21739	1.21932	0.00	3556.06
486	2014.12.29 11:20	s/l	213	1.28	1.21932	1.21932	1.21257	-247.04	3309.02
487	2014.12.29 11:20	t/p	214	2.56	1.21932	1.21739	1.21932	122.88	3431.90
488	2015.01.13 09:15	buy	215	0.42	1.18384	1.18223	1.18787	0.00	3431.90
489	2015.01.13 10:43	s/l	215	0.42	1.18223	1.18223	1.18787	-67.62	3364.28
490	2015.01.15 10:15	sell	216	0.14	1.17647	1.17875	1.17077	0.00	3364.28
491	2015.01.15 11:31	modify	216	0.14	1.17647	1.17637	1.17077	0.00	3364.28
492	2015.01.15 11:31	t/p	216	0.14	1.17077	1.17637	1.17077	79.80	3444.08
493	2015.01.20 10:15	sell	217	1.36	1.15765	1.15941	1.15325	0.00	3444.08
494	2015.01.20 11:24	buy	218	2.72	1.15898	1.15765	1.15941	0.00	3444.08
495	2015.01.20 11:37	s/l	217	1.36	1.15941	1.15941	1.15325	-239.36	3204.72
496	2015.01.20 11:37	t/p	218	2.72	1.15941	1.15765	1.15941	116.96	3321.68
497	2015.01.20 15:15	sell	219	0.38	1.15785	1.15956	1.15358	0.00	3321.68
498	2015.01.20 15:25	s/l	219	0.38	1.15956	1.15956	1.15358	-64.98	3256.70
499	2015.01.21 09:15	sell	220	0.35	1.15688	1.15869	1.15236	0.00	3256.70
500	2015.01.21 14:55	s/l	220	0.35	1.15869	1.15869	1.15236	-63.35	3193.35
501	2015.02.02 10:30	buy	221	0.33	1.13235	1.13044	1.13713	0.00	3193.35
502	2015.02.02 11:59	modify	221	0.33	1.13235	1.13245	1.13713	0.00	3193.35
503	2015.02.02 13:25	s/l	221	0.33	1.13245	1.13245	1.13713	3.30	3196.65
504	2015.02.03 09:00	buy	222	1.47	1.13388	1.13236	1.13768	0.00	3196.65
505	2015.02.03 09:49	sell	223	2.94	1.13273	1.13388	1.13236	0.00	3196.65
506	2015.02.03 10:01	s/l	222	1.47	1.13236	1.13236	1.13768	-223.44	2973.21
507	2015.02.03 10:01	t/p	223	2.94	1.13236	1.13388	1.13236	108.78	3081.99
508	2015.02.10 10:30	sell	224	0.34	1.13188	1.13368	1.12738	0.00	3081.99
509	2015.02.10 11:27	modify	224	0.34	1.13188	1.13178	1.12738	0.00	3081.99
510	2015.02.10 13:50	t/p	224	0.34	1.12738	1.13178	1.12738	153.00	3234.99
511	2015.02.12 16:30	buy	225	0.46	1.13514	1.13272	1.14119	0.00	3234.99
512	2015.02.12 16:48	modify	225	0.46	1.13514	1.13524	1.14119	0.00	3234.99
513	2015.02.12 18:40	t/p	225	0.46	1.14119	1.13524	1.14119	278.30	3513.29
514	2015.02.17 08:45	sell	226	0.80	1.13504	1.13678	1.13069	0.00	3513.29
515	2015.02.17 11:08	buy	227	1.60	1.13639	1.13504	1.13678	0.00	3513.29
516	2015.02.17 11:08	s/l	226	0.80	1.13678	1.13678	1.13069	-139.20	3374.09
517	2015.02.17 11:08	t/p	227	1.60	1.13678	1.13504	1.13678	62.40	3436.49
518	2015.02.18 15:15	sell	228	0.39	1.13716	1.13890	1.13281	0.00	3436.49
519	2015.02.18 17:13	modify	228	0.39	1.13716	1.13706	1.13281	0.00	3436.49
520	2015.02.18 21:00	s/l	228	0.39	1.13706	1.13706	1.13281	3.90	3440.39
521	2015.02.24 16:15	sell	229	1.00	1.13176	1.13416	1.12576	0.00	3440.39
522	2015.02.24 17:15	buy	230	2.00	1.13357	1.13176	1.13416	0.00	3440.39
523	2015.02.24 17:15	s/l	229	1.00	1.13416	1.13416	1.12576	-240.00	3200.39
524	2015.02.24 17:15	t/p	230	2.00	1.13416	1.13176	1.13416	118.00	3318.39
525	2015.02.25 10:45	buy	231	0.39	1.13718	1.13548	1.14143	0.00	3318.39
526	2015.02.25 12:38	s/l	231	0.39	1.13548	1.13548	1.14143	-66.30	3252.09
527	2015.03.02 15:45	sell	232	0.36	1.12167	1.12345	1.11722	0.00	3252.09
528	2015.03.02 17:36	modify	232	0.36	1.12167	1.12157	1.11722	0.00	3252.09
529	2015.03.03 11:41	t/p	232	0.36	1.11722	1.12157	1.11722	161.11	3413.20
530	2015.03.18 10:45	buy	233	1.22	1.06096	1.05901	1.06584	0.00	3413.20
531	2015.03.18 14:46	sell	234	2.44	1.05947	1.06096	1.05901	0.00	3413.20
532	2015.03.18 14:51	s/l	233	1.22	1.05901	1.05901	1.06584	-237.90	3175.30
533	2015.03.18 14:51	t/p	234	2.44	1.05901	1.06096	1.05901	112.24	3287.54
534	2015.03.18 16:00	buy	235	0.27	1.06114	1.05871	1.06722	0.00	3287.54
535	2015.03.18 18:02	modify	235	0.27	1.06114	1.06124	1.06722	0.00	3287.54
536	2015.03.18 20:00	t/p	235	0.27	1.06722	1.06124	1.06722	164.16	3451.70
537	2015.04.07 08:00	sell	236	1.07	1.09238	1.09462	1.08678	0.00	3451.70
538	2015.04.07 08:32	buy	237	2.14	1.09408	1.09238	1.09462	0.00	3451.70
539	2015.04.07 08:58	s/l	236	1.07	1.09462	1.09462	1.08678	-239.68	3212.02
540	2015.04.07 09:06	s/l	237	2.14	1.09238	1.09238	1.09462	-363.80	2848.22
541	2015.04.08 14:30	sell	238	0.27	1.08561	1.08767	1.08046	0.00	2848.22
542	2015.04.08 15:32	s/l	238	0.27	1.08767	1.08767	1.08046	-55.62	2792.60
543	2015.04.15 09:30	buy	239	0.25	1.06461	1.06244	1.07004	0.00	2792.60
544	2015.04.15 10:23	s/l	239	0.25	1.06244	1.06244	1.07004	-54.25	2738.35
545	2015.04.20 09:30	buy	240	0.31	1.07898	1.07724	1.08333	0.00	2738.35
546	2015.04.20 10:06	s/l	240	0.31	1.07724	1.07724	1.08333	-53.94	2684.41
547	2015.04.21 08:30	sell	241	0.32	1.07223	1.07390	1.06806	0.00	2684.41
548	2015.04.21 09:11	modify	241	0.32	1.07223	1.07213	1.06806	0.00	2684.41
549	2015.04.21 09:47	t/p	241	0.32	1.06806	1.07213	1.06806	133.44	2817.85
550	2015.04.23 08:00	sell	242	0.57	1.07024	1.07196	1.06594	0.00	2817.85
551	2015.04.23 08:06	buy	243	1.14	1.07154	1.07024	1.07196	0.00	2817.85
552	2015.04.23 09:11	s/l	243	1.14	1.07024	1.07024	1.07196	-148.20	2669.65
553	2015.04.23 10:02	modify	242	0.57	1.07024	1.07014	1.06594	0.00	2669.65
554	2015.04.23 11:04	s/l	242	0.57	1.07014	1.07014	1.06594	5.70	2675.35
555	2015.04.27 14:00	buy	244	0.44	1.08453	1.08213	1.09053	0.00	2675.35
556	2015.04.27 15:11	sell	245	0.88	1.08272	1.08453	1.08213	0.00	2675.35
557	2015.04.27 15:14	s/l	244	0.44	1.08213	1.08213	1.09053	-105.60	2569.75
558	2015.04.27 15:14	t/p	245	0.88	1.08213	1.08453	1.08213	51.92	2621.67
559	2015.04.28 11:45	buy	246	0.25	1.08818	1.08611	1.09336	0.00	2621.67
560	2015.04.28 12:15	modify	246	0.25	1.08818	1.08828	1.09336	0.00	2621.67
561	2015.04.28 13:46	t/p	246	0.25	1.09336	1.08828	1.09336	129.50	2751.17
562	2015.06.16 09:45	buy	247	0.88	1.12784	1.12566	1.13329	0.00	2751.17
563	2015.06.16 09:54	modify	247	0.88	1.12784	1.12794	1.13329	0.00	2751.17
564	2015.06.16 10:41	s/l	247	0.88	1.12794	1.12794	1.13329	8.80	2759.97
565	2015.06.17 10:00	buy	248	0.56	1.12588	1.12391	1.13081	0.00	2759.97
566	2015.06.17 11:14	modify	248	0.56	1.12588	1.12598	1.13081	0.00	2759.97
567	2015.06.17 11:56	s/l	248	0.56	1.12598	1.12598	1.13081	5.60	2765.57
568	2015.07.29 16:30	sell	249	0.45	1.10352	1.10594	1.09747	0.00	2765.57
569	2015.07.29 21:00	buy	250	0.90	1.10537	1.10352	1.10594	0.00	2765.57
570	2015.07.29 21:00	s/l	249	0.45	1.10594	1.10594	1.09747	-108.90	2656.67
571	2015.07.29 21:00	t/p	250	0.90	1.10594	1.10352	1.10594	51.30	2707.97
572	2015.08.03 09:15	sell	251	0.31	1.09711	1.09882	1.09284	0.00	2707.97
573	2015.08.03 09:57	s/l	251	0.31	1.09882	1.09882	1.09284	-53.01	2654.96
574	2015.08.17 14:00	sell	252	0.30	1.10862	1.11034	1.10432	0.00	2654.96
575	2015.08.17 14:50	s/l	252	0.30	1.11034	1.11034	1.10432	-51.60	2603.36
576	2015.08.18 10:30	sell	253	0.30	1.10653	1.10821	1.10233	0.00	2603.36
577	2015.08.18 10:54	s/l	253	0.30	1.10821	1.10821	1.10233	-50.40	2552.96
578	2015.08.18 11:45	sell	254	0.22	1.10731	1.10955	1.10171	0.00	2552.96
579	2015.08.18 15:40	modify	254	0.22	1.10731	1.10721	1.10171	0.00	2552.96
580	2015.08.19 09:40	s/l	254	0.22	1.10721	1.10721	1.10171	2.76	2555.72
581	2015.09.03 09:30	sell	255	0.58	1.12218	1.12370	1.11838	0.00	2555.72
582	2015.09.03 10:05	buy	256	1.16	1.12334	1.12218	1.12370	0.00	2555.72
583	2015.09.03 10:05	s/l	255	0.58	1.12370	1.12370	1.11838	-88.16	2467.56
584	2015.09.03 10:05	t/p	256	1.16	1.12370	1.12218	1.12370	41.76	2509.32
585	2015.09.24 08:00	buy	257	0.15	1.11923	1.11764	1.12321	0.00	2509.32
586	2015.09.24 09:38	modify	257	0.15	1.11923	1.11933	1.12321	0.00	2509.32
587	2015.09.24 11:10	s/l	257	0.15	1.11933	1.11933	1.12321	1.50	2510.82
588	2015.09.30 14:30	sell	258	0.83	1.12060	1.12270	1.11535	0.00	2510.82
589	2015.09.30 17:25	modify	258	0.83	1.12060	1.12050	1.11535	0.00	2510.82
590	2015.10.01 06:33	t/p	258	0.83	1.11535	1.12050	1.11535	442.06	2952.89
591	2015.10.06 09:15	sell	259	0.73	1.11779	1.11940	1.11377	0.00	2952.89
592	2015.10.06 09:32	buy	260	1.46	1.11900	1.11779	1.11940	0.00	2952.89
593	2015.10.06 09:37	s/l	259	0.73	1.11940	1.11940	1.11377	-117.53	2835.36
594	2015.10.06 09:37	t/p	260	1.46	1.11940	1.11779	1.11940	58.40	2893.76
595	2015.10.08 10:00	buy	261	0.17	1.12617	1.12448	1.13040	0.00	2893.76
596	2015.10.08 10:18	modify	261	0.17	1.12617	1.12627	1.13040	0.00	2893.76
597	2015.10.08 10:24	t/p	261	0.17	1.13040	1.12627	1.13040	71.91	2965.67
598	2015.10.13 15:30	buy	262	1.19	1.13865	1.13692	1.14298	0.00	2965.67
599	2015.10.13 16:59	sell	263	2.38	1.13735	1.13865	1.13692	0.00	2965.67
600	2015.10.13 17:02	s/l	262	1.19	1.13692	1.13692	1.14298	-205.87	2759.80
601	2015.10.13 17:02	t/p	263	2.38	1.13692	1.13865	1.13692	102.34	2862.14
602	2015.10.14 15:15	buy	264	0.33	1.14096	1.13924	1.14526	0.00	2862.14
603	2015.10.14 15:30	modify	264	0.33	1.14096	1.14106	1.14526	0.00	2862.14
604	2015.10.14 16:47	s/l	264	0.33	1.14106	1.14106	1.14526	3.30	2865.44
605	2015.10.19 10:15	sell	265	0.95	1.13584	1.13793	1.13062	0.00	2865.44
606	2015.10.19 12:37	modify	265	0.95	1.13584	1.13574	1.13062	0.00	2865.44
607	2015.10.19 17:59	t/p	265	0.95	1.13062	1.13574	1.13062	495.90	3361.34
608	2015.10.27 10:00	sell	266	0.76	1.10549	1.10725	1.10109	0.00	3361.34
609	2015.10.27 14:25	buy	267	1.52	1.10722	1.10549	1.10725	0.00	3361.34
610	2015.10.27 14:25	s/l	266	0.76	1.10725	1.10725	1.10109	-133.76	3227.58
611	2015.10.27 14:26	t/p	267	1.52	1.10725	1.10549	1.10725	4.56	3232.14
612	2015.10.28 10:45	sell	268	0.39	1.10362	1.10525	1.09955	0.00	3232.14
613	2015.10.28 11:07	s/l	268	0.39	1.10525	1.10525	1.09955	-63.57	3168.57
614	2015.11.10 10:15	sell	269	0.34	1.07475	1.07657	1.07020	0.00	3168.57
615	2015.11.10 14:49	modify	269	0.34	1.07475	1.07465	1.07020	0.00	3168.57
616	2015.11.10 14:54	t/p	269	0.34	1.07020	1.07465	1.07020	154.70	3323.27
617	2015.11.11 10:00	buy	270	1.25	1.07489	1.07303	1.07954	0.00	3323.27
618	2015.11.11 11:01	sell	271	2.50	1.07349	1.07489	1.07303	0.00	3323.27
619	2015.11.11 11:35	s/l	271	2.50	1.07489	1.07489	1.07303	-350.00	2973.27
620	2015.11.11 13:14	sell	272	2.50	1.07349	1.07489	1.07303	0.00	2973.27
621	2015.11.11 13:17	s/l	270	1.25	1.07303	1.07303	1.07954	-232.50	2740.77
622	2015.11.11 13:17	t/p	272	2.50	1.07303	1.07489	1.07303	115.00	2855.77
623	2015.11.16 15:15	sell	273	0.36	1.07229	1.07384	1.06842	0.00	2855.77
624	2015.11.16 15:37	s/l	273	0.36	1.07384	1.07384	1.06842	-55.80	2799.97
625	2015.11.18 14:15	buy	274	0.36	1.06716	1.06563	1.07099	0.00	2799.97
626	2015.11.18 16:00	s/l	274	0.36	1.06563	1.06563	1.07099	-55.08	2744.89
627	2015.11.19 11:00	buy	275	0.11	1.06882	1.06647	1.07470	0.00	2744.89
628	2015.11.19 16:25	modify	275	0.11	1.06882	1.06892	1.07470	0.00	2744.89
629	2015.11.19 18:09	t/p	275	0.11	1.07470	1.06892	1.07470	64.68	2809.57
630	2015.12.01 10:15	sell	276	1.13	1.05779	1.05952	1.05347	0.00	2809.57
631	2015.12.01 10:30	buy	277	2.26	1.05909	1.05779	1.05952	0.00	2809.57
632	2015.12.01 10:46	s/l	276	1.13	1.05952	1.05952	1.05347	-195.49	2614.08
633	2015.12.01 10:47	t/p	277	2.26	1.05952	1.05779	1.05952	97.18	2711.26
634	2015.12.14 09:15	sell	278	0.36	1.09585	1.09735	1.09210	0.00	2711.26
635	2015.12.14 13:25	s/l	278	0.36	1.09735	1.09735	1.09210	-54.00	2657.26
636	2015.12.16 16:30	sell	279	0.34	1.09260	1.09414	1.08875	0.00	2657.26
637	2015.12.16 17:58	s/l	279	0.34	1.09414	1.09414	1.08875	-52.36	2604.90
638	2015.12.21 15:15	buy	280	0.29	1.08708	1.08534	1.09143	0.00	2604.90
639	2015.12.21 15:44	modify	280	0.29	1.08708	1.08718	1.09143	0.00	2604.90
640	2015.12.21 17:27	t/p	280	0.29	1.09143	1.08718	1.09143	126.15	2731.05
641	2015.12.22 10:00	buy	281	0.96	1.09206	1.09007	1.09704	0.00	2731.05
642	2015.12.22 15:14	modify	281	0.96	1.09206	1.09216	1.09704	0.00	2731.05
643	2015.12.22 17:06	t/p	281	0.96	1.09704	1.09216	1.09704	478.08	3209.13
644	2015.12.24 16:45	buy	282	0.26	1.09565	1.09327	1.10160	0.00	3209.13
645	2015.12.28 13:11	modify	282	0.26	1.09565	1.09575	1.10160	0.00	3209.13
646	2015.12.29 15:14	s/l	282	0.26	1.09575	1.09575	1.10160	-3.91	3205.22
647	2015.12.30 15:30	sell	283	0.40	1.09190	1.09347	1.08798	0.00	3205.22
648	2015.12.30 15:58	s/l	283	0.40	1.09347	1.09347	1.08798	-62.80	3142.42
649	2015.12.30 16:45	sell	284	0.36	1.09274	1.09448	1.08839	0.00	3142.42
650	2015.12.31 12:25	modify	284	0.36	1.09274	1.09264	1.08839	0.00	3142.42
651	2015.12.31 14:39	t/p	284	0.36	1.08839	1.09264	1.08839	159.34	3301.76
652	2016.01.12 08:30	buy	285	1.27	1.08901	1.08720	1.09354	0.00	3301.76
653	2016.01.12 10:31	sell	286	2.54	1.08764	1.08901	1.08720	0.00	3301.76
654	2016.01.12 10:32	s/l	285	1.27	1.08720	1.08720	1.09354	-229.87	3071.89
655	2016.01.12 10:32	t/p	286	2.54	1.08720	1.08901	1.08720	111.76	3183.65
656	2016.01.19 10:45	sell	287	0.40	1.08654	1.08812	1.08259	0.00	3183.65
657	2016.01.19 10:52	s/l	287	0.40	1.08812	1.08812	1.08259	-63.20	3120.45
658	2016.01.25 14:30	sell	288	0.40	1.08113	1.08267	1.07728	0.00	3120.45
659	2016.01.25 15:29	s/l	288	0.40	1.08267	1.08267	1.07728	-61.60	3058.85
660	2016.01.26 08:45	buy	289	0.33	1.08589	1.08408	1.09042	0.00	3058.85
661	2016.01.26 11:14	s/l	289	0.33	1.08408	1.08408	1.09042	-59.73	2999.12
662	2016.01.27 11:00	buy	290	0.36	1.08668	1.08505	1.09076	0.00	2999.12
663	2016.01.27 14:56	modify	290	0.36	1.08668	1.08678	1.09076	0.00	2999.12
664	2016.01.27 15:26	t/p	290	0.36	1.09076	1.08678	1.09076	146.88	3146.00
665	2016.02.03 14:45	buy	291	1.04	1.09295	1.09084	1.09823	0.00	3146.00
666	2016.02.03 15:24	modify	291	1.04	1.09295	1.09305	1.09823	0.00	3146.00
667	2016.02.03 16:45	t/p	291	1.04	1.09823	1.09305	1.09823	549.12	3695.12
668	2016.02.08 10:15	buy	292	0.97	1.11485	1.11333	1.11865	0.00	3695.12
669	2016.02.08 11:17	modify	292	0.97	1.11485	1.11495	1.11865	0.00	3695.12
670	2016.02.08 13:08	s/l	292	0.97	1.11495	1.11495	1.11865	9.70	3704.82
671	2016.02.17 15:15	sell	293	0.92	1.11355	1.11515	1.10955	0.00	3704.82
672	2016.02.17 16:15	modify	293	0.92	1.11355	1.11345	1.10955	0.00	3704.82
673	2016.02.17 16:44	s/l	293	0.92	1.11345	1.11345	1.10955	9.20	3714.02
674	2016.02.18 10:00	sell	294	0.36	1.11271	1.11477	1.10756	0.00	3714.02
675	2016.02.18 13:58	modify	294	0.36	1.11271	1.11261	1.10756	0.00	3714.02
676	2016.02.18 16:19	t/p	294	0.36	1.10756	1.11261	1.10756	185.40	3899.42
677	2016.02.23 10:30	sell	295	0.87	1.10366	1.10544	1.09921	0.00	3899.42
678	2016.02.23 10:39	buy	296	1.74	1.10500	1.10366	1.10544	0.00	3899.42
679	2016.02.23 10:50	s/l	296	1.74	1.10366	1.10366	1.10544	-233.16	3666.26
680	2016.02.23 11:16	modify	295	0.87	1.10366	1.10356	1.09921	0.00	3666.26
681	2016.02.23 11:34	t/p	295	0.87	1.09921	1.10356	1.09921	387.15	4053.41
682	2016.03.15 11:30	sell	297	0.81	1.10961	1.11161	1.10461	0.00	4053.41
683	2016.03.15 14:30	buy	298	1.62	1.11114	1.10961	1.11161	0.00	4053.41
684	2016.03.15 14:43	s/l	297	0.81	1.11161	1.11161	1.10461	-162.00	3891.41
685	2016.03.15 14:43	t/p	298	1.62	1.11161	1.10961	1.11161	76.14	3967.55
686	2016.03.16 08:45	sell	299	0.51	1.10877	1.11030	1.10495	0.00	3967.55
687	2016.03.16 15:14	modify	299	0.51	1.10877	1.10867	1.10495	0.00	3967.55
688	2016.03.16 19:51	s/l	299	0.51	1.10867	1.10867	1.10495	5.10	3972.65
689	2016.04.11 15:30	buy	300	1.28	1.14056	1.13839	1.14599	0.00	3972.65
690	2016.04.11 16:53	modify	300	1.28	1.14056	1.14066	1.14599	0.00	3972.65
691	2016.04.11 18:57	s/l	300	1.28	1.14066	1.14066	1.14599	12.80	3985.45
692	2016.04.18 15:30	buy	301	0.79	1.13169	1.12969	1.13669	0.00	3985.45
693	2016.04.18 15:35	sell	302	1.58	1.13019	1.13169	1.12969	0.00	3985.45
694	2016.04.18 16:40	s/l	301	0.79	1.12969	1.12969	1.13669	-158.00	3827.45
695	2016.04.18 16:40	t/p	302	1.58	1.12969	1.13169	1.12969	79.00	3906.45
696	2016.04.26 09:15	buy	303	0.51	1.12721	1.12568	1.13104	0.00	3906.45
697	2016.04.26 10:00	s/l	303	0.51	1.12568	1.12568	1.13104	-78.03	3828.42
698	2016.04.26 15:15	buy	304	0.40	1.12873	1.12683	1.13348	0.00	3828.42
699	2016.04.26 15:35	modify	304	0.40	1.12873	1.12883	1.13348	0.00	3828.42
700	2016.04.26 16:23	t/p	304	0.40	1.13348	1.12883	1.13348	190.00	4018.42
701	2016.04.27 09:30	buy	305	1.73	1.13052	1.12890	1.13457	0.00	4018.42
702	2016.04.27 10:38	modify	305	1.73	1.13052	1.13062	1.13457	0.00	4018.42
703	2016.04.27 12:16	s/l	305	1.73	1.13062	1.13062	1.13457	17.30	4035.72
704	2016.04.27 15:30	buy	306	0.78	1.13114	1.12908	1.13629	0.00	4035.72
705	2016.04.27 20:14	modify	306	0.78	1.13114	1.13124	1.13629	0.00	4035.72
706	2016.04.27 21:00	s/l	306	0.78	1.13124	1.13124	1.13629	7.80	4043.52
707	2016.05.09 08:45	sell	307	1.02	1.13988	1.14146	1.13593	0.00	4043.52
708	2016.05.09 09:51	buy	308	2.04	1.14107	1.13988	1.14146	0.00	4043.52
709	2016.05.09 09:52	s/l	307	1.02	1.14146	1.14146	1.13593	-161.16	3882.36
710	2016.05.09 09:52	t/p	308	2.04	1.14146	1.13988	1.14146	79.56	3961.92
711	2016.05.09 10:15	sell	309	0.35	1.13993	1.14214	1.13441	0.00	3961.92
712	2016.05.10 13:58	modify	309	0.35	1.13993	1.13983	1.13441	0.00	3961.92
713	2016.05.10 17:42	s/l	309	0.35	1.13983	1.13983	1.13441	4.39	3966.30
714	2016.05.17 11:45	sell	310	1.58	1.13230	1.13405	1.12793	0.00	3966.30
715	2016.05.17 16:45	buy	311	3.16	1.13362	1.13230	1.13405	0.00	3966.30
716	2016.05.17 16:46	s/l	310	1.58	1.13405	1.13405	1.12793	-276.50	3689.80
717	2016.05.17 16:46	t/p	311	3.16	1.13405	1.13230	1.13405	135.88	3825.68
718	2016.05.23 15:30	sell	312	0.44	1.12019	1.12192	1.11587	0.00	3825.68
719	2016.05.23 20:14	s/l	312	0.44	1.12192	1.12192	1.11587	-76.12	3749.56
720	2016.05.24 10:30	sell	313	0.33	1.11949	1.12175	1.11384	0.00	3749.56
721	2016.05.24 15:31	modify	313	0.33	1.11949	1.11939	1.11384	0.00	3749.56
722	2016.05.24 22:16	t/p	313	0.33	1.11384	1.11939	1.11384	186.45	3936.01
723	2016.06.13 15:30	sell	314	1.37	1.12597	1.12798	1.12095	0.00	3936.01
724	2016.06.13 17:07	buy	315	2.74	1.12748	1.12597	1.12798	0.00	3936.01
725	2016.06.13 17:12	s/l	314	1.37	1.12798	1.12798	1.12095	-275.37	3660.64
726	2016.06.13 17:12	t/p	315	2.74	1.12798	1.12597	1.12798	137.00	3797.64
727	2016.07.04 14:45	buy	316	0.40	1.11379	1.11190	1.11852	0.00	3797.64
728	2016.07.05 10:29	modify	316	0.40	1.11379	1.11389	1.11852	0.00	3797.64
729	2016.07.05 10:30	t/p	316	0.40	1.11852	1.11389	1.11852	185.86	3983.51
730	2016.07.05 15:45	buy	317	1.13	1.11521	1.11276	1.12134	0.00	3983.51
731	2016.07.05 17:26	sell	318	2.26	1.11337	1.11521	1.11276	0.00	3983.51
732	2016.07.05 17:31	s/l	317	1.13	1.11276	1.11276	1.12134	-276.85	3706.66
733	2016.07.05 17:31	t/p	318	2.26	1.11276	1.11521	1.11276	137.86	3844.52
734	2016.07.13 10:15	sell	319	0.38	1.10468	1.10669	1.09966	0.00	3844.52
735	2016.07.13 12:30	s/l	319	0.38	1.10669	1.10669	1.09966	-76.38	3768.14
736	2016.07.21 09:45	buy	320	0.21	1.10426	1.10252	1.10861	0.00	3768.14
737	2016.07.21 10:27	s/l	320	0.21	1.10252	1.10252	1.10861	-36.54	3731.60
738	2016.08.25 16:00	buy	321	0.19	1.12941	1.12748	1.13424	0.00	3731.60
739	2016.08.25 18:53	s/l	321	0.19	1.12748	1.12748	1.13424	-36.67	3694.93
740	2016.09.13 16:15	sell	322	0.35	1.12266	1.12475	1.11744	0.00	3694.93
741	2016.09.13 17:05	s/l	322	0.35	1.12475	1.12475	1.11744	-73.15	3621.78
742	2016.09.14 10:30	sell	323	0.37	1.12235	1.12430	1.11748	0.00	3621.78
743	2016.09.14 17:22	s/l	323	0.37	1.12430	1.12430	1.11748	-72.15	3549.63
744	2016.09.29 15:45	sell	324	0.17	1.12069	1.12270	1.11567	0.00	3549.63
745	2016.09.29 17:13	s/l	324	0.17	1.12270	1.12270	1.11567	-34.17	3515.46
746	2016.10.03 10:45	buy	325	0.36	1.12377	1.12185	1.12857	0.00	3515.46
747	2016.10.03 17:00	s/l	325	0.36	1.12185	1.12185	1.12857	-69.12	3446.34
748	2016.10.19 14:00	sell	326	0.36	1.09847	1.10038	1.09370	0.00	3446.34
749	2016.10.19 17:50	modify	326	0.36	1.09847	1.09837	1.09370	0.00	3446.34
750	2016.10.20 14:25	s/l	326	0.36	1.09837	1.09837	1.09370	6.34	3452.67
751	2016.10.27 16:15	buy	327	0.78	1.09265	1.09111	1.09650	0.00	3452.67
752	2016.10.27 16:45	sell	328	1.56	1.09149	1.09265	1.09111	0.00	3452.67
753	2016.10.27 17:07	s/l	327	0.78	1.09111	1.09111	1.09650	-120.12	3332.55
754	2016.10.27 17:07	t/p	328	1.56	1.09111	1.09265	1.09111	59.28	3391.83
755	2016.11.23 14:00	sell	329	0.42	1.06221	1.06381	1.05821	0.00	3391.83
756	2016.11.23 15:20	modify	329	0.42	1.06221	1.06211	1.05821	0.00	3391.83
757	2016.11.23 15:31	t/p	329	0.42	1.05821	1.06211	1.05821	168.00	3559.83
758	2016.11.29 09:30	sell	330	1.49	1.05923	1.06090	1.05506	0.00	3559.83
759	2016.11.29 10:00	buy	331	2.98	1.06049	1.05923	1.06090	0.00	3559.83
760	2016.11.29 10:02	s/l	330	1.49	1.06090	1.06090	1.05506	-248.83	3311.00
761	2016.11.29 10:02	t/p	331	2.98	1.06090	1.05923	1.06090	122.18	3433.18
762	2016.11.29 11:00	sell	332	0.28	1.05922	1.06159	1.05330	0.00	3433.18
763	2016.11.29 17:10	s/l	332	0.28	1.06159	1.06159	1.05330	-66.36	3366.82
764	2016.11.30 10:30	buy	333	0.31	1.06382	1.06170	1.06912	0.00	3366.82
765	2016.11.30 15:15	s/l	333	0.31	1.06170	1.06170	1.06912	-65.72	3301.10
766	2016.12.07 10:45	buy	334	0.30	1.07313	1.07097	1.07853	0.00	3301.10
767	2016.12.07 12:06	s/l	334	0.30	1.07097	1.07097	1.07853	-64.80	3236.30
768	2016.12.14 14:00	buy	335	0.40	1.06484	1.06325	1.06882	0.00	3236.30
769	2016.12.14 16:02	s/l	335	0.40	1.06325	1.06325	1.06882	-63.60	3172.70
770	2016.12.19 09:00	buy	336	0.31	1.04757	1.04554	1.05265	0.00	3172.70
771	2016.12.19 11:47	s/l	336	0.31	1.04554	1.04554	1.05265	-62.93	3109.77
772	2016.12.22 16:15	buy	337	0.13	1.04507	1.04268	1.05105	0.00	3109.77
773	2016.12.22 17:07	modify	337	0.13	1.04507	1.04517	1.05105	0.00	3109.77
774	2016.12.22 18:02	s/l	337	0.13	1.04517	1.04517	1.05105	1.30	3111.07
775	2016.12.29 11:15	buy	338	0.64	1.04570	1.04400	1.04995	0.00	3111.07
776	2016.12.29 17:57	modify	338	0.64	1.04570	1.04580	1.04995	0.00	3111.07
777	2016.12.30 01:22	t/p	338	0.64	1.04995	1.04580	1.04995	266.66	3377.73
778	2017.01.11 11:15	sell	339	0.84	1.05446	1.05605	1.05049	0.00	3377.73
779	2017.01.11 12:29	modify	339	0.84	1.05446	1.05436	1.05049	0.00	3377.73
780	2017.01.11 14:08	t/p	339	0.84	1.05049	1.05436	1.05049	333.48	3711.21
781	2017.01.16 09:15	sell	340	0.63	1.06079	1.06311	1.05499	0.00	3711.21
782	2017.01.17 05:30	buy	341	1.26	1.06253	1.06079	1.06311	0.00	3711.21
783	2017.01.17 06:10	s/l	340	0.63	1.06311	1.06311	1.05499	-144.56	3566.65
784	2017.01.17 06:10	t/p	341	1.26	1.06311	1.06079	1.06311	73.08	3639.73
785	2017.01.18 10:15	buy	342	0.34	1.06946	1.06735	1.07474	0.00	3639.73
786	2017.01.18 14:57	s/l	342	0.34	1.06735	1.06735	1.07474	-71.74	3567.99
787	2017.01.26 11:45	sell	343	0.20	1.07280	1.07454	1.06845	0.00	3567.99
788	2017.01.26 15:01	modify	343	0.20	1.07280	1.07270	1.06845	0.00	3567.99
789	2017.01.26 16:20	t/p	343	0.20	1.06845	1.07270	1.06845	87.00	3654.99
790	2017.01.31 10:00	buy	344	1.47	1.06996	1.06823	1.07429	0.00	3654.99
791	2017.01.31 13:40	modify	344	1.47	1.06996	1.07006	1.07429	0.00	3654.99
792	2017.01.31 13:47	t/p	344	1.47	1.07429	1.07006	1.07429	636.51	4291.50
793	2017.02.02 09:30	buy	345	0.44	1.07950	1.07755	1.08438	0.00	4291.50
794	2017.02.02 15:47	modify	345	0.44	1.07950	1.07960	1.08438	0.00	4291.50
795	2017.02.02 18:17	s/l	345	0.44	1.07960	1.07960	1.08438	4.40	4295.90
796	2017.02.09 15:30	sell	346	0.54	1.06815	1.06974	1.06418	0.00	4295.90
797	2017.02.09 16:49	buy	347	1.08	1.06935	1.06815	1.06974	0.00	4295.90
798	2017.02.09 16:55	s/l	347	1.08	1.06815	1.06815	1.06974	-129.60	4166.30
799	2017.02.09 17:00	modify	346	0.54	1.06815	1.06805	1.06418	0.00	4166.30
800	2017.02.10 09:58	t/p	346	0.54	1.06418	1.06805	1.06418	215.75	4382.05
801	2017.02.20 15:00	sell	348	0.93	1.06094	1.06282	1.05624	0.00	4382.05
802	2017.02.20 16:01	buy	349	1.86	1.06236	1.06094	1.06282	0.00	4382.05
803	2017.02.20 19:56	s/l	349	1.86	1.06094	1.06094	1.06282	-264.12	4117.93
804	2017.02.21 03:19	modify	348	0.93	1.06094	1.06084	1.05624	0.00	4117.93
805	2017.02.21 10:34	t/p	348	0.93	1.05624	1.06084	1.05624	439.46	4557.39
806	2017.02.23 10:15	buy	350	0.38	1.05621	1.05386	1.06209	0.00	4557.39
807	2017.02.23 11:22	sell	351	0.76	1.05444	1.05621	1.05386	0.00	4557.39
808	2017.02.23 12:08	s/l	350	0.38	1.05386	1.05386	1.06209	-89.30	4468.09
809	2017.02.23 12:08	t/p	351	0.76	1.05386	1.05621	1.05386	44.08	4512.17
810	2017.02.27 10:00	buy	352	0.46	1.05814	1.05620	1.06299	0.00	4512.17
811	2017.02.27 17:59	modify	352	0.46	1.05814	1.05824	1.06299	0.00	4512.17
812	2017.02.27 18:49	t/p	352	0.46	1.06299	1.05824	1.06299	223.10	4735.27
813	2017.02.28 11:15	buy	353	1.85	1.05918	1.05739	1.06366	0.00	4735.27
814	2017.02.28 17:13	modify	353	1.85	1.05918	1.05928	1.06366	0.00	4735.27
815	2017.02.28 21:59	s/l	353	1.85	1.05928	1.05928	1.06366	18.50	4753.77
816	2017.03.02 11:45	sell	354	0.48	1.05257	1.05455	1.04762	0.00	4753.77
817	2017.03.02 21:26	modify	354	0.48	1.05257	1.05247	1.04762	0.00	4753.77
818	2017.03.03 08:51	s/l	354	0.48	1.05247	1.05247	1.04762	6.02	4759.79
819	2017.03.06 15:30	buy	355	1.06	1.06011	1.05833	1.06456	0.00	4759.79
820	2017.03.06 18:27	sell	356	2.12	1.05854	1.06011	1.05833	0.00	4759.79
821	2017.03.06 18:32	s/l	355	1.06	1.05833	1.05833	1.06456	-188.68	4571.11
822	2017.03.06 18:33	t/p	356	2.12	1.05833	1.06011	1.05833	44.52	4615.63
823	2017.03.22 08:45	buy	357	0.55	1.08101	1.07934	1.08519	0.00	4615.63
824	2017.03.22 09:33	s/l	357	0.55	1.07934	1.07934	1.08519	-91.85	4523.78
825	2017.03.22 15:00	buy	358	0.43	1.08040	1.07830	1.08565	0.00	4523.78
826	2017.03.23 03:02	s/l	358	0.43	1.07830	1.07830	1.08565	-101.06	4422.71
827	2017.03.28 15:30	buy	359	0.48	1.08649	1.08466	1.09107	0.00	4422.71
828	2017.03.28 19:12	s/l	359	0.48	1.08466	1.08466	1.09107	-87.84	4334.87
829	2017.04.06 15:30	sell	360	0.22	1.06577	1.06772	1.06090	0.00	4334.87
830	2017.04.07 14:03	modify	360	0.22	1.06577	1.06567	1.06090	0.00	4334.87
831	2017.04.07 15:30	s/l	360	0.22	1.06567	1.06567	1.06090	2.76	4337.63
832	2017.04.27 15:00	sell	361	0.88	1.08862	1.09034	1.08432	0.00	4337.63
833	2017.04.27 15:34	buy	362	1.76	1.08992	1.08862	1.09034	0.00	4337.63
834	2017.04.27 15:35	s/l	361	0.88	1.09034	1.09034	1.08432	-151.36	4186.27
835	2017.04.27 15:35	t/p	362	1.76	1.09034	1.08862	1.09034	73.92	4260.19
836	2017.05.08 08:45	buy	363	0.40	1.09896	1.09686	1.10421	0.00	4260.19
837	2017.05.08 10:13	s/l	363	0.40	1.09686	1.09686	1.10421	-84.00	4176.19
838	2017.05.08 15:00	sell	364	0.41	1.09381	1.09581	1.08881	0.00	4176.19
839	2017.05.09 09:26	modify	364	0.41	1.09381	1.09371	1.08881	0.00	4176.19
840	2017.05.09 13:46	t/p	364	0.41	1.08881	1.09371	1.08881	206.04	4382.23
841	2017.05.25 10:30	buy	365	0.99	1.12384	1.12230	1.12769	0.00	4382.23
842	2017.05.25 12:15	sell	366	1.98	1.12268	1.12384	1.12230	0.00	4382.23
843	2017.05.25 12:34	s/l	365	0.99	1.12230	1.12230	1.12769	-152.46	4229.77
844	2017.05.25 12:34	t/p	366	1.98	1.12230	1.12384	1.12230	75.24	4305.01
845	2017.05.31 10:00	buy	367	0.43	1.11880	1.11681	1.12378	0.00	4305.01
846	2017.05.31 14:05	modify	367	0.43	1.11880	1.11890	1.12378	0.00	4305.01
847	2017.05.31 16:49	t/p	367	0.43	1.12378	1.11890	1.12378	214.14	4519.15
848	2017.06.05 10:15	buy	368	1.75	1.12759	1.12579	1.13209	0.00	4519.15
849	2017.06.05 12:12	sell	369	3.50	1.12624	1.12759	1.12579	0.00	4519.15
850	2017.06.05 13:22	s/l	368	1.75	1.12579	1.12579	1.13209	-315.00	4204.15
851	2017.06.05 13:22	t/p	369	3.50	1.12579	1.12759	1.12579	157.50	4361.65
852	2017.06.08 11:30	sell	370	0.28	1.12515	1.12666	1.12138	0.00	4361.65
853	2017.06.08 14:46	modify	370	0.28	1.12515	1.12505	1.12138	0.00	4361.65
854	2017.06.08 15:38	t/p	370	0.28	1.12138	1.12505	1.12138	105.56	4467.21
855	2017.06.12 14:15	buy	371	1.69	1.12241	1.12057	1.12701	0.00	4467.21
856	2017.06.12 16:41	sell	372	3.38	1.12103	1.12241	1.12057	0.00	4467.21
857	2017.06.12 16:51	s/l	371	1.69	1.12057	1.12057	1.12701	-310.96	4156.25
858	2017.06.12 16:51	t/p	372	3.38	1.12057	1.12241	1.12057	155.48	4311.73
859	2017.06.21 16:30	sell	373	0.41	1.11336	1.11546	1.10811	0.00	4311.73
860	2017.06.21 21:22	s/l	373	0.41	1.11546	1.11546	1.10811	-86.10	4225.63
861	2017.07.05 11:30	sell	374	0.49	1.13503	1.13675	1.13073	0.00	4225.63
862	2017.07.05 12:00	modify	374	0.49	1.13503	1.13493	1.13073	0.00	4225.63
863	2017.07.05 21:00	s/l	374	0.49	1.13493	1.13493	1.13073	4.90	4230.53
864	2017.07.20 10:30	sell	375	0.74	1.15072	1.15270	1.14577	0.00	4230.53
865	2017.07.20 15:36	buy	376	1.48	1.15221	1.15072	1.15270	0.00	4230.53
866	2017.07.20 15:37	s/l	376	1.48	1.15072	1.15072	1.15270	-220.52	4010.01
867	2017.07.20 15:40	buy	377	1.48	1.15221	1.15072	1.15270	0.00	4010.01
868	2017.07.20 15:43	s/l	375	0.74	1.15270	1.15270	1.14577	-146.52	3863.49
869	2017.07.20 15:43	t/p	377	1.48	1.15270	1.15072	1.15270	72.52	3936.01
870	2017.07.26 16:45	sell	378	0.33	1.16337	1.16572	1.15750	0.00	3936.01
871	2017.07.26 21:01	s/l	378	0.33	1.16572	1.16572	1.15750	-77.55	3858.46
872	2017.07.31 09:00	buy	379	0.47	1.17456	1.17293	1.17864	0.00	3858.46
873	2017.07.31 09:16	s/l	379	0.47	1.17293	1.17293	1.17864	-76.61	3781.85
874	2017.08.03 10:00	buy	380	0.24	1.18511	1.18354	1.18904	0.00	3781.85
875	2017.08.03 11:00	s/l	380	0.24	1.18354	1.18354	1.18904	-37.68	3744.17
876	2017.08.07 15:45	sell	381	0.42	1.17887	1.18062	1.17450	0.00	3744.17
877	2017.08.08 04:05	s/l	381	0.42	1.18062	1.18062	1.17450	-72.43	3671.74
878	2017.08.22 15:45	sell	382	0.37	1.17550	1.17746	1.17060	0.00	3671.74
879	2017.08.23 10:32	s/l	382	0.37	1.17746	1.17746	1.17060	-71.58	3600.15
880	2017.09.06 09:00	buy	383	0.39	1.19253	1.19072	1.19706	0.00	3600.15
881	2017.09.07 10:46	modify	383	0.39	1.19253	1.19263	1.19706	0.00	3600.15
882	2017.09.07 12:21	t/p	383	0.39	1.19706	1.19263	1.19706	166.91	3767.06
883	2017.09.11 10:45	buy	384	1.23	1.20121	1.19908	1.20654	0.00	3767.06
884	2017.09.11 14:38	sell	385	2.46	1.19960	1.20121	1.19908	0.00	3767.06
885	2017.09.11 14:38	s/l	384	1.23	1.19908	1.19908	1.20654	-261.99	3505.07
886	2017.09.11 14:38	t/p	385	2.46	1.19908	1.20121	1.19908	127.92	3632.99
887	2017.09.12 11:30	sell	386	0.44	1.19614	1.19776	1.19209	0.00	3632.99
888	2017.09.12 13:45	modify	386	0.44	1.19614	1.19604	1.19209	0.00	3632.99
889	2017.09.12 17:18	s/l	386	0.44	1.19604	1.19604	1.19209	4.40	3637.39
890	2017.09.13 10:30	buy	387	1.29	1.19861	1.19665	1.20351	0.00	3637.39
891	2017.09.13 12:41	sell	388	2.58	1.19713	1.19861	1.19665	0.00	3637.39
892	2017.09.13 12:53	s/l	387	1.29	1.19665	1.19665	1.20351	-252.84	3384.55
893	2017.09.13 12:53	t/p	388	2.58	1.19665	1.19861	1.19665	123.84	3508.39
894	2017.09.13 14:00	buy	389	0.41	1.19866	1.19695	1.20294	0.00	3508.39
895	2017.09.13 16:01	s/l	389	0.41	1.19695	1.19695	1.20294	-70.11	3438.28
896	2017.09.18 15:30	buy	390	0.38	1.19576	1.19397	1.20024	0.00	3438.28
897	2017.09.18 18:53	s/l	390	0.38	1.19397	1.19397	1.20024	-68.02	3370.26
898	2017.09.28 16:00	sell	391	0.17	1.17668	1.17863	1.17181	0.00	3370.26
899	2017.09.28 16:20	s/l	391	0.17	1.17863	1.17863	1.17181	-33.15	3337.11
900	2017.09.28 16:30	buy	392	0.14	1.17868	1.17644	1.18428	0.00	3337.11
901	2017.09.29 15:30	modify	392	0.14	1.17868	1.17878	1.18428	0.00	3337.11
902	2017.10.02 03:59	s/l	392	0.14	1.17878	1.17878	1.18428	-0.94	3336.18
903	2017.10.03 15:45	sell	393	0.39	1.17382	1.17553	1.16955	0.00	3336.18
904	2017.10.03 16:24	s/l	393	0.39	1.17553	1.17553	1.16955	-66.69	3269.49
905	2017.10.19 09:45	buy	394	0.19	1.18123	1.17952	1.18551	0.00	3269.49
906	2017.10.19 11:09	s/l	394	0.19	1.17952	1.17952	1.18551	-32.49	3237.00
907	2017.10.31 10:30	sell	395	0.37	1.16350	1.16521	1.15923	0.00	3237.00
908	2017.10.31 18:26	s/l	395	0.37	1.16521	1.16521	1.15923	-63.27	3173.73
909	2017.11.06 09:15	sell	396	0.34	1.15999	1.16185	1.15534	0.00	3173.73
910	2017.11.07 10:43	modify	396	0.34	1.15999	1.15989	1.15534	0.00	3173.73
911	2017.11.08 01:19	s/l	396	0.34	1.15989	1.15989	1.15534	5.12	3178.85
912	2017.11.08 14:15	sell	397	1.36	1.15881	1.16044	1.15474	0.00	3178.85
913	2017.11.08 16:34	buy	398	2.72	1.16004	1.15881	1.16044	0.00	3178.85
914	2017.11.08 17:58	s/l	398	2.72	1.15881	1.15881	1.16044	-334.56	2844.29
915	2017.11.09 07:26	buy	399	2.72	1.16004	1.15881	1.16044	0.00	2844.29
916	2017.11.09 07:31	s/l	397	1.36	1.16044	1.16044	1.15474	-211.33	2632.96
917	2017.11.09 07:31	t/p	399	2.72	1.16044	1.15881	1.16044	108.80	2741.76
918	2017.11.09 16:45	buy	400	0.12	1.16204	1.15982	1.16759	0.00	2741.76
919	2017.11.09 18:46	modify	400	0.12	1.16204	1.16214	1.16759	0.00	2741.76
920	2017.11.10 17:30	t/p	400	0.12	1.16759	1.16214	1.16759	65.60	2807.36
921	2017.11.16 08:30	buy	401	0.50	1.17957	1.17763	1.18442	0.00	2807.36
922	2017.11.16 09:15	sell	402	1.00	1.17810	1.17957	1.17763	0.00	2807.36
923	2017.11.16 09:36	s/l	401	0.50	1.17763	1.17763	1.18442	-97.00	2710.36
924	2017.11.16 09:37	t/p	402	1.00	1.17763	1.17957	1.17763	47.00	2757.36
925	2017.11.22 16:30	buy	403	0.24	1.17671	1.17445	1.18236	0.00	2757.36
926	2017.11.22 21:01	modify	403	0.24	1.17671	1.17681	1.18236	0.00	2757.36
927	2017.11.22 21:30	t/p	403	0.24	1.18236	1.17681	1.18236	135.60	2892.96
928	2017.11.28 10:15	buy	404	1.02	1.19040	1.18842	1.19535	0.00	2892.96
929	2017.11.28 11:19	sell	405	2.04	1.18891	1.19040	1.18842	0.00	2892.96
930	2017.11.28 12:08	s/l	404	1.02	1.18842	1.18842	1.19535	-201.96	2691.00
931	2017.11.28 12:09	t/p	405	2.04	1.18842	1.19040	1.18842	99.96	2790.96
932	2017.11.28 16:30	sell	406	0.33	1.18844	1.19010	1.18429	0.00	2790.96
933	2017.11.28 20:20	modify	406	0.33	1.18844	1.18834	1.18429	0.00	2790.96
934	2017.11.28 21:21	t/p	406	0.33	1.18429	1.18834	1.18429	136.95	2927.91
935	2017.12.06 09:45	sell	407	0.94	1.18199	1.18415	1.17659	0.00	2927.91
936	2017.12.06 16:58	modify	407	0.94	1.18199	1.18189	1.17659	0.00	2927.91
937	2017.12.08 03:43	t/p	407	0.94	1.17659	1.18189	1.17659	517.14	3445.04
938	2017.12.21 15:45	buy	408	0.40	1.18695	1.18524	1.19123	0.00	3445.04
939	2017.12.21 16:00	sell	409	0.80	1.18566	1.18695	1.18524	0.00	3445.04
940	2017.12.21 16:09	s/l	408	0.40	1.18524	1.18524	1.19123	-68.40	3376.64
941	2017.12.21 16:09	t/p	409	0.80	1.18524	1.18695	1.18524	33.60	3410.24
942	2018.01.18 15:45	buy	410	0.18	1.22434	1.22252	1.22889	0.00	3410.24
943	2018.01.18 19:51	s/l	410	0.18	1.22252	1.22252	1.22889	-32.76	3377.48
944	2018.01.29 08:30	sell	411	0.39	1.24115	1.24288	1.23683	0.00	3377.48
945	2018.01.29 09:08	s/l	411	0.39	1.24288	1.24288	1.23683	-67.47	3310.01
946	2018.01.29 09:30	sell	412	0.29	1.24081	1.24309	1.23511	0.00	3310.01
947	2018.01.29 15:27	modify	412	0.29	1.24081	1.24071	1.23511	0.00	3310.01
948	2018.01.29 16:36	t/p	412	0.29	1.23511	1.24071	1.23511	165.30	3475.31
949	2018.02.01 08:15	sell	413	0.63	1.24092	1.24284	1.23612	0.00	3475.31
950	2018.02.01 10:13	buy	414	1.26	1.24237	1.24092	1.24284	0.00	3475.31
951	2018.02.01 10:14	s/l	413	0.63	1.24284	1.24284	1.23612	-120.96	3354.35
952	2018.02.01 10:14	t/p	414	1.26	1.24284	1.24092	1.24284	59.22	3413.57
953	2018.02.05 14:00	sell	415	0.39	1.24476	1.24651	1.24039	0.00	3413.57
954	2018.02.05 16:05	modify	415	0.39	1.24476	1.24466	1.24039	0.00	3413.57
955	2018.02.05 16:40	t/p	415	0.39	1.24039	1.24466	1.24039	170.43	3584.00
956	2018.02.07 08:15	sell	416	1.52	1.23774	1.23939	1.23362	0.00	3584.00
957	2018.02.07 08:46	buy	417	3.04	1.23899	1.23774	1.23939	0.00	3584.00
958	2018.02.07 08:47	s/l	416	1.52	1.23939	1.23939	1.23362	-250.80	3333.20
959	2018.02.07 08:47	t/p	417	3.04	1.23939	1.23774	1.23939	121.60	3454.80
960	2018.02.07 11:15	sell	418	0.30	1.23676	1.23904	1.23106	0.00	3454.80
961	2018.02.07 16:06	modify	418	0.30	1.23676	1.23666	1.23106	0.00	3454.80
962	2018.02.07 17:30	t/p	418	0.30	1.23106	1.23666	1.23106	171.00	3625.80
963	2018.02.12 14:15	sell	419	1.65	1.22619	1.22772	1.22237	0.00	3625.80
964	2018.02.12 15:34	modify	419	1.65	1.22619	1.22609	1.22237	0.00	3625.80
965	2018.02.12 16:43	s/l	419	1.65	1.22609	1.22609	1.22237	16.50	3642.30
966	2018.02.26 09:45	buy	420	0.77	1.23322	1.23134	1.23792	0.00	3642.30
967	2018.02.26 10:01	sell	421	1.54	1.23181	1.23322	1.23134	0.00	3642.30
968	2018.02.26 10:10	s/l	421	1.54	1.23322	1.23322	1.23134	-217.14	3425.16
969	2018.02.26 10:32	sell	422	1.54	1.23181	1.23322	1.23134	0.00	3425.16
970	2018.02.26 11:14	s/l	422	1.54	1.23322	1.23322	1.23134	-217.14	3208.02
971	2018.02.26 15:12	sell	423	1.54	1.23181	1.23322	1.23134	0.00	3208.02
972	2018.02.26 15:47	s/l	420	0.77	1.23134	1.23134	1.23792	-144.76	3063.26
973	2018.02.26 15:49	t/p	423	1.54	1.23134	1.23322	1.23134	72.38	3135.64
974	2018.02.27 08:30	buy	424	0.41	1.23331	1.23179	1.23711	0.00	3135.64
975	2018.02.27 13:41	s/l	424	0.41	1.23179	1.23179	1.23711	-62.32	3073.32
976	2018.03.06 10:30	buy	425	0.34	1.23436	1.23260	1.23876	0.00	3073.32
977	2018.03.06 13:23	modify	425	0.34	1.23436	1.23446	1.23876	0.00	3073.32
978	2018.03.06 13:32	t/p	425	0.34	1.23876	1.23446	1.23876	149.60	3222.92
979	2018.03.08 09:45	buy	426	0.56	1.24118	1.23919	1.24616	0.00	3222.92
980	2018.03.08 10:49	sell	427	1.12	1.23968	1.24118	1.23919	0.00	3222.92
981	2018.03.08 10:52	s/l	426	0.56	1.23919	1.23919	1.24616	-111.44	3111.48
982	2018.03.08 10:52	t/p	427	1.12	1.23919	1.24118	1.23919	54.88	3166.36
983	2018.04.03 15:45	sell	428	0.27	1.22940	1.23169	1.22368	0.00	3166.36
984	2018.04.03 16:29	modify	428	0.27	1.22940	1.22930	1.22368	0.00	3166.36
985	2018.04.04 10:59	s/l	428	0.27	1.22930	1.22930	1.22368	3.38	3169.75
986	2018.04.04 15:15	sell	429	1.39	1.22759	1.22918	1.22362	0.00	3169.75
987	2018.04.04 15:43	buy	430	2.78	1.22879	1.22759	1.22918	0.00	3169.75
988	2018.04.04 15:49	s/l	429	1.39	1.22918	1.22918	1.22362	-221.01	2948.74
989	2018.04.04 15:49	t/p	430	2.78	1.22918	1.22759	1.22918	108.42	3057.16
990	2018.04.09 14:45	buy	431	0.39	1.22796	1.22640	1.23186	0.00	3057.16
991	2018.04.09 15:13	modify	431	0.39	1.22796	1.22806	1.23186	0.00	3057.16
992	2018.04.09 16:05	t/p	431	0.39	1.23186	1.22806	1.23186	152.10	3209.26
993	2018.04.18 11:15	buy	432	1.28	1.23700	1.23525	1.24138	0.00	3209.26
994	2018.04.18 12:00	sell	433	2.56	1.23568	1.23700	1.23525	0.00	3209.26
995	2018.04.18 12:00	s/l	432	1.28	1.23525	1.23525	1.24138	-224.00	2985.26
996	2018.04.18 12:00	t/p	433	2.56	1.23525	1.23700	1.23525	110.08	3095.34
997	2018.05.03 16:00	sell	434	0.13	1.19795	1.20031	1.19205	0.00	3095.34
998	2018.05.03 21:44	s/l	434	0.13	1.20031	1.20031	1.19205	-30.68	3064.66
999	2018.05.08 10:00	sell	435	0.35	1.19179	1.19351	1.18749	0.00	3064.66
1000	2018.05.08 11:27	modify	435	0.35	1.19179	1.19169	1.18749	0.00	3064.66
1001	2018.05.08 12:42	t/p	435	0.35	1.18749	1.19169	1.18749	150.50	3215.16
1002	2018.05.10 10:15	sell	436	0.54	1.18604	1.18812	1.18084	0.00	3215.16
1003	2018.05.10 11:52	buy	437	1.08	1.18761	1.18604	1.18812	0.00	3215.16
1004	2018.05.10 12:15	s/l	436	0.54	1.18812	1.18812	1.18084	-112.32	3102.84
1005	2018.05.10 12:15	t/p	437	1.08	1.18812	1.18604	1.18812	55.08	3157.92
1006	2018.05.15 11:00	sell	438	0.39	1.19231	1.19391	1.18831	0.00	3157.92
1007	2018.05.15 14:10	modify	438	0.39	1.19231	1.19221	1.18831	0.00	3157.92
1008	2018.05.15 14:28	t/p	438	0.39	1.18831	1.19221	1.18831	156.00	3313.92
1009	2018.05.17 09:15	sell	439	0.51	1.18149	1.18374	1.17587	0.00	3313.92
1010	2018.05.17 13:27	modify	439	0.51	1.18149	1.18139	1.17587	0.00	3313.92
1011	2018.05.18 08:58	s/l	439	0.51	1.18139	1.18139	1.17587	6.39	3320.31
1012	2018.06.12 15:00	buy	440	0.68	1.17935	1.17741	1.18420	0.00	3320.31
1013	2018.06.12 15:28	sell	441	1.36	1.17789	1.17935	1.17741	0.00	3320.31
1014	2018.06.12 15:32	s/l	441	1.36	1.17935	1.17935	1.17741	-198.56	3121.75
1015	2018.06.12 19:29	sell	442	1.36	1.17789	1.17935	1.17741	0.00	3121.75
1016	2018.06.12 19:58	s/l	440	0.68	1.17741	1.17741	1.18420	-131.92	2989.83
1017	2018.06.12 19:58	t/p	442	1.36	1.17741	1.17935	1.17741	65.28	3055.11
1018	2018.06.13 09:15	sell	443	0.40	1.17397	1.17548	1.17020	0.00	3055.11
1019	2018.06.13 12:52	s/l	443	0.40	1.17548	1.17548	1.17020	-60.40	2994.71
1020	2018.06.20 10:00	sell	444	0.30	1.15667	1.15862	1.15180	0.00	2994.71
1021	2018.06.20 10:42	s/l	444	0.30	1.15862	1.15862	1.15180	-58.50	2936.21
1022	2018.06.21 11:15	sell	445	0.18	1.15541	1.15697	1.15151	0.00	2936.21
1023	2018.06.21 11:50	modify	445	0.18	1.15541	1.15531	1.15151	0.00	2936.21
1024	2018.06.21 12:02	t/p	445	0.18	1.15151	1.15531	1.15151	70.20	3006.41
1025	2018.06.27 08:15	sell	446	1.11	1.16401	1.16590	1.15929	0.00	3006.41
1026	2018.06.27 08:52	buy	447	2.22	1.16543	1.16401	1.16590	0.00	3006.41
1027	2018.06.27 09:09	s/l	446	1.11	1.16590	1.16590	1.15929	-209.79	2796.62
1028	2018.06.27 09:11	t/p	447	2.22	1.16590	1.16401	1.16590	104.34	2900.96
1029	2018.06.27 10:45	sell	448	0.29	1.16544	1.16741	1.16052	0.00	2900.96
1030	2018.06.27 11:35	modify	448	0.29	1.16544	1.16534	1.16052	0.00	2900.96
1031	2018.06.27 15:48	t/p	448	0.29	1.16052	1.16534	1.16052	142.68	3043.64
1032	2018.07.05 08:30	buy	449	0.64	1.16643	1.16479	1.17053	0.00	3043.64
1033	2018.07.05 08:51	modify	449	0.64	1.16643	1.16653	1.17053	0.00	3043.64
1034	2018.07.05 09:37	t/p	449	0.64	1.17053	1.16653	1.17053	262.40	3306.04
1035	2018.07.10 09:45	buy	450	0.78	1.17465	1.17297	1.17885	0.00	3306.04
1036	2018.07.10 11:36	sell	451	1.56	1.17339	1.17465	1.17297	0.00	3306.04
1037	2018.07.10 11:39	s/l	450	0.78	1.17297	1.17297	1.17885	-131.04	3175.00
1038	2018.07.10 11:39	t/p	451	1.56	1.17297	1.17465	1.17297	65.52	3240.52
1039	2018.07.10 11:45	sell	452	0.26	1.17264	1.17505	1.16662	0.00	3240.52
1040	2018.07.11 15:45	s/l	452	0.26	1.17505	1.17505	1.16662	-62.00	3178.52
1041	2018.07.24 11:30	sell	453	0.33	1.16796	1.16988	1.16316	0.00	3178.52
1042	2018.07.24 13:09	s/l	453	0.33	1.16988	1.16988	1.16316	-63.36	3115.16
1043	2018.07.24 16:45	buy	454	0.35	1.17052	1.16876	1.17492	0.00	3115.16
1044	2018.07.24 18:51	s/l	454	0.35	1.16876	1.16876	1.17492	-61.60	3053.56
1045	2018.07.25 16:00	buy	455	0.39	1.16990	1.16834	1.17380	0.00	3053.56
1046	2018.07.25 17:43	s/l	455	0.39	1.16834	1.16834	1.17380	-60.84	2992.72
1047	2018.08.01 16:45	sell	456	0.39	1.16783	1.16935	1.16403	0.00	2992.72
1048	2018.08.02 05:44	modify	456	0.39	1.16783	1.16773	1.16403	0.00	2992.72
1049	2018.08.02 09:35	t/p	456	0.39	1.16403	1.16773	1.16403	151.17	3143.89
1050	2018.08.16 11:30	buy	457	0.48	1.13776	1.13548	1.14346	0.00	3143.89
1051	2018.08.16 14:00	sell	458	0.96	1.13604	1.13776	1.13548	0.00	3143.89
1052	2018.08.16 14:28	s/l	458	0.96	1.13776	1.13776	1.13548	-165.12	2978.77
1053	2018.08.16 19:50	sell	459	0.96	1.13605	1.13776	1.13548	0.00	2978.77
1054	2018.08.16 20:47	s/l	457	0.48	1.13548	1.13548	1.14346	-109.44	2869.33
1055	2018.08.16 20:47	t/p	459	0.96	1.13548	1.13776	1.13548	54.72	2924.05
1056	2018.08.27 14:15	buy	460	0.38	1.16177	1.16026	1.16555	0.00	2924.05
1057	2018.08.27 15:20	modify	460	0.38	1.16177	1.16187	1.16555	0.00	2924.05
1058	2018.08.27 16:48	t/p	460	0.38	1.16555	1.16187	1.16555	143.64	3067.69
1059	2018.09.05 09:15	sell	461	1.41	1.15819	1.15971	1.15439	0.00	3067.69
1060	2018.09.05 10:16	modify	461	1.41	1.15819	1.15809	1.15439	0.00	3067.69
1061	2018.09.05 10:22	t/p	461	1.41	1.15439	1.15809	1.15439	535.80	3603.49
1062	2018.09.06 10:30	buy	462	0.32	1.16337	1.16114	1.16895	0.00	3603.49
1063	2018.09.06 12:42	sell	463	0.64	1.16169	1.16337	1.16114	0.00	3603.49
1064	2018.09.06 14:53	s/l	463	0.64	1.16337	1.16337	1.16114	-107.52	3495.97
1065	2018.09.06 18:05	sell	464	0.64	1.16168	1.16337	1.16114	0.00	3495.97
1066	2018.09.06 18:06	s/l	462	0.32	1.16114	1.16114	1.16895	-71.36	3424.61
1067	2018.09.06 18:06	t/p	464	0.64	1.16114	1.16337	1.16114	34.56	3459.17
1068	2018.09.12 11:45	sell	465	0.29	1.15831	1.16064	1.15249	0.00	3459.17
1069	2018.09.12 17:01	s/l	465	0.29	1.16064	1.16064	1.15249	-67.57	3391.60
1070	2018.09.25 11:45	buy	466	0.27	1.17560	1.17311	1.18183	0.00	3391.60
1071	2018.09.26 15:20	s/l	466	0.27	1.17311	1.17311	1.18183	-69.48	3322.11
1072	2018.10.10 14:00	buy	467	0.38	1.15026	1.14853	1.15459	0.00	3322.11
1073	2018.10.10 17:09	modify	467	0.38	1.15026	1.15036	1.15459	0.00	3322.11
1074	2018.10.11 04:51	t/p	467	0.38	1.15459	1.15036	1.15459	155.03	3477.14
1075	2018.10.16 10:30	buy	468	1.04	1.15911	1.15678	1.16494	0.00	3477.14
1076	2018.10.16 12:06	sell	469	2.08	1.15736	1.15911	1.15678	0.00	3477.14
1077	2018.10.16 12:23	s/l	468	1.04	1.15678	1.15678	1.16494	-242.32	3234.82
1078	2018.10.16 12:23	t/p	469	2.08	1.15678	1.15911	1.15678	120.64	3355.46
1079	2018.10.18 15:15	sell	470	0.20	1.15042	1.15208	1.14627	0.00	3355.46
1080	2018.10.18 19:15	modify	470	0.20	1.15042	1.15032	1.14627	0.00	3355.46
1081	2018.10.18 20:19	t/p	470	0.20	1.14627	1.15032	1.14627	83.00	3438.46
1082	2018.10.25 16:15	sell	471	0.50	1.14105	1.14342	1.13513	0.00	3438.46
1083	2018.10.25 16:40	modify	471	0.50	1.14105	1.14095	1.13513	0.00	3438.46
1084	2018.10.26 12:53	t/p	471	0.50	1.13513	1.14095	1.13513	297.27	3735.73
1085	2018.11.08 09:15	sell	472	0.35	1.14158	1.14369	1.13631	0.00	3735.73
1086	2018.11.08 09:43	buy	473	0.70	1.14317	1.14158	1.14369	0.00	3735.73
1087	2018.11.08 10:02	s/l	472	0.35	1.14369	1.14369	1.13631	-73.85	3661.88
1088	2018.11.08 10:02	t/p	473	0.70	1.14369	1.14158	1.14369	36.40	3698.28
1089	2018.11.08 11:00	sell	474	0.22	1.14295	1.14463	1.13875	0.00	3698.28
1090	2018.11.08 13:34	modify	474	0.22	1.14295	1.14285	1.13875	0.00	3698.28
1091	2018.11.08 15:15	s/l	474	0.22	1.14285	1.14285	1.13875	2.20	3700.48
1092	2018.11.21 11:45	sell	475	1.04	1.13826	1.14073	1.13209	0.00	3700.48
1093	2018.11.21 12:04	buy	476	2.08	1.14013	1.13826	1.14073	0.00	3700.48
1094	2018.11.21 12:33	s/l	476	2.08	1.13826	1.13826	1.14073	-388.96	3311.52
1095	2018.11.21 13:22	buy	477	2.08	1.14012	1.13826	1.14073	0.00	3311.52
1096	2018.11.21 13:23	s/l	475	1.04	1.14073	1.14073	1.13209	-256.88	3054.64
1097	2018.11.21 13:23	t/p	477	2.08	1.14073	1.13826	1.14073	126.88	3181.52
1098	2018.11.26 15:00	sell	478	0.42	1.13561	1.13712	1.13184	0.00	3181.52
1099	2018.11.26 15:34	s/l	478	0.42	1.13712	1.13712	1.13184	-63.42	3118.10
1100	2018.12.13 15:30	buy	479	0.13	1.13807	1.13570	1.14400	0.00	3118.10
1101	2018.12.13 15:38	s/l	479	0.13	1.13570	1.13570	1.14400	-30.81	3087.29
1102	2018.12.27 09:45	sell	480	0.19	1.13748	1.13907	1.13351	0.00	3087.29
1103	2018.12.27 10:24	s/l	480	0.19	1.13907	1.13907	1.13351	-30.21	3057.08
1104	2018.12.31 10:00	buy	481	0.29	1.14428	1.14219	1.14951	0.00	3057.08
1105	2019.01.02 07:58	modify	481	0.29	1.14428	1.14438	1.14951	0.00	3057.08
1106	2019.01.02 08:10	t/p	481	0.29	1.14951	1.14438	1.14951	146.83	3203.91
1107	2019.01.09 15:45	buy	482	1.28	1.14633	1.14459	1.15068	0.00	3203.91
1108	2019.01.09 16:35	modify	482	1.28	1.14633	1.14643	1.15068	0.00	3203.91
1109	2019.01.09 16:36	t/p	482	1.28	1.15068	1.14643	1.15068	556.80	3760.71
1110	2019.01.14 14:45	sell	483	0.92	1.14570	1.14732	1.14165	0.00	3760.71
1111	2019.01.14 15:07	buy	484	1.84	1.14692	1.14570	1.14732	0.00	3760.71
1112	2019.01.14 15:44	s/l	484	1.84	1.14570	1.14570	1.14732	-224.48	3536.23
1113	2019.01.14 17:09	buy	485	1.84	1.14692	1.14570	1.14732	0.00	3536.23
1114	2019.01.14 17:55	s/l	483	0.92	1.14732	1.14732	1.14165	-149.04	3387.19
1115	2019.01.14 17:55	t/p	485	1.84	1.14732	1.14570	1.14732	73.60	3460.79
1116	2019.01.17 15:45	sell	486	0.18	1.13876	1.14064	1.13406	0.00	3460.79
1117	2019.01.18 12:02	s/l	486	0.18	1.14064	1.14064	1.13406	-33.38	3427.41
1118	2019.01.30 10:30	buy	487	0.38	1.14396	1.14218	1.14841	0.00	3427.41
1119	2019.01.30 13:11	s/l	487	0.38	1.14218	1.14218	1.14841	-67.64	3359.77
1120	2019.02.13 14:00	buy	488	0.32	1.13294	1.13087	1.13812	0.00	3359.77
1121	2019.02.13 14:54	s/l	488	0.32	1.13087	1.13087	1.13812	-66.24	3293.53
1122	2019.02.20 14:30	buy	489	0.35	1.13406	1.13223	1.13864	0.00	3293.53
1123	2019.02.20 18:51	modify	489	0.35	1.13406	1.13416	1.13864	0.00	3293.53
1124	2019.02.20 21:11	s/l	489	0.35	1.13416	1.13416	1.13864	3.50	3297.03
1125	2019.03.11 15:30	buy	490	1.06	1.12518	1.12302	1.13058	0.00	3297.03
1126	2019.03.11 16:51	sell	491	2.12	1.12356	1.12518	1.12302	0.00	3297.03
1127	2019.03.11 17:51	s/l	490	1.06	1.12302	1.12302	1.13058	-228.96	3068.07
1128	2019.03.11 17:51	t/p	491	2.12	1.12302	1.12518	1.12302	114.48	3182.55
1129	2019.03.14 09:30	buy	492	0.20	1.13253	1.13098	1.13641	0.00	3182.55
1130	2019.03.14 12:01	s/l	492	0.20	1.13098	1.13098	1.13641	-31.00	3151.55
1131	2019.10.03 15:45	buy	493	0.19	1.09621	1.09460	1.10024	0.00	3151.55
1132	2019.10.03 17:00	modify	493	0.19	1.09621	1.09631	1.10024	0.00	3151.55
1133	2019.10.03 23:59	s/l	493	0.19	1.09631	1.09631	1.10024	1.90	3153.45
1134	2019.10.16 15:45	buy	494	0.95	1.10442	1.10210	1.11022	0.00	3153.45
1135	2019.10.16 19:25	modify	494	0.95	1.10442	1.10452	1.11022	0.00	3153.45
1136	2019.10.17 12:30	t/p	494	0.95	1.11022	1.10452	1.11022	527.22	3680.67
1137	2019.11.07 16:00	sell	495	0.42	1.10670	1.10843	1.10238	0.00	3680.67
1138	2019.11.07 17:57	modify	495	0.42	1.10670	1.10660	1.10238	0.00	3680.67
1139	2019.11.08 17:02	t/p	495	0.42	1.10238	1.10660	1.10238	182.51	3863.17
1140	2020.02.24 10:30	buy	496	0.83	1.08283	1.08099	1.08743	0.00	3863.17
1141	2020.02.24 11:49	sell	497	1.66	1.08142	1.08283	1.08099	0.00	3863.17
1142	2020.02.24 14:29	s/l	497	1.66	1.08283	1.08283	1.08099	-234.06	3629.11
1143	2020.02.24 15:11	sell	498	1.66	1.08142	1.08283	1.08099	0.00	3629.11
1144	2020.02.24 16:20	s/l	498	1.66	1.08283	1.08283	1.08099	-234.06	3395.05
1145	2020.02.24 17:07	modify	496	0.83	1.08283	1.08293	1.08743	0.00	3395.05
1146	2020.02.25 18:16	t/p	496	0.83	1.08743	1.08293	1.08743	374.87	3769.92
1147	2020.03.04 10:00	buy	499	0.91	1.11594	1.11430	1.12004	0.00	3769.92
1148	2020.03.04 10:42	modify	499	0.91	1.11594	1.11604	1.12004	0.00	3769.92
1149	2020.03.04 11:04	s/l	499	0.91	1.11604	1.11604	1.12004	9.10	3779.02
1150	2020.04.06 09:15	sell	500	0.67	1.08149	1.08374	1.07587	0.00	3779.02
1151	2020.04.06 15:45	modify	500	0.67	1.08149	1.08139	1.07587	0.00	3779.02
1152	2020.04.06 18:24	s/l	500	0.67	1.08139	1.08139	1.07587	6.70	3785.72
1153	2020.04.09 15:15	buy	501	0.38	1.08670	1.08475	1.09158	0.00	3785.72
1154	2020.04.09 15:53	modify	501	0.38	1.08670	1.08680	1.09158	0.00	3785.72
1155	2020.04.09 16:13	t/p	501	0.38	1.09158	1.08680	1.09158	185.44	3971.16
1156	2020.04.13 09:30	buy	502	0.91	1.09488	1.09314	1.09923	0.00	3971.16
1157	2020.04.13 11:16	sell	503	1.82	1.09356	1.09488	1.09314	0.00	3971.16
1158	2020.04.13 11:20	s/l	502	0.91	1.09314	1.09314	1.09923	-158.34	3812.82
1159	2020.04.13 11:20	t/p	503	1.82	1.09314	1.09488	1.09314	76.44	3889.26
1160	2020.04.13 15:00	buy	504	0.33	1.09303	1.09072	1.09881	0.00	3889.26
1161	2020.04.13 16:29	s/l	504	0.33	1.09072	1.09072	1.09881	-76.23	3813.03
1162	2020.04.20 08:45	sell	505	0.37	1.08528	1.08731	1.08021	0.00	3813.03
1163	2020.04.20 11:46	s/l	505	0.37	1.08731	1.08731	1.08021	-75.11	3737.92
1164	2020.04.28 10:30	buy	506	0.32	1.08307	1.08076	1.08885	0.00	3737.92
1165	2020.04.28 12:20	modify	506	0.32	1.08307	1.08317	1.08885	0.00	3737.92
1166	2020.04.28 17:59	s/l	506	0.32	1.08317	1.08317	1.08885	3.20	3741.12
1167	2020.04.29 16:00	buy	507	1.32	1.08573	1.08375	1.09068	0.00	3741.12
1168	2020.04.30 10:05	modify	507	1.32	1.08573	1.08583	1.09068	0.00	3741.12
1169	2020.04.30 16:08	s/l	507	1.32	1.08583	1.08583	1.09068	-19.84	3721.28
1170	2020.05.07 11:00	sell	508	0.19	1.07988	1.08182	1.07503	0.00	3721.28
1171	2020.05.07 17:03	modify	508	0.19	1.07988	1.07978	1.07503	0.00	3721.28
1172	2020.05.07 18:45	s/l	508	0.19	1.07978	1.07978	1.07503	1.90	3723.18
1173	2020.05.12 10:45	sell	509	1.24	1.08086	1.08295	1.07564	0.00	3723.18
1174	2020.05.12 11:15	buy	510	2.48	1.08243	1.08086	1.08295	0.00	3723.18
1175	2020.05.12 13:25	s/l	509	1.24	1.08295	1.08295	1.07564	-259.16	3464.02
1176	2020.05.12 13:25	t/p	510	2.48	1.08295	1.08086	1.08295	128.96	3592.98
1177	2020.05.27 11:00	buy	511	0.47	1.09651	1.09499	1.10031	0.00	3592.98
1178	2020.05.27 12:03	s/l	511	0.47	1.09499	1.09499	1.10031	-71.44	3521.54
1179	2020.06.08 10:00	buy	512	0.46	1.12944	1.12791	1.13327	0.00	3521.54
1180	2020.06.08 13:35	s/l	512	0.46	1.12791	1.12791	1.13327	-70.38	3451.16
1181	2020.06.09 09:45	sell	513	0.30	1.12753	1.12980	1.12186	0.00	3451.16
1182	2020.06.09 11:19	modify	513	0.30	1.12753	1.12743	1.12186	0.00	3451.16
1183	2020.06.09 13:09	s/l	513	0.30	1.12743	1.12743	1.12186	3.00	3454.16
1184	2020.06.24 14:00	buy	514	1.51	1.13069	1.12909	1.13469	0.00	3454.16
1185	2020.06.24 14:35	sell	515	3.02	1.12947	1.13069	1.12909	0.00	3454.16
1186	2020.06.24 14:43	s/l	514	1.51	1.12909	1.12909	1.13469	-241.60	3212.56
1187	2020.06.24 14:43	t/p	515	3.02	1.12909	1.13069	1.12909	114.76	3327.32
1188	2020.07.08 09:15	sell	516	0.36	1.12656	1.12836	1.12206	0.00	3327.32
1189	2020.07.08 10:06	s/l	516	0.36	1.12836	1.12836	1.12206	-64.80	3262.52
1190	2020.07.08 14:45	buy	517	0.42	1.12893	1.12740	1.13276	0.00	3262.52
1191	2020.07.08 16:32	modify	517	0.42	1.12893	1.12903	1.13276	0.00	3262.52
1192	2020.07.08 16:39	t/p	517	0.42	1.13276	1.12903	1.13276	160.86	3423.38
1193	2020.07.14 11:45	buy	518	1.15	1.13492	1.13285	1.14010	0.00	3423.38
1194	2020.07.14 14:36	modify	518	1.15	1.13492	1.13502	1.14010	0.00	3423.38
1195	2020.07.14 17:29	t/p	518	1.15	1.14010	1.13502	1.14010	595.70	4019.08
1196	2020.07.16 15:00	buy	519	0.42	1.14133	1.13944	1.14606	0.00	4019.08
1197	2020.07.16 17:40	modify	519	0.42	1.14133	1.14143	1.14606	0.00	4019.08
1198	2020.07.16 19:39	s/l	519	0.42	1.14143	1.14143	1.14606	4.20	4023.28
1199	2020.07.21 10:15	buy	520	0.65	1.14589	1.14345	1.15199	0.00	4023.28
1200	2020.07.21 10:42	sell	521	1.30	1.14403	1.14589	1.14345	0.00	4023.28
1201	2020.07.21 10:46	s/l	520	0.65	1.14345	1.14345	1.15199	-158.60	3864.68
1202	2020.07.21 10:46	t/p	521	1.30	1.14345	1.14589	1.14345	75.40	3940.08
1203	2020.07.29 09:15	buy	522	0.47	1.17407	1.17240	1.17825	0.00	3940.08
1204	2020.07.29 10:43	modify	522	0.47	1.17407	1.17417	1.17825	0.00	3940.08
1205	2020.07.29 14:01	s/l	522	0.47	1.17417	1.17417	1.17825	4.70	3944.78
1206	2020.08.17 14:45	buy	523	1.43	1.18510	1.18318	1.18990	0.00	3944.78
1207	2020.08.17 16:51	modify	523	1.43	1.18510	1.18520	1.18990	0.00	3944.78
1208	2020.08.18 09:33	t/p	523	1.43	1.18990	1.18520	1.18990	674.47	4619.25
1209	2020.08.27 10:45	buy	524	0.53	1.18316	1.18144	1.18746	0.00	4619.25
1210	2020.08.27 13:32	sell	525	1.06	1.18186	1.18316	1.18144	0.00	4619.25
1211	2020.08.27 13:34	s/l	524	0.53	1.18144	1.18144	1.18746	-91.16	4528.09
1212	2020.08.27 13:34	t/p	525	1.06	1.18144	1.18316	1.18144	44.52	4572.61
1213	2020.09.02 09:30	sell	526	0.48	1.18965	1.19153	1.18495	0.00	4572.61
1214	2020.09.02 10:32	modify	526	0.48	1.18965	1.18955	1.18495	0.00	4572.61
1215	2020.09.02 14:31	t/p	526	0.48	1.18495	1.18955	1.18495	225.60	4798.21
1216	2020.09.09 11:45	sell	527	1.57	1.17679	1.17892	1.17147	0.00	4798.21
1217	2020.09.09 15:36	buy	528	3.14	1.17840	1.17679	1.17892	0.00	4798.21
1218	2020.09.09 15:49	s/l	527	1.57	1.17892	1.17892	1.17147	-334.41	4463.80
1219	2020.09.09 15:49	t/p	528	3.14	1.17892	1.17679	1.17892	163.28	4627.08
1220	2020.09.10 11:30	buy	529	0.25	1.18319	1.18138	1.18772	0.00	4627.08
1221	2020.09.10 15:31	modify	529	0.25	1.18319	1.18329	1.18772	0.00	4627.08
1222	2020.09.10 15:31	t/p	529	0.25	1.18772	1.18329	1.18772	113.25	4740.33
1223	2020.09.30 15:30	buy	530	1.75	1.17154	1.16965	1.17627	0.00	4740.33
1224	2020.09.30 16:34	sell	531	3.50	1.17012	1.17154	1.16965	0.00	4740.33
1225	2020.09.30 16:38	s/l	530	1.75	1.16965	1.16965	1.17627	-330.75	4409.58
1226	2020.09.30 16:38	t/p	531	3.50	1.16965	1.17154	1.16965	164.50	4574.08
1227	2020.10.12 10:45	buy	532	0.49	1.18219	1.18036	1.18677	0.00	4574.08
1228	2020.10.12 12:24	s/l	532	0.49	1.18036	1.18036	1.18677	-89.67	4484.41
1229	2020.10.13 16:15	sell	533	0.49	1.17823	1.18006	1.17366	0.00	4484.41
1230	2020.10.13 16:39	modify	533	0.49	1.17823	1.17813	1.17366	0.00	4484.41
1231	2020.10.13 18:47	t/p	533	0.49	1.17366	1.17813	1.17366	223.93	4708.34
1232	2020.11.10 10:00	sell	534	1.56	1.18168	1.18378	1.17643	0.00	4708.34
1233	2020.11.10 10:20	buy	535	3.12	1.18327	1.18168	1.18378	0.00	4708.34
1234	2020.11.10 10:28	s/l	534	1.56	1.18378	1.18378	1.17643	-327.60	4380.74
1235	2020.11.10 10:28	t/p	535	3.12	1.18378	1.18168	1.18378	159.12	4539.86
1236	2020.11.11 09:45	sell	536	0.57	1.18144	1.18301	1.17752	0.00	4539.86
1237	2020.11.11 10:20	modify	536	0.57	1.18144	1.18134	1.17752	0.00	4539.86
1238	2020.11.11 12:55	t/p	536	0.57	1.17752	1.18134	1.17752	223.44	4763.30
1239	2020.11.12 16:00	buy	537	0.78	1.18095	1.17883	1.18625	0.00	4763.30
1240	2020.11.12 16:12	sell	538	1.56	1.17936	1.18095	1.17883	0.00	4763.30
1241	2020.11.12 16:29	s/l	537	0.78	1.17883	1.17883	1.18625	-165.36	4597.94
1242	2020.11.12 16:29	t/p	538	1.56	1.17883	1.18095	1.17883	82.68	4680.62
1243	2020.11.19 10:30	sell	539	0.26	1.18360	1.18534	1.17925	0.00	4680.62
1244	2020.11.19 20:55	s/l	539	0.26	1.18534	1.18534	1.17925	-45.24	4635.38
1245	2020.11.25 15:00	buy	540	0.57	1.18959	1.18799	1.19359	0.00	4635.38
1246	2020.11.25 17:39	modify	540	0.57	1.18959	1.18969	1.19359	0.00	4635.38
1247	2020.11.26 08:23	t/p	540	0.57	1.19359	1.18969	1.19359	213.73	4849.11
1248	2020.12.01 15:30	buy	541	1.68	1.19823	1.19622	1.20326	0.00	4849.11
1249	2020.12.01 17:17	modify	541	1.68	1.19823	1.19833	1.20326	0.00	4849.11
1250	2020.12.01 17:49	t/p	541	1.68	1.20326	1.19833	1.20326	845.04	5694.15
1251	2020.12.15 16:30	buy	542	1.19	1.21529	1.21338	1.22007	0.00	5694.15
1252	2020.12.16 10:30	modify	542	1.19	1.21529	1.21539	1.22007	0.00	5694.15
1253	2020.12.16 10:34	t/p	542	1.19	1.22007	1.21539	1.22007	558.89	6253.04
1254	2020.12.22 10:00	sell	543	1.65	1.22167	1.22318	1.21790	0.00	6253.04
1255	2020.12.22 12:49	buy	544	3.30	1.22283	1.22167	1.22318	0.00	6253.04
1256	2020.12.22 12:52	s/l	543	1.65	1.22318	1.22318	1.21790	-249.15	6003.89
1257	2020.12.22 12:52	t/p	544	3.30	1.22318	1.22167	1.22318	115.50	6119.39
1258	2020.12.23 10:15	sell	545	0.64	1.21838	1.22029	1.21361	0.00	6119.39
1259	2020.12.23 16:30	s/l	545	0.64	1.22029	1.22029	1.21361	-122.24	5997.15
1260	2020.12.28 15:15	buy	546	0.64	1.22187	1.22001	1.22652	0.00	5997.15
1261	2020.12.29 09:12	modify	546	0.64	1.22187	1.22197	1.22652	0.00	5997.15
1262	2020.12.29 16:48	t/p	546	0.64	1.22652	1.22197	1.22652	292.26	6289.41
1263	2020.12.31 11:00	buy	547	1.35	1.23012	1.22849	1.23420	0.00	6289.41
1264	2020.12.31 11:10	sell	548	2.70	1.22889	1.23012	1.22849	0.00	6289.41
1265	2020.12.31 11:15	s/l	547	1.35	1.22849	1.22849	1.23420	-220.05	6069.36
1266	2020.12.31 11:15	t/p	548	2.70	1.22849	1.23012	1.22849	108.00	6177.36
1267	2021.01.05 10:15	buy	549	0.74	1.22697	1.22531	1.23112	0.00	6177.36
1268	2021.01.05 18:45	modify	549	0.74	1.22697	1.22707	1.23112	0.00	6177.36
1269	2021.01.06 02:50	t/p	549	0.74	1.23112	1.22707	1.23112	300.93	6478.29
1270	2021.01.21 11:30	buy	550	1.03	1.21412	1.21193	1.21960	0.00	6478.29
1271	2021.01.22 02:14	modify	550	1.03	1.21412	1.21422	1.21960	0.00	6478.29
1272	2021.01.25 12:00	s/l	550	1.03	1.21422	1.21422	1.21960	-6.89	6471.40
1273	2021.01.28 15:15	sell	551	0.29	1.20907	1.21129	1.20352	0.00	6471.40
1274	2021.01.28 15:50	s/l	551	0.29	1.21129	1.21129	1.20352	-64.38	6407.02
1275	2021.02.02 11:45	sell	552	0.63	1.20683	1.20886	1.20176	0.00	6407.02
1276	2021.02.02 12:16	modify	552	0.63	1.20683	1.20673	1.20176	0.00	6407.02
1277	2021.02.02 19:01	t/p	552	0.63	1.20176	1.20673	1.20176	319.41	6726.43
1278	2021.02.08 09:45	buy	553	2.96	1.20459	1.20300	1.20857	0.00	6726.43
1279	2021.02.08 10:27	sell	554	5.92	1.20339	1.20459	1.20300	0.00	6726.43
1280	2021.02.08 10:29	s/l	553	2.96	1.20300	1.20300	1.20857	-470.64	6255.79
1281	2021.02.08 10:29	t/p	554	5.92	1.20300	1.20459	1.20300	230.88	6486.67
1282	2021.02.08 15:45	buy	555	0.70	1.20367	1.20182	1.20830	0.00	6486.67
1283	2021.02.08 17:05	modify	555	0.70	1.20367	1.20377	1.20830	0.00	6486.67
1284	2021.02.08 18:21	s/l	555	0.70	1.20377	1.20377	1.20830	7.00	6493.67
1285	2021.02.22 10:15	buy	556	2.75	1.21199	1.21034	1.21612	0.00	6493.67
1286	2021.02.22 10:24	sell	557	5.50	1.21074	1.21199	1.21034	0.00	6493.67
1287	2021.02.22 10:27	s/l	556	2.75	1.21034	1.21034	1.21612	-453.75	6039.92
1288	2021.02.22 10:27	t/p	557	5.50	1.21034	1.21199	1.21034	220.00	6259.92
1289	2021.04.15 16:30	buy	558	0.35	1.19716	1.19541	1.20154	0.00	6259.92
1290	2021.04.16 04:04	s/l	558	0.35	1.19541	1.19541	1.20154	-64.17	6195.75
1291	2021.04.21 16:15	sell	559	0.81	1.20019	1.20171	1.19639	0.00	6195.75
1292	2021.04.21 17:26	s/l	559	0.81	1.20171	1.20171	1.19639	-123.12	6072.63
1293	2021.05.13 11:30	sell	560	0.33	1.20814	1.20997	1.20357	0.00	6072.63
1294	2021.05.13 11:50	modify	560	0.33	1.20814	1.20804	1.20357	0.00	6072.63
1295	2021.05.13 14:23	s/l	560	0.33	1.20804	1.20804	1.20357	3.30	6075.93
1296	2021.05.27 09:30	sell	561	1.20	1.21872	1.22048	1.21432	0.00	6075.93
1297	2021.05.27 10:00	buy	562	2.40	1.22005	1.21872	1.22048	0.00	6075.93
1298	2021.05.27 10:17	s/l	561	1.20	1.22048	1.22048	1.21432	-211.20	5864.73
1299	2021.05.27 10:17	t/p	562	2.40	1.22048	1.21872	1.22048	103.20	5967.93
1300	2021.05.27 16:00	sell	563	0.33	1.21861	1.22041	1.21411	0.00	5967.93
1301	2021.05.27 17:17	s/l	563	0.33	1.22041	1.22041	1.21411	-59.40	5908.53
1302	2021.05.31 15:00	buy	564	0.76	1.21993	1.21839	1.22378	0.00	5908.53
1303	2021.05.31 17:55	modify	564	0.76	1.21993	1.22003	1.22378	0.00	5908.53
1304	2021.06.01 10:30	t/p	564	0.76	1.22378	1.22003	1.22378	286.26	6194.79
1305	2021.06.23 10:45	buy	565	1.75	1.19343	1.19096	1.19961	0.00	6194.79
1306	2021.06.25 16:56	modify	565	1.75	1.19343	1.19353	1.19961	0.00	6194.79
1307	2021.06.25 19:29	s/l	565	1.75	1.19353	1.19353	1.19961	-40.91	6153.88
1308	2021.07.05 09:45	buy	566	0.77	1.18658	1.18499	1.19056	0.00	6153.88
1309	2021.07.06 09:04	modify	566	0.77	1.18658	1.18668	1.19056	0.00	6153.88
1310	2021.07.06 11:07	s/l	566	0.77	1.18668	1.18668	1.19056	1.28	6155.16
1311	2021.07.07 16:00	sell	567	1.93	1.18159	1.18382	1.17602	0.00	6155.16
1312	2021.07.07 17:32	modify	567	1.93	1.18159	1.18149	1.17602	0.00	6155.16
1313	2021.07.07 21:02	s/l	567	1.93	1.18149	1.18149	1.17602	19.30	6174.46
1314	2021.07.20 15:15	sell	568	1.24	1.17749	1.17948	1.17252	0.00	6174.46
1315	2021.07.21 17:24	buy	569	2.48	1.17899	1.17749	1.17948	0.00	6174.46
1316	2021.07.21 17:40	s/l	568	1.24	1.17948	1.17948	1.17252	-243.62	5930.84
1317	2021.07.21 17:40	t/p	569	2.48	1.17948	1.17749	1.17948	121.52	6052.36
1318	2021.08.05 15:30	sell	570	0.34	1.18418	1.18592	1.17983	0.00	6052.36
1319	2021.08.06 11:23	modify	570	0.34	1.18418	1.18408	1.17983	0.00	6052.36
1320	2021.08.06 15:30	t/p	570	0.34	1.17983	1.18408	1.17983	148.76	6201.12
1321	2021.08.25 16:15	buy	571	2.24	1.17433	1.17240	1.17916	0.00	6201.12
1322	2021.08.25 21:13	modify	571	2.24	1.17433	1.17443	1.17916	0.00	6201.12
1323	2021.08.27 03:35	s/l	571	2.24	1.17443	1.17443	1.17916	-52.36	6148.76
1324	2021.09.01 15:30	buy	572	0.81	1.18263	1.18112	1.18641	0.00	6148.76
1325	2021.09.01 17:45	modify	572	0.81	1.18263	1.18273	1.18641	0.00	6148.76
1326	2021.09.02 17:38	t/p	572	0.81	1.18641	1.18273	1.18641	285.90	6434.66
1327	2021.09.23 15:45	buy	573	1.22	1.17305	1.17121	1.17765	0.00	6434.66
1328	2021.09.24 14:41	sell	574	2.44	1.17167	1.17305	1.17121	0.00	6434.66
1329	2021.09.24 15:32	s/l	573	1.22	1.17121	1.17121	1.17765	-234.66	6200.00
1330	2021.09.24 15:32	t/p	574	2.44	1.17121	1.17305	1.17121	112.24	6312.24
1331	2021.09.27 14:30	sell	575	0.81	1.16971	1.17125	1.16586	0.00	6312.24
1332	2021.09.28 10:10	modify	575	0.81	1.16971	1.16961	1.16586	0.00	6312.24
1333	2021.09.28 17:15	s/l	575	0.81	1.16961	1.16961	1.16586	10.15	6322.40
1334	2021.10.05 16:15	sell	576	2.63	1.15887	1.16055	1.15467	0.00	6322.40
1335	2021.10.05 18:09	buy	577	5.26	1.16014	1.15887	1.16055	0.00	6322.40
1336	2021.10.05 18:13	s/l	576	2.63	1.16055	1.16055	1.15467	-441.84	5880.56
1337	2021.10.05 18:13	t/p	577	5.26	1.16055	1.15887	1.16055	215.66	6096.22
1338	2021.10.25 10:45	buy	578	0.51	1.16630	1.16392	1.17225	0.00	6096.22
1339	2021.10.25 12:18	s/l	578	0.51	1.16392	1.16392	1.17225	-121.38	5974.84
1340	2021.11.04 16:00	sell	579	0.30	1.15534	1.15731	1.15042	0.00	5974.84
1341	2021.11.05 14:30	modify	579	0.30	1.15534	1.15524	1.15042	0.00	5974.84
1342	2021.11.05 17:39	s/l	579	0.30	1.15524	1.15524	1.15042	3.76	5978.60
1343	2021.11.08 10:45	buy	580	2.01	1.15691	1.15483	1.16211	0.00	5978.60
1344	2021.11.09 07:05	modify	580	2.01	1.15691	1.15701	1.16211	0.00	5978.60
1345	2021.11.09 15:01	s/l	580	2.01	1.15701	1.15701	1.16211	3.33	5981.93
1346	2021.11.15 15:00	sell	581	1.52	1.14409	1.14566	1.14017	0.00	5981.93
1347	2021.11.15 18:02	modify	581	1.52	1.14409	1.14399	1.14017	0.00	5981.93
1348	2021.11.15 19:24	t/p	581	1.52	1.14017	1.14399	1.14017	595.84	6577.77
1349	2021.11.18 16:30	buy	582	0.80	1.13411	1.13247	1.13821	0.00	6577.77
1350	2021.11.18 19:04	modify	582	0.80	1.13411	1.13421	1.13821	0.00	6577.77
1351	2021.11.19 10:01	s/l	582	0.80	1.13421	1.13421	1.13821	1.32	6579.09
1352	2021.12.01 15:30	buy	583	1.33	1.13284	1.13087	1.13777	0.00	6579.09
1353	2021.12.01 22:07	sell	584	2.66	1.13136	1.13284	1.13087	0.00	6579.09
1354	2021.12.02 03:54	s/l	584	2.66	1.13284	1.13284	1.13087	-373.44	6205.65
1355	2021.12.02 09:22	sell	585	2.66	1.13135	1.13284	1.13087	0.00	6205.65
1356	2021.12.02 09:56	s/l	583	1.33	1.13087	1.13087	1.13777	-295.30	5910.35
1357	2021.12.02 09:56	t/p	585	2.66	1.13087	1.13284	1.13087	127.68	6038.03
1358	2021.12.02 10:45	buy	586	0.37	1.13242	1.13080	1.13647	0.00	6038.03
1359	2021.12.02 18:20	s/l	586	0.37	1.13080	1.13080	1.13647	-59.94	5978.09
1360	2021.12.27 14:15	sell	587	0.74	1.13070	1.13231	1.12668	0.00	5978.09
1361	2021.12.27 16:38	s/l	587	0.74	1.13231	1.13231	1.12668	-119.14	5858.95
1362	2022.01.03 15:30	buy	588	0.68	1.13631	1.13461	1.14056	0.00	5858.95
1363	2022.01.03 15:51	s/l	588	0.68	1.13461	1.13461	1.14056	-115.60	5743.35
1364	2022.01.05 15:15	buy	589	0.75	1.13182	1.13029	1.13565	0.00	5743.35
1365	2022.01.05 17:01	modify	589	0.75	1.13182	1.13192	1.13565	0.00	5743.35
1366	2022.01.05 21:09	s/l	589	0.75	1.13192	1.13192	1.13565	7.50	5750.85
1367	2022.01.06 16:45	buy	590	0.94	1.13256	1.13043	1.13789	0.00	5750.85
1368	2022.01.06 17:07	sell	591	1.88	1.13095	1.13256	1.13043	0.00	5750.85
1369	2022.01.06 17:26	s/l	590	0.94	1.13043	1.13043	1.13789	-200.22	5550.63
1370	2022.01.06 17:26	t/p	591	1.88	1.13043	1.13256	1.13043	97.76	5648.39
1371	2022.01.20 16:30	sell	592	0.33	1.13429	1.13596	1.13012	0.00	5648.39
1372	2022.01.20 20:37	modify	592	0.33	1.13429	1.13419	1.13012	0.00	5648.39
1373	2022.01.21 03:03	t/p	592	0.33	1.13012	1.13419	1.13012	138.45	5786.83
1374	2022.02.08 15:15	sell	593	2.20	1.14073	1.14257	1.13613	0.00	5786.83
1375	2022.02.08 16:17	buy	594	4.40	1.14213	1.14073	1.14257	0.00	5786.83
1376	2022.02.08 16:58	s/l	594	4.40	1.14073	1.14073	1.14257	-616.00	5170.83
1377	2022.02.08 17:56	buy	595	4.40	1.14212	1.14073	1.14257	0.00	5170.83
1378	2022.02.08 20:16	s/l	595	4.40	1.14073	1.14073	1.14257	-611.60	4559.23
1379	2022.02.08 20:57	buy	596	4.40	1.14212	1.14073	1.14257	0.00	4559.23
1380	2022.02.09 04:02	s/l	593	2.20	1.14257	1.14257	1.13613	-399.22	4160.01
1381	2022.02.09 04:02	t/p	596	4.40	1.14257	1.14073	1.14257	161.29	4321.30
1382	2022.02.09 15:45	buy	597	0.50	1.14450	1.14278	1.14880	0.00	4321.30
1383	2022.02.09 16:24	s/l	597	0.50	1.14278	1.14278	1.14880	-86.00	4235.30
1384	2022.02.16 16:45	buy	598	0.44	1.13702	1.13512	1.14177	0.00	4235.30
1385	2022.02.17 05:55	s/l	598	0.44	1.13512	1.13512	1.14177	-94.61	4140.69
1386	2022.02.17 08:45	sell	599	0.19	1.13546	1.13760	1.13011	0.00	4140.69
1387	2022.02.17 10:00	s/l	599	0.19	1.13760	1.13760	1.13011	-40.66	4100.03
1388	2022.03.09 10:15	buy	600	0.40	1.09293	1.09089	1.09803	0.00	4100.03
1389	2022.03.09 11:27	modify	600	0.40	1.09293	1.09303	1.09803	0.00	4100.03
1390	2022.03.09 12:06	t/p	600	0.40	1.09803	1.09303	1.09803	204.00	4304.03
1391	2022.03.29 09:45	buy	601	1.38	1.10025	1.09807	1.10570	0.00	4304.03
1392	2022.03.29 11:52	sell	602	2.76	1.09861	1.10025	1.09807	0.00	4304.03
1393	2022.03.29 11:53	s/l	601	1.38	1.09807	1.09807	1.10570	-300.84	4003.19
1394	2022.03.29 11:54	t/p	602	2.76	1.09807	1.10025	1.09807	149.04	4152.23
1395	2022.04.07 10:15	sell	603	0.23	1.09124	1.09298	1.08689	0.00	4152.23
1396	2022.04.07 11:11	modify	603	0.23	1.09124	1.09114	1.08689	0.00	4152.23
1397	2022.04.07 12:20	t/p	603	0.23	1.08689	1.09114	1.08689	100.05	4252.28
1398	2022.04.11 09:30	sell	604	1.81	1.08789	1.08953	1.08379	0.00	4252.28
1399	2022.04.11 10:26	buy	605	3.62	1.08913	1.08789	1.08953	0.00	4252.28
1400	2022.04.11 10:26	s/l	604	1.81	1.08953	1.08953	1.08379	-296.84	3955.44
1401	2022.04.11 10:26	t/p	605	3.62	1.08953	1.08789	1.08953	144.80	4100.24
1402	2022.04.13 09:30	sell	606	0.42	1.08275	1.08469	1.07790	0.00	4100.24
1403	2022.04.13 14:32	s/l	606	0.42	1.08469	1.08469	1.07790	-81.48	4018.76
1404	2022.04.13 15:00	sell	607	0.43	1.08313	1.08497	1.07853	0.00	4018.76
1405	2022.04.13 18:02	s/l	607	0.43	1.08497	1.08497	1.07853	-79.12	3939.64
1406	2022.04.19 16:15	sell	608	0.51	1.07876	1.08028	1.07496	0.00	3939.64
1407	2022.04.19 16:43	s/l	608	0.51	1.08028	1.08028	1.07496	-77.52	3862.12
1408	2022.04.20 11:30	buy	609	0.49	1.08193	1.08037	1.08583	0.00	3862.12
1409	2022.04.20 12:09	modify	609	0.49	1.08193	1.08203	1.08583	0.00	3862.12
1410	2022.04.20 12:38	t/p	609	0.49	1.08583	1.08203	1.08583	191.10	4053.22
1411	2022.04.21 08:15	buy	610	0.79	1.08450	1.08272	1.08895	0.00	4053.22
1412	2022.04.21 09:30	modify	610	0.79	1.08450	1.08460	1.08895	0.00	4053.22
1413	2022.04.21 09:41	t/p	610	0.79	1.08895	1.08460	1.08895	351.55	4404.77
1414	2022.05.03 08:00	sell	611	0.71	1.05017	1.05263	1.04402	0.00	4404.77
1415	2022.05.03 10:32	buy	612	1.42	1.05202	1.05017	1.05263	0.00	4404.77
1416	2022.05.03 10:36	s/l	611	0.71	1.05263	1.05263	1.04402	-174.66	4230.11
1417	2022.05.03 10:36	t/p	612	1.42	1.05263	1.05017	1.05263	86.62	4316.73
1418	2022.05.04 15:30	buy	613	0.43	1.05412	1.05213	1.05910	0.00	4316.73
1419	2022.05.04 21:01	modify	613	0.43	1.05412	1.05422	1.05910	0.00	4316.73
1420	2022.05.04 21:10	s/l	613	0.43	1.05422	1.05422	1.05910	4.30	4321.03
1421	2022.05.18 15:15	buy	614	1.56	1.05222	1.05029	1.05705	0.00	4321.03
1422	2022.05.18 17:28	sell	615	3.12	1.05076	1.05222	1.05029	0.00	4321.03
1423	2022.05.18 17:31	s/l	614	1.56	1.05029	1.05029	1.05705	-301.08	4019.95
1424	2022.05.18 17:31	t/p	615	3.12	1.05029	1.05222	1.05029	146.64	4166.59
1425	2022.05.26 10:45	buy	616	0.20	1.06934	1.06734	1.07434	0.00	4166.59
1426	2022.05.26 18:13	modify	616	0.20	1.06934	1.06944	1.07434	0.00	4166.59
1427	2022.05.27 04:33	t/p	616	0.20	1.07434	1.06944	1.07434	98.33	4264.92
1428	2022.06.01 16:45	sell	617	1.50	1.07130	1.07328	1.06635	0.00	4264.92
1429	2022.06.01 17:04	modify	617	1.50	1.07130	1.07120	1.06635	0.00	4264.92
1430	2022.06.01 17:18	t/p	617	1.50	1.06635	1.07120	1.06635	742.50	5007.42
1431	2022.06.08 11:45	sell	618	0.99	1.06769	1.06970	1.06267	0.00	5007.42
1432	2022.06.08 12:27	buy	619	1.98	1.06921	1.06769	1.06970	0.00	5007.42
1433	2022.06.08 12:30	s/l	618	0.99	1.06970	1.06970	1.06267	-198.99	4808.43
1434	2022.06.08 12:30	t/p	619	1.98	1.06970	1.06769	1.06970	97.02	4905.45
1435	2022.06.21 09:45	buy	620	0.64	1.05279	1.05126	1.05662	0.00	4905.45
1436	2022.06.21 10:16	modify	620	0.64	1.05279	1.05289	1.05662	0.00	4905.45
1437	2022.06.21 11:19	t/p	620	0.64	1.05662	1.05289	1.05662	245.12	5150.57
1438	2022.06.22 16:00	buy	621	2.00	1.05310	1.05130	1.05760	0.00	5150.57
1439	2022.06.22 16:41	modify	621	2.00	1.05310	1.05320	1.05760	0.00	5150.57
1440	2022.06.22 17:37	t/p	621	2.00	1.05760	1.05320	1.05760	900.00	6050.57
1441	2022.06.27 10:00	buy	622	1.49	1.05686	1.05524	1.06091	0.00	6050.57
1442	2022.06.27 15:40	sell	623	2.98	1.05562	1.05686	1.05524	0.00	6050.57
1443	2022.06.27 15:57	s/l	623	2.98	1.05686	1.05686	1.05524	-369.52	5681.05
1444	2022.06.27 17:48	modify	622	1.49	1.05686	1.05696	1.06091	0.00	5681.05
1445	2022.06.27 18:15	t/p	622	1.49	1.06091	1.05696	1.06091	603.45	6284.50
1446	2022.06.28 11:30	buy	624	1.63	1.05880	1.05726	1.06265	0.00	6284.50
1447	2022.06.28 14:09	sell	625	3.26	1.05764	1.05880	1.05726	0.00	6284.50
1448	2022.06.28 14:23	s/l	625	3.26	1.05880	1.05880	1.05726	-378.16	5906.34
1449	2022.06.28 14:37	sell	626	3.26	1.05764	1.05880	1.05726	0.00	5906.34
1450	2022.06.28 14:52	s/l	624	1.63	1.05726	1.05726	1.06265	-251.02	5655.32
1451	2022.06.28 14:52	t/p	626	3.26	1.05726	1.05880	1.05726	123.88	5779.20
1452	2022.07.13 10:00	sell	627	0.75	1.00335	1.00488	0.99953	0.00	5779.20
1453	2022.07.13 10:00	s/l	627	0.75	1.00488	1.00488	0.99953	-114.75	5664.45
1454	2022.07.19 08:15	buy	628	0.59	1.01413	1.01223	1.01888	0.00	5664.45
1455	2022.07.19 10:00	modify	628	0.59	1.01413	1.01423	1.01888	0.00	5664.45
1456	2022.07.19 10:29	t/p	628	0.59	1.01888	1.01423	1.01888	280.25	5944.70
1457	2022.08.01 09:45	buy	629	2.68	1.02270	1.02115	1.02658	0.00	5944.70
1458	2022.08.01 11:33	modify	629	2.68	1.02270	1.02280	1.02658	0.00	5944.70
1459	2022.08.01 11:41	t/p	629	2.68	1.02658	1.02280	1.02658	1039.84	6984.54
1460	2022.08.03 16:15	sell	630	1.41	1.01762	1.01959	1.01270	0.00	6984.54
1461	2022.08.03 17:01	modify	630	1.41	1.01762	1.01752	1.01270	0.00	6984.54
1462	2022.08.03 17:35	t/p	630	1.41	1.01270	1.01752	1.01270	693.72	7678.26
1463	2022.08.08 14:15	buy	631	1.45	1.01999	1.01788	1.02527	0.00	7678.26
1464	2022.08.08 15:37	sell	632	2.90	1.01840	1.01999	1.01788	0.00	7678.26
1465	2022.08.08 16:00	s/l	632	2.90	1.01999	1.01999	1.01788	-461.10	7217.16
1466	2022.08.09 11:30	modify	631	1.45	1.01999	1.02009	1.02527	0.00	7217.16
1467	2022.08.10 14:53	t/p	631	1.45	1.02527	1.02009	1.02527	741.40	7958.56
1468	2022.08.11 09:15	buy	633	1.02	1.02897	1.02741	1.03287	0.00	7958.56
1469	2022.08.11 09:58	modify	633	1.02	1.02897	1.02907	1.03287	0.00	7958.56
1470	2022.08.11 10:33	t/p	633	1.02	1.03287	1.02907	1.03287	397.80	8356.36
1471	2022.08.17 09:15	sell	634	2.17	1.01733	1.01887	1.01348	0.00	8356.36
1472	2022.08.17 10:20	modify	634	2.17	1.01733	1.01723	1.01348	0.00	8356.36
1473	2022.08.17 11:27	s/l	634	2.17	1.01723	1.01723	1.01348	21.70	8378.06
1474	2022.08.17 14:30	sell	635	1.70	1.01597	1.01794	1.01105	0.00	8378.06
1475	2022.08.17 16:58	buy	636	3.40	1.01745	1.01597	1.01794	0.00	8378.06
1476	2022.08.17 17:04	s/l	635	1.70	1.01794	1.01794	1.01105	-334.90	8043.16
1477	2022.08.17 17:04	t/p	636	3.40	1.01794	1.01597	1.01794	166.60	8209.76
1478	2022.08.18 09:00	sell	637	0.50	1.01644	1.01806	1.01239	0.00	8209.76
1479	2022.08.18 13:09	s/l	637	0.50	1.01806	1.01806	1.01239	-81.00	8128.76
1480	2022.08.18 15:45	sell	638	0.34	1.01654	1.01889	1.01067	0.00	8128.76
1481	2022.08.18 16:45	modify	638	0.34	1.01654	1.01644	1.01067	0.00	8128.76
1482	2022.08.18 19:17	t/p	638	0.34	1.01067	1.01644	1.01067	199.58	8328.34
1483	2022.08.24 09:00	sell	639	3.15	0.99430	0.99615	0.98968	0.00	8328.34
1484	2022.08.24 10:23	buy	640	6.30	0.99569	0.99430	0.99615	0.00	8328.34
1485	2022.08.24 11:47	s/l	640	6.30	0.99430	0.99430	0.99615	-875.70	7452.64
1486	2022.08.24 12:14	buy	641	6.30	0.99569	0.99430	0.99615	0.00	7452.64
1487	2022.08.24 13:05	s/l	641	6.30	0.99430	0.99430	0.99615	-875.70	6576.94
1488	2022.08.24 15:45	modify	639	3.15	0.99430	0.99420	0.98968	0.00	6576.94
1489	2022.08.24 17:46	s/l	639	3.15	0.99420	0.99420	0.98968	31.50	6608.44
1490	2022.10.17 10:15	buy	642	1.46	0.97468	0.97288	0.97918	0.00	6608.44
1491	2022.10.17 11:29	sell	643	2.92	0.97332	0.97468	0.97288	0.00	6608.44
1492	2022.10.17 11:32	s/l	642	1.46	0.97288	0.97288	0.97918	-262.80	6345.64
1493	2022.10.17 11:32	t/p	643	2.92	0.97288	0.97468	0.97288	128.48	6474.12
1494	2022.10.25 11:15	buy	644	0.58	0.98730	0.98507	0.99288	0.00	6474.12
1495	2022.10.25 14:05	s/l	644	0.58	0.98507	0.98507	0.99288	-129.34	6344.78
1496	2022.10.25 16:00	buy	645	0.61	0.98748	0.98542	0.99263	0.00	6344.78
1497	2022.10.25 16:16	modify	645	0.61	0.98748	0.98758	0.99263	0.00	6344.78
1498	2022.10.25 16:24	t/p	645	0.61	0.99263	0.98758	0.99263	314.15	6658.93
1499	2022.11.01 11:15	sell	646	2.06	0.99183	0.99409	0.98618	0.00	6658.93
1500	2022.11.01 11:59	buy	647	4.12	0.99353	0.99183	0.99409	0.00	6658.93
1501	2022.11.01 12:26	s/l	646	2.06	0.99409	0.99409	0.98618	-465.56	6193.37
1502	2022.11.01 12:26	t/p	647	4.12	0.99409	0.99183	0.99409	230.72	6424.09
1503	2022.11.17 09:45	buy	648	0.34	1.03868	1.03681	1.04336	0.00	6424.09
1504	2022.11.17 11:34	s/l	648	0.34	1.03681	1.03681	1.04336	-63.58	6360.51
1505	2022.12.06 10:30	sell	649	0.56	1.04892	1.05116	1.04332	0.00	6360.51
1506	2022.12.06 13:20	s/l	649	0.56	1.05116	1.05116	1.04332	-125.44	6235.07
1507	2022.12.08 11:00	buy	650	0.38	1.05268	1.05104	1.05678	0.00	6235.07
1508	2022.12.08 11:20	s/l	650	0.38	1.05104	1.05104	1.05678	-62.32	6172.75
1509	2022.12.13 08:00	buy	651	0.70	1.05518	1.05342	1.05958	0.00	6172.75
1510	2022.12.13 10:49	s/l	651	0.70	1.05342	1.05342	1.05958	-123.20	6049.55
1511	2022.12.15 08:30	buy	652	0.39	1.06600	1.06447	1.06983	0.00	6049.55
1512	2022.12.15 09:44	s/l	652	0.39	1.06447	1.06447	1.06983	-59.67	5989.88
1513	2022.12.21 11:00	buy	653	0.60	1.06346	1.06147	1.06844	0.00	5989.88
1514	2022.12.21 11:37	s/l	653	0.60	1.06147	1.06147	1.06844	-119.40	5870.48
1515	2022.12.21 14:30	buy	654	0.68	1.06196	1.06025	1.06624	0.00	5870.48
1516	2022.12.21 16:44	s/l	654	0.68	1.06025	1.06025	1.06624	-116.28	5754.20
1517	2022.12.22 11:45	buy	655	0.38	1.06419	1.06269	1.06794	0.00	5754.20
1518	2022.12.22 13:00	s/l	655	0.38	1.06269	1.06269	1.06794	-57.00	5697.20
1519	2022.12.22 15:00	buy	656	0.25	1.06371	1.06147	1.06931	0.00	5697.20
1520	2022.12.22 15:34	s/l	656	0.25	1.06147	1.06147	1.06931	-56.00	5641.20
1521	2022.12.26 15:15	buy	657	0.70	1.06300	1.06141	1.06698	0.00	5641.20
1522	2022.12.27 04:01	modify	657	0.70	1.06300	1.06310	1.06698	0.00	5641.20
1523	2022.12.27 15:00	s/l	657	0.70	1.06310	1.06310	1.06698	1.16	5642.36
1524	2022.12.28 16:30	buy	658	1.76	1.06541	1.06317	1.07101	0.00	5642.36
1525	2022.12.28 17:31	sell	659	3.52	1.06372	1.06541	1.06317	0.00	5642.36
1526	2022.12.28 17:36	s/l	658	1.76	1.06317	1.06317	1.07101	-394.24	5248.12
1527	2022.12.28 17:37	t/p	659	3.52	1.06317	1.06541	1.06317	193.60	5441.72
1528	2023.01.04 15:30	buy	660	0.52	1.06138	1.05929	1.06661	0.00	5441.72
1529	2023.01.04 17:04	s/l	660	0.52	1.05929	1.05929	1.06661	-108.68	5333.04
1530	2023.01.05 08:15	buy	661	0.27	1.06197	1.06001	1.06687	0.00	5333.04
1531	2023.01.05 09:44	s/l	661	0.27	1.06001	1.06001	1.06687	-52.92	5280.12
1532	2023.01.05 11:45	buy	662	0.29	1.06257	1.06076	1.06710	0.00	5280.12
1533	2023.01.05 13:24	s/l	662	0.29	1.06076	1.06076	1.06710	-52.49	5227.63
1534	2023.01.11 11:30	buy	663	0.44	1.07468	1.07235	1.08051	0.00	5227.63
1535	2023.01.12 15:28	modify	663	0.44	1.07468	1.07478	1.08051	0.00	5227.63
1536	2023.01.12 15:28	t/p	663	0.44	1.08051	1.07478	1.08051	245.51	5473.13
1537	2023.01.17 09:45	buy	664	2.39	1.08260	1.08100	1.08660	0.00	5473.13
1538	2023.01.17 11:57	sell	665	4.78	1.08140	1.08260	1.08100	0.00	5473.13
1539	2023.01.17 12:00	s/l	665	4.78	1.08260	1.08260	1.08100	-573.60	4899.53
1540	2023.01.17 12:04	sell	666	4.78	1.08140	1.08260	1.08100	0.00	4899.53
1541	2023.01.17 12:28	s/l	664	2.39	1.08100	1.08100	1.08660	-382.40	4517.13
1542	2023.01.17 12:28	t/p	666	4.78	1.08100	1.08260	1.08100	191.20	4708.33
1543	2023.01.24 15:00	sell	667	0.50	1.08598	1.08784	1.08133	0.00	4708.33
1544	2023.01.24 15:26	s/l	667	0.50	1.08784	1.08784	1.08133	-93.00	4615.33
1545	2023.01.30 09:30	sell	668	0.61	1.08567	1.08718	1.08190	0.00	4615.33
1546	2023.01.30 10:00	s/l	668	0.61	1.08718	1.08718	1.08190	-92.11	4523.22
1547	2023.02.08 15:00	sell	669	0.51	1.07338	1.07513	1.06901	0.00	4523.22
1548	2023.02.09 10:23	s/l	669	0.51	1.07513	1.07513	1.06901	-85.37	4437.85
1549	2023.02.15 14:00	sell	670	0.58	1.07111	1.07263	1.06731	0.00	4437.85
1550	2023.02.15 15:30	modify	670	0.58	1.07111	1.07101	1.06731	0.00	4437.85
1551	2023.02.15 16:23	t/p	670	0.58	1.06731	1.07101	1.06731	220.40	4658.25
1552	2023.02.16 10:30	buy	671	0.87	1.07194	1.07007	1.07662	0.00	4658.25
1553	2023.02.16 10:48	sell	672	1.74	1.07053	1.07194	1.07007	0.00	4658.25
1554	2023.02.16 10:54	s/l	671	0.87	1.07007	1.07007	1.07662	-162.69	4495.56
1555	2023.02.16 11:23	t/p	672	1.74	1.07007	1.07194	1.07007	80.04	4575.60
1556	2023.02.20 15:45	buy	673	0.53	1.06855	1.06684	1.07283	0.00	4575.60
1557	2023.02.21 03:13	s/l	673	0.53	1.06684	1.06684	1.07283	-95.05	4480.55
1558	2023.02.21 16:00	sell	674	0.47	1.06529	1.06716	1.06062	0.00	4480.55
1559	2023.02.21 16:35	s/l	674	0.47	1.06716	1.06716	1.06062	-87.89	4392.66
1560	2023.02.23 09:30	sell	675	0.25	1.06124	1.06296	1.05694	0.00	4392.66
1561	2023.02.23 13:22	modify	675	0.25	1.06124	1.06114	1.05694	0.00	4392.66
1562	2023.02.23 14:29	s/l	675	0.25	1.06114	1.06114	1.05694	2.50	4395.16
1563	2023.03.09 16:00	buy	676	0.64	1.05744	1.05506	1.06339	0.00	4395.16
1564	2023.03.10 15:30	modify	676	0.64	1.05744	1.05754	1.06339	0.00	4395.16
1565	2023.03.10 15:42	t/p	676	0.64	1.06339	1.05754	1.06339	375.46	4770.62
1566	2023.03.14 11:45	buy	677	1.09	1.07069	1.06894	1.07507	0.00	4770.62
1567	2023.03.14 14:30	modify	677	1.09	1.07069	1.07079	1.07507	0.00	4770.62
1568	2023.03.14 14:35	s/l	677	1.09	1.07079	1.07079	1.07507	10.90	4781.52
1569	2023.03.16 11:30	sell	678	0.46	1.06092	1.06296	1.05582	0.00	4781.52
1570	2023.03.16 14:43	modify	678	0.46	1.06092	1.06082	1.05582	0.00	4781.52
1571	2023.03.16 15:15	s/l	678	0.46	1.06082	1.06082	1.05582	4.60	4786.12
1572	2023.03.27 10:30	sell	679	0.86	1.07620	1.07842	1.07065	0.00	4786.12
1573	2023.03.27 14:41	buy	680	1.72	1.07787	1.07620	1.07842	0.00	4786.12
1574	2023.03.27 16:24	s/l	679	0.86	1.07842	1.07842	1.07065	-190.92	4595.20
1575	2023.03.27 16:24	t/p	680	1.72	1.07842	1.07620	1.07842	94.60	4689.80
1576	2023.03.29 16:00	buy	681	0.55	1.08539	1.08370	1.08962	0.00	4689.80
1577	2023.03.29 16:23	s/l	681	0.55	1.08370	1.08370	1.08962	-92.95	4596.85
1578	2023.04.04 09:30	buy	682	0.48	1.08998	1.08810	1.09468	0.00	4596.85
1579	2023.04.04 10:52	modify	682	0.48	1.08998	1.09008	1.09468	0.00	4596.85
1580	2023.04.04 14:59	s/l	682	0.48	1.09008	1.09008	1.09468	4.80	4601.65
1581	2023.04.05 15:30	buy	683	1.94	1.09522	1.09356	1.09937	0.00	4601.65
1582	2023.04.05 16:39	sell	684	3.88	1.09397	1.09522	1.09356	0.00	4601.65
1583	2023.04.05 17:00	s/l	684	3.88	1.09522	1.09522	1.09356	-485.00	4116.65
1584	2023.04.05 17:09	sell	685	3.88	1.09397	1.09522	1.09356	0.00	4116.65
1585	2023.04.05 17:10	s/l	683	1.94	1.09356	1.09356	1.09937	-322.04	3794.61
1586	2023.04.05 17:10	t/p	685	3.88	1.09356	1.09522	1.09356	159.08	3953.69
1587	2023.04.10 14:30	sell	686	0.44	1.08936	1.09114	1.08491	0.00	3953.69
1588	2023.04.10 15:09	modify	686	0.44	1.08936	1.08926	1.08491	0.00	3953.69
1589	2023.04.10 15:59	t/p	686	0.44	1.08491	1.08926	1.08491	195.80	4149.49
1590	2023.04.11 10:15	buy	687	1.77	1.08954	1.08790	1.09364	0.00	4149.49
1591	2023.04.11 12:32	modify	687	1.77	1.08954	1.08964	1.09364	0.00	4149.49
1592	2023.04.11 20:12	s/l	687	1.77	1.08964	1.08964	1.09364	17.70	4167.19
1593	2023.04.19 10:45	sell	688	1.01	1.09581	1.09745	1.09171	0.00	4167.19
1594	2023.04.19 12:32	modify	688	1.01	1.09581	1.09571	1.09171	0.00	4167.19
1595	2023.04.19 16:07	s/l	688	1.01	1.09571	1.09571	1.09171	10.10	4177.29
1596	2023.05.02 11:00	sell	689	0.73	1.09858	1.10086	1.09288	0.00	4177.29
1597	2023.05.02 12:58	modify	689	0.73	1.09858	1.09848	1.09288	0.00	4177.29
1598	2023.05.02 17:35	s/l	689	0.73	1.09848	1.09848	1.09288	7.30	4184.59
1599	2023.05.10 11:00	sell	690	0.84	1.09646	1.09845	1.09149	0.00	4184.59
1600	2023.05.10 15:30	buy	691	1.68	1.09796	1.09646	1.09845	0.00	4184.59
1601	2023.05.10 15:31	s/l	690	0.84	1.09845	1.09845	1.09149	-167.16	4017.43
1602	2023.05.10 15:31	t/p	691	1.68	1.09845	1.09646	1.09845	82.32	4099.75
1603	2023.05.16 16:45	buy	692	0.50	1.08878	1.08717	1.09281	0.00	4099.75
1604	2023.05.16 17:04	s/l	692	0.50	1.08717	1.08717	1.09281	-80.50	4019.25
1605	2023.05.22 09:30	buy	693	0.50	1.08212	1.08053	1.08610	0.00	4019.25
1606	2023.05.22 10:13	s/l	693	0.50	1.08053	1.08053	1.08610	-79.50	3939.75
1607	2023.05.24 16:45	sell	694	0.41	1.07770	1.07961	1.07293	0.00	3939.75
1608	2023.05.25 00:03	modify	694	0.41	1.07770	1.07760	1.07293	0.00	3939.75
1609	2023.05.25 09:08	t/p	694	0.41	1.07293	1.07760	1.07293	198.69	4138.44
1610	2023.06.01 10:30	sell	695	0.88	1.06724	1.06887	1.06317	0.00	4138.44
1611	2023.06.01 11:54	buy	696	1.76	1.06847	1.06724	1.06887	0.00	4138.44
1612	2023.06.01 12:03	s/l	695	0.88	1.06887	1.06887	1.06317	-143.44	3995.00
1613	2023.06.01 12:03	t/p	696	1.76	1.06887	1.06724	1.06887	70.40	4065.40
1614	2023.06.15 11:00	buy	697	0.19	1.08272	1.08065	1.08790	0.00	4065.40
1615	2023.06.15 15:30	modify	697	0.19	1.08272	1.08282	1.08790	0.00	4065.40
1616	2023.06.15 15:41	t/p	697	0.19	1.08790	1.08282	1.08790	98.42	4163.82
1617	2023.06.21 16:00	buy	698	1.53	1.09252	1.09062	1.09727	0.00	4163.82
1618	2023.06.21 16:45	sell	699	3.06	1.09109	1.09252	1.09062	0.00	4163.82
1619	2023.06.21 16:54	s/l	699	3.06	1.09252	1.09252	1.09062	-437.58	3726.24
1620	2023.06.21 17:35	modify	698	1.53	1.09252	1.09262	1.09727	0.00	3726.24
1621	2023.06.21 19:51	t/p	698	1.53	1.09727	1.09262	1.09727	726.75	4452.99
1622	2023.07.06 16:30	buy	700	0.38	1.08860	1.08626	1.09445	0.00	4452.99
1623	2023.07.06 17:00	sell	701	0.76	1.08684	1.08860	1.08626	0.00	4452.99
1624	2023.07.06 17:06	s/l	700	0.38	1.08626	1.08626	1.09445	-88.92	4364.07
1625	2023.07.06 17:06	t/p	701	0.76	1.08626	1.08860	1.08626	44.08	4408.15
1626	2023.07.19 09:15	sell	702	0.45	1.12182	1.12377	1.11695	0.00	4408.15
1627	2023.07.19 12:18	s/l	702	0.45	1.12377	1.12377	1.11695	-87.75	4320.40
1628	2023.07.20 10:45	sell	703	0.20	1.12018	1.12230	1.11488	0.00	4320.40
1629	2023.07.20 17:09	modify	703	0.20	1.12018	1.12008	1.11488	0.00	4320.40
1630	2023.07.20 17:30	t/p	703	0.20	1.11488	1.12008	1.11488	106.00	4426.40
1631	2023.07.24 10:30	sell	704	1.24	1.11241	1.11490	1.10619	0.00	4426.40
1632	2023.07.24 10:32	modify	704	1.24	1.11241	1.11231	1.10619	0.00	4426.40
1633	2023.07.24 22:41	t/p	704	1.24	1.10619	1.11231	1.10619	771.28	5197.68
1634	2023.07.27 10:15	buy	705	0.50	1.11082	1.10878	1.11592	0.00	5197.68
1635	2023.07.27 11:56	modify	705	0.50	1.11082	1.11092	1.11592	0.00	5197.68
1636	2023.07.27 15:17	s/l	705	0.50	1.11092	1.11092	1.11592	5.00	5202.68
1637	2023.08.02 09:15	sell	706	1.30	1.09833	1.09993	1.09433	0.00	5202.68
1638	2023.08.02 09:47	buy	707	2.60	1.09955	1.09833	1.09993	0.00	5202.68
1639	2023.08.02 10:06	s/l	707	2.60	1.09833	1.09833	1.09993	-317.20	4885.48
1640	2023.08.02 10:35	buy	708	2.60	1.09954	1.09833	1.09993	0.00	4885.48
1641	2023.08.02 11:07	s/l	708	2.60	1.09833	1.09833	1.09993	-314.60	4570.88
1642	2023.08.02 15:40	modify	706	1.30	1.09833	1.09823	1.09433	0.00	4570.88
1643	2023.08.02 17:09	t/p	706	1.30	1.09433	1.09823	1.09433	520.00	5090.88
1644	2023.08.03 15:30	sell	709	0.44	1.09279	1.09508	1.08707	0.00	5090.88
1645	2023.08.03 15:40	buy	710	0.88	1.09451	1.09279	1.09508	0.00	5090.88
1646	2023.08.03 15:41	s/l	709	0.44	1.09508	1.09508	1.08707	-100.76	4990.12
1647	2023.08.03 15:41	t/p	710	0.88	1.09508	1.09279	1.09508	50.16	5040.28
1648	2023.08.29 10:30	buy	711	0.56	1.08241	1.08064	1.08684	0.00	5040.28
1649	2023.08.29 12:07	s/l	711	0.56	1.08064	1.08064	1.08684	-99.12	4941.16
1650	2023.09.12 16:00	sell	712	0.62	1.07073	1.07231	1.06678	0.00	4941.16
1651	2023.09.12 18:08	s/l	712	0.62	1.07231	1.07231	1.06678	-97.96	4843.20
1652	2023.09.20 16:15	buy	713	0.50	1.07094	1.06902	1.07574	0.00	4843.20
1653	2023.09.20 21:01	s/l	713	0.50	1.06902	1.06902	1.07574	-96.00	4747.20
1654	2023.09.25 15:00	sell	714	0.62	1.06305	1.06456	1.05928	0.00	4747.20
1655	2023.09.25 16:31	modify	714	0.62	1.06305	1.06295	1.05928	0.00	4747.20
1656	2023.09.25 17:07	t/p	714	0.62	1.05928	1.06295	1.05928	233.74	4980.94
1657	2023.10.10 11:15	buy	715	1.39	1.05824	1.05574	1.06449	0.00	4980.94
1658	2023.10.10 19:03	modify	715	1.39	1.05824	1.05834	1.06449	0.00	4980.94
1659	2023.10.11 15:30	s/l	715	1.39	1.05834	1.05834	1.06449	2.30	4983.24
1660	2023.11.02 10:45	buy	716	0.57	1.06065	1.05891	1.06500	0.00	4983.24
1661	2023.11.02 12:41	modify	716	0.57	1.06065	1.06075	1.06500	0.00	4983.24
1662	2023.11.02 14:14	t/p	716	0.57	1.06500	1.06075	1.06500	247.95	5231.19
1663	2023.11.21 16:15	buy	717	1.16	1.09548	1.09369	1.09996	0.00	5231.19
1664	2023.11.21 17:27	sell	718	2.32	1.09413	1.09548	1.09369	0.00	5231.19
1665	2023.11.21 17:53	s/l	717	1.16	1.09369	1.09369	1.09996	-207.64	5023.55
1666	2023.11.21 17:53	t/p	718	2.32	1.09369	1.09548	1.09369	102.08	5125.63
1667	2023.11.22 10:30	sell	719	0.48	1.09005	1.09216	1.08478	0.00	5125.63
1668	2023.11.22 17:00	modify	719	0.48	1.09005	1.08995	1.08478	0.00	5125.63
1669	2023.11.23 04:12	s/l	719	0.48	1.08995	1.08995	1.08478	8.45	5134.08
1670	2023.11.28 15:30	buy	720	2.15	1.09600	1.09433	1.10018	0.00	5134.08
1671	2023.11.28 17:04	modify	720	2.15	1.09600	1.09610	1.10018	0.00	5134.08
1672	2023.11.28 17:43	t/p	720	2.15	1.10018	1.09610	1.10018	898.70	6032.78
1673	2023.12.04 15:45	sell	721	1.48	1.08617	1.08780	1.08210	0.00	6032.78
1674	2023.12.04 16:12	modify	721	1.48	1.08617	1.08607	1.08210	0.00	6032.78
1675	2023.12.04 16:20	t/p	721	1.48	1.08210	1.08607	1.08210	602.36	6635.14
1676	2024.01.08 10:15	sell	722	1.45	1.09323	1.09506	1.08866	0.00	6635.14
1677	2024.01.08 13:11	buy	723	2.90	1.09461	1.09323	1.09506	0.00	6635.14
1678	2024.01.08 13:21	s/l	722	1.45	1.09506	1.09506	1.08866	-265.35	6369.79
1679	2024.01.08 13:21	t/p	723	2.90	1.09506	1.09323	1.09506	130.50	6500.29
1680	2024.01.09 11:15	sell	724	0.84	1.09385	1.09539	1.09000	0.00	6500.29
1681	2024.01.09 18:03	modify	724	0.84	1.09385	1.09375	1.09000	0.00	6500.29
1682	2024.01.09 19:27	s/l	724	0.84	1.09375	1.09375	1.09000	8.40	6508.69
1683	2024.01.15 15:15	sell	725	2.97	1.09459	1.09612	1.09077	0.00	6508.69
1684	2024.01.16 02:55	modify	725	2.97	1.09459	1.09449	1.09077	0.00	6508.69
1685	2024.01.16 10:32	t/p	725	2.97	1.09077	1.09449	1.09077	1142.07	7650.77
1686	2024.01.18 11:30	buy	726	0.78	1.08942	1.08747	1.09430	0.00	7650.77
1687	2024.01.18 14:43	sell	727	1.56	1.08795	1.08942	1.08747	0.00	7650.77
1688	2024.01.18 14:58	s/l	726	0.78	1.08747	1.08747	1.09430	-152.10	7498.67
1689	2024.01.18 14:58	t/p	727	1.56	1.08747	1.08942	1.08747	74.88	7573.55
1690	2024.01.24 11:15	buy	728	0.62	1.08847	1.08606	1.09450	0.00	7573.55
1691	2024.01.24 15:50	modify	728	0.62	1.08847	1.08857	1.09450	0.00	7573.55
1692	2024.01.24 21:19	s/l	728	0.62	1.08857	1.08857	1.09450	6.20	7579.75
1693	2024.02.29 16:15	buy	729	1.36	1.08463	1.08268	1.08951	0.00	7579.75
1694	2024.02.29 17:45	sell	730	2.72	1.08316	1.08463	1.08268	0.00	7579.75
1695	2024.02.29 17:52	s/l	729	1.36	1.08268	1.08268	1.08951	-265.20	7314.55
1696	2024.02.29 17:52	t/p	730	2.72	1.08268	1.08463	1.08268	130.56	7445.11
1697	2024.04.17 16:15	buy	731	0.95	1.06450	1.06294	1.06840	0.00	7445.11
1698	2024.04.17 20:58	modify	731	0.95	1.06450	1.06460	1.06840	0.00	7445.11
1699	2024.04.18 09:04	t/p	731	0.95	1.06840	1.06460	1.06840	346.72	7791.83
1700	2024.05.29 16:15	sell	732	2.88	1.08387	1.08576	1.07915	0.00	7791.83
1701	2024.05.29 18:31	modify	732	2.88	1.08387	1.08377	1.07915	0.00	7791.83
1702	2024.05.30 08:23	t/p	732	2.88	1.07915	1.08377	1.07915	1381.27	9173.10
1703	2024.07.08 09:45	buy	733	2.29	1.08286	1.08126	1.08686	0.00	9173.10
1704	2024.07.09 11:00	sell	734	4.58	1.08166	1.08286	1.08126	0.00	9173.10
1705	2024.07.09 13:35	s/l	734	4.58	1.08286	1.08286	1.08126	-549.60	8623.50
1706	2024.07.09 14:28	sell	735	4.58	1.08166	1.08286	1.08126	0.00	8623.50
1707	2024.07.09 14:39	s/l	733	2.29	1.08126	1.08126	1.08686	-385.51	8237.99
1708	2024.07.09 14:40	t/p	735	4.58	1.08126	1.08286	1.08126	183.20	8421.19
1709	2024.07.25 16:30	sell	736	0.51	1.08402	1.08567	1.07990	0.00	8421.19
1710	2024.07.25 17:50	s/l	736	0.51	1.08567	1.08567	1.07990	-84.15	8337.04
1711	2024.07.31 15:30	buy	737	0.95	1.08404	1.08230	1.08839	0.00	8337.04
1712	2024.07.31 17:47	s/l	737	0.95	1.08230	1.08230	1.08839	-165.30	8171.74
1713	2024.08.01 16:15	sell	738	0.38	1.07890	1.08102	1.07360	0.00	8171.74
1714	2024.08.01 17:00	s/l	738	0.38	1.08102	1.08102	1.07360	-80.56	8091.18
1715	2024.08.22 11:15	buy	739	0.39	1.11458	1.11253	1.11971	0.00	8091.18
1716	2024.08.22 16:45	s/l	739	0.39	1.11253	1.11253	1.11971	-79.95	8011.23
1717	2024.08.28 11:30	sell	740	0.93	1.11438	1.11610	1.11008	0.00	8011.23
1718	2024.08.28 14:57	modify	740	0.93	1.11438	1.11428	1.11008	0.00	8011.23
1719	2024.08.29 11:04	t/p	740	0.93	1.11008	1.11428	1.11008	406.98	8418.21
1720	2024.09.24 15:15	buy	741	3.40	1.11373	1.11200	1.11806	0.00	8418.21
1721	2024.09.24 17:28	modify	741	3.40	1.11373	1.11383	1.11806	0.00	8418.21
1722	2024.09.24 23:56	t/p	741	3.40	1.11806	1.11383	1.11806	1472.20	9890.41
1723	2024.09.26 16:15	sell	742	0.85	1.11409	1.11640	1.10832	0.00	9890.41
1724	2024.09.26 16:34	buy	743	1.70	1.11583	1.11409	1.11640	0.00	9890.41
1725	2024.09.26 16:47	s/l	743	1.70	1.11409	1.11409	1.11640	-295.80	9594.61
1726	2024.09.26 17:40	buy	744	1.70	1.11585	1.11409	1.11640	0.00	9594.61
1727	2024.09.26 17:43	s/l	742	0.85	1.11640	1.11640	1.10832	-196.35	9398.26
1728	2024.09.26 17:43	t/p	744	1.70	1.11640	1.11409	1.11640	93.50	9491.76
1729	2024.10.24 16:15	buy	745	0.60	1.08021	1.07865	1.08411	0.00	9491.76
1730	2024.10.24 21:50	modify	745	0.60	1.08021	1.08031	1.08411	0.00	9491.76
1731	2024.10.25 19:50	s/l	745	0.60	1.08031	1.08031	1.08411	0.99	9492.75
1732	2024.10.30 15:45	buy	746	3.09	1.08308	1.08093	1.08846	0.00	9492.75
1733	2024.10.30 17:44	modify	746	3.09	1.08308	1.08318	1.08846	0.00	9492.75
1734	2024.10.31 14:41	t/p	746	3.09	1.08846	1.08318	1.08846	1585.07	11077.82
1735	2024.10.31 16:30	buy	747	1.00	1.08715	1.08495	1.09265	0.00	11077.82
1736	2024.10.31 17:02	sell	748	2.00	1.08550	1.08715	1.08495	0.00	11077.82
1737	2024.10.31 17:51	s/l	747	1.00	1.08495	1.08495	1.09265	-220.00	10857.82
1738	2024.10.31 17:51	t/p	748	2.00	1.08495	1.08715	1.08495	110.00	10967.82
1739	2024.11.13 16:30	sell	749	1.05	1.06206	1.06413	1.05689	0.00	10967.82
1740	2024.11.13 16:52	modify	749	1.05	1.06206	1.06196	1.05689	0.00	10967.82
1741	2024.11.13 17:06	t/p	749	1.05	1.05689	1.06196	1.05689	542.85	11510.67
1742	2024.11.18 15:30	buy	750	4.50	1.05572	1.05393	1.06020	0.00	11510.67
1743	2024.11.18 18:58	modify	750	4.50	1.05572	1.05582	1.06020	0.00	11510.67
1744	2024.11.18 21:06	t/p	750	4.50	1.06020	1.05582	1.06020	2016.00	13526.67
1745	2024.11.21 16:15	sell	751	1.63	1.05245	1.05410	1.04833	0.00	13526.67
1746	2024.11.21 17:01	buy	752	3.26	1.05369	1.05245	1.05410	0.00	13526.67
1747	2024.11.21 17:08	s/l	751	1.63	1.05410	1.05410	1.04833	-268.95	13257.72
1748	2024.11.21 17:09	t/p	752	3.26	1.05410	1.05245	1.05410	133.66	13391.38
1749	2024.11.26 10:00	sell	753	1.72	1.04719	1.04874	1.04332	0.00	13391.38
1750	2024.11.26 10:21	s/l	753	1.72	1.04874	1.04874	1.04332	-266.60	13124.78
1751	2024.11.28 16:45	buy	754	0.86	1.05445	1.05294	1.05823	0.00	13124.78
1752	2024.11.29 02:36	modify	754	0.86	1.05445	1.05455	1.05823	0.00	13124.78
1753	2024.11.29 09:00	t/p	754	0.86	1.05823	1.05455	1.05823	317.90	13442.68
1754	2024.12.02 09:15	sell	755	4.33	1.05174	1.05391	1.04632	0.00	13442.68
1755	2024.12.02 14:13	buy	756	8.66	1.05337	1.05174	1.05391	0.00	13442.68
1756	2024.12.02 14:37	s/l	756	8.66	1.05174	1.05174	1.05391	-1411.58	12031.10
1757	2024.12.02 16:42	modify	755	4.33	1.05174	1.05164	1.04632	0.00	12031.10
1758	2024.12.02 17:02	t/p	755	4.33	1.04632	1.05164	1.04632	2346.86	14377.96
1759	2024.12.03 16:00	buy	757	3.75	1.05244	1.05091	1.05627	0.00	14377.96
1760	2024.12.03 17:00	sell	758	7.50	1.05127	1.05244	1.05091	0.00	14377.96
1761	2024.12.03 17:00	s/l	757	3.75	1.05091	1.05091	1.05627	-573.75	13804.21
1762	2024.12.03 17:00	t/p	758	7.50	1.05091	1.05244	1.05091	270.00	14074.21
1763	2024.12.04 10:45	sell	759	1.49	1.04980	1.05168	1.04510	0.00	14074.21
1764	2024.12.04 17:00	s/l	759	1.49	1.05168	1.05168	1.04510	-280.12	13794.09
1765	2024.12.05 11:45	buy	760	0.91	1.05342	1.05191	1.05720	0.00	13794.09
1766	2024.12.05 15:30	modify	760	0.91	1.05342	1.05352	1.05720	0.00	13794.09
1767	2024.12.05 16:00	t/p	760	0.91	1.05720	1.05352	1.05720	343.98	14138.07
1768	2025.01.02 11:45	sell	761	3.01	1.03557	1.03721	1.03147	0.00	14138.07
1769	2025.01.02 12:48	modify	761	3.01	1.03557	1.03547	1.03147	0.00	14138.07
1770	2025.01.02 12:49	t/p	761	3.01	1.03147	1.03547	1.03147	1234.10	15372.17
1771	2025.01.14 16:30	buy	762	2.58	1.02652	1.02414	1.03247	0.00	15372.17
1772	2025.01.14 18:16	modify	762	2.58	1.02652	1.02662	1.03247	0.00	15372.17
1773	2025.01.15 15:30	t/p	762	2.58	1.03247	1.02662	1.03247	1513.57	16885.75
1774	2025.01.27 09:45	buy	763	3.67	1.04703	1.04519	1.05163	0.00	16885.75
1775	2025.01.27 09:59	sell	764	7.34	1.04565	1.04703	1.04519	0.00	16885.75
1776	2025.01.27 10:13	s/l	764	7.34	1.04703	1.04703	1.04519	-1012.92	15872.83
1777	2025.01.27 12:05	modify	763	3.67	1.04703	1.04713	1.05163	0.00	15872.83
1778	2025.01.27 13:13	t/p	763	3.67	1.05163	1.04713	1.05163	1688.20	17561.03
1779	2025.01.30 11:15	sell	765	2.15	1.04097	1.04260	1.03690	0.00	17561.03
1780	2025.01.30 15:48	buy	766	4.30	1.04220	1.04097	1.04260	0.00	17561.03
1781	2025.01.30 15:53	s/l	765	2.15	1.04260	1.04260	1.03690	-350.45	17210.58
1782	2025.01.30 15:53	t/p	766	4.30	1.04260	1.04097	1.04260	172.00	17382.58
1783	2025.02.04 15:15	buy	767	2.25	1.03361	1.03207	1.03746	0.00	17382.58
1784	2025.02.04 16:18	modify	767	2.25	1.03361	1.03371	1.03746	0.00	17382.58
1785	2025.02.04 17:00	t/p	767	2.25	1.03746	1.03371	1.03746	866.25	18248.83
1786	2025.02.10 14:00	sell	768	8.18	1.03204	1.03360	1.02814	0.00	18248.83
1787	2025.02.11 04:34	modify	768	8.18	1.03204	1.03194	1.02814	0.00	18248.83
1788	2025.02.11 10:57	s/l	768	8.18	1.03194	1.03194	1.02814	102.54	18351.37
1789	2025.02.26 10:30	buy	769	3.72	1.05093	1.04896	1.05586	0.00	18351.37
1790	2025.02.26 10:47	sell	770	7.44	1.04944	1.05093	1.04896	0.00	18351.37
1791	2025.02.26 13:50	s/l	769	3.72	1.04896	1.04896	1.05586	-732.84	17618.53
1792	2025.02.26 13:50	t/p	770	7.44	1.04896	1.05093	1.04896	357.12	17975.65
1793	2025.03.12 16:45	buy	771	1.51	1.09028	1.08790	1.09623	0.00	17975.65
1794	2025.03.13 08:07	s/l	771	1.51	1.08790	1.08790	1.09623	-397.18	17578.47
1795	2025.03.13 09:45	sell	772	0.70	1.08621	1.08870	1.07999	0.00	17578.47
1796	2025.03.13 15:12	modify	772	0.70	1.08621	1.08611	1.07999	0.00	17578.47
1797	2025.03.13 16:03	s/l	772	0.70	1.08611	1.08611	1.07999	7.00	17585.47
1798	2025.03.17 15:00	buy	773	7.50	1.09018	1.08854	1.09428	0.00	17585.47
1799	2025.03.17 17:25	modify	773	7.50	1.09018	1.09028	1.09428	0.00	17585.47
1800	2025.03.18 10:11	t/p	773	7.50	1.09428	1.09028	1.09428	3012.42	20597.89
1801	2025.03.19 15:00	sell	774	4.81	1.09014	1.09185	1.08587	0.00	20597.89
1802	2025.03.19 17:58	modify	774	4.81	1.09014	1.09004	1.08587	0.00	20597.89
1803	2025.03.19 20:36	s/l	774	4.81	1.09004	1.09004	1.08587	48.10	20645.99
1804	2025.03.24 14:00	sell	775	4.34	1.08320	1.08510	1.07845	0.00	20645.99
1805	2025.03.24 15:51	modify	775	4.34	1.08320	1.08310	1.07845	0.00	20645.99
1806	2025.03.24 18:41	t/p	775	4.34	1.07845	1.08310	1.07845	2061.50	22707.49
1807	2025.03.25 16:15	sell	776	4.03	1.08051	1.08276	1.07489	0.00	22707.49
1808	2025.03.26 15:29	modify	776	4.03	1.08051	1.08041	1.07489	0.00	22707.49
1809	2025.03.26 21:17	t/p	776	4.03	1.07489	1.08041	1.07489	2275.08	24982.57
1810	2025.03.27 15:45	buy	777	2.34	1.07959	1.07746	1.08492	0.00	24982.57
1811	2025.03.27 15:53	sell	778	4.68	1.07799	1.07959	1.07746	0.00	24982.57
1812	2025.03.27 17:17	s/l	778	4.68	1.07959	1.07959	1.07746	-748.80	24233.77
1813	2025.03.28 10:20	sell	779	4.68	1.07798	1.07959	1.07746	0.00	24233.77
1814	2025.03.28 11:03	s/l	777	2.34	1.07746	1.07746	1.08492	-517.94	23715.83
1815	2025.03.28 11:20	t/p	779	4.68	1.07746	1.07959	1.07746	243.36	23959.19
1816	2025.03.31 14:15	buy	780	2.66	1.08255	1.08075	1.08705	0.00	23959.19
1817	2025.03.31 15:42	s/l	780	2.66	1.08075	1.08075	1.08705	-478.80	23480.39
1818	2025.04.17 10:45	buy	781	1.22	1.13697	1.13505	1.14177	0.00	23480.39
1819	2025.04.17 15:16	s/l	781	1.22	1.13505	1.13505	1.14177	-234.24	23246.15
1820	2025.04.29 10:45	buy	782	2.27	1.14052	1.13848	1.14562	0.00	23246.15
1821	2025.04.29 11:13	s/l	782	2.27	1.13848	1.13848	1.14562	-463.08	22783.07
1822	2025.04.29 15:30	buy	783	2.44	1.13862	1.13676	1.14327	0.00	22783.07
1823	2025.04.29 16:18	modify	783	2.44	1.13862	1.13872	1.14327	0.00	22783.07
1824	2025.04.29 17:47	s/l	783	2.44	1.13872	1.13872	1.14327	24.40	22807.47
1825	2025.04.30 10:30	sell	784	7.53	1.13797	1.14009	1.13267	0.00	22807.47
1826	2025.04.30 18:21	modify	784	7.53	1.13797	1.13787	1.13267	0.00	22807.47
1827	2025.04.30 18:30	t/p	784	7.53	1.13267	1.13787	1.13267	3990.90	26798.37
1828	2025.05.01 15:00	sell	785	2.35	1.13197	1.13425	1.12627	0.00	26798.37
1829	2025.05.01 15:31	buy	786	4.70	1.13369	1.13197	1.13425	0.00	26798.37
1830	2025.05.01 15:43	s/l	786	4.70	1.13197	1.13197	1.13425	-808.40	25989.97
1831	2025.05.01 17:20	modify	785	2.35	1.13197	1.13187	1.12627	0.00	25989.97
1832	2025.05.02 09:10	s/l	785	2.35	1.13187	1.13187	1.12627	29.46	26019.43
1833	2025.05.14 09:30	buy	787	6.15	1.11946	1.11777	1.12369	0.00	26019.43
1834	2025.05.14 10:13	sell	788	12.30	1.11819	1.11946	1.11777	0.00	26019.43
1835	2025.05.14 10:27	s/l	788	12.30	1.11946	1.11946	1.11777	-1562.10	24457.33
1836	2025.05.14 11:03	modify	787	6.15	1.11946	1.11956	1.12369	0.00	24457.33
1837	2025.05.14 11:07	t/p	787	6.15	1.12369	1.11956	1.12369	2601.45	27058.78
1838	2025.05.15 09:30	buy	789	2.19	1.12077	1.11831	1.12692	0.00	27058.78
1839	2025.05.15 14:33	sell	790	4.38	1.11889	1.12077	1.11831	0.00	27058.78
1840	2025.05.15 14:34	s/l	789	2.19	1.11831	1.11831	1.12692	-538.74	26520.04
1841	2025.05.15 14:34	t/p	790	4.38	1.11831	1.12077	1.11831	254.04	26774.08
1842	2025.05.22 15:45	sell	791	1.12	1.12926	1.13164	1.12331	0.00	26774.08
1843	2025.05.22 20:28	modify	791	1.12	1.12926	1.12916	1.12331	0.00	26774.08
1844	2025.05.23 03:24	s/l	791	1.12	1.12916	1.12916	1.12331	14.04	26788.12
1845	2025.05.27 09:15	buy	792	8.18	1.13874	1.13645	1.14447	0.00	26788.12
1846	2025.05.27 09:53	sell	793	16.36	1.13701	1.13874	1.13645	0.00	26788.12
1847	2025.05.27 09:59	s/l	792	8.18	1.13645	1.13645	1.14447	-1873.22	24914.90
1848	2025.05.27 09:59	t/p	793	16.36	1.13645	1.13874	1.13645	916.16	25831.06
1849	2025.05.28 14:00	sell	794	3.07	1.13254	1.13422	1.12834	0.00	25831.06
1850	2025.05.28 16:11	modify	794	3.07	1.13254	1.13244	1.12834	0.00	25831.06
1851	2025.05.29 02:10	t/p	794	3.07	1.12834	1.13244	1.12834	1312.76	27143.81
1852	2025.06.05 10:15	buy	795	6.25	1.14189	1.14037	1.14569	0.00	27143.81
1853	2025.06.05 15:30	modify	795	6.25	1.14189	1.14199	1.14569	0.00	27143.81
1854	2025.06.05 15:50	s/l	795	6.25	1.14199	1.14199	1.14569	62.50	27206.31
1855	2025.06.10 10:00	sell	796	4.90	1.13940	1.14162	1.13385	0.00	27206.31
1856	2025.06.10 11:57	buy	797	9.80	1.14108	1.13940	1.14162	0.00	27206.31
1857	2025.06.10 12:41	s/l	796	4.90	1.14162	1.14162	1.13385	-1087.80	26118.51
1858	2025.06.10 12:41	t/p	797	9.80	1.14162	1.13940	1.14162	529.20	26647.71
1859	2025.06.16 08:15	buy	798	3.31	1.15458	1.15297	1.15861	0.00	26647.71
1860	2025.06.16 09:51	modify	798	3.31	1.15458	1.15468	1.15861	0.00	26647.71
1861	2025.06.16 16:00	t/p	798	3.31	1.15861	1.15468	1.15861	1333.93	27981.64
1862	2025.06.18 11:30	sell	799	12.63	1.15033	1.15188	1.14646	0.00	27981.64
1863	2025.06.18 15:25	buy	800	25.26	1.15150	1.15033	1.15188	0.00	27981.64
1864	2025.06.18 15:46	s/l	800	25.26	1.15033	1.15033	1.15188	-2955.42	25026.22
1865	2025.06.18 17:04	buy	801	25.26	1.15151	1.15033	1.15188	0.00	25026.22
1866	2025.06.18 17:04	s/l	799	12.63	1.15188	1.15188	1.14646	-1957.65	23068.57
1867	2025.06.18 17:04	t/p	801	25.26	1.15188	1.15033	1.15188	934.62	24003.19
1868	2025.07.09 10:45	sell	802	2.38	1.17098	1.17299	1.16596	0.00	24003.19
1869	2025.07.10 02:39	s/l	802	2.38	1.17299	1.17299	1.16596	-460.27	23542.92
1870	2025.07.17 09:15	sell	803	1.23	1.16080	1.16271	1.15603	0.00	23542.92
1871	2025.07.17 09:30	modify	803	1.23	1.16080	1.16070	1.15603	0.00	23542.92
1872	2025.07.17 15:30	t/p	803	1.23	1.15603	1.16070	1.15603	586.71	24129.63
1873	2025.07.22 16:45	buy	804	7.44	1.16990	1.16763	1.17558	0.00	24129.63
1874	2025.07.22 18:16	modify	804	7.44	1.16990	1.17000	1.17558	0.00	24129.63
1875	2025.07.22 19:07	t/p	804	7.44	1.17558	1.17000	1.17558	4225.92	28355.55
1876	2025.08.21 16:45	sell	805	3.15	1.16334	1.16514	1.15884	0.00	28355.55
1877	2025.08.21 17:45	modify	805	3.15	1.16334	1.16324	1.15884	0.00	28355.55
1878	2025.08.22 07:21	t/p	805	3.15	1.15884	1.16324	1.15884	1425.49	29781.04
1879	2025.08.26 09:15	sell	806	7.39	1.16297	1.16458	1.15895	0.00	29781.04
1880	2025.08.26 10:12	modify	806	7.39	1.16297	1.16287	1.15895	0.00	29781.04
1881	2025.08.26 12:12	s/l	806	7.39	1.16287	1.16287	1.15895	73.90	29854.94
1882	2025.09.03 15:45	sell	807	7.90	1.16452	1.16603	1.16075	0.00	29854.94
1883	2025.09.03 17:00	buy	808	15.80	1.16568	1.16452	1.16603	0.00	29854.94
1884	2025.09.03 17:00	s/l	807	7.90	1.16603	1.16603	1.16075	-1192.90	28662.04
1885	2025.09.03 17:00	t/p	808	15.80	1.16603	1.16452	1.16603	553.00	29215.04
1886	2025.09.29 15:00	buy	809	2.62	1.17293	1.17070	1.17851	0.00	29215.04
1887	2025.10.01 08:00	modify	809	2.62	1.17293	1.17303	1.17851	0.00	29215.04
1888	2025.10.01 13:02	s/l	809	2.62	1.17303	1.17303	1.17851	-17.52	29197.52
1889	2025.10.01 15:15	sell	810	3.08	1.17234	1.17423	1.16762	0.00	29197.52
1890	2025.10.01 15:15	s/l	810	3.08	1.17423	1.17423	1.16762	-582.12	28615.40
1891	2025.10.02 10:15	buy	811	1.46	1.17516	1.17321	1.18004	0.00	28615.40
1892	2025.10.02 16:39	s/l	811	1.46	1.17321	1.17321	1.18004	-284.70	28330.70
1893	2025.10.09 09:15	sell	812	1.63	1.16299	1.16472	1.15867	0.00	28330.70
1894	2025.10.09 11:35	modify	812	1.63	1.16299	1.16289	1.15867	0.00	28330.70
1895	2025.10.09 17:22	t/p	812	1.63	1.15867	1.16289	1.15867	704.16	29034.86
1896	2025.10.14 09:30	sell	813	9.91	1.15710	1.15915	1.15198	0.00	29034.86
1897	2025.10.14 17:34	buy	814	19.82	1.15864	1.15710	1.15915	0.00	29034.86
1898	2025.10.14 17:40	s/l	813	9.91	1.15915	1.15915	1.15198	-2031.55	27003.31
1899	2025.10.14 17:40	t/p	814	19.82	1.15915	1.15710	1.15915	1010.82	28014.13
1900	2025.10.15 16:45	buy	815	2.96	1.16272	1.16083	1.16745	0.00	28014.13
1901	2025.10.16 03:27	modify	815	2.96	1.16272	1.16282	1.16745	0.00	28014.13
1902	2025.10.16 04:51	t/p	815	2.96	1.16745	1.16282	1.16745	1325.99	29340.11
1903	2025.10.27 10:45	buy	816	12.83	1.16315	1.16155	1.16715	0.00	29340.11
1904	2025.10.28 02:20	modify	816	12.83	1.16315	1.16325	1.16715	0.00	29340.11
1905	2025.10.28 15:07	s/l	816	12.83	1.16325	1.16325	1.16715	21.25	29361.36
1906	2025.10.28 16:30	buy	817	4.91	1.16557	1.16318	1.17155	0.00	29361.36
1907	2025.10.29 05:41	sell	818	9.82	1.16377	1.16557	1.16318	0.00	29361.36
1908	2025.10.29 06:55	s/l	817	4.91	1.16318	1.16318	1.17155	-1214.46	28146.90
1909	2025.10.29 06:55	t/p	818	9.82	1.16318	1.16557	1.16318	579.38	28726.28
1910	2025.11.10 09:45	buy	819	3.00	1.15705	1.15514	1.16183	0.00	28726.28
1911	2025.11.10 17:41	s/l	819	3.00	1.15514	1.15514	1.16183	-573.00	28153.28
1912	2025.11.19 15:45	sell	820	3.09	1.15749	1.15931	1.15294	0.00	28153.28
1913	2025.11.19 17:10	modify	820	3.09	1.15749	1.15739	1.15294	0.00	28153.28
1914	2025.11.19 19:26	t/p	820	3.09	1.15294	1.15739	1.15294	1405.95	29559.23
1915	2025.12.01 09:30	buy	821	10.89	1.16082	1.15892	1.16557	0.00	29559.23
1916	2025.12.01 14:37	modify	821	10.89	1.16082	1.16092	1.16557	0.00	29559.23
1917	2025.12.01 21:11	s/l	821	10.89	1.16092	1.16092	1.16557	108.90	29668.13
1918	2025.12.16 16:00	buy	822	5.67	1.17758	1.17549	1.18281	0.00	29668.13
1919	2025.12.16 20:02	sell	823	11.34	1.17601	1.17758	1.17549	0.00	29668.13
1920	2025.12.16 20:07	s/l	822	5.67	1.17549	1.17549	1.18281	-1185.03	28483.10
1921	2025.12.16 20:11	t/p	823	11.34	1.17549	1.17758	1.17549	589.68	29072.78
1922	2025.12.24 11:00	buy	824	2.65	1.17995	1.17776	1.18543	0.00	29072.78
1923	2025.12.24 16:55	s/l	824	2.65	1.17776	1.17776	1.18543	-580.35	28492.43
1924	2026.01.12 15:15	buy	825	3.39	1.16925	1.16757	1.17345	0.00	28492.43
1925	2026.01.12 16:29	s/l	825	3.39	1.16757	1.16757	1.17345	-569.52	27922.91
1926	2026.01.19 09:15	buy	826	3.24	1.16400	1.16228	1.16830	0.00	27922.91
1927	2026.01.19 10:07	s/l	826	3.24	1.16228	1.16228	1.16830	-557.28	27365.63
1928	2026.01.29 15:00	buy	827	1.48	1.19613	1.19429	1.20073	0.00	27365.63
1929	2026.01.29 15:49	s/l	827	1.48	1.19429	1.19429	1.20073	-272.32	27093.31
1930	2026.02.04 16:15	sell	828	2.70	1.18076	1.18276	1.17576	0.00	27093.31
1931	2026.02.05 23:02	modify	828	2.70	1.18076	1.18066	1.17576	0.00	27093.31
1932	2026.02.06 15:49	s/l	828	2.70	1.18066	1.18066	1.17576	54.39	27147.70
1933	2026.02.18 16:00	sell	829	7.75	1.18236	1.18481	1.17624	0.00	27147.70
1934	2026.02.18 20:47	modify	829	7.75	1.18236	1.18226	1.17624	0.00	27147.70
1935	2026.02.19 15:04	t/p	829	7.75	1.17624	1.18226	1.17624	4801.96	31949.66
1936	2026.02.25 16:00	sell	830	6.79	1.17734	1.17922	1.17264	0.00	31949.66
1937	2026.02.25 16:46	buy	831	13.58	1.17875	1.17734	1.17922	0.00	31949.66
1938	2026.02.25 17:07	s/l	830	6.79	1.17922	1.17922	1.17264	-1276.52	30673.14
1939	2026.02.25 17:07	t/p	831	13.58	1.17922	1.17734	1.17922	638.26	31311.40
1940	2026.03.17 09:15	buy	832	3.91	1.14885	1.14725	1.15285	0.00	31311.40
1941	2026.03.17 10:48	modify	832	3.91	1.14885	1.14895	1.15285	0.00	31311.40
1942	2026.03.17 15:00	t/p	832	3.91	1.15285	1.14895	1.15285	1564.00	32875.40
