1	2010.01.19 09:15	sell	1	1.01	1.43931	1.44128	1.43439	0.00	10000.00
2	2010.01.19 10:45	modify	1	1.01	1.43931	1.43921	1.43439	0.00	10000.00
3	2010.01.19 11:00	t/p	1	1.01	1.43439	1.43921	1.43439	496.92	10496.92
4	2010.02.15 14:00	sell	2	4.05	1.36095	1.36276	1.35643	0.00	10496.92
5	2010.02.15 16:47	modify	2	4.05	1.36095	1.36085	1.35643	0.00	10496.92
6	2010.02.15 17:39	s/l	2	4.05	1.36085	1.36085	1.35643	40.50	10537.42
7	2010.02.16 11:30	buy	3	1.80	1.36601	1.36368	1.37184	0.00	10537.42
8	2010.02.16 12:40	sell	4	3.60	1.36424	1.36601	1.36368	0.00	10537.42
9	2010.02.16 13:05	s/l	4	3.60	1.36601	1.36601	1.36368	-637.20	9900.22
10	2010.02.16 13:37	sell	5	3.60	1.36423	1.36601	1.36368	0.00	9900.22
11	2010.02.16 13:38	s/l	3	1.80	1.36368	1.36368	1.37184	-419.40	9480.82
12	2010.02.16 13:38	t/p	5	3.60	1.36368	1.36601	1.36368	198.00	9678.82
13	2010.03.08 15:00	buy	6	1.07	1.36653	1.36473	1.37103	0.00	9678.82
14	2010.03.08 16:31	sell	7	2.14	1.36510	1.36653	1.36473	0.00	9678.82
15	2010.03.08 16:32	s/l	6	1.07	1.36473	1.36473	1.37103	-192.60	9486.22
16	2010.03.08 16:32	t/p	7	2.14	1.36473	1.36653	1.36473	79.18	9565.40
17	2010.03.10 08:00	sell	8	0.89	1.35826	1.36040	1.35291	0.00	9565.40
18	2010.03.10 09:00	modify	8	0.89	1.35826	1.35816	1.35291	0.00	9565.40
19	2010.03.10 10:14	s/l	8	0.89	1.35816	1.35816	1.35291	8.90	9574.30
20	2010.03.10 15:00	buy	9	3.01	1.36154	1.35932	1.36709	0.00	9574.30
21	2010.03.10 16:52	modify	9	3.01	1.36154	1.36164	1.36709	0.00	9574.30
22	2010.03.10 17:03	t/p	9	3.01	1.36709	1.36164	1.36709	1670.55	11244.85
23	2010.03.11 09:30	buy	10	1.16	1.36425	1.36232	1.36908	0.00	11244.85
24	2010.03.11 14:30	modify	10	1.16	1.36425	1.36435	1.36908	0.00	11244.85
25	2010.03.11 14:44	s/l	10	1.16	1.36435	1.36435	1.36908	11.60	11256.45
26	2010.03.16 08:00	sell	11	2.52	1.36831	1.37009	1.36386	0.00	11256.45
27	2010.03.16 11:00	buy	12	5.04	1.36967	1.36831	1.37009	0.00	11256.45
28	2010.03.16 11:00	s/l	11	2.52	1.37009	1.37009	1.36386	-448.56	10807.89
29	2010.03.16 11:00	t/p	12	5.04	1.37009	1.36831	1.37009	211.68	11019.57
30	2010.04.05 08:00	sell	13	1.13	1.34992	1.35186	1.34507	0.00	11019.57
31	2010.04.05 08:34	modify	13	1.13	1.34992	1.34982	1.34507	0.00	11019.57
32	2010.04.05 15:14	s/l	13	1.13	1.34982	1.34982	1.34507	11.30	11030.87
33	2010.06.30 09:45	sell	14	3.84	1.22160	1.22361	1.21658	0.00	11030.87
34	2010.06.30 10:14	buy	15	7.68	1.22311	1.22160	1.22361	0.00	11030.87
35	2010.06.30 10:37	s/l	15	7.68	1.22160	1.22160	1.22361	-1159.68	9871.19
36	2010.06.30 11:17	buy	16	7.68	1.22313	1.22160	1.22361	0.00	9871.19
37	2010.06.30 11:17	s/l	14	3.84	1.22361	1.22361	1.21658	-771.84	9099.35
38	2010.06.30 11:17	t/p	16	7.68	1.22361	1.22160	1.22361	368.64	9467.99
39	2010.08.18 09:45	sell	17	0.91	1.28290	1.28497	1.27773	0.00	9467.99
40	2010.08.18 09:49	buy	18	1.82	1.28447	1.28290	1.28497	0.00	9467.99
41	2010.08.18 09:51	s/l	17	0.91	1.28497	1.28497	1.27773	-188.37	9279.62
42	2010.08.18 09:51	t/p	18	1.82	1.28497	1.28290	1.28497	91.00	9370.62
43	2010.08.30 08:15	buy	19	0.95	1.27451	1.27254	1.27944	0.00	9370.62
44	2010.08.30 08:49	sell	20	1.90	1.27302	1.27451	1.27254	0.00	9370.62
45	2010.08.30 08:58	s/l	19	0.95	1.27254	1.27254	1.27944	-187.15	9183.47
46	2010.08.30 08:58	t/p	20	1.90	1.27254	1.27451	1.27254	91.20	9274.67
47	2010.09.01 10:00	buy	21	0.87	1.27200	1.26987	1.27733	0.00	9274.67
48	2010.09.01 10:44	modify	21	0.87	1.27200	1.27210	1.27733	0.00	9274.67
49	2010.09.01 11:27	t/p	21	0.87	1.27733	1.27210	1.27733	463.71	9738.38
50	2010.09.06 15:00	buy	22	3.34	1.28850	1.28646	1.29360	0.00	9738.38
51	2010.09.07 00:41	sell	23	6.68	1.28697	1.28850	1.28646	0.00	9738.38
52	2010.09.07 01:04	s/l	22	3.34	1.28646	1.28646	1.29360	-709.23	9029.15
53	2010.09.07 01:04	t/p	23	6.68	1.28646	1.28850	1.28646	340.68	9369.83
54	2010.09.20 08:45	buy	24	0.92	1.30852	1.30650	1.31357	0.00	9369.83
55	2010.09.20 09:35	modify	24	0.92	1.30852	1.30862	1.31357	0.00	9369.83
56	2010.09.20 13:57	s/l	24	0.92	1.30862	1.30862	1.31357	9.20	9379.03
57	2010.12.22 08:30	sell	25	3.45	1.31303	1.31493	1.30828	0.00	9379.03
58	2010.12.22 09:13	buy	26	6.90	1.31446	1.31303	1.31493	0.00	9379.03
59	2010.12.22 10:04	s/l	26	6.90	1.31303	1.31303	1.31493	-986.70	8392.33
60	2010.12.22 10:39	buy	27	6.90	1.31447	1.31303	1.31493	0.00	8392.33
61	2010.12.22 10:43	s/l	25	3.45	1.31493	1.31493	1.30828	-655.50	7736.83
62	2010.12.22 10:43	t/p	27	6.90	1.31493	1.31303	1.31493	317.40	8054.23
63	2010.12.27 15:00	buy	28	0.70	1.31514	1.31285	1.32087	0.00	8054.23
64	2010.12.27 18:40	sell	29	1.40	1.31336	1.31514	1.31285	0.00	8054.23
65	2010.12.27 19:01	s/l	28	0.70	1.31285	1.31285	1.32087	-160.30	7893.93
66	2010.12.27 19:01	t/p	29	1.40	1.31285	1.31514	1.31285	71.40	7965.33
67	2010.12.29 11:30	sell	30	0.66	1.31229	1.31468	1.30632	0.00	7965.33
68	2010.12.29 14:00	buy	31	1.32	1.31409	1.31229	1.31468	0.00	7965.33
69	2010.12.29 17:33	s/l	30	0.66	1.31468	1.31468	1.30632	-157.74	7807.59
70	2010.12.29 17:33	t/p	31	1.32	1.31468	1.31229	1.31468	77.88	7885.47
71	2011.02.09 09:30	buy	32	0.65	1.36507	1.36265	1.37112	0.00	7885.47
72	2011.02.09 10:08	sell	33	1.30	1.36322	1.36507	1.36265	0.00	7885.47
73	2011.02.09 10:47	s/l	33	1.30	1.36507	1.36507	1.36265	-240.50	7644.97
74	2011.02.09 11:47	sell	34	1.30	1.36311	1.36507	1.36265	0.00	7644.97
75	2011.02.09 11:48	s/l	32	0.65	1.36265	1.36265	1.37112	-157.30	7487.67
76	2011.02.09 11:48	t/p	34	1.30	1.36265	1.36507	1.36265	59.80	7547.47
77	2011.03.08 08:30	buy	35	0.72	1.39830	1.39622	1.40350	0.00	7547.47
78	2011.03.08 08:38	sell	36	1.44	1.39673	1.39830	1.39622	0.00	7547.47
79	2011.03.08 08:39	s/l	35	0.72	1.39622	1.39622	1.40350	-149.76	7397.71
80	2011.03.08 08:39	t/p	36	1.44	1.39622	1.39830	1.39622	73.44	7471.15
81	2011.03.23 10:15	sell	37	0.65	1.41753	1.41980	1.41186	0.00	7471.15
82	2011.03.23 10:37	buy	38	1.30	1.41924	1.41753	1.41980	0.00	7471.15
83	2011.03.23 11:15	s/l	37	0.65	1.41980	1.41980	1.41186	-147.55	7323.60
84	2011.03.23 11:15	t/p	38	1.30	1.41980	1.41753	1.41980	72.80	7396.40
85	2011.03.30 08:15	sell	39	0.87	1.40821	1.40990	1.40399	0.00	7396.40
86	2011.03.30 10:08	buy	40	1.74	1.40949	1.40821	1.40990	0.00	7396.40
87	2011.03.30 10:08	s/l	39	0.87	1.40990	1.40990	1.40399	-147.03	7249.37
88	2011.03.30 10:08	t/p	40	1.74	1.40990	1.40821	1.40990	71.34	7320.71
89	2011.04.05 08:15	sell	41	0.96	1.41931	1.42083	1.41551	0.00	7320.71
90	2011.04.05 08:30	modify	41	0.96	1.41931	1.41921	1.41551	0.00	7320.71
91	2011.04.05 09:18	s/l	41	0.96	1.41921	1.41921	1.41551	9.60	7330.31
92	2011.04.12 08:15	sell	42	3.12	1.43919	1.44083	1.43509	0.00	7330.31
93	2011.04.12 09:10	buy	43	6.24	1.44045	1.43919	1.44083	0.00	7330.31
94	2011.04.12 09:11	s/l	42	3.12	1.44083	1.44083	1.43509	-511.68	6818.63
95	2011.04.12 09:11	t/p	43	6.24	1.44083	1.43919	1.44083	237.12	7055.75
96	2011.08.22 08:30	sell	44	0.91	1.43580	1.43735	1.43193	0.00	7055.75
97	2011.08.22 09:07	buy	45	1.82	1.43698	1.43580	1.43735	0.00	7055.75
98	2011.08.22 09:07	s/l	44	0.91	1.43735	1.43735	1.43193	-141.05	6914.70
99	2011.08.22 09:07	t/p	45	1.82	1.43735	1.43580	1.43735	67.34	6982.04
100	2011.08.24 08:15	buy	46	0.60	1.44161	1.43930	1.44739	0.00	6982.04
101	2011.08.24 09:21	sell	47	1.20	1.43987	1.44161	1.43930	0.00	6982.04
102	2011.08.24 10:00	s/l	46	0.60	1.43930	1.43930	1.44739	-138.60	6843.44
103	2011.08.24 10:00	t/p	47	1.20	1.43930	1.44161	1.43930	68.40	6911.84
104	2011.09.08 10:30	sell	48	0.34	1.40645	1.40843	1.40150	0.00	6911.84
105	2011.09.08 12:49	modify	48	0.34	1.40645	1.40635	1.40150	0.00	6911.84
106	2011.09.08 13:35	t/p	48	0.34	1.40150	1.40635	1.40150	168.30	7080.14
107	2011.12.08 08:15	buy	49	1.41	1.34176	1.34001	1.34614	0.00	7080.14
108	2011.12.08 10:01	sell	50	2.82	1.34042	1.34176	1.34001	0.00	7080.14
109	2011.12.08 10:05	s/l	49	1.41	1.34001	1.34001	1.34614	-246.75	6833.39
110	2011.12.08 10:05	t/p	50	2.82	1.34001	1.34176	1.34001	115.62	6949.01
111	2011.12.19 08:45	sell	51	0.70	1.30068	1.30264	1.29578	0.00	6949.01
112	2011.12.19 09:06	buy	52	1.40	1.30216	1.30068	1.30264	0.00	6949.01
113	2011.12.19 09:07	s/l	51	0.70	1.30264	1.30264	1.29578	-137.20	6811.81
114	2011.12.19 09:07	t/p	52	1.40	1.30264	1.30068	1.30264	67.20	6879.01
115	2011.12.19 15:15	sell	53	0.65	1.30218	1.30428	1.29693	0.00	6879.01
116	2011.12.19 21:54	modify	53	0.65	1.30218	1.30208	1.29693	0.00	6879.01
117	2011.12.20 09:35	s/l	53	0.65	1.30208	1.30208	1.29693	8.15	6887.16
118	2012.03.07 08:00	sell	54	3.09	1.31391	1.31547	1.31001	0.00	6887.16
119	2012.03.07 11:21	buy	55	6.18	1.31509	1.31391	1.31547	0.00	6887.16
120	2012.03.07 11:22	s/l	54	3.09	1.31547	1.31547	1.31001	-482.04	6405.12
121	2012.03.07 11:22	t/p	55	6.18	1.31547	1.31391	1.31547	234.84	6639.96
122	2012.03.08 09:00	buy	56	0.42	1.31786	1.31631	1.32174	0.00	6639.96
123	2012.03.08 09:51	sell	57	0.84	1.31669	1.31786	1.31631	0.00	6639.96
124	2012.03.08 10:13	s/l	57	0.84	1.31786	1.31786	1.31631	-98.28	6541.68
125	2012.03.08 10:31	modify	56	0.42	1.31786	1.31796	1.32174	0.00	6541.68
126	2012.03.08 10:36	t/p	56	0.42	1.32174	1.31796	1.32174	162.96	6704.64
127	2012.03.29 08:15	buy	58	1.13	1.33281	1.33074	1.33799	0.00	6704.64
128	2012.03.29 11:02	sell	59	2.26	1.33124	1.33281	1.33074	0.00	6704.64
129	2012.03.29 11:06	s/l	58	1.13	1.33074	1.33074	1.33799	-233.91	6470.73
130	2012.03.29 11:06	t/p	59	2.26	1.33074	1.33281	1.33074	113.00	6583.73
131	2012.04.03 08:15	buy	60	0.66	1.33466	1.33269	1.33959	0.00	6583.73
132	2012.04.03 10:28	sell	61	1.32	1.33318	1.33466	1.33269	0.00	6583.73
133	2012.04.03 11:14	s/l	61	1.32	1.33466	1.33466	1.33269	-195.36	6388.37
134	2012.04.03 13:14	sell	62	1.32	1.33316	1.33466	1.33269	0.00	6388.37
135	2012.04.03 13:16	s/l	60	0.66	1.33269	1.33269	1.33959	-130.02	6258.35
136	2012.04.03 13:16	t/p	62	1.32	1.33269	1.33466	1.33269	62.04	6320.39
137	2012.04.09 15:15	sell	63	0.63	1.30563	1.30761	1.30068	0.00	6320.39
138	2012.04.09 15:54	buy	64	1.26	1.30714	1.30563	1.30761	0.00	6320.39
139	2012.04.09 16:31	s/l	63	0.63	1.30761	1.30761	1.30068	-124.74	6195.65
140	2012.04.09 16:31	t/p	64	1.26	1.30761	1.30563	1.30761	59.22	6254.87
141	2012.04.12 10:45	buy	65	0.25	1.31315	1.31066	1.31938	0.00	6254.87
142	2012.04.12 11:09	sell	66	0.50	1.31123	1.31315	1.31066	0.00	6254.87
143	2012.04.12 11:09	s/l	65	0.25	1.31066	1.31066	1.31938	-62.25	6192.62
144	2012.04.12 11:09	t/p	66	0.50	1.31066	1.31315	1.31066	28.50	6221.12
145	2012.04.17 09:15	buy	67	0.56	1.31100	1.30879	1.31653	0.00	6221.12
146	2012.04.17 09:55	modify	67	0.56	1.31100	1.31110	1.31653	0.00	6221.12
147	2012.04.17 11:00	t/p	67	0.56	1.31653	1.31110	1.31653	309.68	6530.80
148	2012.04.18 14:45	sell	68	2.24	1.30804	1.31008	1.30294	0.00	6530.80
149	2012.04.18 15:52	buy	69	4.48	1.30959	1.30804	1.31008	0.00	6530.80
150	2012.04.18 16:35	s/l	68	2.24	1.31008	1.31008	1.30294	-456.96	6073.84
151	2012.04.18 16:35	t/p	69	4.48	1.31008	1.30804	1.31008	219.52	6293.36
152	2012.04.19 11:30	buy	70	0.34	1.31388	1.31203	1.31851	0.00	6293.36
153	2012.04.19 12:16	sell	71	0.68	1.31248	1.31388	1.31203	0.00	6293.36
154	2012.04.19 12:23	s/l	70	0.34	1.31203	1.31203	1.31851	-62.90	6230.46
155	2012.04.19 12:23	t/p	71	0.68	1.31203	1.31388	1.31203	30.60	6261.06
156	2012.04.26 15:30	buy	72	0.28	1.32181	1.31963	1.32726	0.00	6261.06
157	2012.04.26 16:16	modify	72	0.28	1.32181	1.32191	1.32726	0.00	6261.06
158	2012.04.26 23:00	s/l	72	0.28	1.32191	1.32191	1.32726	2.80	6263.86
159	2012.05.10 10:15	sell	73	0.90	1.29446	1.29688	1.28841	0.00	6263.86
160	2012.05.10 14:08	buy	74	1.80	1.29628	1.29446	1.29688	0.00	6263.86
161	2012.05.10 15:12	s/l	73	0.90	1.29688	1.29688	1.28841	-217.80	6046.06
162	2012.05.10 15:12	t/p	74	1.80	1.29688	1.29446	1.29688	108.00	6154.06
163	2012.05.17 08:45	sell	75	0.28	1.27264	1.27480	1.26724	0.00	6154.06
164	2012.05.17 12:19	modify	75	0.28	1.27264	1.27254	1.26724	0.00	6154.06
165	2012.05.17 13:26	t/p	75	0.28	1.26724	1.27254	1.26724	151.20	6305.26
166	2012.05.22 09:15	buy	76	2.86	1.27961	1.27807	1.28346	0.00	6305.26
167	2012.05.22 10:42	sell	77	5.72	1.27844	1.27961	1.27807	0.00	6305.26
168	2012.05.22 10:43	s/l	76	2.86	1.27807	1.27807	1.28346	-440.44	5864.82
169	2012.05.22 10:43	t/p	77	5.72	1.27807	1.27961	1.27807	211.64	6076.46
170	2012.05.29 11:45	sell	78	0.51	1.25401	1.25635	1.24816	0.00	6076.46
171	2012.05.29 17:36	modify	78	0.51	1.25401	1.25391	1.24816	0.00	6076.46
172	2012.05.29 17:45	t/p	78	0.51	1.24816	1.25391	1.24816	298.35	6374.81
173	2012.06.19 08:30	sell	79	2.27	1.25960	1.26156	1.25470	0.00	6374.81
174	2012.06.19 09:06	buy	80	4.54	1.26111	1.25960	1.26156	0.00	6374.81
175	2012.06.19 09:16	s/l	79	2.27	1.26156	1.26156	1.25470	-444.92	5929.89
176	2012.06.19 09:16	t/p	80	4.54	1.26156	1.25960	1.26156	204.30	6134.19
177	2012.06.26 09:00	sell	81	0.53	1.25010	1.25240	1.24435	0.00	6134.19
178	2012.06.26 09:30	buy	82	1.06	1.25183	1.25010	1.25240	0.00	6134.19
179	2012.06.26 09:39	s/l	81	0.53	1.25240	1.25240	1.24435	-121.90	6012.29
180	2012.06.26 09:39	t/p	82	1.06	1.25240	1.25010	1.25240	60.42	6072.71
181	2012.06.27 08:45	sell	83	0.78	1.24880	1.25035	1.24493	0.00	6072.71
182	2012.06.27 09:29	buy	84	1.56	1.24997	1.24880	1.25035	0.00	6072.71
183	2012.06.27 11:09	s/l	84	1.56	1.24880	1.24880	1.25035	-182.52	5890.19
184	2012.06.27 12:32	buy	85	1.56	1.24997	1.24880	1.25035	0.00	5890.19
185	2012.06.27 13:29	s/l	85	1.56	1.24880	1.24880	1.25035	-182.52	5707.67
186	2012.06.27 15:09	modify	83	0.78	1.24880	1.24870	1.24493	0.00	5707.67
187	2012.06.27 17:18	t/p	83	0.78	1.24493	1.24870	1.24493	301.86	6009.53
188	2012.07.11 10:15	sell	86	2.69	1.22620	1.22776	1.22230	0.00	6009.53
189	2012.07.11 10:40	buy	87	5.38	1.22738	1.22620	1.22776	0.00	6009.53
190	2012.07.11 10:41	s/l	86	2.69	1.22776	1.22776	1.22230	-419.64	5589.89
191	2012.07.11 10:41	t/p	87	5.38	1.22776	1.22620	1.22776	204.44	5794.33
192	2012.07.16 09:30	buy	88	0.63	1.22370	1.22188	1.22825	0.00	5794.33
193	2012.07.16 10:21	sell	89	1.26	1.22231	1.22370	1.22188	0.00	5794.33
194	2012.07.16 10:45	s/l	88	0.63	1.22188	1.22188	1.22825	-114.66	5679.67
195	2012.07.16 10:45	t/p	89	1.26	1.22188	1.22370	1.22188	54.18	5733.85
196	2012.07.18 09:15	buy	90	0.71	1.22915	1.22754	1.23318	0.00	5733.85
197	2012.07.18 09:40	sell	91	1.42	1.22794	1.22915	1.22754	0.00	5733.85
198	2012.07.18 10:09	s/l	90	0.71	1.22754	1.22754	1.23318	-114.31	5619.54
199	2012.07.18 10:09	t/p	91	1.42	1.22754	1.22915	1.22754	56.80	5676.34
200	2012.07.31 09:45	buy	92	0.57	1.22778	1.22579	1.23276	0.00	5676.34
201	2012.07.31 09:59	sell	93	1.14	1.22627	1.22778	1.22579	0.00	5676.34
202	2012.07.31 10:05	s/l	92	0.57	1.22579	1.22579	1.23276	-113.43	5562.91
203	2012.07.31 10:05	t/p	93	1.14	1.22579	1.22778	1.22579	54.72	5617.63
204	2012.07.31 11:00	sell	94	0.54	1.22571	1.22777	1.22056	0.00	5617.63
205	2012.07.31 11:52	buy	95	1.08	1.22726	1.22571	1.22777	0.00	5617.63
206	2012.07.31 11:56	s/l	94	0.54	1.22777	1.22777	1.22056	-111.24	5506.39
207	2012.07.31 11:56	t/p	95	1.08	1.22777	1.22571	1.22777	55.08	5561.47
208	2012.08.08 11:30	sell	96	0.50	1.23711	1.23933	1.23156	0.00	5561.47
209	2012.08.08 14:13	modify	96	0.50	1.23711	1.23701	1.23156	0.00	5561.47
210	2012.08.08 17:12	s/l	96	0.50	1.23701	1.23701	1.23156	5.00	5566.47
211	2012.08.09 09:15	sell	97	0.79	1.23620	1.23866	1.23005	0.00	5566.47
212	2012.08.09 12:03	modify	97	0.79	1.23620	1.23610	1.23005	0.00	5566.47
213	2012.08.09 13:24	t/p	97	0.79	1.23005	1.23610	1.23005	485.85	6052.32
214	2012.08.13 09:45	sell	98	1.28	1.22776	1.22964	1.22306	0.00	6052.32
215	2012.08.13 10:34	buy	99	2.56	1.22919	1.22776	1.22964	0.00	6052.32
216	2012.08.13 11:00	s/l	98	1.28	1.22964	1.22964	1.22306	-240.64	5811.68
217	2012.08.13 11:00	t/p	99	2.56	1.22964	1.22776	1.22964	115.20	5926.88
218	2012.08.15 11:45	sell	100	0.70	1.23236	1.23403	1.22819	0.00	5926.88
219	2012.08.15 12:09	modify	100	0.70	1.23236	1.23226	1.22819	0.00	5926.88
220	2012.08.15 12:20	t/p	100	0.70	1.22819	1.23226	1.22819	291.90	6218.78
221	2012.08.20 08:15	buy	101	2.06	1.23483	1.23272	1.24011	0.00	6218.78
222	2012.08.20 12:01	sell	102	4.12	1.23324	1.23483	1.23272	0.00	6218.78
223	2012.08.20 12:02	s/l	101	2.06	1.23272	1.23272	1.24011	-434.66	5784.12
224	2012.08.20 12:02	t/p	102	4.12	1.23272	1.23483	1.23272	214.24	5998.36
225	2012.08.28 08:15	sell	103	0.74	1.24795	1.24957	1.24390	0.00	5998.36
226	2012.08.28 09:48	buy	104	1.48	1.24918	1.24795	1.24957	0.00	5998.36
227	2012.08.28 09:49	s/l	103	0.74	1.24957	1.24957	1.24390	-119.88	5878.48
228	2012.08.28 09:49	t/p	104	1.48	1.24957	1.24795	1.24957	57.72	5936.20
229	2012.09.03 09:15	buy	105	0.62	1.25800	1.25609	1.26278	0.00	5936.20
230	2012.09.03 11:03	sell	106	1.24	1.25656	1.25800	1.25609	0.00	5936.20
231	2012.09.03 16:55	s/l	106	1.24	1.25800	1.25800	1.25609	-178.56	5757.64
232	2012.09.03 17:16	modify	105	0.62	1.25800	1.25810	1.26278	0.00	5757.64
233	2012.09.04 01:07	s/l	105	0.62	1.25810	1.25810	1.26278	1.03	5758.67
234	2012.10.02 08:30	buy	107	2.47	1.29130	1.28967	1.29538	0.00	5758.67
235	2012.10.02 08:38	sell	108	4.94	1.29007	1.29130	1.28967	0.00	5758.67
236	2012.10.02 08:58	s/l	107	2.47	1.28967	1.28967	1.29538	-402.61	5356.06
237	2012.10.02 08:58	t/p	108	4.94	1.28967	1.29130	1.28967	197.60	5553.66
238	2012.10.03 08:15	sell	109	0.57	1.28867	1.29059	1.28387	0.00	5553.66
239	2012.10.03 09:41	buy	110	1.14	1.29014	1.28867	1.29059	0.00	5553.66
240	2012.10.03 09:41	s/l	109	0.57	1.29059	1.29059	1.28387	-109.44	5444.22
241	2012.10.03 09:41	t/p	110	1.14	1.29059	1.28867	1.29059	51.30	5495.52
242	2012.10.11 08:00	sell	111	0.26	1.28581	1.28788	1.28064	0.00	5495.52
243	2012.10.11 09:36	buy	112	0.52	1.28737	1.28581	1.28788	0.00	5495.52
244	2012.10.11 10:10	s/l	111	0.26	1.28788	1.28788	1.28064	-53.82	5441.70
245	2012.10.11 10:10	t/p	112	0.52	1.28788	1.28581	1.28788	26.52	5468.22
246	2012.10.15 08:15	sell	113	0.65	1.29007	1.29174	1.28590	0.00	5468.22
247	2012.10.15 08:39	buy	114	1.30	1.29133	1.29007	1.29174	0.00	5468.22
248	2012.10.15 08:51	s/l	113	0.65	1.29174	1.29174	1.28590	-108.55	5359.67
249	2012.10.15 08:53	t/p	114	1.30	1.29174	1.29007	1.29174	53.30	5412.97
250	2012.10.18 10:45	buy	115	0.26	1.31033	1.30827	1.31548	0.00	5412.97
251	2012.10.18 16:16	sell	116	0.52	1.30878	1.31033	1.30827	0.00	5412.97
252	2012.10.18 16:17	s/l	115	0.26	1.30827	1.30827	1.31548	-53.56	5359.41
253	2012.10.18 16:17	t/p	116	0.52	1.30827	1.31033	1.30827	26.52	5385.93
254	2012.10.22 09:15	sell	117	0.48	1.30396	1.30619	1.29839	0.00	5385.93
255	2012.10.22 11:18	buy	118	0.96	1.30565	1.30396	1.30619	0.00	5385.93
256	2012.10.22 12:13	s/l	117	0.48	1.30619	1.30619	1.29839	-107.04	5278.89
257	2012.10.22 12:13	t/p	118	0.96	1.30619	1.30396	1.30619	51.84	5330.73
258	2012.10.25 11:30	buy	119	0.28	1.30147	1.29960	1.30615	0.00	5330.73
259	2012.10.25 12:18	sell	120	0.56	1.30005	1.30147	1.29960	0.00	5330.73
260	2012.10.25 12:50	s/l	119	0.28	1.29960	1.29960	1.30615	-52.36	5278.37
261	2012.10.25 12:50	t/p	120	0.56	1.29960	1.30147	1.29960	25.20	5303.57
262	2012.11.01 08:15	sell	121	0.27	1.29467	1.29662	1.28980	0.00	5303.57
263	2012.11.01 12:43	buy	122	0.54	1.29618	1.29467	1.29662	0.00	5303.57
264	2012.11.01 13:32	s/l	121	0.27	1.29662	1.29662	1.28980	-52.65	5250.92
265	2012.11.01 13:32	t/p	122	0.54	1.29662	1.29467	1.29662	23.76	5274.68
266	2012.11.06 16:15	sell	123	0.67	1.27995	1.28151	1.27605	0.00	5274.68
267	2012.11.06 17:31	buy	124	1.34	1.28113	1.27995	1.28151	0.00	5274.68
268	2012.11.06 17:37	s/l	123	0.67	1.28151	1.28151	1.27605	-104.52	5170.16
269	2012.11.06 17:37	t/p	124	1.34	1.28151	1.27995	1.28151	50.92	5221.08
270	2012.11.14 08:45	buy	125	0.55	1.27217	1.27029	1.27687	0.00	5221.08
271	2012.11.14 10:52	modify	125	0.55	1.27217	1.27227	1.27687	0.00	5221.08
272	2012.11.14 20:00	t/p	125	0.55	1.27687	1.27227	1.27687	258.50	5479.58
273	2012.11.28 10:30	sell	126	1.82	1.29182	1.29392	1.28657	0.00	5479.58
274	2012.11.28 14:19	modify	126	1.82	1.29182	1.29172	1.28657	0.00	5479.58
275	2012.11.28 16:36	s/l	126	1.82	1.29172	1.29172	1.28657	18.20	5497.78
276	2012.11.29 09:00	buy	127	0.48	1.29636	1.29409	1.30204	0.00	5497.78
277	2012.11.29 13:47	modify	127	0.48	1.29636	1.29646	1.30204	0.00	5497.78
278	2012.11.29 17:41	s/l	127	0.48	1.29646	1.29646	1.30204	4.80	5502.58
279	2012.12.11 10:30	buy	128	0.99	1.29587	1.29366	1.30140	0.00	5502.58
280	2012.12.11 12:50	modify	128	0.99	1.29587	1.29597	1.30140	0.00	5502.58
281	2012.12.11 19:41	t/p	128	0.99	1.30140	1.29597	1.30140	547.47	6050.05
282	2013.01.09 10:30	sell	129	1.36	1.30796	1.30973	1.30354	0.00	6050.05
283	2013.01.09 12:42	modify	129	1.36	1.30796	1.30786	1.30354	0.00	6050.05
284	2013.01.09 17:56	s/l	129	1.36	1.30786	1.30786	1.30354	13.60	6063.65
285	2013.01.17 08:45	sell	130	0.55	1.32862	1.33081	1.32315	0.00	6063.65
286	2013.01.17 09:01	buy	131	1.10	1.33027	1.32862	1.33081	0.00	6063.65
287	2013.01.17 09:03	s/l	130	0.55	1.33081	1.33081	1.32315	-120.45	5943.20
288	2013.01.17 09:08	t/p	131	1.10	1.33081	1.32862	1.33081	59.40	6002.60
289	2013.01.21 08:45	sell	132	0.75	1.33176	1.33335	1.32779	0.00	6002.60
290	2013.01.21 10:44	buy	133	1.50	1.33298	1.33176	1.33335	0.00	6002.60
291	2013.01.21 11:01	s/l	133	1.50	1.33176	1.33176	1.33335	-183.00	5819.60
292	2013.01.22 05:00	buy	134	1.50	1.33302	1.33176	1.33335	0.00	5819.60
293	2013.01.22 05:00	s/l	132	0.75	1.33335	1.33335	1.32779	-117.35	5702.25
294	2013.01.22 05:00	t/p	134	1.50	1.33335	1.33176	1.33335	49.50	5751.75
295	2013.01.29 09:45	buy	135	0.51	1.34542	1.34319	1.35100	0.00	5751.75
296	2013.01.29 10:53	sell	136	1.02	1.34372	1.34542	1.34319	0.00	5751.75
297	2013.01.29 11:20	s/l	136	1.02	1.34542	1.34542	1.34319	-173.40	5578.35
298	2013.01.29 11:39	sell	137	1.02	1.34374	1.34542	1.34319	0.00	5578.35
299	2013.01.29 11:46	s/l	135	0.51	1.34319	1.34319	1.35100	-113.73	5464.62
300	2013.01.29 11:46	t/p	137	1.02	1.34319	1.34542	1.34319	56.10	5520.72
301	2013.02.12 08:45	sell	138	0.50	1.33733	1.33953	1.33183	0.00	5520.72
302	2013.02.12 10:01	buy	139	1.00	1.33900	1.33733	1.33953	0.00	5520.72
303	2013.02.12 10:01	s/l	138	0.50	1.33953	1.33953	1.33183	-110.00	5410.72
304	2013.02.12 10:01	t/p	139	1.00	1.33953	1.33733	1.33953	53.00	5463.72
305	2013.02.18 08:15	sell	140	0.59	1.33366	1.33549	1.32909	0.00	5463.72
306	2013.02.18 10:22	buy	141	1.18	1.33504	1.33366	1.33549	0.00	5463.72
307	2013.02.18 10:22	s/l	140	0.59	1.33549	1.33549	1.32909	-107.97	5355.75
308	2013.02.18 10:22	t/p	141	1.18	1.33549	1.33366	1.33549	53.10	5408.85
309	2013.02.19 11:00	sell	142	0.62	1.33427	1.33600	1.32995	0.00	5408.85
310	2013.02.19 11:00	buy	143	1.24	1.33560	1.33427	1.33600	0.00	5408.85
311	2013.02.19 11:00	s/l	142	0.62	1.33600	1.33600	1.32995	-107.26	5301.59
312	2013.02.19 11:00	t/p	143	1.24	1.33600	1.33427	1.33600	49.60	5351.19
313	2013.03.05 09:00	buy	144	0.46	1.30469	1.30240	1.31042	0.00	5351.19
314	2013.03.05 11:44	sell	145	0.92	1.30266	1.30469	1.30240	0.00	5351.19
315	2013.03.05 11:44	s/l	144	0.46	1.30240	1.30240	1.31042	-105.34	5245.85
316	2013.03.05 11:44	t/p	145	0.92	1.30240	1.30469	1.30240	23.92	5269.77
317	2013.03.11 09:30	sell	146	0.65	1.30037	1.30199	1.29632	0.00	5269.77
318	2013.03.11 16:13	buy	147	1.30	1.30159	1.30037	1.30199	0.00	5269.77
319	2013.03.11 18:03	s/l	146	0.65	1.30199	1.30199	1.29632	-105.30	5164.47
320	2013.03.11 18:03	t/p	147	1.30	1.30199	1.30037	1.30199	52.00	5216.47
321	2013.03.19 08:30	sell	148	0.50	1.29425	1.29630	1.28913	0.00	5216.47
322	2013.03.19 13:20	buy	149	1.00	1.29579	1.29425	1.29630	0.00	5216.47
323	2013.03.19 13:36	s/l	149	1.00	1.29425	1.29425	1.29630	-154.00	5062.47
324	2013.03.19 16:37	modify	148	0.50	1.29425	1.29415	1.28913	0.00	5062.47
325	2013.03.19 16:57	t/p	148	0.50	1.28913	1.29415	1.28913	256.00	5318.47
326	2013.03.28 09:45	sell	150	0.90	1.27897	1.28103	1.27382	0.00	5318.47
327	2013.03.28 09:58	modify	150	0.90	1.27897	1.27887	1.27382	0.00	5318.47
328	2013.03.28 11:18	s/l	150	0.90	1.27887	1.27887	1.27382	9.00	5327.47
329	2013.04.03 14:00	buy	151	0.93	1.28289	1.28061	1.28859	0.00	5327.47
330	2013.04.03 16:15	modify	151	0.93	1.28289	1.28299	1.28859	0.00	5327.47
331	2013.04.04 07:05	s/l	151	0.93	1.28299	1.28299	1.28859	-13.98	5313.49
332	2013.04.15 10:00	sell	152	0.52	1.30742	1.30946	1.30232	0.00	5313.49
333	2013.04.15 14:18	buy	153	1.04	1.30901	1.30742	1.30946	0.00	5313.49
334	2013.04.15 14:18	s/l	152	0.52	1.30946	1.30946	1.30232	-106.08	5207.41
335	2013.04.15 14:18	t/p	153	1.04	1.30946	1.30742	1.30946	46.80	5254.21
336	2013.04.22 08:15	sell	154	0.62	1.30575	1.30743	1.30155	0.00	5254.21
337	2013.04.22 09:01	buy	155	1.24	1.30704	1.30575	1.30743	0.00	5254.21
338	2013.04.22 09:04	s/l	154	0.62	1.30743	1.30743	1.30155	-104.16	5150.05
339	2013.04.22 09:04	t/p	155	1.24	1.30743	1.30575	1.30743	48.36	5198.41
340	2013.04.22 09:30	sell	156	0.47	1.30554	1.30774	1.30004	0.00	5198.41
341	2013.04.22 14:54	modify	156	0.47	1.30554	1.30544	1.30004	0.00	5198.41
342	2013.04.22 18:40	s/l	156	0.47	1.30544	1.30544	1.30004	4.70	5203.11
343	2013.04.24 14:30	sell	157	1.70	1.29957	1.30170	1.29425	0.00	5203.11
344	2013.04.24 16:28	buy	158	3.40	1.30119	1.29957	1.30170	0.00	5203.11
345	2013.04.24 16:35	s/l	158	3.40	1.29957	1.29957	1.30170	-550.80	4652.31
346	2013.04.24 19:05	buy	159	3.40	1.30121	1.29957	1.30170	0.00	4652.31
347	2013.04.24 19:05	s/l	157	1.70	1.30170	1.30170	1.29425	-362.10	4290.21
348	2013.04.24 19:05	t/p	159	3.40	1.30170	1.29957	1.30170	166.60	4456.81
349	2013.04.25 10:15	buy	160	0.25	1.30423	1.30246	1.30866	0.00	4456.81
350	2013.04.25 11:00	modify	160	0.25	1.30423	1.30433	1.30866	0.00	4456.81
351	2013.04.25 14:15	t/p	160	0.25	1.30866	1.30433	1.30866	110.75	4567.56
352	2013.04.29 08:15	buy	161	1.86	1.30577	1.30406	1.31005	0.00	4567.56
353	2013.04.29 09:24	modify	161	1.86	1.30577	1.30587	1.31005	0.00	4567.56
354	2013.04.29 14:03	t/p	161	1.86	1.31005	1.30587	1.31005	796.08	5363.64
355	2013.04.30 15:15	buy	162	1.05	1.30853	1.30649	1.31363	0.00	5363.64
356	2013.04.30 15:35	modify	162	1.05	1.30853	1.30863	1.31363	0.00	5363.64
357	2013.04.30 15:40	t/p	162	1.05	1.31363	1.30863	1.31363	535.50	5899.14
358	2013.05.02 10:15	buy	163	0.59	1.31676	1.31478	1.32171	0.00	5899.14
359	2013.05.02 13:44	sell	164	1.18	1.31524	1.31676	1.31478	0.00	5899.14
360	2013.05.02 13:45	s/l	163	0.59	1.31478	1.31478	1.32171	-116.82	5782.32
361	2013.05.02 13:45	t/p	164	1.18	1.31478	1.31676	1.31478	54.28	5836.60
362	2013.05.06 10:45	sell	165	0.76	1.31067	1.31220	1.30685	0.00	5836.60
363	2013.05.06 16:24	modify	165	0.76	1.31067	1.31057	1.30685	0.00	5836.60
364	2013.05.06 16:26	t/p	165	0.76	1.30685	1.31057	1.30685	290.32	6126.92
365	2013.05.14 09:15	buy	166	2.68	1.30125	1.29965	1.30525	0.00	6126.92
366	2013.05.14 09:30	sell	167	5.36	1.30001	1.30125	1.29965	0.00	6126.92
367	2013.05.14 09:30	s/l	166	2.68	1.29965	1.29965	1.30525	-428.80	5698.12
368	2013.05.14 09:30	t/p	167	5.36	1.29965	1.30125	1.29965	192.96	5891.08
369	2013.05.14 11:00	sell	168	0.68	1.29949	1.30120	1.29522	0.00	5891.08
370	2013.05.14 11:10	buy	169	1.36	1.30087	1.29949	1.30120	0.00	5891.08
371	2013.05.14 11:10	s/l	168	0.68	1.30120	1.30120	1.29522	-116.28	5774.80
372	2013.05.14 11:10	t/p	169	1.36	1.30120	1.29949	1.30120	44.88	5819.68
373	2013.05.21 11:30	buy	170	0.49	1.28856	1.28622	1.29441	0.00	5819.68
374	2013.05.21 11:55	sell	171	0.98	1.28675	1.28856	1.28622	0.00	5819.68
375	2013.05.21 12:23	s/l	170	0.49	1.28622	1.28622	1.29441	-114.66	5705.02
376	2013.05.21 12:23	t/p	171	0.98	1.28622	1.28856	1.28622	51.94	5756.96
377	2013.05.21 16:00	sell	172	0.76	1.28596	1.28746	1.28221	0.00	5756.96
378	2013.05.21 16:58	buy	173	1.52	1.28710	1.28596	1.28746	0.00	5756.96
379	2013.05.21 17:11	s/l	172	0.76	1.28746	1.28746	1.28221	-114.00	5642.96
380	2013.05.21 17:12	t/p	173	1.52	1.28746	1.28596	1.28746	54.72	5697.68
381	2013.05.22 09:00	buy	174	0.74	1.29166	1.29013	1.29549	0.00	5697.68
382	2013.05.22 09:45	modify	174	0.74	1.29166	1.29176	1.29549	0.00	5697.68
383	2013.05.22 14:21	s/l	174	0.74	1.29176	1.29176	1.29549	7.40	5705.08
384	2013.05.28 11:15	sell	175	2.39	1.28973	1.29140	1.28556	0.00	5705.08
385	2013.05.28 11:26	buy	176	4.78	1.29099	1.28973	1.29140	0.00	5705.08
386	2013.05.28 11:26	s/l	175	2.39	1.29140	1.29140	1.28556	-399.13	5305.95
387	2013.05.28 11:26	t/p	176	4.78	1.29140	1.28973	1.29140	195.98	5501.93
388	2013.06.12 15:45	buy	177	0.55	1.32857	1.32659	1.33352	0.00	5501.93
389	2013.06.12 17:00	modify	177	0.55	1.32857	1.32867	1.33352	0.00	5501.93
390	2013.06.12 17:47	t/p	177	0.55	1.33352	1.32867	1.33352	272.25	5774.18
391	2013.06.25 10:15	sell	178	2.09	1.31269	1.31462	1.30787	0.00	5774.18
392	2013.06.25 13:59	buy	179	4.18	1.31415	1.31269	1.31462	0.00	5774.18
393	2013.06.25 14:16	s/l	179	4.18	1.31269	1.31269	1.31462	-610.28	5163.90
394	2013.06.25 14:35	modify	178	2.09	1.31269	1.31259	1.30787	0.00	5163.90
395	2013.06.25 16:00	t/p	178	2.09	1.30787	1.31259	1.30787	1007.38	6171.28
396	2013.07.04 09:15	sell	180	0.62	1.29863	1.30062	1.29366	0.00	6171.28
397	2013.07.04 10:35	buy	181	1.24	1.30013	1.29863	1.30062	0.00	6171.28
398	2013.07.04 11:56	s/l	180	0.62	1.30062	1.30062	1.29366	-123.38	6047.90
399	2013.07.04 11:56	t/p	181	1.24	1.30062	1.29863	1.30062	60.76	6108.66
400	2013.07.10 14:15	sell	182	0.70	1.28125	1.28298	1.27693	0.00	6108.66
401	2013.07.10 14:48	buy	183	1.40	1.28257	1.28125	1.28298	0.00	6108.66
402	2013.07.10 15:58	s/l	182	0.70	1.28298	1.28298	1.27693	-121.10	5987.56
403	2013.07.10 15:58	t/p	183	1.40	1.28298	1.28125	1.28298	57.40	6044.96
404	2013.07.23 16:15	buy	184	0.77	1.31936	1.31781	1.32324	0.00	6044.96
405	2013.07.23 16:41	modify	184	0.77	1.31936	1.31946	1.32324	0.00	6044.96
406	2013.07.23 20:51	t/p	184	0.77	1.32324	1.31946	1.32324	298.76	6343.72
407	2013.08.13 09:30	sell	185	1.89	1.32899	1.33133	1.32314	0.00	6343.72
408	2013.08.13 11:00	buy	186	3.78	1.33077	1.32899	1.33133	0.00	6343.72
409	2013.08.13 11:15	s/l	185	1.89	1.33133	1.33133	1.32314	-442.26	5901.46
410	2013.08.13 11:15	t/p	186	3.78	1.33133	1.32899	1.33133	211.68	6113.14
411	2013.08.14 11:15	sell	187	0.59	1.32524	1.32730	1.32009	0.00	6113.14
412	2013.08.14 15:16	buy	188	1.18	1.32679	1.32524	1.32730	0.00	6113.14
413	2013.08.14 17:27	s/l	188	1.18	1.32524	1.32524	1.32730	-182.90	5930.24
414	2013.08.15 02:21	buy	189	1.18	1.32679	1.32524	1.32730	0.00	5930.24
415	2013.08.15 04:09	s/l	187	0.59	1.32730	1.32730	1.32009	-117.05	5813.19
416	2013.08.15 04:09	t/p	189	1.18	1.32730	1.32524	1.32730	60.18	5873.37
417	2013.08.22 16:30	sell	190	0.28	1.33300	1.33506	1.32785	0.00	5873.37
418	2013.08.22 16:59	buy	191	0.56	1.33456	1.33300	1.33506	0.00	5873.37
419	2013.08.22 17:06	s/l	190	0.28	1.33506	1.33506	1.32785	-57.68	5815.69
420	2013.08.22 17:06	t/p	191	0.56	1.33506	1.33300	1.33506	28.00	5843.69
421	2013.08.28 11:30	buy	192	0.70	1.33763	1.33597	1.34178	0.00	5843.69
422	2013.08.28 12:33	sell	193	1.40	1.33638	1.33763	1.33597	0.00	5843.69
423	2013.08.28 12:33	s/l	192	0.70	1.33597	1.33597	1.34178	-116.20	5727.49
424	2013.08.28 12:33	t/p	193	1.40	1.33597	1.33763	1.33597	57.40	5784.89
425	2013.09.02 10:00	sell	194	0.66	1.32101	1.32276	1.31664	0.00	5784.89
426	2013.09.02 11:41	buy	195	1.32	1.32233	1.32101	1.32276	0.00	5784.89
427	2013.09.02 14:02	s/l	195	1.32	1.32101	1.32101	1.32276	-174.24	5610.65
428	2013.09.03 07:19	modify	194	0.66	1.32101	1.32091	1.31664	0.00	5610.65
429	2013.09.03 08:30	t/p	194	0.66	1.31664	1.32091	1.31664	290.09	5900.74
430	2013.09.11 10:15	buy	196	2.59	1.32661	1.32502	1.33059	0.00	5900.74
431	2013.09.11 12:53	sell	197	5.18	1.32541	1.32661	1.32502	0.00	5900.74
432	2013.09.11 14:04	s/l	197	5.18	1.32661	1.32661	1.32502	-621.60	5279.14
433	2013.09.11 15:53	modify	196	2.59	1.32661	1.32671	1.33059	0.00	5279.14
434	2013.09.11 17:02	t/p	196	2.59	1.33059	1.32671	1.33059	1030.82	6309.96
435	2013.09.23 14:30	buy	198	1.37	1.35152	1.34969	1.35610	0.00	6309.96
436	2013.09.23 15:16	sell	199	2.74	1.35010	1.35152	1.34969	0.00	6309.96
437	2013.09.23 15:17	s/l	198	1.37	1.34969	1.34969	1.35610	-250.71	6059.25
438	2013.09.23 15:17	t/p	199	2.74	1.34969	1.35152	1.34969	112.34	6171.59
439	2013.09.26 15:30	sell	200	0.40	1.34922	1.35073	1.34545	0.00	6171.59
440	2013.09.26 15:40	buy	201	0.80	1.35036	1.34922	1.35073	0.00	6171.59
441	2013.09.26 16:00	s/l	200	0.40	1.35073	1.35073	1.34545	-60.40	6111.19
442	2013.09.26 16:00	t/p	201	0.80	1.35073	1.34922	1.35073	29.60	6140.79
443	2013.10.07 14:00	sell	202	0.73	1.35668	1.35836	1.35248	0.00	6140.79
444	2013.10.07 17:16	buy	203	1.46	1.35797	1.35668	1.35836	0.00	6140.79
445	2013.10.07 17:17	s/l	202	0.73	1.35836	1.35836	1.35248	-122.64	6018.15
446	2013.10.07 17:17	t/p	203	1.46	1.35836	1.35668	1.35836	56.94	6075.09
447	2013.10.08 15:45	buy	204	0.53	1.35953	1.35724	1.36526	0.00	6075.09
448	2013.10.08 18:00	sell	205	1.06	1.35781	1.35953	1.35724	0.00	6075.09
449	2013.10.08 18:46	s/l	204	0.53	1.35724	1.35724	1.36526	-121.37	5953.72
450	2013.10.08 18:46	t/p	205	1.06	1.35724	1.35953	1.35724	60.42	6014.14
451	2013.10.23 15:00	buy	206	0.76	1.37630	1.37472	1.38025	0.00	6014.14
452	2013.10.23 15:48	modify	206	0.76	1.37630	1.37640	1.38025	0.00	6014.14
453	2013.10.23 16:12	s/l	206	0.76	1.37640	1.37640	1.38025	7.60	6021.74
454	2013.11.06 08:45	buy	207	2.32	1.35089	1.34908	1.35542	0.00	6021.74
455	2013.11.06 09:03	sell	208	4.64	1.34952	1.35089	1.34908	0.00	6021.74
456	2013.11.06 09:26	s/l	207	2.32	1.34908	1.34908	1.35542	-419.92	5601.82
457	2013.11.06 09:26	t/p	208	4.64	1.34908	1.35089	1.34908	204.16	5805.98
458	2013.11.12 09:45	sell	209	0.55	1.33736	1.33944	1.33216	0.00	5805.98
459	2013.11.12 10:01	buy	210	1.10	1.33895	1.33736	1.33944	0.00	5805.98
460	2013.11.12 10:13	s/l	210	1.10	1.33736	1.33736	1.33944	-174.90	5631.08
461	2013.11.12 11:20	buy	211	1.10	1.33893	1.33736	1.33944	0.00	5631.08
462	2013.11.12 11:53	s/l	209	0.55	1.33944	1.33944	1.33216	-114.40	5516.68
463	2013.11.12 11:53	t/p	211	1.10	1.33944	1.33736	1.33944	56.10	5572.78
464	2013.11.14 09:15	buy	212	0.31	1.34685	1.34509	1.35125	0.00	5572.78
465	2013.11.14 09:59	sell	213	0.62	1.34552	1.34685	1.34509	0.00	5572.78
466	2013.11.14 10:37	s/l	212	0.31	1.34509	1.34509	1.35125	-54.56	5518.22
467	2013.11.14 10:37	t/p	213	0.62	1.34509	1.34685	1.34509	26.66	5544.88
468	2013.11.14 16:00	buy	214	0.29	1.34559	1.34368	1.35037	0.00	5544.88
469	2013.11.14 16:31	sell	215	0.58	1.34412	1.34559	1.34368	0.00	5544.88
470	2013.11.14 16:31	s/l	214	0.29	1.34368	1.34368	1.35037	-55.39	5489.49
471	2013.11.14 16:31	t/p	215	0.58	1.34368	1.34559	1.34368	25.52	5515.01
472	2013.11.19 10:00	buy	216	0.54	1.35196	1.34995	1.35699	0.00	5515.01
473	2013.11.19 11:06	sell	217	1.08	1.35041	1.35196	1.34995	0.00	5515.01
474	2013.11.19 11:06	s/l	216	0.54	1.34995	1.34995	1.35699	-108.54	5406.47
475	2013.11.19 11:06	t/p	217	1.08	1.34995	1.35196	1.34995	49.68	5456.15
476	2013.11.19 15:45	buy	218	0.60	1.35175	1.34995	1.35625	0.00	5456.15
477	2013.11.19 15:57	sell	219	1.20	1.35030	1.35175	1.34995	0.00	5456.15
478	2013.11.19 15:57	s/l	218	0.60	1.34995	1.34995	1.35625	-108.00	5348.15
479	2013.11.19 15:57	t/p	219	1.20	1.34995	1.35175	1.34995	42.00	5390.15
480	2013.11.20 15:30	buy	220	0.70	1.35377	1.35225	1.35757	0.00	5390.15
481	2013.11.20 16:20	sell	221	1.40	1.35252	1.35377	1.35225	0.00	5390.15
482	2013.11.20 16:20	s/l	220	0.70	1.35225	1.35225	1.35757	-106.40	5283.75
483	2013.11.20 16:20	t/p	221	1.40	1.35225	1.35377	1.35225	37.80	5321.55
484	2013.12.02 08:45	buy	222	0.58	1.36124	1.35941	1.36582	0.00	5321.55
485	2013.12.02 09:21	sell	223	1.16	1.35985	1.36124	1.35941	0.00	5321.55
486	2013.12.02 09:32	s/l	222	0.58	1.35941	1.35941	1.36582	-106.14	5215.41
487	2013.12.02 09:32	t/p	223	1.16	1.35941	1.36124	1.35941	51.04	5266.45
488	2013.12.11 10:00	buy	224	0.44	1.37631	1.37392	1.38229	0.00	5266.45
489	2013.12.11 16:49	modify	224	0.44	1.37631	1.37641	1.38229	0.00	5266.45
490	2013.12.12 10:50	s/l	224	0.44	1.37641	1.37641	1.38229	-6.61	5259.84
491	2013.12.12 16:00	buy	225	0.25	1.37754	1.37544	1.38279	0.00	5259.84
492	2013.12.12 16:03	sell	226	0.50	1.37594	1.37754	1.37544	0.00	5259.84
493	2013.12.12 16:04	s/l	225	0.25	1.37544	1.37544	1.38279	-52.50	5207.34
494	2013.12.12 16:04	t/p	226	0.50	1.37544	1.37754	1.37544	25.00	5232.34
495	2013.12.16 10:30	buy	227	0.42	1.37724	1.37477	1.38342	0.00	5232.34
496	2013.12.16 15:36	sell	228	0.84	1.37537	1.37724	1.37477	0.00	5232.34
497	2013.12.16 16:15	s/l	228	0.84	1.37724	1.37724	1.37477	-157.08	5075.26
498	2013.12.16 16:59	sell	229	0.84	1.37534	1.37724	1.37477	0.00	5075.26
499	2013.12.16 18:21	s/l	227	0.42	1.37477	1.37477	1.38342	-103.74	4971.52
500	2013.12.16 18:22	t/p	229	0.84	1.37477	1.37724	1.37477	47.88	5019.40
501	2013.12.26 16:45	buy	230	0.29	1.36977	1.36809	1.37397	0.00	5019.40
502	2013.12.26 17:43	sell	231	0.58	1.36848	1.36977	1.36809	0.00	5019.40
503	2013.12.27 01:26	s/l	231	0.58	1.36977	1.36977	1.36809	-73.35	4946.05
504	2013.12.27 03:51	modify	230	0.29	1.36977	1.36987	1.37397	0.00	4946.05
505	2013.12.27 04:10	t/p	230	0.29	1.37397	1.36987	1.37397	119.38	5065.43
506	2013.12.31 15:30	sell	232	1.56	1.37694	1.37920	1.37129	0.00	5065.43
507	2013.12.31 16:40	buy	233	3.12	1.37867	1.37694	1.37920	0.00	5065.43
508	2013.12.31 17:04	s/l	233	3.12	1.37694	1.37694	1.37920	-539.76	4525.67
509	2014.01.02 08:42	modify	232	1.56	1.37694	1.37684	1.37129	0.00	4525.67
510	2014.01.02 12:01	t/p	232	1.56	1.37129	1.37684	1.37129	897.22	5422.89
511	2014.01.14 11:45	buy	234	1.07	1.36802	1.36601	1.37305	0.00	5422.89
512	2014.01.14 14:30	sell	235	2.14	1.36647	1.36802	1.36601	0.00	5422.89
513	2014.01.14 14:30	s/l	234	1.07	1.36601	1.36601	1.37305	-215.07	5207.82
514	2014.01.14 14:30	t/p	235	2.14	1.36601	1.36802	1.36601	98.44	5306.26
515	2014.01.14 15:30	buy	236	0.65	1.36736	1.36573	1.37144	0.00	5306.26
516	2014.01.15 02:16	sell	237	1.30	1.36613	1.36736	1.36573	0.00	5306.26
517	2014.01.15 02:34	s/l	236	0.65	1.36573	1.36573	1.37144	-111.37	5194.89
518	2014.01.15 02:34	t/p	237	1.30	1.36573	1.36736	1.36573	52.00	5246.89
519	2014.01.16 08:30	sell	238	0.25	1.36069	1.36275	1.35554	0.00	5246.89
520	2014.01.16 10:19	buy	239	0.50	1.36224	1.36069	1.36275	0.00	5246.89
521	2014.01.16 10:33	s/l	238	0.25	1.36275	1.36275	1.35554	-51.50	5195.39
522	2014.01.16 10:33	t/p	239	0.50	1.36275	1.36069	1.36275	25.50	5220.89
523	2014.01.21 09:00	sell	240	0.58	1.35465	1.35645	1.35015	0.00	5220.89
524	2014.01.21 12:59	modify	240	0.58	1.35465	1.35455	1.35015	0.00	5220.89
525	2014.01.21 16:59	s/l	240	0.58	1.35455	1.35455	1.35015	5.80	5226.69
526	2014.01.22 09:00	sell	241	1.57	1.35444	1.35676	1.34864	0.00	5226.69
527	2014.01.22 13:43	buy	242	3.14	1.35622	1.35444	1.35676	0.00	5226.69
528	2014.01.22 13:43	s/l	241	1.57	1.35676	1.35676	1.34864	-364.24	4862.45
529	2014.01.22 13:43	t/p	242	3.14	1.35676	1.35444	1.35676	169.56	5032.01
530	2014.01.28 16:45	sell	243	0.55	1.36570	1.36750	1.36120	0.00	5032.01
531	2014.01.28 21:47	buy	244	1.10	1.36707	1.36570	1.36750	0.00	5032.01
532	2014.01.28 23:13	s/l	244	1.10	1.36570	1.36570	1.36750	-150.70	4881.31
533	2014.01.29 08:02	buy	245	1.10	1.36706	1.36570	1.36750	0.00	4881.31
534	2014.01.29 09:30	s/l	243	0.55	1.36750	1.36750	1.36120	-97.61	4783.70
535	2014.01.29 09:30	t/p	245	1.10	1.36750	1.36570	1.36750	48.40	4832.10
536	2014.02.04 15:15	sell	246	0.50	1.35118	1.35310	1.34638	0.00	4832.10
537	2014.02.05 02:23	buy	247	1.00	1.35265	1.35118	1.35310	0.00	4832.10
538	2014.02.05 04:44	s/l	247	1.00	1.35118	1.35118	1.35310	-147.00	4685.10
539	2014.02.05 10:42	buy	248	1.00	1.35264	1.35118	1.35310	0.00	4685.10
540	2014.02.05 11:00	s/l	248	1.00	1.35118	1.35118	1.35310	-146.00	4539.10
541	2014.02.05 13:58	buy	249	1.00	1.35263	1.35118	1.35310	0.00	4539.10
542	2014.02.05 14:00	s/l	246	0.50	1.35310	1.35310	1.34638	-94.73	4444.37
543	2014.02.05 14:00	t/p	249	1.00	1.35310	1.35118	1.35310	47.00	4491.37
544	2014.02.17 10:15	buy	250	0.45	1.37136	1.36940	1.37626	0.00	4491.37
545	2014.02.17 11:00	sell	251	0.90	1.36988	1.37136	1.36940	0.00	4491.37
546	2014.02.17 14:24	s/l	250	0.45	1.36940	1.36940	1.37626	-88.20	4403.17
547	2014.02.17 15:21	t/p	251	0.90	1.36940	1.37136	1.36940	43.20	4446.37
548	2014.02.18 11:45	buy	252	0.39	1.37278	1.37050	1.37848	0.00	4446.37
549	2014.02.18 15:11	modify	252	0.39	1.37278	1.37288	1.37848	0.00	4446.37
550	2014.02.19 20:20	s/l	252	0.39	1.37288	1.37288	1.37848	0.65	4447.02
551	2014.03.17 10:00	buy	253	1.41	1.39046	1.38826	1.39596	0.00	4447.02
552	2014.03.17 11:13	sell	254	2.82	1.38879	1.39046	1.38826	0.00	4447.02
553	2014.03.17 13:38	s/l	254	2.82	1.39046	1.39046	1.38826	-470.94	3976.08
554	2014.03.17 14:48	modify	253	1.41	1.39046	1.39056	1.39596	0.00	3976.08
555	2014.03.18 10:15	s/l	253	1.41	1.39056	1.39056	1.39596	2.33	3978.41
556	2014.03.24 15:15	sell	255	0.86	1.37678	1.37863	1.37216	0.00	3978.41
557	2014.03.24 15:38	buy	256	1.72	1.37817	1.37678	1.37863	0.00	3978.41
558	2014.03.24 16:55	s/l	255	0.86	1.37863	1.37863	1.37216	-159.10	3819.31
559	2014.03.24 16:55	t/p	256	1.72	1.37863	1.37678	1.37863	79.12	3898.43
560	2014.03.25 16:30	sell	257	0.37	1.37853	1.38062	1.37331	0.00	3898.43
561	2014.03.25 17:15	modify	257	0.37	1.37853	1.37843	1.37331	0.00	3898.43
562	2014.03.25 17:30	s/l	257	0.37	1.37843	1.37843	1.37331	3.70	3902.13
563	2014.03.27 08:30	sell	258	0.78	1.37720	1.37894	1.37285	0.00	3902.13
564	2014.03.27 11:04	modify	258	0.78	1.37720	1.37710	1.37285	0.00	3902.13
565	2014.03.27 12:55	s/l	258	0.78	1.37710	1.37710	1.37285	7.80	3909.93
566	2014.03.27 15:30	sell	259	0.51	1.37613	1.37764	1.37236	0.00	3909.93
567	2014.03.27 15:34	buy	260	1.02	1.37727	1.37613	1.37764	0.00	3909.93
568	2014.03.27 15:55	s/l	260	1.02	1.37613	1.37613	1.37764	-116.28	3793.65
569	2014.03.27 16:59	modify	259	0.51	1.37613	1.37603	1.37236	0.00	3793.65
570	2014.03.28 09:01	t/p	259	0.51	1.37236	1.37603	1.37236	193.56	3987.22
571	2014.04.02 15:30	sell	261	0.91	1.37764	1.37939	1.37327	0.00	3987.22
572	2014.04.03 13:17	modify	261	0.91	1.37764	1.37754	1.37327	0.00	3987.22
573	2014.04.03 13:45	s/l	261	0.91	1.37754	1.37754	1.37327	16.02	4003.24
574	2014.04.14 10:15	sell	262	1.06	1.38483	1.38634	1.38106	0.00	4003.24
575	2014.04.14 10:49	modify	262	1.06	1.38483	1.38473	1.38106	0.00	4003.24
576	2014.04.14 14:35	t/p	262	1.06	1.38106	1.38473	1.38106	399.62	4402.86
577	2014.05.14 11:45	sell	263	1.13	1.37124	1.37279	1.36737	0.00	4402.86
578	2014.05.14 12:22	buy	264	2.26	1.37241	1.37124	1.37279	0.00	4402.86
579	2014.05.14 12:44	s/l	264	2.26	1.37124	1.37124	1.37279	-264.42	4138.44
580	2014.05.15 09:10	modify	263	1.13	1.37124	1.37114	1.36737	0.00	4138.44
581	2014.05.15 09:53	t/p	263	1.13	1.36737	1.37114	1.36737	445.91	4584.35
582	2014.05.20 16:45	sell	265	1.22	1.36912	1.37062	1.36537	0.00	4584.35
583	2014.05.20 18:04	buy	266	2.44	1.37025	1.36912	1.37062	0.00	4584.35
584	2014.05.20 18:35	s/l	266	2.44	1.36912	1.36912	1.37062	-275.72	4308.63
585	2014.05.21 01:51	buy	267	2.44	1.37026	1.36912	1.37062	0.00	4308.63
586	2014.05.21 02:38	s/l	265	1.22	1.37062	1.37062	1.36537	-179.91	4128.72
587	2014.05.21 02:38	t/p	267	2.44	1.37062	1.36912	1.37062	87.84	4216.56
588	2014.05.22 09:15	sell	268	0.26	1.36629	1.36790	1.36227	0.00	4216.56
589	2014.05.22 09:32	buy	269	0.52	1.36752	1.36629	1.36790	0.00	4216.56
590	2014.05.22 09:39	s/l	268	0.26	1.36790	1.36790	1.36227	-41.86	4174.70
591	2014.05.22 09:39	t/p	269	0.52	1.36790	1.36629	1.36790	19.76	4194.46
592	2014.05.29 15:00	sell	270	0.16	1.36023	1.36273	1.35398	0.00	4194.46
593	2014.05.29 17:05	buy	271	0.32	1.36211	1.36023	1.36273	0.00	4194.46
594	2014.05.29 19:45	s/l	271	0.32	1.36023	1.36023	1.36273	-60.16	4134.30
595	2014.05.30 15:08	buy	272	0.32	1.36212	1.36023	1.36273	0.00	4134.30
596	2014.05.30 15:14	s/l	270	0.16	1.36273	1.36273	1.35398	-39.59	4094.71
597	2014.05.30 15:14	t/p	272	0.32	1.36273	1.36023	1.36273	19.52	4114.23
598	2014.06.11 16:15	sell	273	0.42	1.35313	1.35506	1.34831	0.00	4114.23
599	2014.06.12 05:08	buy	274	0.84	1.35458	1.35313	1.35506	0.00	4114.23
600	2014.06.12 09:39	s/l	274	0.84	1.35313	1.35313	1.35506	-121.80	3992.43
601	2014.06.12 16:39	buy	275	0.84	1.35458	1.35313	1.35506	0.00	3992.43
602	2014.06.12 16:43	s/l	273	0.42	1.35506	1.35506	1.34831	-77.86	3914.56
603	2014.06.12 16:43	t/p	275	0.84	1.35506	1.35313	1.35506	40.32	3954.88
604	2014.08.27 15:45	sell	276	0.48	1.31722	1.31885	1.31315	0.00	3954.88
605	2014.08.27 16:15	buy	277	0.96	1.31846	1.31722	1.31885	0.00	3954.88
606	2014.08.27 16:15	s/l	276	0.48	1.31885	1.31885	1.31315	-78.24	3876.64
607	2014.08.27 16:15	t/p	277	0.96	1.31885	1.31722	1.31885	37.44	3914.08
608	2014.09.10 08:45	buy	278	0.44	1.29397	1.29221	1.29837	0.00	3914.08
609	2014.09.10 09:14	sell	279	0.88	1.29263	1.29397	1.29221	0.00	3914.08
610	2014.09.10 10:14	s/l	279	0.88	1.29397	1.29397	1.29221	-117.92	3796.16
611	2014.09.10 10:38	sell	280	0.88	1.29264	1.29397	1.29221	0.00	3796.16
612	2014.09.10 10:57	s/l	280	0.88	1.29397	1.29397	1.29221	-117.04	3679.12
613	2014.09.10 14:16	sell	281	0.88	1.29264	1.29397	1.29221	0.00	3679.12
614	2014.09.10 14:36	s/l	278	0.44	1.29221	1.29221	1.29837	-77.44	3601.68
615	2014.09.10 14:36	t/p	281	0.88	1.29221	1.29397	1.29221	37.84	3639.52
616	2014.09.17 16:00	buy	282	0.45	1.29661	1.29501	1.30061	0.00	3639.52
617	2014.09.17 16:56	sell	283	0.90	1.29540	1.29661	1.29501	0.00	3639.52
618	2014.09.17 17:16	s/l	282	0.45	1.29501	1.29501	1.30061	-72.00	3567.52
619	2014.09.17 17:16	t/p	283	0.90	1.29501	1.29661	1.29501	35.10	3602.62
620	2014.10.02 11:45	buy	284	0.22	1.26413	1.26255	1.26808	0.00	3602.62
621	2014.10.02 12:22	sell	285	0.44	1.26292	1.26413	1.26255	0.00	3602.62
622	2014.10.02 12:47	s/l	285	0.44	1.26413	1.26413	1.26255	-53.24	3549.38
623	2014.10.02 13:47	sell	286	0.44	1.26292	1.26413	1.26255	0.00	3549.38
624	2014.10.02 13:49	s/l	286	0.44	1.26413	1.26413	1.26255	-53.24	3496.14
625	2014.10.02 14:05	sell	287	0.44	1.26294	1.26413	1.26255	0.00	3496.14
626	2014.10.02 14:30	s/l	284	0.22	1.26255	1.26255	1.26808	-34.76	3461.38
627	2014.10.02 14:30	t/p	287	0.44	1.26255	1.26413	1.26255	17.16	3478.54
628	2014.10.08 09:15	buy	288	0.29	1.26450	1.26215	1.27038	0.00	3478.54
629	2014.10.08 11:15	modify	288	0.29	1.26450	1.26460	1.27038	0.00	3478.54
630	2014.10.08 13:47	s/l	288	0.29	1.26460	1.26460	1.27038	2.90	3481.44
631	2014.10.13 15:30	buy	289	1.38	1.26918	1.26742	1.27358	0.00	3481.44
632	2014.10.13 17:00	sell	290	2.76	1.26786	1.26918	1.26742	0.00	3481.44
633	2014.10.13 17:21	s/l	289	1.38	1.26742	1.26742	1.27358	-242.88	3238.56
634	2014.10.13 17:21	t/p	290	2.76	1.26742	1.26918	1.26742	121.44	3360.00
635	2014.10.20 15:00	sell	291	0.35	1.27670	1.27859	1.27198	0.00	3360.00
636	2014.10.20 16:06	buy	292	0.70	1.27812	1.27670	1.27859	0.00	3360.00
637	2014.10.20 16:18	s/l	292	0.70	1.27670	1.27670	1.27859	-99.40	3260.60
638	2014.10.20 16:59	buy	293	0.70	1.27812	1.27670	1.27859	0.00	3260.60
639	2014.10.20 17:33	s/l	291	0.35	1.27859	1.27859	1.27198	-66.15	3194.45
640	2014.10.20 17:33	t/p	293	0.70	1.27859	1.27670	1.27859	32.90	3227.35
641	2014.11.04 08:30	sell	294	0.38	1.25028	1.25197	1.24606	0.00	3227.35
642	2014.11.04 09:36	buy	295	0.76	1.25156	1.25028	1.25197	0.00	3227.35
643	2014.11.04 11:02	s/l	295	0.76	1.25028	1.25028	1.25197	-97.28	3130.07
644	2014.11.04 11:11	buy	296	0.76	1.25155	1.25028	1.25197	0.00	3130.07
645	2014.11.04 11:17	s/l	294	0.38	1.25197	1.25197	1.24606	-64.22	3065.85
646	2014.11.04 11:17	t/p	296	0.76	1.25197	1.25028	1.25197	31.92	3097.77
647	2014.11.04 15:15	sell	297	0.37	1.25106	1.25273	1.24689	0.00	3097.77
648	2014.11.04 16:02	buy	298	0.74	1.25232	1.25106	1.25273	0.00	3097.77
649	2014.11.04 16:17	s/l	297	0.37	1.25273	1.25273	1.24689	-61.79	3035.98
650	2014.11.04 16:17	t/p	298	0.74	1.25273	1.25106	1.25273	30.34	3066.32
651	2014.11.06 11:45	buy	299	0.17	1.25200	1.25021	1.25648	0.00	3066.32
652	2014.11.06 14:33	sell	300	0.34	1.25065	1.25200	1.25021	0.00	3066.32
653	2014.11.06 14:33	s/l	299	0.17	1.25021	1.25021	1.25648	-30.43	3035.89
654	2014.11.06 14:33	t/p	300	0.34	1.25021	1.25200	1.25021	14.96	3050.85
655	2014.11.19 09:00	buy	301	0.27	1.25344	1.25125	1.25892	0.00	3050.85
656	2014.11.19 14:55	modify	301	0.27	1.25344	1.25354	1.25892	0.00	3050.85
657	2014.11.19 16:03	s/l	301	0.27	1.25354	1.25354	1.25892	2.70	3053.55
658	2014.11.25 11:30	sell	302	1.37	1.24276	1.24432	1.23886	0.00	3053.55
659	2014.11.25 12:30	buy	303	2.74	1.24395	1.24276	1.24432	0.00	3053.55
660	2014.11.25 14:44	s/l	303	2.74	1.24276	1.24276	1.24432	-326.06	2727.49
661	2014.11.25 15:31	modify	302	1.37	1.24276	1.24266	1.23886	0.00	2727.49
662	2014.11.25 16:29	s/l	302	1.37	1.24266	1.24266	1.23886	13.70	2741.19
663	2014.11.26 10:15	buy	304	0.70	1.24785	1.24630	1.25173	0.00	2741.19
664	2014.11.26 11:06	sell	305	1.40	1.24668	1.24785	1.24630	0.00	2741.19
665	2014.11.26 11:06	s/l	304	0.70	1.24630	1.24630	1.25173	-108.50	2632.69
666	2014.11.26 11:06	t/p	305	1.40	1.24630	1.24785	1.24630	53.20	2685.89
667	2014.11.26 14:15	buy	306	0.22	1.24645	1.24409	1.25235	0.00	2685.89
668	2014.11.26 15:38	modify	306	0.22	1.24645	1.24655	1.25235	0.00	2685.89
669	2014.11.26 17:58	t/p	306	0.22	1.25235	1.24655	1.25235	129.80	2815.69
670	2014.12.10 14:45	buy	307	0.96	1.23839	1.23635	1.24349	0.00	2815.69
671	2014.12.10 17:00	modify	307	0.96	1.23839	1.23849	1.24349	0.00	2815.69
672	2014.12.10 17:37	t/p	307	0.96	1.24349	1.23849	1.24349	489.60	3305.29
673	2014.12.15 08:45	buy	308	0.77	1.24551	1.24380	1.24979	0.00	3305.29
674	2014.12.15 10:12	sell	309	1.54	1.24421	1.24551	1.24380	0.00	3305.29
675	2014.12.15 10:13	s/l	308	0.77	1.24380	1.24380	1.24979	-131.67	3173.62
676	2014.12.15 10:13	t/p	309	1.54	1.24380	1.24551	1.24380	63.14	3236.76
677	2014.12.17 09:15	buy	310	0.34	1.24923	1.24733	1.25398	0.00	3236.76
678	2014.12.17 09:55	sell	311	0.68	1.24778	1.24923	1.24733	0.00	3236.76
679	2014.12.17 09:55	s/l	310	0.34	1.24733	1.24733	1.25398	-64.60	3172.16
680	2014.12.17 09:55	t/p	311	0.68	1.24733	1.24923	1.24733	30.60	3202.76
681	2014.12.22 14:45	sell	312	0.42	1.22570	1.22722	1.22190	0.00	3202.76
682	2014.12.22 21:50	modify	312	0.42	1.22570	1.22560	1.22190	0.00	3202.76
683	2014.12.22 21:59	t/p	312	0.42	1.22190	1.22560	1.22190	159.60	3362.36
684	2014.12.29 09:45	sell	313	1.21	1.21739	1.21932	1.21257	0.00	3362.36
685	2014.12.29 11:06	buy	314	2.42	1.21884	1.21739	1.21932	0.00	3362.36
686	2014.12.29 11:20	s/l	313	1.21	1.21932	1.21932	1.21257	-233.53	3128.83
687	2014.12.29 11:20	t/p	314	2.42	1.21932	1.21739	1.21932	116.16	3244.99
688	2015.01.13 09:15	buy	315	0.40	1.18384	1.18223	1.18787	0.00	3244.99
689	2015.01.13 10:33	sell	316	0.80	1.18262	1.18384	1.18223	0.00	3244.99
690	2015.01.13 10:43	s/l	315	0.40	1.18223	1.18223	1.18787	-64.40	3180.59
691	2015.01.13 10:43	t/p	316	0.80	1.18223	1.18384	1.18223	31.20	3211.79
692	2015.01.15 10:15	sell	317	0.14	1.17647	1.17875	1.17077	0.00	3211.79
693	2015.01.15 11:31	modify	317	0.14	1.17647	1.17637	1.17077	0.00	3211.79
694	2015.01.15 11:31	t/p	317	0.14	1.17077	1.17637	1.17077	79.80	3291.59
695	2015.01.20 10:15	sell	318	1.30	1.15765	1.15941	1.15325	0.00	3291.59
696	2015.01.20 11:24	buy	319	2.60	1.15898	1.15765	1.15941	0.00	3291.59
697	2015.01.20 11:37	s/l	318	1.30	1.15941	1.15941	1.15325	-228.80	3062.79
698	2015.01.20 11:37	t/p	319	2.60	1.15941	1.15765	1.15941	111.80	3174.59
699	2015.01.20 15:15	sell	320	0.37	1.15785	1.15956	1.15358	0.00	3174.59
700	2015.01.20 15:23	buy	321	0.74	1.15915	1.15785	1.15956	0.00	3174.59
701	2015.01.20 15:25	s/l	320	0.37	1.15956	1.15956	1.15358	-63.27	3111.32
702	2015.01.20 15:25	t/p	321	0.74	1.15956	1.15785	1.15956	30.34	3141.66
703	2015.01.21 09:15	sell	322	0.34	1.15688	1.15869	1.15236	0.00	3141.66
704	2015.01.21 11:21	buy	323	0.68	1.15825	1.15688	1.15869	0.00	3141.66
705	2015.01.21 11:38	s/l	323	0.68	1.15688	1.15688	1.15869	-93.16	3048.50
706	2015.01.21 13:33	buy	324	0.68	1.15824	1.15688	1.15869	0.00	3048.50
707	2015.01.21 14:55	s/l	322	0.34	1.15869	1.15869	1.15236	-61.54	2986.96
708	2015.01.21 14:55	t/p	324	0.68	1.15869	1.15688	1.15869	30.60	3017.56
709	2015.02.02 10:30	buy	325	0.31	1.13235	1.13044	1.13713	0.00	3017.56
710	2015.02.02 11:59	modify	325	0.31	1.13235	1.13245	1.13713	0.00	3017.56
711	2015.02.02 13:25	s/l	325	0.31	1.13245	1.13245	1.13713	3.10	3020.66
712	2015.02.03 09:00	buy	326	1.39	1.13388	1.13236	1.13768	0.00	3020.66
713	2015.02.03 09:49	sell	327	2.78	1.13273	1.13388	1.13236	0.00	3020.66
714	2015.02.03 10:01	s/l	326	1.39	1.13236	1.13236	1.13768	-211.28	2809.38
715	2015.02.03 10:01	t/p	327	2.78	1.13236	1.13388	1.13236	102.86	2912.24
716	2015.02.10 10:30	sell	328	0.32	1.13188	1.13368	1.12738	0.00	2912.24
717	2015.02.10 11:27	modify	328	0.32	1.13188	1.13178	1.12738	0.00	2912.24
718	2015.02.10 13:50	t/p	328	0.32	1.12738	1.13178	1.12738	144.00	3056.24
719	2015.02.12 16:30	buy	329	0.44	1.13514	1.13272	1.14119	0.00	3056.24
720	2015.02.12 16:48	modify	329	0.44	1.13514	1.13524	1.14119	0.00	3056.24
721	2015.02.12 18:40	t/p	329	0.44	1.14119	1.13524	1.14119	266.20	3322.44
722	2015.02.17 08:45	sell	330	0.76	1.13504	1.13678	1.13069	0.00	3322.44
723	2015.02.17 11:08	buy	331	1.52	1.13639	1.13504	1.13678	0.00	3322.44
724	2015.02.17 11:08	s/l	330	0.76	1.13678	1.13678	1.13069	-132.24	3190.20
725	2015.02.17 11:08	t/p	331	1.52	1.13678	1.13504	1.13678	59.28	3249.48
726	2015.02.18 15:15	sell	332	0.37	1.13716	1.13890	1.13281	0.00	3249.48
727	2015.02.18 17:13	modify	332	0.37	1.13716	1.13706	1.13281	0.00	3249.48
728	2015.02.18 21:00	s/l	332	0.37	1.13706	1.13706	1.13281	3.70	3253.18
729	2015.02.24 16:15	sell	333	0.94	1.13176	1.13416	1.12576	0.00	3253.18
730	2015.02.24 17:15	buy	334	1.88	1.13357	1.13176	1.13416	0.00	3253.18
731	2015.02.24 17:15	s/l	333	0.94	1.13416	1.13416	1.12576	-225.60	3027.58
732	2015.02.24 17:15	t/p	334	1.88	1.13416	1.13176	1.13416	110.92	3138.50
733	2015.02.25 10:45	buy	335	0.36	1.13718	1.13548	1.14143	0.00	3138.50
734	2015.02.25 12:31	sell	336	0.72	1.13590	1.13718	1.13548	0.00	3138.50
735	2015.02.25 12:38	s/l	335	0.36	1.13548	1.13548	1.14143	-61.20	3077.30
736	2015.02.25 12:38	t/p	336	0.72	1.13548	1.13718	1.13548	30.24	3107.54
737	2015.03.02 15:45	sell	337	0.34	1.12167	1.12345	1.11722	0.00	3107.54
738	2015.03.02 16:09	buy	338	0.68	1.12301	1.12167	1.12345	0.00	3107.54
739	2015.03.02 16:54	s/l	338	0.68	1.12167	1.12167	1.12345	-91.12	3016.42
740	2015.03.02 17:36	modify	337	0.34	1.12167	1.12157	1.11722	0.00	3016.42
741	2015.03.03 11:41	t/p	337	0.34	1.11722	1.12157	1.11722	152.16	3168.58
742	2015.03.18 10:45	buy	339	1.13	1.06096	1.05901	1.06584	0.00	3168.58
743	2015.03.18 14:46	sell	340	2.26	1.05947	1.06096	1.05901	0.00	3168.58
744	2015.03.18 14:51	s/l	339	1.13	1.05901	1.05901	1.06584	-220.35	2948.23
745	2015.03.18 14:51	t/p	340	2.26	1.05901	1.06096	1.05901	103.96	3052.19
746	2015.03.18 16:00	buy	341	0.25	1.06114	1.05871	1.06722	0.00	3052.19
747	2015.03.18 18:02	modify	341	0.25	1.06114	1.06124	1.06722	0.00	3052.19
748	2015.03.18 20:00	t/p	341	0.25	1.06722	1.06124	1.06722	152.00	3204.19
749	2015.04.07 08:00	sell	342	1.00	1.09238	1.09462	1.08678	0.00	3204.19
750	2015.04.07 08:32	buy	343	2.00	1.09408	1.09238	1.09462	0.00	3204.19
751	2015.04.07 08:58	s/l	342	1.00	1.09462	1.09462	1.08678	-224.00	2980.19
752	2015.04.07 09:06	s/l	343	2.00	1.09238	1.09238	1.09462	-340.00	2640.19
753	2015.04.08 14:30	sell	344	0.25	1.08561	1.08767	1.08046	0.00	2640.19
754	2015.04.08 15:32	buy	345	0.50	1.08718	1.08561	1.08767	0.00	2640.19
755	2015.04.08 15:32	s/l	344	0.25	1.08767	1.08767	1.08046	-51.50	2588.69
756	2015.04.08 15:32	t/p	345	0.50	1.08767	1.08561	1.08767	24.50	2613.19
757	2015.04.15 09:30	buy	346	0.24	1.06461	1.06244	1.07004	0.00	2613.19
758	2015.04.15 10:22	sell	347	0.48	1.06297	1.06461	1.06244	0.00	2613.19
759	2015.04.15 10:23	s/l	346	0.24	1.06244	1.06244	1.07004	-52.08	2561.11
760	2015.04.15 10:23	t/p	347	0.48	1.06244	1.06461	1.06244	25.44	2586.55
761	2015.04.20 09:30	buy	348	0.29	1.07898	1.07724	1.08333	0.00	2586.55
762	2015.04.20 10:05	sell	349	0.58	1.07766	1.07898	1.07724	0.00	2586.55
763	2015.04.20 10:06	s/l	348	0.29	1.07724	1.07724	1.08333	-50.46	2536.09
764	2015.04.20 10:10	t/p	349	0.58	1.07724	1.07898	1.07724	24.36	2560.45
765	2015.04.21 08:30	sell	350	0.30	1.07223	1.07390	1.06806	0.00	2560.45
766	2015.04.21 09:11	modify	350	0.30	1.07223	1.07213	1.06806	0.00	2560.45
767	2015.04.21 09:47	t/p	350	0.30	1.06806	1.07213	1.06806	125.10	2685.55
768	2015.04.23 08:00	sell	351	0.54	1.07024	1.07196	1.06594	0.00	2685.55
769	2015.04.23 08:06	buy	352	1.08	1.07154	1.07024	1.07196	0.00	2685.55
770	2015.04.23 09:11	s/l	352	1.08	1.07024	1.07024	1.07196	-140.40	2545.15
771	2015.04.23 10:02	modify	351	0.54	1.07024	1.07014	1.06594	0.00	2545.15
772	2015.04.23 11:04	s/l	351	0.54	1.07014	1.07014	1.06594	5.40	2550.55
773	2015.04.27 14:00	buy	353	0.42	1.08453	1.08213	1.09053	0.00	2550.55
774	2015.04.27 15:11	sell	354	0.84	1.08272	1.08453	1.08213	0.00	2550.55
775	2015.04.27 15:14	s/l	353	0.42	1.08213	1.08213	1.09053	-100.80	2449.75
776	2015.04.27 15:14	t/p	354	0.84	1.08213	1.08453	1.08213	49.56	2499.31
777	2015.04.28 11:45	buy	355	0.24	1.08818	1.08611	1.09336	0.00	2499.31
778	2015.04.28 12:15	modify	355	0.24	1.08818	1.08828	1.09336	0.00	2499.31
779	2015.04.28 13:46	t/p	355	0.24	1.09336	1.08828	1.09336	124.32	2623.63
780	2015.06.16 09:45	buy	356	0.84	1.12784	1.12566	1.13329	0.00	2623.63
781	2015.06.16 09:54	modify	356	0.84	1.12784	1.12794	1.13329	0.00	2623.63
782	2015.06.16 10:41	s/l	356	0.84	1.12794	1.12794	1.13329	8.40	2632.03
783	2015.06.17 10:00	buy	357	0.53	1.12588	1.12391	1.13081	0.00	2632.03
784	2015.06.17 11:14	modify	357	0.53	1.12588	1.12598	1.13081	0.00	2632.03
785	2015.06.17 11:56	s/l	357	0.53	1.12598	1.12598	1.13081	5.30	2637.33
786	2015.07.29 16:30	sell	358	0.43	1.10352	1.10594	1.09747	0.00	2637.33
787	2015.07.29 21:00	buy	359	0.86	1.10537	1.10352	1.10594	0.00	2637.33
788	2015.07.29 21:00	s/l	358	0.43	1.10594	1.10594	1.09747	-104.06	2533.27
789	2015.07.29 21:00	t/p	359	0.86	1.10594	1.10352	1.10594	49.02	2582.29
790	2015.08.03 09:15	sell	360	0.30	1.09711	1.09882	1.09284	0.00	2582.29
791	2015.08.03 09:54	buy	361	0.60	1.09840	1.09711	1.09882	0.00	2582.29
792	2015.08.03 09:57	s/l	360	0.30	1.09882	1.09882	1.09284	-51.30	2530.99
793	2015.08.03 09:57	t/p	361	0.60	1.09882	1.09711	1.09882	25.20	2556.19
794	2015.08.17 14:00	sell	362	0.29	1.10862	1.11034	1.10432	0.00	2556.19
795	2015.08.17 14:42	buy	363	0.58	1.10993	1.10862	1.11034	0.00	2556.19
796	2015.08.17 14:50	s/l	362	0.29	1.11034	1.11034	1.10432	-49.88	2506.31
797	2015.08.17 15:14	t/p	363	0.58	1.11034	1.10862	1.11034	23.78	2530.09
798	2015.08.18 10:30	sell	364	0.30	1.10653	1.10821	1.10233	0.00	2530.09
799	2015.08.18 10:50	buy	365	0.60	1.10780	1.10653	1.10821	0.00	2530.09
800	2015.08.18 10:54	s/l	364	0.30	1.10821	1.10821	1.10233	-50.40	2479.69
801	2015.08.18 10:54	t/p	365	0.60	1.10821	1.10653	1.10821	24.60	2504.29
802	2015.08.18 11:45	sell	366	0.22	1.10731	1.10955	1.10171	0.00	2504.29
803	2015.08.18 15:40	modify	366	0.22	1.10731	1.10721	1.10171	0.00	2504.29
804	2015.08.19 09:40	s/l	366	0.22	1.10721	1.10721	1.10171	2.76	2507.05
805	2015.09.03 09:30	sell	367	0.57	1.12218	1.12370	1.11838	0.00	2507.05
806	2015.09.03 10:05	buy	368	1.14	1.12334	1.12218	1.12370	0.00	2507.05
807	2015.09.03 10:05	s/l	367	0.57	1.12370	1.12370	1.11838	-86.64	2420.41
808	2015.09.03 10:05	t/p	368	1.14	1.12370	1.12218	1.12370	41.04	2461.45
809	2015.09.24 08:00	buy	369	0.15	1.11923	1.11764	1.12321	0.00	2461.45
810	2015.09.24 09:38	modify	369	0.15	1.11923	1.11933	1.12321	0.00	2461.45
811	2015.09.24 11:10	s/l	369	0.15	1.11933	1.11933	1.12321	1.50	2462.95
812	2015.09.30 14:30	sell	370	0.82	1.12060	1.12270	1.11535	0.00	2462.95
813	2015.09.30 17:25	modify	370	0.82	1.12060	1.12050	1.11535	0.00	2462.95
814	2015.10.01 06:33	t/p	370	0.82	1.11535	1.12050	1.11535	436.74	2899.69
815	2015.10.06 09:15	sell	371	0.72	1.11779	1.11940	1.11377	0.00	2899.69
816	2015.10.06 09:32	buy	372	1.44	1.11900	1.11779	1.11940	0.00	2899.69
817	2015.10.06 09:37	s/l	371	0.72	1.11940	1.11940	1.11377	-115.92	2783.77
818	2015.10.06 09:37	t/p	372	1.44	1.11940	1.11779	1.11940	57.60	2841.37
819	2015.10.08 10:00	buy	373	0.16	1.12617	1.12448	1.13040	0.00	2841.37
820	2015.10.08 10:18	modify	373	0.16	1.12617	1.12627	1.13040	0.00	2841.37
821	2015.10.08 10:24	t/p	373	0.16	1.13040	1.12627	1.13040	67.68	2909.05
822	2015.10.13 15:30	buy	374	1.17	1.13865	1.13692	1.14298	0.00	2909.05
823	2015.10.13 16:59	sell	375	2.34	1.13735	1.13865	1.13692	0.00	2909.05
824	2015.10.13 17:02	s/l	374	1.17	1.13692	1.13692	1.14298	-202.41	2706.64
825	2015.10.13 17:02	t/p	375	2.34	1.13692	1.13865	1.13692	100.62	2807.26
826	2015.10.14 15:15	buy	376	0.32	1.14096	1.13924	1.14526	0.00	2807.26
827	2015.10.14 15:30	modify	376	0.32	1.14096	1.14106	1.14526	0.00	2807.26
828	2015.10.14 16:47	s/l	376	0.32	1.14106	1.14106	1.14526	3.20	2810.46
829	2015.10.19 10:15	sell	377	0.94	1.13584	1.13793	1.13062	0.00	2810.46
830	2015.10.19 12:37	modify	377	0.94	1.13584	1.13574	1.13062	0.00	2810.46
831	2015.10.19 17:59	t/p	377	0.94	1.13062	1.13574	1.13062	490.68	3301.14
832	2015.10.27 10:00	sell	378	0.75	1.10549	1.10725	1.10109	0.00	3301.14
833	2015.10.27 14:25	buy	379	1.50	1.10722	1.10549	1.10725	0.00	3301.14
834	2015.10.27 14:25	s/l	378	0.75	1.10725	1.10725	1.10109	-132.00	3169.14
835	2015.10.27 14:26	t/p	379	1.50	1.10725	1.10549	1.10725	4.50	3173.64
836	2015.10.28 10:45	sell	380	0.38	1.10362	1.10525	1.09955	0.00	3173.64
837	2015.10.28 11:05	buy	381	0.76	1.10485	1.10362	1.10525	0.00	3173.64
838	2015.10.28 11:07	s/l	380	0.38	1.10525	1.10525	1.09955	-61.94	3111.70
839	2015.10.28 11:07	t/p	381	0.76	1.10525	1.10362	1.10525	30.40	3142.10
840	2015.11.10 10:15	sell	382	0.34	1.07475	1.07657	1.07020	0.00	3142.10
841	2015.11.10 14:49	modify	382	0.34	1.07475	1.07465	1.07020	0.00	3142.10
842	2015.11.10 14:54	t/p	382	0.34	1.07020	1.07465	1.07020	154.70	3296.80
843	2015.11.11 10:00	buy	383	1.24	1.07489	1.07303	1.07954	0.00	3296.80
844	2015.11.11 11:01	sell	384	2.48	1.07349	1.07489	1.07303	0.00	3296.80
845	2015.11.11 11:35	s/l	384	2.48	1.07489	1.07489	1.07303	-347.20	2949.60
846	2015.11.11 13:14	sell	385	2.48	1.07349	1.07489	1.07303	0.00	2949.60
847	2015.11.11 13:17	s/l	383	1.24	1.07303	1.07303	1.07954	-230.64	2718.96
848	2015.11.11 13:17	t/p	385	2.48	1.07303	1.07489	1.07303	114.08	2833.04
849	2015.11.16 15:15	sell	386	0.36	1.07229	1.07384	1.06842	0.00	2833.04
850	2015.11.16 15:37	buy	387	0.72	1.07346	1.07229	1.07384	0.00	2833.04
851	2015.11.16 15:37	s/l	386	0.36	1.07384	1.07384	1.06842	-55.80	2777.24
852	2015.11.16 15:37	t/p	387	0.72	1.07384	1.07229	1.07384	27.36	2804.60
853	2015.11.18 14:15	buy	388	0.36	1.06716	1.06563	1.07099	0.00	2804.60
854	2015.11.18 15:40	sell	389	0.72	1.06601	1.06716	1.06563	0.00	2804.60
855	2015.11.18 16:00	s/l	388	0.36	1.06563	1.06563	1.07099	-55.08	2749.52
856	2015.11.18 16:00	t/p	389	0.72	1.06563	1.06716	1.06563	27.36	2776.88
857	2015.11.19 11:00	buy	390	0.11	1.06882	1.06647	1.07470	0.00	2776.88
858	2015.11.19 15:30	sell	391	0.22	1.06705	1.06882	1.06647	0.00	2776.88
859	2015.11.19 16:07	s/l	391	0.22	1.06882	1.06882	1.06647	-38.94	2737.94
860	2015.11.19 16:25	modify	390	0.11	1.06882	1.06892	1.07470	0.00	2737.94
861	2015.11.19 18:09	t/p	390	0.11	1.07470	1.06892	1.07470	64.68	2802.62
862	2015.12.01 10:15	sell	392	1.13	1.05779	1.05952	1.05347	0.00	2802.62
863	2015.12.01 10:30	buy	393	2.26	1.05909	1.05779	1.05952	0.00	2802.62
864	2015.12.01 10:46	s/l	392	1.13	1.05952	1.05952	1.05347	-195.49	2607.13
865	2015.12.01 10:47	t/p	393	2.26	1.05952	1.05779	1.05952	97.18	2704.31
866	2015.12.14 09:15	sell	394	0.36	1.09585	1.09735	1.09210	0.00	2704.31
867	2015.12.14 13:24	buy	395	0.72	1.09698	1.09585	1.09735	0.00	2704.31
868	2015.12.14 13:25	s/l	394	0.36	1.09735	1.09735	1.09210	-54.00	2650.31
869	2015.12.14 13:25	t/p	395	0.72	1.09735	1.09585	1.09735	26.64	2676.95
870	2015.12.16 16:30	sell	396	0.34	1.09260	1.09414	1.08875	0.00	2676.95
871	2015.12.16 17:58	buy	397	0.68	1.09376	1.09260	1.09414	0.00	2676.95
872	2015.12.16 17:58	s/l	396	0.34	1.09414	1.09414	1.08875	-52.36	2624.59
873	2015.12.16 17:58	t/p	397	0.68	1.09414	1.09260	1.09414	25.84	2650.43
874	2015.12.21 15:15	buy	398	0.30	1.08708	1.08534	1.09143	0.00	2650.43
875	2015.12.21 15:44	modify	398	0.30	1.08708	1.08718	1.09143	0.00	2650.43
876	2015.12.21 17:27	t/p	398	0.30	1.09143	1.08718	1.09143	130.50	2780.93
877	2015.12.22 10:00	buy	399	0.97	1.09206	1.09007	1.09704	0.00	2780.93
878	2015.12.22 15:14	modify	399	0.97	1.09206	1.09216	1.09704	0.00	2780.93
879	2015.12.22 17:06	t/p	399	0.97	1.09704	1.09216	1.09704	483.06	3263.99
880	2015.12.24 16:45	buy	400	0.27	1.09565	1.09327	1.10160	0.00	3263.99
881	2015.12.28 13:11	modify	400	0.27	1.09565	1.09575	1.10160	0.00	3263.99
882	2015.12.29 15:14	s/l	400	0.27	1.09575	1.09575	1.10160	-4.06	3259.93
883	2015.12.30 15:30	sell	401	0.41	1.09190	1.09347	1.08798	0.00	3259.93
884	2015.12.30 15:58	buy	402	0.82	1.09308	1.09190	1.09347	0.00	3259.93
885	2015.12.30 15:58	s/l	401	0.41	1.09347	1.09347	1.08798	-64.37	3195.56
886	2015.12.30 15:59	t/p	402	0.82	1.09347	1.09190	1.09347	31.98	3227.54
887	2015.12.30 16:45	sell	403	0.37	1.09274	1.09448	1.08839	0.00	3227.54
888	2015.12.31 12:25	modify	403	0.37	1.09274	1.09264	1.08839	0.00	3227.54
889	2015.12.31 14:39	t/p	403	0.37	1.08839	1.09264	1.08839	163.76	3391.31
890	2016.01.12 08:30	buy	404	1.31	1.08901	1.08720	1.09354	0.00	3391.31
891	2016.01.12 10:31	sell	405	2.62	1.08764	1.08901	1.08720	0.00	3391.31
892	2016.01.12 10:32	s/l	404	1.31	1.08720	1.08720	1.09354	-237.11	3154.20
893	2016.01.12 10:32	t/p	405	2.62	1.08720	1.08901	1.08720	115.28	3269.48
894	2016.01.19 10:45	sell	406	0.41	1.08654	1.08812	1.08259	0.00	3269.48
895	2016.01.19 10:50	buy	407	0.82	1.08773	1.08654	1.08812	0.00	3269.48
896	2016.01.19 10:52	s/l	406	0.41	1.08812	1.08812	1.08259	-64.78	3204.70
897	2016.01.19 10:59	t/p	407	0.82	1.08812	1.08654	1.08812	31.98	3236.68
898	2016.01.25 14:30	sell	408	0.42	1.08113	1.08267	1.07728	0.00	3236.68
899	2016.01.25 15:10	buy	409	0.84	1.08229	1.08113	1.08267	0.00	3236.68
900	2016.01.25 15:29	s/l	408	0.42	1.08267	1.08267	1.07728	-64.68	3172.00
901	2016.01.25 15:29	t/p	409	0.84	1.08267	1.08113	1.08267	31.92	3203.92
902	2016.01.26 08:45	buy	410	0.35	1.08589	1.08408	1.09042	0.00	3203.92
903	2016.01.26 10:57	sell	411	0.70	1.08453	1.08589	1.08408	0.00	3203.92
904	2016.01.26 11:14	s/l	410	0.35	1.08408	1.08408	1.09042	-63.35	3140.57
905	2016.01.26 11:14	t/p	411	0.70	1.08408	1.08589	1.08408	31.50	3172.07
906	2016.01.27 11:00	buy	412	0.38	1.08668	1.08505	1.09076	0.00	3172.07
907	2016.01.27 14:56	modify	412	0.38	1.08668	1.08678	1.09076	0.00	3172.07
908	2016.01.27 15:26	t/p	412	0.38	1.09076	1.08678	1.09076	155.04	3327.11
909	2016.02.03 14:45	buy	413	1.10	1.09295	1.09084	1.09823	0.00	3327.11
910	2016.02.03 15:24	modify	413	1.10	1.09295	1.09305	1.09823	0.00	3327.11
911	2016.02.03 16:45	t/p	413	1.10	1.09823	1.09305	1.09823	580.80	3907.91
912	2016.02.08 10:15	buy	414	1.02	1.11485	1.11333	1.11865	0.00	3907.91
913	2016.02.08 11:17	modify	414	1.02	1.11485	1.11495	1.11865	0.00	3907.91
914	2016.02.08 13:08	s/l	414	1.02	1.11495	1.11495	1.11865	10.20	3918.11
915	2016.02.17 15:15	sell	415	0.97	1.11355	1.11515	1.10955	0.00	3918.11
916	2016.02.17 16:15	modify	415	0.97	1.11355	1.11345	1.10955	0.00	3918.11
917	2016.02.17 16:44	s/l	415	0.97	1.11345	1.11345	1.10955	9.70	3927.81
918	2016.02.18 10:00	sell	416	0.38	1.11271	1.11477	1.10756	0.00	3927.81
919	2016.02.18 13:58	modify	416	0.38	1.11271	1.11261	1.10756	0.00	3927.81
920	2016.02.18 16:19	t/p	416	0.38	1.10756	1.11261	1.10756	195.70	4123.51
921	2016.02.23 10:30	sell	417	0.92	1.10366	1.10544	1.09921	0.00	4123.51
922	2016.02.23 10:39	buy	418	1.84	1.10500	1.10366	1.10544	0.00	4123.51
923	2016.02.23 10:50	s/l	418	1.84	1.10366	1.10366	1.10544	-246.56	3876.95
924	2016.02.23 11:16	modify	417	0.92	1.10366	1.10356	1.09921	0.00	3876.95
925	2016.02.23 11:34	t/p	417	0.92	1.09921	1.10356	1.09921	409.40	4286.35
926	2016.03.15 11:30	sell	419	0.85	1.10961	1.11161	1.10461	0.00	4286.35
927	2016.03.15 14:30	buy	420	1.70	1.11114	1.10961	1.11161	0.00	4286.35
928	2016.03.15 14:43	s/l	419	0.85	1.11161	1.11161	1.10461	-170.00	4116.35
929	2016.03.15 14:43	t/p	420	1.70	1.11161	1.10961	1.11161	79.90	4196.25
930	2016.03.16 08:45	sell	421	0.54	1.10877	1.11030	1.10495	0.00	4196.25
931	2016.03.16 14:20	buy	422	1.08	1.10992	1.10877	1.11030	0.00	4196.25
932	2016.03.16 14:30	s/l	422	1.08	1.10877	1.10877	1.11030	-124.20	4072.05
933	2016.03.16 15:14	modify	421	0.54	1.10877	1.10867	1.10495	0.00	4072.05
934	2016.03.16 19:51	s/l	421	0.54	1.10867	1.10867	1.10495	5.40	4077.45
935	2016.04.11 15:30	buy	423	1.31	1.14056	1.13839	1.14599	0.00	4077.45
936	2016.04.11 16:53	modify	423	1.31	1.14056	1.14066	1.14599	0.00	4077.45
937	2016.04.11 18:57	s/l	423	1.31	1.14066	1.14066	1.14599	13.10	4090.55
938	2016.04.18 15:30	buy	424	0.81	1.13169	1.12969	1.13669	0.00	4090.55
939	2016.04.18 15:35	sell	425	1.62	1.13019	1.13169	1.12969	0.00	4090.55
940	2016.04.18 16:40	s/l	424	0.81	1.12969	1.12969	1.13669	-162.00	3928.55
941	2016.04.18 16:40	t/p	425	1.62	1.12969	1.13169	1.12969	81.00	4009.55
942	2016.04.26 09:15	buy	426	0.52	1.12721	1.12568	1.13104	0.00	4009.55
943	2016.04.26 09:59	sell	427	1.04	1.12606	1.12721	1.12568	0.00	4009.55
944	2016.04.26 10:00	s/l	426	0.52	1.12568	1.12568	1.13104	-79.56	3929.99
945	2016.04.26 10:01	t/p	427	1.04	1.12568	1.12721	1.12568	39.52	3969.51
946	2016.04.26 15:15	buy	428	0.41	1.12873	1.12683	1.13348	0.00	3969.51
947	2016.04.26 15:35	modify	428	0.41	1.12873	1.12883	1.13348	0.00	3969.51
948	2016.04.26 16:23	t/p	428	0.41	1.13348	1.12883	1.13348	194.75	4164.26
949	2016.04.27 09:30	buy	429	1.79	1.13052	1.12890	1.13457	0.00	4164.26
950	2016.04.27 10:38	modify	429	1.79	1.13052	1.13062	1.13457	0.00	4164.26
951	2016.04.27 12:16	s/l	429	1.79	1.13062	1.13062	1.13457	17.90	4182.16
952	2016.04.27 15:30	buy	430	0.81	1.13114	1.12908	1.13629	0.00	4182.16
953	2016.04.27 20:14	modify	430	0.81	1.13114	1.13124	1.13629	0.00	4182.16
954	2016.04.27 21:00	s/l	430	0.81	1.13124	1.13124	1.13629	8.10	4190.26
955	2016.05.09 08:45	sell	431	1.06	1.13988	1.14146	1.13593	0.00	4190.26
956	2016.05.09 09:51	buy	432	2.12	1.14107	1.13988	1.14146	0.00	4190.26
957	2016.05.09 09:52	s/l	431	1.06	1.14146	1.14146	1.13593	-167.48	4022.78
958	2016.05.09 09:52	t/p	432	2.12	1.14146	1.13988	1.14146	82.68	4105.46
959	2016.05.09 10:15	sell	433	0.37	1.13993	1.14214	1.13441	0.00	4105.46
960	2016.05.10 13:58	modify	433	0.37	1.13993	1.13983	1.13441	0.00	4105.46
961	2016.05.10 17:42	s/l	433	0.37	1.13983	1.13983	1.13441	4.64	4110.09
962	2016.05.17 11:45	sell	434	1.64	1.13230	1.13405	1.12793	0.00	4110.09
963	2016.05.17 16:45	buy	435	3.28	1.13362	1.13230	1.13405	0.00	4110.09
964	2016.05.17 16:46	s/l	434	1.64	1.13405	1.13405	1.12793	-287.00	3823.09
965	2016.05.17 16:46	t/p	435	3.28	1.13405	1.13230	1.13405	141.04	3964.13
966	2016.05.23 15:30	sell	436	0.45	1.12019	1.12192	1.11587	0.00	3964.13
967	2016.05.23 20:12	buy	437	0.90	1.12149	1.12019	1.12192	0.00	3964.13
968	2016.05.23 20:14	s/l	436	0.45	1.12192	1.12192	1.11587	-77.85	3886.28
969	2016.05.23 20:14	t/p	437	0.90	1.12192	1.12019	1.12192	38.70	3924.98
970	2016.05.24 10:30	sell	438	0.34	1.11949	1.12175	1.11384	0.00	3924.98
971	2016.05.24 15:31	modify	438	0.34	1.11949	1.11939	1.11384	0.00	3924.98
972	2016.05.24 22:16	t/p	438	0.34	1.11384	1.11939	1.11384	192.10	4117.08
973	2016.06.13 15:30	sell	439	1.43	1.12597	1.12798	1.12095	0.00	4117.08
974	2016.06.13 17:07	buy	440	2.86	1.12748	1.12597	1.12798	0.00	4117.08
975	2016.06.13 17:12	s/l	439	1.43	1.12798	1.12798	1.12095	-287.43	3829.65
976	2016.06.13 17:12	t/p	440	2.86	1.12798	1.12597	1.12798	143.00	3972.65
977	2016.07.04 14:45	buy	441	0.42	1.11379	1.11190	1.11852	0.00	3972.65
978	2016.07.05 07:58	sell	442	0.84	1.11237	1.11379	1.11190	0.00	3972.65
979	2016.07.05 09:44	s/l	442	0.84	1.11379	1.11379	1.11190	-119.28	3853.37
980	2016.07.05 10:29	modify	441	0.42	1.11379	1.11389	1.11852	0.00	3853.37
981	2016.07.05 10:30	t/p	441	0.42	1.11852	1.11389	1.11852	195.16	4048.53
982	2016.07.05 15:45	buy	443	1.15	1.11521	1.11276	1.12134	0.00	4048.53
983	2016.07.05 17:26	sell	444	2.30	1.11337	1.11521	1.11276	0.00	4048.53
984	2016.07.05 17:31	s/l	443	1.15	1.11276	1.11276	1.12134	-281.75	3766.78
985	2016.07.05 17:31	t/p	444	2.30	1.11276	1.11521	1.11276	140.30	3907.08
986	2016.07.13 10:15	sell	445	0.38	1.10468	1.10669	1.09966	0.00	3907.08
987	2016.07.13 11:52	buy	446	0.76	1.10619	1.10468	1.10669	0.00	3907.08
988	2016.07.13 12:30	s/l	445	0.38	1.10669	1.10669	1.09966	-76.38	3830.70
989	2016.07.13 12:30	t/p	446	0.76	1.10669	1.10468	1.10669	38.00	3868.70
990	2016.07.21 09:45	buy	447	0.22	1.10426	1.10252	1.10861	0.00	3868.70
991	2016.07.21 10:09	sell	448	0.44	1.10295	1.10426	1.10252	0.00	3868.70
992	2016.07.21 10:27	s/l	447	0.22	1.10252	1.10252	1.10861	-38.28	3830.42
993	2016.07.21 10:31	t/p	448	0.44	1.10252	1.10426	1.10252	18.92	3849.34
994	2016.08.25 16:00	buy	449	0.19	1.12941	1.12748	1.13424	0.00	3849.34
995	2016.08.25 17:56	sell	450	0.38	1.12796	1.12941	1.12748	0.00	3849.34
996	2016.08.25 18:53	s/l	449	0.19	1.12748	1.12748	1.13424	-36.67	3812.67
997	2016.08.25 18:54	t/p	450	0.38	1.12748	1.12941	1.12748	18.24	3830.91
998	2016.09.13 16:15	sell	451	0.36	1.12266	1.12475	1.11744	0.00	3830.91
999	2016.09.13 17:03	buy	452	0.72	1.12423	1.12266	1.12475	0.00	3830.91
1000	2016.09.13 17:05	s/l	451	0.36	1.12475	1.12475	1.11744	-75.24	3755.67
1001	2016.09.13 17:05	t/p	452	0.72	1.12475	1.12266	1.12475	37.44	3793.11
1002	2016.09.14 10:30	sell	453	0.38	1.12235	1.12430	1.11748	0.00	3793.11
1003	2016.09.14 17:06	buy	454	0.76	1.12382	1.12235	1.12430	0.00	3793.11
1004	2016.09.14 17:22	s/l	453	0.38	1.12430	1.12430	1.11748	-74.10	3719.01
1005	2016.09.14 17:22	t/p	454	0.76	1.12430	1.12235	1.12430	36.48	3755.49
1006	2016.09.29 15:45	sell	455	0.18	1.12069	1.12270	1.11567	0.00	3755.49
1007	2016.09.29 17:04	buy	456	0.36	1.12220	1.12069	1.12270	0.00	3755.49
1008	2016.09.29 17:13	s/l	455	0.18	1.12270	1.12270	1.11567	-36.18	3719.31
1009	2016.09.29 17:14	t/p	456	0.36	1.12270	1.12069	1.12270	18.00	3737.31
1010	2016.10.03 10:45	buy	457	0.38	1.12377	1.12185	1.12857	0.00	3737.31
1011	2016.10.03 16:06	sell	458	0.76	1.12232	1.12377	1.12185	0.00	3737.31
1012	2016.10.03 17:00	s/l	457	0.38	1.12185	1.12185	1.12857	-72.96	3664.35
1013	2016.10.03 17:00	t/p	458	0.76	1.12185	1.12377	1.12185	35.72	3700.07
1014	2016.10.19 14:00	sell	459	0.38	1.09847	1.10038	1.09370	0.00	3700.07
1015	2016.10.19 17:50	modify	459	0.38	1.09847	1.09837	1.09370	0.00	3700.07
1016	2016.10.20 14:25	s/l	459	0.38	1.09837	1.09837	1.09370	6.69	3706.76
1017	2016.10.27 16:15	buy	460	0.84	1.09265	1.09111	1.09650	0.00	3706.76
1018	2016.10.27 16:45	sell	461	1.68	1.09149	1.09265	1.09111	0.00	3706.76
1019	2016.10.27 17:07	s/l	460	0.84	1.09111	1.09111	1.09650	-129.36	3577.40
1020	2016.10.27 17:07	t/p	461	1.68	1.09111	1.09265	1.09111	63.84	3641.24
1021	2016.11.23 14:00	sell	462	0.45	1.06221	1.06381	1.05821	0.00	3641.24
1022	2016.11.23 15:20	modify	462	0.45	1.06221	1.06211	1.05821	0.00	3641.24
1023	2016.11.23 15:31	t/p	462	0.45	1.05821	1.06211	1.05821	180.00	3821.24
1024	2016.11.29 09:30	sell	463	1.60	1.05923	1.06090	1.05506	0.00	3821.24
1025	2016.11.29 10:00	buy	464	3.20	1.06049	1.05923	1.06090	0.00	3821.24
1026	2016.11.29 10:02	s/l	463	1.60	1.06090	1.06090	1.05506	-267.20	3554.04
1027	2016.11.29 10:02	t/p	464	3.20	1.06090	1.05923	1.06090	131.20	3685.24
1028	2016.11.29 11:00	sell	465	0.31	1.05922	1.06159	1.05330	0.00	3685.24
1029	2016.11.29 16:54	buy	466	0.62	1.06100	1.05922	1.06159	0.00	3685.24
1030	2016.11.29 17:10	s/l	465	0.31	1.06159	1.06159	1.05330	-73.47	3611.77
1031	2016.11.29 17:10	t/p	466	0.62	1.06159	1.05922	1.06159	36.58	3648.35
1032	2016.11.30 10:30	buy	467	0.34	1.06382	1.06170	1.06912	0.00	3648.35
1033	2016.11.30 15:15	sell	468	0.68	1.06223	1.06382	1.06170	0.00	3648.35
1034	2016.11.30 15:15	s/l	467	0.34	1.06170	1.06170	1.06912	-72.08	3576.27
1035	2016.11.30 15:15	t/p	468	0.68	1.06170	1.06382	1.06170	36.04	3612.31
1036	2016.12.07 10:45	buy	469	0.33	1.07313	1.07097	1.07853	0.00	3612.31
1037	2016.12.07 12:02	sell	470	0.66	1.07150	1.07313	1.07097	0.00	3612.31
1038	2016.12.07 12:06	s/l	469	0.33	1.07097	1.07097	1.07853	-71.28	3541.03
1039	2016.12.07 12:06	t/p	470	0.66	1.07097	1.07313	1.07097	34.98	3576.01
1040	2016.12.14 14:00	buy	471	0.44	1.06484	1.06325	1.06882	0.00	3576.01
1041	2016.12.14 16:01	sell	472	0.88	1.06364	1.06484	1.06325	0.00	3576.01
1042	2016.12.14 16:02	s/l	471	0.44	1.06325	1.06325	1.06882	-69.96	3506.05
1043	2016.12.14 16:02	t/p	472	0.88	1.06325	1.06484	1.06325	34.32	3540.37
1044	2016.12.19 09:00	buy	473	0.34	1.04757	1.04554	1.05265	0.00	3540.37
1045	2016.12.19 09:24	sell	474	0.68	1.04604	1.04757	1.04554	0.00	3540.37
1046	2016.12.19 11:47	s/l	473	0.34	1.04554	1.04554	1.05265	-69.02	3471.35
1047	2016.12.19 11:48	t/p	474	0.68	1.04554	1.04757	1.04554	34.00	3505.35
1048	2016.12.22 16:15	buy	475	0.14	1.04507	1.04268	1.05105	0.00	3505.35
1049	2016.12.22 17:07	modify	475	0.14	1.04507	1.04517	1.05105	0.00	3505.35
1050	2016.12.22 18:02	s/l	475	0.14	1.04517	1.04517	1.05105	1.40	3506.75
1051	2016.12.29 11:15	buy	476	0.72	1.04570	1.04400	1.04995	0.00	3506.75
1052	2016.12.29 17:57	modify	476	0.72	1.04570	1.04580	1.04995	0.00	3506.75
1053	2016.12.30 01:22	t/p	476	0.72	1.04995	1.04580	1.04995	299.99	3806.74
1054	2017.01.11 11:15	sell	477	0.95	1.05446	1.05605	1.05049	0.00	3806.74
1055	2017.01.11 12:29	modify	477	0.95	1.05446	1.05436	1.05049	0.00	3806.74
1056	2017.01.11 14:08	t/p	477	0.95	1.05049	1.05436	1.05049	377.15	4183.89
1057	2017.01.16 09:15	sell	478	0.72	1.06079	1.06311	1.05499	0.00	4183.89
1058	2017.01.17 05:30	buy	479	1.44	1.06253	1.06079	1.06311	0.00	4183.89
1059	2017.01.17 06:10	s/l	478	0.72	1.06311	1.06311	1.05499	-165.21	4018.68
1060	2017.01.17 06:10	t/p	479	1.44	1.06311	1.06079	1.06311	83.52	4102.20
1061	2017.01.18 10:15	buy	480	0.38	1.06946	1.06735	1.07474	0.00	4102.20
1062	2017.01.18 14:45	sell	481	0.76	1.06787	1.06946	1.06735	0.00	4102.20
1063	2017.01.18 14:57	s/l	480	0.38	1.06735	1.06735	1.07474	-80.18	4022.02
1064	2017.01.18 14:57	t/p	481	0.76	1.06735	1.06946	1.06735	39.52	4061.54
1065	2017.01.26 11:45	sell	482	0.23	1.07280	1.07454	1.06845	0.00	4061.54
1066	2017.01.26 15:01	modify	482	0.23	1.07280	1.07270	1.06845	0.00	4061.54
1067	2017.01.26 16:20	t/p	482	0.23	1.06845	1.07270	1.06845	100.05	4161.59
1068	2017.01.31 10:00	buy	483	1.68	1.06996	1.06823	1.07429	0.00	4161.59
1069	2017.01.31 13:40	modify	483	1.68	1.06996	1.07006	1.07429	0.00	4161.59
1070	2017.01.31 13:47	t/p	483	1.68	1.07429	1.07006	1.07429	727.44	4889.03
1071	2017.02.02 09:30	buy	484	0.50	1.07950	1.07755	1.08438	0.00	4889.03
1072	2017.02.02 15:47	modify	484	0.50	1.07950	1.07960	1.08438	0.00	4889.03
1073	2017.02.02 18:17	s/l	484	0.50	1.07960	1.07960	1.08438	5.00	4894.03
1074	2017.02.09 15:30	sell	485	0.61	1.06815	1.06974	1.06418	0.00	4894.03
1075	2017.02.09 16:49	buy	486	1.22	1.06935	1.06815	1.06974	0.00	4894.03
1076	2017.02.09 16:55	s/l	486	1.22	1.06815	1.06815	1.06974	-146.40	4747.63
1077	2017.02.09 17:00	modify	485	0.61	1.06815	1.06805	1.06418	0.00	4747.63
1078	2017.02.10 09:58	t/p	485	0.61	1.06418	1.06805	1.06418	243.72	4991.35
1079	2017.02.20 15:00	sell	487	1.06	1.06094	1.06282	1.05624	0.00	4991.35
1080	2017.02.20 16:01	buy	488	2.12	1.06236	1.06094	1.06282	0.00	4991.35
1081	2017.02.20 19:56	s/l	488	2.12	1.06094	1.06094	1.06282	-301.04	4690.31
1082	2017.02.21 03:19	modify	487	1.06	1.06094	1.06084	1.05624	0.00	4690.31
1083	2017.02.21 10:34	t/p	487	1.06	1.05624	1.06084	1.05624	500.89	5191.19
1084	2017.02.23 10:15	buy	489	0.44	1.05621	1.05386	1.06209	0.00	5191.19
1085	2017.02.23 11:22	sell	490	0.88	1.05444	1.05621	1.05386	0.00	5191.19
1086	2017.02.23 12:08	s/l	489	0.44	1.05386	1.05386	1.06209	-103.40	5087.79
1087	2017.02.23 12:08	t/p	490	0.88	1.05386	1.05621	1.05386	51.04	5138.83
1088	2017.02.27 10:00	buy	491	0.52	1.05814	1.05620	1.06299	0.00	5138.83
1089	2017.02.27 10:34	sell	492	1.04	1.05668	1.05814	1.05620	0.00	5138.83
1090	2017.02.27 11:01	s/l	492	1.04	1.05814	1.05814	1.05620	-151.84	4986.99
1091	2017.02.27 17:59	modify	491	0.52	1.05814	1.05824	1.06299	0.00	4986.99
1092	2017.02.27 18:49	t/p	491	0.52	1.06299	1.05824	1.06299	252.20	5239.19
1093	2017.02.28 11:15	buy	493	2.04	1.05918	1.05739	1.06366	0.00	5239.19
1094	2017.02.28 17:13	modify	493	2.04	1.05918	1.05928	1.06366	0.00	5239.19
1095	2017.02.28 21:59	s/l	493	2.04	1.05928	1.05928	1.06366	20.40	5259.59
1096	2017.03.02 11:45	sell	494	0.53	1.05257	1.05455	1.04762	0.00	5259.59
1097	2017.03.02 21:26	modify	494	0.53	1.05257	1.05247	1.04762	0.00	5259.59
1098	2017.03.03 08:51	s/l	494	0.53	1.05247	1.05247	1.04762	6.64	5266.24
1099	2017.03.06 15:30	buy	495	1.18	1.06011	1.05833	1.06456	0.00	5266.24
1100	2017.03.06 18:27	sell	496	2.36	1.05854	1.06011	1.05833	0.00	5266.24
1101	2017.03.06 18:32	s/l	495	1.18	1.05833	1.05833	1.06456	-210.04	5056.20
1102	2017.03.06 18:33	t/p	496	2.36	1.05833	1.06011	1.05833	49.56	5105.76
1103	2017.03.22 08:45	buy	497	0.61	1.08101	1.07934	1.08519	0.00	5105.76
1104	2017.03.22 09:26	sell	498	1.22	1.07975	1.08101	1.07934	0.00	5105.76
1105	2017.03.22 09:33	s/l	497	0.61	1.07934	1.07934	1.08519	-101.87	5003.89
1106	2017.03.22 09:33	t/p	498	1.22	1.07934	1.08101	1.07934	50.02	5053.91
1107	2017.03.22 15:00	buy	499	0.48	1.08040	1.07830	1.08565	0.00	5053.91
1108	2017.03.23 02:01	sell	500	0.96	1.07882	1.08040	1.07830	0.00	5053.91
1109	2017.03.23 03:02	s/l	499	0.48	1.07830	1.07830	1.08565	-112.82	4941.09
1110	2017.03.23 03:03	t/p	500	0.96	1.07830	1.08040	1.07830	49.92	4991.01
1111	2017.03.28 15:30	buy	501	0.54	1.08649	1.08466	1.09107	0.00	4991.01
1112	2017.03.28 18:13	sell	502	1.08	1.08511	1.08649	1.08466	0.00	4991.01
1113	2017.03.28 19:12	s/l	501	0.54	1.08466	1.08466	1.09107	-98.82	4892.19
1114	2017.03.28 19:12	t/p	502	1.08	1.08466	1.08649	1.08466	48.60	4940.79
1115	2017.04.06 15:30	sell	503	0.25	1.06577	1.06772	1.06090	0.00	4940.79
1116	2017.04.07 14:03	modify	503	0.25	1.06577	1.06567	1.06090	0.00	4940.79
1117	2017.04.07 15:30	s/l	503	0.25	1.06567	1.06567	1.06090	3.13	4943.93
1118	2017.04.27 15:00	sell	504	1.00	1.08862	1.09034	1.08432	0.00	4943.93
1119	2017.04.27 15:34	buy	505	2.00	1.08992	1.08862	1.09034	0.00	4943.93
1120	2017.04.27 15:35	s/l	504	1.00	1.09034	1.09034	1.08432	-172.00	4771.93
1121	2017.04.27 15:35	t/p	505	2.00	1.09034	1.08862	1.09034	84.00	4855.93
1122	2017.05.08 08:45	buy	506	0.46	1.09896	1.09686	1.10421	0.00	4855.93
1123	2017.05.08 10:09	sell	507	0.92	1.09738	1.09896	1.09686	0.00	4855.93
1124	2017.05.08 10:13	s/l	506	0.46	1.09686	1.09686	1.10421	-96.60	4759.33
1125	2017.05.08 10:15	t/p	507	0.92	1.09686	1.09896	1.09686	47.84	4807.17
1126	2017.05.08 15:00	sell	508	0.48	1.09381	1.09581	1.08881	0.00	4807.17
1127	2017.05.09 09:26	modify	508	0.48	1.09381	1.09371	1.08881	0.00	4807.17
1128	2017.05.09 13:46	t/p	508	0.48	1.08881	1.09371	1.08881	241.22	5048.38
1129	2017.05.25 10:30	buy	509	1.14	1.12384	1.12230	1.12769	0.00	5048.38
1130	2017.05.25 12:15	sell	510	2.28	1.12268	1.12384	1.12230	0.00	5048.38
1131	2017.05.25 12:34	s/l	509	1.14	1.12230	1.12230	1.12769	-175.56	4872.82
1132	2017.05.25 12:34	t/p	510	2.28	1.12230	1.12384	1.12230	86.64	4959.46
1133	2017.05.31 10:00	buy	511	0.49	1.11880	1.11681	1.12378	0.00	4959.46
1134	2017.05.31 11:23	sell	512	0.98	1.11730	1.11880	1.11681	0.00	4959.46
1135	2017.05.31 12:34	s/l	512	0.98	1.11880	1.11880	1.11681	-147.00	4812.46
1136	2017.05.31 14:05	modify	511	0.49	1.11880	1.11890	1.12378	0.00	4812.46
1137	2017.05.31 16:49	t/p	511	0.49	1.12378	1.11890	1.12378	244.02	5056.48
1138	2017.06.05 10:15	buy	513	1.96	1.12759	1.12579	1.13209	0.00	5056.48
1139	2017.06.05 12:12	sell	514	3.92	1.12624	1.12759	1.12579	0.00	5056.48
1140	2017.06.05 13:22	s/l	513	1.96	1.12579	1.12579	1.13209	-352.80	4703.68
1141	2017.06.05 13:22	t/p	514	3.92	1.12579	1.12759	1.12579	176.40	4880.08
1142	2017.06.08 11:30	sell	515	0.32	1.12515	1.12666	1.12138	0.00	4880.08
1143	2017.06.08 14:46	modify	515	0.32	1.12515	1.12505	1.12138	0.00	4880.08
1144	2017.06.08 15:38	t/p	515	0.32	1.12138	1.12505	1.12138	120.64	5000.72
1145	2017.06.12 14:15	buy	516	1.90	1.12241	1.12057	1.12701	0.00	5000.72
1146	2017.06.12 16:41	sell	517	3.80	1.12103	1.12241	1.12057	0.00	5000.72
1147	2017.06.12 16:51	s/l	516	1.90	1.12057	1.12057	1.12701	-349.60	4651.12
1148	2017.06.12 16:51	t/p	517	3.80	1.12057	1.12241	1.12057	174.80	4825.92
1149	2017.06.21 16:30	sell	518	0.45	1.11336	1.11546	1.10811	0.00	4825.92
1150	2017.06.21 20:06	buy	519	0.90	1.11494	1.11336	1.11546	0.00	4825.92
1151	2017.06.21 21:22	s/l	518	0.45	1.11546	1.11546	1.10811	-94.50	4731.42
1152	2017.06.21 21:22	t/p	519	0.90	1.11546	1.11336	1.11546	46.80	4778.22
1153	2017.07.05 11:30	sell	520	0.55	1.13503	1.13675	1.13073	0.00	4778.22
1154	2017.07.05 12:00	modify	520	0.55	1.13503	1.13493	1.13073	0.00	4778.22
1155	2017.07.05 21:00	s/l	520	0.55	1.13493	1.13493	1.13073	5.50	4783.72
1156	2017.07.20 10:30	sell	521	0.84	1.15072	1.15270	1.14577	0.00	4783.72
1157	2017.07.20 15:36	buy	522	1.68	1.15221	1.15072	1.15270	0.00	4783.72
1158	2017.07.20 15:37	s/l	522	1.68	1.15072	1.15072	1.15270	-250.32	4533.40
1159	2017.07.20 15:40	buy	523	1.68	1.15221	1.15072	1.15270	0.00	4533.40
1160	2017.07.20 15:43	s/l	521	0.84	1.15270	1.15270	1.14577	-166.32	4367.08
1161	2017.07.20 15:43	t/p	523	1.68	1.15270	1.15072	1.15270	82.32	4449.40
1162	2017.07.26 16:45	sell	524	0.37	1.16337	1.16572	1.15750	0.00	4449.40
1163	2017.07.26 20:46	buy	525	0.74	1.16515	1.16337	1.16572	0.00	4449.40
1164	2017.07.26 21:00	s/l	525	0.74	1.16337	1.16337	1.16572	-131.72	4317.68
1165	2017.07.26 21:01	buy	526	0.74	1.16514	1.16337	1.16572	0.00	4317.68
1166	2017.07.26 21:01	s/l	524	0.37	1.16572	1.16572	1.15750	-86.95	4230.73
1167	2017.07.26 21:01	t/p	526	0.74	1.16572	1.16337	1.16572	42.92	4273.65
1168	2017.07.31 09:00	buy	527	0.52	1.17456	1.17293	1.17864	0.00	4273.65
1169	2017.07.31 09:14	sell	528	1.04	1.17333	1.17456	1.17293	0.00	4273.65
1170	2017.07.31 09:16	s/l	527	0.52	1.17293	1.17293	1.17864	-84.76	4188.89
1171	2017.07.31 09:16	t/p	528	1.04	1.17293	1.17456	1.17293	41.60	4230.49
1172	2017.08.03 10:00	buy	529	0.26	1.18511	1.18354	1.18904	0.00	4230.49
1173	2017.08.03 10:56	sell	530	0.52	1.18393	1.18511	1.18354	0.00	4230.49
1174	2017.08.03 11:00	s/l	529	0.26	1.18354	1.18354	1.18904	-40.82	4189.67
1175	2017.08.03 11:00	t/p	530	0.52	1.18354	1.18511	1.18354	20.28	4209.95
1176	2017.08.07 15:45	sell	531	0.48	1.17887	1.18062	1.17450	0.00	4209.95
1177	2017.08.08 03:22	buy	532	0.96	1.18020	1.17887	1.18062	0.00	4209.95
1178	2017.08.08 04:05	s/l	531	0.48	1.18062	1.18062	1.17450	-82.78	4127.17
1179	2017.08.08 04:05	t/p	532	0.96	1.18062	1.17887	1.18062	40.32	4167.49
1180	2017.08.22 15:45	sell	533	0.42	1.17550	1.17746	1.17060	0.00	4167.49
1181	2017.08.22 18:27	buy	534	0.84	1.17698	1.17550	1.17746	0.00	4167.49
1182	2017.08.22 20:22	s/l	534	0.84	1.17550	1.17550	1.17746	-124.32	4043.17
1183	2017.08.23 10:30	buy	535	0.84	1.17698	1.17550	1.17746	0.00	4043.17
1184	2017.08.23 10:32	s/l	533	0.42	1.17746	1.17746	1.17060	-81.25	3961.92
1185	2017.08.23 10:32	t/p	535	0.84	1.17746	1.17550	1.17746	40.32	4002.24
1186	2017.09.06 09:00	buy	536	0.44	1.19253	1.19072	1.19706	0.00	4002.24
1187	2017.09.06 21:25	sell	537	0.88	1.19116	1.19253	1.19072	0.00	4002.24
1188	2017.09.07 01:47	s/l	537	0.88	1.19253	1.19253	1.19072	-113.86	3888.37
1189	2017.09.07 10:46	modify	536	0.44	1.19253	1.19263	1.19706	0.00	3888.37
1190	2017.09.07 12:21	t/p	536	0.44	1.19706	1.19263	1.19706	188.31	4076.68
1191	2017.09.11 10:45	buy	538	1.33	1.20121	1.19908	1.20654	0.00	4076.68
1192	2017.09.11 14:38	sell	539	2.66	1.19960	1.20121	1.19908	0.00	4076.68
1193	2017.09.11 14:38	s/l	538	1.33	1.19908	1.19908	1.20654	-283.29	3793.39
1194	2017.09.11 14:38	t/p	539	2.66	1.19908	1.20121	1.19908	138.32	3931.71
1195	2017.09.12 11:30	sell	540	0.48	1.19614	1.19776	1.19209	0.00	3931.71
1196	2017.09.12 13:45	modify	540	0.48	1.19614	1.19604	1.19209	0.00	3931.71
1197	2017.09.12 17:18	s/l	540	0.48	1.19604	1.19604	1.19209	4.80	3936.51
1198	2017.09.13 10:30	buy	541	1.40	1.19861	1.19665	1.20351	0.00	3936.51
1199	2017.09.13 12:41	sell	542	2.80	1.19713	1.19861	1.19665	0.00	3936.51
1200	2017.09.13 12:53	s/l	541	1.40	1.19665	1.19665	1.20351	-274.40	3662.11
1201	2017.09.13 12:53	t/p	542	2.80	1.19665	1.19861	1.19665	134.40	3796.51
1202	2017.09.13 14:00	buy	543	0.44	1.19866	1.19695	1.20294	0.00	3796.51
1203	2017.09.13 15:49	sell	544	0.88	1.19737	1.19866	1.19695	0.00	3796.51
1204	2017.09.13 16:01	s/l	543	0.44	1.19695	1.19695	1.20294	-75.24	3721.27
1205	2017.09.13 16:01	t/p	544	0.88	1.19695	1.19866	1.19695	36.96	3758.23
1206	2017.09.18 15:30	buy	545	0.41	1.19576	1.19397	1.20024	0.00	3758.23
1207	2017.09.18 18:51	sell	546	0.82	1.19441	1.19576	1.19397	0.00	3758.23
1208	2017.09.18 18:53	s/l	545	0.41	1.19397	1.19397	1.20024	-73.39	3684.84
1209	2017.09.18 18:53	t/p	546	0.82	1.19397	1.19576	1.19397	36.08	3720.92
1210	2017.09.28 16:00	sell	547	0.19	1.17668	1.17863	1.17181	0.00	3720.92
1211	2017.09.28 16:18	buy	548	0.38	1.17816	1.17668	1.17863	0.00	3720.92
1212	2017.09.28 16:20	s/l	547	0.19	1.17863	1.17863	1.17181	-37.05	3683.87
1213	2017.09.28 16:24	t/p	548	0.38	1.17863	1.17668	1.17863	17.86	3701.73
1214	2017.09.28 16:30	buy	549	0.16	1.17868	1.17644	1.18428	0.00	3701.73
1215	2017.09.29 15:30	modify	549	0.16	1.17868	1.17878	1.18428	0.00	3701.73
1216	2017.10.02 03:59	s/l	549	0.16	1.17878	1.17878	1.18428	-1.07	3700.66
1217	2017.10.03 15:45	sell	550	0.43	1.17382	1.17553	1.16955	0.00	3700.66
1218	2017.10.03 16:03	buy	551	0.86	1.17511	1.17382	1.17553	0.00	3700.66
1219	2017.10.03 16:24	s/l	550	0.43	1.17553	1.17553	1.16955	-73.53	3627.13
1220	2017.10.03 16:24	t/p	551	0.86	1.17553	1.17382	1.17553	36.12	3663.25
1221	2017.10.19 09:45	buy	552	0.21	1.18123	1.17952	1.18551	0.00	3663.25
1222	2017.10.19 11:03	sell	553	0.42	1.17994	1.18123	1.17952	0.00	3663.25
1223	2017.10.19 11:09	s/l	552	0.21	1.17952	1.17952	1.18551	-35.91	3627.34
1224	2017.10.19 11:09	t/p	553	0.42	1.17952	1.18123	1.17952	17.64	3644.98
1225	2017.10.31 10:30	sell	554	0.42	1.16350	1.16521	1.15923	0.00	3644.98
1226	2017.10.31 11:14	buy	555	0.84	1.16481	1.16350	1.16521	0.00	3644.98
1227	2017.10.31 12:10	s/l	555	0.84	1.16350	1.16350	1.16521	-110.04	3534.94
1228	2017.10.31 18:22	buy	556	0.84	1.16479	1.16350	1.16521	0.00	3534.94
1229	2017.10.31 18:26	s/l	554	0.42	1.16521	1.16521	1.15923	-71.82	3463.12
1230	2017.10.31 18:26	t/p	556	0.84	1.16521	1.16350	1.16521	35.28	3498.40
1231	2017.11.06 09:15	sell	557	0.37	1.15999	1.16185	1.15534	0.00	3498.40
1232	2017.11.06 09:50	buy	558	0.74	1.16139	1.15999	1.16185	0.00	3498.40
1233	2017.11.06 11:15	s/l	558	0.74	1.15999	1.15999	1.16185	-103.60	3394.80
1234	2017.11.06 12:54	buy	559	0.74	1.16139	1.15999	1.16185	0.00	3394.80
1235	2017.11.06 13:16	s/l	559	0.74	1.15999	1.15999	1.16185	-103.60	3291.20
1236	2017.11.06 20:00	buy	560	0.74	1.16139	1.15999	1.16185	0.00	3291.20
1237	2017.11.07 08:50	s/l	560	0.74	1.15999	1.15999	1.16185	-109.77	3181.42
1238	2017.11.07 10:43	modify	557	0.37	1.15999	1.15989	1.15534	0.00	3181.42
1239	2017.11.08 01:19	s/l	557	0.37	1.15989	1.15989	1.15534	5.58	3187.00
1240	2017.11.08 14:15	sell	561	1.36	1.15881	1.16044	1.15474	0.00	3187.00
1241	2017.11.08 16:34	buy	562	2.72	1.16004	1.15881	1.16044	0.00	3187.00
1242	2017.11.08 17:58	s/l	562	2.72	1.15881	1.15881	1.16044	-334.56	2852.44
1243	2017.11.09 07:26	buy	563	2.72	1.16004	1.15881	1.16044	0.00	2852.44
1244	2017.11.09 07:31	s/l	561	1.36	1.16044	1.16044	1.15474	-211.33	2641.11
1245	2017.11.09 07:31	t/p	563	2.72	1.16044	1.15881	1.16044	108.80	2749.91
1246	2017.11.09 16:45	buy	564	0.12	1.16204	1.15982	1.16759	0.00	2749.91
1247	2017.11.09 18:46	modify	564	0.12	1.16204	1.16214	1.16759	0.00	2749.91
1248	2017.11.10 17:30	t/p	564	0.12	1.16759	1.16214	1.16759	65.60	2815.51
1249	2017.11.16 08:30	buy	565	0.50	1.17957	1.17763	1.18442	0.00	2815.51
1250	2017.11.16 09:15	sell	566	1.00	1.17810	1.17957	1.17763	0.00	2815.51
1251	2017.11.16 09:36	s/l	565	0.50	1.17763	1.17763	1.18442	-97.00	2718.51
1252	2017.11.16 09:37	t/p	566	1.00	1.17763	1.17957	1.17763	47.00	2765.51
1253	2017.11.22 16:30	buy	567	0.24	1.17671	1.17445	1.18236	0.00	2765.51
1254	2017.11.22 21:01	modify	567	0.24	1.17671	1.17681	1.18236	0.00	2765.51
1255	2017.11.22 21:30	t/p	567	0.24	1.18236	1.17681	1.18236	135.60	2901.11
1256	2017.11.28 10:15	buy	568	1.02	1.19040	1.18842	1.19535	0.00	2901.11
1257	2017.11.28 11:19	sell	569	2.04	1.18891	1.19040	1.18842	0.00	2901.11
1258	2017.11.28 12:08	s/l	568	1.02	1.18842	1.18842	1.19535	-201.96	2699.15
1259	2017.11.28 12:09	t/p	569	2.04	1.18842	1.19040	1.18842	99.96	2799.11
1260	2017.11.28 16:30	sell	570	0.33	1.18844	1.19010	1.18429	0.00	2799.11
1261	2017.11.28 20:20	modify	570	0.33	1.18844	1.18834	1.18429	0.00	2799.11
1262	2017.11.28 21:21	t/p	570	0.33	1.18429	1.18834	1.18429	136.95	2936.06
1263	2017.12.06 09:45	sell	571	0.95	1.18199	1.18415	1.17659	0.00	2936.06
1264	2017.12.06 16:58	modify	571	0.95	1.18199	1.18189	1.17659	0.00	2936.06
1265	2017.12.08 03:43	t/p	571	0.95	1.17659	1.18189	1.17659	522.64	3458.69
1266	2017.12.21 15:45	buy	572	0.40	1.18695	1.18524	1.19123	0.00	3458.69
1267	2017.12.21 16:00	sell	573	0.80	1.18566	1.18695	1.18524	0.00	3458.69
1268	2017.12.21 16:09	s/l	572	0.40	1.18524	1.18524	1.19123	-68.40	3390.29
1269	2017.12.21 16:09	t/p	573	0.80	1.18524	1.18695	1.18524	33.60	3423.89
1270	2018.01.18 15:45	buy	574	0.18	1.22434	1.22252	1.22889	0.00	3423.89
1271	2018.01.18 18:13	sell	575	0.36	1.22297	1.22434	1.22252	0.00	3423.89
1272	2018.01.18 18:23	s/l	575	0.36	1.22434	1.22434	1.22252	-49.32	3374.57
1273	2018.01.18 19:50	sell	576	0.36	1.22297	1.22434	1.22252	0.00	3374.57
1274	2018.01.18 19:51	s/l	574	0.18	1.22252	1.22252	1.22889	-32.76	3341.81
1275	2018.01.18 19:51	t/p	576	0.36	1.22252	1.22434	1.22252	16.20	3358.01
1276	2018.01.29 08:30	sell	577	0.38	1.24115	1.24288	1.23683	0.00	3358.01
1277	2018.01.29 09:05	buy	578	0.76	1.24245	1.24115	1.24288	0.00	3358.01
1278	2018.01.29 09:08	s/l	577	0.38	1.24288	1.24288	1.23683	-65.74	3292.27
1279	2018.01.29 09:08	t/p	578	0.76	1.24288	1.24115	1.24288	32.68	3324.95
1280	2018.01.29 09:30	sell	579	0.29	1.24081	1.24309	1.23511	0.00	3324.95
1281	2018.01.29 12:05	buy	580	0.58	1.24253	1.24081	1.24309	0.00	3324.95
1282	2018.01.29 12:59	s/l	580	0.58	1.24081	1.24081	1.24309	-99.76	3225.19
1283	2018.01.29 15:27	modify	579	0.29	1.24081	1.24071	1.23511	0.00	3225.19
1284	2018.01.29 16:36	t/p	579	0.29	1.23511	1.24071	1.23511	165.30	3390.49
1285	2018.02.01 08:15	sell	581	0.61	1.24092	1.24284	1.23612	0.00	3390.49
1286	2018.02.01 10:13	buy	582	1.22	1.24237	1.24092	1.24284	0.00	3390.49
1287	2018.02.01 10:14	s/l	581	0.61	1.24284	1.24284	1.23612	-117.12	3273.37
1288	2018.02.01 10:14	t/p	582	1.22	1.24284	1.24092	1.24284	57.34	3330.71
1289	2018.02.05 14:00	sell	583	0.38	1.24476	1.24651	1.24039	0.00	3330.71
1290	2018.02.05 16:05	modify	583	0.38	1.24476	1.24466	1.24039	0.00	3330.71
1291	2018.02.05 16:40	t/p	583	0.38	1.24039	1.24466	1.24039	166.06	3496.77
1292	2018.02.07 08:15	sell	584	1.48	1.23774	1.23939	1.23362	0.00	3496.77
1293	2018.02.07 08:46	buy	585	2.96	1.23899	1.23774	1.23939	0.00	3496.77
1294	2018.02.07 08:47	s/l	584	1.48	1.23939	1.23939	1.23362	-244.20	3252.57
1295	2018.02.07 08:47	t/p	585	2.96	1.23939	1.23774	1.23939	118.40	3370.97
1296	2018.02.07 11:15	sell	586	0.29	1.23676	1.23904	1.23106	0.00	3370.97
1297	2018.02.07 16:06	modify	586	0.29	1.23676	1.23666	1.23106	0.00	3370.97
1298	2018.02.07 17:30	t/p	586	0.29	1.23106	1.23666	1.23106	165.30	3536.27
1299	2018.02.12 14:15	sell	587	1.61	1.22619	1.22772	1.22237	0.00	3536.27
1300	2018.02.12 15:34	modify	587	1.61	1.22619	1.22609	1.22237	0.00	3536.27
1301	2018.02.12 16:43	s/l	587	1.61	1.22609	1.22609	1.22237	16.10	3552.37
1302	2018.02.26 09:45	buy	588	0.75	1.23322	1.23134	1.23792	0.00	3552.37
1303	2018.02.26 10:01	sell	589	1.50	1.23181	1.23322	1.23134	0.00	3552.37
1304	2018.02.26 10:10	s/l	589	1.50	1.23322	1.23322	1.23134	-211.50	3340.87
1305	2018.02.26 10:32	sell	590	1.50	1.23181	1.23322	1.23134	0.00	3340.87
1306	2018.02.26 11:14	s/l	590	1.50	1.23322	1.23322	1.23134	-211.50	3129.37
1307	2018.02.26 15:12	sell	591	1.50	1.23181	1.23322	1.23134	0.00	3129.37
1308	2018.02.26 15:47	s/l	588	0.75	1.23134	1.23134	1.23792	-141.00	2988.37
1309	2018.02.26 15:49	t/p	591	1.50	1.23134	1.23322	1.23134	70.50	3058.87
1310	2018.02.27 08:30	buy	592	0.40	1.23331	1.23179	1.23711	0.00	3058.87
1311	2018.02.27 09:01	sell	593	0.80	1.23216	1.23331	1.23179	0.00	3058.87
1312	2018.02.27 09:39	s/l	593	0.80	1.23331	1.23331	1.23179	-92.00	2966.87
1313	2018.02.27 12:49	sell	594	0.80	1.23216	1.23331	1.23179	0.00	2966.87
1314	2018.02.27 12:50	s/l	594	0.80	1.23331	1.23331	1.23179	-92.00	2874.87
1315	2018.02.27 13:17	sell	595	0.80	1.23216	1.23331	1.23179	0.00	2874.87
1316	2018.02.27 13:41	s/l	592	0.40	1.23179	1.23179	1.23711	-60.80	2814.07
1317	2018.02.27 13:41	t/p	595	0.80	1.23179	1.23331	1.23179	29.60	2843.67
1318	2018.03.06 10:30	buy	596	0.32	1.23436	1.23260	1.23876	0.00	2843.67
1319	2018.03.06 13:23	modify	596	0.32	1.23436	1.23446	1.23876	0.00	2843.67
1320	2018.03.06 13:32	t/p	596	0.32	1.23876	1.23446	1.23876	140.80	2984.47
1321	2018.03.08 09:45	buy	597	0.52	1.24118	1.23919	1.24616	0.00	2984.47
1322	2018.03.08 10:49	sell	598	1.04	1.23968	1.24118	1.23919	0.00	2984.47
1323	2018.03.08 10:52	s/l	597	0.52	1.23919	1.23919	1.24616	-103.48	2880.99
1324	2018.03.08 10:52	t/p	598	1.04	1.23919	1.24118	1.23919	50.96	2931.95
1325	2018.04.03 15:45	sell	599	0.25	1.22940	1.23169	1.22368	0.00	2931.95
1326	2018.04.03 16:29	modify	599	0.25	1.22940	1.22930	1.22368	0.00	2931.95
1327	2018.04.04 10:59	s/l	599	0.25	1.22930	1.22930	1.22368	3.13	2935.09
1328	2018.04.04 15:15	sell	600	1.29	1.22759	1.22918	1.22362	0.00	2935.09
1329	2018.04.04 15:43	buy	601	2.58	1.22879	1.22759	1.22918	0.00	2935.09
1330	2018.04.04 15:49	s/l	600	1.29	1.22918	1.22918	1.22362	-205.11	2729.98
1331	2018.04.04 15:49	t/p	601	2.58	1.22918	1.22759	1.22918	100.62	2830.60
1332	2018.04.09 14:45	buy	602	0.36	1.22796	1.22640	1.23186	0.00	2830.60
1333	2018.04.09 15:13	modify	602	0.36	1.22796	1.22806	1.23186	0.00	2830.60
1334	2018.04.09 16:05	t/p	602	0.36	1.23186	1.22806	1.23186	140.40	2971.00
1335	2018.04.18 11:15	buy	603	1.18	1.23700	1.23525	1.24138	0.00	2971.00
1336	2018.04.18 12:00	sell	604	2.36	1.23568	1.23700	1.23525	0.00	2971.00
1337	2018.04.18 12:00	s/l	603	1.18	1.23525	1.23525	1.24138	-206.50	2764.50
1338	2018.04.18 12:00	t/p	604	2.36	1.23525	1.23700	1.23525	101.48	2865.98
1339	2018.05.03 16:00	sell	605	0.12	1.19795	1.20031	1.19205	0.00	2865.98
1340	2018.05.03 21:14	buy	606	0.24	1.19973	1.19795	1.20031	0.00	2865.98
1341	2018.05.03 21:44	s/l	605	0.12	1.20031	1.20031	1.19205	-28.32	2837.66
1342	2018.05.03 21:44	t/p	606	0.24	1.20031	1.19795	1.20031	13.92	2851.58
1343	2018.05.08 10:00	sell	607	0.33	1.19179	1.19351	1.18749	0.00	2851.58
1344	2018.05.08 11:27	modify	607	0.33	1.19179	1.19169	1.18749	0.00	2851.58
1345	2018.05.08 12:42	t/p	607	0.33	1.18749	1.19169	1.18749	141.90	2993.48
1346	2018.05.10 10:15	sell	608	0.50	1.18604	1.18812	1.18084	0.00	2993.48
1347	2018.05.10 11:52	buy	609	1.00	1.18761	1.18604	1.18812	0.00	2993.48
1348	2018.05.10 12:15	s/l	608	0.50	1.18812	1.18812	1.18084	-104.00	2889.48
1349	2018.05.10 12:15	t/p	609	1.00	1.18812	1.18604	1.18812	51.00	2940.48
1350	2018.05.15 11:00	sell	610	0.36	1.19231	1.19391	1.18831	0.00	2940.48
1351	2018.05.15 14:10	modify	610	0.36	1.19231	1.19221	1.18831	0.00	2940.48
1352	2018.05.15 14:28	t/p	610	0.36	1.18831	1.19221	1.18831	144.00	3084.48
1353	2018.05.17 09:15	sell	611	0.47	1.18149	1.18374	1.17587	0.00	3084.48
1354	2018.05.17 13:27	modify	611	0.47	1.18149	1.18139	1.17587	0.00	3084.48
1355	2018.05.18 08:58	s/l	611	0.47	1.18139	1.18139	1.17587	5.89	3090.37
1356	2018.06.12 15:00	buy	612	0.63	1.17935	1.17741	1.18420	0.00	3090.37
1357	2018.06.12 15:28	sell	613	1.26	1.17789	1.17935	1.17741	0.00	3090.37
1358	2018.06.12 15:32	s/l	613	1.26	1.17935	1.17935	1.17741	-183.96	2906.41
1359	2018.06.12 19:29	sell	614	1.26	1.17789	1.17935	1.17741	0.00	2906.41
1360	2018.06.12 19:58	s/l	612	0.63	1.17741	1.17741	1.18420	-122.22	2784.19
1361	2018.06.12 19:58	t/p	614	1.26	1.17741	1.17935	1.17741	60.48	2844.67
1362	2018.06.13 09:15	sell	615	0.37	1.17397	1.17548	1.17020	0.00	2844.67
1363	2018.06.13 10:10	buy	616	0.74	1.17511	1.17397	1.17548	0.00	2844.67
1364	2018.06.13 11:06	s/l	616	0.74	1.17397	1.17397	1.17548	-84.36	2760.31
1365	2018.06.13 12:51	buy	617	0.74	1.17511	1.17397	1.17548	0.00	2760.31
1366	2018.06.13 12:52	s/l	615	0.37	1.17548	1.17548	1.17020	-55.87	2704.44
1367	2018.06.13 12:52	t/p	617	0.74	1.17548	1.17397	1.17548	27.38	2731.82
1368	2018.06.20 10:00	sell	618	0.28	1.15667	1.15862	1.15180	0.00	2731.82
1369	2018.06.20 10:40	buy	619	0.56	1.15814	1.15667	1.15862	0.00	2731.82
1370	2018.06.20 10:42	s/l	618	0.28	1.15862	1.15862	1.15180	-54.60	2677.22
1371	2018.06.20 10:48	t/p	619	0.56	1.15862	1.15667	1.15862	26.88	2704.10
1372	2018.06.21 11:15	sell	620	0.17	1.15541	1.15697	1.15151	0.00	2704.10
1373	2018.06.21 11:50	modify	620	0.17	1.15541	1.15531	1.15151	0.00	2704.10
1374	2018.06.21 12:02	t/p	620	0.17	1.15151	1.15531	1.15151	66.30	2770.40
1375	2018.06.27 08:15	sell	621	1.02	1.16401	1.16590	1.15929	0.00	2770.40
1376	2018.06.27 08:52	buy	622	2.04	1.16543	1.16401	1.16590	0.00	2770.40
1377	2018.06.27 09:09	s/l	621	1.02	1.16590	1.16590	1.15929	-192.78	2577.62
1378	2018.06.27 09:11	t/p	622	2.04	1.16590	1.16401	1.16590	95.88	2673.50
1379	2018.06.27 10:45	sell	623	0.27	1.16544	1.16741	1.16052	0.00	2673.50
1380	2018.06.27 11:35	modify	623	0.27	1.16544	1.16534	1.16052	0.00	2673.50
1381	2018.06.27 15:48	t/p	623	0.27	1.16052	1.16534	1.16052	132.84	2806.34
1382	2018.07.05 08:30	buy	624	0.59	1.16643	1.16479	1.17053	0.00	2806.34
1383	2018.07.05 08:51	modify	624	0.59	1.16643	1.16653	1.17053	0.00	2806.34
1384	2018.07.05 09:37	t/p	624	0.59	1.17053	1.16653	1.17053	241.90	3048.24
1385	2018.07.10 09:45	buy	625	0.72	1.17465	1.17297	1.17885	0.00	3048.24
1386	2018.07.10 11:36	sell	626	1.44	1.17339	1.17465	1.17297	0.00	3048.24
1387	2018.07.10 11:39	s/l	625	0.72	1.17297	1.17297	1.17885	-120.96	2927.28
1388	2018.07.10 11:39	t/p	626	1.44	1.17297	1.17465	1.17297	60.48	2987.76
1389	2018.07.10 11:45	sell	627	0.24	1.17264	1.17505	1.16662	0.00	2987.76
1390	2018.07.10 20:39	buy	628	0.48	1.17445	1.17264	1.17505	0.00	2987.76
1391	2018.07.11 02:20	s/l	628	0.48	1.17264	1.17264	1.17505	-90.89	2896.87
1392	2018.07.11 15:42	buy	629	0.48	1.17446	1.17264	1.17505	0.00	2896.87
1393	2018.07.11 15:45	s/l	627	0.24	1.17505	1.17505	1.16662	-57.23	2839.64
1394	2018.07.11 15:45	t/p	629	0.48	1.17505	1.17264	1.17505	28.32	2867.96
1395	2018.07.24 11:30	sell	630	0.29	1.16796	1.16988	1.16316	0.00	2867.96
1396	2018.07.24 13:01	buy	631	0.58	1.16941	1.16796	1.16988	0.00	2867.96
1397	2018.07.24 13:09	s/l	630	0.29	1.16988	1.16988	1.16316	-55.68	2812.28
1398	2018.07.24 13:10	t/p	631	0.58	1.16988	1.16796	1.16988	27.26	2839.54
1399	2018.07.24 16:45	buy	632	0.32	1.17052	1.16876	1.17492	0.00	2839.54
1400	2018.07.24 18:23	sell	633	0.64	1.16920	1.17052	1.16876	0.00	2839.54
1401	2018.07.24 18:51	s/l	632	0.32	1.16876	1.16876	1.17492	-56.32	2783.22
1402	2018.07.24 18:51	t/p	633	0.64	1.16876	1.17052	1.16876	28.16	2811.38
1403	2018.07.25 16:00	buy	634	0.36	1.16990	1.16834	1.17380	0.00	2811.38
1404	2018.07.25 17:43	sell	635	0.72	1.16872	1.16990	1.16834	0.00	2811.38
1405	2018.07.25 17:43	s/l	634	0.36	1.16834	1.16834	1.17380	-56.16	2755.22
1406	2018.07.25 17:43	t/p	635	0.72	1.16834	1.16990	1.16834	27.36	2782.58
1407	2018.08.01 16:45	sell	636	0.36	1.16783	1.16935	1.16403	0.00	2782.58
1408	2018.08.02 05:44	modify	636	0.36	1.16783	1.16773	1.16403	0.00	2782.58
1409	2018.08.02 09:35	t/p	636	0.36	1.16403	1.16773	1.16403	139.54	2922.12
1410	2018.08.16 11:30	buy	637	0.44	1.13776	1.13548	1.14346	0.00	2922.12
1411	2018.08.16 14:00	sell	638	0.88	1.13604	1.13776	1.13548	0.00	2922.12
1412	2018.08.16 14:28	s/l	638	0.88	1.13776	1.13776	1.13548	-151.36	2770.76
1413	2018.08.16 19:50	sell	639	0.88	1.13605	1.13776	1.13548	0.00	2770.76
1414	2018.08.16 20:47	s/l	637	0.44	1.13548	1.13548	1.14346	-100.32	2670.44
1415	2018.08.16 20:47	t/p	639	0.88	1.13548	1.13776	1.13548	50.16	2720.60
1416	2018.08.27 14:15	buy	640	0.36	1.16177	1.16026	1.16555	0.00	2720.60
1417	2018.08.27 15:20	modify	640	0.36	1.16177	1.16187	1.16555	0.00	2720.60
1418	2018.08.27 16:48	t/p	640	0.36	1.16555	1.16187	1.16555	136.08	2856.68
1419	2018.09.05 09:15	sell	641	1.31	1.15819	1.15971	1.15439	0.00	2856.68
1420	2018.09.05 10:16	modify	641	1.31	1.15819	1.15809	1.15439	0.00	2856.68
1421	2018.09.05 10:22	t/p	641	1.31	1.15439	1.15809	1.15439	497.80	3354.48
1422	2018.09.06 10:30	buy	642	0.30	1.16337	1.16114	1.16895	0.00	3354.48
1423	2018.09.06 12:42	sell	643	0.60	1.16169	1.16337	1.16114	0.00	3354.48
1424	2018.09.06 14:53	s/l	643	0.60	1.16337	1.16337	1.16114	-100.80	3253.68
1425	2018.09.06 18:05	sell	644	0.60	1.16168	1.16337	1.16114	0.00	3253.68
1426	2018.09.06 18:06	s/l	642	0.30	1.16114	1.16114	1.16895	-66.90	3186.78
1427	2018.09.06 18:06	t/p	644	0.60	1.16114	1.16337	1.16114	32.40	3219.18
1428	2018.09.12 11:45	sell	645	0.27	1.15831	1.16064	1.15249	0.00	3219.18
1429	2018.09.12 17:00	buy	646	0.54	1.16007	1.15831	1.16064	0.00	3219.18
1430	2018.09.12 17:01	s/l	645	0.27	1.16064	1.16064	1.15249	-62.91	3156.27
1431	2018.09.12 17:01	t/p	646	0.54	1.16064	1.15831	1.16064	30.78	3187.05
1432	2018.09.25 11:45	buy	647	0.25	1.17560	1.17311	1.18183	0.00	3187.05
1433	2018.09.26 14:57	sell	648	0.50	1.17373	1.17560	1.17311	0.00	3187.05
1434	2018.09.26 15:20	s/l	647	0.25	1.17311	1.17311	1.18183	-64.34	3122.71
1435	2018.09.26 15:20	t/p	648	0.50	1.17311	1.17560	1.17311	31.00	3153.71
1436	2018.10.10 14:00	buy	649	0.36	1.15026	1.14853	1.15459	0.00	3153.71
1437	2018.10.10 15:33	sell	650	0.72	1.14896	1.15026	1.14853	0.00	3153.71
1438	2018.10.10 15:55	s/l	650	0.72	1.15026	1.15026	1.14853	-93.60	3060.11
1439	2018.10.10 17:09	modify	649	0.36	1.15026	1.15036	1.15459	0.00	3060.11
1440	2018.10.11 04:51	t/p	649	0.36	1.15459	1.15036	1.15459	146.87	3206.98
1441	2018.10.16 10:30	buy	651	0.96	1.15911	1.15678	1.16494	0.00	3206.98
1442	2018.10.16 12:06	sell	652	1.92	1.15736	1.15911	1.15678	0.00	3206.98
1443	2018.10.16 12:23	s/l	651	0.96	1.15678	1.15678	1.16494	-223.68	2983.30
1444	2018.10.16 12:23	t/p	652	1.92	1.15678	1.15911	1.15678	111.36	3094.66
1445	2018.10.18 15:15	sell	653	0.18	1.15042	1.15208	1.14627	0.00	3094.66
1446	2018.10.18 18:26	buy	654	0.36	1.15167	1.15042	1.15208	0.00	3094.66
1447	2018.10.18 18:26	s/l	654	0.36	1.15042	1.15042	1.15208	-45.00	3049.66
1448	2018.10.18 19:15	modify	653	0.18	1.15042	1.15032	1.14627	0.00	3049.66
1449	2018.10.18 20:19	t/p	653	0.18	1.14627	1.15032	1.14627	74.70	3124.36
1450	2018.10.25 16:15	sell	655	0.46	1.14105	1.14342	1.13513	0.00	3124.36
1451	2018.10.25 16:40	modify	655	0.46	1.14105	1.14095	1.13513	0.00	3124.36
1452	2018.10.26 12:53	t/p	655	0.46	1.13513	1.14095	1.13513	273.49	3397.85
1453	2018.11.08 09:15	sell	656	0.32	1.14158	1.14369	1.13631	0.00	3397.85
1454	2018.11.08 09:43	buy	657	0.64	1.14317	1.14158	1.14369	0.00	3397.85
1455	2018.11.08 10:02	s/l	656	0.32	1.14369	1.14369	1.13631	-67.52	3330.33
1456	2018.11.08 10:02	t/p	657	0.64	1.14369	1.14158	1.14369	33.28	3363.61
1457	2018.11.08 11:00	sell	658	0.20	1.14295	1.14463	1.13875	0.00	3363.61
1458	2018.11.08 13:34	modify	658	0.20	1.14295	1.14285	1.13875	0.00	3363.61
1459	2018.11.08 15:15	s/l	658	0.20	1.14285	1.14285	1.13875	2.00	3365.61
1460	2018.11.21 11:45	sell	659	0.95	1.13826	1.14073	1.13209	0.00	3365.61
1461	2018.11.21 12:04	buy	660	1.90	1.14013	1.13826	1.14073	0.00	3365.61
1462	2018.11.21 12:33	s/l	660	1.90	1.13826	1.13826	1.14073	-355.30	3010.31
1463	2018.11.21 13:22	buy	661	1.90	1.14012	1.13826	1.14073	0.00	3010.31
1464	2018.11.21 13:23	s/l	659	0.95	1.14073	1.14073	1.13209	-234.65	2775.66
1465	2018.11.21 13:23	t/p	661	1.90	1.14073	1.13826	1.14073	115.90	2891.56
1466	2018.11.26 15:00	sell	662	0.38	1.13561	1.13712	1.13184	0.00	2891.56
1467	2018.11.26 15:26	buy	663	0.76	1.13675	1.13561	1.13712	0.00	2891.56
1468	2018.11.26 15:34	s/l	662	0.38	1.13712	1.13712	1.13184	-57.38	2834.18
1469	2018.11.26 15:34	t/p	663	0.76	1.13712	1.13561	1.13712	28.12	2862.30
1470	2018.12.13 15:30	buy	664	0.12	1.13807	1.13570	1.14400	0.00	2862.30
1471	2018.12.13 15:38	sell	665	0.24	1.13628	1.13807	1.13570	0.00	2862.30
1472	2018.12.13 15:38	s/l	664	0.12	1.13570	1.13570	1.14400	-28.44	2833.86
1473	2018.12.13 15:38	t/p	665	0.24	1.13570	1.13807	1.13570	13.92	2847.78
1474	2018.12.27 09:45	sell	666	0.17	1.13748	1.13907	1.13351	0.00	2847.78
1475	2018.12.27 10:03	buy	667	0.34	1.13868	1.13748	1.13907	0.00	2847.78
1476	2018.12.27 10:24	s/l	666	0.17	1.13907	1.13907	1.13351	-27.03	2820.75
1477	2018.12.27 10:24	t/p	667	0.34	1.13907	1.13748	1.13907	13.26	2834.01
1478	2018.12.31 10:00	buy	668	0.27	1.14428	1.14219	1.14951	0.00	2834.01
1479	2018.12.31 16:56	sell	669	0.54	1.14271	1.14428	1.14219	0.00	2834.01
1480	2018.12.31 17:52	s/l	669	0.54	1.14428	1.14428	1.14219	-84.78	2749.23
1481	2018.12.31 17:58	sell	670	0.54	1.14271	1.14428	1.14219	0.00	2749.23
1482	2018.12.31 18:06	s/l	670	0.54	1.14428	1.14428	1.14219	-84.78	2664.45
1483	2019.01.02 07:58	modify	668	0.27	1.14428	1.14438	1.14951	0.00	2664.45
1484	2019.01.02 08:10	t/p	668	0.27	1.14951	1.14438	1.14951	136.70	2801.15
1485	2019.01.09 15:45	buy	671	1.12	1.14633	1.14459	1.15068	0.00	2801.15
1486	2019.01.09 16:35	modify	671	1.12	1.14633	1.14643	1.15068	0.00	2801.15
1487	2019.01.09 16:36	t/p	671	1.12	1.15068	1.14643	1.15068	487.20	3288.35
1488	2019.01.14 14:45	sell	672	0.81	1.14570	1.14732	1.14165	0.00	3288.35
1489	2019.01.14 15:07	buy	673	1.62	1.14692	1.14570	1.14732	0.00	3288.35
1490	2019.01.14 15:44	s/l	673	1.62	1.14570	1.14570	1.14732	-197.64	3090.71
1491	2019.01.14 17:09	buy	674	1.62	1.14692	1.14570	1.14732	0.00	3090.71
1492	2019.01.14 17:55	s/l	672	0.81	1.14732	1.14732	1.14165	-131.22	2959.49
1493	2019.01.14 17:55	t/p	674	1.62	1.14732	1.14570	1.14732	64.80	3024.29
1494	2019.01.17 15:45	sell	675	0.16	1.13876	1.14064	1.13406	0.00	3024.29
1495	2019.01.18 12:01	buy	676	0.32	1.14018	1.13876	1.14064	0.00	3024.29
1496	2019.01.18 12:02	s/l	675	0.16	1.14064	1.14064	1.13406	-29.67	2994.62
1497	2019.01.18 12:02	t/p	676	0.32	1.14064	1.13876	1.14064	14.72	3009.34
1498	2019.01.30 10:30	buy	677	0.33	1.14396	1.14218	1.14841	0.00	3009.34
1499	2019.01.30 11:34	sell	678	0.66	1.14261	1.14396	1.14218	0.00	3009.34
1500	2019.01.30 13:11	s/l	677	0.33	1.14218	1.14218	1.14841	-58.74	2950.60
1501	2019.01.30 13:11	t/p	678	0.66	1.14218	1.14396	1.14218	28.38	2978.98
1502	2019.02.13 14:00	buy	679	0.28	1.13294	1.13087	1.13812	0.00	2978.98
1503	2019.02.13 14:43	sell	680	0.56	1.13138	1.13294	1.13087	0.00	2978.98
1504	2019.02.13 14:54	s/l	679	0.28	1.13087	1.13087	1.13812	-57.96	2921.02
1505	2019.02.13 14:54	t/p	680	0.56	1.13087	1.13294	1.13087	28.56	2949.58
1506	2019.02.20 14:30	buy	681	0.32	1.13406	1.13223	1.13864	0.00	2949.58
1507	2019.02.20 18:51	modify	681	0.32	1.13406	1.13416	1.13864	0.00	2949.58
1508	2019.02.20 21:11	s/l	681	0.32	1.13416	1.13416	1.13864	3.20	2952.78
1509	2019.03.11 15:30	buy	682	0.95	1.12518	1.12302	1.13058	0.00	2952.78
1510	2019.03.11 16:51	sell	683	1.90	1.12356	1.12518	1.12302	0.00	2952.78
1511	2019.03.11 17:51	s/l	682	0.95	1.12302	1.12302	1.13058	-205.20	2747.58
1512	2019.03.11 17:51	t/p	683	1.90	1.12302	1.12518	1.12302	102.60	2850.18
1513	2019.03.14 09:30	buy	684	0.18	1.13253	1.13098	1.13641	0.00	2850.18
1514	2019.03.14 11:45	sell	685	0.36	1.13136	1.13253	1.13098	0.00	2850.18
1515	2019.03.14 12:01	s/l	684	0.18	1.13098	1.13098	1.13641	-27.90	2822.28
1516	2019.03.14 12:01	t/p	685	0.36	1.13098	1.13253	1.13098	13.68	2835.96
1517	2019.10.03 15:45	buy	686	0.17	1.09621	1.09460	1.10024	0.00	2835.96
1518	2019.10.03 17:00	modify	686	0.17	1.09621	1.09631	1.10024	0.00	2835.96
1519	2019.10.03 23:59	s/l	686	0.17	1.09631	1.09631	1.10024	1.70	2837.66
1520	2019.10.16 15:45	buy	687	0.85	1.10442	1.10210	1.11022	0.00	2837.66
1521	2019.10.16 19:25	modify	687	0.85	1.10442	1.10452	1.11022	0.00	2837.66
1522	2019.10.17 12:30	t/p	687	0.85	1.11022	1.10452	1.11022	471.72	3309.38
1523	2019.11.07 16:00	sell	688	0.38	1.10670	1.10843	1.10238	0.00	3309.38
1524	2019.11.07 17:57	modify	688	0.38	1.10670	1.10660	1.10238	0.00	3309.38
1525	2019.11.08 17:02	t/p	688	0.38	1.10238	1.10660	1.10238	165.12	3474.51
1526	2020.02.24 10:30	buy	689	0.75	1.08283	1.08099	1.08743	0.00	3474.51
1527	2020.02.24 11:49	sell	690	1.50	1.08142	1.08283	1.08099	0.00	3474.51
1528	2020.02.24 14:29	s/l	690	1.50	1.08283	1.08283	1.08099	-211.50	3263.01
1529	2020.02.24 15:11	sell	691	1.50	1.08142	1.08283	1.08099	0.00	3263.01
1530	2020.02.24 16:20	s/l	691	1.50	1.08283	1.08283	1.08099	-211.50	3051.51
1531	2020.02.24 17:07	modify	689	0.75	1.08283	1.08293	1.08743	0.00	3051.51
1532	2020.02.25 18:16	t/p	689	0.75	1.08743	1.08293	1.08743	338.74	3390.25
1533	2020.03.04 10:00	buy	692	0.82	1.11594	1.11430	1.12004	0.00	3390.25
1534	2020.03.04 10:42	modify	692	0.82	1.11594	1.11604	1.12004	0.00	3390.25
1535	2020.03.04 11:04	s/l	692	0.82	1.11604	1.11604	1.12004	8.20	3398.45
1536	2020.04.06 09:15	sell	693	0.60	1.08149	1.08374	1.07587	0.00	3398.45
1537	2020.04.06 15:45	modify	693	0.60	1.08149	1.08139	1.07587	0.00	3398.45
1538	2020.04.06 18:24	s/l	693	0.60	1.08139	1.08139	1.07587	6.00	3404.45
1539	2020.04.09 15:15	buy	694	0.34	1.08670	1.08475	1.09158	0.00	3404.45
1540	2020.04.09 15:53	modify	694	0.34	1.08670	1.08680	1.09158	0.00	3404.45
1541	2020.04.09 16:13	t/p	694	0.34	1.09158	1.08680	1.09158	165.92	3570.37
1542	2020.04.13 09:30	buy	695	0.82	1.09488	1.09314	1.09923	0.00	3570.37
1543	2020.04.13 11:16	sell	696	1.64	1.09356	1.09488	1.09314	0.00	3570.37
1544	2020.04.13 11:20	s/l	695	0.82	1.09314	1.09314	1.09923	-142.68	3427.69
1545	2020.04.13 11:20	t/p	696	1.64	1.09314	1.09488	1.09314	68.88	3496.57
1546	2020.04.13 15:00	buy	697	0.30	1.09303	1.09072	1.09881	0.00	3496.57
1547	2020.04.13 16:24	sell	698	0.60	1.09129	1.09303	1.09072	0.00	3496.57
1548	2020.04.13 16:29	s/l	697	0.30	1.09072	1.09072	1.09881	-69.30	3427.27
1549	2020.04.13 16:29	t/p	698	0.60	1.09072	1.09303	1.09072	34.20	3461.47
1550	2020.04.20 08:45	sell	699	0.34	1.08528	1.08731	1.08021	0.00	3461.47
1551	2020.04.20 10:23	buy	700	0.68	1.08681	1.08528	1.08731	0.00	3461.47
1552	2020.04.20 11:46	s/l	699	0.34	1.08731	1.08731	1.08021	-69.02	3392.45
1553	2020.04.20 11:46	t/p	700	0.68	1.08731	1.08528	1.08731	34.00	3426.45
1554	2020.04.28 10:30	buy	701	0.29	1.08307	1.08076	1.08885	0.00	3426.45
1555	2020.04.28 12:20	modify	701	0.29	1.08307	1.08317	1.08885	0.00	3426.45
1556	2020.04.28 17:59	s/l	701	0.29	1.08317	1.08317	1.08885	2.90	3429.35
1557	2020.04.29 16:00	buy	702	1.21	1.08573	1.08375	1.09068	0.00	3429.35
1558	2020.04.30 10:05	modify	702	1.21	1.08573	1.08583	1.09068	0.00	3429.35
1559	2020.04.30 16:08	s/l	702	1.21	1.08583	1.08583	1.09068	-18.19	3411.16
1560	2020.05.07 11:00	sell	703	0.17	1.07988	1.08182	1.07503	0.00	3411.16
1561	2020.05.07 17:03	modify	703	0.17	1.07988	1.07978	1.07503	0.00	3411.16
1562	2020.05.07 18:45	s/l	703	0.17	1.07978	1.07978	1.07503	1.70	3412.86
1563	2020.05.12 10:45	sell	704	1.14	1.08086	1.08295	1.07564	0.00	3412.86
1564	2020.05.12 11:15	buy	705	2.28	1.08243	1.08086	1.08295	0.00	3412.86
1565	2020.05.12 13:25	s/l	704	1.14	1.08295	1.08295	1.07564	-238.26	3174.60
1566	2020.05.12 13:25	t/p	705	2.28	1.08295	1.08086	1.08295	118.56	3293.16
1567	2020.05.27 11:00	buy	706	0.43	1.09651	1.09499	1.10031	0.00	3293.16
1568	2020.05.27 12:01	sell	707	0.86	1.09535	1.09651	1.09499	0.00	3293.16
1569	2020.05.27 12:03	s/l	706	0.43	1.09499	1.09499	1.10031	-65.36	3227.80
1570	2020.05.27 12:03	t/p	707	0.86	1.09499	1.09651	1.09499	30.96	3258.76
1571	2020.06.08 10:00	buy	708	0.42	1.12944	1.12791	1.13327	0.00	3258.76
1572	2020.06.08 13:28	sell	709	0.84	1.12829	1.12944	1.12791	0.00	3258.76
1573	2020.06.08 13:35	s/l	708	0.42	1.12791	1.12791	1.13327	-64.26	3194.50
1574	2020.06.08 13:35	t/p	709	0.84	1.12791	1.12944	1.12791	31.92	3226.42
1575	2020.06.09 09:45	sell	710	0.28	1.12753	1.12980	1.12186	0.00	3226.42
1576	2020.06.09 11:19	modify	710	0.28	1.12753	1.12743	1.12186	0.00	3226.42
1577	2020.06.09 13:09	s/l	710	0.28	1.12743	1.12743	1.12186	2.80	3229.22
1578	2020.06.24 14:00	buy	711	1.41	1.13069	1.12909	1.13469	0.00	3229.22
1579	2020.06.24 14:35	sell	712	2.82	1.12947	1.13069	1.12909	0.00	3229.22
1580	2020.06.24 14:43	s/l	711	1.41	1.12909	1.12909	1.13469	-225.60	3003.62
1581	2020.06.24 14:43	t/p	712	2.82	1.12909	1.13069	1.12909	107.16	3110.78
1582	2020.07.08 09:15	sell	713	0.34	1.12656	1.12836	1.12206	0.00	3110.78
1583	2020.07.08 10:03	buy	714	0.68	1.12793	1.12656	1.12836	0.00	3110.78
1584	2020.07.08 10:06	s/l	713	0.34	1.12836	1.12836	1.12206	-61.20	3049.58
1585	2020.07.08 10:06	t/p	714	0.68	1.12836	1.12656	1.12836	29.24	3078.82
1586	2020.07.08 14:45	buy	715	0.40	1.12893	1.12740	1.13276	0.00	3078.82
1587	2020.07.08 15:42	sell	716	0.80	1.12778	1.12893	1.12740	0.00	3078.82
1588	2020.07.08 15:59	s/l	716	0.80	1.12893	1.12893	1.12740	-92.00	2986.82
1589	2020.07.08 16:32	modify	715	0.40	1.12893	1.12903	1.13276	0.00	2986.82
1590	2020.07.08 16:39	t/p	715	0.40	1.13276	1.12903	1.13276	153.20	3140.02
1591	2020.07.14 11:45	buy	717	1.06	1.13492	1.13285	1.14010	0.00	3140.02
1592	2020.07.14 14:36	modify	717	1.06	1.13492	1.13502	1.14010	0.00	3140.02
1593	2020.07.14 17:29	t/p	717	1.06	1.14010	1.13502	1.14010	549.08	3689.10
1594	2020.07.16 15:00	buy	718	0.39	1.14133	1.13944	1.14606	0.00	3689.10
1595	2020.07.16 17:40	modify	718	0.39	1.14133	1.14143	1.14606	0.00	3689.10
1596	2020.07.16 19:39	s/l	718	0.39	1.14143	1.14143	1.14606	3.90	3693.00
1597	2020.07.21 10:15	buy	719	0.60	1.14589	1.14345	1.15199	0.00	3693.00
1598	2020.07.21 10:42	sell	720	1.20	1.14403	1.14589	1.14345	0.00	3693.00
1599	2020.07.21 10:46	s/l	719	0.60	1.14345	1.14345	1.15199	-146.40	3546.60
1600	2020.07.21 10:46	t/p	720	1.20	1.14345	1.14589	1.14345	69.60	3616.20
1601	2020.07.29 09:15	buy	721	0.43	1.17407	1.17240	1.17825	0.00	3616.20
1602	2020.07.29 10:43	modify	721	0.43	1.17407	1.17417	1.17825	0.00	3616.20
1603	2020.07.29 14:01	s/l	721	0.43	1.17417	1.17417	1.17825	4.30	3620.50
1604	2020.08.17 14:45	buy	722	1.31	1.18510	1.18318	1.18990	0.00	3620.50
1605	2020.08.17 16:51	modify	722	1.31	1.18510	1.18520	1.18990	0.00	3620.50
1606	2020.08.18 09:33	t/p	722	1.31	1.18990	1.18520	1.18990	617.87	4238.37
1607	2020.08.27 10:45	buy	723	0.49	1.18316	1.18144	1.18746	0.00	4238.37
1608	2020.08.27 13:32	sell	724	0.98	1.18186	1.18316	1.18144	0.00	4238.37
1609	2020.08.27 13:34	s/l	723	0.49	1.18144	1.18144	1.18746	-84.28	4154.09
1610	2020.08.27 13:34	t/p	724	0.98	1.18144	1.18316	1.18144	41.16	4195.25
1611	2020.09.02 09:30	sell	725	0.44	1.18965	1.19153	1.18495	0.00	4195.25
1612	2020.09.02 10:32	modify	725	0.44	1.18965	1.18955	1.18495	0.00	4195.25
1613	2020.09.02 14:31	t/p	725	0.44	1.18495	1.18955	1.18495	206.80	4402.05
1614	2020.09.09 11:45	sell	726	1.44	1.17679	1.17892	1.17147	0.00	4402.05
1615	2020.09.09 15:36	buy	727	2.88	1.17840	1.17679	1.17892	0.00	4402.05
1616	2020.09.09 15:49	s/l	726	1.44	1.17892	1.17892	1.17147	-306.72	4095.33
1617	2020.09.09 15:49	t/p	727	2.88	1.17892	1.17679	1.17892	149.76	4245.09
1618	2020.09.10 11:30	buy	728	0.23	1.18319	1.18138	1.18772	0.00	4245.09
1619	2020.09.10 15:31	modify	728	0.23	1.18319	1.18329	1.18772	0.00	4245.09
1620	2020.09.10 15:31	t/p	728	0.23	1.18772	1.18329	1.18772	104.19	4349.28
1621	2020.09.30 15:30	buy	729	1.61	1.17154	1.16965	1.17627	0.00	4349.28
1622	2020.09.30 16:34	sell	730	3.22	1.17012	1.17154	1.16965	0.00	4349.28
1623	2020.09.30 16:38	s/l	729	1.61	1.16965	1.16965	1.17627	-304.29	4044.99
1624	2020.09.30 16:38	t/p	730	3.22	1.16965	1.17154	1.16965	151.34	4196.33
1625	2020.10.12 10:45	buy	731	0.45	1.18219	1.18036	1.18677	0.00	4196.33
1626	2020.10.12 11:40	sell	732	0.90	1.18080	1.18219	1.18036	0.00	4196.33
1627	2020.10.12 12:24	s/l	731	0.45	1.18036	1.18036	1.18677	-82.35	4113.98
1628	2020.10.12 12:24	t/p	732	0.90	1.18036	1.18219	1.18036	39.60	4153.58
1629	2020.10.13 16:15	sell	733	0.45	1.17823	1.18006	1.17366	0.00	4153.58
1630	2020.10.13 16:39	modify	733	0.45	1.17823	1.17813	1.17366	0.00	4153.58
1631	2020.10.13 18:47	t/p	733	0.45	1.17366	1.17813	1.17366	205.65	4359.23
1632	2020.11.10 10:00	sell	734	1.45	1.18168	1.18378	1.17643	0.00	4359.23
1633	2020.11.10 10:20	buy	735	2.90	1.18327	1.18168	1.18378	0.00	4359.23
1634	2020.11.10 10:28	s/l	734	1.45	1.18378	1.18378	1.17643	-304.50	4054.73
1635	2020.11.10 10:28	t/p	735	2.90	1.18378	1.18168	1.18378	147.90	4202.63
1636	2020.11.11 09:45	sell	736	0.53	1.18144	1.18301	1.17752	0.00	4202.63
1637	2020.11.11 10:20	modify	736	0.53	1.18144	1.18134	1.17752	0.00	4202.63
1638	2020.11.11 12:55	t/p	736	0.53	1.17752	1.18134	1.17752	207.76	4410.39
1639	2020.11.12 16:00	buy	737	0.72	1.18095	1.17883	1.18625	0.00	4410.39
1640	2020.11.12 16:12	sell	738	1.44	1.17936	1.18095	1.17883	0.00	4410.39
1641	2020.11.12 16:29	s/l	737	0.72	1.17883	1.17883	1.18625	-152.64	4257.75
1642	2020.11.12 16:29	t/p	738	1.44	1.17883	1.18095	1.17883	76.32	4334.07
1643	2020.11.19 10:30	sell	739	0.24	1.18360	1.18534	1.17925	0.00	4334.07
1644	2020.11.19 19:26	buy	740	0.48	1.18492	1.18360	1.18534	0.00	4334.07
1645	2020.11.19 20:55	s/l	739	0.24	1.18534	1.18534	1.17925	-41.76	4292.31
1646	2020.11.19 20:55	t/p	740	0.48	1.18534	1.18360	1.18534	20.16	4312.47
1647	2020.11.25 15:00	buy	741	0.53	1.18959	1.18799	1.19359	0.00	4312.47
1648	2020.11.25 17:39	modify	741	0.53	1.18959	1.18969	1.19359	0.00	4312.47
1649	2020.11.26 08:23	t/p	741	0.53	1.19359	1.18969	1.19359	198.73	4511.20
1650	2020.12.01 15:30	buy	742	1.57	1.19823	1.19622	1.20326	0.00	4511.20
1651	2020.12.01 17:17	modify	742	1.57	1.19823	1.19833	1.20326	0.00	4511.20
1652	2020.12.01 17:49	t/p	742	1.57	1.20326	1.19833	1.20326	789.71	5300.91
1653	2020.12.15 16:30	buy	743	1.11	1.21529	1.21338	1.22007	0.00	5300.91
1654	2020.12.16 10:30	modify	743	1.11	1.21529	1.21539	1.22007	0.00	5300.91
1655	2020.12.16 10:34	t/p	743	1.11	1.22007	1.21539	1.22007	521.32	5822.23
1656	2020.12.22 10:00	sell	744	1.54	1.22167	1.22318	1.21790	0.00	5822.23
1657	2020.12.22 12:49	buy	745	3.08	1.22283	1.22167	1.22318	0.00	5822.23
1658	2020.12.22 12:52	s/l	744	1.54	1.22318	1.22318	1.21790	-232.54	5589.69
1659	2020.12.22 12:52	t/p	745	3.08	1.22318	1.22167	1.22318	107.80	5697.49
1660	2020.12.23 10:15	sell	746	0.59	1.21838	1.22029	1.21361	0.00	5697.49
1661	2020.12.23 11:30	buy	747	1.18	1.21983	1.21838	1.22029	0.00	5697.49
1662	2020.12.23 12:30	s/l	747	1.18	1.21838	1.21838	1.22029	-171.10	5526.39
1663	2020.12.23 16:30	buy	748	1.18	1.21982	1.21838	1.22029	0.00	5526.39
1664	2020.12.23 16:30	s/l	746	0.59	1.22029	1.22029	1.21361	-112.69	5413.70
1665	2020.12.23 16:30	t/p	748	1.18	1.22029	1.21838	1.22029	55.46	5469.16
1666	2020.12.28 15:15	buy	749	0.58	1.22187	1.22001	1.22652	0.00	5469.16
1667	2020.12.28 20:44	sell	750	1.16	1.22046	1.22187	1.22001	0.00	5469.16
1668	2020.12.29 01:18	s/l	750	1.16	1.22187	1.22187	1.22001	-160.62	5308.54
1669	2020.12.29 09:12	modify	749	0.58	1.22187	1.22197	1.22652	0.00	5308.54
1670	2020.12.29 16:48	t/p	749	0.58	1.22652	1.22197	1.22652	264.86	5573.40
1671	2020.12.31 11:00	buy	751	1.19	1.23012	1.22849	1.23420	0.00	5573.40
1672	2020.12.31 11:10	sell	752	2.38	1.22889	1.23012	1.22849	0.00	5573.40
1673	2020.12.31 11:15	s/l	751	1.19	1.22849	1.22849	1.23420	-193.97	5379.43
1674	2020.12.31 11:15	t/p	752	2.38	1.22849	1.23012	1.22849	95.20	5474.63
1675	2021.01.05 10:15	buy	753	0.65	1.22697	1.22531	1.23112	0.00	5474.63
1676	2021.01.05 17:01	sell	754	1.30	1.22572	1.22697	1.22531	0.00	5474.63
1677	2021.01.05 17:36	s/l	754	1.30	1.22697	1.22697	1.22531	-162.50	5312.13
1678	2021.01.05 18:45	modify	753	0.65	1.22697	1.22707	1.23112	0.00	5312.13
1679	2021.01.06 02:50	t/p	753	0.65	1.23112	1.22707	1.23112	264.33	5576.46
1680	2021.01.21 11:30	buy	755	0.89	1.21412	1.21193	1.21960	0.00	5576.46
1681	2021.01.22 02:14	modify	755	0.89	1.21412	1.21422	1.21960	0.00	5576.46
1682	2021.01.25 12:00	s/l	755	0.89	1.21422	1.21422	1.21960	-5.95	5570.51
1683	2021.01.28 15:15	sell	756	0.25	1.20907	1.21129	1.20352	0.00	5570.51
1684	2021.01.28 15:49	buy	757	0.50	1.21074	1.20907	1.21129	0.00	5570.51
1685	2021.01.28 15:50	s/l	756	0.25	1.21129	1.21129	1.20352	-55.50	5515.01
1686	2021.01.28 15:50	t/p	757	0.50	1.21129	1.20907	1.21129	27.50	5542.51
1687	2021.02.02 11:45	sell	758	0.54	1.20683	1.20886	1.20176	0.00	5542.51
1688	2021.02.02 12:16	modify	758	0.54	1.20683	1.20673	1.20176	0.00	5542.51
1689	2021.02.02 19:01	t/p	758	0.54	1.20176	1.20673	1.20176	273.78	5816.29
1690	2021.02.08 09:45	buy	759	2.56	1.20459	1.20300	1.20857	0.00	5816.29
1691	2021.02.08 10:27	sell	760	5.12	1.20339	1.20459	1.20300	0.00	5816.29
1692	2021.02.08 10:29	s/l	759	2.56	1.20300	1.20300	1.20857	-407.04	5409.25
1693	2021.02.08 10:29	t/p	760	5.12	1.20300	1.20459	1.20300	199.68	5608.93
1694	2021.02.08 15:45	buy	761	0.60	1.20367	1.20182	1.20830	0.00	5608.93
1695	2021.02.08 17:05	modify	761	0.60	1.20367	1.20377	1.20830	0.00	5608.93
1696	2021.02.08 18:21	s/l	761	0.60	1.20377	1.20377	1.20830	6.00	5614.93
1697	2021.02.22 10:15	buy	762	2.38	1.21199	1.21034	1.21612	0.00	5614.93
1698	2021.02.22 10:24	sell	763	4.76	1.21074	1.21199	1.21034	0.00	5614.93
1699	2021.02.22 10:27	s/l	762	2.38	1.21034	1.21034	1.21612	-392.70	5222.23
1700	2021.02.22 10:27	t/p	763	4.76	1.21034	1.21199	1.21034	190.40	5412.63
1701	2021.04.15 16:30	buy	764	0.30	1.19716	1.19541	1.20154	0.00	5412.63
1702	2021.04.15 18:35	sell	765	0.60	1.19583	1.19716	1.19541	0.00	5412.63
1703	2021.04.15 19:32	s/l	765	0.60	1.19716	1.19716	1.19541	-79.80	5332.83
1704	2021.04.15 20:14	sell	766	0.60	1.19583	1.19716	1.19541	0.00	5332.83
1705	2021.04.15 21:13	s/l	766	0.60	1.19716	1.19716	1.19541	-79.80	5253.03
1706	2021.04.16 03:55	sell	767	0.60	1.19581	1.19716	1.19541	0.00	5253.03
1707	2021.04.16 04:04	s/l	764	0.30	1.19541	1.19541	1.20154	-55.00	5198.02
1708	2021.04.16 04:04	t/p	767	0.60	1.19541	1.19716	1.19541	24.00	5222.02
1709	2021.04.21 16:15	sell	768	0.68	1.20019	1.20171	1.19639	0.00	5222.02
1710	2021.04.21 17:24	buy	769	1.36	1.20134	1.20019	1.20171	0.00	5222.02
1711	2021.04.21 17:26	s/l	768	0.68	1.20171	1.20171	1.19639	-103.36	5118.66
1712	2021.04.21 17:26	t/p	769	1.36	1.20171	1.20019	1.20171	50.32	5168.98
1713	2021.05.13 11:30	sell	770	0.28	1.20814	1.20997	1.20357	0.00	5168.98
1714	2021.05.13 11:50	modify	770	0.28	1.20814	1.20804	1.20357	0.00	5168.98
1715	2021.05.13 14:23	s/l	770	0.28	1.20804	1.20804	1.20357	2.80	5171.78
1716	2021.05.27 09:30	sell	771	1.02	1.21872	1.22048	1.21432	0.00	5171.78
1717	2021.05.27 10:00	buy	772	2.04	1.22005	1.21872	1.22048	0.00	5171.78
1718	2021.05.27 10:17	s/l	771	1.02	1.22048	1.22048	1.21432	-179.52	4992.26
1719	2021.05.27 10:17	t/p	772	2.04	1.22048	1.21872	1.22048	87.72	5079.98
1720	2021.05.27 16:00	sell	773	0.28	1.21861	1.22041	1.21411	0.00	5079.98
1721	2021.05.27 17:02	buy	774	0.56	1.21997	1.21861	1.22041	0.00	5079.98
1722	2021.05.27 17:17	s/l	773	0.28	1.22041	1.22041	1.21411	-50.40	5029.58
1723	2021.05.27 17:17	t/p	774	0.56	1.22041	1.21861	1.22041	24.64	5054.22
1724	2021.05.31 15:00	buy	775	0.65	1.21993	1.21839	1.22378	0.00	5054.22
1725	2021.05.31 17:55	modify	775	0.65	1.21993	1.22003	1.22378	0.00	5054.22
1726	2021.06.01 10:30	t/p	775	0.65	1.22378	1.22003	1.22378	244.83	5299.05
1727	2021.06.23 10:45	buy	776	1.50	1.19343	1.19096	1.19961	0.00	5299.05
1728	2021.06.25 16:56	modify	776	1.50	1.19343	1.19353	1.19961	0.00	5299.05
1729	2021.06.25 19:29	s/l	776	1.50	1.19353	1.19353	1.19961	-35.06	5263.99
1730	2021.07.05 09:45	buy	777	0.66	1.18658	1.18499	1.19056	0.00	5263.99
1731	2021.07.05 10:16	sell	778	1.32	1.18536	1.18658	1.18499	0.00	5263.99
1732	2021.07.05 10:36	s/l	778	1.32	1.18658	1.18658	1.18499	-161.04	5102.95
1733	2021.07.06 09:04	modify	777	0.66	1.18658	1.18668	1.19056	0.00	5102.95
1734	2021.07.06 11:07	s/l	777	0.66	1.18668	1.18668	1.19056	1.09	5104.04
1735	2021.07.07 16:00	sell	779	1.60	1.18159	1.18382	1.17602	0.00	5104.04
1736	2021.07.07 17:32	modify	779	1.60	1.18159	1.18149	1.17602	0.00	5104.04
1737	2021.07.07 21:02	s/l	779	1.60	1.18149	1.18149	1.17602	16.00	5120.04
1738	2021.07.20 15:15	sell	780	1.02	1.17749	1.17948	1.17252	0.00	5120.04
1739	2021.07.21 17:24	buy	781	2.04	1.17899	1.17749	1.17948	0.00	5120.04
1740	2021.07.21 17:40	s/l	780	1.02	1.17948	1.17948	1.17252	-200.39	4919.65
1741	2021.07.21 17:40	t/p	781	2.04	1.17948	1.17749	1.17948	99.96	5019.61
1742	2021.08.05 15:30	sell	782	0.28	1.18418	1.18592	1.17983	0.00	5019.61
1743	2021.08.06 11:23	modify	782	0.28	1.18418	1.18408	1.17983	0.00	5019.61
1744	2021.08.06 15:30	t/p	782	0.28	1.17983	1.18408	1.17983	122.51	5142.12
1745	2021.08.25 16:15	buy	783	1.86	1.17433	1.17240	1.17916	0.00	5142.12
1746	2021.08.25 21:13	modify	783	1.86	1.17433	1.17443	1.17916	0.00	5142.12
1747	2021.08.27 03:35	s/l	783	1.86	1.17443	1.17443	1.17916	-43.48	5098.64
1748	2021.09.01 15:30	buy	784	0.67	1.18263	1.18112	1.18641	0.00	5098.64
1749	2021.09.01 17:45	modify	784	0.67	1.18263	1.18273	1.18641	0.00	5098.64
1750	2021.09.02 17:38	t/p	784	0.67	1.18641	1.18273	1.18641	236.49	5335.12
1751	2021.09.23 15:45	buy	785	1.01	1.17305	1.17121	1.17765	0.00	5335.12
1752	2021.09.24 14:41	sell	786	2.02	1.17167	1.17305	1.17121	0.00	5335.12
1753	2021.09.24 15:32	s/l	785	1.01	1.17121	1.17121	1.17765	-194.27	5140.86
1754	2021.09.24 15:32	t/p	786	2.02	1.17121	1.17305	1.17121	92.92	5233.78
1755	2021.09.27 14:30	sell	787	0.67	1.16971	1.17125	1.16586	0.00	5233.78
1756	2021.09.27 15:43	buy	788	1.34	1.17088	1.16971	1.17125	0.00	5233.78
1757	2021.09.27 16:28	s/l	788	1.34	1.16971	1.16971	1.17125	-156.78	5077.00
1758	2021.09.27 17:18	buy	789	1.34	1.17087	1.16971	1.17125	0.00	5077.00
1759	2021.09.27 17:50	s/l	789	1.34	1.16971	1.16971	1.17125	-155.44	4921.56
1760	2021.09.28 10:10	modify	787	0.67	1.16971	1.16961	1.16586	0.00	4921.56
1761	2021.09.28 17:15	s/l	787	0.67	1.16961	1.16961	1.16586	8.40	4929.96
1762	2021.10.05 16:15	sell	790	2.05	1.15887	1.16055	1.15467	0.00	4929.96
1763	2021.10.05 18:09	buy	791	4.10	1.16014	1.15887	1.16055	0.00	4929.96
1764	2021.10.05 18:13	s/l	790	2.05	1.16055	1.16055	1.15467	-344.40	4585.56
1765	2021.10.05 18:13	t/p	791	4.10	1.16055	1.15887	1.16055	168.10	4753.66
1766	2021.10.25 10:45	buy	792	0.39	1.16630	1.16392	1.17225	0.00	4753.66
1767	2021.10.25 12:13	sell	793	0.78	1.16451	1.16630	1.16392	0.00	4753.66
1768	2021.10.25 12:18	s/l	792	0.39	1.16392	1.16392	1.17225	-92.82	4660.84
1769	2021.10.25 12:18	t/p	793	0.78	1.16392	1.16630	1.16392	46.02	4706.86
1770	2021.11.04 16:00	sell	794	0.23	1.15534	1.15731	1.15042	0.00	4706.86
1771	2021.11.05 14:30	modify	794	0.23	1.15534	1.15524	1.15042	0.00	4706.86
1772	2021.11.05 17:39	s/l	794	0.23	1.15524	1.15524	1.15042	2.88	4709.74
1773	2021.11.08 10:45	buy	795	1.58	1.15691	1.15483	1.16211	0.00	4709.74
1774	2021.11.09 07:05	modify	795	1.58	1.15691	1.15701	1.16211	0.00	4709.74
1775	2021.11.09 15:01	s/l	795	1.58	1.15701	1.15701	1.16211	2.62	4712.36
1776	2021.11.15 15:00	sell	796	1.20	1.14409	1.14566	1.14017	0.00	4712.36
1777	2021.11.15 18:02	modify	796	1.20	1.14409	1.14399	1.14017	0.00	4712.36
1778	2021.11.15 19:24	t/p	796	1.20	1.14017	1.14399	1.14017	470.40	5182.76
1779	2021.11.18 16:30	buy	797	0.63	1.13411	1.13247	1.13821	0.00	5182.76
1780	2021.11.18 19:04	modify	797	0.63	1.13411	1.13421	1.13821	0.00	5182.76
1781	2021.11.19 10:01	s/l	797	0.63	1.13421	1.13421	1.13821	1.04	5183.80
1782	2021.12.01 15:30	buy	798	1.05	1.13284	1.13087	1.13777	0.00	5183.80
1783	2021.12.01 22:07	sell	799	2.10	1.13136	1.13284	1.13087	0.00	5183.80
1784	2021.12.02 03:54	s/l	799	2.10	1.13284	1.13284	1.13087	-294.82	4888.98
1785	2021.12.02 09:22	sell	800	2.10	1.13135	1.13284	1.13087	0.00	4888.98
1786	2021.12.02 09:56	s/l	798	1.05	1.13087	1.13087	1.13777	-233.13	4655.84
1787	2021.12.02 09:56	t/p	800	2.10	1.13087	1.13284	1.13087	100.80	4756.64
1788	2021.12.02 10:45	buy	801	0.29	1.13242	1.13080	1.13647	0.00	4756.64
1789	2021.12.02 18:14	sell	802	0.58	1.13120	1.13242	1.13080	0.00	4756.64
1790	2021.12.02 18:20	s/l	801	0.29	1.13080	1.13080	1.13647	-46.98	4709.66
1791	2021.12.02 18:20	t/p	802	0.58	1.13080	1.13242	1.13080	23.20	4732.86
1792	2021.12.27 14:15	sell	803	0.58	1.13070	1.13231	1.12668	0.00	4732.86
1793	2021.12.27 16:23	buy	804	1.16	1.13191	1.13070	1.13231	0.00	4732.86
1794	2021.12.27 16:38	s/l	803	0.58	1.13231	1.13231	1.12668	-93.38	4639.48
1795	2021.12.27 16:38	t/p	804	1.16	1.13231	1.13070	1.13231	46.40	4685.88
1796	2022.01.03 15:30	buy	805	0.55	1.13631	1.13461	1.14056	0.00	4685.88
1797	2022.01.03 15:35	sell	806	1.10	1.13503	1.13631	1.13461	0.00	4685.88
1798	2022.01.03 15:51	s/l	805	0.55	1.13461	1.13461	1.14056	-93.50	4592.38
1799	2022.01.03 15:55	t/p	806	1.10	1.13461	1.13631	1.13461	46.20	4638.58
1800	2022.01.05 15:15	buy	807	0.60	1.13182	1.13029	1.13565	0.00	4638.58
1801	2022.01.05 15:15	sell	808	1.20	1.13067	1.13182	1.13029	0.00	4638.58
1802	2022.01.05 15:40	s/l	808	1.20	1.13182	1.13182	1.13029	-138.00	4500.58
1803	2022.01.05 17:01	modify	807	0.60	1.13182	1.13192	1.13565	0.00	4500.58
1804	2022.01.05 21:09	s/l	807	0.60	1.13192	1.13192	1.13565	6.00	4506.58
1805	2022.01.06 16:45	buy	809	0.74	1.13256	1.13043	1.13789	0.00	4506.58
1806	2022.01.06 17:07	sell	810	1.48	1.13095	1.13256	1.13043	0.00	4506.58
1807	2022.01.06 17:26	s/l	809	0.74	1.13043	1.13043	1.13789	-157.62	4348.96
1808	2022.01.06 17:26	t/p	810	1.48	1.13043	1.13256	1.13043	76.96	4425.92
1809	2022.01.20 16:30	sell	811	0.26	1.13429	1.13596	1.13012	0.00	4425.92
1810	2022.01.20 20:37	modify	811	0.26	1.13429	1.13419	1.13012	0.00	4425.92
1811	2022.01.21 03:03	t/p	811	0.26	1.13012	1.13419	1.13012	109.08	4535.00
1812	2022.02.08 15:15	sell	812	1.72	1.14073	1.14257	1.13613	0.00	4535.00
1813	2022.02.08 16:17	buy	813	3.44	1.14213	1.14073	1.14257	0.00	4535.00
1814	2022.02.08 16:58	s/l	813	3.44	1.14073	1.14073	1.14257	-481.60	4053.40
1815	2022.02.08 17:56	buy	814	3.44	1.14212	1.14073	1.14257	0.00	4053.40
1816	2022.02.08 20:16	s/l	814	3.44	1.14073	1.14073	1.14257	-478.16	3575.24
1817	2022.02.08 20:57	buy	815	3.44	1.14212	1.14073	1.14257	0.00	3575.24
1818	2022.02.09 04:02	s/l	812	1.72	1.14257	1.14257	1.13613	-312.12	3263.12
1819	2022.02.09 04:02	t/p	815	3.44	1.14257	1.14073	1.14257	126.10	3389.22
1820	2022.02.09 15:45	buy	816	0.39	1.14450	1.14278	1.14880	0.00	3389.22
1821	2022.02.09 16:04	sell	817	0.78	1.14320	1.14450	1.14278	0.00	3389.22
1822	2022.02.09 16:24	s/l	816	0.39	1.14278	1.14278	1.14880	-67.08	3322.14
1823	2022.02.09 16:24	t/p	817	0.78	1.14278	1.14450	1.14278	32.76	3354.90
1824	2022.02.16 16:45	buy	818	0.35	1.13702	1.13512	1.14177	0.00	3354.90
1825	2022.02.17 05:55	sell	819	0.70	1.13559	1.13702	1.13512	0.00	3354.90
1826	2022.02.17 05:55	s/l	818	0.35	1.13512	1.13512	1.14177	-75.26	3279.64
1827	2022.02.17 05:55	t/p	819	0.70	1.13512	1.13702	1.13512	32.90	3312.54
1828	2022.02.17 08:45	sell	820	0.15	1.13546	1.13760	1.13011	0.00	3312.54
1829	2022.02.17 09:44	buy	821	0.30	1.13707	1.13546	1.13760	0.00	3312.54
1830	2022.02.17 10:00	s/l	820	0.15	1.13760	1.13760	1.13011	-32.10	3280.44
1831	2022.02.17 10:00	t/p	821	0.30	1.13760	1.13546	1.13760	15.90	3296.34
1832	2022.03.09 10:15	buy	822	0.32	1.09293	1.09089	1.09803	0.00	3296.34
1833	2022.03.09 11:27	modify	822	0.32	1.09293	1.09303	1.09803	0.00	3296.34
1834	2022.03.09 12:06	t/p	822	0.32	1.09803	1.09303	1.09803	163.20	3459.54
1835	2022.03.29 09:45	buy	823	1.11	1.10025	1.09807	1.10570	0.00	3459.54
1836	2022.03.29 11:52	sell	824	2.22	1.09861	1.10025	1.09807	0.00	3459.54
1837	2022.03.29 11:53	s/l	823	1.11	1.09807	1.09807	1.10570	-241.98	3217.56
1838	2022.03.29 11:54	t/p	824	2.22	1.09807	1.10025	1.09807	119.88	3337.44
1839	2022.04.07 10:15	sell	825	0.19	1.09124	1.09298	1.08689	0.00	3337.44
1840	2022.04.07 11:11	modify	825	0.19	1.09124	1.09114	1.08689	0.00	3337.44
1841	2022.04.07 12:20	t/p	825	0.19	1.08689	1.09114	1.08689	82.65	3420.09
1842	2022.04.11 09:30	sell	826	1.45	1.08789	1.08953	1.08379	0.00	3420.09
1843	2022.04.11 10:26	buy	827	2.90	1.08913	1.08789	1.08953	0.00	3420.09
1844	2022.04.11 10:26	s/l	826	1.45	1.08953	1.08953	1.08379	-237.80	3182.29
1845	2022.04.11 10:26	t/p	827	2.90	1.08953	1.08789	1.08953	116.00	3298.29
1846	2022.04.13 09:30	sell	828	0.34	1.08275	1.08469	1.07790	0.00	3298.29
1847	2022.04.13 14:29	buy	829	0.68	1.08421	1.08275	1.08469	0.00	3298.29
1848	2022.04.13 14:32	s/l	828	0.34	1.08469	1.08469	1.07790	-65.96	3232.33
1849	2022.04.13 14:32	t/p	829	0.68	1.08469	1.08275	1.08469	32.64	3264.97
1850	2022.04.13 15:00	sell	830	0.35	1.08313	1.08497	1.07853	0.00	3264.97
1851	2022.04.13 17:53	buy	831	0.70	1.08452	1.08313	1.08497	0.00	3264.97
1852	2022.04.13 18:02	s/l	830	0.35	1.08497	1.08497	1.07853	-64.40	3200.57
1853	2022.04.13 18:02	t/p	831	0.70	1.08497	1.08313	1.08497	31.50	3232.07
1854	2022.04.19 16:15	sell	832	0.42	1.07876	1.08028	1.07496	0.00	3232.07
1855	2022.04.19 16:31	buy	833	0.84	1.07991	1.07876	1.08028	0.00	3232.07
1856	2022.04.19 16:43	s/l	832	0.42	1.08028	1.08028	1.07496	-63.84	3168.23
1857	2022.04.19 16:43	t/p	833	0.84	1.08028	1.07876	1.08028	31.08	3199.31
1858	2022.04.20 11:30	buy	834	0.41	1.08193	1.08037	1.08583	0.00	3199.31
1859	2022.04.20 12:09	modify	834	0.41	1.08193	1.08203	1.08583	0.00	3199.31
1860	2022.04.20 12:38	t/p	834	0.41	1.08583	1.08203	1.08583	159.90	3359.21
1861	2022.04.21 08:15	buy	835	0.66	1.08450	1.08272	1.08895	0.00	3359.21
1862	2022.04.21 09:30	modify	835	0.66	1.08450	1.08460	1.08895	0.00	3359.21
1863	2022.04.21 09:41	t/p	835	0.66	1.08895	1.08460	1.08895	293.70	3652.91
1864	2022.05.03 08:00	sell	836	0.59	1.05017	1.05263	1.04402	0.00	3652.91
1865	2022.05.03 10:32	buy	837	1.18	1.05202	1.05017	1.05263	0.00	3652.91
1866	2022.05.03 10:36	s/l	836	0.59	1.05263	1.05263	1.04402	-145.14	3507.77
1867	2022.05.03 10:36	t/p	837	1.18	1.05263	1.05017	1.05263	71.98	3579.75
1868	2022.05.04 15:30	buy	838	0.35	1.05412	1.05213	1.05910	0.00	3579.75
1869	2022.05.04 17:05	sell	839	0.70	1.05262	1.05412	1.05213	0.00	3579.75
1870	2022.05.04 17:50	s/l	839	0.70	1.05412	1.05412	1.05213	-105.00	3474.75
1871	2022.05.04 21:01	modify	838	0.35	1.05412	1.05422	1.05910	0.00	3474.75
1872	2022.05.04 21:10	s/l	838	0.35	1.05422	1.05422	1.05910	3.50	3478.25
1873	2022.05.18 15:15	buy	840	1.26	1.05222	1.05029	1.05705	0.00	3478.25
1874	2022.05.18 17:28	sell	841	2.52	1.05076	1.05222	1.05029	0.00	3478.25
1875	2022.05.18 17:31	s/l	840	1.26	1.05029	1.05029	1.05705	-243.18	3235.07
1876	2022.05.18 17:31	t/p	841	2.52	1.05029	1.05222	1.05029	118.44	3353.51
1877	2022.05.26 10:45	buy	842	0.16	1.06934	1.06734	1.07434	0.00	3353.51
1878	2022.05.26 11:21	sell	843	0.32	1.06784	1.06934	1.06734	0.00	3353.51
1879	2022.05.26 12:34	s/l	843	0.32	1.06934	1.06934	1.06734	-48.00	3305.51
1880	2022.05.26 18:13	modify	842	0.16	1.06934	1.06944	1.07434	0.00	3305.51
1881	2022.05.27 04:33	t/p	842	0.16	1.07434	1.06944	1.07434	78.66	3384.17
1882	2022.06.01 16:45	sell	844	1.19	1.07130	1.07328	1.06635	0.00	3384.17
1883	2022.06.01 17:04	modify	844	1.19	1.07130	1.07120	1.06635	0.00	3384.17
1884	2022.06.01 17:18	t/p	844	1.19	1.06635	1.07120	1.06635	589.05	3973.22
1885	2022.06.08 11:45	sell	845	0.79	1.06769	1.06970	1.06267	0.00	3973.22
1886	2022.06.08 12:27	buy	846	1.58	1.06921	1.06769	1.06970	0.00	3973.22
1887	2022.06.08 12:30	s/l	845	0.79	1.06970	1.06970	1.06267	-158.79	3814.43
1888	2022.06.08 12:30	t/p	846	1.58	1.06970	1.06769	1.06970	77.42	3891.85
1889	2022.06.21 09:45	buy	847	0.50	1.05279	1.05126	1.05662	0.00	3891.85
1890	2022.06.21 10:16	modify	847	0.50	1.05279	1.05289	1.05662	0.00	3891.85
1891	2022.06.21 11:19	t/p	847	0.50	1.05662	1.05289	1.05662	191.50	4083.35
1892	2022.06.22 16:00	buy	848	1.58	1.05310	1.05130	1.05760	0.00	4083.35
1893	2022.06.22 16:41	modify	848	1.58	1.05310	1.05320	1.05760	0.00	4083.35
1894	2022.06.22 17:37	t/p	848	1.58	1.05760	1.05320	1.05760	711.00	4794.35
1895	2022.06.27 10:00	buy	849	1.18	1.05686	1.05524	1.06091	0.00	4794.35
1896	2022.06.27 15:40	sell	850	2.36	1.05562	1.05686	1.05524	0.00	4794.35
1897	2022.06.27 15:57	s/l	850	2.36	1.05686	1.05686	1.05524	-292.64	4501.71
1898	2022.06.27 17:48	modify	849	1.18	1.05686	1.05696	1.06091	0.00	4501.71
1899	2022.06.27 18:15	t/p	849	1.18	1.06091	1.05696	1.06091	477.90	4979.61
1900	2022.06.28 11:30	buy	851	1.29	1.05880	1.05726	1.06265	0.00	4979.61
1901	2022.06.28 14:09	sell	852	2.58	1.05764	1.05880	1.05726	0.00	4979.61
1902	2022.06.28 14:23	s/l	852	2.58	1.05880	1.05880	1.05726	-299.28	4680.33
1903	2022.06.28 14:37	sell	853	2.58	1.05764	1.05880	1.05726	0.00	4680.33
1904	2022.06.28 14:52	s/l	851	1.29	1.05726	1.05726	1.06265	-198.66	4481.67
1905	2022.06.28 14:52	t/p	853	2.58	1.05726	1.05880	1.05726	98.04	4579.71
1906	2022.07.13 10:00	sell	854	0.59	1.00335	1.00488	0.99953	0.00	4579.71
1907	2022.07.13 10:00	buy	855	1.18	1.00451	1.00335	1.00488	0.00	4579.71
1908	2022.07.13 10:00	s/l	854	0.59	1.00488	1.00488	0.99953	-90.27	4489.44
1909	2022.07.13 10:00	t/p	855	1.18	1.00488	1.00335	1.00488	43.66	4533.10
1910	2022.07.19 08:15	buy	856	0.47	1.01413	1.01223	1.01888	0.00	4533.10
1911	2022.07.19 10:00	modify	856	0.47	1.01413	1.01423	1.01888	0.00	4533.10
1912	2022.07.19 10:29	t/p	856	0.47	1.01888	1.01423	1.01888	223.25	4756.35
1913	2022.08.01 09:45	buy	857	2.14	1.02270	1.02115	1.02658	0.00	4756.35
1914	2022.08.01 11:33	modify	857	2.14	1.02270	1.02280	1.02658	0.00	4756.35
1915	2022.08.01 11:41	t/p	857	2.14	1.02658	1.02280	1.02658	830.32	5586.67
1916	2022.08.03 16:15	sell	858	1.13	1.01762	1.01959	1.01270	0.00	5586.67
1917	2022.08.03 17:01	modify	858	1.13	1.01762	1.01752	1.01270	0.00	5586.67
1918	2022.08.03 17:35	t/p	858	1.13	1.01270	1.01752	1.01270	555.96	6142.63
1919	2022.08.08 14:15	buy	859	1.16	1.01999	1.01788	1.02527	0.00	6142.63
1920	2022.08.08 15:37	sell	860	2.32	1.01840	1.01999	1.01788	0.00	6142.63
1921	2022.08.08 16:00	s/l	860	2.32	1.01999	1.01999	1.01788	-368.88	5773.75
1922	2022.08.09 11:30	modify	859	1.16	1.01999	1.02009	1.02527	0.00	5773.75
1923	2022.08.10 14:53	t/p	859	1.16	1.02527	1.02009	1.02527	593.12	6366.88
1924	2022.08.11 09:15	buy	861	0.81	1.02897	1.02741	1.03287	0.00	6366.88
1925	2022.08.11 09:58	modify	861	0.81	1.02897	1.02907	1.03287	0.00	6366.88
1926	2022.08.11 10:33	t/p	861	0.81	1.03287	1.02907	1.03287	315.90	6682.78
1927	2022.08.17 09:15	sell	862	1.73	1.01733	1.01887	1.01348	0.00	6682.78
1928	2022.08.17 10:20	modify	862	1.73	1.01733	1.01723	1.01348	0.00	6682.78
1929	2022.08.17 11:27	s/l	862	1.73	1.01723	1.01723	1.01348	17.30	6700.08
1930	2022.08.17 14:30	sell	863	1.36	1.01597	1.01794	1.01105	0.00	6700.08
1931	2022.08.17 16:58	buy	864	2.72	1.01745	1.01597	1.01794	0.00	6700.08
1932	2022.08.17 17:04	s/l	863	1.36	1.01794	1.01794	1.01105	-267.92	6432.16
1933	2022.08.17 17:04	t/p	864	2.72	1.01794	1.01597	1.01794	133.28	6565.44
1934	2022.08.18 09:00	sell	865	0.40	1.01644	1.01806	1.01239	0.00	6565.44
1935	2022.08.18 11:04	buy	866	0.80	1.01767	1.01644	1.01806	0.00	6565.44
1936	2022.08.18 11:31	s/l	866	0.80	1.01644	1.01644	1.01806	-98.40	6467.04
1937	2022.08.18 11:46	buy	867	0.80	1.01766	1.01644	1.01806	0.00	6467.04
1938	2022.08.18 11:55	s/l	867	0.80	1.01644	1.01644	1.01806	-97.60	6369.44
1939	2022.08.18 13:09	buy	868	0.80	1.01767	1.01644	1.01806	0.00	6369.44
1940	2022.08.18 13:09	s/l	865	0.40	1.01806	1.01806	1.01239	-64.80	6304.64
1941	2022.08.18 13:09	t/p	868	0.80	1.01806	1.01644	1.01806	31.20	6335.84
1942	2022.08.18 15:45	sell	869	0.26	1.01654	1.01889	1.01067	0.00	6335.84
1943	2022.08.18 16:45	modify	869	0.26	1.01654	1.01644	1.01067	0.00	6335.84
1944	2022.08.18 19:17	t/p	869	0.26	1.01067	1.01644	1.01067	152.62	6488.46
1945	2022.08.24 09:00	sell	870	2.45	0.99430	0.99615	0.98968	0.00	6488.46
1946	2022.08.24 10:23	buy	871	4.90	0.99569	0.99430	0.99615	0.00	6488.46
1947	2022.08.24 11:47	s/l	871	4.90	0.99430	0.99430	0.99615	-681.10	5807.36
1948	2022.08.24 12:14	buy	872	4.90	0.99569	0.99430	0.99615	0.00	5807.36
1949	2022.08.24 13:05	s/l	872	4.90	0.99430	0.99430	0.99615	-681.10	5126.26
1950	2022.08.24 15:45	modify	870	2.45	0.99430	0.99420	0.98968	0.00	5126.26
1951	2022.08.24 17:46	s/l	870	2.45	0.99420	0.99420	0.98968	24.50	5150.76
1952	2022.10.17 10:15	buy	873	1.14	0.97468	0.97288	0.97918	0.00	5150.76
1953	2022.10.17 11:29	sell	874	2.28	0.97332	0.97468	0.97288	0.00	5150.76
1954	2022.10.17 11:32	s/l	873	1.14	0.97288	0.97288	0.97918	-205.20	4945.56
1955	2022.10.17 11:32	t/p	874	2.28	0.97288	0.97468	0.97288	100.32	5045.88
1956	2022.10.25 11:15	buy	875	0.45	0.98730	0.98507	0.99288	0.00	5045.88
1957	2022.10.25 11:58	sell	876	0.90	0.98562	0.98730	0.98507	0.00	5045.88
1958	2022.10.25 12:23	s/l	876	0.90	0.98730	0.98730	0.98507	-151.20	4894.68
1959	2022.10.25 13:47	sell	877	0.90	0.98561	0.98730	0.98507	0.00	4894.68
1960	2022.10.25 14:05	s/l	875	0.45	0.98507	0.98507	0.99288	-100.35	4794.33
1961	2022.10.25 14:05	t/p	877	0.90	0.98507	0.98730	0.98507	48.60	4842.93
1962	2022.10.25 16:00	buy	878	0.47	0.98748	0.98542	0.99263	0.00	4842.93
1963	2022.10.25 16:16	modify	878	0.47	0.98748	0.98758	0.99263	0.00	4842.93
1964	2022.10.25 16:24	t/p	878	0.47	0.99263	0.98758	0.99263	242.05	5084.98
1965	2022.11.01 11:15	sell	879	1.57	0.99183	0.99409	0.98618	0.00	5084.98
1966	2022.11.01 11:59	buy	880	3.14	0.99353	0.99183	0.99409	0.00	5084.98
1967	2022.11.01 12:26	s/l	879	1.57	0.99409	0.99409	0.98618	-354.82	4730.16
1968	2022.11.01 12:26	t/p	880	3.14	0.99409	0.99183	0.99409	175.84	4906.00
1969	2022.11.17 09:45	buy	881	0.26	1.03868	1.03681	1.04336	0.00	4906.00
1970	2022.11.17 11:33	sell	882	0.52	1.03727	1.03868	1.03681	0.00	4906.00
1971	2022.11.17 11:34	s/l	881	0.26	1.03681	1.03681	1.04336	-48.62	4857.38
1972	2022.11.17 11:34	t/p	882	0.52	1.03681	1.03868	1.03681	23.92	4881.30
1973	2022.12.06 10:30	sell	883	0.43	1.04892	1.05116	1.04332	0.00	4881.30
1974	2022.12.06 12:19	buy	884	0.86	1.05062	1.04892	1.05116	0.00	4881.30
1975	2022.12.06 13:20	s/l	883	0.43	1.05116	1.05116	1.04332	-96.32	4784.98
1976	2022.12.06 13:20	t/p	884	0.86	1.05116	1.04892	1.05116	46.44	4831.42
1977	2022.12.08 11:00	buy	885	0.29	1.05268	1.05104	1.05678	0.00	4831.42
1978	2022.12.08 11:06	sell	886	0.58	1.05144	1.05268	1.05104	0.00	4831.42
1979	2022.12.08 11:20	s/l	885	0.29	1.05104	1.05104	1.05678	-47.56	4783.86
1980	2022.12.08 11:20	t/p	886	0.58	1.05104	1.05268	1.05104	23.20	4807.06
1981	2022.12.13 08:00	buy	887	0.54	1.05518	1.05342	1.05958	0.00	4807.06
1982	2022.12.13 10:32	sell	888	1.08	1.05386	1.05518	1.05342	0.00	4807.06
1983	2022.12.13 10:49	s/l	887	0.54	1.05342	1.05342	1.05958	-95.04	4712.02
1984	2022.12.13 10:49	t/p	888	1.08	1.05342	1.05518	1.05342	47.52	4759.54
1985	2022.12.15 08:30	buy	889	0.31	1.06600	1.06447	1.06983	0.00	4759.54
1986	2022.12.15 09:37	sell	890	0.62	1.06484	1.06600	1.06447	0.00	4759.54
1987	2022.12.15 09:44	s/l	889	0.31	1.06447	1.06447	1.06983	-47.43	4712.11
1988	2022.12.15 09:44	t/p	890	0.62	1.06447	1.06600	1.06447	22.94	4735.05
1989	2022.12.21 11:00	buy	891	0.47	1.06346	1.06147	1.06844	0.00	4735.05
1990	2022.12.21 11:36	sell	892	0.94	1.06196	1.06346	1.06147	0.00	4735.05
1991	2022.12.21 11:37	s/l	891	0.47	1.06147	1.06147	1.06844	-93.53	4641.52
1992	2022.12.21 11:37	t/p	892	0.94	1.06147	1.06346	1.06147	46.06	4687.58
1993	2022.12.21 14:30	buy	893	0.54	1.06196	1.06025	1.06624	0.00	4687.58
1994	2022.12.21 16:25	sell	894	1.08	1.06067	1.06196	1.06025	0.00	4687.58
1995	2022.12.21 16:44	s/l	893	0.54	1.06025	1.06025	1.06624	-92.34	4595.24
1996	2022.12.21 16:45	t/p	894	1.08	1.06025	1.06196	1.06025	45.36	4640.60
1997	2022.12.22 11:45	buy	895	0.30	1.06419	1.06269	1.06794	0.00	4640.60
1998	2022.12.22 12:50	sell	896	0.60	1.06306	1.06419	1.06269	0.00	4640.60
1999	2022.12.22 13:00	s/l	895	0.30	1.06269	1.06269	1.06794	-45.00	4595.60
2000	2022.12.22 13:00	t/p	896	0.60	1.06269	1.06419	1.06269	22.20	4617.80
2001	2022.12.22 15:00	buy	897	0.20	1.06371	1.06147	1.06931	0.00	4617.80
2002	2022.12.22 15:31	sell	898	0.40	1.06202	1.06371	1.06147	0.00	4617.80
2003	2022.12.22 15:34	s/l	897	0.20	1.06147	1.06147	1.06931	-44.80	4573.00
2004	2022.12.22 15:34	t/p	898	0.40	1.06147	1.06371	1.06147	22.00	4595.00
2005	2022.12.26 15:15	buy	899	0.57	1.06300	1.06141	1.06698	0.00	4595.00
2006	2022.12.27 04:01	modify	899	0.57	1.06300	1.06310	1.06698	0.00	4595.00
2007	2022.12.27 15:00	s/l	899	0.57	1.06310	1.06310	1.06698	0.94	4595.94
2008	2022.12.28 16:30	buy	900	1.43	1.06541	1.06317	1.07101	0.00	4595.94
2009	2022.12.28 17:31	sell	901	2.86	1.06372	1.06541	1.06317	0.00	4595.94
2010	2022.12.28 17:36	s/l	900	1.43	1.06317	1.06317	1.07101	-320.32	4275.62
2011	2022.12.28 17:37	t/p	901	2.86	1.06317	1.06541	1.06317	157.30	4432.92
2012	2023.01.04 15:30	buy	902	0.42	1.06138	1.05929	1.06661	0.00	4432.92
2013	2023.01.04 17:04	sell	903	0.84	1.05980	1.06138	1.05929	0.00	4432.92
2014	2023.01.04 17:04	s/l	902	0.42	1.05929	1.05929	1.06661	-87.78	4345.14
2015	2023.01.04 17:04	t/p	903	0.84	1.05929	1.06138	1.05929	42.84	4387.98
2016	2023.01.05 08:15	buy	904	0.22	1.06197	1.06001	1.06687	0.00	4387.98
2017	2023.01.05 08:59	sell	905	0.44	1.06048	1.06197	1.06001	0.00	4387.98
2018	2023.01.05 09:44	s/l	904	0.22	1.06001	1.06001	1.06687	-43.12	4344.86
2019	2023.01.05 09:45	t/p	905	0.44	1.06001	1.06197	1.06001	20.68	4365.54
2020	2023.01.05 11:45	buy	906	0.24	1.06257	1.06076	1.06710	0.00	4365.54
2021	2023.01.05 12:34	sell	907	0.48	1.06121	1.06257	1.06076	0.00	4365.54
2022	2023.01.05 13:24	s/l	906	0.24	1.06076	1.06076	1.06710	-43.44	4322.10
2023	2023.01.05 13:24	t/p	907	0.48	1.06076	1.06257	1.06076	21.60	4343.70
2024	2023.01.11 11:30	buy	908	0.37	1.07468	1.07235	1.08051	0.00	4343.70
2025	2023.01.11 14:18	sell	909	0.74	1.07293	1.07468	1.07235	0.00	4343.70
2026	2023.01.11 15:14	s/l	909	0.74	1.07468	1.07468	1.07235	-129.50	4214.20
2027	2023.01.12 15:28	modify	908	0.37	1.07468	1.07478	1.08051	0.00	4214.20
2028	2023.01.12 15:28	t/p	908	0.37	1.08051	1.07478	1.08051	206.45	4420.65
2029	2023.01.17 09:45	buy	910	1.93	1.08260	1.08100	1.08660	0.00	4420.65
2030	2023.01.17 11:57	sell	911	3.86	1.08140	1.08260	1.08100	0.00	4420.65
2031	2023.01.17 12:00	s/l	911	3.86	1.08260	1.08260	1.08100	-463.20	3957.45
2032	2023.01.17 12:04	sell	912	3.86	1.08140	1.08260	1.08100	0.00	3957.45
2033	2023.01.17 12:28	s/l	910	1.93	1.08100	1.08100	1.08660	-308.80	3648.65
2034	2023.01.17 12:28	t/p	912	3.86	1.08100	1.08260	1.08100	154.40	3803.05
2035	2023.01.24 15:00	sell	913	0.40	1.08598	1.08784	1.08133	0.00	3803.05
2036	2023.01.24 15:22	buy	914	0.80	1.08738	1.08598	1.08784	0.00	3803.05
2037	2023.01.24 15:26	s/l	913	0.40	1.08784	1.08784	1.08133	-74.40	3728.65
2038	2023.01.24 15:26	t/p	914	0.80	1.08784	1.08598	1.08784	36.80	3765.45
2039	2023.01.30 09:30	sell	915	0.49	1.08567	1.08718	1.08190	0.00	3765.45
2040	2023.01.30 10:00	buy	916	0.98	1.08681	1.08567	1.08718	0.00	3765.45
2041	2023.01.30 10:00	s/l	915	0.49	1.08718	1.08718	1.08190	-73.99	3691.46
2042	2023.01.30 10:00	t/p	916	0.98	1.08718	1.08567	1.08718	36.26	3727.72
2043	2023.02.08 15:00	sell	917	0.42	1.07338	1.07513	1.06901	0.00	3727.72
2044	2023.02.09 10:22	buy	918	0.84	1.07470	1.07338	1.07513	0.00	3727.72
2045	2023.02.09 10:23	s/l	917	0.42	1.07513	1.07513	1.06901	-70.30	3657.41
2046	2023.02.09 10:28	t/p	918	0.84	1.07513	1.07338	1.07513	36.12	3693.53
2047	2023.02.15 14:00	sell	919	0.48	1.07111	1.07263	1.06731	0.00	3693.53
2048	2023.02.15 15:30	modify	919	0.48	1.07111	1.07101	1.06731	0.00	3693.53
2049	2023.02.15 16:23	t/p	919	0.48	1.06731	1.07101	1.06731	182.40	3875.93
2050	2023.02.16 10:30	buy	920	0.72	1.07194	1.07007	1.07662	0.00	3875.93
2051	2023.02.16 10:48	sell	921	1.44	1.07053	1.07194	1.07007	0.00	3875.93
2052	2023.02.16 10:54	s/l	920	0.72	1.07007	1.07007	1.07662	-134.64	3741.29
2053	2023.02.16 11:23	t/p	921	1.44	1.07007	1.07194	1.07007	66.24	3807.53
2054	2023.02.20 15:45	buy	922	0.44	1.06855	1.06684	1.07283	0.00	3807.53
2055	2023.02.21 03:08	sell	923	0.88	1.06726	1.06855	1.06684	0.00	3807.53
2056	2023.02.21 03:13	s/l	922	0.44	1.06684	1.06684	1.07283	-78.91	3728.62
2057	2023.02.21 03:13	t/p	923	0.88	1.06684	1.06855	1.06684	36.96	3765.58
2058	2023.02.21 16:00	sell	924	0.40	1.06529	1.06716	1.06062	0.00	3765.58
2059	2023.02.21 16:06	buy	925	0.80	1.06671	1.06529	1.06716	0.00	3765.58
2060	2023.02.21 16:35	s/l	924	0.40	1.06716	1.06716	1.06062	-74.80	3690.78
2061	2023.02.21 16:35	t/p	925	0.80	1.06716	1.06529	1.06716	36.00	3726.78
2062	2023.02.23 09:30	sell	926	0.21	1.06124	1.06296	1.05694	0.00	3726.78
2063	2023.02.23 13:22	modify	926	0.21	1.06124	1.06114	1.05694	0.00	3726.78
2064	2023.02.23 14:29	s/l	926	0.21	1.06114	1.06114	1.05694	2.10	3728.88
2065	2023.03.09 16:00	buy	927	0.54	1.05744	1.05506	1.06339	0.00	3728.88
2066	2023.03.10 15:30	modify	927	0.54	1.05744	1.05754	1.06339	0.00	3728.88
2067	2023.03.10 15:42	t/p	927	0.54	1.06339	1.05754	1.06339	316.79	4045.68
2068	2023.03.14 11:45	buy	928	0.92	1.07069	1.06894	1.07507	0.00	4045.68
2069	2023.03.14 14:30	modify	928	0.92	1.07069	1.07079	1.07507	0.00	4045.68
2070	2023.03.14 14:35	s/l	928	0.92	1.07079	1.07079	1.07507	9.20	4054.88
2071	2023.03.16 11:30	sell	929	0.39	1.06092	1.06296	1.05582	0.00	4054.88
2072	2023.03.16 14:43	modify	929	0.39	1.06092	1.06082	1.05582	0.00	4054.88
2073	2023.03.16 15:15	s/l	929	0.39	1.06082	1.06082	1.05582	3.90	4058.78
2074	2023.03.27 10:30	sell	930	0.73	1.07620	1.07842	1.07065	0.00	4058.78
2075	2023.03.27 14:41	buy	931	1.46	1.07787	1.07620	1.07842	0.00	4058.78
2076	2023.03.27 16:24	s/l	930	0.73	1.07842	1.07842	1.07065	-162.06	3896.72
2077	2023.03.27 16:24	t/p	931	1.46	1.07842	1.07620	1.07842	80.30	3977.02
2078	2023.03.29 16:00	buy	932	0.47	1.08539	1.08370	1.08962	0.00	3977.02
2079	2023.03.29 16:22	sell	933	0.94	1.08411	1.08539	1.08370	0.00	3977.02
2080	2023.03.29 16:23	s/l	932	0.47	1.08370	1.08370	1.08962	-79.43	3897.59
2081	2023.03.29 16:23	t/p	933	0.94	1.08370	1.08539	1.08370	38.54	3936.13
2082	2023.04.04 09:30	buy	934	0.41	1.08998	1.08810	1.09468	0.00	3936.13
2083	2023.04.04 10:52	modify	934	0.41	1.08998	1.09008	1.09468	0.00	3936.13
2084	2023.04.04 14:59	s/l	934	0.41	1.09008	1.09008	1.09468	4.10	3940.23
2085	2023.04.05 15:30	buy	935	1.66	1.09522	1.09356	1.09937	0.00	3940.23
2086	2023.04.05 16:39	sell	936	3.32	1.09397	1.09522	1.09356	0.00	3940.23
2087	2023.04.05 17:00	s/l	936	3.32	1.09522	1.09522	1.09356	-415.00	3525.23
2088	2023.04.05 17:09	sell	937	3.32	1.09397	1.09522	1.09356	0.00	3525.23
2089	2023.04.05 17:10	s/l	935	1.66	1.09356	1.09356	1.09937	-275.56	3249.67
2090	2023.04.05 17:10	t/p	937	3.32	1.09356	1.09522	1.09356	136.12	3385.79
2091	2023.04.10 14:30	sell	938	0.38	1.08936	1.09114	1.08491	0.00	3385.79
2092	2023.04.10 15:09	modify	938	0.38	1.08936	1.08926	1.08491	0.00	3385.79
2093	2023.04.10 15:59	t/p	938	0.38	1.08491	1.08926	1.08491	169.10	3554.89
2094	2023.04.11 10:15	buy	939	1.51	1.08954	1.08790	1.09364	0.00	3554.89
2095	2023.04.11 12:32	modify	939	1.51	1.08954	1.08964	1.09364	0.00	3554.89
2096	2023.04.11 20:12	s/l	939	1.51	1.08964	1.08964	1.09364	15.10	3569.99
2097	2023.04.19 10:45	sell	940	0.87	1.09581	1.09745	1.09171	0.00	3569.99
2098	2023.04.19 12:32	modify	940	0.87	1.09581	1.09571	1.09171	0.00	3569.99
2099	2023.04.19 16:07	s/l	940	0.87	1.09571	1.09571	1.09171	8.70	3578.69
2100	2023.05.02 11:00	sell	941	0.62	1.09858	1.10086	1.09288	0.00	3578.69
2101	2023.05.02 12:58	modify	941	0.62	1.09858	1.09848	1.09288	0.00	3578.69
2102	2023.05.02 17:35	s/l	941	0.62	1.09848	1.09848	1.09288	6.20	3584.89
2103	2023.05.10 11:00	sell	942	0.72	1.09646	1.09845	1.09149	0.00	3584.89
2104	2023.05.10 15:30	buy	943	1.44	1.09796	1.09646	1.09845	0.00	3584.89
2105	2023.05.10 15:31	s/l	942	0.72	1.09845	1.09845	1.09149	-143.28	3441.61
2106	2023.05.10 15:31	t/p	943	1.44	1.09845	1.09646	1.09845	70.56	3512.17
2107	2023.05.16 16:45	buy	944	0.43	1.08878	1.08717	1.09281	0.00	3512.17
2108	2023.05.16 16:57	sell	945	0.86	1.08757	1.08878	1.08717	0.00	3512.17
2109	2023.05.16 17:04	s/l	944	0.43	1.08717	1.08717	1.09281	-69.23	3442.94
2110	2023.05.16 17:04	t/p	945	0.86	1.08717	1.08878	1.08717	34.40	3477.34
2111	2023.05.22 09:30	buy	946	0.43	1.08212	1.08053	1.08610	0.00	3477.34
2112	2023.05.22 10:00	sell	947	0.86	1.08092	1.08212	1.08053	0.00	3477.34
2113	2023.05.22 10:13	s/l	946	0.43	1.08053	1.08053	1.08610	-68.37	3408.97
2114	2023.05.22 10:13	t/p	947	0.86	1.08053	1.08212	1.08053	33.54	3442.51
2115	2023.05.24 16:45	sell	948	0.36	1.07770	1.07961	1.07293	0.00	3442.51
2116	2023.05.25 00:03	modify	948	0.36	1.07770	1.07760	1.07293	0.00	3442.51
2117	2023.05.25 09:08	t/p	948	0.36	1.07293	1.07760	1.07293	174.46	3616.97
2118	2023.06.01 10:30	sell	949	0.77	1.06724	1.06887	1.06317	0.00	3616.97
2119	2023.06.01 11:54	buy	950	1.54	1.06847	1.06724	1.06887	0.00	3616.97
2120	2023.06.01 12:03	s/l	949	0.77	1.06887	1.06887	1.06317	-125.51	3491.46
2121	2023.06.01 12:03	t/p	950	1.54	1.06887	1.06724	1.06887	61.60	3553.06
2122	2023.06.15 11:00	buy	951	0.17	1.08272	1.08065	1.08790	0.00	3553.06
2123	2023.06.15 15:30	modify	951	0.17	1.08272	1.08282	1.08790	0.00	3553.06
2124	2023.06.15 15:41	t/p	951	0.17	1.08790	1.08282	1.08790	88.06	3641.12
2125	2023.06.21 16:00	buy	952	1.34	1.09252	1.09062	1.09727	0.00	3641.12
2126	2023.06.21 16:45	sell	953	2.68	1.09109	1.09252	1.09062	0.00	3641.12
2127	2023.06.21 16:54	s/l	953	2.68	1.09252	1.09252	1.09062	-383.24	3257.88
2128	2023.06.21 17:35	modify	952	1.34	1.09252	1.09262	1.09727	0.00	3257.88
2129	2023.06.21 19:51	t/p	952	1.34	1.09727	1.09262	1.09727	636.50	3894.38
2130	2023.07.06 16:30	buy	954	0.33	1.08860	1.08626	1.09445	0.00	3894.38
2131	2023.07.06 17:00	sell	955	0.66	1.08684	1.08860	1.08626	0.00	3894.38
2132	2023.07.06 17:06	s/l	954	0.33	1.08626	1.08626	1.09445	-77.22	3817.16
2133	2023.07.06 17:06	t/p	955	0.66	1.08626	1.08860	1.08626	38.28	3855.44
2134	2023.07.19 09:15	sell	956	0.39	1.12182	1.12377	1.11695	0.00	3855.44
2135	2023.07.19 10:22	buy	957	0.78	1.12330	1.12182	1.12377	0.00	3855.44
2136	2023.07.19 12:18	s/l	956	0.39	1.12377	1.12377	1.11695	-76.05	3779.39
2137	2023.07.19 12:18	t/p	957	0.78	1.12377	1.12182	1.12377	36.66	3816.05
2138	2023.07.20 10:45	sell	958	0.18	1.12018	1.12230	1.11488	0.00	3816.05
2139	2023.07.20 17:09	modify	958	0.18	1.12018	1.12008	1.11488	0.00	3816.05
2140	2023.07.20 17:30	t/p	958	0.18	1.11488	1.12008	1.11488	95.40	3911.45
2141	2023.07.24 10:30	sell	959	1.09	1.11241	1.11490	1.10619	0.00	3911.45
2142	2023.07.24 10:32	modify	959	1.09	1.11241	1.11231	1.10619	0.00	3911.45
2143	2023.07.24 22:41	t/p	959	1.09	1.10619	1.11231	1.10619	677.98	4589.43
2144	2023.07.27 10:15	buy	960	0.44	1.11082	1.10878	1.11592	0.00	4589.43
2145	2023.07.27 11:56	modify	960	0.44	1.11082	1.11092	1.11592	0.00	4589.43
2146	2023.07.27 15:17	s/l	960	0.44	1.11092	1.11092	1.11592	4.40	4593.83
2147	2023.08.02 09:15	sell	961	1.14	1.09833	1.09993	1.09433	0.00	4593.83
2148	2023.08.02 09:47	buy	962	2.28	1.09955	1.09833	1.09993	0.00	4593.83
2149	2023.08.02 10:06	s/l	962	2.28	1.09833	1.09833	1.09993	-278.16	4315.67
2150	2023.08.02 10:35	buy	963	2.28	1.09954	1.09833	1.09993	0.00	4315.67
2151	2023.08.02 11:07	s/l	963	2.28	1.09833	1.09833	1.09993	-275.88	4039.79
2152	2023.08.02 15:40	modify	961	1.14	1.09833	1.09823	1.09433	0.00	4039.79
2153	2023.08.02 17:09	t/p	961	1.14	1.09433	1.09823	1.09433	456.00	4495.79
2154	2023.08.03 15:30	sell	964	0.39	1.09279	1.09508	1.08707	0.00	4495.79
2155	2023.08.03 15:40	buy	965	0.78	1.09451	1.09279	1.09508	0.00	4495.79
2156	2023.08.03 15:41	s/l	964	0.39	1.09508	1.09508	1.08707	-89.31	4406.48
2157	2023.08.03 15:41	t/p	965	0.78	1.09508	1.09279	1.09508	44.46	4450.94
2158	2023.08.29 10:30	buy	966	0.50	1.08241	1.08064	1.08684	0.00	4450.94
2159	2023.08.29 11:20	sell	967	1.00	1.08108	1.08241	1.08064	0.00	4450.94
2160	2023.08.29 12:07	s/l	966	0.50	1.08064	1.08064	1.08684	-88.50	4362.44
2161	2023.08.29 12:07	t/p	967	1.00	1.08064	1.08241	1.08064	44.00	4406.44
2162	2023.09.12 16:00	sell	968	0.55	1.07073	1.07231	1.06678	0.00	4406.44
2163	2023.09.12 16:35	buy	969	1.10	1.07192	1.07073	1.07231	0.00	4406.44
2164	2023.09.12 18:08	s/l	968	0.55	1.07231	1.07231	1.06678	-86.90	4319.54
2165	2023.09.12 18:08	t/p	969	1.10	1.07231	1.07073	1.07231	42.90	4362.44
2166	2023.09.20 16:15	buy	970	0.45	1.07094	1.06902	1.07574	0.00	4362.44
2167	2023.09.20 21:01	sell	971	0.90	1.06950	1.07094	1.06902	0.00	4362.44
2168	2023.09.20 21:01	s/l	970	0.45	1.06902	1.06902	1.07574	-86.40	4276.04
2169	2023.09.20 21:01	t/p	971	0.90	1.06902	1.07094	1.06902	43.20	4319.24
2170	2023.09.25 15:00	sell	972	0.57	1.06305	1.06456	1.05928	0.00	4319.24
2171	2023.09.25 16:31	modify	972	0.57	1.06305	1.06295	1.05928	0.00	4319.24
2172	2023.09.25 17:07	t/p	972	0.57	1.05928	1.06295	1.05928	214.89	4534.13
2173	2023.10.10 11:15	buy	973	1.26	1.05824	1.05574	1.06449	0.00	4534.13
2174	2023.10.10 19:03	modify	973	1.26	1.05824	1.05834	1.06449	0.00	4534.13
2175	2023.10.11 15:30	s/l	973	1.26	1.05834	1.05834	1.06449	2.09	4536.21
2176	2023.11.02 10:45	buy	974	0.52	1.06065	1.05891	1.06500	0.00	4536.21
2177	2023.11.02 12:41	modify	974	0.52	1.06065	1.06075	1.06500	0.00	4536.21
2178	2023.11.02 14:14	t/p	974	0.52	1.06500	1.06075	1.06500	226.20	4762.41
2179	2023.11.21 16:15	buy	975	1.06	1.09548	1.09369	1.09996	0.00	4762.41
2180	2023.11.21 17:27	sell	976	2.12	1.09413	1.09548	1.09369	0.00	4762.41
2181	2023.11.21 17:53	s/l	975	1.06	1.09369	1.09369	1.09996	-189.74	4572.67
2182	2023.11.21 17:53	t/p	976	2.12	1.09369	1.09548	1.09369	93.28	4665.95
2183	2023.11.22 10:30	sell	977	0.44	1.09005	1.09216	1.08478	0.00	4665.95
2184	2023.11.22 15:22	buy	978	0.88	1.09164	1.09005	1.09216	0.00	4665.95
2185	2023.11.22 15:30	s/l	978	0.88	1.09005	1.09005	1.09216	-139.92	4526.03
2186	2023.11.22 17:00	modify	977	0.44	1.09005	1.08995	1.08478	0.00	4526.03
2187	2023.11.23 04:12	s/l	977	0.44	1.08995	1.08995	1.08478	7.75	4533.78
2188	2023.11.28 15:30	buy	979	1.90	1.09600	1.09433	1.10018	0.00	4533.78
2189	2023.11.28 17:04	modify	979	1.90	1.09600	1.09610	1.10018	0.00	4533.78
2190	2023.11.28 17:43	t/p	979	1.90	1.10018	1.09610	1.10018	794.20	5327.98
2191	2023.12.04 15:45	sell	980	1.30	1.08617	1.08780	1.08210	0.00	5327.98
2192	2023.12.04 16:12	modify	980	1.30	1.08617	1.08607	1.08210	0.00	5327.98
2193	2023.12.04 16:20	t/p	980	1.30	1.08210	1.08607	1.08210	529.10	5857.08
2194	2024.01.08 10:15	sell	981	1.28	1.09323	1.09506	1.08866	0.00	5857.08
2195	2024.01.08 13:11	buy	982	2.56	1.09461	1.09323	1.09506	0.00	5857.08
2196	2024.01.08 13:21	s/l	981	1.28	1.09506	1.09506	1.08866	-234.24	5622.84
2197	2024.01.08 13:21	t/p	982	2.56	1.09506	1.09323	1.09506	115.20	5738.04
2198	2024.01.09 11:15	sell	983	0.74	1.09385	1.09539	1.09000	0.00	5738.04
2199	2024.01.09 16:35	buy	984	1.48	1.09501	1.09385	1.09539	0.00	5738.04
2200	2024.01.09 17:26	s/l	984	1.48	1.09385	1.09385	1.09539	-171.68	5566.36
2201	2024.01.09 18:03	modify	983	0.74	1.09385	1.09375	1.09000	0.00	5566.36
2202	2024.01.09 19:27	s/l	983	0.74	1.09375	1.09375	1.09000	7.40	5573.76
2203	2024.01.15 15:15	sell	985	2.55	1.09459	1.09612	1.09077	0.00	5573.76
2204	2024.01.16 02:55	modify	985	2.55	1.09459	1.09449	1.09077	0.00	5573.76
2205	2024.01.16 10:32	t/p	985	2.55	1.09077	1.09449	1.09077	980.57	6554.33
2206	2024.01.18 11:30	buy	986	0.67	1.08942	1.08747	1.09430	0.00	6554.33
2207	2024.01.18 14:43	sell	987	1.34	1.08795	1.08942	1.08747	0.00	6554.33
2208	2024.01.18 14:58	s/l	986	0.67	1.08747	1.08747	1.09430	-130.65	6423.68
2209	2024.01.18 14:58	t/p	987	1.34	1.08747	1.08942	1.08747	64.32	6488.00
2210	2024.01.24 11:15	buy	988	0.53	1.08847	1.08606	1.09450	0.00	6488.00
2211	2024.01.24 15:50	modify	988	0.53	1.08847	1.08857	1.09450	0.00	6488.00
2212	2024.01.24 21:19	s/l	988	0.53	1.08857	1.08857	1.09450	5.30	6493.30
2213	2024.02.29 16:15	buy	989	1.16	1.08463	1.08268	1.08951	0.00	6493.30
2214	2024.02.29 17:45	sell	990	2.32	1.08316	1.08463	1.08268	0.00	6493.30
2215	2024.02.29 17:52	s/l	989	1.16	1.08268	1.08268	1.08951	-226.20	6267.10
2216	2024.02.29 17:52	t/p	990	2.32	1.08268	1.08463	1.08268	111.36	6378.46
2217	2024.04.17 16:15	buy	991	0.81	1.06450	1.06294	1.06840	0.00	6378.46
2218	2024.04.17 17:51	sell	992	1.62	1.06331	1.06450	1.06294	0.00	6378.46
2219	2024.04.17 18:39	s/l	992	1.62	1.06450	1.06450	1.06294	-192.78	6185.68
2220	2024.04.17 20:58	modify	991	0.81	1.06450	1.06460	1.06840	0.00	6185.68
2221	2024.04.18 09:04	t/p	991	0.81	1.06840	1.06460	1.06840	295.62	6481.30
2222	2024.05.29 16:15	sell	993	2.40	1.08387	1.08576	1.07915	0.00	6481.30
2223	2024.05.29 18:31	modify	993	2.40	1.08387	1.08377	1.07915	0.00	6481.30
2224	2024.05.30 08:23	t/p	993	2.40	1.07915	1.08377	1.07915	1151.06	7632.36
2225	2024.07.08 09:45	buy	994	1.90	1.08286	1.08126	1.08686	0.00	7632.36
2226	2024.07.09 11:00	sell	995	3.80	1.08166	1.08286	1.08126	0.00	7632.36
2227	2024.07.09 13:35	s/l	995	3.80	1.08286	1.08286	1.08126	-456.00	7176.36
2228	2024.07.09 14:28	sell	996	3.80	1.08166	1.08286	1.08126	0.00	7176.36
2229	2024.07.09 14:39	s/l	994	1.90	1.08126	1.08126	1.08686	-319.85	6856.51
2230	2024.07.09 14:40	t/p	996	3.80	1.08126	1.08286	1.08126	152.00	7008.51
2231	2024.07.25 16:30	sell	997	0.42	1.08402	1.08567	1.07990	0.00	7008.51
2232	2024.07.25 17:30	buy	998	0.84	1.08526	1.08402	1.08567	0.00	7008.51
2233	2024.07.25 17:50	s/l	997	0.42	1.08567	1.08567	1.07990	-69.30	6939.21
2234	2024.07.25 17:50	t/p	998	0.84	1.08567	1.08402	1.08567	34.44	6973.65
2235	2024.07.31 15:30	buy	999	0.80	1.08404	1.08230	1.08839	0.00	6973.65
2236	2024.07.31 17:44	sell	1000	1.60	1.08270	1.08404	1.08230	0.00	6973.65
2237	2024.07.31 17:47	s/l	999	0.80	1.08230	1.08230	1.08839	-139.20	6834.45
2238	2024.07.31 17:47	t/p	1000	1.60	1.08230	1.08404	1.08230	64.00	6898.45
2239	2024.08.01 16:15	sell	1001	0.32	1.07890	1.08102	1.07360	0.00	6898.45
2240	2024.08.01 16:47	buy	1002	0.64	1.08051	1.07890	1.08102	0.00	6898.45
2241	2024.08.01 17:00	s/l	1001	0.32	1.08102	1.08102	1.07360	-67.84	6830.61
2242	2024.08.01 17:00	t/p	1002	0.64	1.08102	1.07890	1.08102	32.64	6863.25
2243	2024.08.22 11:15	buy	1003	0.33	1.11458	1.11253	1.11971	0.00	6863.25
2244	2024.08.22 15:25	sell	1004	0.66	1.11303	1.11458	1.11253	0.00	6863.25
2245	2024.08.22 16:45	s/l	1003	0.33	1.11253	1.11253	1.11971	-67.65	6795.60
2246	2024.08.22 16:45	t/p	1004	0.66	1.11253	1.11458	1.11253	33.00	6828.60
2247	2024.08.28 11:30	sell	1005	0.79	1.11438	1.11610	1.11008	0.00	6828.60
2248	2024.08.28 14:57	modify	1005	0.79	1.11438	1.11428	1.11008	0.00	6828.60
2249	2024.08.29 11:04	t/p	1005	0.79	1.11008	1.11428	1.11008	345.71	7174.31
2250	2024.09.24 15:15	buy	1006	2.90	1.11373	1.11200	1.11806	0.00	7174.31
2251	2024.09.24 17:28	modify	1006	2.90	1.11373	1.11383	1.11806	0.00	7174.31
2252	2024.09.24 23:56	t/p	1006	2.90	1.11806	1.11383	1.11806	1255.70	8430.01
2253	2024.09.26 16:15	sell	1007	0.72	1.11409	1.11640	1.10832	0.00	8430.01
2254	2024.09.26 16:34	buy	1008	1.44	1.11583	1.11409	1.11640	0.00	8430.01
2255	2024.09.26 16:47	s/l	1008	1.44	1.11409	1.11409	1.11640	-250.56	8179.45
2256	2024.09.26 17:40	buy	1009	1.44	1.11585	1.11409	1.11640	0.00	8179.45
2257	2024.09.26 17:43	s/l	1007	0.72	1.11640	1.11640	1.10832	-166.32	8013.13
2258	2024.09.26 17:43	t/p	1009	1.44	1.11640	1.11409	1.11640	79.20	8092.33
2259	2024.10.24 16:15	buy	1010	0.51	1.08021	1.07865	1.08411	0.00	8092.33
2260	2024.10.24 21:50	modify	1010	0.51	1.08021	1.08031	1.08411	0.00	8092.33
2261	2024.10.25 19:50	s/l	1010	0.51	1.08031	1.08031	1.08411	0.84	8093.17
2262	2024.10.30 15:45	buy	1011	2.63	1.08308	1.08093	1.08846	0.00	8093.17
2263	2024.10.30 17:44	modify	1011	2.63	1.08308	1.08318	1.08846	0.00	8093.17
2264	2024.10.31 14:41	t/p	1011	2.63	1.08846	1.08318	1.08846	1349.11	9442.28
2265	2024.10.31 16:30	buy	1012	0.85	1.08715	1.08495	1.09265	0.00	9442.28
2266	2024.10.31 17:02	sell	1013	1.70	1.08550	1.08715	1.08495	0.00	9442.28
2267	2024.10.31 17:51	s/l	1012	0.85	1.08495	1.08495	1.09265	-187.00	9255.28
2268	2024.10.31 17:51	t/p	1013	1.70	1.08495	1.08715	1.08495	93.50	9348.78
2269	2024.11.13 16:30	sell	1014	0.90	1.06206	1.06413	1.05689	0.00	9348.78
2270	2024.11.13 16:52	modify	1014	0.90	1.06206	1.06196	1.05689	0.00	9348.78
2271	2024.11.13 17:06	t/p	1014	0.90	1.05689	1.06196	1.05689	465.30	9814.08
2272	2024.11.18 15:30	buy	1015	3.83	1.05572	1.05393	1.06020	0.00	9814.08
2273	2024.11.18 18:58	modify	1015	3.83	1.05572	1.05582	1.06020	0.00	9814.08
2274	2024.11.18 21:06	t/p	1015	3.83	1.06020	1.05582	1.06020	1715.84	11529.92
2275	2024.11.21 16:15	sell	1016	1.39	1.05245	1.05410	1.04833	0.00	11529.92
2276	2024.11.21 17:01	buy	1017	2.78	1.05369	1.05245	1.05410	0.00	11529.92
2277	2024.11.21 17:08	s/l	1016	1.39	1.05410	1.05410	1.04833	-229.35	11300.57
2278	2024.11.21 17:09	t/p	1017	2.78	1.05410	1.05245	1.05410	113.98	11414.55
2279	2024.11.26 10:00	sell	1018	1.47	1.04719	1.04874	1.04332	0.00	11414.55
2280	2024.11.26 10:19	buy	1019	2.94	1.04837	1.04719	1.04874	0.00	11414.55
2281	2024.11.26 10:21	s/l	1018	1.47	1.04874	1.04874	1.04332	-227.85	11186.70
2282	2024.11.26 10:21	t/p	1019	2.94	1.04874	1.04719	1.04874	108.78	11295.48
2283	2024.11.28 16:45	buy	1020	0.74	1.05445	1.05294	1.05823	0.00	11295.48
2284	2024.11.29 02:36	modify	1020	0.74	1.05445	1.05455	1.05823	0.00	11295.48
2285	2024.11.29 09:00	t/p	1020	0.74	1.05823	1.05455	1.05823	273.55	11569.02
2286	2024.12.02 09:15	sell	1021	3.73	1.05174	1.05391	1.04632	0.00	11569.02
2287	2024.12.02 14:13	buy	1022	7.46	1.05337	1.05174	1.05391	0.00	11569.02
2288	2024.12.02 14:37	s/l	1022	7.46	1.05174	1.05174	1.05391	-1215.98	10353.04
2289	2024.12.02 16:42	modify	1021	3.73	1.05174	1.05164	1.04632	0.00	10353.04
2290	2024.12.02 17:02	t/p	1021	3.73	1.04632	1.05164	1.04632	2021.66	12374.70
2291	2024.12.03 16:00	buy	1023	3.23	1.05244	1.05091	1.05627	0.00	12374.70
2292	2024.12.03 17:00	sell	1024	6.46	1.05127	1.05244	1.05091	0.00	12374.70
2293	2024.12.03 17:00	s/l	1023	3.23	1.05091	1.05091	1.05627	-494.19	11880.51
2294	2024.12.03 17:00	t/p	1024	6.46	1.05091	1.05244	1.05091	232.56	12113.07
2295	2024.12.04 10:45	sell	1025	1.28	1.04980	1.05168	1.04510	0.00	12113.07
2296	2024.12.04 13:41	buy	1026	2.56	1.05121	1.04980	1.05168	0.00	12113.07
2297	2024.12.04 14:06	s/l	1026	2.56	1.04980	1.04980	1.05168	-360.96	11752.11
2298	2024.12.04 17:00	buy	1027	2.56	1.05121	1.04980	1.05168	0.00	11752.11
2299	2024.12.04 17:00	s/l	1025	1.28	1.05168	1.05168	1.04510	-240.64	11511.47
2300	2024.12.04 17:00	t/p	1027	2.56	1.05168	1.04980	1.05168	120.32	11631.79
2301	2024.12.05 11:45	buy	1028	0.77	1.05342	1.05191	1.05720	0.00	11631.79
2302	2024.12.05 15:30	modify	1028	0.77	1.05342	1.05352	1.05720	0.00	11631.79
2303	2024.12.05 16:00	t/p	1028	0.77	1.05720	1.05352	1.05720	291.06	11922.85
2304	2025.01.02 11:45	sell	1029	2.54	1.03557	1.03721	1.03147	0.00	11922.85
2305	2025.01.02 12:48	modify	1029	2.54	1.03557	1.03547	1.03147	0.00	11922.85
2306	2025.01.02 12:49	t/p	1029	2.54	1.03147	1.03547	1.03147	1041.40	12964.25
2307	2025.01.14 16:30	buy	1030	2.17	1.02652	1.02414	1.03247	0.00	12964.25
2308	2025.01.14 18:16	modify	1030	2.17	1.02652	1.02662	1.03247	0.00	12964.25
2309	2025.01.15 15:30	t/p	1030	2.17	1.03247	1.02662	1.03247	1273.04	14237.30
2310	2025.01.27 09:45	buy	1031	3.09	1.04703	1.04519	1.05163	0.00	14237.30
2311	2025.01.27 09:59	sell	1032	6.18	1.04565	1.04703	1.04519	0.00	14237.30
2312	2025.01.27 10:13	s/l	1032	6.18	1.04703	1.04703	1.04519	-852.84	13384.46
2313	2025.01.27 12:05	modify	1031	3.09	1.04703	1.04713	1.05163	0.00	13384.46
2314	2025.01.27 13:13	t/p	1031	3.09	1.05163	1.04713	1.05163	1421.40	14805.86
2315	2025.01.30 11:15	sell	1033	1.81	1.04097	1.04260	1.03690	0.00	14805.86
2316	2025.01.30 15:48	buy	1034	3.62	1.04220	1.04097	1.04260	0.00	14805.86
2317	2025.01.30 15:53	s/l	1033	1.81	1.04260	1.04260	1.03690	-295.03	14510.83
2318	2025.01.30 15:53	t/p	1034	3.62	1.04260	1.04097	1.04260	144.80	14655.63
2319	2025.02.04 15:15	buy	1035	1.90	1.03361	1.03207	1.03746	0.00	14655.63
2320	2025.02.04 16:18	modify	1035	1.90	1.03361	1.03371	1.03746	0.00	14655.63
2321	2025.02.04 17:00	t/p	1035	1.90	1.03746	1.03371	1.03746	731.50	15387.13
2322	2025.02.10 14:00	sell	1036	6.90	1.03204	1.03360	1.02814	0.00	15387.13
2323	2025.02.11 04:34	modify	1036	6.90	1.03204	1.03194	1.02814	0.00	15387.13
2324	2025.02.11 10:57	s/l	1036	6.90	1.03194	1.03194	1.02814	86.50	15473.62
2325	2025.02.26 10:30	buy	1037	3.14	1.05093	1.04896	1.05586	0.00	15473.62
2326	2025.02.26 10:47	sell	1038	6.28	1.04944	1.05093	1.04896	0.00	15473.62
2327	2025.02.26 13:50	s/l	1037	3.14	1.04896	1.04896	1.05586	-618.58	14855.04
2328	2025.02.26 13:50	t/p	1038	6.28	1.04896	1.05093	1.04896	301.44	15156.48
2329	2025.03.12 16:45	buy	1039	1.27	1.09028	1.08790	1.09623	0.00	15156.48
2330	2025.03.12 20:40	sell	1040	2.54	1.08848	1.09028	1.08790	0.00	15156.48
2331	2025.03.13 08:07	s/l	1039	1.27	1.08790	1.08790	1.09623	-334.05	14822.43
2332	2025.03.13 08:07	t/p	1040	2.54	1.08790	1.09028	1.08790	166.64	14989.08
2333	2025.03.13 09:45	sell	1041	0.60	1.08621	1.08870	1.07999	0.00	14989.08
2334	2025.03.13 10:25	buy	1042	1.20	1.08809	1.08621	1.08870	0.00	14989.08
2335	2025.03.13 13:20	s/l	1042	1.20	1.08621	1.08621	1.08870	-225.60	14763.48
2336	2025.03.13 15:12	modify	1041	0.60	1.08621	1.08611	1.07999	0.00	14763.48
2337	2025.03.13 16:03	s/l	1041	0.60	1.08611	1.08611	1.07999	6.00	14769.48
2338	2025.03.17 15:00	buy	1043	6.30	1.09018	1.08854	1.09428	0.00	14769.48
2339	2025.03.17 17:25	modify	1043	6.30	1.09018	1.09028	1.09428	0.00	14769.48
2340	2025.03.18 10:11	t/p	1043	6.30	1.09428	1.09028	1.09428	2530.43	17299.91
2341	2025.03.19 15:00	sell	1044	4.04	1.09014	1.09185	1.08587	0.00	17299.91
2342	2025.03.19 17:58	modify	1044	4.04	1.09014	1.09004	1.08587	0.00	17299.91
2343	2025.03.19 20:36	s/l	1044	4.04	1.09004	1.09004	1.08587	40.40	17340.31
2344	2025.03.24 14:00	sell	1045	3.65	1.08320	1.08510	1.07845	0.00	17340.31
2345	2025.03.24 15:51	modify	1045	3.65	1.08320	1.08310	1.07845	0.00	17340.31
2346	2025.03.24 18:41	t/p	1045	3.65	1.07845	1.08310	1.07845	1733.75	19074.06
2347	2025.03.25 16:15	sell	1046	3.39	1.08051	1.08276	1.07489	0.00	19074.06
2348	2025.03.26 15:29	modify	1046	3.39	1.08051	1.08041	1.07489	0.00	19074.06
2349	2025.03.26 21:17	t/p	1046	3.39	1.07489	1.08041	1.07489	1913.78	20987.84
2350	2025.03.27 15:45	buy	1047	1.97	1.07959	1.07746	1.08492	0.00	20987.84
2351	2025.03.27 15:53	sell	1048	3.94	1.07799	1.07959	1.07746	0.00	20987.84
2352	2025.03.27 17:17	s/l	1048	3.94	1.07959	1.07959	1.07746	-630.40	20357.44
2353	2025.03.28 10:20	sell	1049	3.94	1.07798	1.07959	1.07746	0.00	20357.44
2354	2025.03.28 11:03	s/l	1047	1.97	1.07746	1.07746	1.08492	-436.05	19921.39
2355	2025.03.28 11:20	t/p	1049	3.94	1.07746	1.07959	1.07746	204.88	20126.27
2356	2025.03.31 14:15	buy	1050	2.23	1.08255	1.08075	1.08705	0.00	20126.27
2357	2025.03.31 15:13	sell	1051	4.46	1.08120	1.08255	1.08075	0.00	20126.27
2358	2025.03.31 15:42	s/l	1050	2.23	1.08075	1.08075	1.08705	-401.40	19724.87
2359	2025.03.31 15:46	t/p	1051	4.46	1.08075	1.08255	1.08075	200.70	19925.57
2360	2025.04.17 10:45	buy	1052	1.03	1.13697	1.13505	1.14177	0.00	19925.57
2361	2025.04.17 15:00	sell	1053	2.06	1.13552	1.13697	1.13505	0.00	19925.57
2362	2025.04.17 15:16	s/l	1052	1.03	1.13505	1.13505	1.14177	-197.76	19727.81
2363	2025.04.17 15:16	t/p	1053	2.06	1.13505	1.13697	1.13505	96.82	19824.63
2364	2025.04.29 10:45	buy	1054	1.94	1.14052	1.13848	1.14562	0.00	19824.63
2365	2025.04.29 11:12	sell	1055	3.88	1.13897	1.14052	1.13848	0.00	19824.63
2366	2025.04.29 11:13	s/l	1054	1.94	1.13848	1.13848	1.14562	-395.76	19428.87
2367	2025.04.29 11:13	t/p	1055	3.88	1.13848	1.14052	1.13848	190.12	19618.99
2368	2025.04.29 15:30	buy	1056	2.10	1.13862	1.13676	1.14327	0.00	19618.99
2369	2025.04.29 16:18	modify	1056	2.10	1.13862	1.13872	1.14327	0.00	19618.99
2370	2025.04.29 17:47	s/l	1056	2.10	1.13872	1.13872	1.14327	21.00	19639.99
2371	2025.04.30 10:30	sell	1057	6.48	1.13797	1.14009	1.13267	0.00	19639.99
2372	2025.04.30 18:21	modify	1057	6.48	1.13797	1.13787	1.13267	0.00	19639.99
2373	2025.04.30 18:30	t/p	1057	6.48	1.13267	1.13787	1.13267	3434.40	23074.39
2374	2025.05.01 15:00	sell	1058	2.02	1.13197	1.13425	1.12627	0.00	23074.39
2375	2025.05.01 15:31	buy	1059	4.04	1.13369	1.13197	1.13425	0.00	23074.39
2376	2025.05.01 15:43	s/l	1059	4.04	1.13197	1.13197	1.13425	-694.88	22379.51
2377	2025.05.01 17:20	modify	1058	2.02	1.13197	1.13187	1.12627	0.00	22379.51
2378	2025.05.02 09:10	s/l	1058	2.02	1.13187	1.13187	1.12627	25.32	22404.83
2379	2025.05.14 09:30	buy	1060	5.30	1.11946	1.11777	1.12369	0.00	22404.83
2380	2025.05.14 10:13	sell	1061	10.60	1.11819	1.11946	1.11777	0.00	22404.83
2381	2025.05.14 10:27	s/l	1061	10.60	1.11946	1.11946	1.11777	-1346.20	21058.63
2382	2025.05.14 11:03	modify	1060	5.30	1.11946	1.11956	1.12369	0.00	21058.63
2383	2025.05.14 11:07	t/p	1060	5.30	1.12369	1.11956	1.12369	2241.90	23300.53
2384	2025.05.15 09:30	buy	1062	1.89	1.12077	1.11831	1.12692	0.00	23300.53
2385	2025.05.15 14:33	sell	1063	3.78	1.11889	1.12077	1.11831	0.00	23300.53
2386	2025.05.15 14:34	s/l	1062	1.89	1.11831	1.11831	1.12692	-464.94	22835.59
2387	2025.05.15 14:34	t/p	1063	3.78	1.11831	1.12077	1.11831	219.24	23054.83
2388	2025.05.22 15:45	sell	1064	0.96	1.12926	1.13164	1.12331	0.00	23054.83
2389	2025.05.22 20:28	modify	1064	0.96	1.12926	1.12916	1.12331	0.00	23054.83
2390	2025.05.23 03:24	s/l	1064	0.96	1.12916	1.12916	1.12331	12.03	23066.87
2391	2025.05.27 09:15	buy	1065	7.05	1.13874	1.13645	1.14447	0.00	23066.87
2392	2025.05.27 09:53	sell	1066	14.10	1.13701	1.13874	1.13645	0.00	23066.87
2393	2025.05.27 09:59	s/l	1065	7.05	1.13645	1.13645	1.14447	-1614.45	21452.42
2394	2025.05.27 09:59	t/p	1066	14.10	1.13645	1.13874	1.13645	789.60	22242.02
2395	2025.05.28 14:00	sell	1067	2.64	1.13254	1.13422	1.12834	0.00	22242.02
2396	2025.05.28 16:11	modify	1067	2.64	1.13254	1.13244	1.12834	0.00	22242.02
2397	2025.05.29 02:10	t/p	1067	2.64	1.12834	1.13244	1.12834	1128.89	23370.90
2398	2025.06.05 10:15	buy	1068	5.38	1.14189	1.14037	1.14569	0.00	23370.90
2399	2025.06.05 15:30	modify	1068	5.38	1.14189	1.14199	1.14569	0.00	23370.90
2400	2025.06.05 15:50	s/l	1068	5.38	1.14199	1.14199	1.14569	53.80	23424.70
2401	2025.06.10 10:00	sell	1069	4.22	1.13940	1.14162	1.13385	0.00	23424.70
2402	2025.06.10 11:57	buy	1070	8.44	1.14108	1.13940	1.14162	0.00	23424.70
2403	2025.06.10 12:41	s/l	1069	4.22	1.14162	1.14162	1.13385	-936.84	22487.86
2404	2025.06.10 12:41	t/p	1070	8.44	1.14162	1.13940	1.14162	455.76	22943.62
2405	2025.06.16 08:15	buy	1071	2.85	1.15458	1.15297	1.15861	0.00	22943.62
2406	2025.06.16 09:51	modify	1071	2.85	1.15458	1.15468	1.15861	0.00	22943.62
2407	2025.06.16 16:00	t/p	1071	2.85	1.15861	1.15468	1.15861	1148.55	24092.17
2408	2025.06.18 11:30	sell	1072	10.88	1.15033	1.15188	1.14646	0.00	24092.17
2409	2025.06.18 15:25	buy	1073	21.76	1.15150	1.15033	1.15188	0.00	24092.17
2410	2025.06.18 15:46	s/l	1073	21.76	1.15033	1.15033	1.15188	-2545.92	21546.25
2411	2025.06.18 17:04	buy	1074	21.76	1.15151	1.15033	1.15188	0.00	21546.25
2412	2025.06.18 17:04	s/l	1072	10.88	1.15188	1.15188	1.14646	-1686.40	19859.85
2413	2025.06.18 17:04	t/p	1074	21.76	1.15188	1.15033	1.15188	805.12	20664.97
2414	2025.07.09 10:45	sell	1075	2.05	1.17098	1.17299	1.16596	0.00	20664.97
2415	2025.07.10 01:05	buy	1076	4.10	1.17249	1.17098	1.17299	0.00	20664.97
2416	2025.07.10 02:39	s/l	1075	2.05	1.17299	1.17299	1.16596	-396.45	20268.52
2417	2025.07.10 02:39	t/p	1076	4.10	1.17299	1.17098	1.17299	205.00	20473.52
2418	2025.07.17 09:15	sell	1077	1.07	1.16080	1.16271	1.15603	0.00	20473.52
2419	2025.07.17 09:30	modify	1077	1.07	1.16080	1.16070	1.15603	0.00	20473.52
2420	2025.07.17 15:30	t/p	1077	1.07	1.15603	1.16070	1.15603	510.39	20983.91
2421	2025.07.22 16:45	buy	1078	6.47	1.16990	1.16763	1.17558	0.00	20983.91
2422	2025.07.22 18:16	modify	1078	6.47	1.16990	1.17000	1.17558	0.00	20983.91
2423	2025.07.22 19:07	t/p	1078	6.47	1.17558	1.17000	1.17558	3674.96	24658.87
2424	2025.08.21 16:45	sell	1079	2.73	1.16334	1.16514	1.15884	0.00	24658.87
2425	2025.08.21 17:45	modify	1079	2.73	1.16334	1.16324	1.15884	0.00	24658.87
2426	2025.08.22 07:21	t/p	1079	2.73	1.15884	1.16324	1.15884	1235.42	25894.29
2427	2025.08.26 09:15	sell	1080	6.43	1.16297	1.16458	1.15895	0.00	25894.29
2428	2025.08.26 10:12	modify	1080	6.43	1.16297	1.16287	1.15895	0.00	25894.29
2429	2025.08.26 12:12	s/l	1080	6.43	1.16287	1.16287	1.15895	64.30	25958.59
2430	2025.09.03 15:45	sell	1081	6.87	1.16452	1.16603	1.16075	0.00	25958.59
2431	2025.09.03 17:00	buy	1082	13.74	1.16568	1.16452	1.16603	0.00	25958.59
2432	2025.09.03 17:00	s/l	1081	6.87	1.16603	1.16603	1.16075	-1037.37	24921.22
2433	2025.09.03 17:00	t/p	1082	13.74	1.16603	1.16452	1.16603	480.90	25402.12
2434	2025.09.29 15:00	buy	1083	2.27	1.17293	1.17070	1.17851	0.00	25402.12
2435	2025.09.30 03:51	sell	1084	4.54	1.17125	1.17293	1.17070	0.00	25402.12
2436	2025.09.30 08:00	s/l	1084	4.54	1.17293	1.17293	1.17070	-762.72	24639.40
2437	2025.10.01 08:00	modify	1083	2.27	1.17293	1.17303	1.17851	0.00	24639.40
2438	2025.10.01 13:02	s/l	1083	2.27	1.17303	1.17303	1.17851	-15.18	24624.22
2439	2025.10.01 15:15	sell	1085	2.60	1.17234	1.17423	1.16762	0.00	24624.22
2440	2025.10.01 15:15	buy	1086	5.20	1.17377	1.17234	1.17423	0.00	24624.22
2441	2025.10.01 15:15	s/l	1085	2.60	1.17423	1.17423	1.16762	-491.40	24132.82
2442	2025.10.01 15:15	t/p	1086	5.20	1.17423	1.17234	1.17423	239.20	24372.02
2443	2025.10.02 10:15	buy	1087	1.24	1.17516	1.17321	1.18004	0.00	24372.02
2444	2025.10.02 15:57	sell	1088	2.48	1.17369	1.17516	1.17321	0.00	24372.02
2445	2025.10.02 16:39	s/l	1087	1.24	1.17321	1.17321	1.18004	-241.80	24130.22
2446	2025.10.02 16:39	t/p	1088	2.48	1.17321	1.17516	1.17321	119.04	24249.26
2447	2025.10.09 09:15	sell	1089	1.40	1.16299	1.16472	1.15867	0.00	24249.26
2448	2025.10.09 11:35	modify	1089	1.40	1.16299	1.16289	1.15867	0.00	24249.26
2449	2025.10.09 17:22	t/p	1089	1.40	1.15867	1.16289	1.15867	604.80	24854.06
2450	2025.10.14 09:30	sell	1090	8.48	1.15710	1.15915	1.15198	0.00	24854.06
2451	2025.10.14 17:34	buy	1091	16.96	1.15864	1.15710	1.15915	0.00	24854.06
2452	2025.10.14 17:40	s/l	1090	8.48	1.15915	1.15915	1.15198	-1738.40	23115.66
2453	2025.10.14 17:40	t/p	1091	16.96	1.15915	1.15710	1.15915	864.96	23980.62
2454	2025.10.15 16:45	buy	1092	2.53	1.16272	1.16083	1.16745	0.00	23980.62
2455	2025.10.16 03:27	modify	1092	2.53	1.16272	1.16282	1.16745	0.00	23980.62
2456	2025.10.16 04:51	t/p	1092	2.53	1.16745	1.16282	1.16745	1133.36	25113.98
2457	2025.10.27 10:45	buy	1093	10.98	1.16315	1.16155	1.16715	0.00	25113.98
2458	2025.10.28 02:20	modify	1093	10.98	1.16315	1.16325	1.16715	0.00	25113.98
2459	2025.10.28 15:07	s/l	1093	10.98	1.16325	1.16325	1.16715	18.18	25132.16
2460	2025.10.28 16:30	buy	1094	4.20	1.16557	1.16318	1.17155	0.00	25132.16
2461	2025.10.29 05:41	sell	1095	8.40	1.16377	1.16557	1.16318	0.00	25132.16
2462	2025.10.29 06:55	s/l	1094	4.20	1.16318	1.16318	1.17155	-1038.84	24093.32
2463	2025.10.29 06:55	t/p	1095	8.40	1.16318	1.16557	1.16318	495.60	24588.92
2464	2025.11.10 09:45	buy	1096	2.57	1.15705	1.15514	1.16183	0.00	24588.92
2465	2025.11.10 13:07	sell	1097	5.14	1.15561	1.15705	1.15514	0.00	24588.92
2466	2025.11.10 14:20	s/l	1097	5.14	1.15705	1.15705	1.15514	-740.16	23848.76
2467	2025.11.10 17:31	sell	1098	5.14	1.15561	1.15705	1.15514	0.00	23848.76
2468	2025.11.10 17:41	s/l	1096	2.57	1.15514	1.15514	1.16183	-490.87	23357.89
2469	2025.11.10 17:41	t/p	1098	5.14	1.15514	1.15705	1.15514	241.58	23599.47
2470	2025.11.19 15:45	sell	1099	2.59	1.15749	1.15931	1.15294	0.00	23599.47
2471	2025.11.19 17:10	modify	1099	2.59	1.15749	1.15739	1.15294	0.00	23599.47
2472	2025.11.19 19:26	t/p	1099	2.59	1.15294	1.15739	1.15294	1178.45	24777.92
2473	2025.12.01 09:30	buy	1100	9.12	1.16082	1.15892	1.16557	0.00	24777.92
2474	2025.12.01 14:37	modify	1100	9.12	1.16082	1.16092	1.16557	0.00	24777.92
2475	2025.12.01 21:11	s/l	1100	9.12	1.16092	1.16092	1.16557	91.20	24869.12
2476	2025.12.16 16:00	buy	1101	4.75	1.17758	1.17549	1.18281	0.00	24869.12
2477	2025.12.16 20:02	sell	1102	9.50	1.17601	1.17758	1.17549	0.00	24869.12
2478	2025.12.16 20:07	s/l	1101	4.75	1.17549	1.17549	1.18281	-992.75	23876.37
2479	2025.12.16 20:11	t/p	1102	9.50	1.17549	1.17758	1.17549	494.00	24370.37
2480	2025.12.24 11:00	buy	1103	2.22	1.17995	1.17776	1.18543	0.00	24370.37
2481	2025.12.24 16:08	sell	1104	4.44	1.17829	1.17995	1.17776	0.00	24370.37
2482	2025.12.24 16:55	s/l	1103	2.22	1.17776	1.17776	1.18543	-486.18	23884.19
2483	2025.12.24 16:55	t/p	1104	4.44	1.17776	1.17995	1.17776	235.32	24119.51
2484	2026.01.12 15:15	buy	1105	2.87	1.16925	1.16757	1.17345	0.00	24119.51
2485	2026.01.12 16:25	sell	1106	5.74	1.16798	1.16925	1.16757	0.00	24119.51
2486	2026.01.12 16:29	s/l	1105	2.87	1.16757	1.16757	1.17345	-482.16	23637.35
2487	2026.01.12 16:29	t/p	1106	5.74	1.16757	1.16925	1.16757	235.34	23872.69
2488	2026.01.19 09:15	buy	1107	2.77	1.16400	1.16228	1.16830	0.00	23872.69
2489	2026.01.19 09:37	sell	1108	5.54	1.16271	1.16400	1.16228	0.00	23872.69
2490	2026.01.19 10:07	s/l	1107	2.77	1.16228	1.16228	1.16830	-476.44	23396.25
2491	2026.01.19 10:07	t/p	1108	5.54	1.16228	1.16400	1.16228	238.22	23634.47
2492	2026.01.29 15:00	buy	1109	1.28	1.19613	1.19429	1.20073	0.00	23634.47
2493	2026.01.29 15:47	sell	1110	2.56	1.19475	1.19613	1.19429	0.00	23634.47
2494	2026.01.29 15:49	s/l	1109	1.28	1.19429	1.19429	1.20073	-235.52	23398.95
2495	2026.01.29 15:49	t/p	1110	2.56	1.19429	1.19613	1.19429	117.76	23516.71
2496	2026.02.04 16:15	sell	1111	2.35	1.18076	1.18276	1.17576	0.00	23516.71
2497	2026.02.05 23:02	modify	1111	2.35	1.18076	1.18066	1.17576	0.00	23516.71
2498	2026.02.06 15:49	s/l	1111	2.35	1.18066	1.18066	1.17576	47.34	23564.05
2499	2026.02.18 16:00	sell	1112	6.73	1.18236	1.18481	1.17624	0.00	23564.05
2500	2026.02.18 20:47	modify	1112	6.73	1.18236	1.18226	1.17624	0.00	23564.05
2501	2026.02.19 15:04	t/p	1112	6.73	1.17624	1.18226	1.17624	4169.96	27734.01
2502	2026.02.25 16:00	sell	1113	5.90	1.17734	1.17922	1.17264	0.00	27734.01
2503	2026.02.25 16:46	buy	1114	11.80	1.17875	1.17734	1.17922	0.00	27734.01
2504	2026.02.25 17:07	s/l	1113	5.90	1.17922	1.17922	1.17264	-1109.20	26624.81
2505	2026.02.25 17:07	t/p	1114	11.80	1.17922	1.17734	1.17922	554.60	27179.41
2506	2026.03.17 09:15	buy	1115	3.39	1.14885	1.14725	1.15285	0.00	27179.41
2507	2026.03.17 10:48	modify	1115	3.39	1.14885	1.14895	1.15285	0.00	27179.41
2508	2026.03.17 15:00	t/p	1115	3.39	1.15285	1.14895	1.15285	1356.00	28535.41
