1	2010.01.19 09:15	sell	1	1.01	1.43931	1.44128	1.43439	0.00	10000.00
2	2010.01.19 10:45	modify	1	1.01	1.43931	1.43921	1.43439	0.00	10000.00
3	2010.01.19 11:00	t/p	1	1.01	1.43439	1.43921	1.43439	496.92	10496.92
4	2010.02.15 14:00	sell	2	4.05	1.36095	1.36276	1.35643	0.00	10496.92
5	2010.02.15 16:47	modify	2	4.05	1.36095	1.36085	1.35643	0.00	10496.92
6	2010.02.15 17:39	s/l	2	4.05	1.36085	1.36085	1.35643	40.50	10537.42
7	2010.02.16 11:30	buy	3	1.80	1.36601	1.36368	1.37184	0.00	10537.42
8	2010.02.16 13:38	s/l	3	1.80	1.36368	1.36368	1.37184	-419.40	10118.02
9	2010.03.08 15:00	buy	4	1.12	1.36653	1.36473	1.37103	0.00	10118.02
10	2010.03.08 16:32	s/l	4	1.12	1.36473	1.36473	1.37103	-201.60	9916.42
11	2010.03.10 08:00	sell	5	0.92	1.35826	1.36040	1.35291	0.00	9916.42
12	2010.03.10 09:00	modify	5	0.92	1.35826	1.35816	1.35291	0.00	9916.42
13	2010.03.10 10:14	s/l	5	0.92	1.35816	1.35816	1.35291	9.20	9925.62
14	2010.03.10 15:00	buy	6	3.12	1.36154	1.35932	1.36709	0.00	9925.62
15	2010.03.10 16:52	modify	6	3.12	1.36154	1.36164	1.36709	0.00	9925.62
16	2010.03.10 17:03	t/p	6	3.12	1.36709	1.36164	1.36709	1731.60	11657.22
17	2010.03.11 09:30	buy	7	1.20	1.36425	1.36232	1.36908	0.00	11657.22
18	2010.03.11 14:30	modify	7	1.20	1.36425	1.36435	1.36908	0.00	11657.22
19	2010.03.11 14:44	s/l	7	1.20	1.36435	1.36435	1.36908	12.00	11669.22
20	2010.03.16 08:00	sell	8	2.62	1.36831	1.37009	1.36386	0.00	11669.22
21	2010.03.16 11:00	s/l	8	2.62	1.37009	1.37009	1.36386	-466.36	11202.86
22	2010.04.05 08:00	sell	9	1.15	1.34992	1.35186	1.34507	0.00	11202.86
23	2010.04.05 08:34	modify	9	1.15	1.34992	1.34982	1.34507	0.00	11202.86
24	2010.04.05 15:14	s/l	9	1.15	1.34982	1.34982	1.34507	11.50	11214.36
25	2010.06.30 09:45	sell	10	3.90	1.22160	1.22361	1.21658	0.00	11214.36
26	2010.06.30 11:17	s/l	10	3.90	1.22361	1.22361	1.21658	-783.90	10430.46
27	2010.08.18 09:45	sell	11	1.00	1.28290	1.28497	1.27773	0.00	10430.46
28	2010.08.18 09:51	s/l	11	1.00	1.28497	1.28497	1.27773	-207.00	10223.46
29	2010.08.30 08:15	buy	12	1.03	1.27451	1.27254	1.27944	0.00	10223.46
30	2010.08.30 08:58	s/l	12	1.03	1.27254	1.27254	1.27944	-202.91	10020.55
31	2010.08.30 08:58	sell	13	0.43	1.27253	1.27481	1.26683	0.00	10020.55
32	2010.08.30 14:20	modify	13	0.43	1.27253	1.27243	1.26683	0.00	10020.55
33	2010.08.30 18:29	t/p	13	0.43	1.26683	1.27243	1.26683	245.10	10265.65
34	2010.09.01 10:00	buy	14	0.96	1.27200	1.26987	1.27733	0.00	10265.65
35	2010.09.01 10:44	modify	14	0.96	1.27200	1.27210	1.27733	0.00	10265.65
36	2010.09.01 11:27	t/p	14	0.96	1.27733	1.27210	1.27733	511.68	10777.33
37	2010.09.06 15:00	buy	15	3.69	1.28850	1.28646	1.29360	0.00	10777.33
38	2010.09.07 01:04	s/l	15	3.69	1.28646	1.28646	1.29360	-783.55	9993.78
39	2010.09.20 08:45	buy	16	0.98	1.30852	1.30650	1.31357	0.00	9993.78
40	2010.09.20 09:35	modify	16	0.98	1.30852	1.30862	1.31357	0.00	9993.78
41	2010.09.20 13:57	s/l	16	0.98	1.30862	1.30862	1.31357	9.80	10003.58
42	2010.12.22 08:30	sell	17	3.68	1.31303	1.31493	1.30828	0.00	10003.58
43	2010.12.22 10:43	s/l	17	3.68	1.31493	1.31493	1.30828	-699.20	9304.38
44	2010.12.27 15:00	buy	18	0.81	1.31514	1.31285	1.32087	0.00	9304.38
45	2010.12.27 19:01	s/l	18	0.81	1.31285	1.31285	1.32087	-185.49	9118.89
46	2010.12.27 19:01	sell	19	0.44	1.31281	1.31487	1.30766	0.00	9118.89
47	2010.12.27 19:40	s/l	19	0.44	1.31487	1.31487	1.30766	-90.64	9028.25
48	2010.12.29 11:30	sell	20	0.75	1.31229	1.31468	1.30632	0.00	9028.25
49	2010.12.29 17:33	s/l	20	0.75	1.31468	1.31468	1.30632	-179.25	8849.00
50	2010.12.29 17:33	buy	21	0.48	1.31471	1.31288	1.31929	0.00	8849.00
51	2010.12.29 17:41	modify	21	0.48	1.31471	1.31481	1.31929	0.00	8849.00
52	2010.12.29 17:49	t/p	21	0.48	1.31929	1.31481	1.31929	219.84	9068.84
53	2011.02.09 09:30	buy	22	0.74	1.36507	1.36265	1.37112	0.00	9068.84
54	2011.02.09 11:48	s/l	22	0.74	1.36265	1.36265	1.37112	-179.08	8889.76
55	2011.03.08 08:30	buy	23	0.85	1.39830	1.39622	1.40350	0.00	8889.76
56	2011.03.08 08:39	s/l	23	0.85	1.39622	1.39622	1.40350	-176.80	8712.96
57	2011.03.08 08:39	sell	24	0.38	1.39622	1.39851	1.39050	0.00	8712.96
58	2011.03.08 09:34	modify	24	0.38	1.39622	1.39612	1.39050	0.00	8712.96
59	2011.03.08 13:23	t/p	24	0.38	1.39050	1.39612	1.39050	217.36	8930.32
60	2011.03.23 10:15	sell	25	0.78	1.41753	1.41980	1.41186	0.00	8930.32
61	2011.03.23 11:15	s/l	25	0.78	1.41980	1.41980	1.41186	-177.06	8753.26
62	2011.03.23 11:15	buy	26	0.36	1.41980	1.41740	1.42580	0.00	8753.26
63	2011.03.23 12:16	s/l	26	0.36	1.41740	1.41740	1.42580	-86.40	8666.86
64	2011.03.30 08:15	sell	27	1.02	1.40821	1.40990	1.40399	0.00	8666.86
65	2011.03.30 10:08	s/l	27	1.02	1.40990	1.40990	1.40399	-172.38	8494.48
66	2011.04.05 08:15	sell	28	1.11	1.41931	1.42083	1.41551	0.00	8494.48
67	2011.04.05 08:30	modify	28	1.11	1.41931	1.41921	1.41551	0.00	8494.48
68	2011.04.05 09:18	s/l	28	1.11	1.41921	1.41921	1.41551	11.10	8505.58
69	2011.04.12 08:15	sell	29	3.63	1.43919	1.44083	1.43509	0.00	8505.58
70	2011.04.12 09:11	s/l	29	3.63	1.44083	1.44083	1.43509	-595.32	7910.26
71	2011.08.22 08:30	sell	30	1.02	1.43580	1.43735	1.43193	0.00	7910.26
72	2011.08.22 09:07	s/l	30	1.02	1.43735	1.43735	1.43193	-158.10	7752.16
73	2011.08.24 08:15	buy	31	0.67	1.44161	1.43930	1.44739	0.00	7752.16
74	2011.08.24 10:00	s/l	31	0.67	1.43930	1.43930	1.44739	-154.77	7597.39
75	2011.09.08 10:30	sell	32	0.38	1.40645	1.40843	1.40150	0.00	7597.39
76	2011.09.08 12:49	modify	32	0.38	1.40645	1.40635	1.40150	0.00	7597.39
77	2011.09.08 13:35	t/p	32	0.38	1.40150	1.40635	1.40150	188.10	7785.49
78	2011.12.08 08:15	buy	33	1.55	1.34176	1.34001	1.34614	0.00	7785.49
79	2011.12.08 10:05	s/l	33	1.55	1.34001	1.34001	1.34614	-271.25	7514.24
80	2011.12.19 08:45	sell	34	0.76	1.30068	1.30264	1.29578	0.00	7514.24
81	2011.12.19 09:07	s/l	34	0.76	1.30264	1.30264	1.29578	-148.96	7365.28
82	2011.12.19 09:07	buy	35	0.32	1.30265	1.30035	1.30840	0.00	7365.28
83	2011.12.19 12:26	s/l	35	0.32	1.30035	1.30035	1.30840	-73.60	7291.68
84	2012.03.07 08:00	sell	36	0.93	1.31391	1.31547	1.31001	0.00	7291.68
85	2012.03.07 11:22	s/l	36	0.93	1.31547	1.31547	1.31001	-145.08	7146.60
86	2012.03.07 11:22	buy	37	0.31	1.31547	1.31319	1.32117	0.00	7146.60
87	2012.03.07 12:06	s/l	37	0.31	1.31319	1.31319	1.32117	-70.68	7075.92
88	2012.03.08 09:00	buy	38	0.45	1.31786	1.31631	1.32174	0.00	7075.92
89	2012.03.08 10:31	modify	38	0.45	1.31786	1.31796	1.32174	0.00	7075.92
90	2012.03.08 10:36	t/p	38	0.45	1.32174	1.31796	1.32174	174.60	7250.52
91	2012.03.29 08:15	buy	39	1.22	1.33281	1.33074	1.33799	0.00	7250.52
92	2012.03.29 11:06	s/l	39	1.22	1.33074	1.33074	1.33799	-252.54	6997.98
93	2012.04.03 08:15	buy	40	0.71	1.33466	1.33269	1.33959	0.00	6997.98
94	2012.04.03 13:16	s/l	40	0.71	1.33269	1.33269	1.33959	-139.87	6858.11
95	2012.04.03 13:16	sell	41	0.34	1.33269	1.33470	1.32767	0.00	6858.11
96	2012.04.03 20:04	modify	41	0.34	1.33269	1.33259	1.32767	0.00	6858.11
97	2012.04.03 20:11	t/p	41	0.34	1.32767	1.33259	1.32767	170.68	7028.79
98	2012.04.09 15:15	sell	42	0.70	1.30563	1.30761	1.30068	0.00	7028.79
99	2012.04.09 16:31	s/l	42	0.70	1.30761	1.30761	1.30068	-138.60	6890.19
100	2012.04.09 16:31	buy	43	0.33	1.30761	1.30554	1.31279	0.00	6890.19
101	2012.04.09 18:33	modify	43	0.33	1.30761	1.30771	1.31279	0.00	6890.19
102	2012.04.09 18:59	t/p	43	0.33	1.31279	1.30771	1.31279	170.94	7061.13
103	2012.04.12 10:45	buy	44	0.28	1.31315	1.31066	1.31938	0.00	7061.13
104	2012.04.12 11:09	s/l	44	0.28	1.31066	1.31066	1.31938	-69.72	6991.41
105	2012.04.17 09:15	buy	45	0.63	1.31100	1.30879	1.31653	0.00	6991.41
106	2012.04.17 09:55	modify	45	0.63	1.31100	1.31110	1.31653	0.00	6991.41
107	2012.04.17 11:00	t/p	45	0.63	1.31653	1.31110	1.31653	348.39	7339.80
108	2012.04.18 14:45	sell	46	2.51	1.30804	1.31008	1.30294	0.00	7339.80
109	2012.04.18 16:35	s/l	46	2.51	1.31008	1.31008	1.30294	-512.04	6827.76
110	2012.04.19 11:30	buy	47	0.36	1.31388	1.31203	1.31851	0.00	6827.76
111	2012.04.19 12:23	s/l	47	0.36	1.31203	1.31203	1.31851	-66.60	6761.16
112	2012.04.26 15:30	buy	48	0.31	1.32181	1.31963	1.32726	0.00	6761.16
113	2012.04.26 16:16	modify	48	0.31	1.32181	1.32191	1.32726	0.00	6761.16
114	2012.04.26 23:00	s/l	48	0.31	1.32191	1.32191	1.32726	3.10	6764.26
115	2012.05.10 10:15	sell	49	0.97	1.29446	1.29688	1.28841	0.00	6764.26
116	2012.05.10 15:12	s/l	49	0.97	1.29688	1.29688	1.28841	-234.74	6529.52
117	2012.05.17 08:45	sell	50	0.30	1.27264	1.27480	1.26724	0.00	6529.52
118	2012.05.17 12:19	modify	50	0.30	1.27264	1.27254	1.26724	0.00	6529.52
119	2012.05.17 13:26	t/p	50	0.30	1.26724	1.27254	1.26724	162.00	6691.52
120	2012.05.22 09:15	buy	51	3.04	1.27961	1.27807	1.28346	0.00	6691.52
121	2012.05.22 10:43	s/l	51	3.04	1.27807	1.27807	1.28346	-468.16	6223.36
122	2012.05.29 11:45	sell	52	0.53	1.25401	1.25635	1.24816	0.00	6223.36
123	2012.05.29 17:36	modify	52	0.53	1.25401	1.25391	1.24816	0.00	6223.36
124	2012.05.29 17:45	t/p	52	0.53	1.24816	1.25391	1.24816	310.05	6533.41
125	2012.06.19 08:30	sell	53	2.33	1.25960	1.26156	1.25470	0.00	6533.41
126	2012.06.19 09:16	s/l	53	2.33	1.26156	1.26156	1.25470	-456.68	6076.73
127	2012.06.26 09:00	sell	54	0.52	1.25010	1.25240	1.24435	0.00	6076.73
128	2012.06.26 09:39	s/l	54	0.52	1.25240	1.25240	1.24435	-119.60	5957.13
129	2012.06.27 08:45	sell	55	0.76	1.24880	1.25035	1.24493	0.00	5957.13
130	2012.06.27 15:09	modify	55	0.76	1.24880	1.24870	1.24493	0.00	5957.13
131	2012.06.27 17:18	t/p	55	0.76	1.24493	1.24870	1.24493	294.12	6251.25
132	2012.07.11 10:15	sell	56	2.80	1.22620	1.22776	1.22230	0.00	6251.25
133	2012.07.11 10:41	s/l	56	2.80	1.22776	1.22776	1.22230	-436.80	5814.45
134	2012.07.16 09:30	buy	57	0.63	1.22370	1.22188	1.22825	0.00	5814.45
135	2012.07.16 10:45	s/l	57	0.63	1.22188	1.22188	1.22825	-114.66	5699.79
136	2012.07.16 10:45	sell	58	0.36	1.22188	1.22343	1.21801	0.00	5699.79
137	2012.07.16 11:15	modify	58	0.36	1.22188	1.22178	1.21801	0.00	5699.79
138	2012.07.16 14:06	t/p	58	0.36	1.21801	1.22178	1.21801	139.32	5839.11
139	2012.07.18 09:15	buy	59	0.72	1.22915	1.22754	1.23318	0.00	5839.11
140	2012.07.18 10:09	s/l	59	0.72	1.22754	1.22754	1.23318	-115.92	5723.19
141	2012.07.18 10:09	sell	60	0.27	1.22753	1.22960	1.22236	0.00	5723.19
142	2012.07.18 11:40	modify	60	0.27	1.22753	1.22743	1.22236	0.00	5723.19
143	2012.07.18 13:02	t/p	60	0.27	1.22236	1.22743	1.22236	139.59	5862.78
144	2012.07.31 09:45	buy	61	0.58	1.22778	1.22579	1.23276	0.00	5862.78
145	2012.07.31 10:05	s/l	61	0.58	1.22579	1.22579	1.23276	-115.42	5747.36
146	2012.07.31 11:00	sell	62	0.55	1.22571	1.22777	1.22056	0.00	5747.36
147	2012.07.31 11:56	s/l	62	0.55	1.22777	1.22777	1.22056	-113.30	5634.06
148	2012.08.08 11:30	sell	63	0.50	1.23711	1.23933	1.23156	0.00	5634.06
149	2012.08.08 14:13	modify	63	0.50	1.23711	1.23701	1.23156	0.00	5634.06
150	2012.08.08 17:12	s/l	63	0.50	1.23701	1.23701	1.23156	5.00	5639.06
151	2012.08.09 09:15	sell	64	0.80	1.23620	1.23866	1.23005	0.00	5639.06
152	2012.08.09 12:03	modify	64	0.80	1.23620	1.23610	1.23005	0.00	5639.06
153	2012.08.09 13:24	t/p	64	0.80	1.23005	1.23610	1.23005	492.00	6131.06
154	2012.08.13 09:45	sell	65	1.30	1.22776	1.22964	1.22306	0.00	6131.06
155	2012.08.13 11:00	s/l	65	1.30	1.22964	1.22964	1.22306	-244.40	5886.66
156	2012.08.15 11:45	sell	66	0.70	1.23236	1.23403	1.22819	0.00	5886.66
157	2012.08.15 12:09	modify	66	0.70	1.23236	1.23226	1.22819	0.00	5886.66
158	2012.08.15 12:20	t/p	66	0.70	1.22819	1.23226	1.22819	291.90	6178.56
159	2012.08.20 08:15	buy	67	2.04	1.23483	1.23272	1.24011	0.00	6178.56
160	2012.08.20 12:02	s/l	67	2.04	1.23272	1.23272	1.24011	-430.44	5748.12
161	2012.08.28 08:15	sell	68	0.70	1.24795	1.24957	1.24390	0.00	5748.12
162	2012.08.28 09:49	s/l	68	0.70	1.24957	1.24957	1.24390	-113.40	5634.72
163	2012.08.28 09:49	buy	69	0.26	1.24957	1.24746	1.25485	0.00	5634.72
164	2012.08.28 10:46	modify	69	0.26	1.24957	1.24967	1.25485	0.00	5634.72
165	2012.08.28 11:25	t/p	69	0.26	1.25485	1.24967	1.25485	137.28	5772.00
166	2012.09.03 09:15	buy	70	0.60	1.25800	1.25609	1.26278	0.00	5772.00
167	2012.09.03 17:16	modify	70	0.60	1.25800	1.25810	1.26278	0.00	5772.00
168	2012.09.04 01:07	s/l	70	0.60	1.25810	1.25810	1.26278	0.99	5772.99
169	2012.10.02 08:30	buy	71	2.47	1.29130	1.28967	1.29538	0.00	5772.99
170	2012.10.02 08:58	s/l	71	2.47	1.28967	1.28967	1.29538	-402.61	5370.38
171	2012.10.03 08:15	sell	72	0.55	1.28867	1.29059	1.28387	0.00	5370.38
172	2012.10.03 09:41	s/l	72	0.55	1.29059	1.29059	1.28387	-105.60	5264.78
173	2012.10.11 08:00	sell	73	0.25	1.28581	1.28788	1.28064	0.00	5264.78
174	2012.10.11 10:10	s/l	73	0.25	1.28788	1.28788	1.28064	-51.75	5213.03
175	2012.10.15 08:15	sell	74	0.62	1.29007	1.29174	1.28590	0.00	5213.03
176	2012.10.15 08:51	s/l	74	0.62	1.29174	1.29174	1.28590	-103.54	5109.49
177	2012.10.15 08:51	buy	75	0.21	1.29174	1.28939	1.29762	0.00	5109.49
178	2012.10.15 09:47	modify	75	0.21	1.29174	1.29184	1.29762	0.00	5109.49
179	2012.10.15 13:05	t/p	75	0.21	1.29762	1.29184	1.29762	123.48	5232.97
180	2012.10.18 10:45	buy	76	0.25	1.31033	1.30827	1.31548	0.00	5232.97
181	2012.10.18 16:17	s/l	76	0.25	1.30827	1.30827	1.31548	-51.50	5181.47
182	2012.10.22 09:15	sell	77	0.46	1.30396	1.30619	1.29839	0.00	5181.47
183	2012.10.22 12:13	s/l	77	0.46	1.30619	1.30619	1.29839	-102.58	5078.89
184	2012.10.22 12:13	buy	78	0.33	1.30619	1.30466	1.31002	0.00	5078.89
185	2012.10.22 15:15	s/l	78	0.33	1.30466	1.30466	1.31002	-50.49	5028.40
186	2012.10.25 11:30	buy	79	0.26	1.30147	1.29960	1.30615	0.00	5028.40
187	2012.10.25 12:50	s/l	79	0.26	1.29960	1.29960	1.30615	-48.62	4979.78
188	2012.10.25 12:50	sell	80	0.12	1.29960	1.30154	1.29475	0.00	4979.78
189	2012.10.25 15:55	modify	80	0.12	1.29960	1.29950	1.29475	0.00	4979.78
190	2012.10.25 17:25	t/p	80	0.12	1.29475	1.29950	1.29475	58.20	5037.98
191	2012.11.01 08:15	sell	81	0.25	1.29467	1.29662	1.28980	0.00	5037.98
192	2012.11.01 13:32	s/l	81	0.25	1.29662	1.29662	1.28980	-48.75	4989.23
193	2012.11.01 13:32	buy	82	0.19	1.29663	1.29536	1.29981	0.00	4989.23
194	2012.11.01 16:12	s/l	82	0.19	1.29536	1.29536	1.29981	-24.13	4965.10
195	2012.11.06 16:15	sell	83	0.63	1.27995	1.28151	1.27605	0.00	4965.10
196	2012.11.06 17:37	s/l	83	0.63	1.28151	1.28151	1.27605	-98.28	4866.82
197	2012.11.06 17:37	buy	84	0.27	1.28151	1.27973	1.28596	0.00	4866.82
198	2012.11.07 01:37	s/l	84	0.27	1.27973	1.27973	1.28596	-50.31	4816.51
199	2012.11.14 08:45	buy	85	0.51	1.27217	1.27029	1.27687	0.00	4816.51
200	2012.11.14 10:52	modify	85	0.51	1.27217	1.27227	1.27687	0.00	4816.51
201	2012.11.14 20:00	t/p	85	0.51	1.27687	1.27227	1.27687	239.70	5056.21
202	2012.11.28 10:30	sell	86	1.68	1.29182	1.29392	1.28657	0.00	5056.21
203	2012.11.28 14:19	modify	86	1.68	1.29182	1.29172	1.28657	0.00	5056.21
204	2012.11.28 16:36	s/l	86	1.68	1.29172	1.29172	1.28657	16.80	5073.01
205	2012.11.29 09:00	buy	87	0.44	1.29636	1.29409	1.30204	0.00	5073.01
206	2012.11.29 13:47	modify	87	0.44	1.29636	1.29646	1.30204	0.00	5073.01
207	2012.11.29 17:41	s/l	87	0.44	1.29646	1.29646	1.30204	4.40	5077.41
208	2012.12.11 10:30	buy	88	0.91	1.29587	1.29366	1.30140	0.00	5077.41
209	2012.12.11 12:50	modify	88	0.91	1.29587	1.29597	1.30140	0.00	5077.41
210	2012.12.11 19:41	t/p	88	0.91	1.30140	1.29597	1.30140	503.23	5580.64
211	2013.01.09 10:30	sell	89	1.26	1.30796	1.30973	1.30354	0.00	5580.64
212	2013.01.09 12:42	modify	89	1.26	1.30796	1.30786	1.30354	0.00	5580.64
213	2013.01.09 17:56	s/l	89	1.26	1.30786	1.30786	1.30354	12.60	5593.24
214	2013.01.17 08:45	sell	90	0.51	1.32862	1.33081	1.32315	0.00	5593.24
215	2013.01.17 09:03	s/l	90	0.51	1.33081	1.33081	1.32315	-111.69	5481.55
216	2013.01.21 08:45	sell	91	0.68	1.33176	1.33335	1.32779	0.00	5481.55
217	2013.01.22 05:00	s/l	91	0.68	1.33335	1.33335	1.32779	-106.40	5375.16
218	2013.01.29 09:45	buy	92	0.48	1.34542	1.34319	1.35100	0.00	5375.16
219	2013.01.29 11:46	s/l	92	0.48	1.34319	1.34319	1.35100	-107.04	5268.12
220	2013.02.12 08:45	sell	93	0.47	1.33733	1.33953	1.33183	0.00	5268.12
221	2013.02.12 10:01	s/l	93	0.47	1.33953	1.33953	1.33183	-103.40	5164.72
222	2013.02.18 08:15	sell	94	0.56	1.33366	1.33549	1.32909	0.00	5164.72
223	2013.02.18 10:22	s/l	94	0.56	1.33549	1.33549	1.32909	-102.48	5062.24
224	2013.02.19 11:00	sell	95	0.58	1.33427	1.33600	1.32995	0.00	5062.24
225	2013.02.19 11:00	s/l	95	0.58	1.33600	1.33600	1.32995	-100.34	4961.90
226	2013.02.19 11:00	buy	96	0.26	1.33600	1.33411	1.34073	0.00	4961.90
227	2013.02.19 11:19	s/l	96	0.26	1.33411	1.33411	1.34073	-49.14	4912.76
228	2013.03.05 09:00	buy	97	0.42	1.30469	1.30240	1.31042	0.00	4912.76
229	2013.03.05 11:44	s/l	97	0.42	1.30240	1.30240	1.31042	-96.18	4816.58
230	2013.03.11 09:30	sell	98	0.59	1.30037	1.30199	1.29632	0.00	4816.58
231	2013.03.11 18:03	s/l	98	0.59	1.30199	1.30199	1.29632	-95.58	4721.00
232	2013.03.11 18:03	buy	99	0.31	1.30200	1.30050	1.30575	0.00	4721.00
233	2013.03.11 19:57	modify	99	0.31	1.30200	1.30210	1.30575	0.00	4721.00
234	2013.03.12 07:14	s/l	99	0.31	1.30210	1.30210	1.30575	0.51	4721.51
235	2013.03.19 08:30	sell	100	0.46	1.29425	1.29630	1.28913	0.00	4721.51
236	2013.03.19 16:37	modify	100	0.46	1.29425	1.29415	1.28913	0.00	4721.51
237	2013.03.19 16:57	t/p	100	0.46	1.28913	1.29415	1.28913	235.52	4957.03
238	2013.03.28 09:45	sell	101	0.84	1.27897	1.28103	1.27382	0.00	4957.03
239	2013.03.28 09:58	modify	101	0.84	1.27897	1.27887	1.27382	0.00	4957.03
240	2013.03.28 11:18	s/l	101	0.84	1.27887	1.27887	1.27382	8.40	4965.43
241	2013.04.03 14:00	buy	102	0.87	1.28289	1.28061	1.28859	0.00	4965.43
242	2013.04.03 16:15	modify	102	0.87	1.28289	1.28299	1.28859	0.00	4965.43
243	2013.04.04 07:05	s/l	102	0.87	1.28299	1.28299	1.28859	-13.08	4952.35
244	2013.04.15 10:00	sell	103	0.48	1.30742	1.30946	1.30232	0.00	4952.35
245	2013.04.15 14:18	s/l	103	0.48	1.30946	1.30946	1.30232	-97.92	4854.43
246	2013.04.15 14:18	buy	104	0.20	1.30950	1.30710	1.31550	0.00	4854.43
247	2013.04.15 18:39	s/l	104	0.20	1.30710	1.30710	1.31550	-48.00	4806.43
248	2013.04.22 08:15	sell	105	0.57	1.30575	1.30743	1.30155	0.00	4806.43
249	2013.04.22 09:04	s/l	105	0.57	1.30743	1.30743	1.30155	-95.76	4710.67
250	2013.04.22 09:30	sell	106	0.42	1.30554	1.30774	1.30004	0.00	4710.67
251	2013.04.22 14:54	modify	106	0.42	1.30554	1.30544	1.30004	0.00	4710.67
252	2013.04.22 18:40	s/l	106	0.42	1.30544	1.30544	1.30004	4.20	4714.87
253	2013.04.24 14:30	sell	107	1.54	1.29957	1.30170	1.29425	0.00	4714.87
254	2013.04.24 19:05	s/l	107	1.54	1.30170	1.30170	1.29425	-328.02	4386.85
255	2013.04.25 10:15	buy	108	0.24	1.30423	1.30246	1.30866	0.00	4386.85
256	2013.04.25 11:00	modify	108	0.24	1.30423	1.30433	1.30866	0.00	4386.85
257	2013.04.25 14:15	t/p	108	0.24	1.30866	1.30433	1.30866	106.32	4493.17
258	2013.04.29 08:15	buy	109	1.83	1.30577	1.30406	1.31005	0.00	4493.17
259	2013.04.29 09:24	modify	109	1.83	1.30577	1.30587	1.31005	0.00	4493.17
260	2013.04.29 14:03	t/p	109	1.83	1.31005	1.30587	1.31005	783.24	5276.41
261	2013.04.30 15:15	buy	110	1.03	1.30853	1.30649	1.31363	0.00	5276.41
262	2013.04.30 15:35	modify	110	1.03	1.30853	1.30863	1.31363	0.00	5276.41
263	2013.04.30 15:40	t/p	110	1.03	1.31363	1.30863	1.31363	525.30	5801.71
264	2013.05.02 10:15	buy	111	0.58	1.31676	1.31478	1.32171	0.00	5801.71
265	2013.05.02 13:45	s/l	111	0.58	1.31478	1.31478	1.32171	-114.84	5686.87
266	2013.05.06 10:45	sell	112	0.74	1.31067	1.31220	1.30685	0.00	5686.87
267	2013.05.06 16:24	modify	112	0.74	1.31067	1.31057	1.30685	0.00	5686.87
268	2013.05.06 16:26	t/p	112	0.74	1.30685	1.31057	1.30685	282.68	5969.55
269	2013.05.14 09:15	buy	113	2.61	1.30125	1.29965	1.30525	0.00	5969.55
270	2013.05.14 09:30	s/l	113	2.61	1.29965	1.29965	1.30525	-417.60	5551.95
271	2013.05.14 11:00	sell	114	0.64	1.29949	1.30120	1.29522	0.00	5551.95
272	2013.05.14 11:10	s/l	114	0.64	1.30120	1.30120	1.29522	-109.44	5442.51
273	2013.05.21 11:30	buy	115	0.46	1.28856	1.28622	1.29441	0.00	5442.51
274	2013.05.21 12:23	s/l	115	0.46	1.28622	1.28622	1.29441	-107.64	5334.87
275	2013.05.21 16:00	sell	116	0.71	1.28596	1.28746	1.28221	0.00	5334.87
276	2013.05.21 17:11	s/l	116	0.71	1.28746	1.28746	1.28221	-106.50	5228.37
277	2013.05.22 09:00	buy	117	0.68	1.29166	1.29013	1.29549	0.00	5228.37
278	2013.05.22 09:45	modify	117	0.68	1.29166	1.29176	1.29549	0.00	5228.37
279	2013.05.22 14:21	s/l	117	0.68	1.29176	1.29176	1.29549	6.80	5235.17
280	2013.05.28 11:15	sell	118	2.19	1.28973	1.29140	1.28556	0.00	5235.17
281	2013.05.28 11:26	s/l	118	2.19	1.29140	1.29140	1.28556	-365.73	4869.44
282	2013.06.12 15:45	buy	119	0.49	1.32857	1.32659	1.33352	0.00	4869.44
283	2013.06.12 17:00	modify	119	0.49	1.32857	1.32867	1.33352	0.00	4869.44
284	2013.06.12 17:47	t/p	119	0.49	1.33352	1.32867	1.33352	242.55	5111.99
285	2013.06.25 10:15	sell	120	1.85	1.31269	1.31462	1.30787	0.00	5111.99
286	2013.06.25 14:35	modify	120	1.85	1.31269	1.31259	1.30787	0.00	5111.99
287	2013.06.25 16:00	t/p	120	1.85	1.30787	1.31259	1.30787	891.70	6003.69
288	2013.07.04 09:15	sell	121	0.60	1.29863	1.30062	1.29366	0.00	6003.69
289	2013.07.04 11:56	s/l	121	0.60	1.30062	1.30062	1.29366	-119.40	5884.29
290	2013.07.10 14:15	sell	122	0.68	1.28125	1.28298	1.27693	0.00	5884.29
291	2013.07.10 15:58	s/l	122	0.68	1.28298	1.28298	1.27693	-117.64	5766.65
292	2013.07.10 15:58	buy	123	0.31	1.28299	1.28117	1.28754	0.00	5766.65
293	2013.07.10 16:59	modify	123	0.31	1.28299	1.28309	1.28754	0.00	5766.65
294	2013.07.10 20:01	t/p	123	0.31	1.28754	1.28309	1.28754	141.05	5907.70
295	2013.07.23 16:15	buy	124	0.76	1.31936	1.31781	1.32324	0.00	5907.70
296	2013.07.23 16:41	modify	124	0.76	1.31936	1.31946	1.32324	0.00	5907.70
297	2013.07.23 20:51	t/p	124	0.76	1.32324	1.31946	1.32324	294.88	6202.58
298	2013.08.13 09:30	sell	125	1.85	1.32899	1.33133	1.32314	0.00	6202.58
299	2013.08.13 11:15	s/l	125	1.85	1.33133	1.33133	1.32314	-432.90	5769.68
300	2013.08.14 11:15	sell	126	0.56	1.32524	1.32730	1.32009	0.00	5769.68
301	2013.08.15 04:09	s/l	126	0.56	1.32730	1.32730	1.32009	-111.10	5658.58
302	2013.08.15 04:09	buy	127	0.18	1.32731	1.32579	1.33111	0.00	5658.58
303	2013.08.15 04:16	modify	127	0.18	1.32731	1.32741	1.33111	0.00	5658.58
304	2013.08.15 14:30	s/l	127	0.18	1.32741	1.32741	1.33111	1.80	5660.38
305	2013.08.22 16:30	sell	128	0.27	1.33300	1.33506	1.32785	0.00	5660.38
306	2013.08.22 17:06	s/l	128	0.27	1.33506	1.33506	1.32785	-55.62	5604.76
307	2013.08.28 11:30	buy	129	0.67	1.33763	1.33597	1.34178	0.00	5604.76
308	2013.08.28 12:33	s/l	129	0.67	1.33597	1.33597	1.34178	-111.22	5493.54
309	2013.08.28 12:33	sell	130	0.30	1.33596	1.33777	1.33144	0.00	5493.54
310	2013.08.28 15:35	modify	130	0.30	1.33596	1.33586	1.33144	0.00	5493.54
311	2013.08.28 15:45	t/p	130	0.30	1.33144	1.33586	1.33144	135.60	5629.14
312	2013.09.02 10:00	sell	131	0.64	1.32101	1.32276	1.31664	0.00	5629.14
313	2013.09.03 07:19	modify	131	0.64	1.32101	1.32091	1.31664	0.00	5629.14
314	2013.09.03 08:30	t/p	131	0.64	1.31664	1.32091	1.31664	281.30	5910.44
315	2013.09.11 10:15	buy	132	2.60	1.32661	1.32502	1.33059	0.00	5910.44
316	2013.09.11 15:53	modify	132	2.60	1.32661	1.32671	1.33059	0.00	5910.44
317	2013.09.11 17:02	t/p	132	2.60	1.33059	1.32671	1.33059	1034.80	6945.24
318	2013.09.23 14:30	buy	133	1.51	1.35152	1.34969	1.35610	0.00	6945.24
319	2013.09.23 15:17	s/l	133	1.51	1.34969	1.34969	1.35610	-276.33	6668.91
320	2013.09.26 15:30	sell	134	0.44	1.34922	1.35073	1.34545	0.00	6668.91
321	2013.09.26 16:00	s/l	134	0.44	1.35073	1.35073	1.34545	-66.44	6602.47
322	2013.09.26 16:00	buy	135	0.18	1.35074	1.34892	1.35529	0.00	6602.47
323	2013.09.26 16:12	s/l	135	0.18	1.34892	1.34892	1.35529	-32.76	6569.71
324	2013.10.07 14:00	sell	136	0.78	1.35668	1.35836	1.35248	0.00	6569.71
325	2013.10.07 17:17	s/l	136	0.78	1.35836	1.35836	1.35248	-131.04	6438.67
326	2013.10.08 15:45	buy	137	0.56	1.35953	1.35724	1.36526	0.00	6438.67
327	2013.10.08 18:46	s/l	137	0.56	1.35724	1.35724	1.36526	-128.24	6310.43
328	2013.10.08 18:46	sell	138	0.61	1.35724	1.35826	1.35469	0.00	6310.43
329	2013.10.09 00:49	s/l	138	0.61	1.35826	1.35826	1.35469	-60.67	6249.76
330	2013.10.23 15:00	buy	139	0.79	1.37630	1.37472	1.38025	0.00	6249.76
331	2013.10.23 15:48	modify	139	0.79	1.37630	1.37640	1.38025	0.00	6249.76
332	2013.10.23 16:12	s/l	139	0.79	1.37640	1.37640	1.38025	7.90	6257.66
333	2013.11.06 08:45	buy	140	2.42	1.35089	1.34908	1.35542	0.00	6257.66
334	2013.11.06 09:26	s/l	140	2.42	1.34908	1.34908	1.35542	-438.02	5819.64
335	2013.11.12 09:45	sell	141	0.55	1.33736	1.33944	1.33216	0.00	5819.64
336	2013.11.12 11:53	s/l	141	0.55	1.33944	1.33944	1.33216	-114.40	5705.24
337	2013.11.12 11:53	buy	142	0.26	1.33944	1.33727	1.34487	0.00	5705.24
338	2013.11.12 14:06	modify	142	0.26	1.33944	1.33954	1.34487	0.00	5705.24
339	2013.11.12 15:53	t/p	142	0.26	1.34487	1.33954	1.34487	141.18	5846.42
340	2013.11.14 09:15	buy	143	0.33	1.34685	1.34509	1.35125	0.00	5846.42
341	2013.11.14 10:37	s/l	143	0.33	1.34509	1.34509	1.35125	-58.08	5788.34
342	2013.11.14 10:37	sell	144	0.17	1.34509	1.34675	1.34094	0.00	5788.34
343	2013.11.14 12:12	modify	144	0.17	1.34509	1.34499	1.34094	0.00	5788.34
344	2013.11.14 14:30	s/l	144	0.17	1.34499	1.34499	1.34094	1.70	5790.04
345	2013.11.19 10:00	buy	145	0.57	1.35196	1.34995	1.35699	0.00	5790.04
346	2013.11.19 11:06	s/l	145	0.57	1.34995	1.34995	1.35699	-114.57	5675.47
347	2013.11.19 11:06	sell	146	0.24	1.34994	1.35229	1.34407	0.00	5675.47
348	2013.11.19 15:50	s/l	146	0.24	1.35229	1.35229	1.34407	-56.40	5619.07
349	2013.11.20 15:30	buy	147	0.73	1.35377	1.35225	1.35757	0.00	5619.07
350	2013.11.20 16:20	s/l	147	0.73	1.35225	1.35225	1.35757	-110.96	5508.11
351	2013.12.02 08:45	buy	148	0.60	1.36124	1.35941	1.36582	0.00	5508.11
352	2013.12.02 09:32	s/l	148	0.60	1.35941	1.35941	1.36582	-109.80	5398.31
353	2013.12.02 09:32	sell	149	0.24	1.35941	1.36157	1.35401	0.00	5398.31
354	2013.12.02 10:26	modify	149	0.24	1.35941	1.35931	1.35401	0.00	5398.31
355	2013.12.02 12:19	t/p	149	0.24	1.35401	1.35931	1.35401	129.60	5527.91
356	2013.12.11 10:00	buy	150	0.46	1.37631	1.37392	1.38229	0.00	5527.91
357	2013.12.11 16:49	modify	150	0.46	1.37631	1.37641	1.38229	0.00	5527.91
358	2013.12.12 10:50	s/l	150	0.46	1.37641	1.37641	1.38229	-6.91	5521.00
359	2013.12.12 16:00	buy	151	0.26	1.37754	1.37544	1.38279	0.00	5521.00
360	2013.12.12 16:04	s/l	151	0.26	1.37544	1.37544	1.38279	-54.60	5466.40
361	2013.12.16 10:30	buy	152	0.44	1.37724	1.37477	1.38342	0.00	5466.40
362	2013.12.16 18:21	s/l	152	0.44	1.37477	1.37477	1.38342	-108.68	5357.72
363	2013.12.16 18:21	sell	153	0.26	1.37477	1.37681	1.36967	0.00	5357.72
364	2013.12.17 04:16	s/l	153	0.26	1.37681	1.37681	1.36967	-52.38	5305.34
365	2013.12.26 16:45	buy	154	0.31	1.36977	1.36809	1.37397	0.00	5305.34
366	2013.12.27 03:51	modify	154	0.31	1.36977	1.36987	1.37397	0.00	5305.34
367	2013.12.27 04:10	t/p	154	0.31	1.37397	1.36987	1.37397	127.61	5432.95
368	2013.12.31 15:30	sell	155	1.68	1.37694	1.37920	1.37129	0.00	5432.95
369	2014.01.02 08:42	modify	155	1.68	1.37694	1.37684	1.37129	0.00	5432.95
370	2014.01.02 12:01	t/p	155	1.68	1.37129	1.37684	1.37129	966.24	6399.19
371	2014.01.14 11:45	buy	156	1.27	1.36802	1.36601	1.37305	0.00	6399.19
372	2014.01.14 14:30	s/l	156	1.27	1.36601	1.36601	1.37305	-255.27	6143.92
373	2014.01.14 15:30	buy	157	0.75	1.36736	1.36573	1.37144	0.00	6143.92
374	2014.01.15 02:34	s/l	157	0.75	1.36573	1.36573	1.37144	-128.51	6015.41
375	2014.01.15 02:34	sell	158	0.34	1.36573	1.36749	1.36133	0.00	6015.41
376	2014.01.15 04:19	modify	158	0.34	1.36573	1.36563	1.36133	0.00	6015.41
377	2014.01.15 10:02	t/p	158	0.34	1.36133	1.36563	1.36133	149.60	6165.01
378	2014.01.16 08:30	sell	159	0.29	1.36069	1.36275	1.35554	0.00	6165.01
379	2014.01.16 10:33	s/l	159	0.29	1.36275	1.36275	1.35554	-59.74	6105.27
380	2014.01.21 09:00	sell	160	0.67	1.35465	1.35645	1.35015	0.00	6105.27
381	2014.01.21 12:59	modify	160	0.67	1.35465	1.35455	1.35015	0.00	6105.27
382	2014.01.21 16:59	s/l	160	0.67	1.35455	1.35455	1.35015	6.70	6111.97
383	2014.01.22 09:00	sell	161	1.84	1.35444	1.35676	1.34864	0.00	6111.97
384	2014.01.22 13:43	s/l	161	1.84	1.35676	1.35676	1.34864	-426.88	5685.09
385	2014.01.28 16:45	sell	162	0.63	1.36570	1.36750	1.36120	0.00	5685.09
386	2014.01.29 09:30	s/l	162	0.63	1.36750	1.36750	1.36120	-111.80	5573.29
387	2014.01.29 09:30	buy	163	0.32	1.36750	1.36577	1.37183	0.00	5573.29
388	2014.01.29 13:06	s/l	163	0.32	1.36577	1.36577	1.37183	-55.36	5517.93
389	2014.02.04 15:15	sell	164	0.57	1.35118	1.35310	1.34638	0.00	5517.93
390	2014.02.05 14:00	s/l	164	0.57	1.35310	1.35310	1.34638	-107.99	5409.94
391	2014.02.05 14:00	buy	165	0.23	1.35312	1.35086	1.35877	0.00	5409.94
392	2014.02.05 16:02	s/l	165	0.23	1.35086	1.35086	1.35877	-51.98	5357.96
393	2014.02.17 10:15	buy	166	0.54	1.37136	1.36940	1.37626	0.00	5357.96
394	2014.02.17 14:24	s/l	166	0.54	1.36940	1.36940	1.37626	-105.84	5252.12
395	2014.02.17 14:24	sell	167	0.46	1.36939	1.37053	1.36654	0.00	5252.12
396	2014.02.17 16:00	s/l	167	0.46	1.37053	1.37053	1.36654	-52.44	5199.68
397	2014.02.18 11:45	buy	168	0.45	1.37278	1.37050	1.37848	0.00	5199.68
398	2014.02.18 15:11	modify	168	0.45	1.37278	1.37288	1.37848	0.00	5199.68
399	2014.02.19 20:20	s/l	168	0.45	1.37288	1.37288	1.37848	0.75	5200.42
400	2014.03.17 10:00	buy	169	1.65	1.39046	1.38826	1.39596	0.00	5200.42
401	2014.03.17 14:48	modify	169	1.65	1.39046	1.39056	1.39596	0.00	5200.42
402	2014.03.18 10:15	s/l	169	1.65	1.39056	1.39056	1.39596	2.73	5203.15
403	2014.03.24 15:15	sell	170	1.12	1.37678	1.37863	1.37216	0.00	5203.15
404	2014.03.24 16:55	s/l	170	1.12	1.37863	1.37863	1.37216	-207.20	4995.95
405	2014.03.25 16:30	sell	171	0.47	1.37853	1.38062	1.37331	0.00	4995.95
406	2014.03.25 17:15	modify	171	0.47	1.37853	1.37843	1.37331	0.00	4995.95
407	2014.03.25 17:30	s/l	171	0.47	1.37843	1.37843	1.37331	4.70	5000.65
408	2014.03.27 08:30	sell	172	1.00	1.37720	1.37894	1.37285	0.00	5000.65
409	2014.03.27 11:04	modify	172	1.00	1.37720	1.37710	1.37285	0.00	5000.65
410	2014.03.27 12:55	s/l	172	1.00	1.37710	1.37710	1.37285	10.00	5010.65
411	2014.03.27 15:30	sell	173	0.66	1.37613	1.37764	1.37236	0.00	5010.65
412	2014.03.27 16:59	modify	173	0.66	1.37613	1.37603	1.37236	0.00	5010.65
413	2014.03.28 09:01	t/p	173	0.66	1.37236	1.37603	1.37236	250.49	5261.15
414	2014.04.02 15:30	sell	174	1.20	1.37764	1.37939	1.37327	0.00	5261.15
415	2014.04.03 13:17	modify	174	1.20	1.37764	1.37754	1.37327	0.00	5261.15
416	2014.04.03 13:45	s/l	174	1.20	1.37754	1.37754	1.37327	21.13	5282.28
417	2014.04.14 10:15	sell	175	1.39	1.38483	1.38634	1.38106	0.00	5282.28
418	2014.04.14 10:49	modify	175	1.39	1.38483	1.38473	1.38106	0.00	5282.28
419	2014.04.14 14:35	t/p	175	1.39	1.38106	1.38473	1.38106	524.03	5806.31
420	2014.05.14 11:45	sell	176	1.49	1.37124	1.37279	1.36737	0.00	5806.31
421	2014.05.15 09:10	modify	176	1.49	1.37124	1.37114	1.36737	0.00	5806.31
422	2014.05.15 09:53	t/p	176	1.49	1.36737	1.37114	1.36737	587.97	6394.27
423	2014.05.20 16:45	sell	177	1.70	1.36912	1.37062	1.36537	0.00	6394.27
424	2014.05.21 02:38	s/l	177	1.70	1.37062	1.37062	1.36537	-250.69	6143.59
425	2014.05.22 09:15	sell	178	0.38	1.36629	1.36790	1.36227	0.00	6143.59
426	2014.05.22 09:39	s/l	178	0.38	1.36790	1.36790	1.36227	-61.18	6082.41
427	2014.05.22 09:39	buy	179	0.12	1.36790	1.36540	1.37415	0.00	6082.41
428	2014.05.22 15:06	s/l	179	0.12	1.36540	1.36540	1.37415	-30.00	6052.41
429	2014.05.29 15:00	sell	180	0.24	1.36023	1.36273	1.35398	0.00	6052.41
430	2014.05.30 15:14	s/l	180	0.24	1.36273	1.36273	1.35398	-59.39	5993.01
431	2014.05.30 15:14	buy	181	0.24	1.36274	1.36032	1.36879	0.00	5993.01
432	2014.06.02 10:00	s/l	181	0.24	1.36032	1.36032	1.36879	-60.08	5932.93
433	2014.06.11 16:15	sell	182	0.61	1.35313	1.35506	1.34831	0.00	5932.93
434	2014.06.12 16:43	s/l	182	0.61	1.35506	1.35506	1.34831	-113.09	5819.84
435	2014.06.12 16:43	buy	183	0.16	1.35507	1.35330	1.35950	0.00	5819.84
436	2014.06.13 10:00	modify	183	0.16	1.35507	1.35517	1.35950	0.00	5819.84
437	2014.06.13 12:52	s/l	183	0.16	1.35517	1.35517	1.35950	0.26	5820.11
438	2014.08.27 15:45	sell	184	0.71	1.31722	1.31885	1.31315	0.00	5820.11
439	2014.08.27 16:15	s/l	184	0.71	1.31885	1.31885	1.31315	-115.73	5704.38
440	2014.08.27 16:15	buy	185	0.25	1.31885	1.31659	1.32450	0.00	5704.38
441	2014.08.28 15:26	s/l	185	0.25	1.31659	1.31659	1.32450	-62.76	5641.62
442	2014.09.10 08:45	buy	186	0.64	1.29397	1.29221	1.29837	0.00	5641.62
443	2014.09.10 14:36	s/l	186	0.64	1.29221	1.29221	1.29837	-112.64	5528.98
444	2014.09.10 14:36	sell	187	0.28	1.29218	1.29413	1.28731	0.00	5528.98
445	2014.09.10 18:23	modify	187	0.28	1.29218	1.29208	1.28731	0.00	5528.98
446	2014.09.11 00:04	s/l	187	0.28	1.29208	1.29208	1.28731	4.93	5533.91
447	2014.09.17 16:00	buy	188	0.69	1.29661	1.29501	1.30061	0.00	5533.91
448	2014.09.17 17:16	s/l	188	0.69	1.29501	1.29501	1.30061	-110.40	5423.51
449	2014.09.17 17:16	sell	189	0.24	1.29500	1.29717	1.28958	0.00	5423.51
450	2014.09.17 20:00	s/l	189	0.24	1.29717	1.29717	1.28958	-52.08	5371.43
451	2014.10.02 11:45	buy	190	0.33	1.26413	1.26255	1.26808	0.00	5371.43
452	2014.10.02 14:30	s/l	190	0.33	1.26255	1.26255	1.26808	-52.14	5319.29
453	2014.10.02 14:30	sell	191	0.12	1.26253	1.26462	1.25731	0.00	5319.29
454	2014.10.02 14:41	s/l	191	0.12	1.26462	1.26462	1.25731	-25.08	5294.21
455	2014.10.08 09:15	buy	192	0.45	1.26450	1.26215	1.27038	0.00	5294.21
456	2014.10.08 11:15	modify	192	0.45	1.26450	1.26460	1.27038	0.00	5294.21
457	2014.10.08 13:47	s/l	192	0.45	1.26460	1.26460	1.27038	4.50	5298.71
458	2014.10.13 15:30	buy	193	2.10	1.26918	1.26742	1.27358	0.00	5298.71
459	2014.10.13 17:21	s/l	193	2.10	1.26742	1.26742	1.27358	-369.60	4929.11
460	2014.10.20 15:00	sell	194	0.52	1.27670	1.27859	1.27198	0.00	4929.11
461	2014.10.20 17:33	s/l	194	0.52	1.27859	1.27859	1.27198	-98.28	4830.83
462	2014.10.20 17:33	buy	195	0.22	1.27859	1.27645	1.28394	0.00	4830.83
463	2014.10.21 06:27	modify	195	0.22	1.27859	1.27869	1.28394	0.00	4830.83
464	2014.10.21 09:47	t/p	195	0.22	1.28394	1.27869	1.28394	115.86	4946.69
465	2014.11.04 08:30	sell	196	0.58	1.25028	1.25197	1.24606	0.00	4946.69
466	2014.11.04 11:17	s/l	196	0.58	1.25197	1.25197	1.24606	-98.02	4848.67
467	2014.11.04 11:17	buy	197	0.22	1.25197	1.24981	1.25737	0.00	4848.67
468	2014.11.04 16:30	modify	197	0.22	1.25197	1.25207	1.25737	0.00	4848.67
469	2014.11.04 16:55	t/p	197	0.22	1.25737	1.25207	1.25737	118.80	4967.47
470	2014.11.06 11:45	buy	198	0.27	1.25200	1.25021	1.25648	0.00	4967.47
471	2014.11.06 14:33	s/l	198	0.27	1.25021	1.25021	1.25648	-48.33	4919.14
472	2014.11.19 09:00	buy	199	0.44	1.25344	1.25125	1.25892	0.00	4919.14
473	2014.11.19 14:55	modify	199	0.44	1.25344	1.25354	1.25892	0.00	4919.14
474	2014.11.19 16:03	s/l	199	0.44	1.25354	1.25354	1.25892	4.40	4923.54
475	2014.11.25 11:30	sell	200	2.20	1.24276	1.24432	1.23886	0.00	4923.54
476	2014.11.25 15:31	modify	200	2.20	1.24276	1.24266	1.23886	0.00	4923.54
477	2014.11.25 16:29	s/l	200	2.20	1.24266	1.24266	1.23886	22.00	4945.54
478	2014.11.26 10:15	buy	201	1.27	1.24785	1.24630	1.25173	0.00	4945.54
479	2014.11.26 11:06	s/l	201	1.27	1.24630	1.24630	1.25173	-196.85	4748.69
480	2014.11.26 14:15	buy	202	0.40	1.24645	1.24409	1.25235	0.00	4748.69
481	2014.11.26 15:38	modify	202	0.40	1.24645	1.24655	1.25235	0.00	4748.69
482	2014.11.26 17:58	t/p	202	0.40	1.25235	1.24655	1.25235	236.00	4984.69
483	2014.12.10 14:45	buy	203	1.71	1.23839	1.23635	1.24349	0.00	4984.69
484	2014.12.10 17:00	modify	203	1.71	1.23839	1.23849	1.24349	0.00	4984.69
485	2014.12.10 17:37	t/p	203	1.71	1.24349	1.23849	1.24349	872.10	5856.79
486	2014.12.15 08:45	buy	204	1.37	1.24551	1.24380	1.24979	0.00	5856.79
487	2014.12.15 10:13	s/l	204	1.37	1.24380	1.24380	1.24979	-234.27	5622.52
488	2014.12.17 09:15	buy	205	0.59	1.24923	1.24733	1.25398	0.00	5622.52
489	2014.12.17 09:55	s/l	205	0.59	1.24733	1.24733	1.25398	-112.10	5510.42
490	2014.12.22 14:45	sell	206	0.72	1.22570	1.22722	1.22190	0.00	5510.42
491	2014.12.22 21:50	modify	206	0.72	1.22570	1.22560	1.22190	0.00	5510.42
492	2014.12.22 21:59	t/p	206	0.72	1.22190	1.22560	1.22190	273.60	5784.02
493	2014.12.29 09:45	sell	207	2.09	1.21739	1.21932	1.21257	0.00	5784.02
494	2014.12.29 11:20	s/l	207	2.09	1.21932	1.21932	1.21257	-403.37	5380.65
495	2015.01.13 09:15	buy	208	0.66	1.18384	1.18223	1.18787	0.00	5380.65
496	2015.01.13 10:43	s/l	208	0.66	1.18223	1.18223	1.18787	-106.26	5274.39
497	2015.01.15 10:15	sell	209	0.23	1.17647	1.17875	1.17077	0.00	5274.39
498	2015.01.15 11:31	modify	209	0.23	1.17647	1.17637	1.17077	0.00	5274.39
499	2015.01.15 11:31	t/p	209	0.23	1.17077	1.17637	1.17077	131.10	5405.49
500	2015.01.20 10:15	sell	210	2.14	1.15765	1.15941	1.15325	0.00	5405.49
501	2015.01.20 11:37	s/l	210	2.14	1.15941	1.15941	1.15325	-376.64	5028.85
502	2015.01.20 15:15	sell	211	0.58	1.15785	1.15956	1.15358	0.00	5028.85
503	2015.01.20 15:25	s/l	211	0.58	1.15956	1.15956	1.15358	-99.18	4929.67
504	2015.01.21 09:15	sell	212	0.54	1.15688	1.15869	1.15236	0.00	4929.67
505	2015.01.21 14:55	s/l	212	0.54	1.15869	1.15869	1.15236	-97.74	4831.93
506	2015.01.21 14:55	buy	213	0.26	1.15869	1.15684	1.16332	0.00	4831.93
507	2015.01.21 15:50	modify	213	0.26	1.15869	1.15879	1.16332	0.00	4831.93
508	2015.01.21 15:59	t/p	213	0.26	1.16332	1.15879	1.16332	120.38	4952.31
509	2015.02.02 10:30	buy	214	0.51	1.13235	1.13044	1.13713	0.00	4952.31
510	2015.02.02 11:59	modify	214	0.51	1.13235	1.13245	1.13713	0.00	4952.31
511	2015.02.02 13:25	s/l	214	0.51	1.13245	1.13245	1.13713	5.10	4957.41
512	2015.02.03 09:00	buy	215	2.28	1.13388	1.13236	1.13768	0.00	4957.41
513	2015.02.03 10:01	s/l	215	2.28	1.13236	1.13236	1.13768	-346.56	4610.85
514	2015.02.10 10:30	sell	216	0.51	1.13188	1.13368	1.12738	0.00	4610.85
515	2015.02.10 11:27	modify	216	0.51	1.13188	1.13178	1.12738	0.00	4610.85
516	2015.02.10 13:50	t/p	216	0.51	1.12738	1.13178	1.12738	229.50	4840.35
517	2015.02.12 16:30	buy	217	0.70	1.13514	1.13272	1.14119	0.00	4840.35
518	2015.02.12 16:48	modify	217	0.70	1.13514	1.13524	1.14119	0.00	4840.35
519	2015.02.12 18:40	t/p	217	0.70	1.14119	1.13524	1.14119	423.50	5263.85
520	2015.02.17 08:45	sell	218	1.21	1.13504	1.13678	1.13069	0.00	5263.85
521	2015.02.17 11:08	s/l	218	1.21	1.13678	1.13678	1.13069	-210.54	5053.31
522	2015.02.18 15:15	sell	219	0.58	1.13716	1.13890	1.13281	0.00	5053.31
523	2015.02.18 17:13	modify	219	0.58	1.13716	1.13706	1.13281	0.00	5053.31
524	2015.02.18 21:00	s/l	219	0.58	1.13706	1.13706	1.13281	5.80	5059.11
525	2015.02.24 16:15	sell	220	1.47	1.13176	1.13416	1.12576	0.00	5059.11
526	2015.02.24 17:15	s/l	220	1.47	1.13416	1.13416	1.12576	-352.80	4706.31
527	2015.02.25 10:45	buy	221	0.55	1.13718	1.13548	1.14143	0.00	4706.31
528	2015.02.25 12:38	s/l	221	0.55	1.13548	1.13548	1.14143	-93.50	4612.81
529	2015.02.25 12:38	sell	222	0.22	1.13548	1.13749	1.13046	0.00	4612.81
530	2015.02.26 12:00	s/l	222	0.22	1.13749	1.13749	1.13046	-42.55	4570.27
531	2015.03.02 15:45	sell	223	0.51	1.12167	1.12345	1.11722	0.00	4570.27
532	2015.03.02 17:36	modify	223	0.51	1.12167	1.12157	1.11722	0.00	4570.27
533	2015.03.03 11:41	t/p	223	0.51	1.11722	1.12157	1.11722	228.24	4798.51
534	2015.03.18 10:45	buy	224	1.72	1.06096	1.05901	1.06584	0.00	4798.51
535	2015.03.18 14:51	s/l	224	1.72	1.05901	1.05901	1.06584	-335.40	4463.11
536	2015.03.18 16:00	buy	225	0.36	1.06114	1.05871	1.06722	0.00	4463.11
537	2015.03.18 18:02	modify	225	0.36	1.06114	1.06124	1.06722	0.00	4463.11
538	2015.03.18 20:00	t/p	225	0.36	1.06722	1.06124	1.06722	218.88	4681.99
539	2015.04.07 08:00	sell	226	1.46	1.09238	1.09462	1.08678	0.00	4681.99
540	2015.04.07 08:58	s/l	226	1.46	1.09462	1.09462	1.08678	-327.04	4354.95
541	2015.04.08 14:30	sell	227	0.42	1.08561	1.08767	1.08046	0.00	4354.95
542	2015.04.08 15:32	s/l	227	0.42	1.08767	1.08767	1.08046	-86.52	4268.43
543	2015.04.15 09:30	buy	228	0.39	1.06461	1.06244	1.07004	0.00	4268.43
544	2015.04.15 10:23	s/l	228	0.39	1.06244	1.06244	1.07004	-84.63	4183.80
545	2015.04.20 09:30	buy	229	0.48	1.07898	1.07724	1.08333	0.00	4183.80
546	2015.04.20 10:06	s/l	229	0.48	1.07724	1.07724	1.08333	-83.52	4100.28
547	2015.04.21 08:30	sell	230	0.49	1.07223	1.07390	1.06806	0.00	4100.28
548	2015.04.21 09:11	modify	230	0.49	1.07223	1.07213	1.06806	0.00	4100.28
549	2015.04.21 09:47	t/p	230	0.49	1.06806	1.07213	1.06806	204.33	4304.61
550	2015.04.23 08:00	sell	231	0.87	1.07024	1.07196	1.06594	0.00	4304.61
551	2015.04.23 10:02	modify	231	0.87	1.07024	1.07014	1.06594	0.00	4304.61
552	2015.04.23 11:04	s/l	231	0.87	1.07014	1.07014	1.06594	8.70	4313.31
553	2015.04.27 14:00	buy	232	0.71	1.08453	1.08213	1.09053	0.00	4313.31
554	2015.04.27 15:14	s/l	232	0.71	1.08213	1.08213	1.09053	-170.40	4142.91
555	2015.04.28 11:45	buy	233	0.40	1.08818	1.08611	1.09336	0.00	4142.91
556	2015.04.28 12:15	modify	233	0.40	1.08818	1.08828	1.09336	0.00	4142.91
557	2015.04.28 13:46	t/p	233	0.40	1.09336	1.08828	1.09336	207.20	4350.11
558	2015.06.16 09:45	buy	234	1.39	1.12784	1.12566	1.13329	0.00	4350.11
559	2015.06.16 09:54	modify	234	1.39	1.12784	1.12794	1.13329	0.00	4350.11
560	2015.06.16 10:41	s/l	234	1.39	1.12794	1.12794	1.13329	13.90	4364.01
561	2015.06.17 10:00	buy	235	0.88	1.12588	1.12391	1.13081	0.00	4364.01
562	2015.06.17 11:14	modify	235	0.88	1.12588	1.12598	1.13081	0.00	4364.01
563	2015.06.17 11:56	s/l	235	0.88	1.12598	1.12598	1.13081	8.80	4372.81
564	2015.07.29 16:30	sell	236	0.72	1.10352	1.10594	1.09747	0.00	4372.81
565	2015.07.29 21:00	s/l	236	0.72	1.10594	1.10594	1.09747	-174.24	4198.57
566	2015.08.03 09:15	sell	237	0.49	1.09711	1.09882	1.09284	0.00	4198.57
567	2015.08.03 09:57	s/l	237	0.49	1.09882	1.09882	1.09284	-83.79	4114.78
568	2015.08.03 09:57	buy	238	0.16	1.09884	1.09641	1.10492	0.00	4114.78
569	2015.08.03 11:04	s/l	238	0.16	1.09641	1.09641	1.10492	-38.88	4075.90
570	2015.08.17 14:00	sell	239	0.47	1.10862	1.11034	1.10432	0.00	4075.90
571	2015.08.17 14:50	s/l	239	0.47	1.11034	1.11034	1.10432	-80.84	3995.06
572	2015.08.17 14:50	buy	240	0.16	1.11034	1.10790	1.11644	0.00	3995.06
573	2015.08.17 17:15	s/l	240	0.16	1.10790	1.10790	1.11644	-39.04	3956.02
574	2015.08.18 10:30	sell	241	0.47	1.10653	1.10821	1.10233	0.00	3956.02
575	2015.08.18 10:54	s/l	241	0.47	1.10821	1.10821	1.10233	-78.96	3877.06
576	2015.08.18 10:54	buy	242	0.18	1.10822	1.10609	1.11355	0.00	3877.06
577	2015.08.18 12:37	s/l	242	0.18	1.10609	1.10609	1.11355	-38.34	3838.72
578	2015.09.03 09:30	sell	243	0.25	1.12218	1.12370	1.11838	0.00	3838.72
579	2015.09.03 10:05	s/l	243	0.25	1.12370	1.12370	1.11838	-38.00	3800.72
580	2015.09.24 08:00	buy	244	0.23	1.11923	1.11764	1.12321	0.00	3800.72
581	2015.09.24 09:38	modify	244	0.23	1.11923	1.11933	1.12321	0.00	3800.72
582	2015.09.24 11:10	s/l	244	0.23	1.11933	1.11933	1.12321	2.30	3803.02
583	2015.09.30 14:30	sell	245	1.26	1.12060	1.12270	1.11535	0.00	3803.02
584	2015.09.30 17:25	modify	245	1.26	1.12060	1.12050	1.11535	0.00	3803.02
585	2015.10.01 06:33	t/p	245	1.26	1.11535	1.12050	1.11535	671.09	4474.11
586	2015.10.06 09:15	sell	246	1.11	1.11779	1.11940	1.11377	0.00	4474.11
587	2015.10.06 09:37	s/l	246	1.11	1.11940	1.11940	1.11377	-178.71	4295.40
588	2015.10.08 10:00	buy	247	0.25	1.12617	1.12448	1.13040	0.00	4295.40
589	2015.10.08 10:18	modify	247	0.25	1.12617	1.12627	1.13040	0.00	4295.40
590	2015.10.08 10:24	t/p	247	0.25	1.13040	1.12627	1.13040	105.75	4401.15
591	2015.10.13 15:30	buy	248	1.78	1.13865	1.13692	1.14298	0.00	4401.15
592	2015.10.13 17:02	s/l	248	1.78	1.13692	1.13692	1.14298	-307.94	4093.21
593	2015.10.14 15:15	buy	249	0.47	1.14096	1.13924	1.14526	0.00	4093.21
594	2015.10.14 15:30	modify	249	0.47	1.14096	1.14106	1.14526	0.00	4093.21
595	2015.10.14 16:47	s/l	249	0.47	1.14106	1.14106	1.14526	4.70	4097.91
596	2015.10.19 10:15	sell	250	1.37	1.13584	1.13793	1.13062	0.00	4097.91
597	2015.10.19 12:37	modify	250	1.37	1.13584	1.13574	1.13062	0.00	4097.91
598	2015.10.19 17:59	t/p	250	1.37	1.13062	1.13574	1.13062	715.14	4813.05
599	2015.10.27 10:00	sell	251	1.09	1.10549	1.10725	1.10109	0.00	4813.05
600	2015.10.27 14:25	s/l	251	1.09	1.10725	1.10725	1.10109	-191.84	4621.21
601	2015.10.28 10:45	sell	252	0.56	1.10362	1.10525	1.09955	0.00	4621.21
602	2015.10.28 11:07	s/l	252	0.56	1.10525	1.10525	1.09955	-91.28	4529.93
603	2015.10.28 11:07	buy	253	0.22	1.10525	1.10328	1.11018	0.00	4529.93
604	2015.10.28 14:39	modify	253	0.22	1.10525	1.10535	1.11018	0.00	4529.93
605	2015.10.28 20:00	s/l	253	0.22	1.10535	1.10535	1.11018	2.20	4532.13
606	2015.11.10 10:15	sell	254	0.49	1.07475	1.07657	1.07020	0.00	4532.13
607	2015.11.10 14:49	modify	254	0.49	1.07475	1.07465	1.07020	0.00	4532.13
608	2015.11.10 14:54	t/p	254	0.49	1.07020	1.07465	1.07020	222.95	4755.08
609	2015.11.11 10:00	buy	255	1.78	1.07489	1.07303	1.07954	0.00	4755.08
610	2015.11.11 13:17	s/l	255	1.78	1.07303	1.07303	1.07954	-331.08	4424.00
611	2015.11.16 15:15	sell	256	0.57	1.07229	1.07384	1.06842	0.00	4424.00
612	2015.11.16 15:37	s/l	256	0.57	1.07384	1.07384	1.06842	-88.35	4335.65
613	2015.11.16 15:37	buy	257	0.23	1.07384	1.07202	1.07839	0.00	4335.65
614	2015.11.16 16:20	s/l	257	0.23	1.07202	1.07202	1.07839	-41.86	4293.79
615	2015.11.18 14:15	buy	258	0.56	1.06716	1.06563	1.07099	0.00	4293.79
616	2015.11.18 16:00	s/l	258	0.56	1.06563	1.06563	1.07099	-85.68	4208.11
617	2015.11.18 16:00	sell	259	0.26	1.06563	1.06723	1.06163	0.00	4208.11
618	2015.11.18 16:43	s/l	259	0.26	1.06723	1.06723	1.06163	-41.60	4166.51
619	2015.11.19 11:00	buy	260	0.17	1.06882	1.06647	1.07470	0.00	4166.51
620	2015.11.19 16:25	modify	260	0.17	1.06882	1.06892	1.07470	0.00	4166.51
621	2015.11.19 18:09	t/p	260	0.17	1.07470	1.06892	1.07470	99.96	4266.47
622	2015.12.01 10:15	sell	261	1.72	1.05779	1.05952	1.05347	0.00	4266.47
623	2015.12.01 10:46	s/l	261	1.72	1.05952	1.05952	1.05347	-297.56	3968.91
624	2015.12.14 09:15	sell	262	0.52	1.09585	1.09735	1.09210	0.00	3968.91
625	2015.12.14 13:25	s/l	262	0.52	1.09735	1.09735	1.09210	-78.00	3890.91
626	2015.12.16 16:30	sell	263	0.50	1.09260	1.09414	1.08875	0.00	3890.91
627	2015.12.16 17:58	s/l	263	0.50	1.09414	1.09414	1.08875	-77.00	3813.91
628	2015.12.16 17:58	buy	264	0.17	1.09414	1.09196	1.09959	0.00	3813.91
629	2015.12.16 21:00	s/l	264	0.17	1.09196	1.09196	1.09959	-37.06	3776.85
630	2015.12.21 15:15	buy	265	0.43	1.08708	1.08534	1.09143	0.00	3776.85
631	2015.12.21 15:44	modify	265	0.43	1.08708	1.08718	1.09143	0.00	3776.85
632	2015.12.21 17:27	t/p	265	0.43	1.09143	1.08718	1.09143	187.05	3963.90
633	2015.12.22 10:00	buy	266	1.39	1.09206	1.09007	1.09704	0.00	3963.90
634	2015.12.22 15:14	modify	266	1.39	1.09206	1.09216	1.09704	0.00	3963.90
635	2015.12.22 17:06	t/p	266	1.39	1.09704	1.09216	1.09704	692.22	4656.12
636	2015.12.24 16:45	buy	267	0.39	1.09565	1.09327	1.10160	0.00	4656.12
637	2015.12.28 13:11	modify	267	0.39	1.09565	1.09575	1.10160	0.00	4656.12
638	2015.12.29 15:14	s/l	267	0.39	1.09575	1.09575	1.10160	-5.86	4650.25
639	2015.12.30 15:30	sell	268	0.59	1.09190	1.09347	1.08798	0.00	4650.25
640	2015.12.30 15:58	s/l	268	0.59	1.09347	1.09347	1.08798	-92.63	4557.62
641	2015.12.30 15:58	buy	269	0.23	1.09347	1.09154	1.09830	0.00	4557.62
642	2015.12.30 16:59	s/l	269	0.23	1.09154	1.09154	1.09830	-44.39	4513.23
643	2016.01.12 08:30	buy	270	0.49	1.08901	1.08720	1.09354	0.00	4513.23
644	2016.01.12 10:32	s/l	270	0.49	1.08720	1.08720	1.09354	-88.69	4424.54
645	2016.01.19 10:45	sell	271	0.56	1.08654	1.08812	1.08259	0.00	4424.54
646	2016.01.19 10:52	s/l	271	0.56	1.08812	1.08812	1.08259	-88.48	4336.06
647	2016.01.19 10:52	buy	272	0.21	1.08812	1.08609	1.09320	0.00	4336.06
648	2016.01.19 13:50	s/l	272	0.21	1.08609	1.08609	1.09320	-42.63	4293.43
649	2016.01.25 14:30	sell	273	0.55	1.08113	1.08267	1.07728	0.00	4293.43
650	2016.01.25 15:29	s/l	273	0.55	1.08267	1.08267	1.07728	-84.70	4208.73
651	2016.01.25 15:29	buy	274	0.20	1.08267	1.08064	1.08775	0.00	4208.73
652	2016.01.26 03:06	modify	274	0.20	1.08267	1.08277	1.08775	0.00	4208.73
653	2016.01.26 12:50	s/l	274	0.20	1.08277	1.08277	1.08775	0.33	4209.07
654	2016.01.27 11:00	buy	275	0.51	1.08668	1.08505	1.09076	0.00	4209.07
655	2016.01.27 14:56	modify	275	0.51	1.08668	1.08678	1.09076	0.00	4209.07
656	2016.01.27 15:26	t/p	275	0.51	1.09076	1.08678	1.09076	208.08	4417.15
657	2016.02.03 14:45	buy	276	1.46	1.09295	1.09084	1.09823	0.00	4417.15
658	2016.02.03 15:24	modify	276	1.46	1.09295	1.09305	1.09823	0.00	4417.15
659	2016.02.03 16:45	t/p	276	1.46	1.09823	1.09305	1.09823	770.88	5188.03
660	2016.02.08 10:15	buy	277	1.36	1.11485	1.11333	1.11865	0.00	5188.03
661	2016.02.08 11:17	modify	277	1.36	1.11485	1.11495	1.11865	0.00	5188.03
662	2016.02.08 13:08	s/l	277	1.36	1.11495	1.11495	1.11865	13.60	5201.63
663	2016.02.17 15:15	sell	278	1.30	1.11355	1.11515	1.10955	0.00	5201.63
664	2016.02.17 16:15	modify	278	1.30	1.11355	1.11345	1.10955	0.00	5201.63
665	2016.02.17 16:44	s/l	278	1.30	1.11345	1.11345	1.10955	13.00	5214.63
666	2016.02.18 10:00	sell	279	0.50	1.11271	1.11477	1.10756	0.00	5214.63
667	2016.02.18 13:58	modify	279	0.50	1.11271	1.11261	1.10756	0.00	5214.63
668	2016.02.18 16:19	t/p	279	0.50	1.10756	1.11261	1.10756	257.50	5472.13
669	2016.02.23 10:30	sell	280	1.22	1.10366	1.10544	1.09921	0.00	5472.13
670	2016.02.23 11:16	modify	280	1.22	1.10366	1.10356	1.09921	0.00	5472.13
671	2016.02.23 11:34	t/p	280	1.22	1.09921	1.10356	1.09921	542.90	6015.03
672	2016.03.15 11:30	sell	281	1.20	1.10961	1.11161	1.10461	0.00	6015.03
673	2016.03.15 14:43	s/l	281	1.20	1.11161	1.11161	1.10461	-240.00	5775.03
674	2016.03.16 08:45	sell	282	0.75	1.10877	1.11030	1.10495	0.00	5775.03
675	2016.03.16 15:14	modify	282	0.75	1.10877	1.10867	1.10495	0.00	5775.03
676	2016.03.16 19:51	s/l	282	0.75	1.10867	1.10867	1.10495	7.50	5782.53
677	2016.04.11 15:30	buy	283	1.86	1.14056	1.13839	1.14599	0.00	5782.53
678	2016.04.11 16:53	modify	283	1.86	1.14056	1.14066	1.14599	0.00	5782.53
679	2016.04.11 18:57	s/l	283	1.86	1.14066	1.14066	1.14599	18.60	5801.13
680	2016.04.18 15:30	buy	284	1.16	1.13169	1.12969	1.13669	0.00	5801.13
681	2016.04.18 16:40	s/l	284	1.16	1.12969	1.12969	1.13669	-232.00	5569.13
682	2016.04.26 09:15	buy	285	0.72	1.12721	1.12568	1.13104	0.00	5569.13
683	2016.04.26 10:00	s/l	285	0.72	1.12568	1.12568	1.13104	-110.16	5458.97
684	2016.04.26 10:00	sell	286	0.29	1.12568	1.12755	1.12101	0.00	5458.97
685	2016.04.26 10:50	s/l	286	0.29	1.12755	1.12755	1.12101	-54.23	5404.74
686	2016.04.27 09:30	buy	287	0.66	1.13052	1.12890	1.13457	0.00	5404.74
687	2016.04.27 10:38	modify	287	0.66	1.13052	1.13062	1.13457	0.00	5404.74
688	2016.04.27 12:16	s/l	287	0.66	1.13062	1.13062	1.13457	6.60	5411.34
689	2016.04.27 15:30	buy	288	1.83	1.13114	1.12908	1.13629	0.00	5411.34
690	2016.04.27 20:14	modify	288	1.83	1.13114	1.13124	1.13629	0.00	5411.34
691	2016.04.27 21:00	s/l	288	1.83	1.13124	1.13124	1.13629	18.30	5429.64
692	2016.05.09 08:45	sell	289	1.37	1.13988	1.14146	1.13593	0.00	5429.64
693	2016.05.09 09:52	s/l	289	1.37	1.14146	1.14146	1.13593	-216.46	5213.18
694	2016.05.09 10:15	sell	290	0.47	1.13993	1.14214	1.13441	0.00	5213.18
695	2016.05.10 13:58	modify	290	0.47	1.13993	1.13983	1.13441	0.00	5213.18
696	2016.05.10 17:42	s/l	290	0.47	1.13983	1.13983	1.13441	5.89	5219.07
697	2016.05.17 11:45	sell	291	2.08	1.13230	1.13405	1.12793	0.00	5219.07
698	2016.05.17 16:46	s/l	291	2.08	1.13405	1.13405	1.12793	-364.00	4855.07
699	2016.05.23 15:30	sell	292	0.56	1.12019	1.12192	1.11587	0.00	4855.07
700	2016.05.23 20:14	s/l	292	0.56	1.12192	1.12192	1.11587	-96.88	4758.19
701	2016.05.24 10:30	sell	293	0.42	1.11949	1.12175	1.11384	0.00	4758.19
702	2016.05.24 15:31	modify	293	0.42	1.11949	1.11939	1.11384	0.00	4758.19
703	2016.05.24 22:16	t/p	293	0.42	1.11384	1.11939	1.11384	237.30	4995.49
704	2016.06.13 15:30	sell	294	1.73	1.12597	1.12798	1.12095	0.00	4995.49
705	2016.06.13 17:12	s/l	294	1.73	1.12798	1.12798	1.12095	-347.73	4647.76
706	2016.07.04 14:45	buy	295	0.49	1.11379	1.11190	1.11852	0.00	4647.76
707	2016.07.05 10:29	modify	295	0.49	1.11379	1.11389	1.11852	0.00	4647.76
708	2016.07.05 10:30	t/p	295	0.49	1.11852	1.11389	1.11852	227.68	4875.44
709	2016.07.05 15:45	buy	296	1.39	1.11521	1.11276	1.12134	0.00	4875.44
710	2016.07.05 17:31	s/l	296	1.39	1.11276	1.11276	1.12134	-340.55	4534.89
711	2016.07.13 10:15	sell	297	0.45	1.10468	1.10669	1.09966	0.00	4534.89
712	2016.07.13 12:30	s/l	297	0.45	1.10669	1.10669	1.09966	-90.45	4444.44
713	2016.07.13 12:30	buy	298	0.22	1.10669	1.10475	1.11154	0.00	4444.44
714	2016.07.13 17:16	modify	298	0.22	1.10669	1.10679	1.11154	0.00	4444.44
715	2016.07.13 17:33	t/p	298	0.22	1.11154	1.10679	1.11154	106.70	4551.14
716	2016.07.21 09:45	buy	299	0.26	1.10426	1.10252	1.10861	0.00	4551.14
717	2016.07.21 10:27	s/l	299	0.26	1.10252	1.10252	1.10861	-45.24	4505.90
718	2016.07.21 10:27	sell	300	0.09	1.10252	1.10489	1.09660	0.00	4505.90
719	2016.07.21 15:40	s/l	300	0.09	1.10489	1.10489	1.09660	-21.33	4484.57
720	2016.08.25 16:00	buy	301	0.23	1.12941	1.12748	1.13424	0.00	4484.57
721	2016.08.25 18:53	s/l	301	0.23	1.12748	1.12748	1.13424	-44.39	4440.18
722	2016.08.25 18:53	sell	302	0.21	1.12748	1.12851	1.12491	0.00	4440.18
723	2016.08.25 23:58	s/l	302	0.21	1.12851	1.12851	1.12491	-21.63	4418.55
724	2016.09.13 16:15	sell	303	0.42	1.12266	1.12475	1.11744	0.00	4418.55
725	2016.09.13 17:05	s/l	303	0.42	1.12475	1.12475	1.11744	-87.78	4330.77
726	2016.09.13 17:05	buy	304	0.17	1.12475	1.12228	1.13093	0.00	4330.77
727	2016.09.13 20:03	s/l	304	0.17	1.12228	1.12228	1.13093	-41.99	4288.78
728	2016.09.14 10:30	sell	305	0.43	1.12235	1.12430	1.11748	0.00	4288.78
729	2016.09.14 17:22	s/l	305	0.43	1.12430	1.12430	1.11748	-83.85	4204.93
730	2016.09.14 17:22	buy	306	0.18	1.12431	1.12209	1.12986	0.00	4204.93
731	2016.09.15 10:34	s/l	306	0.18	1.12209	1.12209	1.12986	-44.47	4160.46
732	2016.09.29 15:45	sell	307	0.20	1.12069	1.12270	1.11567	0.00	4160.46
733	2016.09.29 17:13	s/l	307	0.20	1.12270	1.12270	1.11567	-40.20	4120.26
734	2016.10.03 10:45	buy	308	0.42	1.12377	1.12185	1.12857	0.00	4120.26
735	2016.10.03 17:00	s/l	308	0.42	1.12185	1.12185	1.12857	-80.64	4039.62
736	2016.10.03 17:00	sell	309	0.34	1.12185	1.12301	1.11895	0.00	4039.62
737	2016.10.04 05:02	modify	309	0.34	1.12185	1.12175	1.11895	0.00	4039.62
738	2016.10.04 08:57	t/p	309	0.34	1.11895	1.12175	1.11895	99.46	4139.09
739	2016.10.19 14:00	sell	310	0.43	1.09847	1.10038	1.09370	0.00	4139.09
740	2016.10.19 17:50	modify	310	0.43	1.09847	1.09837	1.09370	0.00	4139.09
741	2016.10.20 14:25	s/l	310	0.43	1.09837	1.09837	1.09370	7.57	4146.66
742	2016.10.27 16:15	buy	311	0.94	1.09265	1.09111	1.09650	0.00	4146.66
743	2016.10.27 17:07	s/l	311	0.94	1.09111	1.09111	1.09650	-144.76	4001.90
744	2016.11.23 14:00	sell	312	0.50	1.06221	1.06381	1.05821	0.00	4001.90
745	2016.11.23 15:20	modify	312	0.50	1.06221	1.06211	1.05821	0.00	4001.90
746	2016.11.23 15:31	t/p	312	0.50	1.05821	1.06211	1.05821	200.00	4201.90
747	2016.11.29 09:30	sell	313	1.76	1.05923	1.06090	1.05506	0.00	4201.90
748	2016.11.29 10:02	s/l	313	1.76	1.06090	1.06090	1.05506	-293.92	3907.98
749	2016.11.29 11:00	sell	314	0.32	1.05922	1.06159	1.05330	0.00	3907.98
750	2016.11.29 17:10	s/l	314	0.32	1.06159	1.06159	1.05330	-75.84	3832.14
751	2016.11.30 10:30	buy	315	0.36	1.06382	1.06170	1.06912	0.00	3832.14
752	2016.11.30 15:15	s/l	315	0.36	1.06170	1.06170	1.06912	-76.32	3755.82
753	2016.12.07 10:45	buy	316	0.34	1.07313	1.07097	1.07853	0.00	3755.82
754	2016.12.07 12:06	s/l	316	0.34	1.07097	1.07097	1.07853	-73.44	3682.38
755	2016.12.07 12:06	sell	317	0.15	1.07097	1.07335	1.06502	0.00	3682.38
756	2016.12.07 14:46	s/l	317	0.15	1.07335	1.07335	1.06502	-35.70	3646.68
757	2016.12.14 14:00	buy	318	0.45	1.06484	1.06325	1.06882	0.00	3646.68
758	2016.12.14 16:02	s/l	318	0.45	1.06325	1.06325	1.06882	-71.55	3575.13
759	2016.12.19 09:00	buy	319	0.35	1.04757	1.04554	1.05265	0.00	3575.13
760	2016.12.19 11:47	s/l	319	0.35	1.04554	1.04554	1.05265	-71.05	3504.08
761	2016.12.19 11:47	sell	320	0.21	1.04554	1.04720	1.04139	0.00	3504.08
762	2016.12.19 13:54	modify	320	0.21	1.04554	1.04544	1.04139	0.00	3504.08
763	2016.12.19 15:20	t/p	320	0.21	1.04139	1.04544	1.04139	87.15	3591.23
764	2016.12.22 16:15	buy	321	0.15	1.04507	1.04268	1.05105	0.00	3591.23
765	2016.12.22 17:07	modify	321	0.15	1.04507	1.04517	1.05105	0.00	3591.23
766	2016.12.22 18:02	s/l	321	0.15	1.04517	1.04517	1.05105	1.50	3592.73
767	2016.12.29 11:15	buy	322	0.73	1.04570	1.04400	1.04995	0.00	3592.73
768	2016.12.29 17:57	modify	322	0.73	1.04570	1.04580	1.04995	0.00	3592.73
769	2016.12.30 01:22	t/p	322	0.73	1.04995	1.04580	1.04995	304.16	3896.89
770	2017.01.11 11:15	sell	323	0.98	1.05446	1.05605	1.05049	0.00	3896.89
771	2017.01.11 12:29	modify	323	0.98	1.05446	1.05436	1.05049	0.00	3896.89
772	2017.01.11 14:08	t/p	323	0.98	1.05049	1.05436	1.05049	389.06	4285.95
773	2017.01.16 09:15	sell	324	0.73	1.06079	1.06311	1.05499	0.00	4285.95
774	2017.01.17 06:10	s/l	324	0.73	1.06311	1.06311	1.05499	-167.51	4118.44
775	2017.01.18 10:15	buy	325	0.39	1.06946	1.06735	1.07474	0.00	4118.44
776	2017.01.18 14:57	s/l	325	0.39	1.06735	1.06735	1.07474	-82.29	4036.15
777	2017.01.18 14:57	sell	326	0.24	1.06735	1.06902	1.06318	0.00	4036.15
778	2017.01.18 17:10	s/l	326	0.24	1.06902	1.06902	1.06318	-40.08	3996.07
779	2017.01.26 11:45	sell	327	0.22	1.07280	1.07454	1.06845	0.00	3996.07
780	2017.01.26 15:01	modify	327	0.22	1.07280	1.07270	1.06845	0.00	3996.07
781	2017.01.26 16:20	t/p	327	0.22	1.06845	1.07270	1.06845	95.70	4091.77
782	2017.01.31 10:00	buy	328	1.65	1.06996	1.06823	1.07429	0.00	4091.77
783	2017.01.31 13:40	modify	328	1.65	1.06996	1.07006	1.07429	0.00	4091.77
784	2017.01.31 13:47	t/p	328	1.65	1.07429	1.07006	1.07429	714.45	4806.22
785	2017.02.02 09:30	buy	329	0.49	1.07950	1.07755	1.08438	0.00	4806.22
786	2017.02.02 15:47	modify	329	0.49	1.07950	1.07960	1.08438	0.00	4806.22
787	2017.02.02 18:17	s/l	329	0.49	1.07960	1.07960	1.08438	4.90	4811.12
788	2017.02.09 15:30	sell	330	0.60	1.06815	1.06974	1.06418	0.00	4811.12
789	2017.02.09 17:00	modify	330	0.60	1.06815	1.06805	1.06418	0.00	4811.12
790	2017.02.10 09:58	t/p	330	0.60	1.06418	1.06805	1.06418	239.72	5050.84
791	2017.02.20 15:00	sell	331	1.07	1.06094	1.06282	1.05624	0.00	5050.84
792	2017.02.21 03:19	modify	331	1.07	1.06094	1.06084	1.05624	0.00	5050.84
793	2017.02.21 10:34	t/p	331	1.07	1.05624	1.06084	1.05624	505.61	5556.45
794	2017.02.23 10:15	buy	332	0.47	1.05621	1.05386	1.06209	0.00	5556.45
795	2017.02.23 12:08	s/l	332	0.47	1.05386	1.05386	1.06209	-110.45	5446.00
796	2017.02.27 10:00	buy	333	0.56	1.05814	1.05620	1.06299	0.00	5446.00
797	2017.02.27 17:59	modify	333	0.56	1.05814	1.05824	1.06299	0.00	5446.00
798	2017.02.27 18:49	t/p	333	0.56	1.06299	1.05824	1.06299	271.60	5717.60
799	2017.02.28 11:15	buy	334	2.23	1.05918	1.05739	1.06366	0.00	5717.60
800	2017.02.28 17:13	modify	334	2.23	1.05918	1.05928	1.06366	0.00	5717.60
801	2017.02.28 21:59	s/l	334	2.23	1.05928	1.05928	1.06366	22.30	5739.90
802	2017.03.02 11:45	sell	335	0.57	1.05257	1.05455	1.04762	0.00	5739.90
803	2017.03.02 21:26	modify	335	0.57	1.05257	1.05247	1.04762	0.00	5739.90
804	2017.03.03 08:51	s/l	335	0.57	1.05247	1.05247	1.04762	7.15	5747.05
805	2017.03.06 15:30	buy	336	1.29	1.06011	1.05833	1.06456	0.00	5747.05
806	2017.03.06 18:32	s/l	336	1.29	1.05833	1.05833	1.06456	-229.62	5517.43
807	2017.03.22 08:45	buy	337	0.66	1.08101	1.07934	1.08519	0.00	5517.43
808	2017.03.22 09:33	s/l	337	0.66	1.07934	1.07934	1.08519	-110.22	5407.21
809	2017.03.22 15:00	buy	338	0.51	1.08040	1.07830	1.08565	0.00	5407.21
810	2017.03.23 03:02	s/l	338	0.51	1.07830	1.07830	1.08565	-119.87	5287.34
811	2017.03.23 03:02	sell	339	0.19	1.07830	1.07968	1.07485	0.00	5287.34
812	2017.03.23 08:28	s/l	339	0.19	1.07968	1.07968	1.07485	-26.22	5261.12
813	2017.03.28 15:30	buy	340	0.57	1.08649	1.08466	1.09107	0.00	5261.12
814	2017.03.28 19:12	s/l	340	0.57	1.08466	1.08466	1.09107	-104.31	5156.81
815	2017.03.28 19:12	sell	341	0.30	1.08466	1.08637	1.08039	0.00	5156.81
816	2017.03.28 20:58	modify	341	0.30	1.08466	1.08456	1.08039	0.00	5156.81
817	2017.03.28 21:06	t/p	341	0.30	1.08039	1.08456	1.08039	128.10	5284.91
818	2017.04.06 15:30	sell	342	0.27	1.06577	1.06772	1.06090	0.00	5284.91
819	2017.04.07 14:03	modify	342	0.27	1.06577	1.06567	1.06090	0.00	5284.91
820	2017.04.07 15:30	s/l	342	0.27	1.06567	1.06567	1.06090	3.38	5288.30
821	2017.04.27 15:00	sell	343	1.07	1.08862	1.09034	1.08432	0.00	5288.30
822	2017.04.27 15:35	s/l	343	1.07	1.09034	1.09034	1.08432	-184.04	5104.26
823	2017.05.08 08:45	buy	344	0.48	1.09896	1.09686	1.10421	0.00	5104.26
824	2017.05.08 10:13	s/l	344	0.48	1.09686	1.09686	1.10421	-100.80	5003.46
825	2017.05.08 10:13	sell	345	0.21	1.09686	1.09916	1.09111	0.00	5003.46
826	2017.05.08 15:11	modify	345	0.21	1.09686	1.09676	1.09111	0.00	5003.46
827	2017.05.09 09:21	t/p	345	0.21	1.09111	1.09676	1.09111	121.28	5124.74
828	2017.05.25 10:30	buy	346	0.33	1.12384	1.12230	1.12769	0.00	5124.74
829	2017.05.25 12:34	s/l	346	0.33	1.12230	1.12230	1.12769	-50.82	5073.92
830	2017.05.31 10:00	buy	347	0.50	1.11880	1.11681	1.12378	0.00	5073.92
831	2017.05.31 14:05	modify	347	0.50	1.11880	1.11890	1.12378	0.00	5073.92
832	2017.05.31 16:49	t/p	347	0.50	1.12378	1.11890	1.12378	249.00	5322.92
833	2017.06.05 10:15	buy	348	2.07	1.12759	1.12579	1.13209	0.00	5322.92
834	2017.06.05 13:22	s/l	348	2.07	1.12579	1.12579	1.13209	-372.60	4950.32
835	2017.06.08 11:30	sell	349	0.32	1.12515	1.12666	1.12138	0.00	4950.32
836	2017.06.08 14:46	modify	349	0.32	1.12515	1.12505	1.12138	0.00	4950.32
837	2017.06.08 15:38	t/p	349	0.32	1.12138	1.12505	1.12138	120.64	5070.96
838	2017.06.12 14:15	buy	350	1.92	1.12241	1.12057	1.12701	0.00	5070.96
839	2017.06.12 16:51	s/l	350	1.92	1.12057	1.12057	1.12701	-353.28	4717.68
840	2017.06.21 16:30	sell	351	0.44	1.11336	1.11546	1.10811	0.00	4717.68
841	2017.06.21 21:22	s/l	351	0.44	1.11546	1.11546	1.10811	-92.40	4625.28
842	2017.06.21 21:22	buy	352	0.37	1.11546	1.11424	1.11851	0.00	4625.28
843	2017.06.22 08:34	modify	352	0.37	1.11546	1.11556	1.11851	0.00	4625.28
844	2017.06.22 10:40	s/l	352	0.37	1.11556	1.11556	1.11851	-5.56	4619.72
845	2017.07.05 11:30	sell	353	0.53	1.13503	1.13675	1.13073	0.00	4619.72
846	2017.07.05 12:00	modify	353	0.53	1.13503	1.13493	1.13073	0.00	4619.72
847	2017.07.05 21:00	s/l	353	0.53	1.13493	1.13493	1.13073	5.30	4625.02
848	2017.07.20 10:30	sell	354	0.81	1.15072	1.15270	1.14577	0.00	4625.02
849	2017.07.20 15:43	s/l	354	0.81	1.15270	1.15270	1.14577	-160.38	4464.64
850	2017.07.26 16:45	sell	355	0.37	1.16337	1.16572	1.15750	0.00	4464.64
851	2017.07.26 21:01	s/l	355	0.37	1.16572	1.16572	1.15750	-86.95	4377.69
852	2017.07.31 09:00	buy	356	0.53	1.17456	1.17293	1.17864	0.00	4377.69
853	2017.07.31 09:16	s/l	356	0.53	1.17293	1.17293	1.17864	-86.39	4291.30
854	2017.07.31 09:16	sell	357	0.21	1.17293	1.17492	1.16796	0.00	4291.30
855	2017.07.31 16:51	s/l	357	0.21	1.17492	1.17492	1.16796	-41.79	4249.51
856	2017.08.03 10:00	buy	358	0.27	1.18511	1.18354	1.18904	0.00	4249.51
857	2017.08.03 11:00	s/l	358	0.27	1.18354	1.18354	1.18904	-42.39	4207.12
858	2017.08.03 11:00	sell	359	0.15	1.18353	1.18487	1.18018	0.00	4207.12
859	2017.08.03 12:34	s/l	359	0.15	1.18487	1.18487	1.18018	-20.10	4187.02
860	2017.08.07 15:45	sell	360	0.47	1.17887	1.18062	1.17450	0.00	4187.02
861	2017.08.08 04:05	s/l	360	0.47	1.18062	1.18062	1.17450	-81.06	4105.96
862	2017.08.08 04:05	buy	361	0.45	1.18062	1.17972	1.18287	0.00	4105.96
863	2017.08.08 04:51	modify	361	0.45	1.18062	1.18072	1.18287	0.00	4105.96
864	2017.08.08 05:47	s/l	361	0.45	1.18072	1.18072	1.18287	4.50	4110.46
865	2017.08.22 15:45	sell	362	0.41	1.17550	1.17746	1.17060	0.00	4110.46
866	2017.08.23 10:32	s/l	362	0.41	1.17746	1.17746	1.17060	-79.32	4031.14
867	2017.09.06 09:00	buy	363	0.44	1.19253	1.19072	1.19706	0.00	4031.14
868	2017.09.07 10:46	modify	363	0.44	1.19253	1.19263	1.19706	0.00	4031.14
869	2017.09.07 12:21	t/p	363	0.44	1.19706	1.19263	1.19706	188.31	4219.44
870	2017.09.11 10:45	buy	364	1.38	1.20121	1.19908	1.20654	0.00	4219.44
871	2017.09.11 14:38	s/l	364	1.38	1.19908	1.19908	1.20654	-293.94	3925.50
872	2017.09.12 11:30	sell	365	0.48	1.19614	1.19776	1.19209	0.00	3925.50
873	2017.09.12 13:45	modify	365	0.48	1.19614	1.19604	1.19209	0.00	3925.50
874	2017.09.12 17:18	s/l	365	0.48	1.19604	1.19604	1.19209	4.80	3930.30
875	2017.09.13 10:30	buy	366	1.40	1.19861	1.19665	1.20351	0.00	3930.30
876	2017.09.13 12:53	s/l	366	1.40	1.19665	1.19665	1.20351	-274.40	3655.90
877	2017.09.13 14:00	buy	367	0.42	1.19866	1.19695	1.20294	0.00	3655.90
878	2017.09.13 16:01	s/l	367	0.42	1.19695	1.19695	1.20294	-71.82	3584.08
879	2017.09.18 15:30	buy	368	0.40	1.19576	1.19397	1.20024	0.00	3584.08
880	2017.09.18 18:53	s/l	368	0.40	1.19397	1.19397	1.20024	-71.60	3512.48
881	2017.09.28 16:00	sell	369	0.18	1.17668	1.17863	1.17181	0.00	3512.48
882	2017.09.28 16:20	s/l	369	0.18	1.17863	1.17863	1.17181	-35.10	3477.38
883	2017.09.28 16:20	buy	370	0.07	1.17863	1.17644	1.18411	0.00	3477.38
884	2017.09.29 15:30	modify	370	0.07	1.17863	1.17873	1.18411	0.00	3477.38
885	2017.10.02 04:10	s/l	370	0.07	1.17873	1.17873	1.18411	-0.47	3476.92
886	2017.10.03 15:45	sell	371	0.40	1.17382	1.17553	1.16955	0.00	3476.92
887	2017.10.03 16:24	s/l	371	0.40	1.17553	1.17553	1.16955	-68.40	3408.52
888	2017.10.03 16:24	buy	372	0.17	1.17553	1.17357	1.18043	0.00	3408.52
889	2017.10.04 00:51	s/l	372	0.17	1.17357	1.17357	1.18043	-34.74	3373.78
890	2017.10.19 09:45	buy	373	0.19	1.18123	1.17952	1.18551	0.00	3373.78
891	2017.10.19 11:09	s/l	373	0.19	1.17952	1.17952	1.18551	-32.49	3341.29
892	2017.10.19 11:09	sell	374	0.07	1.17952	1.18189	1.17360	0.00	3341.29
893	2017.10.19 13:21	s/l	374	0.07	1.18189	1.18189	1.17360	-16.59	3324.70
894	2017.10.31 10:30	sell	375	0.38	1.16350	1.16521	1.15923	0.00	3324.70
895	2017.10.31 18:26	s/l	375	0.38	1.16521	1.16521	1.15923	-64.98	3259.72
896	2017.10.31 18:26	buy	376	0.13	1.16521	1.16280	1.17124	0.00	3259.72
897	2017.11.01 08:41	s/l	376	0.13	1.16280	1.16280	1.17124	-32.41	3227.30
898	2017.11.06 09:15	sell	377	0.34	1.15999	1.16185	1.15534	0.00	3227.30
899	2017.11.07 10:43	modify	377	0.34	1.15999	1.15989	1.15534	0.00	3227.30
900	2017.11.08 01:19	s/l	377	0.34	1.15989	1.15989	1.15534	5.12	3232.43
901	2017.11.08 14:15	sell	378	1.38	1.15881	1.16044	1.15474	0.00	3232.43
902	2017.11.09 07:31	s/l	378	1.38	1.16044	1.16044	1.15474	-214.44	3017.99
903	2017.11.09 16:45	buy	379	0.13	1.16204	1.15982	1.16759	0.00	3017.99
904	2017.11.09 18:46	modify	379	0.13	1.16204	1.16214	1.16759	0.00	3017.99
905	2017.11.10 17:30	t/p	379	0.13	1.16759	1.16214	1.16759	71.07	3089.05
906	2017.11.16 08:30	buy	380	0.55	1.17957	1.17763	1.18442	0.00	3089.05
907	2017.11.16 09:36	s/l	380	0.55	1.17763	1.17763	1.18442	-106.70	2982.35
908	2017.11.22 16:30	buy	381	0.26	1.17671	1.17445	1.18236	0.00	2982.35
909	2017.11.22 21:01	modify	381	0.26	1.17671	1.17681	1.18236	0.00	2982.35
910	2017.11.22 21:30	t/p	381	0.26	1.18236	1.17681	1.18236	146.90	3129.25
911	2017.11.28 10:15	buy	382	1.10	1.19040	1.18842	1.19535	0.00	3129.25
912	2017.11.28 12:08	s/l	382	1.10	1.18842	1.18842	1.19535	-217.80	2911.45
913	2017.11.28 16:30	sell	383	0.35	1.18844	1.19010	1.18429	0.00	2911.45
914	2017.11.28 20:20	modify	383	0.35	1.18844	1.18834	1.18429	0.00	2911.45
915	2017.11.28 21:21	t/p	383	0.35	1.18429	1.18834	1.18429	145.25	3056.70
916	2017.12.06 09:45	sell	384	0.99	1.18199	1.18415	1.17659	0.00	3056.70
917	2017.12.06 16:58	modify	384	0.99	1.18199	1.18189	1.17659	0.00	3056.70
918	2017.12.08 03:43	t/p	384	0.99	1.17659	1.18189	1.17659	544.64	3601.34
919	2017.12.21 15:45	buy	385	0.42	1.18695	1.18524	1.19123	0.00	3601.34
920	2017.12.21 16:09	s/l	385	0.42	1.18524	1.18524	1.19123	-71.82	3529.52
921	2018.01.18 15:45	buy	386	0.19	1.22434	1.22252	1.22889	0.00	3529.52
922	2018.01.18 19:51	s/l	386	0.19	1.22252	1.22252	1.22889	-34.58	3494.94
923	2018.01.29 08:30	sell	387	0.40	1.24115	1.24288	1.23683	0.00	3494.94
924	2018.01.29 09:08	s/l	387	0.40	1.24288	1.24288	1.23683	-69.20	3425.74
925	2018.01.29 09:30	sell	388	0.30	1.24081	1.24309	1.23511	0.00	3425.74
926	2018.01.29 15:27	modify	388	0.30	1.24081	1.24071	1.23511	0.00	3425.74
927	2018.01.29 16:36	t/p	388	0.30	1.23511	1.24071	1.23511	171.00	3596.74
928	2018.02.01 08:15	sell	389	0.65	1.24092	1.24284	1.23612	0.00	3596.74
929	2018.02.01 10:14	s/l	389	0.65	1.24284	1.24284	1.23612	-124.80	3471.94
930	2018.02.05 14:00	sell	390	0.39	1.24476	1.24651	1.24039	0.00	3471.94
931	2018.02.05 16:05	modify	390	0.39	1.24476	1.24466	1.24039	0.00	3471.94
932	2018.02.05 16:40	t/p	390	0.39	1.24039	1.24466	1.24039	170.43	3642.37
933	2018.02.07 08:15	sell	391	1.54	1.23774	1.23939	1.23362	0.00	3642.37
934	2018.02.07 08:47	s/l	391	1.54	1.23939	1.23939	1.23362	-254.10	3388.27
935	2018.02.07 11:15	sell	392	0.29	1.23676	1.23904	1.23106	0.00	3388.27
936	2018.02.07 16:06	modify	392	0.29	1.23676	1.23666	1.23106	0.00	3388.27
937	2018.02.07 17:30	t/p	392	0.29	1.23106	1.23666	1.23106	165.30	3553.57
938	2018.02.12 14:15	sell	393	1.62	1.22619	1.22772	1.22237	0.00	3553.57
939	2018.02.12 15:34	modify	393	1.62	1.22619	1.22609	1.22237	0.00	3553.57
940	2018.02.12 16:43	s/l	393	1.62	1.22609	1.22609	1.22237	16.20	3569.77
941	2018.02.26 09:45	buy	394	0.75	1.23322	1.23134	1.23792	0.00	3569.77
942	2018.02.26 15:47	s/l	394	0.75	1.23134	1.23134	1.23792	-141.00	3428.77
943	2018.02.27 08:30	buy	395	0.45	1.23331	1.23179	1.23711	0.00	3428.77
944	2018.02.27 13:41	s/l	395	0.45	1.23179	1.23179	1.23711	-68.40	3360.37
945	2018.02.27 13:41	sell	396	0.19	1.23179	1.23353	1.22744	0.00	3360.37
946	2018.02.27 15:32	modify	396	0.19	1.23179	1.23169	1.22744	0.00	3360.37
947	2018.02.27 16:51	t/p	396	0.19	1.22744	1.23169	1.22744	82.65	3443.02
948	2018.03.06 10:30	buy	397	0.39	1.23436	1.23260	1.23876	0.00	3443.02
949	2018.03.06 13:23	modify	397	0.39	1.23436	1.23446	1.23876	0.00	3443.02
950	2018.03.06 13:32	t/p	397	0.39	1.23876	1.23446	1.23876	171.60	3614.62
951	2018.03.08 09:45	buy	398	0.63	1.24118	1.23919	1.24616	0.00	3614.62
952	2018.03.08 10:52	s/l	398	0.63	1.23919	1.23919	1.24616	-125.37	3489.25
953	2018.04.03 15:45	sell	399	0.30	1.22940	1.23169	1.22368	0.00	3489.25
954	2018.04.03 16:29	modify	399	0.30	1.22940	1.22930	1.22368	0.00	3489.25
955	2018.04.04 10:59	s/l	399	0.30	1.22930	1.22930	1.22368	3.76	3493.02
956	2018.04.04 15:15	sell	400	1.53	1.22759	1.22918	1.22362	0.00	3493.02
957	2018.04.04 15:49	s/l	400	1.53	1.22918	1.22918	1.22362	-243.27	3249.75
958	2018.04.09 14:45	buy	401	0.41	1.22796	1.22640	1.23186	0.00	3249.75
959	2018.04.09 15:13	modify	401	0.41	1.22796	1.22806	1.23186	0.00	3249.75
960	2018.04.09 16:05	t/p	401	0.41	1.23186	1.22806	1.23186	159.90	3409.65
961	2018.04.18 11:15	buy	402	1.36	1.23700	1.23525	1.24138	0.00	3409.65
962	2018.04.18 12:00	s/l	402	1.36	1.23525	1.23525	1.24138	-238.00	3171.65
963	2018.05.03 16:00	sell	403	0.13	1.19795	1.20031	1.19205	0.00	3171.65
964	2018.05.03 21:44	s/l	403	0.13	1.20031	1.20031	1.19205	-30.68	3140.97
965	2018.05.03 21:44	buy	404	0.06	1.20031	1.19794	1.20624	0.00	3140.97
966	2018.05.04 09:00	s/l	404	0.06	1.19794	1.19794	1.20624	-14.72	3126.24
967	2018.05.08 10:00	sell	405	0.36	1.19179	1.19351	1.18749	0.00	3126.24
968	2018.05.08 11:27	modify	405	0.36	1.19179	1.19169	1.18749	0.00	3126.24
969	2018.05.08 12:42	t/p	405	0.36	1.18749	1.19169	1.18749	154.80	3281.04
970	2018.05.10 10:15	sell	406	0.55	1.18604	1.18812	1.18084	0.00	3281.04
971	2018.05.10 12:15	s/l	406	0.55	1.18812	1.18812	1.18084	-114.40	3166.64
972	2018.05.15 11:00	sell	407	0.39	1.19231	1.19391	1.18831	0.00	3166.64
973	2018.05.15 14:10	modify	407	0.39	1.19231	1.19221	1.18831	0.00	3166.64
974	2018.05.15 14:28	t/p	407	0.39	1.18831	1.19221	1.18831	156.00	3322.64
975	2018.05.17 09:15	sell	408	0.51	1.18149	1.18374	1.17587	0.00	3322.64
976	2018.05.17 13:27	modify	408	0.51	1.18149	1.18139	1.17587	0.00	3322.64
977	2018.05.18 08:58	s/l	408	0.51	1.18139	1.18139	1.17587	6.39	3329.04
978	2018.06.12 15:00	buy	409	0.68	1.17935	1.17741	1.18420	0.00	3329.04
979	2018.06.12 19:58	s/l	409	0.68	1.17741	1.17741	1.18420	-131.92	3197.12
980	2018.06.13 09:15	sell	410	0.42	1.17397	1.17548	1.17020	0.00	3197.12
981	2018.06.13 12:52	s/l	410	0.42	1.17548	1.17548	1.17020	-63.42	3133.70
982	2018.06.13 12:52	buy	411	0.17	1.17549	1.17371	1.17994	0.00	3133.70
983	2018.06.13 16:21	modify	411	0.17	1.17549	1.17559	1.17994	0.00	3133.70
984	2018.06.13 21:02	s/l	411	0.17	1.17559	1.17559	1.17994	1.70	3135.40
985	2018.06.20 10:00	sell	412	0.32	1.15667	1.15862	1.15180	0.00	3135.40
986	2018.06.20 10:42	s/l	412	0.32	1.15862	1.15862	1.15180	-62.40	3073.00
987	2018.06.21 11:15	sell	413	0.19	1.15541	1.15697	1.15151	0.00	3073.00
988	2018.06.21 11:50	modify	413	0.19	1.15541	1.15531	1.15151	0.00	3073.00
989	2018.06.21 12:02	t/p	413	0.19	1.15151	1.15531	1.15151	74.10	3147.10
990	2018.06.27 08:15	sell	414	1.16	1.16401	1.16590	1.15929	0.00	3147.10
991	2018.06.27 09:09	s/l	414	1.16	1.16590	1.16590	1.15929	-219.24	2927.86
992	2018.06.27 10:45	sell	415	0.29	1.16544	1.16741	1.16052	0.00	2927.86
993	2018.06.27 11:35	modify	415	0.29	1.16544	1.16534	1.16052	0.00	2927.86
994	2018.06.27 15:48	t/p	415	0.29	1.16052	1.16534	1.16052	142.68	3070.54
995	2018.07.05 08:30	buy	416	0.65	1.16643	1.16479	1.17053	0.00	3070.54
996	2018.07.05 08:51	modify	416	0.65	1.16643	1.16653	1.17053	0.00	3070.54
997	2018.07.05 09:37	t/p	416	0.65	1.17053	1.16653	1.17053	266.50	3337.04
998	2018.07.10 09:45	buy	417	0.79	1.17465	1.17297	1.17885	0.00	3337.04
999	2018.07.10 11:39	s/l	417	0.79	1.17297	1.17297	1.17885	-132.72	3204.32
1000	2018.07.10 11:45	sell	418	0.26	1.17264	1.17505	1.16662	0.00	3204.32
1001	2018.07.11 15:45	s/l	418	0.26	1.17505	1.17505	1.16662	-62.00	3142.32
1002	2018.07.24 11:30	sell	419	0.32	1.16796	1.16988	1.16316	0.00	3142.32
1003	2018.07.24 13:09	s/l	419	0.32	1.16988	1.16988	1.16316	-61.44	3080.88
1004	2018.07.24 13:09	buy	420	0.14	1.16988	1.16781	1.17506	0.00	3080.88
1005	2018.07.24 19:00	s/l	420	0.14	1.16781	1.16781	1.17506	-28.98	3051.90
1006	2018.07.25 16:00	buy	421	0.39	1.16990	1.16834	1.17380	0.00	3051.90
1007	2018.07.25 17:43	s/l	421	0.39	1.16834	1.16834	1.17380	-60.84	2991.06
1008	2018.08.01 16:45	sell	422	0.39	1.16783	1.16935	1.16403	0.00	2991.06
1009	2018.08.02 05:44	modify	422	0.39	1.16783	1.16773	1.16403	0.00	2991.06
1010	2018.08.02 09:35	t/p	422	0.39	1.16403	1.16773	1.16403	151.17	3142.22
1011	2018.08.16 11:30	buy	423	0.48	1.13776	1.13548	1.14346	0.00	3142.22
1012	2018.08.16 20:47	s/l	423	0.48	1.13548	1.13548	1.14346	-109.44	3032.78
1013	2018.08.27 14:15	buy	424	0.40	1.16177	1.16026	1.16555	0.00	3032.78
1014	2018.08.27 15:20	modify	424	0.40	1.16177	1.16187	1.16555	0.00	3032.78
1015	2018.08.27 16:48	t/p	424	0.40	1.16555	1.16187	1.16555	151.20	3183.98
1016	2018.09.05 09:15	sell	425	1.46	1.15819	1.15971	1.15439	0.00	3183.98
1017	2018.09.05 10:16	modify	425	1.46	1.15819	1.15809	1.15439	0.00	3183.98
1018	2018.09.05 10:22	t/p	425	1.46	1.15439	1.15809	1.15439	554.80	3738.78
1019	2018.09.06 10:30	buy	426	0.33	1.16337	1.16114	1.16895	0.00	3738.78
1020	2018.09.06 18:06	s/l	426	0.33	1.16114	1.16114	1.16895	-73.59	3665.19
1021	2018.09.12 11:45	sell	427	0.31	1.15831	1.16064	1.15249	0.00	3665.19
1022	2018.09.12 17:01	s/l	427	0.31	1.16064	1.16064	1.15249	-72.23	3592.96
1023	2018.09.12 17:01	buy	428	0.16	1.16064	1.15851	1.16597	0.00	3592.96
1024	2018.09.12 18:14	modify	428	0.16	1.16064	1.16074	1.16597	0.00	3592.96
1025	2018.09.13 15:38	t/p	428	0.16	1.16597	1.16074	1.16597	81.27	3674.24
1026	2018.09.25 11:45	buy	429	0.29	1.17560	1.17311	1.18183	0.00	3674.24
1027	2018.09.26 15:20	s/l	429	0.29	1.17311	1.17311	1.18183	-74.63	3599.61
1028	2018.09.26 15:20	sell	430	0.21	1.17311	1.17478	1.16894	0.00	3599.61
1029	2018.09.26 17:45	s/l	430	0.21	1.17478	1.17478	1.16894	-35.07	3564.54
1030	2018.10.10 14:00	buy	431	0.41	1.15026	1.14853	1.15459	0.00	3564.54
1031	2018.10.10 17:09	modify	431	0.41	1.15026	1.15036	1.15459	0.00	3564.54
1032	2018.10.11 04:51	t/p	431	0.41	1.15459	1.15036	1.15459	167.27	3731.81
1033	2018.10.16 10:30	buy	432	1.12	1.15911	1.15678	1.16494	0.00	3731.81
1034	2018.10.16 12:23	s/l	432	1.12	1.15678	1.15678	1.16494	-260.96	3470.85
1035	2018.10.18 15:15	sell	433	0.20	1.15042	1.15208	1.14627	0.00	3470.85
1036	2018.10.18 19:15	modify	433	0.20	1.15042	1.15032	1.14627	0.00	3470.85
1037	2018.10.18 20:19	t/p	433	0.20	1.14627	1.15032	1.14627	83.00	3553.85
1038	2018.10.25 16:15	sell	434	0.52	1.14105	1.14342	1.13513	0.00	3553.85
1039	2018.10.25 16:40	modify	434	0.52	1.14105	1.14095	1.13513	0.00	3553.85
1040	2018.10.26 12:53	t/p	434	0.52	1.13513	1.14095	1.13513	309.16	3863.00
1041	2018.11.08 09:15	sell	435	0.36	1.14158	1.14369	1.13631	0.00	3863.00
1042	2018.11.08 10:02	s/l	435	0.36	1.14369	1.14369	1.13631	-75.96	3787.04
1043	2018.11.08 11:00	sell	436	0.22	1.14295	1.14463	1.13875	0.00	3787.04
1044	2018.11.08 13:34	modify	436	0.22	1.14295	1.14285	1.13875	0.00	3787.04
1045	2018.11.08 15:15	s/l	436	0.22	1.14285	1.14285	1.13875	2.20	3789.24
1046	2018.11.21 11:45	sell	437	1.07	1.13826	1.14073	1.13209	0.00	3789.24
1047	2018.11.21 13:23	s/l	437	1.07	1.14073	1.14073	1.13209	-264.29	3524.95
1048	2018.11.26 15:00	sell	438	0.46	1.13561	1.13712	1.13184	0.00	3524.95
1049	2018.11.26 15:34	s/l	438	0.46	1.13712	1.13712	1.13184	-69.46	3455.49
1050	2018.11.26 15:34	buy	439	0.18	1.13712	1.13522	1.14187	0.00	3455.49
1051	2018.11.26 16:26	s/l	439	0.18	1.13522	1.13522	1.14187	-34.20	3421.29
1052	2018.12.13 15:30	buy	440	0.14	1.13807	1.13570	1.14400	0.00	3421.29
1053	2018.12.13 15:38	s/l	440	0.14	1.13570	1.13570	1.14400	-33.18	3388.11
1054	2018.12.27 09:45	sell	441	0.21	1.13748	1.13907	1.13351	0.00	3388.11
1055	2018.12.27 10:24	s/l	441	0.21	1.13907	1.13907	1.13351	-33.39	3354.72
1056	2018.12.27 10:24	buy	442	0.08	1.13907	1.13708	1.14405	0.00	3354.72
1057	2018.12.27 14:58	s/l	442	0.08	1.13708	1.13708	1.14405	-15.92	3338.80
1058	2018.12.31 10:00	buy	443	0.31	1.14428	1.14219	1.14951	0.00	3338.80
1059	2019.01.02 07:58	modify	443	0.31	1.14428	1.14438	1.14951	0.00	3338.80
1060	2019.01.02 08:10	t/p	443	0.31	1.14951	1.14438	1.14951	156.96	3495.76
1061	2019.01.09 15:45	buy	444	1.40	1.14633	1.14459	1.15068	0.00	3495.76
1062	2019.01.09 16:35	modify	444	1.40	1.14633	1.14643	1.15068	0.00	3495.76
1063	2019.01.09 16:36	t/p	444	1.40	1.15068	1.14643	1.15068	609.00	4104.76
1064	2019.01.14 14:45	sell	445	1.01	1.14570	1.14732	1.14165	0.00	4104.76
1065	2019.01.14 17:55	s/l	445	1.01	1.14732	1.14732	1.14165	-163.62	3941.14
1066	2019.01.17 15:45	sell	446	0.20	1.13876	1.14064	1.13406	0.00	3941.14
1067	2019.01.18 12:02	s/l	446	0.20	1.14064	1.14064	1.13406	-37.09	3904.05
1068	2019.01.18 12:02	buy	447	0.24	1.14065	1.13907	1.14460	0.00	3904.05
1069	2019.01.18 16:19	s/l	447	0.24	1.13907	1.13907	1.14460	-37.92	3866.13
1070	2019.01.30 10:30	buy	448	0.43	1.14396	1.14218	1.14841	0.00	3866.13
1071	2019.01.30 13:11	s/l	448	0.43	1.14218	1.14218	1.14841	-76.54	3789.59
1072	2019.01.30 13:11	sell	449	0.26	1.14218	1.14359	1.13866	0.00	3789.59
1073	2019.01.30 14:07	s/l	449	0.26	1.14359	1.14359	1.13866	-36.66	3752.93
1074	2019.02.13 14:00	buy	450	0.36	1.13294	1.13087	1.13812	0.00	3752.93
1075	2019.02.13 14:54	s/l	450	0.36	1.13087	1.13087	1.13812	-74.52	3678.41
1076	2019.02.13 14:54	sell	451	0.16	1.13087	1.13314	1.12520	0.00	3678.41
1077	2019.02.13 19:34	modify	451	0.16	1.13087	1.13077	1.12520	0.00	3678.41
1078	2019.02.14 00:37	t/p	451	0.16	1.12520	1.13077	1.12520	91.94	3770.35
1079	2019.02.20 14:30	buy	452	0.41	1.13406	1.13223	1.13864	0.00	3770.35
1080	2019.02.20 18:51	modify	452	0.41	1.13406	1.13416	1.13864	0.00	3770.35
1081	2019.02.20 21:11	s/l	452	0.41	1.13416	1.13416	1.13864	4.10	3774.45
1082	2019.03.11 15:30	buy	453	1.22	1.12518	1.12302	1.13058	0.00	3774.45
1083	2019.03.11 17:51	s/l	453	1.22	1.12302	1.12302	1.13058	-263.52	3510.93
1084	2019.03.14 09:30	buy	454	0.22	1.13253	1.13098	1.13641	0.00	3510.93
1085	2019.03.14 12:01	s/l	454	0.22	1.13098	1.13098	1.13641	-34.10	3476.83
1086	2019.03.14 12:01	sell	455	0.12	1.13098	1.13240	1.12743	0.00	3476.83
1087	2019.03.15 05:01	s/l	455	0.12	1.13240	1.13240	1.12743	-16.74	3460.09
1088	2019.10.03 15:45	buy	456	0.21	1.09621	1.09460	1.10024	0.00	3460.09
1089	2019.10.03 17:00	modify	456	0.21	1.09621	1.09631	1.10024	0.00	3460.09
1090	2019.10.03 23:59	s/l	456	0.21	1.09631	1.09631	1.10024	2.10	3462.19
1091	2019.10.16 15:45	buy	457	1.04	1.10442	1.10210	1.11022	0.00	3462.19
1092	2019.10.16 19:25	modify	457	1.04	1.10442	1.10452	1.11022	0.00	3462.19
1093	2019.10.17 12:30	t/p	457	1.04	1.11022	1.10452	1.11022	577.17	4039.36
1094	2019.11.07 16:00	sell	458	0.46	1.10670	1.10843	1.10238	0.00	4039.36
1095	2019.11.07 17:57	modify	458	0.46	1.10670	1.10660	1.10238	0.00	4039.36
1096	2019.11.08 17:02	t/p	458	0.46	1.10238	1.10660	1.10238	199.89	4239.24
1097	2020.02.24 10:30	buy	459	0.92	1.08283	1.08099	1.08743	0.00	4239.24
1098	2020.02.24 17:07	modify	459	0.92	1.08283	1.08293	1.08743	0.00	4239.24
1099	2020.02.25 18:16	t/p	459	0.92	1.08743	1.08293	1.08743	415.52	4654.77
1100	2020.03.04 10:00	buy	460	1.13	1.11594	1.11430	1.12004	0.00	4654.77
1101	2020.03.04 10:42	modify	460	1.13	1.11594	1.11604	1.12004	0.00	4654.77
1102	2020.03.04 11:04	s/l	460	1.13	1.11604	1.11604	1.12004	11.30	4666.07
1103	2020.04.06 09:15	sell	461	0.82	1.08149	1.08374	1.07587	0.00	4666.07
1104	2020.04.06 15:45	modify	461	0.82	1.08149	1.08139	1.07587	0.00	4666.07
1105	2020.04.06 18:24	s/l	461	0.82	1.08139	1.08139	1.07587	8.20	4674.27
1106	2020.04.09 15:15	buy	462	0.47	1.08670	1.08475	1.09158	0.00	4674.27
1107	2020.04.09 15:53	modify	462	0.47	1.08670	1.08680	1.09158	0.00	4674.27
1108	2020.04.09 16:13	t/p	462	0.47	1.09158	1.08680	1.09158	229.36	4903.63
1109	2020.04.13 09:30	buy	463	1.12	1.09488	1.09314	1.09923	0.00	4903.63
1110	2020.04.13 11:20	s/l	463	1.12	1.09314	1.09314	1.09923	-194.88	4708.75
1111	2020.04.13 15:00	buy	464	0.40	1.09303	1.09072	1.09881	0.00	4708.75
1112	2020.04.13 16:29	s/l	464	0.40	1.09072	1.09072	1.09881	-92.40	4616.35
1113	2020.04.20 08:45	sell	465	0.45	1.08528	1.08731	1.08021	0.00	4616.35
1114	2020.04.20 11:46	s/l	465	0.45	1.08731	1.08731	1.08021	-91.35	4525.00
1115	2020.04.20 11:46	buy	466	0.28	1.08731	1.08574	1.09124	0.00	4525.00
1116	2020.04.20 14:08	s/l	466	0.28	1.08574	1.08574	1.09124	-43.96	4481.04
1117	2020.04.28 10:30	buy	467	0.38	1.08307	1.08076	1.08885	0.00	4481.04
1118	2020.04.28 12:20	modify	467	0.38	1.08307	1.08317	1.08885	0.00	4481.04
1119	2020.04.28 17:59	s/l	467	0.38	1.08317	1.08317	1.08885	3.80	4484.84
1120	2020.04.29 16:00	buy	468	1.58	1.08573	1.08375	1.09068	0.00	4484.84
1121	2020.04.30 10:05	modify	468	1.58	1.08573	1.08583	1.09068	0.00	4484.84
1122	2020.04.30 16:08	s/l	468	1.58	1.08583	1.08583	1.09068	-23.75	4461.09
1123	2020.05.07 11:00	sell	469	0.22	1.07988	1.08182	1.07503	0.00	4461.09
1124	2020.05.07 17:03	modify	469	0.22	1.07988	1.07978	1.07503	0.00	4461.09
1125	2020.05.07 18:45	s/l	469	0.22	1.07978	1.07978	1.07503	2.20	4463.29
1126	2020.05.12 10:45	sell	470	1.49	1.08086	1.08295	1.07564	0.00	4463.29
1127	2020.05.12 13:25	s/l	470	1.49	1.08295	1.08295	1.07564	-311.41	4151.88
1128	2020.05.27 11:00	buy	471	0.54	1.09651	1.09499	1.10031	0.00	4151.88
1129	2020.05.27 12:03	s/l	471	0.54	1.09499	1.09499	1.10031	-82.08	4069.80
1130	2020.06.08 10:00	buy	472	0.53	1.12944	1.12791	1.13327	0.00	4069.80
1131	2020.06.08 13:35	s/l	472	0.53	1.12791	1.12791	1.13327	-81.09	3988.71
1132	2020.06.08 13:35	sell	473	0.17	1.12789	1.13017	1.12219	0.00	3988.71
1133	2020.06.08 15:48	s/l	473	0.17	1.13017	1.13017	1.12219	-38.76	3949.95
1134	2020.06.09 09:45	sell	474	0.34	1.12753	1.12980	1.12186	0.00	3949.95
1135	2020.06.09 11:19	modify	474	0.34	1.12753	1.12743	1.12186	0.00	3949.95
1136	2020.06.09 13:09	s/l	474	0.34	1.12743	1.12743	1.12186	3.40	3953.35
1137	2020.06.24 14:00	buy	475	1.72	1.13069	1.12909	1.13469	0.00	3953.35
1138	2020.06.24 14:43	s/l	475	1.72	1.12909	1.12909	1.13469	-275.20	3678.15
1139	2020.07.08 09:15	sell	476	0.40	1.12656	1.12836	1.12206	0.00	3678.15
1140	2020.07.08 10:06	s/l	476	0.40	1.12836	1.12836	1.12206	-72.00	3606.15
1141	2020.07.08 10:06	buy	477	0.17	1.12836	1.12627	1.13359	0.00	3606.15
1142	2020.07.08 16:32	modify	477	0.17	1.12836	1.12846	1.13359	0.00	3606.15
1143	2020.07.08 17:05	t/p	477	0.17	1.13359	1.12846	1.13359	88.91	3695.06
1144	2020.07.14 11:45	buy	478	0.35	1.13492	1.13285	1.14010	0.00	3695.06
1145	2020.07.14 14:36	modify	478	0.35	1.13492	1.13502	1.14010	0.00	3695.06
1146	2020.07.14 17:29	t/p	478	0.35	1.14010	1.13502	1.14010	181.30	3876.36
1147	2020.07.16 15:00	buy	479	0.71	1.14133	1.13944	1.14606	0.00	3876.36
1148	2020.07.16 17:40	modify	479	0.71	1.14133	1.14143	1.14606	0.00	3876.36
1149	2020.07.16 19:39	s/l	479	0.71	1.14143	1.14143	1.14606	7.10	3883.46
1150	2020.07.21 10:15	buy	480	0.63	1.14589	1.14345	1.15199	0.00	3883.46
1151	2020.07.21 10:46	s/l	480	0.63	1.14345	1.14345	1.15199	-153.72	3729.74
1152	2020.07.29 09:15	buy	481	0.44	1.17407	1.17240	1.17825	0.00	3729.74
1153	2020.07.29 10:43	modify	481	0.44	1.17407	1.17417	1.17825	0.00	3729.74
1154	2020.07.29 14:01	s/l	481	0.44	1.17417	1.17417	1.17825	4.40	3734.14
1155	2020.08.17 14:45	buy	482	1.36	1.18510	1.18318	1.18990	0.00	3734.14
1156	2020.08.17 16:51	modify	482	1.36	1.18510	1.18520	1.18990	0.00	3734.14
1157	2020.08.18 09:33	t/p	482	1.36	1.18990	1.18520	1.18990	641.45	4375.59
1158	2020.08.27 10:45	buy	483	0.50	1.18316	1.18144	1.18746	0.00	4375.59
1159	2020.08.27 13:34	s/l	483	0.50	1.18144	1.18144	1.18746	-86.00	4289.59
1160	2020.09.02 09:30	sell	484	0.45	1.18965	1.19153	1.18495	0.00	4289.59
1161	2020.09.02 10:32	modify	484	0.45	1.18965	1.18955	1.18495	0.00	4289.59
1162	2020.09.02 14:31	t/p	484	0.45	1.18495	1.18955	1.18495	211.50	4501.09
1163	2020.09.09 11:45	sell	485	1.47	1.17679	1.17892	1.17147	0.00	4501.09
1164	2020.09.09 15:49	s/l	485	1.47	1.17892	1.17892	1.17147	-313.11	4187.98
1165	2020.09.10 11:30	buy	486	0.23	1.18319	1.18138	1.18772	0.00	4187.98
1166	2020.09.10 15:31	modify	486	0.23	1.18319	1.18329	1.18772	0.00	4187.98
1167	2020.09.10 15:31	t/p	486	0.23	1.18772	1.18329	1.18772	104.19	4292.17
1168	2020.09.30 15:30	buy	487	1.58	1.17154	1.16965	1.17627	0.00	4292.17
1169	2020.09.30 16:38	s/l	487	1.58	1.16965	1.16965	1.17627	-298.62	3993.55
1170	2020.10.12 10:45	buy	488	0.43	1.18219	1.18036	1.18677	0.00	3993.55
1171	2020.10.12 12:24	s/l	488	0.43	1.18036	1.18036	1.18677	-78.69	3914.86
1172	2020.10.12 12:24	sell	489	0.31	1.18035	1.18161	1.17720	0.00	3914.86
1173	2020.10.12 17:03	s/l	489	0.31	1.18161	1.18161	1.17720	-39.06	3875.80
1174	2020.10.13 16:15	sell	490	0.42	1.17823	1.18006	1.17366	0.00	3875.80
1175	2020.10.13 16:39	modify	490	0.42	1.17823	1.17813	1.17366	0.00	3875.80
1176	2020.10.13 18:47	t/p	490	0.42	1.17366	1.17813	1.17366	191.94	4067.74
1177	2020.11.10 10:00	sell	491	1.35	1.18168	1.18378	1.17643	0.00	4067.74
1178	2020.11.10 10:28	s/l	491	1.35	1.18378	1.18378	1.17643	-283.50	3784.24
1179	2020.11.11 09:45	sell	492	0.48	1.18144	1.18301	1.17752	0.00	3784.24
1180	2020.11.11 10:20	modify	492	0.48	1.18144	1.18134	1.17752	0.00	3784.24
1181	2020.11.11 12:55	t/p	492	0.48	1.17752	1.18134	1.17752	188.16	3972.40
1182	2020.11.12 16:00	buy	493	0.65	1.18095	1.17883	1.18625	0.00	3972.40
1183	2020.11.12 16:29	s/l	493	0.65	1.17883	1.17883	1.18625	-137.80	3834.60
1184	2020.11.19 10:30	sell	494	0.22	1.18360	1.18534	1.17925	0.00	3834.60
1185	2020.11.19 20:55	s/l	494	0.22	1.18534	1.18534	1.17925	-38.28	3796.32
1186	2020.11.19 20:55	buy	495	0.20	1.18534	1.18442	1.18764	0.00	3796.32
1187	2020.11.19 21:11	modify	495	0.20	1.18534	1.18544	1.18764	0.00	3796.32
1188	2020.11.19 22:11	t/p	495	0.20	1.18764	1.18544	1.18764	46.00	3842.32
1189	2020.11.25 15:00	buy	496	0.48	1.18959	1.18799	1.19359	0.00	3842.32
1190	2020.11.25 17:39	modify	496	0.48	1.18959	1.18969	1.19359	0.00	3842.32
1191	2020.11.26 08:23	t/p	496	0.48	1.19359	1.18969	1.19359	179.98	4022.30
1192	2020.12.01 15:30	buy	497	1.40	1.19823	1.19622	1.20326	0.00	4022.30
1193	2020.12.01 17:17	modify	497	1.40	1.19823	1.19833	1.20326	0.00	4022.30
1194	2020.12.01 17:49	t/p	497	1.40	1.20326	1.19833	1.20326	704.20	4726.50
1195	2020.12.15 16:30	buy	498	0.98	1.21529	1.21338	1.22007	0.00	4726.50
1196	2020.12.16 10:30	modify	498	0.98	1.21529	1.21539	1.22007	0.00	4726.50
1197	2020.12.16 10:34	t/p	498	0.98	1.22007	1.21539	1.22007	460.26	5186.77
1198	2020.12.22 10:00	sell	499	1.37	1.22167	1.22318	1.21790	0.00	5186.77
1199	2020.12.22 12:52	s/l	499	1.37	1.22318	1.22318	1.21790	-206.87	4979.90
1200	2020.12.23 10:15	sell	500	0.52	1.21838	1.22029	1.21361	0.00	4979.90
1201	2020.12.23 16:30	s/l	500	0.52	1.22029	1.22029	1.21361	-99.32	4880.58
1202	2020.12.28 15:15	buy	501	0.52	1.22187	1.22001	1.22652	0.00	4880.58
1203	2020.12.29 09:12	modify	501	0.52	1.22187	1.22197	1.22652	0.00	4880.58
1204	2020.12.29 16:48	t/p	501	0.52	1.22652	1.22197	1.22652	237.46	5118.04
1205	2020.12.31 11:00	buy	502	1.09	1.23012	1.22849	1.23420	0.00	5118.04
1206	2020.12.31 11:15	s/l	502	1.09	1.22849	1.22849	1.23420	-177.67	4940.37
1207	2021.01.05 10:15	buy	503	0.59	1.22697	1.22531	1.23112	0.00	4940.37
1208	2021.01.05 18:45	modify	503	0.59	1.22697	1.22707	1.23112	0.00	4940.37
1209	2021.01.06 02:50	t/p	503	0.59	1.23112	1.22707	1.23112	239.93	5180.29
1210	2021.01.21 11:30	buy	504	0.82	1.21412	1.21193	1.21960	0.00	5180.29
1211	2021.01.22 02:14	modify	504	0.82	1.21412	1.21422	1.21960	0.00	5180.29
1212	2021.01.25 12:00	s/l	504	0.82	1.21422	1.21422	1.21960	-5.48	5174.81
1213	2021.01.28 15:15	sell	505	0.23	1.20907	1.21129	1.20352	0.00	5174.81
1214	2021.01.28 15:50	s/l	505	0.23	1.21129	1.21129	1.20352	-51.06	5123.75
1215	2021.02.02 11:45	sell	506	0.50	1.20683	1.20886	1.20176	0.00	5123.75
1216	2021.02.02 12:16	modify	506	0.50	1.20683	1.20673	1.20176	0.00	5123.75
1217	2021.02.02 19:01	t/p	506	0.50	1.20176	1.20673	1.20176	253.50	5377.25
1218	2021.02.08 09:45	buy	507	2.36	1.20459	1.20300	1.20857	0.00	5377.25
1219	2021.02.08 10:29	s/l	507	2.36	1.20300	1.20300	1.20857	-375.24	5002.01
1220	2021.02.08 15:45	buy	508	0.54	1.20367	1.20182	1.20830	0.00	5002.01
1221	2021.02.08 17:05	modify	508	0.54	1.20367	1.20377	1.20830	0.00	5002.01
1222	2021.02.08 18:21	s/l	508	0.54	1.20377	1.20377	1.20830	5.40	5007.41
1223	2021.02.22 10:15	buy	509	2.12	1.21199	1.21034	1.21612	0.00	5007.41
1224	2021.02.22 10:27	s/l	509	2.12	1.21034	1.21034	1.21612	-349.80	4657.61
1225	2021.04.15 16:30	buy	510	0.26	1.19716	1.19541	1.20154	0.00	4657.61
1226	2021.04.16 04:04	s/l	510	0.26	1.19541	1.19541	1.20154	-47.67	4609.94
1227	2021.04.16 04:04	sell	511	0.23	1.19540	1.19740	1.19040	0.00	4609.94
1228	2021.04.16 10:48	s/l	511	0.23	1.19740	1.19740	1.19040	-46.00	4563.94
1229	2021.04.21 16:15	sell	512	0.60	1.20019	1.20171	1.19639	0.00	4563.94
1230	2021.04.21 17:26	s/l	512	0.60	1.20171	1.20171	1.19639	-91.20	4472.74
1231	2021.04.21 17:26	buy	513	0.22	1.20171	1.19971	1.20671	0.00	4472.74
1232	2021.04.22 10:04	modify	513	0.22	1.20171	1.20181	1.20671	0.00	4472.74
1233	2021.04.22 16:00	t/p	513	0.22	1.20671	1.20181	1.20671	104.49	4577.23
1234	2021.05.13 11:30	sell	514	0.25	1.20814	1.20997	1.20357	0.00	4577.23
1235	2021.05.13 11:50	modify	514	0.25	1.20814	1.20804	1.20357	0.00	4577.23
1236	2021.05.13 14:23	s/l	514	0.25	1.20804	1.20804	1.20357	2.50	4579.73
1237	2021.05.27 09:30	sell	515	0.91	1.21872	1.22048	1.21432	0.00	4579.73
1238	2021.05.27 10:17	s/l	515	0.91	1.22048	1.22048	1.21432	-160.16	4419.57
1239	2021.05.27 16:00	sell	516	0.24	1.21861	1.22041	1.21411	0.00	4419.57
1240	2021.05.27 17:17	s/l	516	0.24	1.22041	1.22041	1.21411	-43.20	4376.37
1241	2021.05.31 15:00	buy	517	0.56	1.21993	1.21839	1.22378	0.00	4376.37
1242	2021.05.31 17:55	modify	517	0.56	1.21993	1.22003	1.22378	0.00	4376.37
1243	2021.06.01 10:30	t/p	517	0.56	1.22378	1.22003	1.22378	210.93	4587.30
1244	2021.06.23 10:45	buy	518	1.30	1.19343	1.19096	1.19961	0.00	4587.30
1245	2021.06.25 16:56	modify	518	1.30	1.19343	1.19353	1.19961	0.00	4587.30
1246	2021.06.25 19:29	s/l	518	1.30	1.19353	1.19353	1.19961	-30.39	4556.91
1247	2021.07.05 09:45	buy	519	0.57	1.18658	1.18499	1.19056	0.00	4556.91
1248	2021.07.06 09:04	modify	519	0.57	1.18658	1.18668	1.19056	0.00	4556.91
1249	2021.07.06 11:07	s/l	519	0.57	1.18668	1.18668	1.19056	0.94	4557.86
1250	2021.07.07 16:00	sell	520	1.43	1.18159	1.18382	1.17602	0.00	4557.86
1251	2021.07.07 17:32	modify	520	1.43	1.18159	1.18149	1.17602	0.00	4557.86
1252	2021.07.07 21:02	s/l	520	1.43	1.18149	1.18149	1.17602	14.30	4572.16
1253	2021.07.20 15:15	sell	521	0.91	1.17749	1.17948	1.17252	0.00	4572.16
1254	2021.07.21 17:40	s/l	521	0.91	1.17948	1.17948	1.17252	-178.78	4393.37
1255	2021.08.05 15:30	sell	522	0.25	1.18418	1.18592	1.17983	0.00	4393.37
1256	2021.08.06 11:23	modify	522	0.25	1.18418	1.18408	1.17983	0.00	4393.37
1257	2021.08.06 15:30	t/p	522	0.25	1.17983	1.18408	1.17983	109.38	4502.76
1258	2021.08.25 16:15	buy	523	1.63	1.17433	1.17240	1.17916	0.00	4502.76
1259	2021.08.25 21:13	modify	523	1.63	1.17433	1.17443	1.17916	0.00	4502.76
1260	2021.08.27 03:35	s/l	523	1.63	1.17443	1.17443	1.17916	-38.10	4464.66
1261	2021.09.01 15:30	buy	524	0.59	1.18263	1.18112	1.18641	0.00	4464.66
1262	2021.09.01 17:45	modify	524	0.59	1.18263	1.18273	1.18641	0.00	4464.66
1263	2021.09.02 17:38	t/p	524	0.59	1.18641	1.18273	1.18641	208.25	4672.91
1264	2021.09.23 15:45	buy	525	0.88	1.17305	1.17121	1.17765	0.00	4672.91
1265	2021.09.24 15:32	s/l	525	0.88	1.17121	1.17121	1.17765	-169.26	4503.64
1266	2021.09.27 14:30	sell	526	0.58	1.16971	1.17125	1.16586	0.00	4503.64
1267	2021.09.28 10:10	modify	526	0.58	1.16971	1.16961	1.16586	0.00	4503.64
1268	2021.09.28 17:15	s/l	526	0.58	1.16961	1.16961	1.16586	7.27	4510.91
1269	2021.10.05 16:15	sell	527	1.87	1.15887	1.16055	1.15467	0.00	4510.91
1270	2021.10.05 18:13	s/l	527	1.87	1.16055	1.16055	1.15467	-314.16	4196.75
1271	2021.10.25 10:45	buy	528	0.35	1.16630	1.16392	1.17225	0.00	4196.75
1272	2021.10.25 12:18	s/l	528	0.35	1.16392	1.16392	1.17225	-83.30	4113.45
1273	2021.10.25 12:18	sell	529	0.21	1.16392	1.16584	1.15912	0.00	4113.45
1274	2021.10.25 14:41	modify	529	0.21	1.16392	1.16382	1.15912	0.00	4113.45
1275	2021.10.25 15:58	t/p	529	0.21	1.15912	1.16382	1.15912	100.80	4214.25
1276	2021.11.04 16:00	sell	530	0.21	1.15534	1.15731	1.15042	0.00	4214.25
1277	2021.11.05 14:30	modify	530	0.21	1.15534	1.15524	1.15042	0.00	4214.25
1278	2021.11.05 17:39	s/l	530	0.21	1.15524	1.15524	1.15042	2.63	4216.89
1279	2021.11.08 10:45	buy	531	1.41	1.15691	1.15483	1.16211	0.00	4216.89
1280	2021.11.09 07:05	modify	531	1.41	1.15691	1.15701	1.16211	0.00	4216.89
1281	2021.11.09 15:01	s/l	531	1.41	1.15701	1.15701	1.16211	2.33	4219.22
1282	2021.11.15 15:00	sell	532	1.07	1.14409	1.14566	1.14017	0.00	4219.22
1283	2021.11.15 18:02	modify	532	1.07	1.14409	1.14399	1.14017	0.00	4219.22
1284	2021.11.15 19:24	t/p	532	1.07	1.14017	1.14399	1.14017	419.44	4638.66
1285	2021.11.18 16:30	buy	533	0.56	1.13411	1.13247	1.13821	0.00	4638.66
1286	2021.11.18 19:04	modify	533	0.56	1.13411	1.13421	1.13821	0.00	4638.66
1287	2021.11.19 10:01	s/l	533	0.56	1.13421	1.13421	1.13821	0.93	4639.59
1288	2021.12.01 15:30	buy	534	0.94	1.13284	1.13087	1.13777	0.00	4639.59
1289	2021.12.02 09:56	s/l	534	0.94	1.13087	1.13087	1.13777	-208.71	4430.88
1290	2021.12.02 10:45	buy	535	0.27	1.13242	1.13080	1.13647	0.00	4430.88
1291	2021.12.02 18:20	s/l	535	0.27	1.13080	1.13080	1.13647	-43.74	4387.14
1292	2021.12.02 18:20	sell	536	0.09	1.13080	1.13306	1.12515	0.00	4387.14
1293	2021.12.03 15:30	s/l	536	0.09	1.13306	1.13306	1.12515	-20.11	4367.03
1294	2021.12.27 14:15	sell	537	0.54	1.13070	1.13231	1.12668	0.00	4367.03
1295	2021.12.27 16:38	s/l	537	0.54	1.13231	1.13231	1.12668	-86.94	4280.09
1296	2021.12.27 16:38	buy	538	0.26	1.13232	1.13070	1.13637	0.00	4280.09
1297	2021.12.28 16:41	s/l	538	0.26	1.13070	1.13070	1.13637	-44.29	4235.80
1298	2022.01.03 15:30	buy	539	0.49	1.13631	1.13461	1.14056	0.00	4235.80
1299	2022.01.03 15:51	s/l	539	0.49	1.13461	1.13461	1.14056	-83.30	4152.50
1300	2022.01.03 15:51	sell	540	0.20	1.13461	1.13660	1.12964	0.00	4152.50
1301	2022.01.03 16:50	modify	540	0.20	1.13461	1.13451	1.12964	0.00	4152.50
1302	2022.01.03 17:27	t/p	540	0.20	1.12964	1.13451	1.12964	99.40	4251.90
1303	2022.01.05 15:15	buy	541	0.55	1.13182	1.13029	1.13565	0.00	4251.90
1304	2022.01.05 17:01	modify	541	0.55	1.13182	1.13192	1.13565	0.00	4251.90
1305	2022.01.05 21:09	s/l	541	0.55	1.13192	1.13192	1.13565	5.50	4257.40
1306	2022.01.06 16:45	buy	542	0.69	1.13256	1.13043	1.13789	0.00	4257.40
1307	2022.01.06 17:26	s/l	542	0.69	1.13043	1.13043	1.13789	-146.97	4110.43
1308	2022.01.20 16:30	sell	543	0.24	1.13429	1.13596	1.13012	0.00	4110.43
1309	2022.01.20 20:37	modify	543	0.24	1.13429	1.13419	1.13012	0.00	4110.43
1310	2022.01.21 03:03	t/p	543	0.24	1.13012	1.13419	1.13012	100.69	4211.12
1311	2022.02.08 15:15	sell	544	1.60	1.14073	1.14257	1.13613	0.00	4211.12
1312	2022.02.09 04:02	s/l	544	1.60	1.14257	1.14257	1.13613	-290.34	3920.77
1313	2022.02.09 15:45	buy	545	0.45	1.14450	1.14278	1.14880	0.00	3920.77
1314	2022.02.09 16:24	s/l	545	0.45	1.14278	1.14278	1.14880	-77.40	3843.37
1315	2022.02.09 16:24	sell	546	0.19	1.14277	1.14477	1.13777	0.00	3843.37
1316	2022.02.09 19:37	s/l	546	0.19	1.14477	1.14477	1.13777	-38.00	3805.37
1317	2022.02.16 16:45	buy	547	0.40	1.13702	1.13512	1.14177	0.00	3805.37
1318	2022.02.17 05:55	s/l	547	0.40	1.13512	1.13512	1.14177	-86.01	3719.36
1319	2022.02.17 08:45	sell	548	0.17	1.13546	1.13760	1.13011	0.00	3719.36
1320	2022.02.17 10:00	s/l	548	0.17	1.13760	1.13760	1.13011	-36.38	3682.98
1321	2022.02.17 10:00	buy	549	0.08	1.13760	1.13551	1.14283	0.00	3682.98
1322	2022.02.17 10:28	s/l	549	0.08	1.13551	1.13551	1.14283	-16.72	3666.26
1323	2022.03.09 10:15	buy	550	0.35	1.09293	1.09089	1.09803	0.00	3666.26
1324	2022.03.09 11:27	modify	550	0.35	1.09293	1.09303	1.09803	0.00	3666.26
1325	2022.03.09 12:06	t/p	550	0.35	1.09803	1.09303	1.09803	178.50	3844.76
1326	2022.03.29 09:45	buy	551	1.23	1.10025	1.09807	1.10570	0.00	3844.76
1327	2022.03.29 11:53	s/l	551	1.23	1.09807	1.09807	1.10570	-268.14	3576.62
1328	2022.04.07 10:15	sell	552	0.20	1.09124	1.09298	1.08689	0.00	3576.62
1329	2022.04.07 11:11	modify	552	0.20	1.09124	1.09114	1.08689	0.00	3576.62
1330	2022.04.07 12:20	t/p	552	0.20	1.08689	1.09114	1.08689	87.00	3663.62
1331	2022.04.11 09:30	sell	553	1.56	1.08789	1.08953	1.08379	0.00	3663.62
1332	2022.04.11 10:26	s/l	553	1.56	1.08953	1.08953	1.08379	-255.84	3407.78
1333	2022.04.13 09:30	sell	554	0.35	1.08275	1.08469	1.07790	0.00	3407.78
1334	2022.04.13 14:32	s/l	554	0.35	1.08469	1.08469	1.07790	-67.90	3339.88
1335	2022.04.13 15:00	sell	555	0.36	1.08313	1.08497	1.07853	0.00	3339.88
1336	2022.04.13 18:02	s/l	555	0.36	1.08497	1.08497	1.07853	-66.24	3273.64
1337	2022.04.19 16:15	sell	556	0.43	1.07876	1.08028	1.07496	0.00	3273.64
1338	2022.04.19 16:43	s/l	556	0.43	1.08028	1.08028	1.07496	-65.36	3208.28
1339	2022.04.19 16:43	buy	557	0.16	1.08029	1.07840	1.08502	0.00	3208.28
1340	2022.04.19 18:02	s/l	557	0.16	1.07840	1.07840	1.08502	-30.24	3178.04
1341	2022.04.20 11:30	buy	558	0.40	1.08193	1.08037	1.08583	0.00	3178.04
1342	2022.04.20 12:09	modify	558	0.40	1.08193	1.08203	1.08583	0.00	3178.04
1343	2022.04.20 12:38	t/p	558	0.40	1.08583	1.08203	1.08583	156.00	3334.04
1344	2022.04.21 08:15	buy	559	0.65	1.08450	1.08272	1.08895	0.00	3334.04
1345	2022.04.21 09:30	modify	559	0.65	1.08450	1.08460	1.08895	0.00	3334.04
1346	2022.04.21 09:41	t/p	559	0.65	1.08895	1.08460	1.08895	289.25	3623.29
1347	2022.05.03 08:00	sell	560	0.58	1.05017	1.05263	1.04402	0.00	3623.29
1348	2022.05.03 10:36	s/l	560	0.58	1.05263	1.05263	1.04402	-142.68	3480.61
1349	2022.05.04 15:30	buy	561	0.34	1.05412	1.05213	1.05910	0.00	3480.61
1350	2022.05.04 21:01	modify	561	0.34	1.05412	1.05422	1.05910	0.00	3480.61
1351	2022.05.04 21:10	s/l	561	0.34	1.05422	1.05422	1.05910	3.40	3484.01
1352	2022.05.18 15:15	buy	562	1.26	1.05222	1.05029	1.05705	0.00	3484.01
1353	2022.05.18 17:31	s/l	562	1.26	1.05029	1.05029	1.05705	-243.18	3240.83
1354	2022.05.26 10:45	buy	563	0.16	1.06934	1.06734	1.07434	0.00	3240.83
1355	2022.05.26 18:13	modify	563	0.16	1.06934	1.06944	1.07434	0.00	3240.83
1356	2022.05.27 04:33	t/p	563	0.16	1.07434	1.06944	1.07434	78.66	3319.50
1357	2022.06.01 16:45	sell	564	1.17	1.07130	1.07328	1.06635	0.00	3319.50
1358	2022.06.01 17:04	modify	564	1.17	1.07130	1.07120	1.06635	0.00	3319.50
1359	2022.06.01 17:18	t/p	564	1.17	1.06635	1.07120	1.06635	579.15	3898.65
1360	2022.06.08 11:45	sell	565	0.77	1.06769	1.06970	1.06267	0.00	3898.65
1361	2022.06.08 12:30	s/l	565	0.77	1.06970	1.06970	1.06267	-154.77	3743.88
1362	2022.06.21 09:45	buy	566	0.48	1.05279	1.05126	1.05662	0.00	3743.88
1363	2022.06.21 10:16	modify	566	0.48	1.05279	1.05289	1.05662	0.00	3743.88
1364	2022.06.21 11:19	t/p	566	0.48	1.05662	1.05289	1.05662	183.84	3927.72
1365	2022.06.22 16:00	buy	567	1.52	1.05310	1.05130	1.05760	0.00	3927.72
1366	2022.06.22 16:41	modify	567	1.52	1.05310	1.05320	1.05760	0.00	3927.72
1367	2022.06.22 17:37	t/p	567	1.52	1.05760	1.05320	1.05760	684.00	4611.72
1368	2022.06.27 10:00	buy	568	1.13	1.05686	1.05524	1.06091	0.00	4611.72
1369	2022.06.27 17:48	modify	568	1.13	1.05686	1.05696	1.06091	0.00	4611.72
1370	2022.06.27 18:15	t/p	568	1.13	1.06091	1.05696	1.06091	457.65	5069.37
1371	2022.06.28 11:30	buy	569	1.31	1.05880	1.05726	1.06265	0.00	5069.37
1372	2022.06.28 14:52	s/l	569	1.31	1.05726	1.05726	1.06265	-201.74	4867.63
1373	2022.07.13 10:00	sell	570	0.63	1.00335	1.00488	0.99953	0.00	4867.63
1374	2022.07.13 10:00	s/l	570	0.63	1.00488	1.00488	0.99953	-96.39	4771.24
1375	2022.07.13 10:00	buy	571	0.23	1.00488	1.00285	1.00996	0.00	4771.24
1376	2022.07.13 10:17	s/l	571	0.23	1.00285	1.00285	1.00996	-46.69	4724.55
1377	2022.07.19 08:15	buy	572	0.49	1.01413	1.01223	1.01888	0.00	4724.55
1378	2022.07.19 10:00	modify	572	0.49	1.01413	1.01423	1.01888	0.00	4724.55
1379	2022.07.19 10:29	t/p	572	0.49	1.01888	1.01423	1.01888	232.75	4957.30
1380	2022.08.01 09:45	buy	573	2.23	1.02270	1.02115	1.02658	0.00	4957.30
1381	2022.08.01 11:33	modify	573	2.23	1.02270	1.02280	1.02658	0.00	4957.30
1382	2022.08.01 11:41	t/p	573	2.23	1.02658	1.02280	1.02658	865.24	5822.54
1383	2022.08.03 16:15	sell	574	1.18	1.01762	1.01959	1.01270	0.00	5822.54
1384	2022.08.03 17:01	modify	574	1.18	1.01762	1.01752	1.01270	0.00	5822.54
1385	2022.08.03 17:35	t/p	574	1.18	1.01270	1.01752	1.01270	580.56	6403.10
1386	2022.08.08 14:15	buy	575	1.21	1.01999	1.01788	1.02527	0.00	6403.10
1387	2022.08.09 11:30	modify	575	1.21	1.01999	1.02009	1.02527	0.00	6403.10
1388	2022.08.10 14:53	t/p	575	1.21	1.02527	1.02009	1.02527	618.69	7021.78
1389	2022.08.11 09:15	buy	576	0.90	1.02897	1.02741	1.03287	0.00	7021.78
1390	2022.08.11 09:58	modify	576	0.90	1.02897	1.02907	1.03287	0.00	7021.78
1391	2022.08.11 10:33	t/p	576	0.90	1.03287	1.02907	1.03287	351.00	7372.78
1392	2022.08.17 09:15	sell	577	1.91	1.01733	1.01887	1.01348	0.00	7372.78
1393	2022.08.17 10:20	modify	577	1.91	1.01733	1.01723	1.01348	0.00	7372.78
1394	2022.08.17 11:27	s/l	577	1.91	1.01723	1.01723	1.01348	19.10	7391.88
1395	2022.08.17 14:30	sell	578	1.50	1.01597	1.01794	1.01105	0.00	7391.88
1396	2022.08.17 17:04	s/l	578	1.50	1.01794	1.01794	1.01105	-295.50	7096.38
1397	2022.08.18 09:00	sell	579	0.43	1.01644	1.01806	1.01239	0.00	7096.38
1398	2022.08.18 13:09	s/l	579	0.43	1.01806	1.01806	1.01239	-69.66	7026.72
1399	2022.08.18 13:09	buy	580	0.14	1.01807	1.01562	1.02420	0.00	7026.72
1400	2022.08.18 16:18	s/l	580	0.14	1.01562	1.01562	1.02420	-34.30	6992.42
1401	2022.08.24 09:00	sell	581	0.75	0.99430	0.99615	0.98968	0.00	6992.42
1402	2022.08.24 15:45	modify	581	0.75	0.99430	0.99420	0.98968	0.00	6992.42
1403	2022.08.24 17:46	s/l	581	0.75	0.99420	0.99420	0.98968	7.50	6999.92
1404	2022.10.17 10:15	buy	582	2.72	0.97468	0.97288	0.97918	0.00	6999.92
1405	2022.10.17 11:32	s/l	582	2.72	0.97288	0.97288	0.97918	-489.60	6510.32
1406	2022.10.25 11:15	buy	583	0.58	0.98730	0.98507	0.99288	0.00	6510.32
1407	2022.10.25 14:05	s/l	583	0.58	0.98507	0.98507	0.99288	-129.34	6380.98
1408	2022.10.25 14:05	sell	584	0.31	0.98506	0.98708	0.98001	0.00	6380.98
1409	2022.10.25 15:53	s/l	584	0.31	0.98708	0.98708	0.98001	-62.62	6318.36
1410	2022.11.01 11:15	sell	585	0.55	0.99183	0.99409	0.98618	0.00	6318.36
1411	2022.11.01 12:26	s/l	585	0.55	0.99409	0.99409	0.98618	-124.30	6194.06
1412	2022.11.01 12:26	buy	586	0.26	0.99409	0.99171	1.00004	0.00	6194.06
1413	2022.11.01 16:00	s/l	586	0.26	0.99171	0.99171	1.00004	-61.88	6132.18
1414	2022.11.17 09:45	buy	587	0.32	1.03868	1.03681	1.04336	0.00	6132.18
1415	2022.11.17 11:34	s/l	587	0.32	1.03681	1.03681	1.04336	-59.84	6072.34
1416	2022.12.06 10:30	sell	588	0.54	1.04892	1.05116	1.04332	0.00	6072.34
1417	2022.12.06 13:20	s/l	588	0.54	1.05116	1.05116	1.04332	-120.96	5951.38
1418	2022.12.06 13:20	buy	589	0.30	1.05117	1.04925	1.05597	0.00	5951.38
1419	2022.12.06 17:04	s/l	589	0.30	1.04925	1.04925	1.05597	-57.60	5893.78
1420	2022.12.08 11:00	buy	590	0.35	1.05268	1.05104	1.05678	0.00	5893.78
1421	2022.12.08 11:20	s/l	590	0.35	1.05104	1.05104	1.05678	-57.40	5836.38
1422	2022.12.08 11:20	sell	591	0.15	1.05104	1.05294	1.04629	0.00	5836.38
1423	2022.12.08 15:36	s/l	591	0.15	1.05294	1.05294	1.04629	-28.50	5807.88
1424	2022.12.13 08:00	buy	592	0.65	1.05518	1.05342	1.05958	0.00	5807.88
1425	2022.12.13 10:49	s/l	592	0.65	1.05342	1.05342	1.05958	-114.40	5693.48
1426	2022.12.15 08:30	buy	593	0.37	1.06600	1.06447	1.06983	0.00	5693.48
1427	2022.12.15 09:44	s/l	593	0.37	1.06447	1.06447	1.06983	-56.61	5636.87
1428	2022.12.15 09:44	sell	594	0.15	1.06446	1.06629	1.05989	0.00	5636.87
1429	2022.12.15 11:00	modify	594	0.15	1.06446	1.06436	1.05989	0.00	5636.87
1430	2022.12.15 15:16	s/l	594	0.15	1.06436	1.06436	1.05989	1.50	5638.37
1431	2022.12.21 11:00	buy	595	0.56	1.06346	1.06147	1.06844	0.00	5638.37
1432	2022.12.21 11:37	s/l	595	0.56	1.06147	1.06147	1.06844	-111.44	5526.93
1433	2022.12.21 11:37	sell	596	0.23	1.06147	1.06387	1.05547	0.00	5526.93
1434	2022.12.21 15:09	s/l	596	0.23	1.06387	1.06387	1.05547	-55.20	5471.73
1435	2022.12.22 11:45	buy	597	0.36	1.06419	1.06269	1.06794	0.00	5471.73
1436	2022.12.22 13:00	s/l	597	0.36	1.06269	1.06269	1.06794	-54.00	5417.73
1437	2022.12.22 15:00	buy	598	0.24	1.06371	1.06147	1.06931	0.00	5417.73
1438	2022.12.22 15:34	s/l	598	0.24	1.06147	1.06147	1.06931	-53.76	5363.97
1439	2022.12.26 15:15	buy	599	0.67	1.06300	1.06141	1.06698	0.00	5363.97
1440	2022.12.27 04:01	modify	599	0.67	1.06300	1.06310	1.06698	0.00	5363.97
1441	2022.12.27 15:00	s/l	599	0.67	1.06310	1.06310	1.06698	1.11	5365.08
1442	2022.12.28 16:30	buy	600	1.67	1.06541	1.06317	1.07101	0.00	5365.08
1443	2022.12.28 17:36	s/l	600	1.67	1.06317	1.06317	1.07101	-374.08	4991.00
1444	2023.01.04 15:30	buy	601	0.47	1.06138	1.05929	1.06661	0.00	4991.00
1445	2023.01.04 17:04	s/l	601	0.47	1.05929	1.05929	1.06661	-98.23	4892.77
1446	2023.01.05 08:15	buy	602	0.24	1.06197	1.06001	1.06687	0.00	4892.77
1447	2023.01.05 09:44	s/l	602	0.24	1.06001	1.06001	1.06687	-47.04	4845.73
1448	2023.01.05 09:44	sell	603	0.15	1.06000	1.06157	1.05608	0.00	4845.73
1449	2023.01.05 10:02	s/l	603	0.15	1.06157	1.06157	1.05608	-23.55	4822.18
1450	2023.01.11 11:30	buy	604	0.41	1.07468	1.07235	1.08051	0.00	4822.18
1451	2023.01.12 15:28	modify	604	0.41	1.07468	1.07478	1.08051	0.00	4822.18
1452	2023.01.12 15:28	t/p	604	0.41	1.08051	1.07478	1.08051	228.77	5050.95
1453	2023.01.17 09:45	buy	605	2.20	1.08260	1.08100	1.08660	0.00	5050.95
1454	2023.01.17 12:28	s/l	605	2.20	1.08100	1.08100	1.08660	-352.00	4698.95
1455	2023.01.24 15:00	sell	606	0.50	1.08598	1.08784	1.08133	0.00	4698.95
1456	2023.01.24 15:26	s/l	606	0.50	1.08784	1.08784	1.08133	-93.00	4605.95
1457	2023.01.30 09:30	sell	607	0.61	1.08567	1.08718	1.08190	0.00	4605.95
1458	2023.01.30 10:00	s/l	607	0.61	1.08718	1.08718	1.08190	-92.11	4513.84
1459	2023.01.30 10:00	buy	608	0.21	1.08718	1.08511	1.09236	0.00	4513.84
1460	2023.01.30 11:49	modify	608	0.21	1.08718	1.08728	1.09236	0.00	4513.84
1461	2023.01.30 17:54	s/l	608	0.21	1.08728	1.08728	1.09236	2.10	4515.94
1462	2023.02.08 15:00	sell	609	0.51	1.07338	1.07513	1.06901	0.00	4515.94
1463	2023.02.09 10:23	s/l	609	0.51	1.07513	1.07513	1.06901	-85.37	4430.57
1464	2023.02.15 14:00	sell	610	0.58	1.07111	1.07263	1.06731	0.00	4430.57
1465	2023.02.15 15:30	modify	610	0.58	1.07111	1.07101	1.06731	0.00	4430.57
1466	2023.02.15 16:23	t/p	610	0.58	1.06731	1.07101	1.06731	220.40	4650.97
1467	2023.02.16 10:30	buy	611	0.87	1.07194	1.07007	1.07662	0.00	4650.97
1468	2023.02.16 10:54	s/l	611	0.87	1.07007	1.07007	1.07662	-162.69	4488.28
1469	2023.02.20 15:45	buy	612	0.52	1.06855	1.06684	1.07283	0.00	4488.28
1470	2023.02.21 03:13	s/l	612	0.52	1.06684	1.06684	1.07283	-93.26	4395.02
1471	2023.02.21 03:13	sell	613	0.23	1.06684	1.06872	1.06214	0.00	4395.02
1472	2023.02.21 10:15	s/l	613	0.23	1.06872	1.06872	1.06214	-43.24	4351.78
1473	2023.02.21 16:00	sell	614	0.46	1.06529	1.06716	1.06062	0.00	4351.78
1474	2023.02.21 16:35	s/l	614	0.46	1.06716	1.06716	1.06062	-86.02	4265.76
1475	2023.02.23 09:30	sell	615	0.24	1.06124	1.06296	1.05694	0.00	4265.76
1476	2023.02.23 13:22	modify	615	0.24	1.06124	1.06114	1.05694	0.00	4265.76
1477	2023.02.23 14:29	s/l	615	0.24	1.06114	1.06114	1.05694	2.40	4268.16
1478	2023.03.09 16:00	buy	616	0.62	1.05744	1.05506	1.06339	0.00	4268.16
1479	2023.03.10 15:30	modify	616	0.62	1.05744	1.05754	1.06339	0.00	4268.16
1480	2023.03.10 15:42	t/p	616	0.62	1.06339	1.05754	1.06339	363.73	4631.89
1481	2023.03.14 11:45	buy	617	1.05	1.07069	1.06894	1.07507	0.00	4631.89
1482	2023.03.14 14:30	modify	617	1.05	1.07069	1.07079	1.07507	0.00	4631.89
1483	2023.03.14 14:35	s/l	617	1.05	1.07079	1.07079	1.07507	10.50	4642.39
1484	2023.03.16 11:30	sell	618	0.45	1.06092	1.06296	1.05582	0.00	4642.39
1485	2023.03.16 14:43	modify	618	0.45	1.06092	1.06082	1.05582	0.00	4642.39
1486	2023.03.16 15:15	s/l	618	0.45	1.06082	1.06082	1.05582	4.50	4646.89
1487	2023.03.27 10:30	sell	619	0.83	1.07620	1.07842	1.07065	0.00	4646.89
1488	2023.03.27 16:24	s/l	619	0.83	1.07842	1.07842	1.07065	-184.26	4462.63
1489	2023.03.29 16:00	buy	620	0.52	1.08539	1.08370	1.08962	0.00	4462.63
1490	2023.03.29 16:23	s/l	620	0.52	1.08370	1.08370	1.08962	-87.88	4374.75
1491	2023.03.29 16:23	sell	621	0.18	1.08370	1.08605	1.07783	0.00	4374.75
1492	2023.03.30 11:04	s/l	621	0.18	1.08605	1.08605	1.07783	-40.93	4333.82
1493	2023.04.04 09:30	buy	622	0.46	1.08998	1.08810	1.09468	0.00	4333.82
1494	2023.04.04 10:52	modify	622	0.46	1.08998	1.09008	1.09468	0.00	4333.82
1495	2023.04.04 14:59	s/l	622	0.46	1.09008	1.09008	1.09468	4.60	4338.42
1496	2023.04.05 15:30	buy	623	1.82	1.09522	1.09356	1.09937	0.00	4338.42
1497	2023.04.05 17:10	s/l	623	1.82	1.09356	1.09356	1.09937	-302.12	4036.30
1498	2023.04.10 14:30	sell	624	0.45	1.08936	1.09114	1.08491	0.00	4036.30
1499	2023.04.10 15:09	modify	624	0.45	1.08936	1.08926	1.08491	0.00	4036.30
1500	2023.04.10 15:59	t/p	624	0.45	1.08491	1.08926	1.08491	200.25	4236.55
1501	2023.04.11 10:15	buy	625	1.80	1.08954	1.08790	1.09364	0.00	4236.55
1502	2023.04.11 12:32	modify	625	1.80	1.08954	1.08964	1.09364	0.00	4236.55
1503	2023.04.11 20:12	s/l	625	1.80	1.08964	1.08964	1.09364	18.00	4254.55
1504	2023.04.19 10:45	sell	626	1.03	1.09581	1.09745	1.09171	0.00	4254.55
1505	2023.04.19 12:32	modify	626	1.03	1.09581	1.09571	1.09171	0.00	4254.55
1506	2023.04.19 16:07	s/l	626	1.03	1.09571	1.09571	1.09171	10.30	4264.85
1507	2023.05.02 11:00	sell	627	0.74	1.09858	1.10086	1.09288	0.00	4264.85
1508	2023.05.02 12:58	modify	627	0.74	1.09858	1.09848	1.09288	0.00	4264.85
1509	2023.05.02 17:35	s/l	627	0.74	1.09848	1.09848	1.09288	7.40	4272.25
1510	2023.05.10 11:00	sell	628	0.85	1.09646	1.09845	1.09149	0.00	4272.25
1511	2023.05.10 15:31	s/l	628	0.85	1.09845	1.09845	1.09149	-169.15	4103.10
1512	2023.05.16 16:45	buy	629	0.50	1.08878	1.08717	1.09281	0.00	4103.10
1513	2023.05.16 17:04	s/l	629	0.50	1.08717	1.08717	1.09281	-80.50	4022.60
1514	2023.05.16 17:04	sell	630	0.20	1.08717	1.08911	1.08232	0.00	4022.60
1515	2023.05.17 10:25	modify	630	0.20	1.08717	1.08707	1.08232	0.00	4022.60
1516	2023.05.17 12:11	t/p	630	0.20	1.08232	1.08707	1.08232	97.51	4120.11
1517	2023.05.22 09:30	buy	631	0.51	1.08212	1.08053	1.08610	0.00	4120.11
1518	2023.05.22 10:13	s/l	631	0.51	1.08053	1.08053	1.08610	-81.09	4039.02
1519	2023.05.22 10:13	sell	632	0.19	1.08053	1.08262	1.07531	0.00	4039.02
1520	2023.05.22 13:26	s/l	632	0.19	1.08262	1.08262	1.07531	-39.71	3999.31
1521	2023.05.24 16:45	sell	633	0.41	1.07770	1.07961	1.07293	0.00	3999.31
1522	2023.05.25 00:03	modify	633	0.41	1.07770	1.07760	1.07293	0.00	3999.31
1523	2023.05.25 09:08	t/p	633	0.41	1.07293	1.07760	1.07293	198.69	4197.99
1524	2023.06.01 10:30	sell	634	0.90	1.06724	1.06887	1.06317	0.00	4197.99
1525	2023.06.01 12:03	s/l	634	0.90	1.06887	1.06887	1.06317	-146.70	4051.29
1526	2023.06.15 11:00	buy	635	0.19	1.08272	1.08065	1.08790	0.00	4051.29
1527	2023.06.15 15:30	modify	635	0.19	1.08272	1.08282	1.08790	0.00	4051.29
1528	2023.06.15 15:41	t/p	635	0.19	1.08790	1.08282	1.08790	98.42	4149.71
1529	2023.06.21 16:00	buy	636	1.52	1.09252	1.09062	1.09727	0.00	4149.71
1530	2023.06.21 17:35	modify	636	1.52	1.09252	1.09262	1.09727	0.00	4149.71
1531	2023.06.21 19:51	t/p	636	1.52	1.09727	1.09262	1.09727	722.00	4871.71
1532	2023.07.06 16:30	buy	637	0.41	1.08860	1.08626	1.09445	0.00	4871.71
1533	2023.07.06 17:06	s/l	637	0.41	1.08626	1.08626	1.09445	-95.94	4775.77
1534	2023.07.19 09:15	sell	638	0.48	1.12182	1.12377	1.11695	0.00	4775.77
1535	2023.07.19 12:18	s/l	638	0.48	1.12377	1.12377	1.11695	-93.60	4682.17
1536	2023.07.19 12:18	buy	639	0.24	1.12377	1.12182	1.12865	0.00	4682.17
1537	2023.07.19 13:45	s/l	639	0.24	1.12182	1.12182	1.12865	-46.80	4635.37
1538	2023.07.20 10:45	sell	640	0.21	1.12018	1.12230	1.11488	0.00	4635.37
1539	2023.07.20 17:09	modify	640	0.21	1.12018	1.12008	1.11488	0.00	4635.37
1540	2023.07.20 17:30	t/p	640	0.21	1.11488	1.12008	1.11488	111.30	4746.67
1541	2023.07.24 10:30	sell	641	1.33	1.11241	1.11490	1.10619	0.00	4746.67
1542	2023.07.24 10:32	modify	641	1.33	1.11241	1.11231	1.10619	0.00	4746.67
1543	2023.07.24 22:41	t/p	641	1.33	1.10619	1.11231	1.10619	827.26	5573.93
1544	2023.07.27 10:15	buy	642	0.54	1.11082	1.10878	1.11592	0.00	5573.93
1545	2023.07.27 11:56	modify	642	0.54	1.11082	1.11092	1.11592	0.00	5573.93
1546	2023.07.27 15:17	s/l	642	0.54	1.11092	1.11092	1.11592	5.40	5579.33
1547	2023.08.02 09:15	sell	643	1.39	1.09833	1.09993	1.09433	0.00	5579.33
1548	2023.08.02 15:40	modify	643	1.39	1.09833	1.09823	1.09433	0.00	5579.33
1549	2023.08.02 17:09	t/p	643	1.39	1.09433	1.09823	1.09433	556.00	6135.33
1550	2023.08.03 15:30	sell	644	0.53	1.09279	1.09508	1.08707	0.00	6135.33
1551	2023.08.03 15:41	s/l	644	0.53	1.09508	1.09508	1.08707	-121.37	6013.96
1552	2023.08.29 10:30	buy	645	0.67	1.08241	1.08064	1.08684	0.00	6013.96
1553	2023.08.29 12:07	s/l	645	0.67	1.08064	1.08064	1.08684	-118.59	5895.37
1554	2023.08.29 12:07	sell	646	0.48	1.08064	1.08185	1.07762	0.00	5895.37
1555	2023.08.29 15:27	modify	646	0.48	1.08064	1.08054	1.07762	0.00	5895.37
1556	2023.08.29 16:49	s/l	646	0.48	1.08054	1.08054	1.07762	4.80	5900.17
1557	2023.09.12 16:00	sell	647	0.74	1.07073	1.07231	1.06678	0.00	5900.17
1558	2023.09.12 18:08	s/l	647	0.74	1.07231	1.07231	1.06678	-116.92	5783.25
1559	2023.09.12 18:08	buy	648	0.39	1.07232	1.07085	1.07600	0.00	5783.25
1560	2023.09.12 23:32	modify	648	0.39	1.07232	1.07242	1.07600	0.00	5783.25
1561	2023.09.12 23:50	t/p	648	0.39	1.07600	1.07242	1.07600	143.52	5926.77
1562	2023.09.20 16:15	buy	649	0.61	1.07094	1.06902	1.07574	0.00	5926.77
1563	2023.09.20 21:01	s/l	649	0.61	1.06902	1.06902	1.07574	-117.12	5809.65
1564	2023.09.25 15:00	sell	650	0.76	1.06305	1.06456	1.05928	0.00	5809.65
1565	2023.09.25 16:31	modify	650	0.76	1.06305	1.06295	1.05928	0.00	5809.65
1566	2023.09.25 17:07	t/p	650	0.76	1.05928	1.06295	1.05928	286.52	6096.17
1567	2023.10.10 11:15	buy	651	1.70	1.05824	1.05574	1.06449	0.00	6096.17
1568	2023.10.10 19:03	modify	651	1.70	1.05824	1.05834	1.06449	0.00	6096.17
1569	2023.10.11 15:30	s/l	651	1.70	1.05834	1.05834	1.06449	2.82	6098.99
1570	2023.11.02 10:45	buy	652	0.70	1.06065	1.05891	1.06500	0.00	6098.99
1571	2023.11.02 12:41	modify	652	0.70	1.06065	1.06075	1.06500	0.00	6098.99
1572	2023.11.02 14:14	t/p	652	0.70	1.06500	1.06075	1.06500	304.50	6403.49
1573	2023.11.21 16:15	buy	653	1.43	1.09548	1.09369	1.09996	0.00	6403.49
1574	2023.11.21 17:53	s/l	653	1.43	1.09369	1.09369	1.09996	-255.97	6147.52
1575	2023.11.22 10:30	sell	654	0.58	1.09005	1.09216	1.08478	0.00	6147.52
1576	2023.11.22 17:00	modify	654	0.58	1.09005	1.08995	1.08478	0.00	6147.52
1577	2023.11.23 04:12	s/l	654	0.58	1.08995	1.08995	1.08478	10.21	6157.73
1578	2023.11.28 15:30	buy	655	2.58	1.09600	1.09433	1.10018	0.00	6157.73
1579	2023.11.28 17:04	modify	655	2.58	1.09600	1.09610	1.10018	0.00	6157.73
1580	2023.11.28 17:43	t/p	655	2.58	1.10018	1.09610	1.10018	1078.44	7236.17
1581	2023.12.04 15:45	sell	656	1.77	1.08617	1.08780	1.08210	0.00	7236.17
1582	2023.12.04 16:12	modify	656	1.77	1.08617	1.08607	1.08210	0.00	7236.17
1583	2023.12.04 16:20	t/p	656	1.77	1.08210	1.08607	1.08210	720.39	7956.56
1584	2024.01.08 10:15	sell	657	1.73	1.09323	1.09506	1.08866	0.00	7956.56
1585	2024.01.08 13:21	s/l	657	1.73	1.09506	1.09506	1.08866	-316.59	7639.97
1586	2024.01.09 11:15	sell	658	0.99	1.09385	1.09539	1.09000	0.00	7639.97
1587	2024.01.09 18:03	modify	658	0.99	1.09385	1.09375	1.09000	0.00	7639.97
1588	2024.01.09 19:27	s/l	658	0.99	1.09375	1.09375	1.09000	9.90	7649.87
1589	2024.01.15 15:15	sell	659	3.49	1.09459	1.09612	1.09077	0.00	7649.87
1590	2024.01.16 02:55	modify	659	3.49	1.09459	1.09449	1.09077	0.00	7649.87
1591	2024.01.16 10:32	t/p	659	3.49	1.09077	1.09449	1.09077	1342.03	8991.90
1592	2024.01.18 11:30	buy	660	0.92	1.08942	1.08747	1.09430	0.00	8991.90
1593	2024.01.18 14:58	s/l	660	0.92	1.08747	1.08747	1.09430	-179.40	8812.50
1594	2024.01.24 11:15	buy	661	0.73	1.08847	1.08606	1.09450	0.00	8812.50
1595	2024.01.24 15:50	modify	661	0.73	1.08847	1.08857	1.09450	0.00	8812.50
1596	2024.01.24 21:19	s/l	661	0.73	1.08857	1.08857	1.09450	7.30	8819.80
1597	2024.02.29 16:15	buy	662	1.58	1.08463	1.08268	1.08951	0.00	8819.80
1598	2024.02.29 17:52	s/l	662	1.58	1.08268	1.08268	1.08951	-308.10	8511.70
1599	2024.04.17 16:15	buy	663	1.09	1.06450	1.06294	1.06840	0.00	8511.70
1600	2024.04.17 20:58	modify	663	1.09	1.06450	1.06460	1.06840	0.00	8511.70
1601	2024.04.18 09:04	t/p	663	1.09	1.06840	1.06460	1.06840	397.82	8909.52
1602	2024.05.29 16:15	sell	664	3.29	1.08387	1.08576	1.07915	0.00	8909.52
1603	2024.05.29 18:31	modify	664	3.29	1.08387	1.08377	1.07915	0.00	8909.52
1604	2024.05.30 08:23	t/p	664	3.29	1.07915	1.08377	1.07915	1577.91	10487.43
1605	2024.07.08 09:45	buy	665	2.62	1.08286	1.08126	1.08686	0.00	10487.43
1606	2024.07.09 14:39	s/l	665	2.62	1.08126	1.08126	1.08686	-441.06	10046.37
1607	2024.07.25 16:30	sell	666	0.60	1.08402	1.08567	1.07990	0.00	10046.37
1608	2024.07.25 17:50	s/l	666	0.60	1.08567	1.08567	1.07990	-99.00	9947.37
1609	2024.07.25 17:50	buy	667	0.22	1.08568	1.08342	1.09133	0.00	9947.37
1610	2024.07.29 11:44	s/l	667	0.22	1.08342	1.08342	1.09133	-53.39	9893.98
1611	2024.07.31 15:30	buy	668	1.13	1.08404	1.08230	1.08839	0.00	9893.98
1612	2024.07.31 17:47	s/l	668	1.13	1.08230	1.08230	1.08839	-196.62	9697.36
1613	2024.08.01 16:15	sell	669	0.45	1.07890	1.08102	1.07360	0.00	9697.36
1614	2024.08.01 17:00	s/l	669	0.45	1.08102	1.08102	1.07360	-95.40	9601.96
1615	2024.08.01 17:00	buy	670	0.19	1.08102	1.07852	1.08727	0.00	9601.96
1616	2024.08.01 18:21	s/l	670	0.19	1.07852	1.07852	1.08727	-47.50	9554.46
1617	2024.08.22 11:15	buy	671	0.46	1.11458	1.11253	1.11971	0.00	9554.46
1618	2024.08.22 16:45	s/l	671	0.46	1.11253	1.11253	1.11971	-94.30	9460.16
1619	2024.08.22 16:45	sell	672	0.22	1.11224	1.11433	1.10702	0.00	9460.16
1620	2024.08.23 17:04	s/l	672	0.22	1.11433	1.11433	1.10702	-45.42	9414.73
1621	2024.08.28 11:30	sell	673	1.09	1.11438	1.11610	1.11008	0.00	9414.73
1622	2024.08.28 14:57	modify	673	1.09	1.11438	1.11428	1.11008	0.00	9414.73
1623	2024.08.29 11:04	t/p	673	1.09	1.11008	1.11428	1.11008	476.99	9891.73
1624	2024.09.24 15:15	buy	674	4.00	1.11373	1.11200	1.11806	0.00	9891.73
1625	2024.09.24 17:28	modify	674	4.00	1.11373	1.11383	1.11806	0.00	9891.73
1626	2024.09.24 23:56	t/p	674	4.00	1.11806	1.11383	1.11806	1732.00	11623.73
1627	2024.09.26 16:15	sell	675	1.00	1.11409	1.11640	1.10832	0.00	11623.73
1628	2024.09.26 17:43	s/l	675	1.00	1.11640	1.11640	1.10832	-231.00	11392.73
1629	2024.10.24 16:15	buy	676	0.73	1.08021	1.07865	1.08411	0.00	11392.73
1630	2024.10.24 21:50	modify	676	0.73	1.08021	1.08031	1.08411	0.00	11392.73
1631	2024.10.25 19:50	s/l	676	0.73	1.08031	1.08031	1.08411	1.21	11393.94
1632	2024.10.30 15:45	buy	677	3.70	1.08308	1.08093	1.08846	0.00	11393.94
1633	2024.10.30 17:44	modify	677	3.70	1.08308	1.08318	1.08846	0.00	11393.94
1634	2024.10.31 14:41	t/p	677	3.70	1.08846	1.08318	1.08846	1897.98	13291.92
1635	2024.10.31 16:30	buy	678	1.20	1.08715	1.08495	1.09265	0.00	13291.92
1636	2024.10.31 17:51	s/l	678	1.20	1.08495	1.08495	1.09265	-264.00	13027.92
1637	2024.11.13 16:30	sell	679	1.25	1.06206	1.06413	1.05689	0.00	13027.92
1638	2024.11.13 16:52	modify	679	1.25	1.06206	1.06196	1.05689	0.00	13027.92
1639	2024.11.13 17:06	t/p	679	1.25	1.05689	1.06196	1.05689	646.25	13674.17
1640	2024.11.18 15:30	buy	680	5.34	1.05572	1.05393	1.06020	0.00	13674.17
1641	2024.11.18 18:58	modify	680	5.34	1.05572	1.05582	1.06020	0.00	13674.17
1642	2024.11.18 21:06	t/p	680	5.34	1.06020	1.05582	1.06020	2392.32	16066.49
1643	2024.11.21 16:15	sell	681	1.94	1.05245	1.05410	1.04833	0.00	16066.49
1644	2024.11.21 17:08	s/l	681	1.94	1.05410	1.05410	1.04833	-320.10	15746.39
1645	2024.11.26 10:00	sell	682	2.03	1.04719	1.04874	1.04332	0.00	15746.39
1646	2024.11.26 10:21	s/l	682	2.03	1.04874	1.04874	1.04332	-314.65	15431.74
1647	2024.11.26 10:21	buy	683	0.79	1.04874	1.04681	1.05357	0.00	15431.74
1648	2024.11.26 11:13	modify	683	0.79	1.04874	1.04884	1.05357	0.00	15431.74
1649	2024.11.26 14:17	t/p	683	0.79	1.05357	1.04884	1.05357	381.57	15813.31
1650	2024.11.28 16:45	buy	684	1.04	1.05445	1.05294	1.05823	0.00	15813.31
1651	2024.11.29 02:36	modify	684	1.04	1.05445	1.05455	1.05823	0.00	15813.31
1652	2024.11.29 09:00	t/p	684	1.04	1.05823	1.05455	1.05823	384.44	16197.75
1653	2024.12.02 09:15	sell	685	5.22	1.05174	1.05391	1.04632	0.00	16197.75
1654	2024.12.02 16:42	modify	685	5.22	1.05174	1.05164	1.04632	0.00	16197.75
1655	2024.12.02 17:02	t/p	685	5.22	1.04632	1.05164	1.04632	2829.24	19026.99
1656	2024.12.03 16:00	buy	686	4.97	1.05244	1.05091	1.05627	0.00	19026.99
1657	2024.12.03 17:00	s/l	686	4.97	1.05091	1.05091	1.05627	-760.41	18266.58
1658	2024.12.04 10:45	sell	687	1.94	1.04980	1.05168	1.04510	0.00	18266.58
1659	2024.12.04 17:00	s/l	687	1.94	1.05168	1.05168	1.04510	-364.72	17901.86
1660	2024.12.05 11:45	buy	688	1.18	1.05342	1.05191	1.05720	0.00	17901.86
1661	2024.12.05 15:30	modify	688	1.18	1.05342	1.05352	1.05720	0.00	17901.86
1662	2024.12.05 16:00	t/p	688	1.18	1.05720	1.05352	1.05720	446.04	18347.90
1663	2025.01.02 11:45	sell	689	3.91	1.03557	1.03721	1.03147	0.00	18347.90
1664	2025.01.02 12:48	modify	689	3.91	1.03557	1.03547	1.03147	0.00	18347.90
1665	2025.01.02 12:49	t/p	689	3.91	1.03147	1.03547	1.03147	1603.10	19951.00
1666	2025.01.14 16:30	buy	690	3.35	1.02652	1.02414	1.03247	0.00	19951.00
1667	2025.01.14 18:16	modify	690	3.35	1.02652	1.02662	1.03247	0.00	19951.00
1668	2025.01.15 15:30	t/p	690	3.35	1.03247	1.02662	1.03247	1965.30	21916.30
1669	2025.01.27 09:45	buy	691	4.76	1.04703	1.04519	1.05163	0.00	21916.30
1670	2025.01.27 12:05	modify	691	4.76	1.04703	1.04713	1.05163	0.00	21916.30
1671	2025.01.27 13:13	t/p	691	4.76	1.05163	1.04713	1.05163	2189.60	24105.90
1672	2025.01.30 11:15	sell	692	2.95	1.04097	1.04260	1.03690	0.00	24105.90
1673	2025.01.30 15:53	s/l	692	2.95	1.04260	1.04260	1.03690	-480.85	23625.05
1674	2025.02.04 15:15	buy	693	3.06	1.03361	1.03207	1.03746	0.00	23625.05
1675	2025.02.04 16:18	modify	693	3.06	1.03361	1.03371	1.03746	0.00	23625.05
1676	2025.02.04 17:00	t/p	693	3.06	1.03746	1.03371	1.03746	1178.10	24803.15
1677	2025.02.10 14:00	sell	694	11.12	1.03204	1.03360	1.02814	0.00	24803.15
1678	2025.02.11 04:34	modify	694	11.12	1.03204	1.03194	1.02814	0.00	24803.15
1679	2025.02.11 10:57	s/l	694	11.12	1.03194	1.03194	1.02814	139.40	24942.55
1680	2025.02.26 10:30	buy	695	5.06	1.05093	1.04896	1.05586	0.00	24942.55
1681	2025.02.26 13:50	s/l	695	5.06	1.04896	1.04896	1.05586	-996.82	23945.73
1682	2025.03.12 16:45	buy	696	2.01	1.09028	1.08790	1.09623	0.00	23945.73
1683	2025.03.13 08:07	s/l	696	2.01	1.08790	1.08790	1.09623	-528.69	23417.03
1684	2025.03.13 08:07	sell	697	0.95	1.08789	1.08911	1.08484	0.00	23417.03
1685	2025.03.13 09:39	modify	697	0.95	1.08789	1.08779	1.08484	0.00	23417.03
1686	2025.03.13 10:12	s/l	697	0.95	1.08779	1.08779	1.08484	9.50	23426.53
1687	2025.03.17 15:00	buy	698	2.85	1.09018	1.08854	1.09428	0.00	23426.53
1688	2025.03.17 17:25	modify	698	2.85	1.09018	1.09028	1.09428	0.00	23426.53
1689	2025.03.18 10:11	t/p	698	2.85	1.09428	1.09028	1.09428	1144.72	24571.25
1690	2025.03.19 15:00	sell	699	10.05	1.09014	1.09185	1.08587	0.00	24571.25
1691	2025.03.19 17:58	modify	699	10.05	1.09014	1.09004	1.08587	0.00	24571.25
1692	2025.03.19 20:36	s/l	699	10.05	1.09004	1.09004	1.08587	100.50	24671.75
1693	2025.03.24 14:00	sell	700	5.19	1.08320	1.08510	1.07845	0.00	24671.75
1694	2025.03.24 15:51	modify	700	5.19	1.08320	1.08310	1.07845	0.00	24671.75
1695	2025.03.24 18:41	t/p	700	5.19	1.07845	1.08310	1.07845	2465.25	27137.00
1696	2025.03.25 16:15	sell	701	4.82	1.08051	1.08276	1.07489	0.00	27137.00
1697	2025.03.26 15:29	modify	701	4.82	1.08051	1.08041	1.07489	0.00	27137.00
1698	2025.03.26 21:17	t/p	701	4.82	1.07489	1.08041	1.07489	2721.06	29858.07
1699	2025.03.27 15:45	buy	702	2.80	1.07959	1.07746	1.08492	0.00	29858.07
1700	2025.03.28 11:03	s/l	702	2.80	1.07746	1.07746	1.08492	-619.76	29238.30
1701	2025.03.31 14:15	buy	703	3.24	1.08255	1.08075	1.08705	0.00	29238.30
1702	2025.03.31 15:42	s/l	703	3.24	1.08075	1.08075	1.08705	-583.20	28655.10
1703	2025.03.31 15:42	sell	704	1.33	1.08075	1.08289	1.07540	0.00	28655.10
1704	2025.04.01 07:05	s/l	704	1.33	1.08289	1.08289	1.07540	-281.25	28373.86
1705	2025.04.17 10:45	buy	705	1.47	1.13697	1.13505	1.14177	0.00	28373.86
1706	2025.04.17 15:16	s/l	705	1.47	1.13505	1.13505	1.14177	-282.24	28091.62
1707	2025.04.17 15:16	sell	706	0.67	1.13502	1.13711	1.12980	0.00	28091.62
1708	2025.04.17 16:05	s/l	706	0.67	1.13711	1.13711	1.12980	-140.03	27951.59
1709	2025.04.29 10:45	buy	707	2.74	1.14052	1.13848	1.14562	0.00	27951.59
1710	2025.04.29 11:13	s/l	707	2.74	1.13848	1.13848	1.14562	-558.96	27392.63
1711	2025.04.29 15:30	buy	708	2.94	1.13862	1.13676	1.14327	0.00	27392.63
1712	2025.04.29 16:18	modify	708	2.94	1.13862	1.13872	1.14327	0.00	27392.63
1713	2025.04.29 17:47	s/l	708	2.94	1.13872	1.13872	1.14327	29.40	27422.03
1714	2025.04.30 10:30	sell	709	9.05	1.13797	1.14009	1.13267	0.00	27422.03
1715	2025.04.30 18:21	modify	709	9.05	1.13797	1.13787	1.13267	0.00	27422.03
1716	2025.04.30 18:30	t/p	709	9.05	1.13267	1.13787	1.13267	4796.50	32218.53
1717	2025.05.01 15:00	sell	710	2.82	1.13197	1.13425	1.12627	0.00	32218.53
1718	2025.05.01 17:20	modify	710	2.82	1.13197	1.13187	1.12627	0.00	32218.53
1719	2025.05.02 09:10	s/l	710	2.82	1.13187	1.13187	1.12627	35.35	32253.88
1720	2025.05.14 09:30	buy	711	7.63	1.11946	1.11777	1.12369	0.00	32253.88
1721	2025.05.14 11:03	modify	711	7.63	1.11946	1.11956	1.12369	0.00	32253.88
1722	2025.05.14 11:07	t/p	711	7.63	1.12369	1.11956	1.12369	3227.49	35481.37
1723	2025.05.15 09:30	buy	712	2.88	1.12077	1.11831	1.12692	0.00	35481.37
1724	2025.05.15 14:34	s/l	712	2.88	1.11831	1.11831	1.12692	-708.48	34772.89
1725	2025.05.22 15:45	sell	713	1.46	1.12926	1.13164	1.12331	0.00	34772.89
1726	2025.05.22 20:28	modify	713	1.46	1.12926	1.12916	1.12331	0.00	34772.89
1727	2025.05.23 03:24	s/l	713	1.46	1.12916	1.12916	1.12331	18.30	34791.19
1728	2025.05.27 09:15	buy	714	10.63	1.13874	1.13645	1.14447	0.00	34791.19
1729	2025.05.27 09:59	s/l	714	10.63	1.13645	1.13645	1.14447	-2434.27	32356.92
1730	2025.05.28 14:00	sell	715	3.85	1.13254	1.13422	1.12834	0.00	32356.92
1731	2025.05.28 16:11	modify	715	3.85	1.13254	1.13244	1.12834	0.00	32356.92
1732	2025.05.29 02:10	t/p	715	3.85	1.12834	1.13244	1.12834	1646.29	34003.21
1733	2025.06.05 10:15	buy	716	7.82	1.14189	1.14037	1.14569	0.00	34003.21
1734	2025.06.05 15:30	modify	716	7.82	1.14189	1.14199	1.14569	0.00	34003.21
1735	2025.06.05 15:50	s/l	716	7.82	1.14199	1.14199	1.14569	78.20	34081.41
1736	2025.06.10 10:00	sell	717	6.14	1.13940	1.14162	1.13385	0.00	34081.41
1737	2025.06.10 12:41	s/l	717	6.14	1.14162	1.14162	1.13385	-1363.08	32718.33
1738	2025.06.16 08:15	buy	718	4.06	1.15458	1.15297	1.15861	0.00	32718.33
1739	2025.06.16 09:51	modify	718	4.06	1.15458	1.15468	1.15861	0.00	32718.33
1740	2025.06.16 16:00	t/p	718	4.06	1.15861	1.15468	1.15861	1636.18	34354.51
1741	2025.06.18 11:30	sell	719	15.51	1.15033	1.15188	1.14646	0.00	34354.51
1742	2025.06.18 17:04	s/l	719	15.51	1.15188	1.15188	1.14646	-2404.05	31950.46
1743	2025.07.09 10:45	sell	720	3.17	1.17098	1.17299	1.16596	0.00	31950.46
1744	2025.07.10 02:39	s/l	720	3.17	1.17299	1.17299	1.16596	-613.05	31337.41
1745	2025.07.10 02:39	buy	721	1.61	1.17300	1.17203	1.17543	0.00	31337.41
1746	2025.07.10 03:10	modify	721	1.61	1.17300	1.17310	1.17543	0.00	31337.41
1747	2025.07.10 07:32	s/l	721	1.61	1.17310	1.17310	1.17543	16.10	31353.51
1748	2025.07.17 09:15	sell	722	1.64	1.16080	1.16271	1.15603	0.00	31353.51
1749	2025.07.17 09:30	modify	722	1.64	1.16080	1.16070	1.15603	0.00	31353.51
1750	2025.07.17 15:30	t/p	722	1.64	1.15603	1.16070	1.15603	782.28	32135.79
1751	2025.07.22 16:45	buy	723	9.90	1.16990	1.16763	1.17558	0.00	32135.79
1752	2025.07.22 18:16	modify	723	9.90	1.16990	1.17000	1.17558	0.00	32135.79
1753	2025.07.22 19:07	t/p	723	9.90	1.17558	1.17000	1.17558	5623.20	37758.99
1754	2025.08.21 16:45	sell	724	4.19	1.16334	1.16514	1.15884	0.00	37758.99
1755	2025.08.21 17:45	modify	724	4.19	1.16334	1.16324	1.15884	0.00	37758.99
1756	2025.08.22 07:21	t/p	724	4.19	1.15884	1.16324	1.15884	1896.13	39655.11
1757	2025.08.26 09:15	sell	725	9.85	1.16297	1.16458	1.15895	0.00	39655.11
1758	2025.08.26 10:12	modify	725	9.85	1.16297	1.16287	1.15895	0.00	39655.11
1759	2025.08.26 12:12	s/l	725	9.85	1.16287	1.16287	1.15895	98.50	39753.61
1760	2025.09.03 15:45	sell	726	10.53	1.16452	1.16603	1.16075	0.00	39753.61
1761	2025.09.03 17:00	s/l	726	10.53	1.16603	1.16603	1.16075	-1590.03	38163.58
1762	2025.09.29 15:00	buy	727	3.42	1.17293	1.17070	1.17851	0.00	38163.58
1763	2025.10.01 08:00	modify	727	3.42	1.17293	1.17303	1.17851	0.00	38163.58
1764	2025.10.01 13:02	s/l	727	3.42	1.17303	1.17303	1.17851	-22.87	38140.71
1765	2025.10.01 13:02	sell	728	1.59	1.17302	1.17541	1.16705	0.00	38140.71
1766	2025.10.01 15:16	s/l	728	1.59	1.17541	1.17541	1.16705	-380.01	37760.70
1767	2025.10.02 10:15	buy	729	1.93	1.17516	1.17321	1.18004	0.00	37760.70
1768	2025.10.02 16:39	s/l	729	1.93	1.17321	1.17321	1.18004	-376.35	37384.35
1769	2025.10.02 16:39	sell	730	1.38	1.17321	1.17456	1.16984	0.00	37384.35
1770	2025.10.02 17:11	modify	730	1.38	1.17321	1.17311	1.16984	0.00	37384.35
1771	2025.10.02 18:15	t/p	730	1.38	1.16984	1.17311	1.16984	465.06	37849.41
1772	2025.10.09 09:15	sell	731	2.18	1.16299	1.16472	1.15867	0.00	37849.41
1773	2025.10.09 11:35	modify	731	2.18	1.16299	1.16289	1.15867	0.00	37849.41
1774	2025.10.09 17:22	t/p	731	2.18	1.15867	1.16289	1.15867	941.76	38791.17
1775	2025.10.14 09:30	sell	732	13.24	1.15710	1.15915	1.15198	0.00	38791.17
1776	2025.10.14 17:40	s/l	732	13.24	1.15915	1.15915	1.15198	-2714.20	36076.97
1777	2025.10.15 16:45	buy	733	3.81	1.16272	1.16083	1.16745	0.00	36076.97
1778	2025.10.16 03:27	modify	733	3.81	1.16272	1.16282	1.16745	0.00	36076.97
1779	2025.10.16 04:51	t/p	733	3.81	1.16745	1.16282	1.16745	1706.76	37783.73
1780	2025.10.27 10:45	buy	734	16.53	1.16315	1.16155	1.16715	0.00	37783.73
1781	2025.10.28 02:20	modify	734	16.53	1.16315	1.16325	1.16715	0.00	37783.73
1782	2025.10.28 15:07	s/l	734	16.53	1.16325	1.16325	1.16715	27.37	37811.10
1783	2025.10.28 16:30	buy	735	6.32	1.16557	1.16318	1.17155	0.00	37811.10
1784	2025.10.29 06:55	s/l	735	6.32	1.16318	1.16318	1.17155	-1563.21	36247.89
1785	2025.11.10 09:45	buy	736	3.79	1.15705	1.15514	1.16183	0.00	36247.89
1786	2025.11.10 17:41	s/l	736	3.79	1.15514	1.15514	1.16183	-723.89	35524.00
1787	2025.11.10 17:41	sell	737	1.98	1.15513	1.15692	1.15066	0.00	35524.00
1788	2025.11.11 12:18	s/l	737	1.98	1.15692	1.15692	1.15066	-349.40	35174.60
1789	2025.11.19 15:45	sell	738	3.86	1.15749	1.15931	1.15294	0.00	35174.60
1790	2025.11.19 17:10	modify	738	3.86	1.15749	1.15739	1.15294	0.00	35174.60
1791	2025.11.19 19:26	t/p	738	3.86	1.15294	1.15739	1.15294	1756.30	36930.90
1792	2025.12.01 09:30	buy	739	13.60	1.16082	1.15892	1.16557	0.00	36930.90
1793	2025.12.01 14:37	modify	739	13.60	1.16082	1.16092	1.16557	0.00	36930.90
1794	2025.12.01 21:11	s/l	739	13.60	1.16092	1.16092	1.16557	136.00	37066.90
1795	2025.12.16 16:00	buy	740	7.09	1.17758	1.17549	1.18281	0.00	37066.90
1796	2025.12.16 20:07	s/l	740	7.09	1.17549	1.17549	1.18281	-1481.81	35585.09
1797	2025.12.24 11:00	buy	741	3.24	1.17995	1.17776	1.18543	0.00	35585.09
1798	2025.12.24 16:55	s/l	741	3.24	1.17776	1.17776	1.18543	-709.56	34875.53
1799	2025.12.24 16:55	sell	742	3.11	1.17776	1.17888	1.17496	0.00	34875.53
1800	2025.12.26 02:25	s/l	742	3.11	1.17888	1.17888	1.17496	-316.77	34558.76
1801	2026.01.12 15:15	buy	743	4.11	1.16925	1.16757	1.17345	0.00	34558.76
1802	2026.01.12 16:29	s/l	743	4.11	1.16757	1.16757	1.17345	-690.48	33868.28
1803	2026.01.12 16:29	sell	744	1.36	1.16757	1.17005	1.16137	0.00	33868.28
1804	2026.01.13 18:14	modify	744	1.36	1.16757	1.16747	1.16137	0.00	33868.28
1805	2026.01.15 15:30	t/p	744	1.36	1.16137	1.16747	1.16137	860.44	34728.72
1806	2026.01.19 09:15	buy	745	4.03	1.16400	1.16228	1.16830	0.00	34728.72
1807	2026.01.19 10:07	s/l	745	4.03	1.16228	1.16228	1.16830	-693.16	34035.56
1808	2026.01.19 10:07	sell	746	1.77	1.16228	1.16420	1.15748	0.00	34035.56
1809	2026.01.19 16:49	s/l	746	1.77	1.16420	1.16420	1.15748	-339.84	33695.72
1810	2026.01.29 15:00	buy	747	1.83	1.19613	1.19429	1.20073	0.00	33695.72
1811	2026.01.29 15:49	s/l	747	1.83	1.19429	1.19429	1.20073	-336.72	33359.00
1812	2026.02.04 16:15	sell	748	3.33	1.18076	1.18276	1.17576	0.00	33359.00
1813	2026.02.05 23:02	modify	748	3.33	1.18076	1.18066	1.17576	0.00	33359.00
1814	2026.02.06 15:49	s/l	748	3.33	1.18066	1.18066	1.17576	67.08	33426.08
1815	2026.02.18 16:00	sell	749	9.55	1.18236	1.18481	1.17624	0.00	33426.08
1816	2026.02.18 20:47	modify	749	9.55	1.18236	1.18226	1.17624	0.00	33426.08
1817	2026.02.19 15:04	t/p	749	9.55	1.17624	1.18226	1.17624	5917.26	39343.34
1818	2026.02.25 16:00	sell	750	8.37	1.17734	1.17922	1.17264	0.00	39343.34
1819	2026.02.25 17:07	s/l	750	8.37	1.17922	1.17922	1.17264	-1573.56	37769.78
1820	2026.03.17 09:15	buy	751	4.72	1.14885	1.14725	1.15285	0.00	37769.78
1821	2026.03.17 10:48	modify	751	4.72	1.14885	1.14895	1.15285	0.00	37769.78
1822	2026.03.17 15:00	t/p	751	4.72	1.15285	1.14895	1.15285	1888.00	39657.78
