1	2010.01.19 09:15	sell	1	1.01	1.43931	1.44128	1.43439	0.00	10000.00
2	2010.01.19 10:45	modify	1	1.01	1.43931	1.43921	1.43439	0.00	10000.00
3	2010.01.19 11:00	t/p	1	1.01	1.43439	1.43921	1.43439	496.92	10496.92
4	2010.02.15 14:00	sell	2	4.05	1.36095	1.36276	1.35643	0.00	10496.92
5	2010.02.15 16:47	modify	2	4.05	1.36095	1.36085	1.35643	0.00	10496.92
6	2010.02.15 17:39	s/l	2	4.05	1.36085	1.36085	1.35643	40.50	10537.42
7	2010.02.16 11:30	buy	3	1.80	1.36601	1.36368	1.37184	0.00	10537.42
8	2010.02.16 12:40	sell	4	5.40	1.36424	1.36601	1.36368	0.00	10537.42
9	2010.02.16 13:05	s/l	4	5.40	1.36601	1.36601	1.36368	-955.80	9581.62
10	2010.02.16 13:37	sell	5	5.40	1.36423	1.36601	1.36368	0.00	9581.62
11	2010.02.16 13:38	s/l	3	1.80	1.36368	1.36368	1.37184	-419.40	9162.22
12	2010.02.16 13:38	t/p	5	5.40	1.36368	1.36601	1.36368	297.00	9459.22
13	2010.03.08 15:00	buy	6	1.05	1.36653	1.36473	1.37103	0.00	9459.22
14	2010.03.08 16:32	s/l	6	1.05	1.36473	1.36473	1.37103	-189.00	9270.22
15	2010.03.10 08:00	sell	7	0.86	1.35826	1.36040	1.35291	0.00	9270.22
16	2010.03.10 09:00	modify	7	0.86	1.35826	1.35816	1.35291	0.00	9270.22
17	2010.03.10 10:14	s/l	7	0.86	1.35816	1.35816	1.35291	8.60	9278.82
18	2010.03.10 15:00	buy	8	2.92	1.36154	1.35932	1.36709	0.00	9278.82
19	2010.03.10 16:52	modify	8	2.92	1.36154	1.36164	1.36709	0.00	9278.82
20	2010.03.10 17:03	t/p	8	2.92	1.36709	1.36164	1.36709	1620.60	10899.42
21	2010.03.11 09:30	buy	9	1.12	1.36425	1.36232	1.36908	0.00	10899.42
22	2010.03.11 14:30	modify	9	1.12	1.36425	1.36435	1.36908	0.00	10899.42
23	2010.03.11 14:44	s/l	9	1.12	1.36435	1.36435	1.36908	11.20	10910.62
24	2010.03.16 08:00	sell	10	2.45	1.36831	1.37009	1.36386	0.00	10910.62
25	2010.03.16 11:00	buy	11	7.35	1.36967	1.36831	1.37009	0.00	10910.62
26	2010.03.16 11:00	s/l	10	2.45	1.37009	1.37009	1.36386	-436.10	10474.52
27	2010.03.16 11:00	t/p	11	7.35	1.37009	1.36831	1.37009	308.70	10783.22
28	2010.04.05 08:00	sell	12	1.11	1.34992	1.35186	1.34507	0.00	10783.22
29	2010.04.05 08:34	modify	12	1.11	1.34992	1.34982	1.34507	0.00	10783.22
30	2010.04.05 15:14	s/l	12	1.11	1.34982	1.34982	1.34507	11.10	10794.32
31	2010.06.30 09:45	sell	13	3.75	1.22160	1.22361	1.21658	0.00	10794.32
32	2010.06.30 10:14	buy	14	11.25	1.22311	1.22160	1.22361	0.00	10794.32
33	2010.06.30 10:37	s/l	14	11.25	1.22160	1.22160	1.22361	-1698.75	9095.57
34	2010.06.30 11:17	buy	15	11.25	1.22313	1.22160	1.22361	0.00	9095.57
35	2010.06.30 11:17	s/l	13	3.75	1.22361	1.22361	1.21658	-753.75	8341.82
36	2010.06.30 11:17	t/p	15	11.25	1.22361	1.22160	1.22361	540.00	8881.82
37	2010.08.18 09:45	sell	16	0.85	1.28290	1.28497	1.27773	0.00	8881.82
38	2010.08.18 09:51	s/l	16	0.85	1.28497	1.28497	1.27773	-175.95	8705.87
39	2010.08.30 08:15	buy	17	0.88	1.27451	1.27254	1.27944	0.00	8705.87
40	2010.08.30 08:58	s/l	17	0.88	1.27254	1.27254	1.27944	-173.36	8532.51
41	2010.08.30 08:58	sell	18	0.37	1.27253	1.27481	1.26683	0.00	8532.51
42	2010.08.30 14:20	modify	18	0.37	1.27253	1.27243	1.26683	0.00	8532.51
43	2010.08.30 18:29	t/p	18	0.37	1.26683	1.27243	1.26683	210.90	8743.41
44	2010.09.01 10:00	buy	19	0.82	1.27200	1.26987	1.27733	0.00	8743.41
45	2010.09.01 10:44	modify	19	0.82	1.27200	1.27210	1.27733	0.00	8743.41
46	2010.09.01 11:27	t/p	19	0.82	1.27733	1.27210	1.27733	437.06	9180.47
47	2010.09.06 15:00	buy	20	3.15	1.28850	1.28646	1.29360	0.00	9180.47
48	2010.09.07 00:41	sell	21	9.45	1.28697	1.28850	1.28646	0.00	9180.47
49	2010.09.07 01:04	s/l	20	3.15	1.28646	1.28646	1.29360	-668.88	8511.59
50	2010.09.07 01:04	t/p	21	9.45	1.28646	1.28850	1.28646	481.95	8993.54
51	2010.09.20 08:45	buy	22	0.89	1.30852	1.30650	1.31357	0.00	8993.54
52	2010.09.20 09:35	modify	22	0.89	1.30852	1.30862	1.31357	0.00	8993.54
53	2010.09.20 13:57	s/l	22	0.89	1.30862	1.30862	1.31357	8.90	9002.44
54	2010.12.22 08:30	sell	23	3.31	1.31303	1.31493	1.30828	0.00	9002.44
55	2010.12.22 09:13	buy	24	9.93	1.31446	1.31303	1.31493	0.00	9002.44
56	2010.12.22 10:04	s/l	24	9.93	1.31303	1.31303	1.31493	-1419.99	7582.45
57	2010.12.22 10:39	buy	25	9.93	1.31447	1.31303	1.31493	0.00	7582.45
58	2010.12.22 10:43	s/l	23	3.31	1.31493	1.31493	1.30828	-628.90	6953.55
59	2010.12.22 10:43	t/p	25	9.93	1.31493	1.31303	1.31493	456.78	7410.33
60	2010.12.27 15:00	buy	26	0.64	1.31514	1.31285	1.32087	0.00	7410.33
61	2010.12.27 19:01	s/l	26	0.64	1.31285	1.31285	1.32087	-146.56	7263.77
62	2010.12.27 19:01	sell	27	0.35	1.31281	1.31487	1.30766	0.00	7263.77
63	2010.12.27 19:40	s/l	27	0.35	1.31487	1.31487	1.30766	-72.10	7191.67
64	2010.12.29 11:30	sell	28	0.60	1.31229	1.31468	1.30632	0.00	7191.67
65	2010.12.29 17:33	s/l	28	0.60	1.31468	1.31468	1.30632	-143.40	7048.27
66	2010.12.29 17:33	buy	29	0.38	1.31471	1.31288	1.31929	0.00	7048.27
67	2010.12.29 17:41	modify	29	0.38	1.31471	1.31481	1.31929	0.00	7048.27
68	2010.12.29 17:49	t/p	29	0.38	1.31929	1.31481	1.31929	174.04	7222.31
69	2011.02.09 09:30	buy	30	0.59	1.36507	1.36265	1.37112	0.00	7222.31
70	2011.02.09 11:48	s/l	30	0.59	1.36265	1.36265	1.37112	-142.78	7079.53
71	2011.03.08 08:30	buy	31	0.68	1.39830	1.39622	1.40350	0.00	7079.53
72	2011.03.08 08:39	s/l	31	0.68	1.39622	1.39622	1.40350	-141.44	6938.09
73	2011.03.08 08:39	sell	32	0.30	1.39622	1.39851	1.39050	0.00	6938.09
74	2011.03.08 09:34	modify	32	0.30	1.39622	1.39612	1.39050	0.00	6938.09
75	2011.03.08 13:23	t/p	32	0.30	1.39050	1.39612	1.39050	171.60	7109.69
76	2011.03.23 10:15	sell	33	0.62	1.41753	1.41980	1.41186	0.00	7109.69
77	2011.03.23 11:15	s/l	33	0.62	1.41980	1.41980	1.41186	-140.74	6968.95
78	2011.03.23 11:15	buy	34	0.29	1.41980	1.41740	1.42580	0.00	6968.95
79	2011.03.23 12:16	s/l	34	0.29	1.41740	1.41740	1.42580	-69.60	6899.35
80	2011.03.30 08:15	sell	35	0.81	1.40821	1.40990	1.40399	0.00	6899.35
81	2011.03.30 10:08	s/l	35	0.81	1.40990	1.40990	1.40399	-136.89	6762.46
82	2011.04.05 08:15	sell	36	0.88	1.41931	1.42083	1.41551	0.00	6762.46
83	2011.04.05 08:30	modify	36	0.88	1.41931	1.41921	1.41551	0.00	6762.46
84	2011.04.05 09:18	s/l	36	0.88	1.41921	1.41921	1.41551	8.80	6771.26
85	2011.04.12 08:15	sell	37	2.89	1.43919	1.44083	1.43509	0.00	6771.26
86	2011.04.12 09:10	buy	38	8.67	1.44045	1.43919	1.44083	0.00	6771.26
87	2011.04.12 09:11	s/l	37	2.89	1.44083	1.44083	1.43509	-473.96	6297.30
88	2011.04.12 09:11	t/p	38	8.67	1.44083	1.43919	1.44083	329.46	6626.76
89	2011.08.22 08:30	sell	39	0.85	1.43580	1.43735	1.43193	0.00	6626.76
90	2011.08.22 09:07	s/l	39	0.85	1.43735	1.43735	1.43193	-131.75	6495.01
91	2011.08.24 08:15	buy	40	0.56	1.44161	1.43930	1.44739	0.00	6495.01
92	2011.08.24 10:00	s/l	40	0.56	1.43930	1.43930	1.44739	-129.36	6365.65
93	2011.09.08 10:30	sell	41	0.32	1.40645	1.40843	1.40150	0.00	6365.65
94	2011.09.08 12:49	modify	41	0.32	1.40645	1.40635	1.40150	0.00	6365.65
95	2011.09.08 13:35	t/p	41	0.32	1.40150	1.40635	1.40150	158.40	6524.05
96	2011.12.08 08:15	buy	42	1.30	1.34176	1.34001	1.34614	0.00	6524.05
97	2011.12.08 10:01	sell	43	3.90	1.34042	1.34176	1.34001	0.00	6524.05
98	2011.12.08 10:05	s/l	42	1.30	1.34001	1.34001	1.34614	-227.50	6296.55
99	2011.12.08 10:05	t/p	43	3.90	1.34001	1.34176	1.34001	159.90	6456.45
100	2011.12.19 08:45	sell	44	0.65	1.30068	1.30264	1.29578	0.00	6456.45
101	2011.12.19 09:07	s/l	44	0.65	1.30264	1.30264	1.29578	-127.40	6329.05
102	2011.12.19 09:07	buy	45	0.27	1.30265	1.30035	1.30840	0.00	6329.05
103	2011.12.19 12:26	s/l	45	0.27	1.30035	1.30035	1.30840	-62.10	6266.95
104	2012.03.07 08:00	sell	46	0.80	1.31391	1.31547	1.31001	0.00	6266.95
105	2012.03.07 11:22	s/l	46	0.80	1.31547	1.31547	1.31001	-124.80	6142.15
106	2012.03.07 11:22	buy	47	0.26	1.31547	1.31319	1.32117	0.00	6142.15
107	2012.03.07 12:06	s/l	47	0.26	1.31319	1.31319	1.32117	-59.28	6082.87
108	2012.03.08 09:00	buy	48	0.39	1.31786	1.31631	1.32174	0.00	6082.87
109	2012.03.08 10:31	modify	48	0.39	1.31786	1.31796	1.32174	0.00	6082.87
110	2012.03.08 10:36	t/p	48	0.39	1.32174	1.31796	1.32174	151.32	6234.19
111	2012.03.29 08:15	buy	49	1.05	1.33281	1.33074	1.33799	0.00	6234.19
112	2012.03.29 11:02	sell	50	3.15	1.33124	1.33281	1.33074	0.00	6234.19
113	2012.03.29 11:06	s/l	49	1.05	1.33074	1.33074	1.33799	-217.35	6016.84
114	2012.03.29 11:06	t/p	50	3.15	1.33074	1.33281	1.33074	157.50	6174.34
115	2012.04.03 08:15	buy	51	0.62	1.33466	1.33269	1.33959	0.00	6174.34
116	2012.04.03 13:16	s/l	51	0.62	1.33269	1.33269	1.33959	-122.14	6052.20
117	2012.04.03 13:16	sell	52	0.30	1.33269	1.33470	1.32767	0.00	6052.20
118	2012.04.03 20:04	modify	52	0.30	1.33269	1.33259	1.32767	0.00	6052.20
119	2012.04.03 20:11	t/p	52	0.30	1.32767	1.33259	1.32767	150.60	6202.80
120	2012.04.09 15:15	sell	53	0.62	1.30563	1.30761	1.30068	0.00	6202.80
121	2012.04.09 16:31	s/l	53	0.62	1.30761	1.30761	1.30068	-122.76	6080.04
122	2012.04.09 16:31	buy	54	0.29	1.30761	1.30554	1.31279	0.00	6080.04
123	2012.04.09 18:33	modify	54	0.29	1.30761	1.30771	1.31279	0.00	6080.04
124	2012.04.09 18:59	t/p	54	0.29	1.31279	1.30771	1.31279	150.22	6230.26
125	2012.04.12 10:45	buy	55	0.25	1.31315	1.31066	1.31938	0.00	6230.26
126	2012.04.12 11:09	s/l	55	0.25	1.31066	1.31066	1.31938	-62.25	6168.01
127	2012.04.17 09:15	buy	56	0.55	1.31100	1.30879	1.31653	0.00	6168.01
128	2012.04.17 09:55	modify	56	0.55	1.31100	1.31110	1.31653	0.00	6168.01
129	2012.04.17 11:00	t/p	56	0.55	1.31653	1.31110	1.31653	304.15	6472.16
130	2012.04.18 14:45	sell	57	2.22	1.30804	1.31008	1.30294	0.00	6472.16
131	2012.04.18 15:52	buy	58	6.66	1.30959	1.30804	1.31008	0.00	6472.16
132	2012.04.18 16:35	s/l	57	2.22	1.31008	1.31008	1.30294	-452.88	6019.28
133	2012.04.18 16:35	t/p	58	6.66	1.31008	1.30804	1.31008	326.34	6345.62
134	2012.04.19 11:30	buy	59	0.34	1.31388	1.31203	1.31851	0.00	6345.62
135	2012.04.19 12:23	s/l	59	0.34	1.31203	1.31203	1.31851	-62.90	6282.72
136	2012.04.26 15:30	buy	60	0.28	1.32181	1.31963	1.32726	0.00	6282.72
137	2012.04.26 16:16	modify	60	0.28	1.32181	1.32191	1.32726	0.00	6282.72
138	2012.04.26 23:00	s/l	60	0.28	1.32191	1.32191	1.32726	2.80	6285.52
139	2012.05.10 10:15	sell	61	0.90	1.29446	1.29688	1.28841	0.00	6285.52
140	2012.05.10 14:08	buy	62	2.70	1.29628	1.29446	1.29688	0.00	6285.52
141	2012.05.10 15:12	s/l	61	0.90	1.29688	1.29688	1.28841	-217.80	6067.72
142	2012.05.10 15:12	t/p	62	2.70	1.29688	1.29446	1.29688	162.00	6229.72
143	2012.05.17 08:45	sell	63	0.28	1.27264	1.27480	1.26724	0.00	6229.72
144	2012.05.17 12:19	modify	63	0.28	1.27264	1.27254	1.26724	0.00	6229.72
145	2012.05.17 13:26	t/p	63	0.28	1.26724	1.27254	1.26724	151.20	6380.92
146	2012.05.22 09:15	buy	64	2.90	1.27961	1.27807	1.28346	0.00	6380.92
147	2012.05.22 10:42	sell	65	8.70	1.27844	1.27961	1.27807	0.00	6380.92
148	2012.05.22 10:43	s/l	64	2.90	1.27807	1.27807	1.28346	-446.60	5934.32
149	2012.05.22 10:43	t/p	65	8.70	1.27807	1.27961	1.27807	321.90	6256.22
150	2012.05.29 11:45	sell	66	0.53	1.25401	1.25635	1.24816	0.00	6256.22
151	2012.05.29 17:36	modify	66	0.53	1.25401	1.25391	1.24816	0.00	6256.22
152	2012.05.29 17:45	t/p	66	0.53	1.24816	1.25391	1.24816	310.05	6566.27
153	2012.06.19 08:30	sell	67	2.34	1.25960	1.26156	1.25470	0.00	6566.27
154	2012.06.19 09:06	buy	68	7.02	1.26111	1.25960	1.26156	0.00	6566.27
155	2012.06.19 09:16	s/l	67	2.34	1.26156	1.26156	1.25470	-458.64	6107.63
156	2012.06.19 09:16	t/p	68	7.02	1.26156	1.25960	1.26156	315.90	6423.53
157	2012.06.26 09:00	sell	69	0.55	1.25010	1.25240	1.24435	0.00	6423.53
158	2012.06.26 09:39	s/l	69	0.55	1.25240	1.25240	1.24435	-126.50	6297.03
159	2012.06.27 08:45	sell	70	0.81	1.24880	1.25035	1.24493	0.00	6297.03
160	2012.06.27 15:09	modify	70	0.81	1.24880	1.24870	1.24493	0.00	6297.03
161	2012.06.27 17:18	t/p	70	0.81	1.24493	1.24870	1.24493	313.47	6610.50
162	2012.07.11 10:15	sell	71	2.96	1.22620	1.22776	1.22230	0.00	6610.50
163	2012.07.11 10:40	buy	72	8.88	1.22738	1.22620	1.22776	0.00	6610.50
164	2012.07.11 10:41	s/l	71	2.96	1.22776	1.22776	1.22230	-461.76	6148.74
165	2012.07.11 10:41	t/p	72	8.88	1.22776	1.22620	1.22776	337.44	6486.18
166	2012.07.16 09:30	buy	73	0.71	1.22370	1.22188	1.22825	0.00	6486.18
167	2012.07.16 10:45	s/l	73	0.71	1.22188	1.22188	1.22825	-129.22	6356.96
168	2012.07.16 10:45	sell	74	0.41	1.22188	1.22343	1.21801	0.00	6356.96
169	2012.07.16 11:15	modify	74	0.41	1.22188	1.22178	1.21801	0.00	6356.96
170	2012.07.16 14:06	t/p	74	0.41	1.21801	1.22178	1.21801	158.67	6515.63
171	2012.07.18 09:15	buy	75	0.80	1.22915	1.22754	1.23318	0.00	6515.63
172	2012.07.18 10:09	s/l	75	0.80	1.22754	1.22754	1.23318	-128.80	6386.83
173	2012.07.18 10:09	sell	76	0.30	1.22753	1.22960	1.22236	0.00	6386.83
174	2012.07.18 11:40	modify	76	0.30	1.22753	1.22743	1.22236	0.00	6386.83
175	2012.07.18 13:02	t/p	76	0.30	1.22236	1.22743	1.22236	155.10	6541.93
176	2012.07.31 09:45	buy	77	0.65	1.22778	1.22579	1.23276	0.00	6541.93
177	2012.07.31 10:05	s/l	77	0.65	1.22579	1.22579	1.23276	-129.35	6412.58
178	2012.07.31 11:00	sell	78	0.62	1.22571	1.22777	1.22056	0.00	6412.58
179	2012.07.31 11:56	s/l	78	0.62	1.22777	1.22777	1.22056	-127.72	6284.86
180	2012.08.08 11:30	sell	79	0.56	1.23711	1.23933	1.23156	0.00	6284.86
181	2012.08.08 14:13	modify	79	0.56	1.23711	1.23701	1.23156	0.00	6284.86
182	2012.08.08 17:12	s/l	79	0.56	1.23701	1.23701	1.23156	5.60	6290.46
183	2012.08.09 09:15	sell	80	0.89	1.23620	1.23866	1.23005	0.00	6290.46
184	2012.08.09 12:03	modify	80	0.89	1.23620	1.23610	1.23005	0.00	6290.46
185	2012.08.09 13:24	t/p	80	0.89	1.23005	1.23610	1.23005	547.35	6837.81
186	2012.08.13 09:45	sell	81	1.45	1.22776	1.22964	1.22306	0.00	6837.81
187	2012.08.13 10:34	buy	82	4.35	1.22919	1.22776	1.22964	0.00	6837.81
188	2012.08.13 11:00	s/l	81	1.45	1.22964	1.22964	1.22306	-272.60	6565.21
189	2012.08.13 11:00	t/p	82	4.35	1.22964	1.22776	1.22964	195.75	6760.96
190	2012.08.15 11:45	sell	83	0.80	1.23236	1.23403	1.22819	0.00	6760.96
191	2012.08.15 12:09	modify	83	0.80	1.23236	1.23226	1.22819	0.00	6760.96
192	2012.08.15 12:20	t/p	83	0.80	1.22819	1.23226	1.22819	333.60	7094.56
193	2012.08.20 08:15	buy	84	2.35	1.23483	1.23272	1.24011	0.00	7094.56
194	2012.08.20 12:01	sell	85	7.05	1.23324	1.23483	1.23272	0.00	7094.56
195	2012.08.20 12:02	s/l	84	2.35	1.23272	1.23272	1.24011	-495.85	6598.71
196	2012.08.20 12:02	t/p	85	7.05	1.23272	1.23483	1.23272	366.60	6965.31
197	2012.08.28 08:15	sell	86	0.85	1.24795	1.24957	1.24390	0.00	6965.31
198	2012.08.28 09:49	s/l	86	0.85	1.24957	1.24957	1.24390	-137.70	6827.61
199	2012.08.28 09:49	buy	87	0.32	1.24957	1.24746	1.25485	0.00	6827.61
200	2012.08.28 10:46	modify	87	0.32	1.24957	1.24967	1.25485	0.00	6827.61
201	2012.08.28 11:25	t/p	87	0.32	1.25485	1.24967	1.25485	168.96	6996.57
202	2012.09.03 09:15	buy	88	0.73	1.25800	1.25609	1.26278	0.00	6996.57
203	2012.09.03 17:16	modify	88	0.73	1.25800	1.25810	1.26278	0.00	6996.57
204	2012.09.04 01:07	s/l	88	0.73	1.25810	1.25810	1.26278	1.21	6997.78
205	2012.10.02 08:30	buy	89	3.00	1.29130	1.28967	1.29538	0.00	6997.78
206	2012.10.02 08:38	sell	90	9.00	1.29007	1.29130	1.28967	0.00	6997.78
207	2012.10.02 08:58	s/l	89	3.00	1.28967	1.28967	1.29538	-489.00	6508.78
208	2012.10.02 08:58	t/p	90	9.00	1.28967	1.29130	1.28967	360.00	6868.78
209	2012.10.03 08:15	sell	91	0.71	1.28867	1.29059	1.28387	0.00	6868.78
210	2012.10.03 09:41	s/l	91	0.71	1.29059	1.29059	1.28387	-136.32	6732.46
211	2012.10.11 08:00	sell	92	0.32	1.28581	1.28788	1.28064	0.00	6732.46
212	2012.10.11 10:10	s/l	92	0.32	1.28788	1.28788	1.28064	-66.24	6666.22
213	2012.10.15 08:15	sell	93	0.79	1.29007	1.29174	1.28590	0.00	6666.22
214	2012.10.15 08:51	s/l	93	0.79	1.29174	1.29174	1.28590	-131.93	6534.29
215	2012.10.15 08:51	buy	94	0.27	1.29174	1.28939	1.29762	0.00	6534.29
216	2012.10.15 09:47	modify	94	0.27	1.29174	1.29184	1.29762	0.00	6534.29
217	2012.10.15 13:05	t/p	94	0.27	1.29762	1.29184	1.29762	158.76	6693.05
218	2012.10.18 10:45	buy	95	0.32	1.31033	1.30827	1.31548	0.00	6693.05
219	2012.10.18 16:17	s/l	95	0.32	1.30827	1.30827	1.31548	-65.92	6627.13
220	2012.10.22 09:15	sell	96	0.59	1.30396	1.30619	1.29839	0.00	6627.13
221	2012.10.22 12:13	s/l	96	0.59	1.30619	1.30619	1.29839	-131.57	6495.56
222	2012.10.22 12:13	buy	97	0.42	1.30619	1.30466	1.31002	0.00	6495.56
223	2012.10.22 15:15	s/l	97	0.42	1.30466	1.30466	1.31002	-64.26	6431.30
224	2012.10.25 11:30	buy	98	0.34	1.30147	1.29960	1.30615	0.00	6431.30
225	2012.10.25 12:50	s/l	98	0.34	1.29960	1.29960	1.30615	-63.58	6367.72
226	2012.10.25 12:50	sell	99	0.16	1.29960	1.30154	1.29475	0.00	6367.72
227	2012.10.25 15:55	modify	99	0.16	1.29960	1.29950	1.29475	0.00	6367.72
228	2012.10.25 17:25	t/p	99	0.16	1.29475	1.29950	1.29475	77.60	6445.32
229	2012.11.01 08:15	sell	100	0.33	1.29467	1.29662	1.28980	0.00	6445.32
230	2012.11.01 13:32	s/l	100	0.33	1.29662	1.29662	1.28980	-64.35	6380.97
231	2012.11.01 13:32	buy	101	0.25	1.29663	1.29536	1.29981	0.00	6380.97
232	2012.11.01 16:12	s/l	101	0.25	1.29536	1.29536	1.29981	-31.75	6349.22
233	2012.11.06 16:15	sell	102	0.81	1.27995	1.28151	1.27605	0.00	6349.22
234	2012.11.06 17:37	s/l	102	0.81	1.28151	1.28151	1.27605	-126.36	6222.86
235	2012.11.06 17:37	buy	103	0.34	1.28151	1.27973	1.28596	0.00	6222.86
236	2012.11.07 01:37	s/l	103	0.34	1.27973	1.27973	1.28596	-63.36	6159.50
237	2012.11.14 08:45	buy	104	0.65	1.27217	1.27029	1.27687	0.00	6159.50
238	2012.11.14 10:52	modify	104	0.65	1.27217	1.27227	1.27687	0.00	6159.50
239	2012.11.14 20:00	t/p	104	0.65	1.27687	1.27227	1.27687	305.50	6465.00
240	2012.11.28 10:30	sell	105	2.15	1.29182	1.29392	1.28657	0.00	6465.00
241	2012.11.28 14:19	modify	105	2.15	1.29182	1.29172	1.28657	0.00	6465.00
242	2012.11.28 16:36	s/l	105	2.15	1.29172	1.29172	1.28657	21.50	6486.50
243	2012.11.29 09:00	buy	106	0.57	1.29636	1.29409	1.30204	0.00	6486.50
244	2012.11.29 13:47	modify	106	0.57	1.29636	1.29646	1.30204	0.00	6486.50
245	2012.11.29 17:41	s/l	106	0.57	1.29646	1.29646	1.30204	5.70	6492.20
246	2012.12.11 10:30	buy	107	1.17	1.29587	1.29366	1.30140	0.00	6492.20
247	2012.12.11 12:50	modify	107	1.17	1.29587	1.29597	1.30140	0.00	6492.20
248	2012.12.11 19:41	t/p	107	1.17	1.30140	1.29597	1.30140	647.01	7139.21
249	2013.01.09 10:30	sell	108	1.61	1.30796	1.30973	1.30354	0.00	7139.21
250	2013.01.09 12:42	modify	108	1.61	1.30796	1.30786	1.30354	0.00	7139.21
251	2013.01.09 17:56	s/l	108	1.61	1.30786	1.30786	1.30354	16.10	7155.31
252	2013.01.17 08:45	sell	109	0.65	1.32862	1.33081	1.32315	0.00	7155.31
253	2013.01.17 09:01	buy	110	1.95	1.33027	1.32862	1.33081	0.00	7155.31
254	2013.01.17 09:03	s/l	109	0.65	1.33081	1.33081	1.32315	-142.35	7012.96
255	2013.01.17 09:08	t/p	110	1.95	1.33081	1.32862	1.33081	105.30	7118.26
256	2013.01.21 08:45	sell	111	0.89	1.33176	1.33335	1.32779	0.00	7118.26
257	2013.01.22 05:00	s/l	111	0.89	1.33335	1.33335	1.32779	-139.25	6979.01
258	2013.01.29 09:45	buy	112	0.62	1.34542	1.34319	1.35100	0.00	6979.01
259	2013.01.29 11:46	s/l	112	0.62	1.34319	1.34319	1.35100	-138.26	6840.75
260	2013.02.12 08:45	sell	113	0.62	1.33733	1.33953	1.33183	0.00	6840.75
261	2013.02.12 10:01	s/l	113	0.62	1.33953	1.33953	1.33183	-136.40	6704.35
262	2013.02.18 08:15	sell	114	0.73	1.33366	1.33549	1.32909	0.00	6704.35
263	2013.02.18 10:22	s/l	114	0.73	1.33549	1.33549	1.32909	-133.59	6570.76
264	2013.02.19 11:00	sell	115	0.75	1.33427	1.33600	1.32995	0.00	6570.76
265	2013.02.19 11:00	s/l	115	0.75	1.33600	1.33600	1.32995	-129.75	6441.01
266	2013.02.19 11:00	buy	116	0.34	1.33600	1.33411	1.34073	0.00	6441.01
267	2013.02.19 11:19	s/l	116	0.34	1.33411	1.33411	1.34073	-64.26	6376.75
268	2013.03.05 09:00	buy	117	0.55	1.30469	1.30240	1.31042	0.00	6376.75
269	2013.03.05 11:44	s/l	117	0.55	1.30240	1.30240	1.31042	-125.95	6250.80
270	2013.03.11 09:30	sell	118	0.77	1.30037	1.30199	1.29632	0.00	6250.80
271	2013.03.11 18:03	s/l	118	0.77	1.30199	1.30199	1.29632	-124.74	6126.06
272	2013.03.11 18:03	buy	119	0.40	1.30200	1.30050	1.30575	0.00	6126.06
273	2013.03.11 19:57	modify	119	0.40	1.30200	1.30210	1.30575	0.00	6126.06
274	2013.03.12 07:14	s/l	119	0.40	1.30210	1.30210	1.30575	0.66	6126.72
275	2013.03.19 08:30	sell	120	0.59	1.29425	1.29630	1.28913	0.00	6126.72
276	2013.03.19 16:37	modify	120	0.59	1.29425	1.29415	1.28913	0.00	6126.72
277	2013.03.19 16:57	t/p	120	0.59	1.28913	1.29415	1.28913	302.08	6428.80
278	2013.03.28 09:45	sell	121	1.09	1.27897	1.28103	1.27382	0.00	6428.80
279	2013.03.28 09:58	modify	121	1.09	1.27897	1.27887	1.27382	0.00	6428.80
280	2013.03.28 11:18	s/l	121	1.09	1.27887	1.27887	1.27382	10.90	6439.70
281	2013.04.03 14:00	buy	122	1.12	1.28289	1.28061	1.28859	0.00	6439.70
282	2013.04.03 16:15	modify	122	1.12	1.28289	1.28299	1.28859	0.00	6439.70
283	2013.04.04 07:05	s/l	122	1.12	1.28299	1.28299	1.28859	-16.84	6422.86
284	2013.04.15 10:00	sell	123	0.62	1.30742	1.30946	1.30232	0.00	6422.86
285	2013.04.15 14:18	s/l	123	0.62	1.30946	1.30946	1.30232	-126.48	6296.38
286	2013.04.15 14:18	buy	124	0.26	1.30950	1.30710	1.31550	0.00	6296.38
287	2013.04.15 18:39	s/l	124	0.26	1.30710	1.30710	1.31550	-62.40	6233.98
288	2013.04.22 08:15	sell	125	0.74	1.30575	1.30743	1.30155	0.00	6233.98
289	2013.04.22 09:04	s/l	125	0.74	1.30743	1.30743	1.30155	-124.32	6109.66
290	2013.04.22 09:30	sell	126	0.55	1.30554	1.30774	1.30004	0.00	6109.66
291	2013.04.22 14:54	modify	126	0.55	1.30554	1.30544	1.30004	0.00	6109.66
292	2013.04.22 18:40	s/l	126	0.55	1.30544	1.30544	1.30004	5.50	6115.16
293	2013.04.24 14:30	sell	127	2.00	1.29957	1.30170	1.29425	0.00	6115.16
294	2013.04.24 16:28	buy	128	6.00	1.30119	1.29957	1.30170	0.00	6115.16
295	2013.04.24 16:35	s/l	128	6.00	1.29957	1.29957	1.30170	-972.00	5143.16
296	2013.04.24 19:05	buy	129	6.00	1.30121	1.29957	1.30170	0.00	5143.16
297	2013.04.24 19:05	s/l	127	2.00	1.30170	1.30170	1.29425	-426.00	4717.16
298	2013.04.24 19:05	t/p	129	6.00	1.30170	1.29957	1.30170	294.00	5011.16
299	2013.04.25 10:15	buy	130	0.28	1.30423	1.30246	1.30866	0.00	5011.16
300	2013.04.25 11:00	modify	130	0.28	1.30423	1.30433	1.30866	0.00	5011.16
301	2013.04.25 14:15	t/p	130	0.28	1.30866	1.30433	1.30866	124.04	5135.20
302	2013.04.29 08:15	buy	131	2.10	1.30577	1.30406	1.31005	0.00	5135.20
303	2013.04.29 09:24	modify	131	2.10	1.30577	1.30587	1.31005	0.00	5135.20
304	2013.04.29 14:03	t/p	131	2.10	1.31005	1.30587	1.31005	898.80	6034.00
305	2013.04.30 15:15	buy	132	1.18	1.30853	1.30649	1.31363	0.00	6034.00
306	2013.04.30 15:35	modify	132	1.18	1.30853	1.30863	1.31363	0.00	6034.00
307	2013.04.30 15:40	t/p	132	1.18	1.31363	1.30863	1.31363	601.80	6635.80
308	2013.05.02 10:15	buy	133	0.67	1.31676	1.31478	1.32171	0.00	6635.80
309	2013.05.02 13:44	sell	134	2.01	1.31524	1.31676	1.31478	0.00	6635.80
310	2013.05.02 13:45	s/l	133	0.67	1.31478	1.31478	1.32171	-132.66	6503.14
311	2013.05.02 13:45	t/p	134	2.01	1.31478	1.31676	1.31478	92.46	6595.60
312	2013.05.06 10:45	sell	135	0.86	1.31067	1.31220	1.30685	0.00	6595.60
313	2013.05.06 16:24	modify	135	0.86	1.31067	1.31057	1.30685	0.00	6595.60
314	2013.05.06 16:26	t/p	135	0.86	1.30685	1.31057	1.30685	328.52	6924.12
315	2013.05.14 09:15	buy	136	3.02	1.30125	1.29965	1.30525	0.00	6924.12
316	2013.05.14 09:30	sell	137	9.06	1.30001	1.30125	1.29965	0.00	6924.12
317	2013.05.14 09:30	s/l	136	3.02	1.29965	1.29965	1.30525	-483.20	6440.92
318	2013.05.14 09:30	t/p	137	9.06	1.29965	1.30125	1.29965	326.16	6767.08
319	2013.05.14 11:00	sell	138	0.79	1.29949	1.30120	1.29522	0.00	6767.08
320	2013.05.14 11:10	s/l	138	0.79	1.30120	1.30120	1.29522	-135.09	6631.99
321	2013.05.21 11:30	buy	139	0.56	1.28856	1.28622	1.29441	0.00	6631.99
322	2013.05.21 12:23	s/l	139	0.56	1.28622	1.28622	1.29441	-131.04	6500.95
323	2013.05.21 16:00	sell	140	0.86	1.28596	1.28746	1.28221	0.00	6500.95
324	2013.05.21 17:11	s/l	140	0.86	1.28746	1.28746	1.28221	-129.00	6371.95
325	2013.05.22 09:00	buy	141	0.83	1.29166	1.29013	1.29549	0.00	6371.95
326	2013.05.22 09:45	modify	141	0.83	1.29166	1.29176	1.29549	0.00	6371.95
327	2013.05.22 14:21	s/l	141	0.83	1.29176	1.29176	1.29549	8.30	6380.25
328	2013.05.28 11:15	sell	142	2.67	1.28973	1.29140	1.28556	0.00	6380.25
329	2013.05.28 11:26	buy	143	8.01	1.29099	1.28973	1.29140	0.00	6380.25
330	2013.05.28 11:26	s/l	142	2.67	1.29140	1.29140	1.28556	-445.89	5934.36
331	2013.05.28 11:26	t/p	143	8.01	1.29140	1.28973	1.29140	328.41	6262.77
332	2013.06.12 15:45	buy	144	0.63	1.32857	1.32659	1.33352	0.00	6262.77
333	2013.06.12 17:00	modify	144	0.63	1.32857	1.32867	1.33352	0.00	6262.77
334	2013.06.12 17:47	t/p	144	0.63	1.33352	1.32867	1.33352	311.85	6574.62
335	2013.06.25 10:15	sell	145	2.38	1.31269	1.31462	1.30787	0.00	6574.62
336	2013.06.25 13:59	buy	146	7.14	1.31415	1.31269	1.31462	0.00	6574.62
337	2013.06.25 14:16	s/l	146	7.14	1.31269	1.31269	1.31462	-1042.44	5532.18
338	2013.06.25 14:35	modify	145	2.38	1.31269	1.31259	1.30787	0.00	5532.18
339	2013.06.25 16:00	t/p	145	2.38	1.30787	1.31259	1.30787	1147.16	6679.34
340	2013.07.04 09:15	sell	147	0.67	1.29863	1.30062	1.29366	0.00	6679.34
341	2013.07.04 10:35	buy	148	2.01	1.30013	1.29863	1.30062	0.00	6679.34
342	2013.07.04 11:56	s/l	147	0.67	1.30062	1.30062	1.29366	-133.33	6546.01
343	2013.07.04 11:56	t/p	148	2.01	1.30062	1.29863	1.30062	98.49	6644.50
344	2013.07.10 14:15	sell	149	0.76	1.28125	1.28298	1.27693	0.00	6644.50
345	2013.07.10 15:58	s/l	149	0.76	1.28298	1.28298	1.27693	-131.48	6513.02
346	2013.07.10 15:58	buy	150	0.35	1.28299	1.28117	1.28754	0.00	6513.02
347	2013.07.10 16:59	modify	150	0.35	1.28299	1.28309	1.28754	0.00	6513.02
348	2013.07.10 20:01	t/p	150	0.35	1.28754	1.28309	1.28754	159.25	6672.27
349	2013.07.23 16:15	buy	151	0.86	1.31936	1.31781	1.32324	0.00	6672.27
350	2013.07.23 16:41	modify	151	0.86	1.31936	1.31946	1.32324	0.00	6672.27
351	2013.07.23 20:51	t/p	151	0.86	1.32324	1.31946	1.32324	333.68	7005.95
352	2013.08.13 09:30	sell	152	2.09	1.32899	1.33133	1.32314	0.00	7005.95
353	2013.08.13 11:00	buy	153	6.27	1.33077	1.32899	1.33133	0.00	7005.95
354	2013.08.13 11:15	s/l	152	2.09	1.33133	1.33133	1.32314	-489.06	6516.89
355	2013.08.13 11:15	t/p	153	6.27	1.33133	1.32899	1.33133	351.12	6868.01
356	2013.08.14 11:15	sell	154	0.66	1.32524	1.32730	1.32009	0.00	6868.01
357	2013.08.15 04:09	s/l	154	0.66	1.32730	1.32730	1.32009	-130.94	6737.07
358	2013.08.15 04:09	buy	155	0.22	1.32731	1.32579	1.33111	0.00	6737.07
359	2013.08.15 04:16	modify	155	0.22	1.32731	1.32741	1.33111	0.00	6737.07
360	2013.08.15 14:30	s/l	155	0.22	1.32741	1.32741	1.33111	2.20	6739.27
361	2013.08.22 16:30	sell	156	0.32	1.33300	1.33506	1.32785	0.00	6739.27
362	2013.08.22 17:06	s/l	156	0.32	1.33506	1.33506	1.32785	-65.92	6673.35
363	2013.08.28 11:30	buy	157	0.80	1.33763	1.33597	1.34178	0.00	6673.35
364	2013.08.28 12:33	s/l	157	0.80	1.33597	1.33597	1.34178	-132.80	6540.55
365	2013.08.28 12:33	sell	158	0.36	1.33596	1.33777	1.33144	0.00	6540.55
366	2013.08.28 15:35	modify	158	0.36	1.33596	1.33586	1.33144	0.00	6540.55
367	2013.08.28 15:45	t/p	158	0.36	1.33144	1.33586	1.33144	162.72	6703.27
368	2013.09.02 10:00	sell	159	0.76	1.32101	1.32276	1.31664	0.00	6703.27
369	2013.09.03 07:19	modify	159	0.76	1.32101	1.32091	1.31664	0.00	6703.27
370	2013.09.03 08:30	t/p	159	0.76	1.31664	1.32091	1.31664	334.05	7037.32
371	2013.09.11 10:15	buy	160	3.09	1.32661	1.32502	1.33059	0.00	7037.32
372	2013.09.11 12:53	sell	161	9.27	1.32541	1.32661	1.32502	0.00	7037.32
373	2013.09.11 14:04	s/l	161	9.27	1.32661	1.32661	1.32502	-1112.40	5924.92
374	2013.09.11 15:53	modify	160	3.09	1.32661	1.32671	1.33059	0.00	5924.92
375	2013.09.11 17:02	t/p	160	3.09	1.33059	1.32671	1.33059	1229.82	7154.74
376	2013.09.23 14:30	buy	162	1.56	1.35152	1.34969	1.35610	0.00	7154.74
377	2013.09.23 15:16	sell	163	4.68	1.35010	1.35152	1.34969	0.00	7154.74
378	2013.09.23 15:17	s/l	162	1.56	1.34969	1.34969	1.35610	-285.48	6869.26
379	2013.09.23 15:17	t/p	163	4.68	1.34969	1.35152	1.34969	191.88	7061.14
380	2013.09.26 15:30	sell	164	0.46	1.34922	1.35073	1.34545	0.00	7061.14
381	2013.09.26 16:00	s/l	164	0.46	1.35073	1.35073	1.34545	-69.46	6991.68
382	2013.09.26 16:00	buy	165	0.19	1.35074	1.34892	1.35529	0.00	6991.68
383	2013.09.26 16:12	s/l	165	0.19	1.34892	1.34892	1.35529	-34.58	6957.10
384	2013.10.07 14:00	sell	166	0.82	1.35668	1.35836	1.35248	0.00	6957.10
385	2013.10.07 17:17	s/l	166	0.82	1.35836	1.35836	1.35248	-137.76	6819.34
386	2013.10.08 15:45	buy	167	0.59	1.35953	1.35724	1.36526	0.00	6819.34
387	2013.10.08 18:46	s/l	167	0.59	1.35724	1.35724	1.36526	-135.11	6684.23
388	2013.10.08 18:46	sell	168	0.65	1.35724	1.35826	1.35469	0.00	6684.23
389	2013.10.09 00:49	s/l	168	0.65	1.35826	1.35826	1.35469	-64.65	6619.58
390	2013.10.23 15:00	buy	169	0.83	1.37630	1.37472	1.38025	0.00	6619.58
391	2013.10.23 15:48	modify	169	0.83	1.37630	1.37640	1.38025	0.00	6619.58
392	2013.10.23 16:12	s/l	169	0.83	1.37640	1.37640	1.38025	8.30	6627.88
393	2013.11.06 08:45	buy	170	2.56	1.35089	1.34908	1.35542	0.00	6627.88
394	2013.11.06 09:03	sell	171	7.68	1.34952	1.35089	1.34908	0.00	6627.88
395	2013.11.06 09:26	s/l	170	2.56	1.34908	1.34908	1.35542	-463.36	6164.52
396	2013.11.06 09:26	t/p	171	7.68	1.34908	1.35089	1.34908	337.92	6502.44
397	2013.11.12 09:45	sell	172	0.62	1.33736	1.33944	1.33216	0.00	6502.44
398	2013.11.12 11:53	s/l	172	0.62	1.33944	1.33944	1.33216	-128.96	6373.48
399	2013.11.12 11:53	buy	173	0.29	1.33944	1.33727	1.34487	0.00	6373.48
400	2013.11.12 14:06	modify	173	0.29	1.33944	1.33954	1.34487	0.00	6373.48
401	2013.11.12 15:53	t/p	173	0.29	1.34487	1.33954	1.34487	157.47	6530.95
402	2013.11.14 09:15	buy	174	0.37	1.34685	1.34509	1.35125	0.00	6530.95
403	2013.11.14 10:37	s/l	174	0.37	1.34509	1.34509	1.35125	-65.12	6465.83
404	2013.11.14 10:37	sell	175	0.19	1.34509	1.34675	1.34094	0.00	6465.83
405	2013.11.14 12:12	modify	175	0.19	1.34509	1.34499	1.34094	0.00	6465.83
406	2013.11.14 14:30	s/l	175	0.19	1.34499	1.34499	1.34094	1.90	6467.73
407	2013.11.19 10:00	buy	176	0.64	1.35196	1.34995	1.35699	0.00	6467.73
408	2013.11.19 11:06	s/l	176	0.64	1.34995	1.34995	1.35699	-128.64	6339.09
409	2013.11.19 11:06	sell	177	0.26	1.34994	1.35229	1.34407	0.00	6339.09
410	2013.11.19 15:50	s/l	177	0.26	1.35229	1.35229	1.34407	-61.10	6277.99
411	2013.11.20 15:30	buy	178	0.82	1.35377	1.35225	1.35757	0.00	6277.99
412	2013.11.20 16:20	s/l	178	0.82	1.35225	1.35225	1.35757	-124.64	6153.35
413	2013.12.02 08:45	buy	179	0.67	1.36124	1.35941	1.36582	0.00	6153.35
414	2013.12.02 09:32	s/l	179	0.67	1.35941	1.35941	1.36582	-122.61	6030.74
415	2013.12.02 09:32	sell	180	0.27	1.35941	1.36157	1.35401	0.00	6030.74
416	2013.12.02 10:26	modify	180	0.27	1.35941	1.35931	1.35401	0.00	6030.74
417	2013.12.02 12:19	t/p	180	0.27	1.35401	1.35931	1.35401	145.80	6176.54
418	2013.12.11 10:00	buy	181	0.51	1.37631	1.37392	1.38229	0.00	6176.54
419	2013.12.11 16:49	modify	181	0.51	1.37631	1.37641	1.38229	0.00	6176.54
420	2013.12.12 10:50	s/l	181	0.51	1.37641	1.37641	1.38229	-7.67	6168.87
421	2013.12.12 16:00	buy	182	0.29	1.37754	1.37544	1.38279	0.00	6168.87
422	2013.12.12 16:04	s/l	182	0.29	1.37544	1.37544	1.38279	-60.90	6107.97
423	2013.12.16 10:30	buy	183	0.49	1.37724	1.37477	1.38342	0.00	6107.97
424	2013.12.16 18:21	s/l	183	0.49	1.37477	1.37477	1.38342	-121.03	5986.94
425	2013.12.16 18:21	sell	184	0.29	1.37477	1.37681	1.36967	0.00	5986.94
426	2013.12.17 04:16	s/l	184	0.29	1.37681	1.37681	1.36967	-58.42	5928.52
427	2013.12.26 16:45	buy	185	0.35	1.36977	1.36809	1.37397	0.00	5928.52
428	2013.12.27 03:51	modify	185	0.35	1.36977	1.36987	1.37397	0.00	5928.52
429	2013.12.27 04:10	t/p	185	0.35	1.37397	1.36987	1.37397	144.08	6072.60
430	2013.12.31 15:30	sell	186	1.88	1.37694	1.37920	1.37129	0.00	6072.60
431	2013.12.31 16:40	buy	187	5.64	1.37867	1.37694	1.37920	0.00	6072.60
432	2013.12.31 17:04	s/l	187	5.64	1.37694	1.37694	1.37920	-975.72	5096.88
433	2014.01.02 08:42	modify	186	1.88	1.37694	1.37684	1.37129	0.00	5096.88
434	2014.01.02 12:01	t/p	186	1.88	1.37129	1.37684	1.37129	1081.27	6178.15
435	2014.01.14 11:45	buy	188	1.22	1.36802	1.36601	1.37305	0.00	6178.15
436	2014.01.14 14:30	sell	189	3.66	1.36647	1.36802	1.36601	0.00	6178.15
437	2014.01.14 14:30	s/l	188	1.22	1.36601	1.36601	1.37305	-245.22	5932.93
438	2014.01.14 14:30	t/p	189	3.66	1.36601	1.36802	1.36601	168.36	6101.29
439	2014.01.14 15:30	buy	190	0.74	1.36736	1.36573	1.37144	0.00	6101.29
440	2014.01.15 02:34	s/l	190	0.74	1.36573	1.36573	1.37144	-126.79	5974.49
441	2014.01.15 02:34	sell	191	0.33	1.36573	1.36749	1.36133	0.00	5974.49
442	2014.01.15 04:19	modify	191	0.33	1.36573	1.36563	1.36133	0.00	5974.49
443	2014.01.15 10:02	t/p	191	0.33	1.36133	1.36563	1.36133	145.20	6119.69
444	2014.01.16 08:30	sell	192	0.29	1.36069	1.36275	1.35554	0.00	6119.69
445	2014.01.16 10:33	s/l	192	0.29	1.36275	1.36275	1.35554	-59.74	6059.95
446	2014.01.21 09:00	sell	193	0.67	1.35465	1.35645	1.35015	0.00	6059.95
447	2014.01.21 12:59	modify	193	0.67	1.35465	1.35455	1.35015	0.00	6059.95
448	2014.01.21 16:59	s/l	193	0.67	1.35455	1.35455	1.35015	6.70	6066.65
449	2014.01.22 09:00	sell	194	1.83	1.35444	1.35676	1.34864	0.00	6066.65
450	2014.01.22 13:43	buy	195	5.49	1.35622	1.35444	1.35676	0.00	6066.65
451	2014.01.22 13:43	s/l	194	1.83	1.35676	1.35676	1.34864	-424.56	5642.09
452	2014.01.22 13:43	t/p	195	5.49	1.35676	1.35444	1.35676	296.46	5938.55
453	2014.01.28 16:45	sell	196	0.65	1.36570	1.36750	1.36120	0.00	5938.55
454	2014.01.29 09:30	s/l	196	0.65	1.36750	1.36750	1.36120	-115.35	5823.20
455	2014.01.29 09:30	buy	197	0.33	1.36750	1.36577	1.37183	0.00	5823.20
456	2014.01.29 13:06	s/l	197	0.33	1.36577	1.36577	1.37183	-57.09	5766.11
457	2014.02.04 15:15	sell	198	0.60	1.35118	1.35310	1.34638	0.00	5766.11
458	2014.02.05 14:00	s/l	198	0.60	1.35310	1.35310	1.34638	-113.68	5652.43
459	2014.02.05 14:00	buy	199	0.25	1.35312	1.35086	1.35877	0.00	5652.43
460	2014.02.05 16:02	s/l	199	0.25	1.35086	1.35086	1.35877	-56.50	5595.93
461	2014.02.17 10:15	buy	200	0.57	1.37136	1.36940	1.37626	0.00	5595.93
462	2014.02.17 14:24	s/l	200	0.57	1.36940	1.36940	1.37626	-111.72	5484.21
463	2014.02.17 14:24	sell	201	0.48	1.36939	1.37053	1.36654	0.00	5484.21
464	2014.02.17 16:00	s/l	201	0.48	1.37053	1.37053	1.36654	-54.72	5429.49
465	2014.02.18 11:45	buy	202	0.47	1.37278	1.37050	1.37848	0.00	5429.49
466	2014.02.18 15:11	modify	202	0.47	1.37278	1.37288	1.37848	0.00	5429.49
467	2014.02.19 20:20	s/l	202	0.47	1.37288	1.37288	1.37848	0.78	5430.27
468	2014.03.17 10:00	buy	203	1.72	1.39046	1.38826	1.39596	0.00	5430.27
469	2014.03.17 11:13	sell	204	5.16	1.38879	1.39046	1.38826	0.00	5430.27
470	2014.03.17 13:38	s/l	204	5.16	1.39046	1.39046	1.38826	-861.72	4568.55
471	2014.03.17 14:48	modify	203	1.72	1.39046	1.39056	1.39596	0.00	4568.55
472	2014.03.18 10:15	s/l	203	1.72	1.39056	1.39056	1.39596	2.85	4571.40
473	2014.03.24 15:15	sell	205	0.98	1.37678	1.37863	1.37216	0.00	4571.40
474	2014.03.24 15:38	buy	206	2.94	1.37817	1.37678	1.37863	0.00	4571.40
475	2014.03.24 16:55	s/l	205	0.98	1.37863	1.37863	1.37216	-181.30	4390.10
476	2014.03.24 16:55	t/p	206	2.94	1.37863	1.37678	1.37863	135.24	4525.34
477	2014.03.25 16:30	sell	207	0.43	1.37853	1.38062	1.37331	0.00	4525.34
478	2014.03.25 17:15	modify	207	0.43	1.37853	1.37843	1.37331	0.00	4525.34
479	2014.03.25 17:30	s/l	207	0.43	1.37843	1.37843	1.37331	4.30	4529.64
480	2014.03.27 08:30	sell	208	0.91	1.37720	1.37894	1.37285	0.00	4529.64
481	2014.03.27 11:04	modify	208	0.91	1.37720	1.37710	1.37285	0.00	4529.64
482	2014.03.27 12:55	s/l	208	0.91	1.37710	1.37710	1.37285	9.10	4538.74
483	2014.03.27 15:30	sell	209	0.60	1.37613	1.37764	1.37236	0.00	4538.74
484	2014.03.27 15:34	buy	210	1.80	1.37727	1.37613	1.37764	0.00	4538.74
485	2014.03.27 15:55	s/l	210	1.80	1.37613	1.37613	1.37764	-205.20	4333.54
486	2014.03.27 16:59	modify	209	0.60	1.37613	1.37603	1.37236	0.00	4333.54
487	2014.03.28 09:01	t/p	209	0.60	1.37236	1.37603	1.37236	227.72	4561.26
488	2014.04.02 15:30	sell	211	1.04	1.37764	1.37939	1.37327	0.00	4561.26
489	2014.04.03 13:17	modify	211	1.04	1.37764	1.37754	1.37327	0.00	4561.26
490	2014.04.03 13:45	s/l	211	1.04	1.37754	1.37754	1.37327	18.31	4579.57
491	2014.04.14 10:15	sell	212	1.21	1.38483	1.38634	1.38106	0.00	4579.57
492	2014.04.14 10:49	modify	212	1.21	1.38483	1.38473	1.38106	0.00	4579.57
493	2014.04.14 14:35	t/p	212	1.21	1.38106	1.38473	1.38106	456.17	5035.74
494	2014.05.14 11:45	sell	213	1.29	1.37124	1.37279	1.36737	0.00	5035.74
495	2014.05.14 12:22	buy	214	3.87	1.37241	1.37124	1.37279	0.00	5035.74
496	2014.05.14 12:44	s/l	214	3.87	1.37124	1.37124	1.37279	-452.79	4582.95
497	2014.05.15 09:10	modify	213	1.29	1.37124	1.37114	1.36737	0.00	4582.95
498	2014.05.15 09:53	t/p	213	1.29	1.36737	1.37114	1.36737	509.04	5092.00
499	2014.05.20 16:45	sell	215	1.35	1.36912	1.37062	1.36537	0.00	5092.00
500	2014.05.20 18:04	buy	216	4.05	1.37025	1.36912	1.37062	0.00	5092.00
501	2014.05.20 18:35	s/l	216	4.05	1.36912	1.36912	1.37062	-457.65	4634.35
502	2014.05.21 01:51	buy	217	4.05	1.37026	1.36912	1.37062	0.00	4634.35
503	2014.05.21 02:38	s/l	215	1.35	1.37062	1.37062	1.36537	-199.08	4435.27
504	2014.05.21 02:38	t/p	217	4.05	1.37062	1.36912	1.37062	145.80	4581.07
505	2014.05.22 09:15	sell	218	0.28	1.36629	1.36790	1.36227	0.00	4581.07
506	2014.05.22 09:39	s/l	218	0.28	1.36790	1.36790	1.36227	-45.08	4535.99
507	2014.05.22 09:39	buy	219	0.09	1.36790	1.36540	1.37415	0.00	4535.99
508	2014.05.22 15:06	s/l	219	0.09	1.36540	1.36540	1.37415	-22.50	4513.49
509	2014.05.29 15:00	sell	220	0.18	1.36023	1.36273	1.35398	0.00	4513.49
510	2014.05.30 15:14	s/l	220	0.18	1.36273	1.36273	1.35398	-44.54	4468.95
511	2014.05.30 15:14	buy	221	0.18	1.36274	1.36032	1.36879	0.00	4468.95
512	2014.06.02 10:00	s/l	221	0.18	1.36032	1.36032	1.36879	-45.06	4423.89
513	2014.06.11 16:15	sell	222	0.45	1.35313	1.35506	1.34831	0.00	4423.89
514	2014.06.12 16:43	s/l	222	0.45	1.35506	1.35506	1.34831	-83.43	4340.46
515	2014.06.12 16:43	buy	223	0.12	1.35507	1.35330	1.35950	0.00	4340.46
516	2014.06.13 10:00	modify	223	0.12	1.35507	1.35517	1.35950	0.00	4340.46
517	2014.06.13 12:52	s/l	223	0.12	1.35517	1.35517	1.35950	0.20	4340.66
518	2014.08.27 15:45	sell	224	0.53	1.31722	1.31885	1.31315	0.00	4340.66
519	2014.08.27 16:15	s/l	224	0.53	1.31885	1.31885	1.31315	-86.39	4254.27
520	2014.08.27 16:15	buy	225	0.18	1.31885	1.31659	1.32450	0.00	4254.27
521	2014.08.28 15:26	s/l	225	0.18	1.31659	1.31659	1.32450	-45.19	4209.08
522	2014.09.10 08:45	buy	226	0.47	1.29397	1.29221	1.29837	0.00	4209.08
523	2014.09.10 14:36	s/l	226	0.47	1.29221	1.29221	1.29837	-82.72	4126.36
524	2014.09.10 14:36	sell	227	0.21	1.29218	1.29413	1.28731	0.00	4126.36
525	2014.09.10 18:23	modify	227	0.21	1.29218	1.29208	1.28731	0.00	4126.36
526	2014.09.11 00:04	s/l	227	0.21	1.29208	1.29208	1.28731	3.70	4130.06
527	2014.09.17 16:00	buy	228	0.51	1.29661	1.29501	1.30061	0.00	4130.06
528	2014.09.17 17:16	s/l	228	0.51	1.29501	1.29501	1.30061	-81.60	4048.46
529	2014.09.17 17:16	sell	229	0.18	1.29500	1.29717	1.28958	0.00	4048.46
530	2014.09.17 20:00	s/l	229	0.18	1.29717	1.29717	1.28958	-39.06	4009.40
531	2014.10.02 11:45	buy	230	0.25	1.26413	1.26255	1.26808	0.00	4009.40
532	2014.10.02 14:30	s/l	230	0.25	1.26255	1.26255	1.26808	-39.50	3969.90
533	2014.10.02 14:30	sell	231	0.09	1.26253	1.26462	1.25731	0.00	3969.90
534	2014.10.02 14:41	s/l	231	0.09	1.26462	1.26462	1.25731	-18.81	3951.09
535	2014.10.08 09:15	buy	232	0.33	1.26450	1.26215	1.27038	0.00	3951.09
536	2014.10.08 11:15	modify	232	0.33	1.26450	1.26460	1.27038	0.00	3951.09
537	2014.10.08 13:47	s/l	232	0.33	1.26460	1.26460	1.27038	3.30	3954.39
538	2014.10.13 15:30	buy	233	1.57	1.26918	1.26742	1.27358	0.00	3954.39
539	2014.10.13 17:00	sell	234	4.71	1.26786	1.26918	1.26742	0.00	3954.39
540	2014.10.13 17:21	s/l	233	1.57	1.26742	1.26742	1.27358	-276.32	3678.07
541	2014.10.13 17:21	t/p	234	4.71	1.26742	1.26918	1.26742	207.24	3885.31
542	2014.10.20 15:00	sell	235	0.41	1.27670	1.27859	1.27198	0.00	3885.31
543	2014.10.20 17:33	s/l	235	0.41	1.27859	1.27859	1.27198	-77.49	3807.82
544	2014.10.20 17:33	buy	236	0.17	1.27859	1.27645	1.28394	0.00	3807.82
545	2014.10.21 06:27	modify	236	0.17	1.27859	1.27869	1.28394	0.00	3807.82
546	2014.10.21 09:47	t/p	236	0.17	1.28394	1.27869	1.28394	89.53	3897.35
547	2014.11.04 08:30	sell	237	0.46	1.25028	1.25197	1.24606	0.00	3897.35
548	2014.11.04 11:17	s/l	237	0.46	1.25197	1.25197	1.24606	-77.74	3819.61
549	2014.11.04 11:17	buy	238	0.17	1.25197	1.24981	1.25737	0.00	3819.61
550	2014.11.04 16:30	modify	238	0.17	1.25197	1.25207	1.25737	0.00	3819.61
551	2014.11.04 16:55	t/p	238	0.17	1.25737	1.25207	1.25737	91.80	3911.41
552	2014.11.06 11:45	buy	239	0.21	1.25200	1.25021	1.25648	0.00	3911.41
553	2014.11.06 14:33	s/l	239	0.21	1.25021	1.25021	1.25648	-37.59	3873.82
554	2014.11.19 09:00	buy	240	0.35	1.25344	1.25125	1.25892	0.00	3873.82
555	2014.11.19 14:55	modify	240	0.35	1.25344	1.25354	1.25892	0.00	3873.82
556	2014.11.19 16:03	s/l	240	0.35	1.25354	1.25354	1.25892	3.50	3877.32
557	2014.11.25 11:30	sell	241	1.73	1.24276	1.24432	1.23886	0.00	3877.32
558	2014.11.25 12:30	buy	242	5.19	1.24395	1.24276	1.24432	0.00	3877.32
559	2014.11.25 14:44	s/l	242	5.19	1.24276	1.24276	1.24432	-617.61	3259.71
560	2014.11.25 15:31	modify	241	1.73	1.24276	1.24266	1.23886	0.00	3259.71
561	2014.11.25 16:29	s/l	241	1.73	1.24266	1.24266	1.23886	17.30	3277.01
562	2014.11.26 10:15	buy	243	0.84	1.24785	1.24630	1.25173	0.00	3277.01
563	2014.11.26 11:06	sell	244	2.52	1.24668	1.24785	1.24630	0.00	3277.01
564	2014.11.26 11:06	s/l	243	0.84	1.24630	1.24630	1.25173	-130.20	3146.81
565	2014.11.26 11:06	t/p	244	2.52	1.24630	1.24785	1.24630	95.76	3242.57
566	2014.11.26 14:15	buy	245	0.27	1.24645	1.24409	1.25235	0.00	3242.57
567	2014.11.26 15:38	modify	245	0.27	1.24645	1.24655	1.25235	0.00	3242.57
568	2014.11.26 17:58	t/p	245	0.27	1.25235	1.24655	1.25235	159.30	3401.87
569	2014.12.10 14:45	buy	246	1.16	1.23839	1.23635	1.24349	0.00	3401.87
570	2014.12.10 17:00	modify	246	1.16	1.23839	1.23849	1.24349	0.00	3401.87
571	2014.12.10 17:37	t/p	246	1.16	1.24349	1.23849	1.24349	591.60	3993.47
572	2014.12.15 08:45	buy	247	0.93	1.24551	1.24380	1.24979	0.00	3993.47
573	2014.12.15 10:12	sell	248	2.79	1.24421	1.24551	1.24380	0.00	3993.47
574	2014.12.15 10:13	s/l	247	0.93	1.24380	1.24380	1.24979	-159.03	3834.44
575	2014.12.15 10:13	t/p	248	2.79	1.24380	1.24551	1.24380	114.39	3948.83
576	2014.12.17 09:15	buy	249	0.41	1.24923	1.24733	1.25398	0.00	3948.83
577	2014.12.17 09:55	s/l	249	0.41	1.24733	1.24733	1.25398	-77.90	3870.93
578	2014.12.22 14:45	sell	250	0.50	1.22570	1.22722	1.22190	0.00	3870.93
579	2014.12.22 21:50	modify	250	0.50	1.22570	1.22560	1.22190	0.00	3870.93
580	2014.12.22 21:59	t/p	250	0.50	1.22190	1.22560	1.22190	190.00	4060.93
581	2014.12.29 09:45	sell	251	1.47	1.21739	1.21932	1.21257	0.00	4060.93
582	2014.12.29 11:06	buy	252	4.41	1.21884	1.21739	1.21932	0.00	4060.93
583	2014.12.29 11:20	s/l	251	1.47	1.21932	1.21932	1.21257	-283.71	3777.22
584	2014.12.29 11:20	t/p	252	4.41	1.21932	1.21739	1.21932	211.68	3988.90
585	2015.01.13 09:15	buy	253	0.49	1.18384	1.18223	1.18787	0.00	3988.90
586	2015.01.13 10:43	s/l	253	0.49	1.18223	1.18223	1.18787	-78.89	3910.01
587	2015.01.15 10:15	sell	254	0.17	1.17647	1.17875	1.17077	0.00	3910.01
588	2015.01.15 11:31	modify	254	0.17	1.17647	1.17637	1.17077	0.00	3910.01
589	2015.01.15 11:31	t/p	254	0.17	1.17077	1.17637	1.17077	96.90	4006.91
590	2015.01.20 10:15	sell	255	1.59	1.15765	1.15941	1.15325	0.00	4006.91
591	2015.01.20 11:24	buy	256	4.77	1.15898	1.15765	1.15941	0.00	4006.91
592	2015.01.20 11:37	s/l	255	1.59	1.15941	1.15941	1.15325	-279.84	3727.07
593	2015.01.20 11:37	t/p	256	4.77	1.15941	1.15765	1.15941	205.11	3932.18
594	2015.01.20 15:15	sell	257	0.45	1.15785	1.15956	1.15358	0.00	3932.18
595	2015.01.20 15:25	s/l	257	0.45	1.15956	1.15956	1.15358	-76.95	3855.23
596	2015.01.21 09:15	sell	258	0.42	1.15688	1.15869	1.15236	0.00	3855.23
597	2015.01.21 14:55	s/l	258	0.42	1.15869	1.15869	1.15236	-76.02	3779.21
598	2015.01.21 14:55	buy	259	0.20	1.15869	1.15684	1.16332	0.00	3779.21
599	2015.01.21 15:50	modify	259	0.20	1.15869	1.15879	1.16332	0.00	3779.21
600	2015.01.21 15:59	t/p	259	0.20	1.16332	1.15879	1.16332	92.60	3871.81
601	2015.02.02 10:30	buy	260	0.40	1.13235	1.13044	1.13713	0.00	3871.81
602	2015.02.02 11:59	modify	260	0.40	1.13235	1.13245	1.13713	0.00	3871.81
603	2015.02.02 13:25	s/l	260	0.40	1.13245	1.13245	1.13713	4.00	3875.81
604	2015.02.03 09:00	buy	261	1.78	1.13388	1.13236	1.13768	0.00	3875.81
605	2015.02.03 09:49	sell	262	5.34	1.13273	1.13388	1.13236	0.00	3875.81
606	2015.02.03 10:01	s/l	261	1.78	1.13236	1.13236	1.13768	-270.56	3605.25
607	2015.02.03 10:01	t/p	262	5.34	1.13236	1.13388	1.13236	197.58	3802.83
608	2015.02.10 10:30	sell	263	0.42	1.13188	1.13368	1.12738	0.00	3802.83
609	2015.02.10 11:27	modify	263	0.42	1.13188	1.13178	1.12738	0.00	3802.83
610	2015.02.10 13:50	t/p	263	0.42	1.12738	1.13178	1.12738	189.00	3991.83
611	2015.02.12 16:30	buy	264	0.57	1.13514	1.13272	1.14119	0.00	3991.83
612	2015.02.12 16:48	modify	264	0.57	1.13514	1.13524	1.14119	0.00	3991.83
613	2015.02.12 18:40	t/p	264	0.57	1.14119	1.13524	1.14119	344.85	4336.68
614	2015.02.17 08:45	sell	265	0.99	1.13504	1.13678	1.13069	0.00	4336.68
615	2015.02.17 11:08	buy	266	2.97	1.13639	1.13504	1.13678	0.00	4336.68
616	2015.02.17 11:08	s/l	265	0.99	1.13678	1.13678	1.13069	-172.26	4164.42
617	2015.02.17 11:08	t/p	266	2.97	1.13678	1.13504	1.13678	115.83	4280.25
618	2015.02.18 15:15	sell	267	0.49	1.13716	1.13890	1.13281	0.00	4280.25
619	2015.02.18 17:13	modify	267	0.49	1.13716	1.13706	1.13281	0.00	4280.25
620	2015.02.18 21:00	s/l	267	0.49	1.13706	1.13706	1.13281	4.90	4285.15
621	2015.02.24 16:15	sell	268	1.24	1.13176	1.13416	1.12576	0.00	4285.15
622	2015.02.24 17:15	buy	269	3.72	1.13357	1.13176	1.13416	0.00	4285.15
623	2015.02.24 17:15	s/l	268	1.24	1.13416	1.13416	1.12576	-297.60	3987.55
624	2015.02.24 17:15	t/p	269	3.72	1.13416	1.13176	1.13416	219.48	4207.03
625	2015.02.25 10:45	buy	270	0.49	1.13718	1.13548	1.14143	0.00	4207.03
626	2015.02.25 12:38	s/l	270	0.49	1.13548	1.13548	1.14143	-83.30	4123.73
627	2015.02.25 12:38	sell	271	0.20	1.13548	1.13749	1.13046	0.00	4123.73
628	2015.02.26 12:00	s/l	271	0.20	1.13749	1.13749	1.13046	-38.68	4085.05
629	2015.03.02 15:45	sell	272	0.45	1.12167	1.12345	1.11722	0.00	4085.05
630	2015.03.02 17:36	modify	272	0.45	1.12167	1.12157	1.11722	0.00	4085.05
631	2015.03.03 11:41	t/p	272	0.45	1.11722	1.12157	1.11722	201.39	4286.45
632	2015.03.18 10:45	buy	273	1.53	1.06096	1.05901	1.06584	0.00	4286.45
633	2015.03.18 14:46	sell	274	4.59	1.05947	1.06096	1.05901	0.00	4286.45
634	2015.03.18 14:51	s/l	273	1.53	1.05901	1.05901	1.06584	-298.35	3988.10
635	2015.03.18 14:51	t/p	274	4.59	1.05901	1.06096	1.05901	211.14	4199.24
636	2015.03.18 16:00	buy	275	0.34	1.06114	1.05871	1.06722	0.00	4199.24
637	2015.03.18 18:02	modify	275	0.34	1.06114	1.06124	1.06722	0.00	4199.24
638	2015.03.18 20:00	t/p	275	0.34	1.06722	1.06124	1.06722	206.72	4405.96
639	2015.04.07 08:00	sell	276	1.37	1.09238	1.09462	1.08678	0.00	4405.96
640	2015.04.07 08:32	buy	277	4.11	1.09408	1.09238	1.09462	0.00	4405.96
641	2015.04.07 08:58	s/l	276	1.37	1.09462	1.09462	1.08678	-306.88	4099.08
642	2015.04.07 09:06	s/l	277	4.11	1.09238	1.09238	1.09462	-698.70	3400.38
643	2015.04.08 14:30	sell	278	0.33	1.08561	1.08767	1.08046	0.00	3400.38
644	2015.04.08 15:32	s/l	278	0.33	1.08767	1.08767	1.08046	-67.98	3332.40
645	2015.04.15 09:30	buy	279	0.30	1.06461	1.06244	1.07004	0.00	3332.40
646	2015.04.15 10:23	s/l	279	0.30	1.06244	1.06244	1.07004	-65.10	3267.30
647	2015.04.20 09:30	buy	280	0.37	1.07898	1.07724	1.08333	0.00	3267.30
648	2015.04.20 10:06	s/l	280	0.37	1.07724	1.07724	1.08333	-64.38	3202.92
649	2015.04.21 08:30	sell	281	0.38	1.07223	1.07390	1.06806	0.00	3202.92
650	2015.04.21 09:11	modify	281	0.38	1.07223	1.07213	1.06806	0.00	3202.92
651	2015.04.21 09:47	t/p	281	0.38	1.06806	1.07213	1.06806	158.46	3361.38
652	2015.04.23 08:00	sell	282	0.68	1.07024	1.07196	1.06594	0.00	3361.38
653	2015.04.23 08:06	buy	283	2.04	1.07154	1.07024	1.07196	0.00	3361.38
654	2015.04.23 09:11	s/l	283	2.04	1.07024	1.07024	1.07196	-265.20	3096.18
655	2015.04.23 10:02	modify	282	0.68	1.07024	1.07014	1.06594	0.00	3096.18
656	2015.04.23 11:04	s/l	282	0.68	1.07014	1.07014	1.06594	6.80	3102.98
657	2015.04.27 14:00	buy	284	0.51	1.08453	1.08213	1.09053	0.00	3102.98
658	2015.04.27 15:11	sell	285	1.53	1.08272	1.08453	1.08213	0.00	3102.98
659	2015.04.27 15:14	s/l	284	0.51	1.08213	1.08213	1.09053	-122.40	2980.58
660	2015.04.27 15:14	t/p	285	1.53	1.08213	1.08453	1.08213	90.27	3070.85
661	2015.04.28 11:45	buy	286	0.29	1.08818	1.08611	1.09336	0.00	3070.85
662	2015.04.28 12:15	modify	286	0.29	1.08818	1.08828	1.09336	0.00	3070.85
663	2015.04.28 13:46	t/p	286	0.29	1.09336	1.08828	1.09336	150.22	3221.07
664	2015.06.16 09:45	buy	287	1.03	1.12784	1.12566	1.13329	0.00	3221.07
665	2015.06.16 09:54	modify	287	1.03	1.12784	1.12794	1.13329	0.00	3221.07
666	2015.06.16 10:41	s/l	287	1.03	1.12794	1.12794	1.13329	10.30	3231.37
667	2015.06.17 10:00	buy	288	0.65	1.12588	1.12391	1.13081	0.00	3231.37
668	2015.06.17 11:14	modify	288	0.65	1.12588	1.12598	1.13081	0.00	3231.37
669	2015.06.17 11:56	s/l	288	0.65	1.12598	1.12598	1.13081	6.50	3237.87
670	2015.07.29 16:30	sell	289	0.53	1.10352	1.10594	1.09747	0.00	3237.87
671	2015.07.29 21:00	buy	290	1.59	1.10537	1.10352	1.10594	0.00	3237.87
672	2015.07.29 21:00	s/l	289	0.53	1.10594	1.10594	1.09747	-128.26	3109.61
673	2015.07.29 21:00	t/p	290	1.59	1.10594	1.10352	1.10594	90.63	3200.24
674	2015.08.03 09:15	sell	291	0.37	1.09711	1.09882	1.09284	0.00	3200.24
675	2015.08.03 09:57	s/l	291	0.37	1.09882	1.09882	1.09284	-63.27	3136.97
676	2015.08.03 09:57	buy	292	0.12	1.09884	1.09641	1.10492	0.00	3136.97
677	2015.08.03 11:04	s/l	292	0.12	1.09641	1.09641	1.10492	-29.16	3107.81
678	2015.08.17 14:00	sell	293	0.36	1.10862	1.11034	1.10432	0.00	3107.81
679	2015.08.17 14:50	s/l	293	0.36	1.11034	1.11034	1.10432	-61.92	3045.89
680	2015.08.17 14:50	buy	294	0.12	1.11034	1.10790	1.11644	0.00	3045.89
681	2015.08.17 17:15	s/l	294	0.12	1.10790	1.10790	1.11644	-29.28	3016.61
682	2015.08.18 10:30	sell	295	0.35	1.10653	1.10821	1.10233	0.00	3016.61
683	2015.08.18 10:54	s/l	295	0.35	1.10821	1.10821	1.10233	-58.80	2957.81
684	2015.08.18 10:54	buy	296	0.13	1.10822	1.10609	1.11355	0.00	2957.81
685	2015.08.18 12:37	s/l	296	0.13	1.10609	1.10609	1.11355	-27.69	2930.12
686	2015.09.03 09:30	sell	297	0.19	1.12218	1.12370	1.11838	0.00	2930.12
687	2015.09.03 10:05	s/l	297	0.19	1.12370	1.12370	1.11838	-28.88	2901.24
688	2015.09.24 08:00	buy	298	0.18	1.11923	1.11764	1.12321	0.00	2901.24
689	2015.09.24 09:38	modify	298	0.18	1.11923	1.11933	1.12321	0.00	2901.24
690	2015.09.24 11:10	s/l	298	0.18	1.11933	1.11933	1.12321	1.80	2903.04
691	2015.09.30 14:30	sell	299	0.96	1.12060	1.12270	1.11535	0.00	2903.04
692	2015.09.30 17:25	modify	299	0.96	1.12060	1.12050	1.11535	0.00	2903.04
693	2015.10.01 06:33	t/p	299	0.96	1.11535	1.12050	1.11535	511.30	3414.34
694	2015.10.06 09:15	sell	300	0.84	1.11779	1.11940	1.11377	0.00	3414.34
695	2015.10.06 09:32	buy	301	2.52	1.11900	1.11779	1.11940	0.00	3414.34
696	2015.10.06 09:37	s/l	300	0.84	1.11940	1.11940	1.11377	-135.24	3279.10
697	2015.10.06 09:37	t/p	301	2.52	1.11940	1.11779	1.11940	100.80	3379.90
698	2015.10.08 10:00	buy	302	0.19	1.12617	1.12448	1.13040	0.00	3379.90
699	2015.10.08 10:18	modify	302	0.19	1.12617	1.12627	1.13040	0.00	3379.90
700	2015.10.08 10:24	t/p	302	0.19	1.13040	1.12627	1.13040	80.37	3460.27
701	2015.10.13 15:30	buy	303	1.40	1.13865	1.13692	1.14298	0.00	3460.27
702	2015.10.13 16:59	sell	304	4.20	1.13735	1.13865	1.13692	0.00	3460.27
703	2015.10.13 17:02	s/l	303	1.40	1.13692	1.13692	1.14298	-242.20	3218.07
704	2015.10.13 17:02	t/p	304	4.20	1.13692	1.13865	1.13692	180.60	3398.67
705	2015.10.14 15:15	buy	305	0.39	1.14096	1.13924	1.14526	0.00	3398.67
706	2015.10.14 15:30	modify	305	0.39	1.14096	1.14106	1.14526	0.00	3398.67
707	2015.10.14 16:47	s/l	305	0.39	1.14106	1.14106	1.14526	3.90	3402.57
708	2015.10.19 10:15	sell	306	1.13	1.13584	1.13793	1.13062	0.00	3402.57
709	2015.10.19 12:37	modify	306	1.13	1.13584	1.13574	1.13062	0.00	3402.57
710	2015.10.19 17:59	t/p	306	1.13	1.13062	1.13574	1.13062	589.86	3992.43
711	2015.10.27 10:00	sell	307	0.90	1.10549	1.10725	1.10109	0.00	3992.43
712	2015.10.27 14:25	buy	308	2.70	1.10722	1.10549	1.10725	0.00	3992.43
713	2015.10.27 14:25	s/l	307	0.90	1.10725	1.10725	1.10109	-158.40	3834.03
714	2015.10.27 14:26	t/p	308	2.70	1.10725	1.10549	1.10725	8.10	3842.13
715	2015.10.28 10:45	sell	309	0.47	1.10362	1.10525	1.09955	0.00	3842.13
716	2015.10.28 11:07	s/l	309	0.47	1.10525	1.10525	1.09955	-76.61	3765.52
717	2015.10.28 11:07	buy	310	0.19	1.10525	1.10328	1.11018	0.00	3765.52
718	2015.10.28 14:39	modify	310	0.19	1.10525	1.10535	1.11018	0.00	3765.52
719	2015.10.28 20:00	s/l	310	0.19	1.10535	1.10535	1.11018	1.90	3767.42
720	2015.11.10 10:15	sell	311	0.41	1.07475	1.07657	1.07020	0.00	3767.42
721	2015.11.10 14:49	modify	311	0.41	1.07475	1.07465	1.07020	0.00	3767.42
722	2015.11.10 14:54	t/p	311	0.41	1.07020	1.07465	1.07020	186.55	3953.97
723	2015.11.11 10:00	buy	312	1.48	1.07489	1.07303	1.07954	0.00	3953.97
724	2015.11.11 11:01	sell	313	4.44	1.07349	1.07489	1.07303	0.00	3953.97
725	2015.11.11 11:35	s/l	313	4.44	1.07489	1.07489	1.07303	-621.60	3332.37
726	2015.11.11 13:14	sell	314	4.44	1.07349	1.07489	1.07303	0.00	3332.37
727	2015.11.11 13:17	s/l	312	1.48	1.07303	1.07303	1.07954	-275.28	3057.09
728	2015.11.11 13:17	t/p	314	4.44	1.07303	1.07489	1.07303	204.24	3261.33
729	2015.11.16 15:15	sell	315	0.42	1.07229	1.07384	1.06842	0.00	3261.33
730	2015.11.16 15:37	s/l	315	0.42	1.07384	1.07384	1.06842	-65.10	3196.23
731	2015.11.16 15:37	buy	316	0.17	1.07384	1.07202	1.07839	0.00	3196.23
732	2015.11.16 16:20	s/l	316	0.17	1.07202	1.07202	1.07839	-30.94	3165.29
733	2015.11.18 14:15	buy	317	0.41	1.06716	1.06563	1.07099	0.00	3165.29
734	2015.11.18 16:00	s/l	317	0.41	1.06563	1.06563	1.07099	-62.73	3102.56
735	2015.11.18 16:00	sell	318	0.19	1.06563	1.06723	1.06163	0.00	3102.56
736	2015.11.18 16:43	s/l	318	0.19	1.06723	1.06723	1.06163	-30.40	3072.16
737	2015.11.19 11:00	buy	319	0.13	1.06882	1.06647	1.07470	0.00	3072.16
738	2015.11.19 16:25	modify	319	0.13	1.06882	1.06892	1.07470	0.00	3072.16
739	2015.11.19 18:09	t/p	319	0.13	1.07470	1.06892	1.07470	76.44	3148.60
740	2015.12.01 10:15	sell	320	1.27	1.05779	1.05952	1.05347	0.00	3148.60
741	2015.12.01 10:30	buy	321	3.81	1.05909	1.05779	1.05952	0.00	3148.60
742	2015.12.01 10:46	s/l	320	1.27	1.05952	1.05952	1.05347	-219.71	2928.89
743	2015.12.01 10:47	t/p	321	3.81	1.05952	1.05779	1.05952	163.83	3092.72
744	2015.12.14 09:15	sell	322	0.41	1.09585	1.09735	1.09210	0.00	3092.72
745	2015.12.14 13:25	s/l	322	0.41	1.09735	1.09735	1.09210	-61.50	3031.22
746	2015.12.16 16:30	sell	323	0.39	1.09260	1.09414	1.08875	0.00	3031.22
747	2015.12.16 17:58	s/l	323	0.39	1.09414	1.09414	1.08875	-60.06	2971.16
748	2015.12.16 17:58	buy	324	0.13	1.09414	1.09196	1.09959	0.00	2971.16
749	2015.12.16 21:00	s/l	324	0.13	1.09196	1.09196	1.09959	-28.34	2942.82
750	2015.12.21 15:15	buy	325	0.33	1.08708	1.08534	1.09143	0.00	2942.82
751	2015.12.21 15:44	modify	325	0.33	1.08708	1.08718	1.09143	0.00	2942.82
752	2015.12.21 17:27	t/p	325	0.33	1.09143	1.08718	1.09143	143.55	3086.37
753	2015.12.22 10:00	buy	326	1.08	1.09206	1.09007	1.09704	0.00	3086.37
754	2015.12.22 15:14	modify	326	1.08	1.09206	1.09216	1.09704	0.00	3086.37
755	2015.12.22 17:06	t/p	326	1.08	1.09704	1.09216	1.09704	537.84	3624.21
756	2015.12.24 16:45	buy	327	0.30	1.09565	1.09327	1.10160	0.00	3624.21
757	2015.12.28 13:11	modify	327	0.30	1.09565	1.09575	1.10160	0.00	3624.21
758	2015.12.29 15:14	s/l	327	0.30	1.09575	1.09575	1.10160	-4.51	3619.70
759	2015.12.30 15:30	sell	328	0.46	1.09190	1.09347	1.08798	0.00	3619.70
760	2015.12.30 15:58	s/l	328	0.46	1.09347	1.09347	1.08798	-72.22	3547.48
761	2015.12.30 15:58	buy	329	0.18	1.09347	1.09154	1.09830	0.00	3547.48
762	2015.12.30 16:59	s/l	329	0.18	1.09154	1.09154	1.09830	-34.74	3512.74
763	2016.01.12 08:30	buy	330	0.38	1.08901	1.08720	1.09354	0.00	3512.74
764	2016.01.12 10:32	s/l	330	0.38	1.08720	1.08720	1.09354	-68.78	3443.96
765	2016.01.19 10:45	sell	331	0.43	1.08654	1.08812	1.08259	0.00	3443.96
766	2016.01.19 10:52	s/l	331	0.43	1.08812	1.08812	1.08259	-67.94	3376.02
767	2016.01.19 10:52	buy	332	0.16	1.08812	1.08609	1.09320	0.00	3376.02
768	2016.01.19 13:50	s/l	332	0.16	1.08609	1.08609	1.09320	-32.48	3343.54
769	2016.01.25 14:30	sell	333	0.43	1.08113	1.08267	1.07728	0.00	3343.54
770	2016.01.25 15:29	s/l	333	0.43	1.08267	1.08267	1.07728	-66.22	3277.32
771	2016.01.25 15:29	buy	334	0.16	1.08267	1.08064	1.08775	0.00	3277.32
772	2016.01.26 03:06	modify	334	0.16	1.08267	1.08277	1.08775	0.00	3277.32
773	2016.01.26 12:50	s/l	334	0.16	1.08277	1.08277	1.08775	0.26	3277.58
774	2016.01.27 11:00	buy	335	0.40	1.08668	1.08505	1.09076	0.00	3277.58
775	2016.01.27 14:56	modify	335	0.40	1.08668	1.08678	1.09076	0.00	3277.58
776	2016.01.27 15:26	t/p	335	0.40	1.09076	1.08678	1.09076	163.20	3440.78
777	2016.02.03 14:45	buy	336	1.14	1.09295	1.09084	1.09823	0.00	3440.78
778	2016.02.03 15:24	modify	336	1.14	1.09295	1.09305	1.09823	0.00	3440.78
779	2016.02.03 16:45	t/p	336	1.14	1.09823	1.09305	1.09823	601.92	4042.70
780	2016.02.08 10:15	buy	337	1.06	1.11485	1.11333	1.11865	0.00	4042.70
781	2016.02.08 11:17	modify	337	1.06	1.11485	1.11495	1.11865	0.00	4042.70
782	2016.02.08 13:08	s/l	337	1.06	1.11495	1.11495	1.11865	10.60	4053.30
783	2016.02.17 15:15	sell	338	1.01	1.11355	1.11515	1.10955	0.00	4053.30
784	2016.02.17 16:15	modify	338	1.01	1.11355	1.11345	1.10955	0.00	4053.30
785	2016.02.17 16:44	s/l	338	1.01	1.11345	1.11345	1.10955	10.10	4063.40
786	2016.02.18 10:00	sell	339	0.39	1.11271	1.11477	1.10756	0.00	4063.40
787	2016.02.18 13:58	modify	339	0.39	1.11271	1.11261	1.10756	0.00	4063.40
788	2016.02.18 16:19	t/p	339	0.39	1.10756	1.11261	1.10756	200.85	4264.25
789	2016.02.23 10:30	sell	340	0.95	1.10366	1.10544	1.09921	0.00	4264.25
790	2016.02.23 10:39	buy	341	2.85	1.10500	1.10366	1.10544	0.00	4264.25
791	2016.02.23 10:50	s/l	341	2.85	1.10366	1.10366	1.10544	-381.90	3882.35
792	2016.02.23 11:16	modify	340	0.95	1.10366	1.10356	1.09921	0.00	3882.35
793	2016.02.23 11:34	t/p	340	0.95	1.09921	1.10356	1.09921	422.75	4305.10
794	2016.03.15 11:30	sell	342	0.86	1.10961	1.11161	1.10461	0.00	4305.10
795	2016.03.15 14:30	buy	343	2.58	1.11114	1.10961	1.11161	0.00	4305.10
796	2016.03.15 14:43	s/l	342	0.86	1.11161	1.11161	1.10461	-172.00	4133.10
797	2016.03.15 14:43	t/p	343	2.58	1.11161	1.10961	1.11161	121.26	4254.36
798	2016.03.16 08:45	sell	344	0.55	1.10877	1.11030	1.10495	0.00	4254.36
799	2016.03.16 15:14	modify	344	0.55	1.10877	1.10867	1.10495	0.00	4254.36
800	2016.03.16 19:51	s/l	344	0.55	1.10867	1.10867	1.10495	5.50	4259.86
801	2016.04.11 15:30	buy	345	1.37	1.14056	1.13839	1.14599	0.00	4259.86
802	2016.04.11 16:53	modify	345	1.37	1.14056	1.14066	1.14599	0.00	4259.86
803	2016.04.11 18:57	s/l	345	1.37	1.14066	1.14066	1.14599	13.70	4273.56
804	2016.04.18 15:30	buy	346	0.85	1.13169	1.12969	1.13669	0.00	4273.56
805	2016.04.18 15:35	sell	347	2.55	1.13019	1.13169	1.12969	0.00	4273.56
806	2016.04.18 16:40	s/l	346	0.85	1.12969	1.12969	1.13669	-170.00	4103.56
807	2016.04.18 16:40	t/p	347	2.55	1.12969	1.13169	1.12969	127.50	4231.06
808	2016.04.26 09:15	buy	348	0.55	1.12721	1.12568	1.13104	0.00	4231.06
809	2016.04.26 10:00	s/l	348	0.55	1.12568	1.12568	1.13104	-84.15	4146.91
810	2016.04.26 10:00	sell	349	0.22	1.12568	1.12755	1.12101	0.00	4146.91
811	2016.04.26 10:50	s/l	349	0.22	1.12755	1.12755	1.12101	-41.14	4105.77
812	2016.04.27 09:30	buy	350	0.50	1.13052	1.12890	1.13457	0.00	4105.77
813	2016.04.27 10:38	modify	350	0.50	1.13052	1.13062	1.13457	0.00	4105.77
814	2016.04.27 12:16	s/l	350	0.50	1.13062	1.13062	1.13457	5.00	4110.77
815	2016.04.27 15:30	buy	351	1.39	1.13114	1.12908	1.13629	0.00	4110.77
816	2016.04.27 20:14	modify	351	1.39	1.13114	1.13124	1.13629	0.00	4110.77
817	2016.04.27 21:00	s/l	351	1.39	1.13124	1.13124	1.13629	13.90	4124.67
818	2016.05.09 08:45	sell	352	1.04	1.13988	1.14146	1.13593	0.00	4124.67
819	2016.05.09 09:51	buy	353	3.12	1.14107	1.13988	1.14146	0.00	4124.67
820	2016.05.09 09:52	s/l	352	1.04	1.14146	1.14146	1.13593	-164.32	3960.35
821	2016.05.09 09:52	t/p	353	3.12	1.14146	1.13988	1.14146	121.68	4082.03
822	2016.05.09 10:15	sell	354	0.36	1.13993	1.14214	1.13441	0.00	4082.03
823	2016.05.10 13:58	modify	354	0.36	1.13993	1.13983	1.13441	0.00	4082.03
824	2016.05.10 17:42	s/l	354	0.36	1.13983	1.13983	1.13441	4.51	4086.55
825	2016.05.17 11:45	sell	355	1.63	1.13230	1.13405	1.12793	0.00	4086.55
826	2016.05.17 16:45	buy	356	4.89	1.13362	1.13230	1.13405	0.00	4086.55
827	2016.05.17 16:46	s/l	355	1.63	1.13405	1.13405	1.12793	-285.25	3801.30
828	2016.05.17 16:46	t/p	356	4.89	1.13405	1.13230	1.13405	210.27	4011.57
829	2016.05.23 15:30	sell	357	0.46	1.12019	1.12192	1.11587	0.00	4011.57
830	2016.05.23 20:14	s/l	357	0.46	1.12192	1.12192	1.11587	-79.58	3931.99
831	2016.05.24 10:30	sell	358	0.34	1.11949	1.12175	1.11384	0.00	3931.99
832	2016.05.24 15:31	modify	358	0.34	1.11949	1.11939	1.11384	0.00	3931.99
833	2016.05.24 22:16	t/p	358	0.34	1.11384	1.11939	1.11384	192.10	4124.09
834	2016.06.13 15:30	sell	359	1.43	1.12597	1.12798	1.12095	0.00	4124.09
835	2016.06.13 17:07	buy	360	4.29	1.12748	1.12597	1.12798	0.00	4124.09
836	2016.06.13 17:12	s/l	359	1.43	1.12798	1.12798	1.12095	-287.43	3836.66
837	2016.06.13 17:12	t/p	360	4.29	1.12798	1.12597	1.12798	214.50	4051.16
838	2016.07.04 14:45	buy	361	0.42	1.11379	1.11190	1.11852	0.00	4051.16
839	2016.07.05 10:29	modify	361	0.42	1.11379	1.11389	1.11852	0.00	4051.16
840	2016.07.05 10:30	t/p	361	0.42	1.11852	1.11389	1.11852	195.16	4246.31
841	2016.07.05 15:45	buy	362	1.21	1.11521	1.11276	1.12134	0.00	4246.31
842	2016.07.05 17:26	sell	363	3.63	1.11337	1.11521	1.11276	0.00	4246.31
843	2016.07.05 17:31	s/l	362	1.21	1.11276	1.11276	1.12134	-296.45	3949.86
844	2016.07.05 17:31	t/p	363	3.63	1.11276	1.11521	1.11276	221.43	4171.29
845	2016.07.13 10:15	sell	364	0.41	1.10468	1.10669	1.09966	0.00	4171.29
846	2016.07.13 12:30	s/l	364	0.41	1.10669	1.10669	1.09966	-82.41	4088.88
847	2016.07.13 12:30	buy	365	0.21	1.10669	1.10475	1.11154	0.00	4088.88
848	2016.07.13 17:16	modify	365	0.21	1.10669	1.10679	1.11154	0.00	4088.88
849	2016.07.13 17:33	t/p	365	0.21	1.11154	1.10679	1.11154	101.85	4190.73
850	2016.07.21 09:45	buy	366	0.24	1.10426	1.10252	1.10861	0.00	4190.73
851	2016.07.21 10:27	s/l	366	0.24	1.10252	1.10252	1.10861	-41.76	4148.97
852	2016.07.21 10:27	sell	367	0.08	1.10252	1.10489	1.09660	0.00	4148.97
853	2016.07.21 15:40	s/l	367	0.08	1.10489	1.10489	1.09660	-18.96	4130.01
854	2016.08.25 16:00	buy	368	0.21	1.12941	1.12748	1.13424	0.00	4130.01
855	2016.08.25 18:53	s/l	368	0.21	1.12748	1.12748	1.13424	-40.53	4089.48
856	2016.08.25 18:53	sell	369	0.19	1.12748	1.12851	1.12491	0.00	4089.48
857	2016.08.25 23:58	s/l	369	0.19	1.12851	1.12851	1.12491	-19.57	4069.91
858	2016.09.13 16:15	sell	370	0.38	1.12266	1.12475	1.11744	0.00	4069.91
859	2016.09.13 17:05	s/l	370	0.38	1.12475	1.12475	1.11744	-79.42	3990.49
860	2016.09.13 17:05	buy	371	0.16	1.12475	1.12228	1.13093	0.00	3990.49
861	2016.09.13 20:03	s/l	371	0.16	1.12228	1.12228	1.13093	-39.52	3950.97
862	2016.09.14 10:30	sell	372	0.40	1.12235	1.12430	1.11748	0.00	3950.97
863	2016.09.14 17:22	s/l	372	0.40	1.12430	1.12430	1.11748	-78.00	3872.97
864	2016.09.14 17:22	buy	373	0.17	1.12431	1.12209	1.12986	0.00	3872.97
865	2016.09.15 10:34	s/l	373	0.17	1.12209	1.12209	1.12986	-42.00	3830.98
866	2016.09.29 15:45	sell	374	0.19	1.12069	1.12270	1.11567	0.00	3830.98
867	2016.09.29 17:13	s/l	374	0.19	1.12270	1.12270	1.11567	-38.19	3792.79
868	2016.10.03 10:45	buy	375	0.39	1.12377	1.12185	1.12857	0.00	3792.79
869	2016.10.03 17:00	s/l	375	0.39	1.12185	1.12185	1.12857	-74.88	3717.91
870	2016.10.03 17:00	sell	376	0.32	1.12185	1.12301	1.11895	0.00	3717.91
871	2016.10.04 05:02	modify	376	0.32	1.12185	1.12175	1.11895	0.00	3717.91
872	2016.10.04 08:57	t/p	376	0.32	1.11895	1.12175	1.11895	93.61	3811.52
873	2016.10.19 14:00	sell	377	0.39	1.09847	1.10038	1.09370	0.00	3811.52
874	2016.10.19 17:50	modify	377	0.39	1.09847	1.09837	1.09370	0.00	3811.52
875	2016.10.20 14:25	s/l	377	0.39	1.09837	1.09837	1.09370	6.87	3818.39
876	2016.10.27 16:15	buy	378	0.86	1.09265	1.09111	1.09650	0.00	3818.39
877	2016.10.27 16:45	sell	379	2.58	1.09149	1.09265	1.09111	0.00	3818.39
878	2016.10.27 17:07	s/l	378	0.86	1.09111	1.09111	1.09650	-132.44	3685.95
879	2016.10.27 17:07	t/p	379	2.58	1.09111	1.09265	1.09111	98.04	3783.99
880	2016.11.23 14:00	sell	380	0.47	1.06221	1.06381	1.05821	0.00	3783.99
881	2016.11.23 15:20	modify	380	0.47	1.06221	1.06211	1.05821	0.00	3783.99
882	2016.11.23 15:31	t/p	380	0.47	1.05821	1.06211	1.05821	188.00	3971.99
883	2016.11.29 09:30	sell	381	1.66	1.05923	1.06090	1.05506	0.00	3971.99
884	2016.11.29 10:00	buy	382	4.98	1.06049	1.05923	1.06090	0.00	3971.99
885	2016.11.29 10:02	s/l	381	1.66	1.06090	1.06090	1.05506	-277.22	3694.77
886	2016.11.29 10:02	t/p	382	4.98	1.06090	1.05923	1.06090	204.18	3898.95
887	2016.11.29 11:00	sell	383	0.32	1.05922	1.06159	1.05330	0.00	3898.95
888	2016.11.29 17:10	s/l	383	0.32	1.06159	1.06159	1.05330	-75.84	3823.11
889	2016.11.30 10:30	buy	384	0.36	1.06382	1.06170	1.06912	0.00	3823.11
890	2016.11.30 15:15	s/l	384	0.36	1.06170	1.06170	1.06912	-76.32	3746.79
891	2016.12.07 10:45	buy	385	0.34	1.07313	1.07097	1.07853	0.00	3746.79
892	2016.12.07 12:06	s/l	385	0.34	1.07097	1.07097	1.07853	-73.44	3673.35
893	2016.12.07 12:06	sell	386	0.15	1.07097	1.07335	1.06502	0.00	3673.35
894	2016.12.07 14:46	s/l	386	0.15	1.07335	1.07335	1.06502	-35.70	3637.65
895	2016.12.14 14:00	buy	387	0.45	1.06484	1.06325	1.06882	0.00	3637.65
896	2016.12.14 16:02	s/l	387	0.45	1.06325	1.06325	1.06882	-71.55	3566.10
897	2016.12.19 09:00	buy	388	0.35	1.04757	1.04554	1.05265	0.00	3566.10
898	2016.12.19 11:47	s/l	388	0.35	1.04554	1.04554	1.05265	-71.05	3495.05
899	2016.12.19 11:47	sell	389	0.21	1.04554	1.04720	1.04139	0.00	3495.05
900	2016.12.19 13:54	modify	389	0.21	1.04554	1.04544	1.04139	0.00	3495.05
901	2016.12.19 15:20	t/p	389	0.21	1.04139	1.04544	1.04139	87.15	3582.20
902	2016.12.22 16:15	buy	390	0.14	1.04507	1.04268	1.05105	0.00	3582.20
903	2016.12.22 17:07	modify	390	0.14	1.04507	1.04517	1.05105	0.00	3582.20
904	2016.12.22 18:02	s/l	390	0.14	1.04517	1.04517	1.05105	1.40	3583.60
905	2016.12.29 11:15	buy	391	0.73	1.04570	1.04400	1.04995	0.00	3583.60
906	2016.12.29 17:57	modify	391	0.73	1.04570	1.04580	1.04995	0.00	3583.60
907	2016.12.30 01:22	t/p	391	0.73	1.04995	1.04580	1.04995	304.16	3887.76
908	2017.01.11 11:15	sell	392	0.97	1.05446	1.05605	1.05049	0.00	3887.76
909	2017.01.11 12:29	modify	392	0.97	1.05446	1.05436	1.05049	0.00	3887.76
910	2017.01.11 14:08	t/p	392	0.97	1.05049	1.05436	1.05049	385.09	4272.85
911	2017.01.16 09:15	sell	393	0.73	1.06079	1.06311	1.05499	0.00	4272.85
912	2017.01.17 05:30	buy	394	2.19	1.06253	1.06079	1.06311	0.00	4272.85
913	2017.01.17 06:10	s/l	393	0.73	1.06311	1.06311	1.05499	-167.51	4105.34
914	2017.01.17 06:10	t/p	394	2.19	1.06311	1.06079	1.06311	127.02	4232.36
915	2017.01.18 10:15	buy	395	0.40	1.06946	1.06735	1.07474	0.00	4232.36
916	2017.01.18 14:57	s/l	395	0.40	1.06735	1.06735	1.07474	-84.40	4147.96
917	2017.01.18 14:57	sell	396	0.24	1.06735	1.06902	1.06318	0.00	4147.96
918	2017.01.18 17:10	s/l	396	0.24	1.06902	1.06902	1.06318	-40.08	4107.88
919	2017.01.26 11:45	sell	397	0.23	1.07280	1.07454	1.06845	0.00	4107.88
920	2017.01.26 15:01	modify	397	0.23	1.07280	1.07270	1.06845	0.00	4107.88
921	2017.01.26 16:20	t/p	397	0.23	1.06845	1.07270	1.06845	100.05	4207.93
922	2017.01.31 10:00	buy	398	1.70	1.06996	1.06823	1.07429	0.00	4207.93
923	2017.01.31 13:40	modify	398	1.70	1.06996	1.07006	1.07429	0.00	4207.93
924	2017.01.31 13:47	t/p	398	1.70	1.07429	1.07006	1.07429	736.10	4944.03
925	2017.02.02 09:30	buy	399	0.50	1.07950	1.07755	1.08438	0.00	4944.03
926	2017.02.02 15:47	modify	399	0.50	1.07950	1.07960	1.08438	0.00	4944.03
927	2017.02.02 18:17	s/l	399	0.50	1.07960	1.07960	1.08438	5.00	4949.03
928	2017.02.09 15:30	sell	400	0.62	1.06815	1.06974	1.06418	0.00	4949.03
929	2017.02.09 16:49	buy	401	1.86	1.06935	1.06815	1.06974	0.00	4949.03
930	2017.02.09 16:55	s/l	401	1.86	1.06815	1.06815	1.06974	-223.20	4725.83
931	2017.02.09 17:00	modify	400	0.62	1.06815	1.06805	1.06418	0.00	4725.83
932	2017.02.10 09:58	t/p	400	0.62	1.06418	1.06805	1.06418	247.71	4973.54
933	2017.02.20 15:00	sell	402	1.05	1.06094	1.06282	1.05624	0.00	4973.54
934	2017.02.20 16:01	buy	403	3.15	1.06236	1.06094	1.06282	0.00	4973.54
935	2017.02.20 19:56	s/l	403	3.15	1.06094	1.06094	1.06282	-447.30	4526.24
936	2017.02.21 03:19	modify	402	1.05	1.06094	1.06084	1.05624	0.00	4526.24
937	2017.02.21 10:34	t/p	402	1.05	1.05624	1.06084	1.05624	496.16	5022.40
938	2017.02.23 10:15	buy	404	0.42	1.05621	1.05386	1.06209	0.00	5022.40
939	2017.02.23 11:22	sell	405	1.26	1.05444	1.05621	1.05386	0.00	5022.40
940	2017.02.23 12:08	s/l	404	0.42	1.05386	1.05386	1.06209	-98.70	4923.70
941	2017.02.23 12:08	t/p	405	1.26	1.05386	1.05621	1.05386	73.08	4996.78
942	2017.02.27 10:00	buy	406	0.51	1.05814	1.05620	1.06299	0.00	4996.78
943	2017.02.27 17:59	modify	406	0.51	1.05814	1.05824	1.06299	0.00	4996.78
944	2017.02.27 18:49	t/p	406	0.51	1.06299	1.05824	1.06299	247.35	5244.13
945	2017.02.28 11:15	buy	407	2.05	1.05918	1.05739	1.06366	0.00	5244.13
946	2017.02.28 17:13	modify	407	2.05	1.05918	1.05928	1.06366	0.00	5244.13
947	2017.02.28 21:59	s/l	407	2.05	1.05928	1.05928	1.06366	20.50	5264.63
948	2017.03.02 11:45	sell	408	0.53	1.05257	1.05455	1.04762	0.00	5264.63
949	2017.03.02 21:26	modify	408	0.53	1.05257	1.05247	1.04762	0.00	5264.63
950	2017.03.03 08:51	s/l	408	0.53	1.05247	1.05247	1.04762	6.64	5271.28
951	2017.03.06 15:30	buy	409	1.18	1.06011	1.05833	1.06456	0.00	5271.28
952	2017.03.06 18:27	sell	410	3.54	1.05854	1.06011	1.05833	0.00	5271.28
953	2017.03.06 18:32	s/l	409	1.18	1.05833	1.05833	1.06456	-210.04	5061.24
954	2017.03.06 18:33	t/p	410	3.54	1.05833	1.06011	1.05833	74.34	5135.58
955	2017.03.22 08:45	buy	411	0.61	1.08101	1.07934	1.08519	0.00	5135.58
956	2017.03.22 09:33	s/l	411	0.61	1.07934	1.07934	1.08519	-101.87	5033.71
957	2017.03.22 15:00	buy	412	0.47	1.08040	1.07830	1.08565	0.00	5033.71
958	2017.03.23 03:02	s/l	412	0.47	1.07830	1.07830	1.08565	-110.47	4923.24
959	2017.03.23 03:02	sell	413	0.17	1.07830	1.07968	1.07485	0.00	4923.24
960	2017.03.23 08:28	s/l	413	0.17	1.07968	1.07968	1.07485	-23.46	4899.78
961	2017.03.28 15:30	buy	414	0.53	1.08649	1.08466	1.09107	0.00	4899.78
962	2017.03.28 19:12	s/l	414	0.53	1.08466	1.08466	1.09107	-96.99	4802.79
963	2017.03.28 19:12	sell	415	0.28	1.08466	1.08637	1.08039	0.00	4802.79
964	2017.03.28 20:58	modify	415	0.28	1.08466	1.08456	1.08039	0.00	4802.79
965	2017.03.28 21:06	t/p	415	0.28	1.08039	1.08456	1.08039	119.56	4922.35
966	2017.04.06 15:30	sell	416	0.25	1.06577	1.06772	1.06090	0.00	4922.35
967	2017.04.07 14:03	modify	416	0.25	1.06577	1.06567	1.06090	0.00	4922.35
968	2017.04.07 15:30	s/l	416	0.25	1.06567	1.06567	1.06090	3.13	4925.48
969	2017.04.27 15:00	sell	417	1.00	1.08862	1.09034	1.08432	0.00	4925.48
970	2017.04.27 15:34	buy	418	3.00	1.08992	1.08862	1.09034	0.00	4925.48
971	2017.04.27 15:35	s/l	417	1.00	1.09034	1.09034	1.08432	-172.00	4753.48
972	2017.04.27 15:35	t/p	418	3.00	1.09034	1.08862	1.09034	126.00	4879.48
973	2017.05.08 08:45	buy	419	0.46	1.09896	1.09686	1.10421	0.00	4879.48
974	2017.05.08 10:13	s/l	419	0.46	1.09686	1.09686	1.10421	-96.60	4782.88
975	2017.05.08 10:13	sell	420	0.20	1.09686	1.09916	1.09111	0.00	4782.88
976	2017.05.08 15:11	modify	420	0.20	1.09686	1.09676	1.09111	0.00	4782.88
977	2017.05.09 09:21	t/p	420	0.20	1.09111	1.09676	1.09111	115.51	4898.39
978	2017.05.25 10:30	buy	421	0.31	1.12384	1.12230	1.12769	0.00	4898.39
979	2017.05.25 12:34	s/l	421	0.31	1.12230	1.12230	1.12769	-47.74	4850.65
980	2017.05.31 10:00	buy	422	0.48	1.11880	1.11681	1.12378	0.00	4850.65
981	2017.05.31 14:05	modify	422	0.48	1.11880	1.11890	1.12378	0.00	4850.65
982	2017.05.31 16:49	t/p	422	0.48	1.12378	1.11890	1.12378	239.04	5089.69
983	2017.06.05 10:15	buy	423	1.97	1.12759	1.12579	1.13209	0.00	5089.69
984	2017.06.05 12:12	sell	424	5.91	1.12624	1.12759	1.12579	0.00	5089.69
985	2017.06.05 13:22	s/l	423	1.97	1.12579	1.12579	1.13209	-354.60	4735.09
986	2017.06.05 13:22	t/p	424	5.91	1.12579	1.12759	1.12579	265.95	5001.04
987	2017.06.08 11:30	sell	425	0.33	1.12515	1.12666	1.12138	0.00	5001.04
988	2017.06.08 14:46	modify	425	0.33	1.12515	1.12505	1.12138	0.00	5001.04
989	2017.06.08 15:38	t/p	425	0.33	1.12138	1.12505	1.12138	124.41	5125.45
990	2017.06.12 14:15	buy	426	1.94	1.12241	1.12057	1.12701	0.00	5125.45
991	2017.06.12 16:41	sell	427	5.82	1.12103	1.12241	1.12057	0.00	5125.45
992	2017.06.12 16:51	s/l	426	1.94	1.12057	1.12057	1.12701	-356.96	4768.49
993	2017.06.12 16:51	t/p	427	5.82	1.12057	1.12241	1.12057	267.72	5036.21
994	2017.06.21 16:30	sell	428	0.47	1.11336	1.11546	1.10811	0.00	5036.21
995	2017.06.21 21:22	s/l	428	0.47	1.11546	1.11546	1.10811	-98.70	4937.51
996	2017.06.21 21:22	buy	429	0.40	1.11546	1.11424	1.11851	0.00	4937.51
997	2017.06.22 08:34	modify	429	0.40	1.11546	1.11556	1.11851	0.00	4937.51
998	2017.06.22 10:40	s/l	429	0.40	1.11556	1.11556	1.11851	-6.01	4931.50
999	2017.07.05 11:30	sell	430	0.57	1.13503	1.13675	1.13073	0.00	4931.50
1000	2017.07.05 12:00	modify	430	0.57	1.13503	1.13493	1.13073	0.00	4931.50
1001	2017.07.05 21:00	s/l	430	0.57	1.13493	1.13493	1.13073	5.70	4937.20
1002	2017.07.20 10:30	sell	431	0.87	1.15072	1.15270	1.14577	0.00	4937.20
1003	2017.07.20 15:36	buy	432	2.61	1.15221	1.15072	1.15270	0.00	4937.20
1004	2017.07.20 15:37	s/l	432	2.61	1.15072	1.15072	1.15270	-388.89	4548.31
1005	2017.07.20 15:40	buy	433	2.61	1.15221	1.15072	1.15270	0.00	4548.31
1006	2017.07.20 15:43	s/l	431	0.87	1.15270	1.15270	1.14577	-172.26	4376.05
1007	2017.07.20 15:43	t/p	433	2.61	1.15270	1.15072	1.15270	127.89	4503.94
1008	2017.07.26 16:45	sell	434	0.38	1.16337	1.16572	1.15750	0.00	4503.94
1009	2017.07.26 21:01	s/l	434	0.38	1.16572	1.16572	1.15750	-89.30	4414.64
1010	2017.07.31 09:00	buy	435	0.54	1.17456	1.17293	1.17864	0.00	4414.64
1011	2017.07.31 09:16	s/l	435	0.54	1.17293	1.17293	1.17864	-88.02	4326.62
1012	2017.07.31 09:16	sell	436	0.21	1.17293	1.17492	1.16796	0.00	4326.62
1013	2017.07.31 16:51	s/l	436	0.21	1.17492	1.17492	1.16796	-41.79	4284.83
1014	2017.08.03 10:00	buy	437	0.27	1.18511	1.18354	1.18904	0.00	4284.83
1015	2017.08.03 11:00	s/l	437	0.27	1.18354	1.18354	1.18904	-42.39	4242.44
1016	2017.08.03 11:00	sell	438	0.15	1.18353	1.18487	1.18018	0.00	4242.44
1017	2017.08.03 12:34	s/l	438	0.15	1.18487	1.18487	1.18018	-20.10	4222.34
1018	2017.08.07 15:45	sell	439	0.48	1.17887	1.18062	1.17450	0.00	4222.34
1019	2017.08.08 04:05	s/l	439	0.48	1.18062	1.18062	1.17450	-82.78	4139.56
1020	2017.08.08 04:05	buy	440	0.45	1.18062	1.17972	1.18287	0.00	4139.56
1021	2017.08.08 04:51	modify	440	0.45	1.18062	1.18072	1.18287	0.00	4139.56
1022	2017.08.08 05:47	s/l	440	0.45	1.18072	1.18072	1.18287	4.50	4144.06
1023	2017.08.22 15:45	sell	441	0.42	1.17550	1.17746	1.17060	0.00	4144.06
1024	2017.08.23 10:32	s/l	441	0.42	1.17746	1.17746	1.17060	-81.25	4062.80
1025	2017.09.06 09:00	buy	442	0.44	1.19253	1.19072	1.19706	0.00	4062.80
1026	2017.09.07 10:46	modify	442	0.44	1.19253	1.19263	1.19706	0.00	4062.80
1027	2017.09.07 12:21	t/p	442	0.44	1.19706	1.19263	1.19706	188.31	4251.11
1028	2017.09.11 10:45	buy	443	1.39	1.20121	1.19908	1.20654	0.00	4251.11
1029	2017.09.11 14:38	sell	444	4.17	1.19960	1.20121	1.19908	0.00	4251.11
1030	2017.09.11 14:38	s/l	443	1.39	1.19908	1.19908	1.20654	-296.07	3955.04
1031	2017.09.11 14:38	t/p	444	4.17	1.19908	1.20121	1.19908	216.84	4171.88
1032	2017.09.12 11:30	sell	445	0.51	1.19614	1.19776	1.19209	0.00	4171.88
1033	2017.09.12 13:45	modify	445	0.51	1.19614	1.19604	1.19209	0.00	4171.88
1034	2017.09.12 17:18	s/l	445	0.51	1.19604	1.19604	1.19209	5.10	4176.98
1035	2017.09.13 10:30	buy	446	1.49	1.19861	1.19665	1.20351	0.00	4176.98
1036	2017.09.13 12:41	sell	447	4.47	1.19713	1.19861	1.19665	0.00	4176.98
1037	2017.09.13 12:53	s/l	446	1.49	1.19665	1.19665	1.20351	-292.04	3884.94
1038	2017.09.13 12:53	t/p	447	4.47	1.19665	1.19861	1.19665	214.56	4099.50
1039	2017.09.13 14:00	buy	448	0.47	1.19866	1.19695	1.20294	0.00	4099.50
1040	2017.09.13 16:01	s/l	448	0.47	1.19695	1.19695	1.20294	-80.37	4019.13
1041	2017.09.18 15:30	buy	449	0.44	1.19576	1.19397	1.20024	0.00	4019.13
1042	2017.09.18 18:53	s/l	449	0.44	1.19397	1.19397	1.20024	-78.76	3940.37
1043	2017.09.28 16:00	sell	450	0.20	1.17668	1.17863	1.17181	0.00	3940.37
1044	2017.09.28 16:20	s/l	450	0.20	1.17863	1.17863	1.17181	-39.00	3901.37
1045	2017.09.28 16:20	buy	451	0.08	1.17863	1.17644	1.18411	0.00	3901.37
1046	2017.09.29 15:30	modify	451	0.08	1.17863	1.17873	1.18411	0.00	3901.37
1047	2017.10.02 04:10	s/l	451	0.08	1.17873	1.17873	1.18411	-0.54	3900.83
1048	2017.10.03 15:45	sell	452	0.45	1.17382	1.17553	1.16955	0.00	3900.83
1049	2017.10.03 16:24	s/l	452	0.45	1.17553	1.17553	1.16955	-76.95	3823.88
1050	2017.10.03 16:24	buy	453	0.19	1.17553	1.17357	1.18043	0.00	3823.88
1051	2017.10.04 00:51	s/l	453	0.19	1.17357	1.17357	1.18043	-38.83	3785.06
1052	2017.10.19 09:45	buy	454	0.22	1.18123	1.17952	1.18551	0.00	3785.06
1053	2017.10.19 11:09	s/l	454	0.22	1.17952	1.17952	1.18551	-37.62	3747.44
1054	2017.10.19 11:09	sell	455	0.07	1.17952	1.18189	1.17360	0.00	3747.44
1055	2017.10.19 13:21	s/l	455	0.07	1.18189	1.18189	1.17360	-16.59	3730.85
1056	2017.10.31 10:30	sell	456	0.43	1.16350	1.16521	1.15923	0.00	3730.85
1057	2017.10.31 18:26	s/l	456	0.43	1.16521	1.16521	1.15923	-73.53	3657.32
1058	2017.10.31 18:26	buy	457	0.15	1.16521	1.16280	1.17124	0.00	3657.32
1059	2017.11.01 08:41	s/l	457	0.15	1.16280	1.16280	1.17124	-37.40	3619.92
1060	2017.11.06 09:15	sell	458	0.38	1.15999	1.16185	1.15534	0.00	3619.92
1061	2017.11.07 10:43	modify	458	0.38	1.15999	1.15989	1.15534	0.00	3619.92
1062	2017.11.08 01:19	s/l	458	0.38	1.15989	1.15989	1.15534	5.73	3625.64
1063	2017.11.08 14:15	sell	459	1.55	1.15881	1.16044	1.15474	0.00	3625.64
1064	2017.11.08 16:34	buy	460	4.65	1.16004	1.15881	1.16044	0.00	3625.64
1065	2017.11.08 17:58	s/l	460	4.65	1.15881	1.15881	1.16044	-571.95	3053.69
1066	2017.11.09 07:26	buy	461	4.65	1.16004	1.15881	1.16044	0.00	3053.69
1067	2017.11.09 07:31	s/l	459	1.55	1.16044	1.16044	1.15474	-240.86	2812.83
1068	2017.11.09 07:31	t/p	461	4.65	1.16044	1.15881	1.16044	186.00	2998.83
1069	2017.11.09 16:45	buy	462	0.13	1.16204	1.15982	1.16759	0.00	2998.83
1070	2017.11.09 18:46	modify	462	0.13	1.16204	1.16214	1.16759	0.00	2998.83
1071	2017.11.10 17:30	t/p	462	0.13	1.16759	1.16214	1.16759	71.07	3069.90
1072	2017.11.16 08:30	buy	463	0.55	1.17957	1.17763	1.18442	0.00	3069.90
1073	2017.11.16 09:15	sell	464	1.65	1.17810	1.17957	1.17763	0.00	3069.90
1074	2017.11.16 09:36	s/l	463	0.55	1.17763	1.17763	1.18442	-106.70	2963.20
1075	2017.11.16 09:37	t/p	464	1.65	1.17763	1.17957	1.17763	77.55	3040.75
1076	2017.11.22 16:30	buy	465	0.26	1.17671	1.17445	1.18236	0.00	3040.75
1077	2017.11.22 21:01	modify	465	0.26	1.17671	1.17681	1.18236	0.00	3040.75
1078	2017.11.22 21:30	t/p	465	0.26	1.18236	1.17681	1.18236	146.90	3187.65
1079	2017.11.28 10:15	buy	466	1.12	1.19040	1.18842	1.19535	0.00	3187.65
1080	2017.11.28 11:19	sell	467	3.36	1.18891	1.19040	1.18842	0.00	3187.65
1081	2017.11.28 12:08	s/l	466	1.12	1.18842	1.18842	1.19535	-221.76	2965.89
1082	2017.11.28 12:09	t/p	467	3.36	1.18842	1.19040	1.18842	164.64	3130.53
1083	2017.11.28 16:30	sell	468	0.37	1.18844	1.19010	1.18429	0.00	3130.53
1084	2017.11.28 20:20	modify	468	0.37	1.18844	1.18834	1.18429	0.00	3130.53
1085	2017.11.28 21:21	t/p	468	0.37	1.18429	1.18834	1.18429	153.55	3284.08
1086	2017.12.06 09:45	sell	469	1.06	1.18199	1.18415	1.17659	0.00	3284.08
1087	2017.12.06 16:58	modify	469	1.06	1.18199	1.18189	1.17659	0.00	3284.08
1088	2017.12.08 03:43	t/p	469	1.06	1.17659	1.18189	1.17659	583.15	3867.23
1089	2017.12.21 15:45	buy	470	0.45	1.18695	1.18524	1.19123	0.00	3867.23
1090	2017.12.21 16:00	sell	471	1.35	1.18566	1.18695	1.18524	0.00	3867.23
1091	2017.12.21 16:09	s/l	470	0.45	1.18524	1.18524	1.19123	-76.95	3790.28
1092	2017.12.21 16:09	t/p	471	1.35	1.18524	1.18695	1.18524	56.70	3846.98
1093	2018.01.18 15:45	buy	472	0.21	1.22434	1.22252	1.22889	0.00	3846.98
1094	2018.01.18 19:51	s/l	472	0.21	1.22252	1.22252	1.22889	-38.22	3808.76
1095	2018.01.29 08:30	sell	473	0.44	1.24115	1.24288	1.23683	0.00	3808.76
1096	2018.01.29 09:08	s/l	473	0.44	1.24288	1.24288	1.23683	-76.12	3732.64
1097	2018.01.29 09:30	sell	474	0.32	1.24081	1.24309	1.23511	0.00	3732.64
1098	2018.01.29 15:27	modify	474	0.32	1.24081	1.24071	1.23511	0.00	3732.64
1099	2018.01.29 16:36	t/p	474	0.32	1.23511	1.24071	1.23511	182.40	3915.04
1100	2018.02.01 08:15	sell	475	0.71	1.24092	1.24284	1.23612	0.00	3915.04
1101	2018.02.01 10:13	buy	476	2.13	1.24237	1.24092	1.24284	0.00	3915.04
1102	2018.02.01 10:14	s/l	475	0.71	1.24284	1.24284	1.23612	-136.32	3778.72
1103	2018.02.01 10:14	t/p	476	2.13	1.24284	1.24092	1.24284	100.11	3878.83
1104	2018.02.05 14:00	sell	477	0.44	1.24476	1.24651	1.24039	0.00	3878.83
1105	2018.02.05 16:05	modify	477	0.44	1.24476	1.24466	1.24039	0.00	3878.83
1106	2018.02.05 16:40	t/p	477	0.44	1.24039	1.24466	1.24039	192.28	4071.11
1107	2018.02.07 08:15	sell	478	1.72	1.23774	1.23939	1.23362	0.00	4071.11
1108	2018.02.07 08:46	buy	479	5.16	1.23899	1.23774	1.23939	0.00	4071.11
1109	2018.02.07 08:47	s/l	478	1.72	1.23939	1.23939	1.23362	-283.80	3787.31
1110	2018.02.07 08:47	t/p	479	5.16	1.23939	1.23774	1.23939	206.40	3993.71
1111	2018.02.07 11:15	sell	480	0.35	1.23676	1.23904	1.23106	0.00	3993.71
1112	2018.02.07 16:06	modify	480	0.35	1.23676	1.23666	1.23106	0.00	3993.71
1113	2018.02.07 17:30	t/p	480	0.35	1.23106	1.23666	1.23106	199.50	4193.21
1114	2018.02.12 14:15	sell	481	1.91	1.22619	1.22772	1.22237	0.00	4193.21
1115	2018.02.12 15:34	modify	481	1.91	1.22619	1.22609	1.22237	0.00	4193.21
1116	2018.02.12 16:43	s/l	481	1.91	1.22609	1.22609	1.22237	19.10	4212.31
1117	2018.02.26 09:45	buy	482	0.89	1.23322	1.23134	1.23792	0.00	4212.31
1118	2018.02.26 10:01	sell	483	2.67	1.23181	1.23322	1.23134	0.00	4212.31
1119	2018.02.26 10:10	s/l	483	2.67	1.23322	1.23322	1.23134	-376.47	3835.84
1120	2018.02.26 10:32	sell	484	2.67	1.23181	1.23322	1.23134	0.00	3835.84
1121	2018.02.26 11:14	s/l	484	2.67	1.23322	1.23322	1.23134	-376.47	3459.37
1122	2018.02.26 15:12	sell	485	2.67	1.23181	1.23322	1.23134	0.00	3459.37
1123	2018.02.26 15:47	s/l	482	0.89	1.23134	1.23134	1.23792	-167.32	3292.05
1124	2018.02.26 15:49	t/p	485	2.67	1.23134	1.23322	1.23134	125.49	3417.54
1125	2018.02.27 08:30	buy	486	0.44	1.23331	1.23179	1.23711	0.00	3417.54
1126	2018.02.27 13:41	s/l	486	0.44	1.23179	1.23179	1.23711	-66.88	3350.66
1127	2018.02.27 13:41	sell	487	0.19	1.23179	1.23353	1.22744	0.00	3350.66
1128	2018.02.27 15:32	modify	487	0.19	1.23179	1.23169	1.22744	0.00	3350.66
1129	2018.02.27 16:51	t/p	487	0.19	1.22744	1.23169	1.22744	82.65	3433.31
1130	2018.03.06 10:30	buy	488	0.39	1.23436	1.23260	1.23876	0.00	3433.31
1131	2018.03.06 13:23	modify	488	0.39	1.23436	1.23446	1.23876	0.00	3433.31
1132	2018.03.06 13:32	t/p	488	0.39	1.23876	1.23446	1.23876	171.60	3604.91
1133	2018.03.08 09:45	buy	489	0.63	1.24118	1.23919	1.24616	0.00	3604.91
1134	2018.03.08 10:49	sell	490	1.89	1.23968	1.24118	1.23919	0.00	3604.91
1135	2018.03.08 10:52	s/l	489	0.63	1.23919	1.23919	1.24616	-125.37	3479.54
1136	2018.03.08 10:52	t/p	490	1.89	1.23919	1.24118	1.23919	92.61	3572.15
1137	2018.04.03 15:45	sell	491	0.31	1.22940	1.23169	1.22368	0.00	3572.15
1138	2018.04.03 16:29	modify	491	0.31	1.22940	1.22930	1.22368	0.00	3572.15
1139	2018.04.04 10:59	s/l	491	0.31	1.22930	1.22930	1.22368	3.89	3576.04
1140	2018.04.04 15:15	sell	492	1.57	1.22759	1.22918	1.22362	0.00	3576.04
1141	2018.04.04 15:43	buy	493	4.71	1.22879	1.22759	1.22918	0.00	3576.04
1142	2018.04.04 15:49	s/l	492	1.57	1.22918	1.22918	1.22362	-249.63	3326.41
1143	2018.04.04 15:49	t/p	493	4.71	1.22918	1.22759	1.22918	183.69	3510.10
1144	2018.04.09 14:45	buy	494	0.45	1.22796	1.22640	1.23186	0.00	3510.10
1145	2018.04.09 15:13	modify	494	0.45	1.22796	1.22806	1.23186	0.00	3510.10
1146	2018.04.09 16:05	t/p	494	0.45	1.23186	1.22806	1.23186	175.50	3685.60
1147	2018.04.18 11:15	buy	495	1.47	1.23700	1.23525	1.24138	0.00	3685.60
1148	2018.04.18 12:00	sell	496	4.41	1.23568	1.23700	1.23525	0.00	3685.60
1149	2018.04.18 12:00	s/l	495	1.47	1.23525	1.23525	1.24138	-257.25	3428.35
1150	2018.04.18 12:00	t/p	496	4.41	1.23525	1.23700	1.23525	189.63	3617.98
1151	2018.05.03 16:00	sell	497	0.15	1.19795	1.20031	1.19205	0.00	3617.98
1152	2018.05.03 21:44	s/l	497	0.15	1.20031	1.20031	1.19205	-35.40	3582.58
1153	2018.05.03 21:44	buy	498	0.07	1.20031	1.19794	1.20624	0.00	3582.58
1154	2018.05.04 09:00	s/l	498	0.07	1.19794	1.19794	1.20624	-17.17	3565.40
1155	2018.05.08 10:00	sell	499	0.41	1.19179	1.19351	1.18749	0.00	3565.40
1156	2018.05.08 11:27	modify	499	0.41	1.19179	1.19169	1.18749	0.00	3565.40
1157	2018.05.08 12:42	t/p	499	0.41	1.18749	1.19169	1.18749	176.30	3741.70
1158	2018.05.10 10:15	sell	500	0.62	1.18604	1.18812	1.18084	0.00	3741.70
1159	2018.05.10 11:52	buy	501	1.86	1.18761	1.18604	1.18812	0.00	3741.70
1160	2018.05.10 12:15	s/l	500	0.62	1.18812	1.18812	1.18084	-128.96	3612.74
1161	2018.05.10 12:15	t/p	501	1.86	1.18812	1.18604	1.18812	94.86	3707.60
1162	2018.05.15 11:00	sell	502	0.46	1.19231	1.19391	1.18831	0.00	3707.60
1163	2018.05.15 14:10	modify	502	0.46	1.19231	1.19221	1.18831	0.00	3707.60
1164	2018.05.15 14:28	t/p	502	0.46	1.18831	1.19221	1.18831	184.00	3891.60
1165	2018.05.17 09:15	sell	503	0.60	1.18149	1.18374	1.17587	0.00	3891.60
1166	2018.05.17 13:27	modify	503	0.60	1.18149	1.18139	1.17587	0.00	3891.60
1167	2018.05.18 08:58	s/l	503	0.60	1.18139	1.18139	1.17587	7.52	3899.13
1168	2018.06.12 15:00	buy	504	0.80	1.17935	1.17741	1.18420	0.00	3899.13
1169	2018.06.12 15:28	sell	505	2.40	1.17789	1.17935	1.17741	0.00	3899.13
1170	2018.06.12 15:32	s/l	505	2.40	1.17935	1.17935	1.17741	-350.40	3548.73
1171	2018.06.12 19:29	sell	506	2.40	1.17789	1.17935	1.17741	0.00	3548.73
1172	2018.06.12 19:58	s/l	504	0.80	1.17741	1.17741	1.18420	-155.20	3393.53
1173	2018.06.12 19:58	t/p	506	2.40	1.17741	1.17935	1.17741	115.20	3508.73
1174	2018.06.13 09:15	sell	507	0.46	1.17397	1.17548	1.17020	0.00	3508.73
1175	2018.06.13 12:52	s/l	507	0.46	1.17548	1.17548	1.17020	-69.46	3439.27
1176	2018.06.13 12:52	buy	508	0.19	1.17549	1.17371	1.17994	0.00	3439.27
1177	2018.06.13 16:21	modify	508	0.19	1.17549	1.17559	1.17994	0.00	3439.27
1178	2018.06.13 21:02	s/l	508	0.19	1.17559	1.17559	1.17994	1.90	3441.17
1179	2018.06.20 10:00	sell	509	0.35	1.15667	1.15862	1.15180	0.00	3441.17
1180	2018.06.20 10:42	s/l	509	0.35	1.15862	1.15862	1.15180	-68.25	3372.92
1181	2018.06.21 11:15	sell	510	0.21	1.15541	1.15697	1.15151	0.00	3372.92
1182	2018.06.21 11:50	modify	510	0.21	1.15541	1.15531	1.15151	0.00	3372.92
1183	2018.06.21 12:02	t/p	510	0.21	1.15151	1.15531	1.15151	81.90	3454.82
1184	2018.06.27 08:15	sell	511	1.27	1.16401	1.16590	1.15929	0.00	3454.82
1185	2018.06.27 08:52	buy	512	3.81	1.16543	1.16401	1.16590	0.00	3454.82
1186	2018.06.27 09:09	s/l	511	1.27	1.16590	1.16590	1.15929	-240.03	3214.79
1187	2018.06.27 09:11	t/p	512	3.81	1.16590	1.16401	1.16590	179.07	3393.86
1188	2018.06.27 10:45	sell	513	0.34	1.16544	1.16741	1.16052	0.00	3393.86
1189	2018.06.27 11:35	modify	513	0.34	1.16544	1.16534	1.16052	0.00	3393.86
1190	2018.06.27 15:48	t/p	513	0.34	1.16052	1.16534	1.16052	167.28	3561.14
1191	2018.07.05 08:30	buy	514	0.75	1.16643	1.16479	1.17053	0.00	3561.14
1192	2018.07.05 08:51	modify	514	0.75	1.16643	1.16653	1.17053	0.00	3561.14
1193	2018.07.05 09:37	t/p	514	0.75	1.17053	1.16653	1.17053	307.50	3868.64
1194	2018.07.10 09:45	buy	515	0.92	1.17465	1.17297	1.17885	0.00	3868.64
1195	2018.07.10 11:36	sell	516	2.76	1.17339	1.17465	1.17297	0.00	3868.64
1196	2018.07.10 11:39	s/l	515	0.92	1.17297	1.17297	1.17885	-154.56	3714.08
1197	2018.07.10 11:39	t/p	516	2.76	1.17297	1.17465	1.17297	115.92	3830.00
1198	2018.07.10 11:45	sell	517	0.31	1.17264	1.17505	1.16662	0.00	3830.00
1199	2018.07.11 15:45	s/l	517	0.31	1.17505	1.17505	1.16662	-73.92	3756.07
1200	2018.07.24 11:30	sell	518	0.39	1.16796	1.16988	1.16316	0.00	3756.07
1201	2018.07.24 13:09	s/l	518	0.39	1.16988	1.16988	1.16316	-74.88	3681.19
1202	2018.07.24 13:09	buy	519	0.17	1.16988	1.16781	1.17506	0.00	3681.19
1203	2018.07.24 19:00	s/l	519	0.17	1.16781	1.16781	1.17506	-35.19	3646.00
1204	2018.07.25 16:00	buy	520	0.46	1.16990	1.16834	1.17380	0.00	3646.00
1205	2018.07.25 17:43	s/l	520	0.46	1.16834	1.16834	1.17380	-71.76	3574.24
1206	2018.08.01 16:45	sell	521	0.47	1.16783	1.16935	1.16403	0.00	3574.24
1207	2018.08.02 05:44	modify	521	0.47	1.16783	1.16773	1.16403	0.00	3574.24
1208	2018.08.02 09:35	t/p	521	0.47	1.16403	1.16773	1.16403	182.18	3756.42
1209	2018.08.16 11:30	buy	522	0.57	1.13776	1.13548	1.14346	0.00	3756.42
1210	2018.08.16 14:00	sell	523	1.71	1.13604	1.13776	1.13548	0.00	3756.42
1211	2018.08.16 14:28	s/l	523	1.71	1.13776	1.13776	1.13548	-294.12	3462.30
1212	2018.08.16 19:50	sell	524	1.71	1.13605	1.13776	1.13548	0.00	3462.30
1213	2018.08.16 20:47	s/l	522	0.57	1.13548	1.13548	1.14346	-129.96	3332.34
1214	2018.08.16 20:47	t/p	524	1.71	1.13548	1.13776	1.13548	97.47	3429.81
1215	2018.08.27 14:15	buy	525	0.45	1.16177	1.16026	1.16555	0.00	3429.81
1216	2018.08.27 15:20	modify	525	0.45	1.16177	1.16187	1.16555	0.00	3429.81
1217	2018.08.27 16:48	t/p	525	0.45	1.16555	1.16187	1.16555	170.10	3599.91
1218	2018.09.05 09:15	sell	526	1.65	1.15819	1.15971	1.15439	0.00	3599.91
1219	2018.09.05 10:16	modify	526	1.65	1.15819	1.15809	1.15439	0.00	3599.91
1220	2018.09.05 10:22	t/p	526	1.65	1.15439	1.15809	1.15439	627.00	4226.91
1221	2018.09.06 10:30	buy	527	0.37	1.16337	1.16114	1.16895	0.00	4226.91
1222	2018.09.06 12:42	sell	528	1.11	1.16169	1.16337	1.16114	0.00	4226.91
1223	2018.09.06 14:53	s/l	528	1.11	1.16337	1.16337	1.16114	-186.48	4040.43
1224	2018.09.06 18:05	sell	529	1.11	1.16168	1.16337	1.16114	0.00	4040.43
1225	2018.09.06 18:06	s/l	527	0.37	1.16114	1.16114	1.16895	-82.51	3957.92
1226	2018.09.06 18:06	t/p	529	1.11	1.16114	1.16337	1.16114	59.94	4017.86
1227	2018.09.12 11:45	sell	530	0.34	1.15831	1.16064	1.15249	0.00	4017.86
1228	2018.09.12 17:01	s/l	530	0.34	1.16064	1.16064	1.15249	-79.22	3938.64
1229	2018.09.12 17:01	buy	531	0.18	1.16064	1.15851	1.16597	0.00	3938.64
1230	2018.09.12 18:14	modify	531	0.18	1.16064	1.16074	1.16597	0.00	3938.64
1231	2018.09.13 15:38	t/p	531	0.18	1.16597	1.16074	1.16597	91.43	4030.07
1232	2018.09.25 11:45	buy	532	0.32	1.17560	1.17311	1.18183	0.00	4030.07
1233	2018.09.26 15:20	s/l	532	0.32	1.17311	1.17311	1.18183	-82.35	3947.72
1234	2018.09.26 15:20	sell	533	0.23	1.17311	1.17478	1.16894	0.00	3947.72
1235	2018.09.26 17:45	s/l	533	0.23	1.17478	1.17478	1.16894	-38.41	3909.31
1236	2018.10.10 14:00	buy	534	0.45	1.15026	1.14853	1.15459	0.00	3909.31
1237	2018.10.10 17:09	modify	534	0.45	1.15026	1.15036	1.15459	0.00	3909.31
1238	2018.10.11 04:51	t/p	534	0.45	1.15459	1.15036	1.15459	183.59	4092.90
1239	2018.10.16 10:30	buy	535	1.22	1.15911	1.15678	1.16494	0.00	4092.90
1240	2018.10.16 12:06	sell	536	3.66	1.15736	1.15911	1.15678	0.00	4092.90
1241	2018.10.16 12:23	s/l	535	1.22	1.15678	1.15678	1.16494	-284.26	3808.64
1242	2018.10.16 12:23	t/p	536	3.66	1.15678	1.15911	1.15678	212.28	4020.92
1243	2018.10.18 15:15	sell	537	0.24	1.15042	1.15208	1.14627	0.00	4020.92
1244	2018.10.18 19:15	modify	537	0.24	1.15042	1.15032	1.14627	0.00	4020.92
1245	2018.10.18 20:19	t/p	537	0.24	1.14627	1.15032	1.14627	99.60	4120.52
1246	2018.10.25 16:15	sell	538	0.60	1.14105	1.14342	1.13513	0.00	4120.52
1247	2018.10.25 16:40	modify	538	0.60	1.14105	1.14095	1.13513	0.00	4120.52
1248	2018.10.26 12:53	t/p	538	0.60	1.13513	1.14095	1.13513	356.72	4477.24
1249	2018.11.08 09:15	sell	539	0.42	1.14158	1.14369	1.13631	0.00	4477.24
1250	2018.11.08 09:43	buy	540	1.26	1.14317	1.14158	1.14369	0.00	4477.24
1251	2018.11.08 10:02	s/l	539	0.42	1.14369	1.14369	1.13631	-88.62	4388.62
1252	2018.11.08 10:02	t/p	540	1.26	1.14369	1.14158	1.14369	65.52	4454.14
1253	2018.11.08 11:00	sell	541	0.26	1.14295	1.14463	1.13875	0.00	4454.14
1254	2018.11.08 13:34	modify	541	0.26	1.14295	1.14285	1.13875	0.00	4454.14
1255	2018.11.08 15:15	s/l	541	0.26	1.14285	1.14285	1.13875	2.60	4456.74
1256	2018.11.21 11:45	sell	542	1.26	1.13826	1.14073	1.13209	0.00	4456.74
1257	2018.11.21 12:04	buy	543	3.78	1.14013	1.13826	1.14073	0.00	4456.74
1258	2018.11.21 12:33	s/l	543	3.78	1.13826	1.13826	1.14073	-706.86	3749.88
1259	2018.11.21 13:22	buy	544	3.78	1.14012	1.13826	1.14073	0.00	3749.88
1260	2018.11.21 13:23	s/l	542	1.26	1.14073	1.14073	1.13209	-311.22	3438.66
1261	2018.11.21 13:23	t/p	544	3.78	1.14073	1.13826	1.14073	230.58	3669.24
1262	2018.11.26 15:00	sell	545	0.48	1.13561	1.13712	1.13184	0.00	3669.24
1263	2018.11.26 15:34	s/l	545	0.48	1.13712	1.13712	1.13184	-72.48	3596.76
1264	2018.11.26 15:34	buy	546	0.18	1.13712	1.13522	1.14187	0.00	3596.76
1265	2018.11.26 16:26	s/l	546	0.18	1.13522	1.13522	1.14187	-34.20	3562.56
1266	2018.12.13 15:30	buy	547	0.15	1.13807	1.13570	1.14400	0.00	3562.56
1267	2018.12.13 15:38	s/l	547	0.15	1.13570	1.13570	1.14400	-35.55	3527.01
1268	2018.12.27 09:45	sell	548	0.22	1.13748	1.13907	1.13351	0.00	3527.01
1269	2018.12.27 10:24	s/l	548	0.22	1.13907	1.13907	1.13351	-34.98	3492.03
1270	2018.12.27 10:24	buy	549	0.08	1.13907	1.13708	1.14405	0.00	3492.03
1271	2018.12.27 14:58	s/l	549	0.08	1.13708	1.13708	1.14405	-15.92	3476.11
1272	2018.12.31 10:00	buy	550	0.33	1.14428	1.14219	1.14951	0.00	3476.11
1273	2019.01.02 07:58	modify	550	0.33	1.14428	1.14438	1.14951	0.00	3476.11
1274	2019.01.02 08:10	t/p	550	0.33	1.14951	1.14438	1.14951	167.08	3643.19
1275	2019.01.09 15:45	buy	551	1.46	1.14633	1.14459	1.15068	0.00	3643.19
1276	2019.01.09 16:35	modify	551	1.46	1.14633	1.14643	1.15068	0.00	3643.19
1277	2019.01.09 16:36	t/p	551	1.46	1.15068	1.14643	1.15068	635.10	4278.29
1278	2019.01.14 14:45	sell	552	1.05	1.14570	1.14732	1.14165	0.00	4278.29
1279	2019.01.14 15:07	buy	553	3.15	1.14692	1.14570	1.14732	0.00	4278.29
1280	2019.01.14 15:44	s/l	553	3.15	1.14570	1.14570	1.14732	-384.30	3893.99
1281	2019.01.14 17:09	buy	554	3.15	1.14692	1.14570	1.14732	0.00	3893.99
1282	2019.01.14 17:55	s/l	552	1.05	1.14732	1.14732	1.14165	-170.10	3723.89
1283	2019.01.14 17:55	t/p	554	3.15	1.14732	1.14570	1.14732	126.00	3849.89
1284	2019.01.17 15:45	sell	555	0.20	1.13876	1.14064	1.13406	0.00	3849.89
1285	2019.01.18 12:02	s/l	555	0.20	1.14064	1.14064	1.13406	-37.09	3812.80
1286	2019.01.18 12:02	buy	556	0.24	1.14065	1.13907	1.14460	0.00	3812.80
1287	2019.01.18 16:19	s/l	556	0.24	1.13907	1.13907	1.14460	-37.92	3774.88
1288	2019.01.30 10:30	buy	557	0.42	1.14396	1.14218	1.14841	0.00	3774.88
1289	2019.01.30 13:11	s/l	557	0.42	1.14218	1.14218	1.14841	-74.76	3700.12
1290	2019.01.30 13:11	sell	558	0.26	1.14218	1.14359	1.13866	0.00	3700.12
1291	2019.01.30 14:07	s/l	558	0.26	1.14359	1.14359	1.13866	-36.66	3663.46
1292	2019.02.13 14:00	buy	559	0.35	1.13294	1.13087	1.13812	0.00	3663.46
1293	2019.02.13 14:54	s/l	559	0.35	1.13087	1.13087	1.13812	-72.45	3591.01
1294	2019.02.13 14:54	sell	560	0.15	1.13087	1.13314	1.12520	0.00	3591.01
1295	2019.02.13 19:34	modify	560	0.15	1.13087	1.13077	1.12520	0.00	3591.01
1296	2019.02.14 00:37	t/p	560	0.15	1.12520	1.13077	1.12520	86.19	3677.20
1297	2019.02.20 14:30	buy	561	0.40	1.13406	1.13223	1.13864	0.00	3677.20
1298	2019.02.20 18:51	modify	561	0.40	1.13406	1.13416	1.13864	0.00	3677.20
1299	2019.02.20 21:11	s/l	561	0.40	1.13416	1.13416	1.13864	4.00	3681.20
1300	2019.03.11 15:30	buy	562	1.19	1.12518	1.12302	1.13058	0.00	3681.20
1301	2019.03.11 16:51	sell	563	3.57	1.12356	1.12518	1.12302	0.00	3681.20
1302	2019.03.11 17:51	s/l	562	1.19	1.12302	1.12302	1.13058	-257.04	3424.16
1303	2019.03.11 17:51	t/p	563	3.57	1.12302	1.12518	1.12302	192.78	3616.94
1304	2019.03.14 09:30	buy	564	0.23	1.13253	1.13098	1.13641	0.00	3616.94
1305	2019.03.14 12:01	s/l	564	0.23	1.13098	1.13098	1.13641	-35.65	3581.29
1306	2019.03.14 12:01	sell	565	0.12	1.13098	1.13240	1.12743	0.00	3581.29
1307	2019.03.15 05:01	s/l	565	0.12	1.13240	1.13240	1.12743	-16.74	3564.56
1308	2019.10.03 15:45	buy	566	0.22	1.09621	1.09460	1.10024	0.00	3564.56
1309	2019.10.03 17:00	modify	566	0.22	1.09621	1.09631	1.10024	0.00	3564.56
1310	2019.10.03 23:59	s/l	566	0.22	1.09631	1.09631	1.10024	2.20	3566.76
1311	2019.10.16 15:45	buy	567	1.07	1.10442	1.10210	1.11022	0.00	3566.76
1312	2019.10.16 19:25	modify	567	1.07	1.10442	1.10452	1.11022	0.00	3566.76
1313	2019.10.17 12:30	t/p	567	1.07	1.11022	1.10452	1.11022	593.82	4160.57
1314	2019.11.07 16:00	sell	568	0.48	1.10670	1.10843	1.10238	0.00	4160.57
1315	2019.11.07 17:57	modify	568	0.48	1.10670	1.10660	1.10238	0.00	4160.57
1316	2019.11.08 17:02	t/p	568	0.48	1.10238	1.10660	1.10238	208.58	4369.15
1317	2020.02.24 10:30	buy	569	0.94	1.08283	1.08099	1.08743	0.00	4369.15
1318	2020.02.24 11:49	sell	570	2.82	1.08142	1.08283	1.08099	0.00	4369.15
1319	2020.02.24 14:29	s/l	570	2.82	1.08283	1.08283	1.08099	-397.62	3971.53
1320	2020.02.24 15:11	sell	571	2.82	1.08142	1.08283	1.08099	0.00	3971.53
1321	2020.02.24 16:20	s/l	571	2.82	1.08283	1.08283	1.08099	-397.62	3573.91
1322	2020.02.24 17:07	modify	569	0.94	1.08283	1.08293	1.08743	0.00	3573.91
1323	2020.02.25 18:16	t/p	569	0.94	1.08743	1.08293	1.08743	424.56	3998.47
1324	2020.03.04 10:00	buy	572	0.97	1.11594	1.11430	1.12004	0.00	3998.47
1325	2020.03.04 10:42	modify	572	0.97	1.11594	1.11604	1.12004	0.00	3998.47
1326	2020.03.04 11:04	s/l	572	0.97	1.11604	1.11604	1.12004	9.70	4008.17
1327	2020.04.06 09:15	sell	573	0.71	1.08149	1.08374	1.07587	0.00	4008.17
1328	2020.04.06 15:45	modify	573	0.71	1.08149	1.08139	1.07587	0.00	4008.17
1329	2020.04.06 18:24	s/l	573	0.71	1.08139	1.08139	1.07587	7.10	4015.27
1330	2020.04.09 15:15	buy	574	0.41	1.08670	1.08475	1.09158	0.00	4015.27
1331	2020.04.09 15:53	modify	574	0.41	1.08670	1.08680	1.09158	0.00	4015.27
1332	2020.04.09 16:13	t/p	574	0.41	1.09158	1.08680	1.09158	200.08	4215.35
1333	2020.04.13 09:30	buy	575	0.96	1.09488	1.09314	1.09923	0.00	4215.35
1334	2020.04.13 11:16	sell	576	2.88	1.09356	1.09488	1.09314	0.00	4215.35
1335	2020.04.13 11:20	s/l	575	0.96	1.09314	1.09314	1.09923	-167.04	4048.31
1336	2020.04.13 11:20	t/p	576	2.88	1.09314	1.09488	1.09314	120.96	4169.27
1337	2020.04.13 15:00	buy	577	0.36	1.09303	1.09072	1.09881	0.00	4169.27
1338	2020.04.13 16:29	s/l	577	0.36	1.09072	1.09072	1.09881	-83.16	4086.11
1339	2020.04.20 08:45	sell	578	0.40	1.08528	1.08731	1.08021	0.00	4086.11
1340	2020.04.20 11:46	s/l	578	0.40	1.08731	1.08731	1.08021	-81.20	4004.91
1341	2020.04.20 11:46	buy	579	0.25	1.08731	1.08574	1.09124	0.00	4004.91
1342	2020.04.20 14:08	s/l	579	0.25	1.08574	1.08574	1.09124	-39.25	3965.66
1343	2020.04.28 10:30	buy	580	0.34	1.08307	1.08076	1.08885	0.00	3965.66
1344	2020.04.28 12:20	modify	580	0.34	1.08307	1.08317	1.08885	0.00	3965.66
1345	2020.04.28 17:59	s/l	580	0.34	1.08317	1.08317	1.08885	3.40	3969.06
1346	2020.04.29 16:00	buy	581	1.40	1.08573	1.08375	1.09068	0.00	3969.06
1347	2020.04.30 10:05	modify	581	1.40	1.08573	1.08583	1.09068	0.00	3969.06
1348	2020.04.30 16:08	s/l	581	1.40	1.08583	1.08583	1.09068	-21.04	3948.01
1349	2020.05.07 11:00	sell	582	0.20	1.07988	1.08182	1.07503	0.00	3948.01
1350	2020.05.07 17:03	modify	582	0.20	1.07988	1.07978	1.07503	0.00	3948.01
1351	2020.05.07 18:45	s/l	582	0.20	1.07978	1.07978	1.07503	2.00	3950.01
1352	2020.05.12 10:45	sell	583	1.32	1.08086	1.08295	1.07564	0.00	3950.01
1353	2020.05.12 11:15	buy	584	3.96	1.08243	1.08086	1.08295	0.00	3950.01
1354	2020.05.12 13:25	s/l	583	1.32	1.08295	1.08295	1.07564	-275.88	3674.13
1355	2020.05.12 13:25	t/p	584	3.96	1.08295	1.08086	1.08295	205.92	3880.05
1356	2020.05.27 11:00	buy	585	0.51	1.09651	1.09499	1.10031	0.00	3880.05
1357	2020.05.27 12:03	s/l	585	0.51	1.09499	1.09499	1.10031	-77.52	3802.53
1358	2020.06.08 10:00	buy	586	0.49	1.12944	1.12791	1.13327	0.00	3802.53
1359	2020.06.08 13:35	s/l	586	0.49	1.12791	1.12791	1.13327	-74.97	3727.56
1360	2020.06.08 13:35	sell	587	0.16	1.12789	1.13017	1.12219	0.00	3727.56
1361	2020.06.08 15:48	s/l	587	0.16	1.13017	1.13017	1.12219	-36.48	3691.08
1362	2020.06.09 09:45	sell	588	0.32	1.12753	1.12980	1.12186	0.00	3691.08
1363	2020.06.09 11:19	modify	588	0.32	1.12753	1.12743	1.12186	0.00	3691.08
1364	2020.06.09 13:09	s/l	588	0.32	1.12743	1.12743	1.12186	3.20	3694.28
1365	2020.06.24 14:00	buy	589	1.61	1.13069	1.12909	1.13469	0.00	3694.28
1366	2020.06.24 14:35	sell	590	4.83	1.12947	1.13069	1.12909	0.00	3694.28
1367	2020.06.24 14:43	s/l	589	1.61	1.12909	1.12909	1.13469	-257.60	3436.68
1368	2020.06.24 14:43	t/p	590	4.83	1.12909	1.13069	1.12909	183.54	3620.22
1369	2020.07.08 09:15	sell	591	0.40	1.12656	1.12836	1.12206	0.00	3620.22
1370	2020.07.08 10:06	s/l	591	0.40	1.12836	1.12836	1.12206	-72.00	3548.22
1371	2020.07.08 10:06	buy	592	0.16	1.12836	1.12627	1.13359	0.00	3548.22
1372	2020.07.08 16:32	modify	592	0.16	1.12836	1.12846	1.13359	0.00	3548.22
1373	2020.07.08 17:05	t/p	592	0.16	1.13359	1.12846	1.13359	83.68	3631.90
1374	2020.07.14 11:45	buy	593	0.35	1.13492	1.13285	1.14010	0.00	3631.90
1375	2020.07.14 14:36	modify	593	0.35	1.13492	1.13502	1.14010	0.00	3631.90
1376	2020.07.14 17:29	t/p	593	0.35	1.14010	1.13502	1.14010	181.30	3813.20
1377	2020.07.16 15:00	buy	594	0.70	1.14133	1.13944	1.14606	0.00	3813.20
1378	2020.07.16 17:40	modify	594	0.70	1.14133	1.14143	1.14606	0.00	3813.20
1379	2020.07.16 19:39	s/l	594	0.70	1.14143	1.14143	1.14606	7.00	3820.20
1380	2020.07.21 10:15	buy	595	0.62	1.14589	1.14345	1.15199	0.00	3820.20
1381	2020.07.21 10:42	sell	596	1.86	1.14403	1.14589	1.14345	0.00	3820.20
1382	2020.07.21 10:46	s/l	595	0.62	1.14345	1.14345	1.15199	-151.28	3668.92
1383	2020.07.21 10:46	t/p	596	1.86	1.14345	1.14589	1.14345	107.88	3776.80
1384	2020.07.29 09:15	buy	597	0.45	1.17407	1.17240	1.17825	0.00	3776.80
1385	2020.07.29 10:43	modify	597	0.45	1.17407	1.17417	1.17825	0.00	3776.80
1386	2020.07.29 14:01	s/l	597	0.45	1.17417	1.17417	1.17825	4.50	3781.30
1387	2020.08.17 14:45	buy	598	1.37	1.18510	1.18318	1.18990	0.00	3781.30
1388	2020.08.17 16:51	modify	598	1.37	1.18510	1.18520	1.18990	0.00	3781.30
1389	2020.08.18 09:33	t/p	598	1.37	1.18990	1.18520	1.18990	646.17	4427.47
1390	2020.08.27 10:45	buy	599	0.51	1.18316	1.18144	1.18746	0.00	4427.47
1391	2020.08.27 13:32	sell	600	1.53	1.18186	1.18316	1.18144	0.00	4427.47
1392	2020.08.27 13:34	s/l	599	0.51	1.18144	1.18144	1.18746	-87.72	4339.75
1393	2020.08.27 13:34	t/p	600	1.53	1.18144	1.18316	1.18144	64.26	4404.01
1394	2020.09.02 09:30	sell	601	0.46	1.18965	1.19153	1.18495	0.00	4404.01
1395	2020.09.02 10:32	modify	601	0.46	1.18965	1.18955	1.18495	0.00	4404.01
1396	2020.09.02 14:31	t/p	601	0.46	1.18495	1.18955	1.18495	216.20	4620.21
1397	2020.09.09 11:45	sell	602	1.51	1.17679	1.17892	1.17147	0.00	4620.21
1398	2020.09.09 15:36	buy	603	4.53	1.17840	1.17679	1.17892	0.00	4620.21
1399	2020.09.09 15:49	s/l	602	1.51	1.17892	1.17892	1.17147	-321.63	4298.58
1400	2020.09.09 15:49	t/p	603	4.53	1.17892	1.17679	1.17892	235.56	4534.14
1401	2020.09.10 11:30	buy	604	0.25	1.18319	1.18138	1.18772	0.00	4534.14
1402	2020.09.10 15:31	modify	604	0.25	1.18319	1.18329	1.18772	0.00	4534.14
1403	2020.09.10 15:31	t/p	604	0.25	1.18772	1.18329	1.18772	113.25	4647.39
1404	2020.09.30 15:30	buy	605	1.72	1.17154	1.16965	1.17627	0.00	4647.39
1405	2020.09.30 16:34	sell	606	5.16	1.17012	1.17154	1.16965	0.00	4647.39
1406	2020.09.30 16:38	s/l	605	1.72	1.16965	1.16965	1.17627	-325.08	4322.31
1407	2020.09.30 16:38	t/p	606	5.16	1.16965	1.17154	1.16965	242.52	4564.83
1408	2020.10.12 10:45	buy	607	0.49	1.18219	1.18036	1.18677	0.00	4564.83
1409	2020.10.12 12:24	s/l	607	0.49	1.18036	1.18036	1.18677	-89.67	4475.16
1410	2020.10.12 12:24	sell	608	0.35	1.18035	1.18161	1.17720	0.00	4475.16
1411	2020.10.12 17:03	s/l	608	0.35	1.18161	1.18161	1.17720	-44.10	4431.06
1412	2020.10.13 16:15	sell	609	0.48	1.17823	1.18006	1.17366	0.00	4431.06
1413	2020.10.13 16:39	modify	609	0.48	1.17823	1.17813	1.17366	0.00	4431.06
1414	2020.10.13 18:47	t/p	609	0.48	1.17366	1.17813	1.17366	219.36	4650.42
1415	2020.11.10 10:00	sell	610	1.55	1.18168	1.18378	1.17643	0.00	4650.42
1416	2020.11.10 10:20	buy	611	4.65	1.18327	1.18168	1.18378	0.00	4650.42
1417	2020.11.10 10:28	s/l	610	1.55	1.18378	1.18378	1.17643	-325.50	4324.92
1418	2020.11.10 10:28	t/p	611	4.65	1.18378	1.18168	1.18378	237.15	4562.07
1419	2020.11.11 09:45	sell	612	0.58	1.18144	1.18301	1.17752	0.00	4562.07
1420	2020.11.11 10:20	modify	612	0.58	1.18144	1.18134	1.17752	0.00	4562.07
1421	2020.11.11 12:55	t/p	612	0.58	1.17752	1.18134	1.17752	227.36	4789.43
1422	2020.11.12 16:00	buy	613	0.79	1.18095	1.17883	1.18625	0.00	4789.43
1423	2020.11.12 16:12	sell	614	2.37	1.17936	1.18095	1.17883	0.00	4789.43
1424	2020.11.12 16:29	s/l	613	0.79	1.17883	1.17883	1.18625	-167.48	4621.95
1425	2020.11.12 16:29	t/p	614	2.37	1.17883	1.18095	1.17883	125.61	4747.56
1426	2020.11.19 10:30	sell	615	0.27	1.18360	1.18534	1.17925	0.00	4747.56
1427	2020.11.19 20:55	s/l	615	0.27	1.18534	1.18534	1.17925	-46.98	4700.58
1428	2020.11.19 20:55	buy	616	0.25	1.18534	1.18442	1.18764	0.00	4700.58
1429	2020.11.19 21:11	modify	616	0.25	1.18534	1.18544	1.18764	0.00	4700.58
1430	2020.11.19 22:11	t/p	616	0.25	1.18764	1.18544	1.18764	57.50	4758.08
1431	2020.11.25 15:00	buy	617	0.59	1.18959	1.18799	1.19359	0.00	4758.08
1432	2020.11.25 17:39	modify	617	0.59	1.18959	1.18969	1.19359	0.00	4758.08
1433	2020.11.26 08:23	t/p	617	0.59	1.19359	1.18969	1.19359	221.23	4979.31
1434	2020.12.01 15:30	buy	618	1.73	1.19823	1.19622	1.20326	0.00	4979.31
1435	2020.12.01 17:17	modify	618	1.73	1.19823	1.19833	1.20326	0.00	4979.31
1436	2020.12.01 17:49	t/p	618	1.73	1.20326	1.19833	1.20326	870.19	5849.50
1437	2020.12.15 16:30	buy	619	1.22	1.21529	1.21338	1.22007	0.00	5849.50
1438	2020.12.16 10:30	modify	619	1.22	1.21529	1.21539	1.22007	0.00	5849.50
1439	2020.12.16 10:34	t/p	619	1.22	1.22007	1.21539	1.22007	572.98	6422.48
1440	2020.12.22 10:00	sell	620	1.70	1.22167	1.22318	1.21790	0.00	6422.48
1441	2020.12.22 12:49	buy	621	5.10	1.22283	1.22167	1.22318	0.00	6422.48
1442	2020.12.22 12:52	s/l	620	1.70	1.22318	1.22318	1.21790	-256.70	6165.78
1443	2020.12.22 12:52	t/p	621	5.10	1.22318	1.22167	1.22318	178.50	6344.28
1444	2020.12.23 10:15	sell	622	0.66	1.21838	1.22029	1.21361	0.00	6344.28
1445	2020.12.23 16:30	s/l	622	0.66	1.22029	1.22029	1.21361	-126.06	6218.22
1446	2020.12.28 15:15	buy	623	0.66	1.22187	1.22001	1.22652	0.00	6218.22
1447	2020.12.29 09:12	modify	623	0.66	1.22187	1.22197	1.22652	0.00	6218.22
1448	2020.12.29 16:48	t/p	623	0.66	1.22652	1.22197	1.22652	301.39	6519.61
1449	2020.12.31 11:00	buy	624	1.39	1.23012	1.22849	1.23420	0.00	6519.61
1450	2020.12.31 11:10	sell	625	4.17	1.22889	1.23012	1.22849	0.00	6519.61
1451	2020.12.31 11:15	s/l	624	1.39	1.22849	1.22849	1.23420	-226.57	6293.04
1452	2020.12.31 11:15	t/p	625	4.17	1.22849	1.23012	1.22849	166.80	6459.84
1453	2021.01.05 10:15	buy	626	0.77	1.22697	1.22531	1.23112	0.00	6459.84
1454	2021.01.05 18:45	modify	626	0.77	1.22697	1.22707	1.23112	0.00	6459.84
1455	2021.01.06 02:50	t/p	626	0.77	1.23112	1.22707	1.23112	313.13	6772.97
1456	2021.01.21 11:30	buy	627	1.08	1.21412	1.21193	1.21960	0.00	6772.97
1457	2021.01.22 02:14	modify	627	1.08	1.21412	1.21422	1.21960	0.00	6772.97
1458	2021.01.25 12:00	s/l	627	1.08	1.21422	1.21422	1.21960	-7.22	6765.75
1459	2021.01.28 15:15	sell	628	0.30	1.20907	1.21129	1.20352	0.00	6765.75
1460	2021.01.28 15:50	s/l	628	0.30	1.21129	1.21129	1.20352	-66.60	6699.15
1461	2021.02.02 11:45	sell	629	0.66	1.20683	1.20886	1.20176	0.00	6699.15
1462	2021.02.02 12:16	modify	629	0.66	1.20683	1.20673	1.20176	0.00	6699.15
1463	2021.02.02 19:01	t/p	629	0.66	1.20176	1.20673	1.20176	334.62	7033.77
1464	2021.02.08 09:45	buy	630	3.09	1.20459	1.20300	1.20857	0.00	7033.77
1465	2021.02.08 10:27	sell	631	9.27	1.20339	1.20459	1.20300	0.00	7033.77
1466	2021.02.08 10:29	s/l	630	3.09	1.20300	1.20300	1.20857	-491.31	6542.46
1467	2021.02.08 10:29	t/p	631	9.27	1.20300	1.20459	1.20300	361.53	6903.99
1468	2021.02.08 15:45	buy	632	0.74	1.20367	1.20182	1.20830	0.00	6903.99
1469	2021.02.08 17:05	modify	632	0.74	1.20367	1.20377	1.20830	0.00	6903.99
1470	2021.02.08 18:21	s/l	632	0.74	1.20377	1.20377	1.20830	7.40	6911.39
1471	2021.02.22 10:15	buy	633	2.93	1.21199	1.21034	1.21612	0.00	6911.39
1472	2021.02.22 10:24	sell	634	8.79	1.21074	1.21199	1.21034	0.00	6911.39
1473	2021.02.22 10:27	s/l	633	2.93	1.21034	1.21034	1.21612	-483.45	6427.94
1474	2021.02.22 10:27	t/p	634	8.79	1.21034	1.21199	1.21034	351.60	6779.54
1475	2021.04.15 16:30	buy	635	0.38	1.19716	1.19541	1.20154	0.00	6779.54
1476	2021.04.16 04:04	s/l	635	0.38	1.19541	1.19541	1.20154	-69.67	6709.86
1477	2021.04.16 04:04	sell	636	0.33	1.19540	1.19740	1.19040	0.00	6709.86
1478	2021.04.16 10:48	s/l	636	0.33	1.19740	1.19740	1.19040	-66.00	6643.86
1479	2021.04.21 16:15	sell	637	0.87	1.20019	1.20171	1.19639	0.00	6643.86
1480	2021.04.21 17:26	s/l	637	0.87	1.20171	1.20171	1.19639	-132.24	6511.62
1481	2021.04.21 17:26	buy	638	0.32	1.20171	1.19971	1.20671	0.00	6511.62
1482	2021.04.22 10:04	modify	638	0.32	1.20171	1.20181	1.20671	0.00	6511.62
1483	2021.04.22 16:00	t/p	638	0.32	1.20671	1.20181	1.20671	151.99	6663.61
1484	2021.05.13 11:30	sell	639	0.36	1.20814	1.20997	1.20357	0.00	6663.61
1485	2021.05.13 11:50	modify	639	0.36	1.20814	1.20804	1.20357	0.00	6663.61
1486	2021.05.13 14:23	s/l	639	0.36	1.20804	1.20804	1.20357	3.60	6667.21
1487	2021.05.27 09:30	sell	640	1.32	1.21872	1.22048	1.21432	0.00	6667.21
1488	2021.05.27 10:00	buy	641	3.96	1.22005	1.21872	1.22048	0.00	6667.21
1489	2021.05.27 10:17	s/l	640	1.32	1.22048	1.22048	1.21432	-232.32	6434.89
1490	2021.05.27 10:17	t/p	641	3.96	1.22048	1.21872	1.22048	170.28	6605.17
1491	2021.05.27 16:00	sell	642	0.36	1.21861	1.22041	1.21411	0.00	6605.17
1492	2021.05.27 17:17	s/l	642	0.36	1.22041	1.22041	1.21411	-64.80	6540.37
1493	2021.05.31 15:00	buy	643	0.84	1.21993	1.21839	1.22378	0.00	6540.37
1494	2021.05.31 17:55	modify	643	0.84	1.21993	1.22003	1.22378	0.00	6540.37
1495	2021.06.01 10:30	t/p	643	0.84	1.22378	1.22003	1.22378	316.39	6856.77
1496	2021.06.23 10:45	buy	644	1.94	1.19343	1.19096	1.19961	0.00	6856.77
1497	2021.06.25 16:56	modify	644	1.94	1.19343	1.19353	1.19961	0.00	6856.77
1498	2021.06.25 19:29	s/l	644	1.94	1.19353	1.19353	1.19961	-45.35	6811.42
1499	2021.07.05 09:45	buy	645	0.85	1.18658	1.18499	1.19056	0.00	6811.42
1500	2021.07.06 09:04	modify	645	0.85	1.18658	1.18668	1.19056	0.00	6811.42
1501	2021.07.06 11:07	s/l	645	0.85	1.18668	1.18668	1.19056	1.41	6812.82
1502	2021.07.07 16:00	sell	646	2.13	1.18159	1.18382	1.17602	0.00	6812.82
1503	2021.07.07 17:32	modify	646	2.13	1.18159	1.18149	1.17602	0.00	6812.82
1504	2021.07.07 21:02	s/l	646	2.13	1.18149	1.18149	1.17602	21.30	6834.12
1505	2021.07.20 15:15	sell	647	1.37	1.17749	1.17948	1.17252	0.00	6834.12
1506	2021.07.21 17:24	buy	648	4.11	1.17899	1.17749	1.17948	0.00	6834.12
1507	2021.07.21 17:40	s/l	647	1.37	1.17948	1.17948	1.17252	-269.16	6564.97
1508	2021.07.21 17:40	t/p	648	4.11	1.17948	1.17749	1.17948	201.39	6766.36
1509	2021.08.05 15:30	sell	649	0.38	1.18418	1.18592	1.17983	0.00	6766.36
1510	2021.08.06 11:23	modify	649	0.38	1.18418	1.18408	1.17983	0.00	6766.36
1511	2021.08.06 15:30	t/p	649	0.38	1.17983	1.18408	1.17983	166.26	6932.62
1512	2021.08.25 16:15	buy	650	2.51	1.17433	1.17240	1.17916	0.00	6932.62
1513	2021.08.25 21:13	modify	650	2.51	1.17433	1.17443	1.17916	0.00	6932.62
1514	2021.08.27 03:35	s/l	650	2.51	1.17443	1.17443	1.17916	-58.67	6873.95
1515	2021.09.01 15:30	buy	651	0.91	1.18263	1.18112	1.18641	0.00	6873.95
1516	2021.09.01 17:45	modify	651	0.91	1.18263	1.18273	1.18641	0.00	6873.95
1517	2021.09.02 17:38	t/p	651	0.91	1.18641	1.18273	1.18641	321.20	7195.15
1518	2021.09.23 15:45	buy	652	1.36	1.17305	1.17121	1.17765	0.00	7195.15
1519	2021.09.24 14:41	sell	653	4.08	1.17167	1.17305	1.17121	0.00	7195.15
1520	2021.09.24 15:32	s/l	652	1.36	1.17121	1.17121	1.17765	-261.59	6933.56
1521	2021.09.24 15:32	t/p	653	4.08	1.17121	1.17305	1.17121	187.68	7121.24
1522	2021.09.27 14:30	sell	654	0.92	1.16971	1.17125	1.16586	0.00	7121.24
1523	2021.09.28 10:10	modify	654	0.92	1.16971	1.16961	1.16586	0.00	7121.24
1524	2021.09.28 17:15	s/l	654	0.92	1.16961	1.16961	1.16586	11.53	7132.77
1525	2021.10.05 16:15	sell	655	2.97	1.15887	1.16055	1.15467	0.00	7132.77
1526	2021.10.05 18:09	buy	656	8.91	1.16014	1.15887	1.16055	0.00	7132.77
1527	2021.10.05 18:13	s/l	655	2.97	1.16055	1.16055	1.15467	-498.96	6633.81
1528	2021.10.05 18:13	t/p	656	8.91	1.16055	1.15887	1.16055	365.31	6999.12
1529	2021.10.25 10:45	buy	657	0.58	1.16630	1.16392	1.17225	0.00	6999.12
1530	2021.10.25 12:18	s/l	657	0.58	1.16392	1.16392	1.17225	-138.04	6861.08
1531	2021.10.25 12:18	sell	658	0.35	1.16392	1.16584	1.15912	0.00	6861.08
1532	2021.10.25 14:41	modify	658	0.35	1.16392	1.16382	1.15912	0.00	6861.08
1533	2021.10.25 15:58	t/p	658	0.35	1.15912	1.16382	1.15912	168.00	7029.08
1534	2021.11.04 16:00	sell	659	0.35	1.15534	1.15731	1.15042	0.00	7029.08
1535	2021.11.05 14:30	modify	659	0.35	1.15534	1.15524	1.15042	0.00	7029.08
1536	2021.11.05 17:39	s/l	659	0.35	1.15524	1.15524	1.15042	4.39	7033.47
1537	2021.11.08 10:45	buy	660	2.36	1.15691	1.15483	1.16211	0.00	7033.47
1538	2021.11.09 07:05	modify	660	2.36	1.15691	1.15701	1.16211	0.00	7033.47
1539	2021.11.09 15:01	s/l	660	2.36	1.15701	1.15701	1.16211	3.91	7037.38
1540	2021.11.15 15:00	sell	661	1.79	1.14409	1.14566	1.14017	0.00	7037.38
1541	2021.11.15 18:02	modify	661	1.79	1.14409	1.14399	1.14017	0.00	7037.38
1542	2021.11.15 19:24	t/p	661	1.79	1.14017	1.14399	1.14017	701.68	7739.06
1543	2021.11.18 16:30	buy	662	0.94	1.13411	1.13247	1.13821	0.00	7739.06
1544	2021.11.18 19:04	modify	662	0.94	1.13411	1.13421	1.13821	0.00	7739.06
1545	2021.11.19 10:01	s/l	662	0.94	1.13421	1.13421	1.13821	1.56	7740.62
1546	2021.12.01 15:30	buy	663	1.57	1.13284	1.13087	1.13777	0.00	7740.62
1547	2021.12.01 22:07	sell	664	4.71	1.13136	1.13284	1.13087	0.00	7740.62
1548	2021.12.02 03:54	s/l	664	4.71	1.13284	1.13284	1.13087	-661.25	7079.37
1549	2021.12.02 09:22	sell	665	4.71	1.13135	1.13284	1.13087	0.00	7079.37
1550	2021.12.02 09:56	s/l	663	1.57	1.13087	1.13087	1.13777	-348.59	6730.78
1551	2021.12.02 09:56	t/p	665	4.71	1.13087	1.13284	1.13087	226.08	6956.86
1552	2021.12.02 10:45	buy	666	0.42	1.13242	1.13080	1.13647	0.00	6956.86
1553	2021.12.02 18:20	s/l	666	0.42	1.13080	1.13080	1.13647	-68.04	6888.82
1554	2021.12.02 18:20	sell	667	0.15	1.13080	1.13306	1.12515	0.00	6888.82
1555	2021.12.03 15:30	s/l	667	0.15	1.13306	1.13306	1.12515	-33.52	6855.30
1556	2021.12.27 14:15	sell	668	0.85	1.13070	1.13231	1.12668	0.00	6855.30
1557	2021.12.27 16:38	s/l	668	0.85	1.13231	1.13231	1.12668	-136.85	6718.45
1558	2021.12.27 16:38	buy	669	0.41	1.13232	1.13070	1.13637	0.00	6718.45
1559	2021.12.28 16:41	s/l	669	0.41	1.13070	1.13070	1.13637	-69.84	6648.61
1560	2022.01.03 15:30	buy	670	0.78	1.13631	1.13461	1.14056	0.00	6648.61
1561	2022.01.03 15:51	s/l	670	0.78	1.13461	1.13461	1.14056	-132.60	6516.01
1562	2022.01.03 15:51	sell	671	0.32	1.13461	1.13660	1.12964	0.00	6516.01
1563	2022.01.03 16:50	modify	671	0.32	1.13461	1.13451	1.12964	0.00	6516.01
1564	2022.01.03 17:27	t/p	671	0.32	1.12964	1.13451	1.12964	159.04	6675.05
1565	2022.01.05 15:15	buy	672	0.87	1.13182	1.13029	1.13565	0.00	6675.05
1566	2022.01.05 17:01	modify	672	0.87	1.13182	1.13192	1.13565	0.00	6675.05
1567	2022.01.05 21:09	s/l	672	0.87	1.13192	1.13192	1.13565	8.70	6683.75
1568	2022.01.06 16:45	buy	673	1.09	1.13256	1.13043	1.13789	0.00	6683.75
1569	2022.01.06 17:07	sell	674	3.27	1.13095	1.13256	1.13043	0.00	6683.75
1570	2022.01.06 17:26	s/l	673	1.09	1.13043	1.13043	1.13789	-232.17	6451.58
1571	2022.01.06 17:26	t/p	674	3.27	1.13043	1.13256	1.13043	170.04	6621.62
1572	2022.01.20 16:30	sell	675	0.39	1.13429	1.13596	1.13012	0.00	6621.62
1573	2022.01.20 20:37	modify	675	0.39	1.13429	1.13419	1.13012	0.00	6621.62
1574	2022.01.21 03:03	t/p	675	0.39	1.13012	1.13419	1.13012	163.62	6785.24
1575	2022.02.08 15:15	sell	676	2.58	1.14073	1.14257	1.13613	0.00	6785.24
1576	2022.02.08 16:17	buy	677	7.74	1.14213	1.14073	1.14257	0.00	6785.24
1577	2022.02.08 16:58	s/l	677	7.74	1.14073	1.14073	1.14257	-1083.60	5701.64
1578	2022.02.08 17:56	buy	678	7.74	1.14212	1.14073	1.14257	0.00	5701.64
1579	2022.02.08 20:16	s/l	678	7.74	1.14073	1.14073	1.14257	-1075.86	4625.78
1580	2022.02.08 20:57	buy	679	7.74	1.14212	1.14073	1.14257	0.00	4625.78
1581	2022.02.09 04:02	s/l	676	2.58	1.14257	1.14257	1.13613	-468.18	4157.60
1582	2022.02.09 04:02	t/p	679	7.74	1.14257	1.14073	1.14257	283.72	4441.32
1583	2022.02.09 15:45	buy	680	0.51	1.14450	1.14278	1.14880	0.00	4441.32
1584	2022.02.09 16:24	s/l	680	0.51	1.14278	1.14278	1.14880	-87.72	4353.60
1585	2022.02.09 16:24	sell	681	0.21	1.14277	1.14477	1.13777	0.00	4353.60
1586	2022.02.09 19:37	s/l	681	0.21	1.14477	1.14477	1.13777	-42.00	4311.60
1587	2022.02.16 16:45	buy	682	0.45	1.13702	1.13512	1.14177	0.00	4311.60
1588	2022.02.17 05:55	s/l	682	0.45	1.13512	1.13512	1.14177	-96.76	4214.83
1589	2022.02.17 08:45	sell	683	0.19	1.13546	1.13760	1.13011	0.00	4214.83
1590	2022.02.17 10:00	s/l	683	0.19	1.13760	1.13760	1.13011	-40.66	4174.17
1591	2022.02.17 10:00	buy	684	0.09	1.13760	1.13551	1.14283	0.00	4174.17
1592	2022.02.17 10:28	s/l	684	0.09	1.13551	1.13551	1.14283	-18.81	4155.36
1593	2022.03.09 10:15	buy	685	0.40	1.09293	1.09089	1.09803	0.00	4155.36
1594	2022.03.09 11:27	modify	685	0.40	1.09293	1.09303	1.09803	0.00	4155.36
1595	2022.03.09 12:06	t/p	685	0.40	1.09803	1.09303	1.09803	204.00	4359.36
1596	2022.03.29 09:45	buy	686	1.39	1.10025	1.09807	1.10570	0.00	4359.36
1597	2022.03.29 11:52	sell	687	4.17	1.09861	1.10025	1.09807	0.00	4359.36
1598	2022.03.29 11:53	s/l	686	1.39	1.09807	1.09807	1.10570	-303.02	4056.34
1599	2022.03.29 11:54	t/p	687	4.17	1.09807	1.10025	1.09807	225.18	4281.52
1600	2022.04.07 10:15	sell	688	0.24	1.09124	1.09298	1.08689	0.00	4281.52
1601	2022.04.07 11:11	modify	688	0.24	1.09124	1.09114	1.08689	0.00	4281.52
1602	2022.04.07 12:20	t/p	688	0.24	1.08689	1.09114	1.08689	104.40	4385.92
1603	2022.04.11 09:30	sell	689	1.87	1.08789	1.08953	1.08379	0.00	4385.92
1604	2022.04.11 10:26	buy	690	5.61	1.08913	1.08789	1.08953	0.00	4385.92
1605	2022.04.11 10:26	s/l	689	1.87	1.08953	1.08953	1.08379	-306.68	4079.24
1606	2022.04.11 10:26	t/p	690	5.61	1.08953	1.08789	1.08953	224.40	4303.64
1607	2022.04.13 09:30	sell	691	0.44	1.08275	1.08469	1.07790	0.00	4303.64
1608	2022.04.13 14:32	s/l	691	0.44	1.08469	1.08469	1.07790	-85.36	4218.28
1609	2022.04.13 15:00	sell	692	0.45	1.08313	1.08497	1.07853	0.00	4218.28
1610	2022.04.13 18:02	s/l	692	0.45	1.08497	1.08497	1.07853	-82.80	4135.48
1611	2022.04.19 16:15	sell	693	0.54	1.07876	1.08028	1.07496	0.00	4135.48
1612	2022.04.19 16:43	s/l	693	0.54	1.08028	1.08028	1.07496	-82.08	4053.40
1613	2022.04.19 16:43	buy	694	0.21	1.08029	1.07840	1.08502	0.00	4053.40
1614	2022.04.19 18:02	s/l	694	0.21	1.07840	1.07840	1.08502	-39.69	4013.71
1615	2022.04.20 11:30	buy	695	0.51	1.08193	1.08037	1.08583	0.00	4013.71
1616	2022.04.20 12:09	modify	695	0.51	1.08193	1.08203	1.08583	0.00	4013.71
1617	2022.04.20 12:38	t/p	695	0.51	1.08583	1.08203	1.08583	198.90	4212.61
1618	2022.04.21 08:15	buy	696	0.82	1.08450	1.08272	1.08895	0.00	4212.61
1619	2022.04.21 09:30	modify	696	0.82	1.08450	1.08460	1.08895	0.00	4212.61
1620	2022.04.21 09:41	t/p	696	0.82	1.08895	1.08460	1.08895	364.90	4577.51
1621	2022.05.03 08:00	sell	697	0.74	1.05017	1.05263	1.04402	0.00	4577.51
1622	2022.05.03 10:32	buy	698	2.22	1.05202	1.05017	1.05263	0.00	4577.51
1623	2022.05.03 10:36	s/l	697	0.74	1.05263	1.05263	1.04402	-182.04	4395.47
1624	2022.05.03 10:36	t/p	698	2.22	1.05263	1.05017	1.05263	135.42	4530.89
1625	2022.05.04 15:30	buy	699	0.45	1.05412	1.05213	1.05910	0.00	4530.89
1626	2022.05.04 21:01	modify	699	0.45	1.05412	1.05422	1.05910	0.00	4530.89
1627	2022.05.04 21:10	s/l	699	0.45	1.05422	1.05422	1.05910	4.50	4535.39
1628	2022.05.18 15:15	buy	700	1.64	1.05222	1.05029	1.05705	0.00	4535.39
1629	2022.05.18 17:28	sell	701	4.92	1.05076	1.05222	1.05029	0.00	4535.39
1630	2022.05.18 17:31	s/l	700	1.64	1.05029	1.05029	1.05705	-316.52	4218.87
1631	2022.05.18 17:31	t/p	701	4.92	1.05029	1.05222	1.05029	231.24	4450.11
1632	2022.05.26 10:45	buy	702	0.22	1.06934	1.06734	1.07434	0.00	4450.11
1633	2022.05.26 18:13	modify	702	0.22	1.06934	1.06944	1.07434	0.00	4450.11
1634	2022.05.27 04:33	t/p	702	0.22	1.07434	1.06944	1.07434	108.16	4558.28
1635	2022.06.01 16:45	sell	703	1.61	1.07130	1.07328	1.06635	0.00	4558.28
1636	2022.06.01 17:04	modify	703	1.61	1.07130	1.07120	1.06635	0.00	4558.28
1637	2022.06.01 17:18	t/p	703	1.61	1.06635	1.07120	1.06635	796.95	5355.23
1638	2022.06.08 11:45	sell	704	1.06	1.06769	1.06970	1.06267	0.00	5355.23
1639	2022.06.08 12:27	buy	705	3.18	1.06921	1.06769	1.06970	0.00	5355.23
1640	2022.06.08 12:30	s/l	704	1.06	1.06970	1.06970	1.06267	-213.06	5142.17
1641	2022.06.08 12:30	t/p	705	3.18	1.06970	1.06769	1.06970	155.82	5297.99
1642	2022.06.21 09:45	buy	706	0.69	1.05279	1.05126	1.05662	0.00	5297.99
1643	2022.06.21 10:16	modify	706	0.69	1.05279	1.05289	1.05662	0.00	5297.99
1644	2022.06.21 11:19	t/p	706	0.69	1.05662	1.05289	1.05662	264.27	5562.26
1645	2022.06.22 16:00	buy	707	2.16	1.05310	1.05130	1.05760	0.00	5562.26
1646	2022.06.22 16:41	modify	707	2.16	1.05310	1.05320	1.05760	0.00	5562.26
1647	2022.06.22 17:37	t/p	707	2.16	1.05760	1.05320	1.05760	972.00	6534.26
1648	2022.06.27 10:00	buy	708	1.61	1.05686	1.05524	1.06091	0.00	6534.26
1649	2022.06.27 15:40	sell	709	4.83	1.05562	1.05686	1.05524	0.00	6534.26
1650	2022.06.27 15:57	s/l	709	4.83	1.05686	1.05686	1.05524	-598.92	5935.34
1651	2022.06.27 17:48	modify	708	1.61	1.05686	1.05696	1.06091	0.00	5935.34
1652	2022.06.27 18:15	t/p	708	1.61	1.06091	1.05696	1.06091	652.05	6587.39
1653	2022.06.28 11:30	buy	710	1.71	1.05880	1.05726	1.06265	0.00	6587.39
1654	2022.06.28 14:09	sell	711	5.13	1.05764	1.05880	1.05726	0.00	6587.39
1655	2022.06.28 14:23	s/l	711	5.13	1.05880	1.05880	1.05726	-595.08	5992.31
1656	2022.06.28 14:37	sell	712	5.13	1.05764	1.05880	1.05726	0.00	5992.31
1657	2022.06.28 14:52	s/l	710	1.71	1.05726	1.05726	1.06265	-263.34	5728.97
1658	2022.06.28 14:52	t/p	712	5.13	1.05726	1.05880	1.05726	194.94	5923.91
1659	2022.07.13 10:00	sell	713	0.77	1.00335	1.00488	0.99953	0.00	5923.91
1660	2022.07.13 10:00	s/l	713	0.77	1.00488	1.00488	0.99953	-117.81	5806.10
1661	2022.07.13 10:00	buy	714	0.28	1.00488	1.00285	1.00996	0.00	5806.10
1662	2022.07.13 10:17	s/l	714	0.28	1.00285	1.00285	1.00996	-56.84	5749.26
1663	2022.07.19 08:15	buy	715	0.60	1.01413	1.01223	1.01888	0.00	5749.26
1664	2022.07.19 10:00	modify	715	0.60	1.01413	1.01423	1.01888	0.00	5749.26
1665	2022.07.19 10:29	t/p	715	0.60	1.01888	1.01423	1.01888	285.00	6034.26
1666	2022.08.01 09:45	buy	716	2.72	1.02270	1.02115	1.02658	0.00	6034.26
1667	2022.08.01 11:33	modify	716	2.72	1.02270	1.02280	1.02658	0.00	6034.26
1668	2022.08.01 11:41	t/p	716	2.72	1.02658	1.02280	1.02658	1055.36	7089.62
1669	2022.08.03 16:15	sell	717	1.43	1.01762	1.01959	1.01270	0.00	7089.62
1670	2022.08.03 17:01	modify	717	1.43	1.01762	1.01752	1.01270	0.00	7089.62
1671	2022.08.03 17:35	t/p	717	1.43	1.01270	1.01752	1.01270	703.56	7793.18
1672	2022.08.08 14:15	buy	718	1.47	1.01999	1.01788	1.02527	0.00	7793.18
1673	2022.08.08 15:37	sell	719	4.41	1.01840	1.01999	1.01788	0.00	7793.18
1674	2022.08.08 16:00	s/l	719	4.41	1.01999	1.01999	1.01788	-701.19	7091.99
1675	2022.08.09 11:30	modify	718	1.47	1.01999	1.02009	1.02527	0.00	7091.99
1676	2022.08.10 14:53	t/p	718	1.47	1.02527	1.02009	1.02527	751.63	7843.62
1677	2022.08.11 09:15	buy	720	1.00	1.02897	1.02741	1.03287	0.00	7843.62
1678	2022.08.11 09:58	modify	720	1.00	1.02897	1.02907	1.03287	0.00	7843.62
1679	2022.08.11 10:33	t/p	720	1.00	1.03287	1.02907	1.03287	390.00	8233.62
1680	2022.08.17 09:15	sell	721	2.13	1.01733	1.01887	1.01348	0.00	8233.62
1681	2022.08.17 10:20	modify	721	2.13	1.01733	1.01723	1.01348	0.00	8233.62
1682	2022.08.17 11:27	s/l	721	2.13	1.01723	1.01723	1.01348	21.30	8254.92
1683	2022.08.17 14:30	sell	722	1.67	1.01597	1.01794	1.01105	0.00	8254.92
1684	2022.08.17 16:58	buy	723	5.01	1.01745	1.01597	1.01794	0.00	8254.92
1685	2022.08.17 17:04	s/l	722	1.67	1.01794	1.01794	1.01105	-328.99	7925.93
1686	2022.08.17 17:04	t/p	723	5.01	1.01794	1.01597	1.01794	245.49	8171.42
1687	2022.08.18 09:00	sell	724	0.50	1.01644	1.01806	1.01239	0.00	8171.42
1688	2022.08.18 13:09	s/l	724	0.50	1.01806	1.01806	1.01239	-81.00	8090.42
1689	2022.08.18 13:09	buy	725	0.16	1.01807	1.01562	1.02420	0.00	8090.42
1690	2022.08.18 16:18	s/l	725	0.16	1.01562	1.01562	1.02420	-39.20	8051.22
1691	2022.08.24 09:00	sell	726	0.87	0.99430	0.99615	0.98968	0.00	8051.22
1692	2022.08.24 15:45	modify	726	0.87	0.99430	0.99420	0.98968	0.00	8051.22
1693	2022.08.24 17:46	s/l	726	0.87	0.99420	0.99420	0.98968	8.70	8059.92
1694	2022.10.17 10:15	buy	727	3.13	0.97468	0.97288	0.97918	0.00	8059.92
1695	2022.10.17 11:29	sell	728	9.39	0.97332	0.97468	0.97288	0.00	8059.92
1696	2022.10.17 11:32	s/l	727	3.13	0.97288	0.97288	0.97918	-563.40	7496.52
1697	2022.10.17 11:32	t/p	728	9.39	0.97288	0.97468	0.97288	413.16	7909.68
1698	2022.10.25 11:15	buy	729	0.70	0.98730	0.98507	0.99288	0.00	7909.68
1699	2022.10.25 14:05	s/l	729	0.70	0.98507	0.98507	0.99288	-156.10	7753.58
1700	2022.10.25 14:05	sell	730	0.38	0.98506	0.98708	0.98001	0.00	7753.58
1701	2022.10.25 15:53	s/l	730	0.38	0.98708	0.98708	0.98001	-76.76	7676.82
1702	2022.11.01 11:15	sell	731	0.67	0.99183	0.99409	0.98618	0.00	7676.82
1703	2022.11.01 12:26	s/l	731	0.67	0.99409	0.99409	0.98618	-151.42	7525.40
1704	2022.11.01 12:26	buy	732	0.31	0.99409	0.99171	1.00004	0.00	7525.40
1705	2022.11.01 16:00	s/l	732	0.31	0.99171	0.99171	1.00004	-73.78	7451.62
1706	2022.11.17 09:45	buy	733	0.39	1.03868	1.03681	1.04336	0.00	7451.62
1707	2022.11.17 11:34	s/l	733	0.39	1.03681	1.03681	1.04336	-72.93	7378.69
1708	2022.12.06 10:30	sell	734	0.65	1.04892	1.05116	1.04332	0.00	7378.69
1709	2022.12.06 13:20	s/l	734	0.65	1.05116	1.05116	1.04332	-145.60	7233.09
1710	2022.12.06 13:20	buy	735	0.37	1.05117	1.04925	1.05597	0.00	7233.09
1711	2022.12.06 17:04	s/l	735	0.37	1.04925	1.04925	1.05597	-71.04	7162.05
1712	2022.12.08 11:00	buy	736	0.43	1.05268	1.05104	1.05678	0.00	7162.05
1713	2022.12.08 11:20	s/l	736	0.43	1.05104	1.05104	1.05678	-70.52	7091.53
1714	2022.12.08 11:20	sell	737	0.18	1.05104	1.05294	1.04629	0.00	7091.53
1715	2022.12.08 15:36	s/l	737	0.18	1.05294	1.05294	1.04629	-34.20	7057.33
1716	2022.12.13 08:00	buy	738	0.80	1.05518	1.05342	1.05958	0.00	7057.33
1717	2022.12.13 10:49	s/l	738	0.80	1.05342	1.05342	1.05958	-140.80	6916.53
1718	2022.12.15 08:30	buy	739	0.45	1.06600	1.06447	1.06983	0.00	6916.53
1719	2022.12.15 09:44	s/l	739	0.45	1.06447	1.06447	1.06983	-68.85	6847.68
1720	2022.12.15 09:44	sell	740	0.18	1.06446	1.06629	1.05989	0.00	6847.68
1721	2022.12.15 11:00	modify	740	0.18	1.06446	1.06436	1.05989	0.00	6847.68
1722	2022.12.15 15:16	s/l	740	0.18	1.06436	1.06436	1.05989	1.80	6849.48
1723	2022.12.21 11:00	buy	741	0.68	1.06346	1.06147	1.06844	0.00	6849.48
1724	2022.12.21 11:37	s/l	741	0.68	1.06147	1.06147	1.06844	-135.32	6714.16
1725	2022.12.21 11:37	sell	742	0.27	1.06147	1.06387	1.05547	0.00	6714.16
1726	2022.12.21 15:09	s/l	742	0.27	1.06387	1.06387	1.05547	-64.80	6649.36
1727	2022.12.22 11:45	buy	743	0.44	1.06419	1.06269	1.06794	0.00	6649.36
1728	2022.12.22 13:00	s/l	743	0.44	1.06269	1.06269	1.06794	-66.00	6583.36
1729	2022.12.22 15:00	buy	744	0.29	1.06371	1.06147	1.06931	0.00	6583.36
1730	2022.12.22 15:34	s/l	744	0.29	1.06147	1.06147	1.06931	-64.96	6518.40
1731	2022.12.26 15:15	buy	745	0.81	1.06300	1.06141	1.06698	0.00	6518.40
1732	2022.12.27 04:01	modify	745	0.81	1.06300	1.06310	1.06698	0.00	6518.40
1733	2022.12.27 15:00	s/l	745	0.81	1.06310	1.06310	1.06698	1.34	6519.74
1734	2022.12.28 16:30	buy	746	2.03	1.06541	1.06317	1.07101	0.00	6519.74
1735	2022.12.28 17:31	sell	747	6.09	1.06372	1.06541	1.06317	0.00	6519.74
1736	2022.12.28 17:36	s/l	746	2.03	1.06317	1.06317	1.07101	-454.72	6065.02
1737	2022.12.28 17:37	t/p	747	6.09	1.06317	1.06541	1.06317	334.95	6399.97
1738	2023.01.04 15:30	buy	748	0.61	1.06138	1.05929	1.06661	0.00	6399.97
1739	2023.01.04 17:04	s/l	748	0.61	1.05929	1.05929	1.06661	-127.49	6272.48
1740	2023.01.05 08:15	buy	749	0.32	1.06197	1.06001	1.06687	0.00	6272.48
1741	2023.01.05 09:44	s/l	749	0.32	1.06001	1.06001	1.06687	-62.72	6209.76
1742	2023.01.05 09:44	sell	750	0.19	1.06000	1.06157	1.05608	0.00	6209.76
1743	2023.01.05 10:02	s/l	750	0.19	1.06157	1.06157	1.05608	-29.83	6179.93
1744	2023.01.11 11:30	buy	751	0.53	1.07468	1.07235	1.08051	0.00	6179.93
1745	2023.01.12 15:28	modify	751	0.53	1.07468	1.07478	1.08051	0.00	6179.93
1746	2023.01.12 15:28	t/p	751	0.53	1.08051	1.07478	1.08051	295.72	6475.65
1747	2023.01.17 09:45	buy	752	2.83	1.08260	1.08100	1.08660	0.00	6475.65
1748	2023.01.17 11:57	sell	753	8.49	1.08140	1.08260	1.08100	0.00	6475.65
1749	2023.01.17 12:00	s/l	753	8.49	1.08260	1.08260	1.08100	-1018.80	5456.85
1750	2023.01.17 12:04	sell	754	8.49	1.08140	1.08260	1.08100	0.00	5456.85
1751	2023.01.17 12:28	s/l	752	2.83	1.08100	1.08100	1.08660	-452.80	5004.05
1752	2023.01.17 12:28	t/p	754	8.49	1.08100	1.08260	1.08100	339.60	5343.65
1753	2023.01.24 15:00	sell	755	0.57	1.08598	1.08784	1.08133	0.00	5343.65
1754	2023.01.24 15:26	s/l	755	0.57	1.08784	1.08784	1.08133	-106.02	5237.63
1755	2023.01.30 09:30	sell	756	0.69	1.08567	1.08718	1.08190	0.00	5237.63
1756	2023.01.30 10:00	s/l	756	0.69	1.08718	1.08718	1.08190	-104.19	5133.44
1757	2023.01.30 10:00	buy	757	0.24	1.08718	1.08511	1.09236	0.00	5133.44
1758	2023.01.30 11:49	modify	757	0.24	1.08718	1.08728	1.09236	0.00	5133.44
1759	2023.01.30 17:54	s/l	757	0.24	1.08728	1.08728	1.09236	2.40	5135.84
1760	2023.02.08 15:00	sell	758	0.58	1.07338	1.07513	1.06901	0.00	5135.84
1761	2023.02.09 10:23	s/l	758	0.58	1.07513	1.07513	1.06901	-97.09	5038.75
1762	2023.02.15 14:00	sell	759	0.66	1.07111	1.07263	1.06731	0.00	5038.75
1763	2023.02.15 15:30	modify	759	0.66	1.07111	1.07101	1.06731	0.00	5038.75
1764	2023.02.15 16:23	t/p	759	0.66	1.06731	1.07101	1.06731	250.80	5289.55
1765	2023.02.16 10:30	buy	760	0.99	1.07194	1.07007	1.07662	0.00	5289.55
1766	2023.02.16 10:48	sell	761	2.97	1.07053	1.07194	1.07007	0.00	5289.55
1767	2023.02.16 10:54	s/l	760	0.99	1.07007	1.07007	1.07662	-185.13	5104.42
1768	2023.02.16 11:23	t/p	761	2.97	1.07007	1.07194	1.07007	136.62	5241.04
1769	2023.02.20 15:45	buy	762	0.61	1.06855	1.06684	1.07283	0.00	5241.04
1770	2023.02.21 03:13	s/l	762	0.61	1.06684	1.06684	1.07283	-109.40	5131.64
1771	2023.02.21 03:13	sell	763	0.27	1.06684	1.06872	1.06214	0.00	5131.64
1772	2023.02.21 10:15	s/l	763	0.27	1.06872	1.06872	1.06214	-50.76	5080.88
1773	2023.02.21 16:00	sell	764	0.54	1.06529	1.06716	1.06062	0.00	5080.88
1774	2023.02.21 16:35	s/l	764	0.54	1.06716	1.06716	1.06062	-100.98	4979.90
1775	2023.02.23 09:30	sell	765	0.28	1.06124	1.06296	1.05694	0.00	4979.90
1776	2023.02.23 13:22	modify	765	0.28	1.06124	1.06114	1.05694	0.00	4979.90
1777	2023.02.23 14:29	s/l	765	0.28	1.06114	1.06114	1.05694	2.80	4982.70
1778	2023.03.09 16:00	buy	766	0.73	1.05744	1.05506	1.06339	0.00	4982.70
1779	2023.03.10 15:30	modify	766	0.73	1.05744	1.05754	1.06339	0.00	4982.70
1780	2023.03.10 15:42	t/p	766	0.73	1.06339	1.05754	1.06339	428.26	5410.96
1781	2023.03.14 11:45	buy	767	1.23	1.07069	1.06894	1.07507	0.00	5410.96
1782	2023.03.14 14:30	modify	767	1.23	1.07069	1.07079	1.07507	0.00	5410.96
1783	2023.03.14 14:35	s/l	767	1.23	1.07079	1.07079	1.07507	12.30	5423.26
1784	2023.03.16 11:30	sell	768	0.53	1.06092	1.06296	1.05582	0.00	5423.26
1785	2023.03.16 14:43	modify	768	0.53	1.06092	1.06082	1.05582	0.00	5423.26
1786	2023.03.16 15:15	s/l	768	0.53	1.06082	1.06082	1.05582	5.30	5428.56
1787	2023.03.27 10:30	sell	769	0.97	1.07620	1.07842	1.07065	0.00	5428.56
1788	2023.03.27 14:41	buy	770	2.91	1.07787	1.07620	1.07842	0.00	5428.56
1789	2023.03.27 16:24	s/l	769	0.97	1.07842	1.07842	1.07065	-215.34	5213.22
1790	2023.03.27 16:24	t/p	770	2.91	1.07842	1.07620	1.07842	160.05	5373.27
1791	2023.03.29 16:00	buy	771	0.63	1.08539	1.08370	1.08962	0.00	5373.27
1792	2023.03.29 16:23	s/l	771	0.63	1.08370	1.08370	1.08962	-106.47	5266.80
1793	2023.03.29 16:23	sell	772	0.22	1.08370	1.08605	1.07783	0.00	5266.80
1794	2023.03.30 11:04	s/l	772	0.22	1.08605	1.08605	1.07783	-50.03	5216.78
1795	2023.04.04 09:30	buy	773	0.55	1.08998	1.08810	1.09468	0.00	5216.78
1796	2023.04.04 10:52	modify	773	0.55	1.08998	1.09008	1.09468	0.00	5216.78
1797	2023.04.04 14:59	s/l	773	0.55	1.09008	1.09008	1.09468	5.50	5222.28
1798	2023.04.05 15:30	buy	774	2.20	1.09522	1.09356	1.09937	0.00	5222.28
1799	2023.04.05 16:39	sell	775	6.60	1.09397	1.09522	1.09356	0.00	5222.28
1800	2023.04.05 17:00	s/l	775	6.60	1.09522	1.09522	1.09356	-825.00	4397.28
1801	2023.04.05 17:09	sell	776	6.60	1.09397	1.09522	1.09356	0.00	4397.28
1802	2023.04.05 17:10	s/l	774	2.20	1.09356	1.09356	1.09937	-365.20	4032.08
1803	2023.04.05 17:10	t/p	776	6.60	1.09356	1.09522	1.09356	270.60	4302.68
1804	2023.04.10 14:30	sell	777	0.48	1.08936	1.09114	1.08491	0.00	4302.68
1805	2023.04.10 15:09	modify	777	0.48	1.08936	1.08926	1.08491	0.00	4302.68
1806	2023.04.10 15:59	t/p	777	0.48	1.08491	1.08926	1.08491	213.60	4516.28
1807	2023.04.11 10:15	buy	778	1.92	1.08954	1.08790	1.09364	0.00	4516.28
1808	2023.04.11 12:32	modify	778	1.92	1.08954	1.08964	1.09364	0.00	4516.28
1809	2023.04.11 20:12	s/l	778	1.92	1.08964	1.08964	1.09364	19.20	4535.48
1810	2023.04.19 10:45	sell	779	1.10	1.09581	1.09745	1.09171	0.00	4535.48
1811	2023.04.19 12:32	modify	779	1.10	1.09581	1.09571	1.09171	0.00	4535.48
1812	2023.04.19 16:07	s/l	779	1.10	1.09571	1.09571	1.09171	11.00	4546.48
1813	2023.05.02 11:00	sell	780	0.79	1.09858	1.10086	1.09288	0.00	4546.48
1814	2023.05.02 12:58	modify	780	0.79	1.09858	1.09848	1.09288	0.00	4546.48
1815	2023.05.02 17:35	s/l	780	0.79	1.09848	1.09848	1.09288	7.90	4554.38
1816	2023.05.10 11:00	sell	781	0.91	1.09646	1.09845	1.09149	0.00	4554.38
1817	2023.05.10 15:30	buy	782	2.73	1.09796	1.09646	1.09845	0.00	4554.38
1818	2023.05.10 15:31	s/l	781	0.91	1.09845	1.09845	1.09149	-181.09	4373.29
1819	2023.05.10 15:31	t/p	782	2.73	1.09845	1.09646	1.09845	133.77	4507.06
1820	2023.05.16 16:45	buy	783	0.55	1.08878	1.08717	1.09281	0.00	4507.06
1821	2023.05.16 17:04	s/l	783	0.55	1.08717	1.08717	1.09281	-88.55	4418.51
1822	2023.05.16 17:04	sell	784	0.22	1.08717	1.08911	1.08232	0.00	4418.51
1823	2023.05.17 10:25	modify	784	0.22	1.08717	1.08707	1.08232	0.00	4418.51
1824	2023.05.17 12:11	t/p	784	0.22	1.08232	1.08707	1.08232	107.26	4525.77
1825	2023.05.22 09:30	buy	785	0.56	1.08212	1.08053	1.08610	0.00	4525.77
1826	2023.05.22 10:13	s/l	785	0.56	1.08053	1.08053	1.08610	-89.04	4436.73
1827	2023.05.22 10:13	sell	786	0.21	1.08053	1.08262	1.07531	0.00	4436.73
1828	2023.05.22 13:26	s/l	786	0.21	1.08262	1.08262	1.07531	-43.89	4392.84
1829	2023.05.24 16:45	sell	787	0.45	1.07770	1.07961	1.07293	0.00	4392.84
1830	2023.05.25 00:03	modify	787	0.45	1.07770	1.07760	1.07293	0.00	4392.84
1831	2023.05.25 09:08	t/p	787	0.45	1.07293	1.07760	1.07293	218.07	4610.91
1832	2023.06.01 10:30	sell	788	0.99	1.06724	1.06887	1.06317	0.00	4610.91
1833	2023.06.01 11:54	buy	789	2.97	1.06847	1.06724	1.06887	0.00	4610.91
1834	2023.06.01 12:03	s/l	788	0.99	1.06887	1.06887	1.06317	-161.37	4449.54
1835	2023.06.01 12:03	t/p	789	2.97	1.06887	1.06724	1.06887	118.80	4568.34
1836	2023.06.15 11:00	buy	790	0.22	1.08272	1.08065	1.08790	0.00	4568.34
1837	2023.06.15 15:30	modify	790	0.22	1.08272	1.08282	1.08790	0.00	4568.34
1838	2023.06.15 15:41	t/p	790	0.22	1.08790	1.08282	1.08790	113.96	4682.30
1839	2023.06.21 16:00	buy	791	1.72	1.09252	1.09062	1.09727	0.00	4682.30
1840	2023.06.21 16:45	sell	792	5.16	1.09109	1.09252	1.09062	0.00	4682.30
1841	2023.06.21 16:54	s/l	792	5.16	1.09252	1.09252	1.09062	-737.88	3944.42
1842	2023.06.21 17:35	modify	791	1.72	1.09252	1.09262	1.09727	0.00	3944.42
1843	2023.06.21 19:51	t/p	791	1.72	1.09727	1.09262	1.09727	817.00	4761.42
1844	2023.07.06 16:30	buy	793	0.40	1.08860	1.08626	1.09445	0.00	4761.42
1845	2023.07.06 17:00	sell	794	1.20	1.08684	1.08860	1.08626	0.00	4761.42
1846	2023.07.06 17:06	s/l	793	0.40	1.08626	1.08626	1.09445	-93.60	4667.82
1847	2023.07.06 17:06	t/p	794	1.20	1.08626	1.08860	1.08626	69.60	4737.42
1848	2023.07.19 09:15	sell	795	0.48	1.12182	1.12377	1.11695	0.00	4737.42
1849	2023.07.19 12:18	s/l	795	0.48	1.12377	1.12377	1.11695	-93.60	4643.82
1850	2023.07.19 12:18	buy	796	0.23	1.12377	1.12182	1.12865	0.00	4643.82
1851	2023.07.19 13:45	s/l	796	0.23	1.12182	1.12182	1.12865	-44.85	4598.97
1852	2023.07.20 10:45	sell	797	0.21	1.12018	1.12230	1.11488	0.00	4598.97
1853	2023.07.20 17:09	modify	797	0.21	1.12018	1.12008	1.11488	0.00	4598.97
1854	2023.07.20 17:30	t/p	797	0.21	1.11488	1.12008	1.11488	111.30	4710.27
1855	2023.07.24 10:30	sell	798	1.32	1.11241	1.11490	1.10619	0.00	4710.27
1856	2023.07.24 10:32	modify	798	1.32	1.11241	1.11231	1.10619	0.00	4710.27
1857	2023.07.24 22:41	t/p	798	1.32	1.10619	1.11231	1.10619	821.04	5531.31
1858	2023.07.27 10:15	buy	799	0.54	1.11082	1.10878	1.11592	0.00	5531.31
1859	2023.07.27 11:56	modify	799	0.54	1.11082	1.11092	1.11592	0.00	5531.31
1860	2023.07.27 15:17	s/l	799	0.54	1.11092	1.11092	1.11592	5.40	5536.71
1861	2023.08.02 09:15	sell	800	1.38	1.09833	1.09993	1.09433	0.00	5536.71
1862	2023.08.02 09:47	buy	801	4.14	1.09955	1.09833	1.09993	0.00	5536.71
1863	2023.08.02 10:06	s/l	801	4.14	1.09833	1.09833	1.09993	-505.08	5031.63
1864	2023.08.02 10:35	buy	802	4.14	1.09954	1.09833	1.09993	0.00	5031.63
1865	2023.08.02 11:07	s/l	802	4.14	1.09833	1.09833	1.09993	-500.94	4530.69
1866	2023.08.02 15:40	modify	800	1.38	1.09833	1.09823	1.09433	0.00	4530.69
1867	2023.08.02 17:09	t/p	800	1.38	1.09433	1.09823	1.09433	552.00	5082.69
1868	2023.08.03 15:30	sell	803	0.44	1.09279	1.09508	1.08707	0.00	5082.69
1869	2023.08.03 15:40	buy	804	1.32	1.09451	1.09279	1.09508	0.00	5082.69
1870	2023.08.03 15:41	s/l	803	0.44	1.09508	1.09508	1.08707	-100.76	4981.93
1871	2023.08.03 15:41	t/p	804	1.32	1.09508	1.09279	1.09508	75.24	5057.17
1872	2023.08.29 10:30	buy	805	0.57	1.08241	1.08064	1.08684	0.00	5057.17
1873	2023.08.29 12:07	s/l	805	0.57	1.08064	1.08064	1.08684	-100.89	4956.28
1874	2023.08.29 12:07	sell	806	0.40	1.08064	1.08185	1.07762	0.00	4956.28
1875	2023.08.29 15:27	modify	806	0.40	1.08064	1.08054	1.07762	0.00	4956.28
1876	2023.08.29 16:49	s/l	806	0.40	1.08054	1.08054	1.07762	4.00	4960.28
1877	2023.09.12 16:00	sell	807	0.62	1.07073	1.07231	1.06678	0.00	4960.28
1878	2023.09.12 18:08	s/l	807	0.62	1.07231	1.07231	1.06678	-97.96	4862.32
1879	2023.09.12 18:08	buy	808	0.33	1.07232	1.07085	1.07600	0.00	4862.32
1880	2023.09.12 23:32	modify	808	0.33	1.07232	1.07242	1.07600	0.00	4862.32
1881	2023.09.12 23:50	t/p	808	0.33	1.07600	1.07242	1.07600	121.44	4983.76
1882	2023.09.20 16:15	buy	809	0.51	1.07094	1.06902	1.07574	0.00	4983.76
1883	2023.09.20 21:01	s/l	809	0.51	1.06902	1.06902	1.07574	-97.92	4885.84
1884	2023.09.25 15:00	sell	810	0.64	1.06305	1.06456	1.05928	0.00	4885.84
1885	2023.09.25 16:31	modify	810	0.64	1.06305	1.06295	1.05928	0.00	4885.84
1886	2023.09.25 17:07	t/p	810	0.64	1.05928	1.06295	1.05928	241.28	5127.12
1887	2023.10.10 11:15	buy	811	1.43	1.05824	1.05574	1.06449	0.00	5127.12
1888	2023.10.10 19:03	modify	811	1.43	1.05824	1.05834	1.06449	0.00	5127.12
1889	2023.10.11 15:30	s/l	811	1.43	1.05834	1.05834	1.06449	2.37	5129.49
1890	2023.11.02 10:45	buy	812	0.58	1.06065	1.05891	1.06500	0.00	5129.49
1891	2023.11.02 12:41	modify	812	0.58	1.06065	1.06075	1.06500	0.00	5129.49
1892	2023.11.02 14:14	t/p	812	0.58	1.06500	1.06075	1.06500	252.30	5381.79
1893	2023.11.21 16:15	buy	813	1.20	1.09548	1.09369	1.09996	0.00	5381.79
1894	2023.11.21 17:27	sell	814	3.60	1.09413	1.09548	1.09369	0.00	5381.79
1895	2023.11.21 17:53	s/l	813	1.20	1.09369	1.09369	1.09996	-214.80	5166.99
1896	2023.11.21 17:53	t/p	814	3.60	1.09369	1.09548	1.09369	158.40	5325.39
1897	2023.11.22 10:30	sell	815	0.50	1.09005	1.09216	1.08478	0.00	5325.39
1898	2023.11.22 17:00	modify	815	0.50	1.09005	1.08995	1.08478	0.00	5325.39
1899	2023.11.23 04:12	s/l	815	0.50	1.08995	1.08995	1.08478	8.80	5334.19
1900	2023.11.28 15:30	buy	816	2.23	1.09600	1.09433	1.10018	0.00	5334.19
1901	2023.11.28 17:04	modify	816	2.23	1.09600	1.09610	1.10018	0.00	5334.19
1902	2023.11.28 17:43	t/p	816	2.23	1.10018	1.09610	1.10018	932.14	6266.33
1903	2023.12.04 15:45	sell	817	1.53	1.08617	1.08780	1.08210	0.00	6266.33
1904	2023.12.04 16:12	modify	817	1.53	1.08617	1.08607	1.08210	0.00	6266.33
1905	2023.12.04 16:20	t/p	817	1.53	1.08210	1.08607	1.08210	622.71	6889.04
1906	2024.01.08 10:15	sell	818	1.50	1.09323	1.09506	1.08866	0.00	6889.04
1907	2024.01.08 13:11	buy	819	4.50	1.09461	1.09323	1.09506	0.00	6889.04
1908	2024.01.08 13:21	s/l	818	1.50	1.09506	1.09506	1.08866	-274.50	6614.54
1909	2024.01.08 13:21	t/p	819	4.50	1.09506	1.09323	1.09506	202.50	6817.04
1910	2024.01.09 11:15	sell	820	0.88	1.09385	1.09539	1.09000	0.00	6817.04
1911	2024.01.09 18:03	modify	820	0.88	1.09385	1.09375	1.09000	0.00	6817.04
1912	2024.01.09 19:27	s/l	820	0.88	1.09375	1.09375	1.09000	8.80	6825.84
1913	2024.01.15 15:15	sell	821	3.12	1.09459	1.09612	1.09077	0.00	6825.84
1914	2024.01.16 02:55	modify	821	3.12	1.09459	1.09449	1.09077	0.00	6825.84
1915	2024.01.16 10:32	t/p	821	3.12	1.09077	1.09449	1.09077	1199.75	8025.59
1916	2024.01.18 11:30	buy	822	0.82	1.08942	1.08747	1.09430	0.00	8025.59
1917	2024.01.18 14:43	sell	823	2.46	1.08795	1.08942	1.08747	0.00	8025.59
1918	2024.01.18 14:58	s/l	822	0.82	1.08747	1.08747	1.09430	-159.90	7865.69
1919	2024.01.18 14:58	t/p	823	2.46	1.08747	1.08942	1.08747	118.08	7983.77
1920	2024.01.24 11:15	buy	824	0.66	1.08847	1.08606	1.09450	0.00	7983.77
1921	2024.01.24 15:50	modify	824	0.66	1.08847	1.08857	1.09450	0.00	7983.77
1922	2024.01.24 21:19	s/l	824	0.66	1.08857	1.08857	1.09450	6.60	7990.37
1923	2024.02.29 16:15	buy	825	1.43	1.08463	1.08268	1.08951	0.00	7990.37
1924	2024.02.29 17:45	sell	826	4.29	1.08316	1.08463	1.08268	0.00	7990.37
1925	2024.02.29 17:52	s/l	825	1.43	1.08268	1.08268	1.08951	-278.85	7711.52
1926	2024.02.29 17:52	t/p	826	4.29	1.08268	1.08463	1.08268	205.92	7917.44
1927	2024.04.17 16:15	buy	827	1.01	1.06450	1.06294	1.06840	0.00	7917.44
1928	2024.04.17 20:58	modify	827	1.01	1.06450	1.06460	1.06840	0.00	7917.44
1929	2024.04.18 09:04	t/p	827	1.01	1.06840	1.06460	1.06840	368.62	8286.06
1930	2024.05.29 16:15	sell	828	3.06	1.08387	1.08576	1.07915	0.00	8286.06
1931	2024.05.29 18:31	modify	828	3.06	1.08387	1.08377	1.07915	0.00	8286.06
1932	2024.05.30 08:23	t/p	828	3.06	1.07915	1.08377	1.07915	1467.60	9753.66
1933	2024.07.08 09:45	buy	829	2.43	1.08286	1.08126	1.08686	0.00	9753.66
1934	2024.07.09 11:00	sell	830	7.29	1.08166	1.08286	1.08126	0.00	9753.66
1935	2024.07.09 13:35	s/l	830	7.29	1.08286	1.08286	1.08126	-874.80	8878.86
1936	2024.07.09 14:28	sell	831	7.29	1.08166	1.08286	1.08126	0.00	8878.86
1937	2024.07.09 14:39	s/l	829	2.43	1.08126	1.08126	1.08686	-409.08	8469.79
1938	2024.07.09 14:40	t/p	831	7.29	1.08126	1.08286	1.08126	291.60	8761.39
1939	2024.07.25 16:30	sell	832	0.53	1.08402	1.08567	1.07990	0.00	8761.39
1940	2024.07.25 17:50	s/l	832	0.53	1.08567	1.08567	1.07990	-87.45	8673.94
1941	2024.07.25 17:50	buy	833	0.19	1.08568	1.08342	1.09133	0.00	8673.94
1942	2024.07.29 11:44	s/l	833	0.19	1.08342	1.08342	1.09133	-46.11	8627.82
1943	2024.07.31 15:30	buy	834	0.99	1.08404	1.08230	1.08839	0.00	8627.82
1944	2024.07.31 17:47	s/l	834	0.99	1.08230	1.08230	1.08839	-172.26	8455.56
1945	2024.08.01 16:15	sell	835	0.39	1.07890	1.08102	1.07360	0.00	8455.56
1946	2024.08.01 17:00	s/l	835	0.39	1.08102	1.08102	1.07360	-82.68	8372.88
1947	2024.08.01 17:00	buy	836	0.16	1.08102	1.07852	1.08727	0.00	8372.88
1948	2024.08.01 18:21	s/l	836	0.16	1.07852	1.07852	1.08727	-40.00	8332.88
1949	2024.08.22 11:15	buy	837	0.40	1.11458	1.11253	1.11971	0.00	8332.88
1950	2024.08.22 16:45	s/l	837	0.40	1.11253	1.11253	1.11971	-82.00	8250.88
1951	2024.08.22 16:45	sell	838	0.19	1.11224	1.11433	1.10702	0.00	8250.88
1952	2024.08.23 17:04	s/l	838	0.19	1.11433	1.11433	1.10702	-39.23	8211.66
1953	2024.08.28 11:30	sell	839	0.95	1.11438	1.11610	1.11008	0.00	8211.66
1954	2024.08.28 14:57	modify	839	0.95	1.11438	1.11428	1.11008	0.00	8211.66
1955	2024.08.29 11:04	t/p	839	0.95	1.11008	1.11428	1.11008	415.73	8627.38
1956	2024.09.24 15:15	buy	840	3.49	1.11373	1.11200	1.11806	0.00	8627.38
1957	2024.09.24 17:28	modify	840	3.49	1.11373	1.11383	1.11806	0.00	8627.38
1958	2024.09.24 23:56	t/p	840	3.49	1.11806	1.11383	1.11806	1511.17	10138.55
1959	2024.09.26 16:15	sell	841	0.87	1.11409	1.11640	1.10832	0.00	10138.55
1960	2024.09.26 16:34	buy	842	2.61	1.11583	1.11409	1.11640	0.00	10138.55
1961	2024.09.26 16:47	s/l	842	2.61	1.11409	1.11409	1.11640	-454.14	9684.41
1962	2024.09.26 17:40	buy	843	2.61	1.11585	1.11409	1.11640	0.00	9684.41
1963	2024.09.26 17:43	s/l	841	0.87	1.11640	1.11640	1.10832	-200.97	9483.44
1964	2024.09.26 17:43	t/p	843	2.61	1.11640	1.11409	1.11640	143.55	9626.99
1965	2024.10.24 16:15	buy	844	0.61	1.08021	1.07865	1.08411	0.00	9626.99
1966	2024.10.24 21:50	modify	844	0.61	1.08021	1.08031	1.08411	0.00	9626.99
1967	2024.10.25 19:50	s/l	844	0.61	1.08031	1.08031	1.08411	1.01	9628.00
1968	2024.10.30 15:45	buy	845	3.13	1.08308	1.08093	1.08846	0.00	9628.00
1969	2024.10.30 17:44	modify	845	3.13	1.08308	1.08318	1.08846	0.00	9628.00
1970	2024.10.31 14:41	t/p	845	3.13	1.08846	1.08318	1.08846	1605.59	11233.59
1971	2024.10.31 16:30	buy	846	1.02	1.08715	1.08495	1.09265	0.00	11233.59
1972	2024.10.31 17:02	sell	847	3.06	1.08550	1.08715	1.08495	0.00	11233.59
1973	2024.10.31 17:51	s/l	846	1.02	1.08495	1.08495	1.09265	-224.40	11009.19
1974	2024.10.31 17:51	t/p	847	3.06	1.08495	1.08715	1.08495	168.30	11177.49
1975	2024.11.13 16:30	sell	848	1.07	1.06206	1.06413	1.05689	0.00	11177.49
1976	2024.11.13 16:52	modify	848	1.07	1.06206	1.06196	1.05689	0.00	11177.49
1977	2024.11.13 17:06	t/p	848	1.07	1.05689	1.06196	1.05689	553.19	11730.68
1978	2024.11.18 15:30	buy	849	4.58	1.05572	1.05393	1.06020	0.00	11730.68
1979	2024.11.18 18:58	modify	849	4.58	1.05572	1.05582	1.06020	0.00	11730.68
1980	2024.11.18 21:06	t/p	849	4.58	1.06020	1.05582	1.06020	2051.84	13782.52
1981	2024.11.21 16:15	sell	850	1.67	1.05245	1.05410	1.04833	0.00	13782.52
1982	2024.11.21 17:01	buy	851	5.01	1.05369	1.05245	1.05410	0.00	13782.52
1983	2024.11.21 17:08	s/l	850	1.67	1.05410	1.05410	1.04833	-275.55	13506.97
1984	2024.11.21 17:09	t/p	851	5.01	1.05410	1.05245	1.05410	205.41	13712.38
1985	2024.11.26 10:00	sell	852	1.76	1.04719	1.04874	1.04332	0.00	13712.38
1986	2024.11.26 10:21	s/l	852	1.76	1.04874	1.04874	1.04332	-272.80	13439.58
1987	2024.11.26 10:21	buy	853	0.69	1.04874	1.04681	1.05357	0.00	13439.58
1988	2024.11.26 11:13	modify	853	0.69	1.04874	1.04884	1.05357	0.00	13439.58
1989	2024.11.26 14:17	t/p	853	0.69	1.05357	1.04884	1.05357	333.27	13772.85
1990	2024.11.28 16:45	buy	854	0.91	1.05445	1.05294	1.05823	0.00	13772.85
1991	2024.11.29 02:36	modify	854	0.91	1.05445	1.05455	1.05823	0.00	13772.85
1992	2024.11.29 09:00	t/p	854	0.91	1.05823	1.05455	1.05823	336.39	14109.24
1993	2024.12.02 09:15	sell	855	4.55	1.05174	1.05391	1.04632	0.00	14109.24
1994	2024.12.02 14:13	buy	856	13.65	1.05337	1.05174	1.05391	0.00	14109.24
1995	2024.12.02 14:37	s/l	856	13.65	1.05174	1.05174	1.05391	-2224.95	11884.29
1996	2024.12.02 16:42	modify	855	4.55	1.05174	1.05164	1.04632	0.00	11884.29
1997	2024.12.02 17:02	t/p	855	4.55	1.04632	1.05164	1.04632	2466.10	14350.39
1998	2024.12.03 16:00	buy	857	3.75	1.05244	1.05091	1.05627	0.00	14350.39
1999	2024.12.03 17:00	sell	858	11.25	1.05127	1.05244	1.05091	0.00	14350.39
2000	2024.12.03 17:00	s/l	857	3.75	1.05091	1.05091	1.05627	-573.75	13776.64
2001	2024.12.03 17:00	t/p	858	11.25	1.05091	1.05244	1.05091	405.00	14181.64
2002	2024.12.04 10:45	sell	859	1.50	1.04980	1.05168	1.04510	0.00	14181.64
2003	2024.12.04 17:00	s/l	859	1.50	1.05168	1.05168	1.04510	-282.00	13899.64
2004	2024.12.05 11:45	buy	860	0.92	1.05342	1.05191	1.05720	0.00	13899.64
2005	2024.12.05 15:30	modify	860	0.92	1.05342	1.05352	1.05720	0.00	13899.64
2006	2024.12.05 16:00	t/p	860	0.92	1.05720	1.05352	1.05720	347.76	14247.40
2007	2025.01.02 11:45	sell	861	3.04	1.03557	1.03721	1.03147	0.00	14247.40
2008	2025.01.02 12:48	modify	861	3.04	1.03557	1.03547	1.03147	0.00	14247.40
2009	2025.01.02 12:49	t/p	861	3.04	1.03147	1.03547	1.03147	1246.40	15493.80
2010	2025.01.14 16:30	buy	862	2.60	1.02652	1.02414	1.03247	0.00	15493.80
2011	2025.01.14 18:16	modify	862	2.60	1.02652	1.02662	1.03247	0.00	15493.80
2012	2025.01.15 15:30	t/p	862	2.60	1.03247	1.02662	1.03247	1525.31	17019.11
2013	2025.01.27 09:45	buy	863	3.69	1.04703	1.04519	1.05163	0.00	17019.11
2014	2025.01.27 09:59	sell	864	11.07	1.04565	1.04703	1.04519	0.00	17019.11
2015	2025.01.27 10:13	s/l	864	11.07	1.04703	1.04703	1.04519	-1527.66	15491.45
2016	2025.01.27 12:05	modify	863	3.69	1.04703	1.04713	1.05163	0.00	15491.45
2017	2025.01.27 13:13	t/p	863	3.69	1.05163	1.04713	1.05163	1697.40	17188.85
2018	2025.01.30 11:15	sell	865	2.10	1.04097	1.04260	1.03690	0.00	17188.85
2019	2025.01.30 15:48	buy	866	6.30	1.04220	1.04097	1.04260	0.00	17188.85
2020	2025.01.30 15:53	s/l	865	2.10	1.04260	1.04260	1.03690	-342.30	16846.55
2021	2025.01.30 15:53	t/p	866	6.30	1.04260	1.04097	1.04260	252.00	17098.55
2022	2025.02.04 15:15	buy	867	2.22	1.03361	1.03207	1.03746	0.00	17098.55
2023	2025.02.04 16:18	modify	867	2.22	1.03361	1.03371	1.03746	0.00	17098.55
2024	2025.02.04 17:00	t/p	867	2.22	1.03746	1.03371	1.03746	854.70	17953.25
2025	2025.02.10 14:00	sell	868	8.05	1.03204	1.03360	1.02814	0.00	17953.25
2026	2025.02.11 04:34	modify	868	8.05	1.03204	1.03194	1.02814	0.00	17953.25
2027	2025.02.11 10:57	s/l	868	8.05	1.03194	1.03194	1.02814	100.91	18054.16
2028	2025.02.26 10:30	buy	869	3.66	1.05093	1.04896	1.05586	0.00	18054.16
2029	2025.02.26 10:47	sell	870	10.98	1.04944	1.05093	1.04896	0.00	18054.16
2030	2025.02.26 13:50	s/l	869	3.66	1.04896	1.04896	1.05586	-721.02	17333.14
2031	2025.02.26 13:50	t/p	870	10.98	1.04896	1.05093	1.04896	527.04	17860.18
2032	2025.03.12 16:45	buy	871	1.50	1.09028	1.08790	1.09623	0.00	17860.18
2033	2025.03.13 08:07	s/l	871	1.50	1.08790	1.08790	1.09623	-394.55	17465.63
2034	2025.03.13 08:07	sell	872	0.71	1.08789	1.08911	1.08484	0.00	17465.63
2035	2025.03.13 09:39	modify	872	0.71	1.08789	1.08779	1.08484	0.00	17465.63
2036	2025.03.13 10:12	s/l	872	0.71	1.08779	1.08779	1.08484	7.10	17472.73
2037	2025.03.17 15:00	buy	873	2.13	1.09018	1.08854	1.09428	0.00	17472.73
2038	2025.03.17 17:25	modify	873	2.13	1.09018	1.09028	1.09428	0.00	17472.73
2039	2025.03.18 10:11	t/p	873	2.13	1.09428	1.09028	1.09428	855.53	18328.26
2040	2025.03.19 15:00	sell	874	7.50	1.09014	1.09185	1.08587	0.00	18328.26
2041	2025.03.19 17:58	modify	874	7.50	1.09014	1.09004	1.08587	0.00	18328.26
2042	2025.03.19 20:36	s/l	874	7.50	1.09004	1.09004	1.08587	75.00	18403.26
2043	2025.03.24 14:00	sell	875	3.87	1.08320	1.08510	1.07845	0.00	18403.26
2044	2025.03.24 15:51	modify	875	3.87	1.08320	1.08310	1.07845	0.00	18403.26
2045	2025.03.24 18:41	t/p	875	3.87	1.07845	1.08310	1.07845	1838.25	20241.51
2046	2025.03.25 16:15	sell	876	3.59	1.08051	1.08276	1.07489	0.00	20241.51
2047	2025.03.26 15:29	modify	876	3.59	1.08051	1.08041	1.07489	0.00	20241.51
2048	2025.03.26 21:17	t/p	876	3.59	1.07489	1.08041	1.07489	2026.68	22268.19
2049	2025.03.27 15:45	buy	877	2.09	1.07959	1.07746	1.08492	0.00	22268.19
2050	2025.03.27 15:53	sell	878	6.27	1.07799	1.07959	1.07746	0.00	22268.19
2051	2025.03.27 17:17	s/l	878	6.27	1.07959	1.07959	1.07746	-1003.20	21264.99
2052	2025.03.28 10:20	sell	879	6.27	1.07798	1.07959	1.07746	0.00	21264.99
2053	2025.03.28 11:03	s/l	877	2.09	1.07746	1.07746	1.08492	-462.61	20802.39
2054	2025.03.28 11:20	t/p	879	6.27	1.07746	1.07959	1.07746	326.04	21128.43
2055	2025.03.31 14:15	buy	880	2.34	1.08255	1.08075	1.08705	0.00	21128.43
2056	2025.03.31 15:42	s/l	880	2.34	1.08075	1.08075	1.08705	-421.20	20707.23
2057	2025.03.31 15:42	sell	881	0.96	1.08075	1.08289	1.07540	0.00	20707.23
2058	2025.04.01 07:05	s/l	881	0.96	1.08289	1.08289	1.07540	-203.01	20504.22
2059	2025.04.17 10:45	buy	882	1.06	1.13697	1.13505	1.14177	0.00	20504.22
2060	2025.04.17 15:16	s/l	882	1.06	1.13505	1.13505	1.14177	-203.52	20300.70
2061	2025.04.17 15:16	sell	883	0.48	1.13502	1.13711	1.12980	0.00	20300.70
2062	2025.04.17 16:05	s/l	883	0.48	1.13711	1.13711	1.12980	-100.32	20200.38
2063	2025.04.29 10:45	buy	884	1.98	1.14052	1.13848	1.14562	0.00	20200.38
2064	2025.04.29 11:13	s/l	884	1.98	1.13848	1.13848	1.14562	-403.92	19796.46
2065	2025.04.29 15:30	buy	885	2.12	1.13862	1.13676	1.14327	0.00	19796.46
2066	2025.04.29 16:18	modify	885	2.12	1.13862	1.13872	1.14327	0.00	19796.46
2067	2025.04.29 17:47	s/l	885	2.12	1.13872	1.13872	1.14327	21.20	19817.66
2068	2025.04.30 10:30	sell	886	6.54	1.13797	1.14009	1.13267	0.00	19817.66
2069	2025.04.30 18:21	modify	886	6.54	1.13797	1.13787	1.13267	0.00	19817.66
2070	2025.04.30 18:30	t/p	886	6.54	1.13267	1.13787	1.13267	3466.20	23283.86
2071	2025.05.01 15:00	sell	887	2.04	1.13197	1.13425	1.12627	0.00	23283.86
2072	2025.05.01 15:31	buy	888	6.12	1.13369	1.13197	1.13425	0.00	23283.86
2073	2025.05.01 15:43	s/l	888	6.12	1.13197	1.13197	1.13425	-1052.64	22231.22
2074	2025.05.01 17:20	modify	887	2.04	1.13197	1.13187	1.12627	0.00	22231.22
2075	2025.05.02 09:10	s/l	887	2.04	1.13187	1.13187	1.12627	25.57	22256.79
2076	2025.05.14 09:30	buy	889	5.26	1.11946	1.11777	1.12369	0.00	22256.79
2077	2025.05.14 10:13	sell	890	15.78	1.11819	1.11946	1.11777	0.00	22256.79
2078	2025.05.14 10:27	s/l	890	15.78	1.11946	1.11946	1.11777	-2004.06	20252.73
2079	2025.05.14 11:03	modify	889	5.26	1.11946	1.11956	1.12369	0.00	20252.73
2080	2025.05.14 11:07	t/p	889	5.26	1.12369	1.11956	1.12369	2224.98	22477.71
2081	2025.05.15 09:30	buy	891	1.82	1.12077	1.11831	1.12692	0.00	22477.71
2082	2025.05.15 14:33	sell	892	5.46	1.11889	1.12077	1.11831	0.00	22477.71
2083	2025.05.15 14:34	s/l	891	1.82	1.11831	1.11831	1.12692	-447.72	22029.99
2084	2025.05.15 14:34	t/p	892	5.46	1.11831	1.12077	1.11831	316.68	22346.67
2085	2025.05.22 15:45	sell	893	0.93	1.12926	1.13164	1.12331	0.00	22346.67
2086	2025.05.22 20:28	modify	893	0.93	1.12926	1.12916	1.12331	0.00	22346.67
2087	2025.05.23 03:24	s/l	893	0.93	1.12916	1.12916	1.12331	11.66	22358.33
2088	2025.05.27 09:15	buy	894	6.83	1.13874	1.13645	1.14447	0.00	22358.33
2089	2025.05.27 09:53	sell	895	20.49	1.13701	1.13874	1.13645	0.00	22358.33
2090	2025.05.27 09:59	s/l	894	6.83	1.13645	1.13645	1.14447	-1564.07	20794.26
2091	2025.05.27 09:59	t/p	895	20.49	1.13645	1.13874	1.13645	1147.44	21941.70
2092	2025.05.28 14:00	sell	896	2.61	1.13254	1.13422	1.12834	0.00	21941.70
2093	2025.05.28 16:11	modify	896	2.61	1.13254	1.13244	1.12834	0.00	21941.70
2094	2025.05.29 02:10	t/p	896	2.61	1.12834	1.13244	1.12834	1116.06	23057.76
2095	2025.06.05 10:15	buy	897	5.30	1.14189	1.14037	1.14569	0.00	23057.76
2096	2025.06.05 15:30	modify	897	5.30	1.14189	1.14199	1.14569	0.00	23057.76
2097	2025.06.05 15:50	s/l	897	5.30	1.14199	1.14199	1.14569	53.00	23110.76
2098	2025.06.10 10:00	sell	898	4.16	1.13940	1.14162	1.13385	0.00	23110.76
2099	2025.06.10 11:57	buy	899	12.48	1.14108	1.13940	1.14162	0.00	23110.76
2100	2025.06.10 12:41	s/l	898	4.16	1.14162	1.14162	1.13385	-923.52	22187.24
2101	2025.06.10 12:41	t/p	899	12.48	1.14162	1.13940	1.14162	673.92	22861.16
2102	2025.06.16 08:15	buy	900	2.83	1.15458	1.15297	1.15861	0.00	22861.16
2103	2025.06.16 09:51	modify	900	2.83	1.15458	1.15468	1.15861	0.00	22861.16
2104	2025.06.16 16:00	t/p	900	2.83	1.15861	1.15468	1.15861	1140.49	24001.65
2105	2025.06.18 11:30	sell	901	10.83	1.15033	1.15188	1.14646	0.00	24001.65
2106	2025.06.18 15:25	buy	902	32.49	1.15150	1.15033	1.15188	0.00	24001.65
2107	2025.06.18 15:46	s/l	902	32.49	1.15033	1.15033	1.15188	-3801.33	20200.32
2108	2025.06.18 17:04	buy	903	32.49	1.15151	1.15033	1.15188	0.00	20200.32
2109	2025.06.18 17:04	s/l	901	10.83	1.15188	1.15188	1.14646	-1678.65	18521.67
2110	2025.06.18 17:04	t/p	903	32.49	1.15188	1.15033	1.15188	1202.13	19723.80
2111	2025.07.09 10:45	sell	904	1.96	1.17098	1.17299	1.16596	0.00	19723.80
2112	2025.07.10 02:39	s/l	904	1.96	1.17299	1.17299	1.16596	-379.05	19344.75
2113	2025.07.10 02:39	buy	905	0.99	1.17300	1.17203	1.17543	0.00	19344.75
2114	2025.07.10 03:10	modify	905	0.99	1.17300	1.17310	1.17543	0.00	19344.75
2115	2025.07.10 07:32	s/l	905	0.99	1.17310	1.17310	1.17543	9.90	19354.65
2116	2025.07.17 09:15	sell	906	1.01	1.16080	1.16271	1.15603	0.00	19354.65
2117	2025.07.17 09:30	modify	906	1.01	1.16080	1.16070	1.15603	0.00	19354.65
2118	2025.07.17 15:30	t/p	906	1.01	1.15603	1.16070	1.15603	481.77	19836.42
2119	2025.07.22 16:45	buy	907	6.11	1.16990	1.16763	1.17558	0.00	19836.42
2120	2025.07.22 18:16	modify	907	6.11	1.16990	1.17000	1.17558	0.00	19836.42
2121	2025.07.22 19:07	t/p	907	6.11	1.17558	1.17000	1.17558	3470.48	23306.90
2122	2025.08.21 16:45	sell	908	2.58	1.16334	1.16514	1.15884	0.00	23306.90
2123	2025.08.21 17:45	modify	908	2.58	1.16334	1.16324	1.15884	0.00	23306.90
2124	2025.08.22 07:21	t/p	908	2.58	1.15884	1.16324	1.15884	1167.54	24474.44
2125	2025.08.26 09:15	sell	909	6.08	1.16297	1.16458	1.15895	0.00	24474.44
2126	2025.08.26 10:12	modify	909	6.08	1.16297	1.16287	1.15895	0.00	24474.44
2127	2025.08.26 12:12	s/l	909	6.08	1.16287	1.16287	1.15895	60.80	24535.24
2128	2025.09.03 15:45	sell	910	6.49	1.16452	1.16603	1.16075	0.00	24535.24
2129	2025.09.03 17:00	buy	911	19.47	1.16568	1.16452	1.16603	0.00	24535.24
2130	2025.09.03 17:00	s/l	910	6.49	1.16603	1.16603	1.16075	-979.99	23555.25
2131	2025.09.03 17:00	t/p	911	19.47	1.16603	1.16452	1.16603	681.45	24236.70
2132	2025.09.29 15:00	buy	912	2.17	1.17293	1.17070	1.17851	0.00	24236.70
2133	2025.10.01 08:00	modify	912	2.17	1.17293	1.17303	1.17851	0.00	24236.70
2134	2025.10.01 13:02	s/l	912	2.17	1.17303	1.17303	1.17851	-14.51	24222.19
2135	2025.10.01 13:02	sell	913	1.01	1.17302	1.17541	1.16705	0.00	24222.19
2136	2025.10.01 15:16	s/l	913	1.01	1.17541	1.17541	1.16705	-241.39	23980.80
2137	2025.10.02 10:15	buy	914	1.22	1.17516	1.17321	1.18004	0.00	23980.80
2138	2025.10.02 16:39	s/l	914	1.22	1.17321	1.17321	1.18004	-237.90	23742.90
2139	2025.10.02 16:39	sell	915	0.87	1.17321	1.17456	1.16984	0.00	23742.90
2140	2025.10.02 17:11	modify	915	0.87	1.17321	1.17311	1.16984	0.00	23742.90
2141	2025.10.02 18:15	t/p	915	0.87	1.16984	1.17311	1.16984	293.19	24036.09
2142	2025.10.09 09:15	sell	916	1.38	1.16299	1.16472	1.15867	0.00	24036.09
2143	2025.10.09 11:35	modify	916	1.38	1.16299	1.16289	1.15867	0.00	24036.09
2144	2025.10.09 17:22	t/p	916	1.38	1.15867	1.16289	1.15867	596.16	24632.25
2145	2025.10.14 09:30	sell	917	8.41	1.15710	1.15915	1.15198	0.00	24632.25
2146	2025.10.14 17:34	buy	918	25.23	1.15864	1.15710	1.15915	0.00	24632.25
2147	2025.10.14 17:40	s/l	917	8.41	1.15915	1.15915	1.15198	-1724.05	22908.20
2148	2025.10.14 17:40	t/p	918	25.23	1.15915	1.15710	1.15915	1286.73	24194.93
2149	2025.10.15 16:45	buy	919	2.56	1.16272	1.16083	1.16745	0.00	24194.93
2150	2025.10.16 03:27	modify	919	2.56	1.16272	1.16282	1.16745	0.00	24194.93
2151	2025.10.16 04:51	t/p	919	2.56	1.16745	1.16282	1.16745	1146.80	25341.73
2152	2025.10.27 10:45	buy	920	11.08	1.16315	1.16155	1.16715	0.00	25341.73
2153	2025.10.28 02:20	modify	920	11.08	1.16315	1.16325	1.16715	0.00	25341.73
2154	2025.10.28 15:07	s/l	920	11.08	1.16325	1.16325	1.16715	18.35	25360.08
2155	2025.10.28 16:30	buy	921	4.24	1.16557	1.16318	1.17155	0.00	25360.08
2156	2025.10.29 05:41	sell	922	12.72	1.16377	1.16557	1.16318	0.00	25360.08
2157	2025.10.29 06:55	s/l	921	4.24	1.16318	1.16318	1.17155	-1048.74	24311.34
2158	2025.10.29 06:55	t/p	922	12.72	1.16318	1.16557	1.16318	750.48	25061.82
2159	2025.11.10 09:45	buy	923	2.62	1.15705	1.15514	1.16183	0.00	25061.82
2160	2025.11.10 17:41	s/l	923	2.62	1.15514	1.15514	1.16183	-500.42	24561.40
2161	2025.11.10 17:41	sell	924	1.37	1.15513	1.15692	1.15066	0.00	24561.40
2162	2025.11.11 12:18	s/l	924	1.37	1.15692	1.15692	1.15066	-241.76	24319.64
2163	2025.11.19 15:45	sell	925	2.67	1.15749	1.15931	1.15294	0.00	24319.64
2164	2025.11.19 17:10	modify	925	2.67	1.15749	1.15739	1.15294	0.00	24319.64
2165	2025.11.19 19:26	t/p	925	2.67	1.15294	1.15739	1.15294	1214.85	25534.49
2166	2025.12.01 09:30	buy	926	9.40	1.16082	1.15892	1.16557	0.00	25534.49
2167	2025.12.01 14:37	modify	926	9.40	1.16082	1.16092	1.16557	0.00	25534.49
2168	2025.12.01 21:11	s/l	926	9.40	1.16092	1.16092	1.16557	94.00	25628.49
2169	2025.12.16 16:00	buy	927	4.90	1.17758	1.17549	1.18281	0.00	25628.49
2170	2025.12.16 20:02	sell	928	14.70	1.17601	1.17758	1.17549	0.00	25628.49
2171	2025.12.16 20:07	s/l	927	4.90	1.17549	1.17549	1.18281	-1024.10	24604.39
2172	2025.12.16 20:11	t/p	928	14.70	1.17549	1.17758	1.17549	764.40	25368.79
2173	2025.12.24 11:00	buy	929	2.31	1.17995	1.17776	1.18543	0.00	25368.79
2174	2025.12.24 16:55	s/l	929	2.31	1.17776	1.17776	1.18543	-505.89	24862.90
2175	2025.12.24 16:55	sell	930	2.21	1.17776	1.17888	1.17496	0.00	24862.90
2176	2025.12.26 02:25	s/l	930	2.21	1.17888	1.17888	1.17496	-225.10	24637.80
2177	2026.01.12 15:15	buy	931	2.93	1.16925	1.16757	1.17345	0.00	24637.80
2178	2026.01.12 16:29	s/l	931	2.93	1.16757	1.16757	1.17345	-492.24	24145.56
2179	2026.01.12 16:29	sell	932	0.97	1.16757	1.17005	1.16137	0.00	24145.56
2180	2026.01.13 18:14	modify	932	0.97	1.16757	1.16747	1.16137	0.00	24145.56
2181	2026.01.15 15:30	t/p	932	0.97	1.16137	1.16747	1.16137	613.70	24759.26
2182	2026.01.19 09:15	buy	933	2.87	1.16400	1.16228	1.16830	0.00	24759.26
2183	2026.01.19 10:07	s/l	933	2.87	1.16228	1.16228	1.16830	-493.64	24265.62
2184	2026.01.19 10:07	sell	934	1.26	1.16228	1.16420	1.15748	0.00	24265.62
2185	2026.01.19 16:49	s/l	934	1.26	1.16420	1.16420	1.15748	-241.92	24023.70
2186	2026.01.29 15:00	buy	935	1.30	1.19613	1.19429	1.20073	0.00	24023.70
2187	2026.01.29 15:49	s/l	935	1.30	1.19429	1.19429	1.20073	-239.20	23784.50
2188	2026.02.04 16:15	sell	936	2.37	1.18076	1.18276	1.17576	0.00	23784.50
2189	2026.02.05 23:02	modify	936	2.37	1.18076	1.18066	1.17576	0.00	23784.50
2190	2026.02.06 15:49	s/l	936	2.37	1.18066	1.18066	1.17576	47.74	23832.24
2191	2026.02.18 16:00	sell	937	6.80	1.18236	1.18481	1.17624	0.00	23832.24
2192	2026.02.18 20:47	modify	937	6.80	1.18236	1.18226	1.17624	0.00	23832.24
2193	2026.02.19 15:04	t/p	937	6.80	1.17624	1.18226	1.17624	4213.33	28045.58
2194	2026.02.25 16:00	sell	938	5.96	1.17734	1.17922	1.17264	0.00	28045.58
2195	2026.02.25 16:46	buy	939	17.88	1.17875	1.17734	1.17922	0.00	28045.58
2196	2026.02.25 17:07	s/l	938	5.96	1.17922	1.17922	1.17264	-1120.48	26925.10
2197	2026.02.25 17:07	t/p	939	17.88	1.17922	1.17734	1.17922	840.36	27765.46
2198	2026.03.17 09:15	buy	940	3.47	1.14885	1.14725	1.15285	0.00	27765.46
2199	2026.03.17 10:48	modify	940	3.47	1.14885	1.14895	1.15285	0.00	27765.46
2200	2026.03.17 15:00	t/p	940	3.47	1.15285	1.14895	1.15285	1388.00	29153.46
