1	2010.01.19 09:15	sell	1	1.01	1.43931	1.44128	1.43439	0.00	10000.00
2	2010.01.19 10:45	modify	1	1.01	1.43931	1.43921	1.43439	0.00	10000.00
3	2010.01.19 11:00	t/p	1	1.01	1.43439	1.43921	1.43439	496.92	10496.92
4	2010.02.15 14:00	sell	2	4.05	1.36095	1.36276	1.35643	0.00	10496.92
5	2010.02.15 16:47	modify	2	4.05	1.36095	1.36085	1.35643	0.00	10496.92
6	2010.02.15 17:39	s/l	2	4.05	1.36085	1.36085	1.35643	40.50	10537.42
7	2010.02.16 11:30	buy	3	1.80	1.36601	1.36368	1.37184	0.00	10537.42
8	2010.02.16 13:38	s/l	3	1.80	1.36368	1.36368	1.37184	-419.40	10118.02
9	2010.03.08 15:00	buy	4	1.12	1.36653	1.36473	1.37103	0.00	10118.02
10	2010.03.08 16:32	s/l	4	1.12	1.36473	1.36473	1.37103	-201.60	9916.42
11	2010.03.10 08:00	sell	5	0.92	1.35826	1.36040	1.35291	0.00	9916.42
12	2010.03.10 09:00	modify	5	0.92	1.35826	1.35816	1.35291	0.00	9916.42
13	2010.03.10 10:14	s/l	5	0.92	1.35816	1.35816	1.35291	9.20	9925.62
14	2010.03.10 15:00	buy	6	3.12	1.36154	1.35932	1.36709	0.00	9925.62
15	2010.03.10 16:52	modify	6	3.12	1.36154	1.36164	1.36709	0.00	9925.62
16	2010.03.10 17:03	t/p	6	3.12	1.36709	1.36164	1.36709	1731.60	11657.22
17	2010.03.11 09:30	buy	7	1.20	1.36425	1.36232	1.36908	0.00	11657.22
18	2010.03.11 14:30	modify	7	1.20	1.36425	1.36435	1.36908	0.00	11657.22
19	2010.03.11 14:44	s/l	7	1.20	1.36435	1.36435	1.36908	12.00	11669.22
20	2010.03.16 08:00	sell	8	2.62	1.36831	1.37009	1.36386	0.00	11669.22
21	2010.03.16 11:00	s/l	8	2.62	1.37009	1.37009	1.36386	-466.36	11202.86
22	2010.04.05 08:00	sell	9	1.15	1.34992	1.35186	1.34507	0.00	11202.86
23	2010.04.05 08:34	modify	9	1.15	1.34992	1.34982	1.34507	0.00	11202.86
24	2010.04.05 15:14	s/l	9	1.15	1.34982	1.34982	1.34507	11.50	11214.36
25	2010.06.30 09:45	sell	10	3.90	1.22160	1.22361	1.21658	0.00	11214.36
26	2010.06.30 11:17	s/l	10	3.90	1.22361	1.22361	1.21658	-783.90	10430.46
27	2010.08.18 09:45	sell	11	1.00	1.28290	1.28497	1.27773	0.00	10430.46
28	2010.08.18 09:51	s/l	11	1.00	1.28497	1.28497	1.27773	-207.00	10223.46
29	2010.08.30 08:15	buy	12	1.03	1.27451	1.27254	1.27944	0.00	10223.46
30	2010.08.30 08:58	s/l	12	1.03	1.27254	1.27254	1.27944	-202.91	10020.55
31	2010.08.30 08:58	sell	13	0.87	1.27253	1.27481	1.26683	0.00	10020.55
32	2010.08.30 14:20	modify	13	0.87	1.27253	1.27243	1.26683	0.00	10020.55
33	2010.08.30 18:29	t/p	13	0.87	1.26683	1.27243	1.26683	495.90	10516.45
34	2010.09.01 10:00	buy	14	0.98	1.27200	1.26987	1.27733	0.00	10516.45
35	2010.09.01 10:44	modify	14	0.98	1.27200	1.27210	1.27733	0.00	10516.45
36	2010.09.01 11:27	t/p	14	0.98	1.27733	1.27210	1.27733	522.34	11038.79
37	2010.09.06 15:00	buy	15	3.78	1.28850	1.28646	1.29360	0.00	11038.79
38	2010.09.07 01:04	s/l	15	3.78	1.28646	1.28646	1.29360	-802.66	10236.13
39	2010.09.20 08:45	buy	16	1.01	1.30852	1.30650	1.31357	0.00	10236.13
40	2010.09.20 09:35	modify	16	1.01	1.30852	1.30862	1.31357	0.00	10236.13
41	2010.09.20 13:57	s/l	16	1.01	1.30862	1.30862	1.31357	10.10	10246.23
42	2010.12.22 08:30	sell	17	3.77	1.31303	1.31493	1.30828	0.00	10246.23
43	2010.12.22 10:43	s/l	17	3.77	1.31493	1.31493	1.30828	-716.30	9529.93
44	2010.12.27 15:00	buy	18	0.83	1.31514	1.31285	1.32087	0.00	9529.93
45	2010.12.27 19:01	s/l	18	0.83	1.31285	1.31285	1.32087	-190.07	9339.86
46	2010.12.29 11:30	sell	19	0.78	1.31229	1.31468	1.30632	0.00	9339.86
47	2010.12.29 17:33	s/l	19	0.78	1.31468	1.31468	1.30632	-186.42	9153.44
48	2011.02.09 09:30	buy	20	0.75	1.36507	1.36265	1.37112	0.00	9153.44
49	2011.02.09 11:48	s/l	20	0.75	1.36265	1.36265	1.37112	-181.50	8971.94
50	2011.03.08 08:30	buy	21	0.86	1.39830	1.39622	1.40350	0.00	8971.94
51	2011.03.08 08:39	s/l	21	0.86	1.39622	1.39622	1.40350	-178.88	8793.06
52	2011.03.08 08:39	sell	22	0.76	1.39622	1.39851	1.39050	0.00	8793.06
53	2011.03.08 09:34	modify	22	0.76	1.39622	1.39612	1.39050	0.00	8793.06
54	2011.03.08 13:23	t/p	22	0.76	1.39050	1.39612	1.39050	434.72	9227.78
55	2011.03.23 10:15	sell	23	0.81	1.41753	1.41980	1.41186	0.00	9227.78
56	2011.03.23 11:15	s/l	23	0.81	1.41980	1.41980	1.41186	-183.87	9043.91
57	2011.03.23 11:15	buy	24	0.75	1.41980	1.41740	1.42580	0.00	9043.91
58	2011.03.23 12:16	s/l	24	0.75	1.41740	1.41740	1.42580	-180.00	8863.91
59	2011.03.30 08:15	sell	25	1.04	1.40821	1.40990	1.40399	0.00	8863.91
60	2011.03.30 10:08	s/l	25	1.04	1.40990	1.40990	1.40399	-175.76	8688.15
61	2011.04.05 08:15	sell	26	1.14	1.41931	1.42083	1.41551	0.00	8688.15
62	2011.04.05 08:30	modify	26	1.14	1.41931	1.41921	1.41551	0.00	8688.15
63	2011.04.05 09:18	s/l	26	1.14	1.41921	1.41921	1.41551	11.40	8699.55
64	2011.04.12 08:15	sell	27	3.71	1.43919	1.44083	1.43509	0.00	8699.55
65	2011.04.12 09:11	s/l	27	3.71	1.44083	1.44083	1.43509	-608.44	8091.11
66	2011.08.22 08:30	sell	28	1.04	1.43580	1.43735	1.43193	0.00	8091.11
67	2011.08.22 09:07	s/l	28	1.04	1.43735	1.43735	1.43193	-161.20	7929.91
68	2011.08.24 08:15	buy	29	0.68	1.44161	1.43930	1.44739	0.00	7929.91
69	2011.08.24 10:00	s/l	29	0.68	1.43930	1.43930	1.44739	-157.08	7772.83
70	2011.09.08 10:30	sell	30	0.39	1.40645	1.40843	1.40150	0.00	7772.83
71	2011.09.08 12:49	modify	30	0.39	1.40645	1.40635	1.40150	0.00	7772.83
72	2011.09.08 13:35	t/p	30	0.39	1.40150	1.40635	1.40150	193.05	7965.88
73	2011.12.08 08:15	buy	31	1.59	1.34176	1.34001	1.34614	0.00	7965.88
74	2011.12.08 10:05	s/l	31	1.59	1.34001	1.34001	1.34614	-278.25	7687.63
75	2011.12.19 08:45	sell	32	0.78	1.30068	1.30264	1.29578	0.00	7687.63
76	2011.12.19 09:07	s/l	32	0.78	1.30264	1.30264	1.29578	-152.88	7534.75
77	2011.12.19 15:15	sell	33	0.71	1.30218	1.30428	1.29693	0.00	7534.75
78	2011.12.19 21:54	modify	33	0.71	1.30218	1.30208	1.29693	0.00	7534.75
79	2011.12.20 09:35	s/l	33	0.71	1.30208	1.30208	1.29693	8.90	7543.65
80	2012.03.07 08:00	sell	34	3.38	1.31391	1.31547	1.31001	0.00	7543.65
81	2012.03.07 11:22	s/l	34	3.38	1.31547	1.31547	1.31001	-527.28	7016.37
82	2012.03.08 09:00	buy	35	0.45	1.31786	1.31631	1.32174	0.00	7016.37
83	2012.03.08 10:31	modify	35	0.45	1.31786	1.31796	1.32174	0.00	7016.37
84	2012.03.08 10:36	t/p	35	0.45	1.32174	1.31796	1.32174	174.60	7190.97
85	2012.03.29 08:15	buy	36	1.21	1.33281	1.33074	1.33799	0.00	7190.97
86	2012.03.29 11:06	s/l	36	1.21	1.33074	1.33074	1.33799	-250.47	6940.50
87	2012.04.03 08:15	buy	37	0.70	1.33466	1.33269	1.33959	0.00	6940.50
88	2012.04.03 13:16	s/l	37	0.70	1.33269	1.33269	1.33959	-137.90	6802.60
89	2012.04.09 15:15	sell	38	0.68	1.30563	1.30761	1.30068	0.00	6802.60
90	2012.04.09 16:31	s/l	38	0.68	1.30761	1.30761	1.30068	-134.64	6667.96
91	2012.04.09 16:31	buy	39	0.64	1.30761	1.30554	1.31279	0.00	6667.96
92	2012.04.09 18:33	modify	39	0.64	1.30761	1.30771	1.31279	0.00	6667.96
93	2012.04.09 18:59	t/p	39	0.64	1.31279	1.30771	1.31279	331.52	6999.48
94	2012.04.12 10:45	buy	40	0.28	1.31315	1.31066	1.31938	0.00	6999.48
95	2012.04.12 11:09	s/l	40	0.28	1.31066	1.31066	1.31938	-69.72	6929.76
96	2012.04.17 09:15	buy	41	0.62	1.31100	1.30879	1.31653	0.00	6929.76
97	2012.04.17 09:55	modify	41	0.62	1.31100	1.31110	1.31653	0.00	6929.76
98	2012.04.17 11:00	t/p	41	0.62	1.31653	1.31110	1.31653	342.86	7272.62
99	2012.04.18 14:45	sell	42	2.49	1.30804	1.31008	1.30294	0.00	7272.62
100	2012.04.18 16:35	s/l	42	2.49	1.31008	1.31008	1.30294	-507.96	6764.66
101	2012.04.18 16:35	sell	43	29.59	1.31007	1.31023	1.30967	0.00	6764.66
102	2012.04.18 16:35	s/l	43	29.59	1.31023	1.31023	1.30967	-473.44	6291.22
103	2012.04.19 11:30	buy	44	0.34	1.31388	1.31203	1.31851	0.00	6291.22
104	2012.04.19 12:23	s/l	44	0.34	1.31203	1.31203	1.31851	-62.90	6228.32
105	2012.04.26 15:30	buy	45	0.28	1.32181	1.31963	1.32726	0.00	6228.32
106	2012.04.26 16:16	modify	45	0.28	1.32181	1.32191	1.32726	0.00	6228.32
107	2012.04.26 23:00	s/l	45	0.28	1.32191	1.32191	1.32726	2.80	6231.12
108	2012.05.10 10:15	sell	46	0.90	1.29446	1.29688	1.28841	0.00	6231.12
109	2012.05.10 15:12	s/l	46	0.90	1.29688	1.29688	1.28841	-217.80	6013.32
110	2012.05.17 08:45	sell	47	0.27	1.27264	1.27480	1.26724	0.00	6013.32
111	2012.05.17 12:19	modify	47	0.27	1.27264	1.27254	1.26724	0.00	6013.32
112	2012.05.17 13:26	t/p	47	0.27	1.26724	1.27254	1.26724	145.80	6159.12
113	2012.05.22 09:15	buy	48	2.79	1.27961	1.27807	1.28346	0.00	6159.12
114	2012.05.22 10:43	s/l	48	2.79	1.27807	1.27807	1.28346	-429.66	5729.46
115	2012.05.29 11:45	sell	49	0.48	1.25401	1.25635	1.24816	0.00	5729.46
116	2012.05.29 17:36	modify	49	0.48	1.25401	1.25391	1.24816	0.00	5729.46
117	2012.05.29 17:45	t/p	49	0.48	1.24816	1.25391	1.24816	280.80	6010.26
118	2012.06.19 08:30	sell	50	2.14	1.25960	1.26156	1.25470	0.00	6010.26
119	2012.06.19 09:16	s/l	50	2.14	1.26156	1.26156	1.25470	-419.44	5590.82
120	2012.06.26 09:00	sell	51	0.48	1.25010	1.25240	1.24435	0.00	5590.82
121	2012.06.26 09:39	s/l	51	0.48	1.25240	1.25240	1.24435	-110.40	5480.42
122	2012.06.27 08:45	sell	52	0.70	1.24880	1.25035	1.24493	0.00	5480.42
123	2012.06.27 15:09	modify	52	0.70	1.24880	1.24870	1.24493	0.00	5480.42
124	2012.06.27 17:18	t/p	52	0.70	1.24493	1.24870	1.24493	270.90	5751.32
125	2012.07.11 10:15	sell	53	2.58	1.22620	1.22776	1.22230	0.00	5751.32
126	2012.07.11 10:41	s/l	53	2.58	1.22776	1.22776	1.22230	-402.48	5348.84
127	2012.07.16 09:30	buy	54	0.58	1.22370	1.22188	1.22825	0.00	5348.84
128	2012.07.16 10:45	s/l	54	0.58	1.22188	1.22188	1.22825	-105.56	5243.28
129	2012.07.18 09:15	buy	55	0.65	1.22915	1.22754	1.23318	0.00	5243.28
130	2012.07.18 10:09	s/l	55	0.65	1.22754	1.22754	1.23318	-104.65	5138.63
131	2012.07.18 10:09	sell	56	0.49	1.22753	1.22960	1.22236	0.00	5138.63
132	2012.07.18 11:40	modify	56	0.49	1.22753	1.22743	1.22236	0.00	5138.63
133	2012.07.18 13:02	t/p	56	0.49	1.22236	1.22743	1.22236	253.33	5391.96
134	2012.07.31 09:45	buy	57	0.54	1.22778	1.22579	1.23276	0.00	5391.96
135	2012.07.31 10:05	s/l	57	0.54	1.22579	1.22579	1.23276	-107.46	5284.50
136	2012.07.31 11:00	sell	58	0.51	1.22571	1.22777	1.22056	0.00	5284.50
137	2012.07.31 11:56	s/l	58	0.51	1.22777	1.22777	1.22056	-105.06	5179.44
138	2012.08.08 11:30	sell	59	0.46	1.23711	1.23933	1.23156	0.00	5179.44
139	2012.08.08 14:13	modify	59	0.46	1.23711	1.23701	1.23156	0.00	5179.44
140	2012.08.08 17:12	s/l	59	0.46	1.23701	1.23701	1.23156	4.60	5184.04
141	2012.08.09 09:15	sell	60	0.73	1.23620	1.23866	1.23005	0.00	5184.04
142	2012.08.09 12:03	modify	60	0.73	1.23620	1.23610	1.23005	0.00	5184.04
143	2012.08.09 13:24	t/p	60	0.73	1.23005	1.23610	1.23005	448.95	5632.99
144	2012.08.13 09:45	sell	61	1.19	1.22776	1.22964	1.22306	0.00	5632.99
145	2012.08.13 11:00	s/l	61	1.19	1.22964	1.22964	1.22306	-223.72	5409.27
146	2012.08.13 11:00	buy	62	1.47	1.22964	1.22817	1.23332	0.00	5409.27
147	2012.08.13 11:20	modify	62	1.47	1.22964	1.22974	1.23332	0.00	5409.27
148	2012.08.13 12:58	t/p	62	1.47	1.23332	1.22974	1.23332	540.96	5950.23
149	2012.08.15 11:45	sell	63	0.71	1.23236	1.23403	1.22819	0.00	5950.23
150	2012.08.15 12:09	modify	63	0.71	1.23236	1.23226	1.22819	0.00	5950.23
151	2012.08.15 12:20	t/p	63	0.71	1.22819	1.23226	1.22819	296.07	6246.30
152	2012.08.20 08:15	buy	64	2.07	1.23483	1.23272	1.24011	0.00	6246.30
153	2012.08.20 12:02	s/l	64	2.07	1.23272	1.23272	1.24011	-436.77	5809.53
154	2012.08.28 08:15	sell	65	0.71	1.24795	1.24957	1.24390	0.00	5809.53
155	2012.08.28 09:49	s/l	65	0.71	1.24957	1.24957	1.24390	-115.02	5694.51
156	2012.09.03 09:15	buy	66	0.59	1.25800	1.25609	1.26278	0.00	5694.51
157	2012.09.03 17:16	modify	66	0.59	1.25800	1.25810	1.26278	0.00	5694.51
158	2012.09.04 01:07	s/l	66	0.59	1.25810	1.25810	1.26278	0.98	5695.49
159	2012.10.02 08:30	buy	67	2.44	1.29130	1.28967	1.29538	0.00	5695.49
160	2012.10.02 08:58	s/l	67	2.44	1.28967	1.28967	1.29538	-397.72	5297.77
161	2012.10.03 08:15	sell	68	0.55	1.28867	1.29059	1.28387	0.00	5297.77
162	2012.10.03 09:41	s/l	68	0.55	1.29059	1.29059	1.28387	-105.60	5192.17
163	2012.10.11 08:00	sell	69	0.25	1.28581	1.28788	1.28064	0.00	5192.17
164	2012.10.11 10:10	s/l	69	0.25	1.28788	1.28788	1.28064	-51.75	5140.42
165	2012.10.15 08:15	sell	70	0.61	1.29007	1.29174	1.28590	0.00	5140.42
166	2012.10.15 08:51	s/l	70	0.61	1.29174	1.29174	1.28590	-101.87	5038.55
167	2012.10.15 08:51	buy	71	0.42	1.29174	1.28939	1.29762	0.00	5038.55
168	2012.10.15 09:47	modify	71	0.42	1.29174	1.29184	1.29762	0.00	5038.55
169	2012.10.15 13:05	t/p	71	0.42	1.29762	1.29184	1.29762	246.96	5285.51
170	2012.10.18 10:45	buy	72	0.25	1.31033	1.30827	1.31548	0.00	5285.51
171	2012.10.18 16:17	s/l	72	0.25	1.30827	1.30827	1.31548	-51.50	5234.01
172	2012.10.22 09:15	sell	73	0.46	1.30396	1.30619	1.29839	0.00	5234.01
173	2012.10.22 12:13	s/l	73	0.46	1.30619	1.30619	1.29839	-102.58	5131.43
174	2012.10.22 12:13	buy	74	0.67	1.30619	1.30466	1.31002	0.00	5131.43
175	2012.10.22 15:15	s/l	74	0.67	1.30466	1.30466	1.31002	-102.51	5028.92
176	2012.10.25 11:30	buy	75	0.26	1.30147	1.29960	1.30615	0.00	5028.92
177	2012.10.25 12:50	s/l	75	0.26	1.29960	1.29960	1.30615	-48.62	4980.30
178	2012.10.25 12:50	sell	76	0.25	1.29960	1.30154	1.29475	0.00	4980.30
179	2012.10.25 15:55	modify	76	0.25	1.29960	1.29950	1.29475	0.00	4980.30
180	2012.10.25 17:25	t/p	76	0.25	1.29475	1.29950	1.29475	121.25	5101.55
181	2012.11.01 08:15	sell	77	0.26	1.29467	1.29662	1.28980	0.00	5101.55
182	2012.11.01 13:32	s/l	77	0.26	1.29662	1.29662	1.28980	-50.70	5050.85
183	2012.11.06 16:15	sell	78	0.64	1.27995	1.28151	1.27605	0.00	5050.85
184	2012.11.06 17:37	s/l	78	0.64	1.28151	1.28151	1.27605	-99.84	4951.01
185	2012.11.14 08:45	buy	79	0.52	1.27217	1.27029	1.27687	0.00	4951.01
186	2012.11.14 10:52	modify	79	0.52	1.27217	1.27227	1.27687	0.00	4951.01
187	2012.11.14 20:00	t/p	79	0.52	1.27687	1.27227	1.27687	244.40	5195.41
188	2012.11.28 10:30	sell	80	1.73	1.29182	1.29392	1.28657	0.00	5195.41
189	2012.11.28 14:19	modify	80	1.73	1.29182	1.29172	1.28657	0.00	5195.41
190	2012.11.28 16:36	s/l	80	1.73	1.29172	1.29172	1.28657	17.30	5212.71
191	2012.11.29 09:00	buy	81	0.45	1.29636	1.29409	1.30204	0.00	5212.71
192	2012.11.29 13:47	modify	81	0.45	1.29636	1.29646	1.30204	0.00	5212.71
193	2012.11.29 17:41	s/l	81	0.45	1.29646	1.29646	1.30204	4.50	5217.21
194	2012.12.11 10:30	buy	82	0.94	1.29587	1.29366	1.30140	0.00	5217.21
195	2012.12.11 12:50	modify	82	0.94	1.29587	1.29597	1.30140	0.00	5217.21
196	2012.12.11 19:41	t/p	82	0.94	1.30140	1.29597	1.30140	519.82	5737.03
197	2013.01.09 10:30	sell	83	1.29	1.30796	1.30973	1.30354	0.00	5737.03
198	2013.01.09 12:42	modify	83	1.29	1.30796	1.30786	1.30354	0.00	5737.03
199	2013.01.09 17:56	s/l	83	1.29	1.30786	1.30786	1.30354	12.90	5749.93
200	2013.01.17 08:45	sell	84	0.52	1.32862	1.33081	1.32315	0.00	5749.93
201	2013.01.17 09:03	s/l	84	0.52	1.33081	1.33081	1.32315	-113.88	5636.05
202	2013.01.21 08:45	sell	85	0.70	1.33176	1.33335	1.32779	0.00	5636.05
203	2013.01.22 05:00	s/l	85	0.70	1.33335	1.33335	1.32779	-109.52	5526.52
204	2013.01.29 09:45	buy	86	0.49	1.34542	1.34319	1.35100	0.00	5526.52
205	2013.01.29 11:46	s/l	86	0.49	1.34319	1.34319	1.35100	-109.27	5417.25
206	2013.02.12 08:45	sell	87	0.49	1.33733	1.33953	1.33183	0.00	5417.25
207	2013.02.12 10:01	s/l	87	0.49	1.33953	1.33953	1.33183	-107.80	5309.45
208	2013.02.18 08:15	sell	88	0.58	1.33366	1.33549	1.32909	0.00	5309.45
209	2013.02.18 10:22	s/l	88	0.58	1.33549	1.33549	1.32909	-106.14	5203.31
210	2013.02.19 11:00	sell	89	0.60	1.33427	1.33600	1.32995	0.00	5203.31
211	2013.02.19 11:00	s/l	89	0.60	1.33600	1.33600	1.32995	-103.80	5099.51
212	2013.02.19 11:00	buy	90	0.53	1.33600	1.33411	1.34073	0.00	5099.51
213	2013.02.19 11:19	s/l	90	0.53	1.33411	1.33411	1.34073	-100.17	4999.34
214	2013.03.05 09:00	buy	91	0.43	1.30469	1.30240	1.31042	0.00	4999.34
215	2013.03.05 11:44	s/l	91	0.43	1.30240	1.30240	1.31042	-98.47	4900.87
216	2013.03.11 09:30	sell	92	0.60	1.30037	1.30199	1.29632	0.00	4900.87
217	2013.03.11 18:03	s/l	92	0.60	1.30199	1.30199	1.29632	-97.20	4803.67
218	2013.03.19 08:30	sell	93	0.46	1.29425	1.29630	1.28913	0.00	4803.67
219	2013.03.19 16:37	modify	93	0.46	1.29425	1.29415	1.28913	0.00	4803.67
220	2013.03.19 16:57	t/p	93	0.46	1.28913	1.29415	1.28913	235.52	5039.19
221	2013.03.28 09:45	sell	94	0.85	1.27897	1.28103	1.27382	0.00	5039.19
222	2013.03.28 09:58	modify	94	0.85	1.27897	1.27887	1.27382	0.00	5039.19
223	2013.03.28 11:18	s/l	94	0.85	1.27887	1.27887	1.27382	8.50	5047.69
224	2013.04.03 14:00	buy	95	0.88	1.28289	1.28061	1.28859	0.00	5047.69
225	2013.04.03 16:15	modify	95	0.88	1.28289	1.28299	1.28859	0.00	5047.69
226	2013.04.04 07:05	s/l	95	0.88	1.28299	1.28299	1.28859	-13.23	5034.46
227	2013.04.04 07:05	sell	96	0.46	1.28298	1.28515	1.27756	0.00	5034.46
228	2013.04.04 10:00	modify	96	0.46	1.28298	1.28288	1.27756	0.00	5034.46
229	2013.04.04 14:32	s/l	96	0.46	1.28288	1.28288	1.27756	4.60	5039.06
230	2013.04.15 10:00	sell	97	0.49	1.30742	1.30946	1.30232	0.00	5039.06
231	2013.04.15 14:18	s/l	97	0.49	1.30946	1.30946	1.30232	-99.96	4939.10
232	2013.04.22 08:15	sell	98	0.58	1.30575	1.30743	1.30155	0.00	4939.10
233	2013.04.22 09:04	s/l	98	0.58	1.30743	1.30743	1.30155	-97.44	4841.66
234	2013.04.22 09:30	sell	99	0.44	1.30554	1.30774	1.30004	0.00	4841.66
235	2013.04.22 14:54	modify	99	0.44	1.30554	1.30544	1.30004	0.00	4841.66
236	2013.04.22 18:40	s/l	99	0.44	1.30544	1.30544	1.30004	4.40	4846.06
237	2013.04.24 14:30	sell	100	1.59	1.29957	1.30170	1.29425	0.00	4846.06
238	2013.04.24 19:05	s/l	100	1.59	1.30170	1.30170	1.29425	-338.67	4507.39
239	2013.04.25 10:15	buy	101	0.25	1.30423	1.30246	1.30866	0.00	4507.39
240	2013.04.25 11:00	modify	101	0.25	1.30423	1.30433	1.30866	0.00	4507.39
241	2013.04.25 14:15	t/p	101	0.25	1.30866	1.30433	1.30866	110.75	4618.14
242	2013.04.29 08:15	buy	102	1.89	1.30577	1.30406	1.31005	0.00	4618.14
243	2013.04.29 09:24	modify	102	1.89	1.30577	1.30587	1.31005	0.00	4618.14
244	2013.04.29 14:03	t/p	102	1.89	1.31005	1.30587	1.31005	808.92	5427.06
245	2013.04.30 15:15	buy	103	1.06	1.30853	1.30649	1.31363	0.00	5427.06
246	2013.04.30 15:35	modify	103	1.06	1.30853	1.30863	1.31363	0.00	5427.06
247	2013.04.30 15:40	t/p	103	1.06	1.31363	1.30863	1.31363	540.60	5967.66
248	2013.05.02 10:15	buy	104	0.60	1.31676	1.31478	1.32171	0.00	5967.66
249	2013.05.02 13:45	s/l	104	0.60	1.31478	1.31478	1.32171	-118.80	5848.86
250	2013.05.06 10:45	sell	105	0.76	1.31067	1.31220	1.30685	0.00	5848.86
251	2013.05.06 16:24	modify	105	0.76	1.31067	1.31057	1.30685	0.00	5848.86
252	2013.05.06 16:26	t/p	105	0.76	1.30685	1.31057	1.30685	290.32	6139.18
253	2013.05.14 09:15	buy	106	2.68	1.30125	1.29965	1.30525	0.00	6139.18
254	2013.05.14 09:30	s/l	106	2.68	1.29965	1.29965	1.30525	-428.80	5710.38
255	2013.05.14 11:00	sell	107	0.66	1.29949	1.30120	1.29522	0.00	5710.38
256	2013.05.14 11:10	s/l	107	0.66	1.30120	1.30120	1.29522	-112.86	5597.52
257	2013.05.21 11:30	buy	108	0.47	1.28856	1.28622	1.29441	0.00	5597.52
258	2013.05.21 12:23	s/l	108	0.47	1.28622	1.28622	1.29441	-109.98	5487.54
259	2013.05.21 16:00	sell	109	0.73	1.28596	1.28746	1.28221	0.00	5487.54
260	2013.05.21 17:11	s/l	109	0.73	1.28746	1.28746	1.28221	-109.50	5378.04
261	2013.05.22 09:00	buy	110	0.70	1.29166	1.29013	1.29549	0.00	5378.04
262	2013.05.22 09:45	modify	110	0.70	1.29166	1.29176	1.29549	0.00	5378.04
263	2013.05.22 14:21	s/l	110	0.70	1.29176	1.29176	1.29549	7.00	5385.04
264	2013.05.28 11:15	sell	111	2.25	1.28973	1.29140	1.28556	0.00	5385.04
265	2013.05.28 11:26	s/l	111	2.25	1.29140	1.29140	1.28556	-375.75	5009.29
266	2013.06.12 15:45	buy	112	0.50	1.32857	1.32659	1.33352	0.00	5009.29
267	2013.06.12 17:00	modify	112	0.50	1.32857	1.32867	1.33352	0.00	5009.29
268	2013.06.12 17:47	t/p	112	0.50	1.33352	1.32867	1.33352	247.50	5256.79
269	2013.06.25 10:15	sell	113	1.90	1.31269	1.31462	1.30787	0.00	5256.79
270	2013.06.25 14:35	modify	113	1.90	1.31269	1.31259	1.30787	0.00	5256.79
271	2013.06.25 16:00	t/p	113	1.90	1.30787	1.31259	1.30787	915.80	6172.59
272	2013.07.04 09:15	sell	114	0.62	1.29863	1.30062	1.29366	0.00	6172.59
273	2013.07.04 11:56	s/l	114	0.62	1.30062	1.30062	1.29366	-123.38	6049.21
274	2013.07.04 11:56	buy	115	0.82	1.30062	1.29916	1.30427	0.00	6049.21
275	2013.07.04 13:43	s/l	115	0.82	1.29916	1.29916	1.30427	-119.72	5929.49
276	2013.07.10 14:15	sell	116	0.68	1.28125	1.28298	1.27693	0.00	5929.49
277	2013.07.10 15:58	s/l	116	0.68	1.28298	1.28298	1.27693	-117.64	5811.85
278	2013.07.23 16:15	buy	117	0.74	1.31936	1.31781	1.32324	0.00	5811.85
279	2013.07.23 16:41	modify	117	0.74	1.31936	1.31946	1.32324	0.00	5811.85
280	2013.07.23 20:51	t/p	117	0.74	1.32324	1.31946	1.32324	287.12	6098.97
281	2013.08.13 09:30	sell	118	1.82	1.32899	1.33133	1.32314	0.00	6098.97
282	2013.08.13 11:15	s/l	118	1.82	1.33133	1.33133	1.32314	-425.88	5673.09
283	2013.08.14 11:15	sell	119	0.55	1.32524	1.32730	1.32009	0.00	5673.09
284	2013.08.15 04:09	s/l	119	0.55	1.32730	1.32730	1.32009	-109.12	5563.98
285	2013.08.22 16:30	sell	120	0.27	1.33300	1.33506	1.32785	0.00	5563.98
286	2013.08.22 17:06	s/l	120	0.27	1.33506	1.33506	1.32785	-55.62	5508.36
287	2013.08.28 11:30	buy	121	0.66	1.33763	1.33597	1.34178	0.00	5508.36
288	2013.08.28 12:33	s/l	121	0.66	1.33597	1.33597	1.34178	-109.56	5398.80
289	2013.08.28 12:33	sell	122	0.59	1.33596	1.33777	1.33144	0.00	5398.80
290	2013.08.28 15:35	modify	122	0.59	1.33596	1.33586	1.33144	0.00	5398.80
291	2013.08.28 15:45	t/p	122	0.59	1.33144	1.33586	1.33144	266.68	5665.48
292	2013.09.02 10:00	sell	123	0.64	1.32101	1.32276	1.31664	0.00	5665.48
293	2013.09.03 07:19	modify	123	0.64	1.32101	1.32091	1.31664	0.00	5665.48
294	2013.09.03 08:30	t/p	123	0.64	1.31664	1.32091	1.31664	281.30	5946.78
295	2013.09.11 10:15	buy	124	2.61	1.32661	1.32502	1.33059	0.00	5946.78
296	2013.09.11 15:53	modify	124	2.61	1.32661	1.32671	1.33059	0.00	5946.78
297	2013.09.11 17:02	t/p	124	2.61	1.33059	1.32671	1.33059	1038.78	6985.56
298	2013.09.23 14:30	buy	125	1.52	1.35152	1.34969	1.35610	0.00	6985.56
299	2013.09.23 15:17	s/l	125	1.52	1.34969	1.34969	1.35610	-278.16	6707.40
300	2013.09.26 15:30	sell	126	0.44	1.34922	1.35073	1.34545	0.00	6707.40
301	2013.09.26 16:00	s/l	126	0.44	1.35073	1.35073	1.34545	-66.44	6640.96
302	2013.10.07 14:00	sell	127	0.79	1.35668	1.35836	1.35248	0.00	6640.96
303	2013.10.07 17:17	s/l	127	0.79	1.35836	1.35836	1.35248	-132.72	6508.24
304	2013.10.08 15:45	buy	128	0.56	1.35953	1.35724	1.36526	0.00	6508.24
305	2013.10.08 18:46	s/l	128	0.56	1.35724	1.35724	1.36526	-128.24	6380.00
306	2013.10.23 15:00	buy	129	0.80	1.37630	1.37472	1.38025	0.00	6380.00
307	2013.10.23 15:48	modify	129	0.80	1.37630	1.37640	1.38025	0.00	6380.00
308	2013.10.23 16:12	s/l	129	0.80	1.37640	1.37640	1.38025	8.00	6388.00
309	2013.11.06 08:45	buy	130	2.47	1.35089	1.34908	1.35542	0.00	6388.00
310	2013.11.06 09:26	s/l	130	2.47	1.34908	1.34908	1.35542	-447.07	5940.93
311	2013.11.12 09:45	sell	131	0.57	1.33736	1.33944	1.33216	0.00	5940.93
312	2013.11.12 11:53	s/l	131	0.57	1.33944	1.33944	1.33216	-118.56	5822.37
313	2013.11.14 09:15	buy	132	0.33	1.34685	1.34509	1.35125	0.00	5822.37
314	2013.11.14 10:37	s/l	132	0.33	1.34509	1.34509	1.35125	-58.08	5764.29
315	2013.11.14 10:37	sell	133	0.34	1.34509	1.34675	1.34094	0.00	5764.29
316	2013.11.14 12:12	modify	133	0.34	1.34509	1.34499	1.34094	0.00	5764.29
317	2013.11.14 14:30	s/l	133	0.34	1.34499	1.34499	1.34094	3.40	5767.69
318	2013.11.19 10:00	buy	134	0.57	1.35196	1.34995	1.35699	0.00	5767.69
319	2013.11.19 11:06	s/l	134	0.57	1.34995	1.34995	1.35699	-114.57	5653.12
320	2013.11.19 11:06	sell	135	0.48	1.34994	1.35229	1.34407	0.00	5653.12
321	2013.11.19 15:50	s/l	135	0.48	1.35229	1.35229	1.34407	-112.80	5540.32
322	2013.11.20 15:30	buy	136	0.72	1.35377	1.35225	1.35757	0.00	5540.32
323	2013.11.20 16:20	s/l	136	0.72	1.35225	1.35225	1.35757	-109.44	5430.88
324	2013.12.02 08:45	buy	137	0.59	1.36124	1.35941	1.36582	0.00	5430.88
325	2013.12.02 09:32	s/l	137	0.59	1.35941	1.35941	1.36582	-107.97	5322.91
326	2013.12.02 09:32	sell	138	0.49	1.35941	1.36157	1.35401	0.00	5322.91
327	2013.12.02 10:26	modify	138	0.49	1.35941	1.35931	1.35401	0.00	5322.91
328	2013.12.02 12:19	t/p	138	0.49	1.35401	1.35931	1.35401	264.60	5587.51
329	2013.12.11 10:00	buy	139	0.46	1.37631	1.37392	1.38229	0.00	5587.51
330	2013.12.11 16:49	modify	139	0.46	1.37631	1.37641	1.38229	0.00	5587.51
331	2013.12.12 10:50	s/l	139	0.46	1.37641	1.37641	1.38229	-6.91	5580.60
332	2013.12.12 16:00	buy	140	0.26	1.37754	1.37544	1.38279	0.00	5580.60
333	2013.12.12 16:04	s/l	140	0.26	1.37544	1.37544	1.38279	-54.60	5526.00
334	2013.12.16 10:30	buy	141	0.44	1.37724	1.37477	1.38342	0.00	5526.00
335	2013.12.16 18:21	s/l	141	0.44	1.37477	1.37477	1.38342	-108.68	5417.32
336	2013.12.26 16:45	buy	142	0.32	1.36977	1.36809	1.37397	0.00	5417.32
337	2013.12.27 03:51	modify	142	0.32	1.36977	1.36987	1.37397	0.00	5417.32
338	2013.12.27 04:10	t/p	142	0.32	1.37397	1.36987	1.37397	131.73	5549.05
339	2013.12.31 15:30	sell	143	1.71	1.37694	1.37920	1.37129	0.00	5549.05
340	2014.01.02 08:42	modify	143	1.71	1.37694	1.37684	1.37129	0.00	5549.05
341	2014.01.02 12:01	t/p	143	1.71	1.37129	1.37684	1.37129	983.50	6532.54
342	2014.01.14 11:45	buy	144	1.30	1.36802	1.36601	1.37305	0.00	6532.54
343	2014.01.14 14:30	s/l	144	1.30	1.36601	1.36601	1.37305	-261.30	6271.24
344	2014.01.14 15:30	buy	145	0.76	1.36736	1.36573	1.37144	0.00	6271.24
345	2014.01.15 02:34	s/l	145	0.76	1.36573	1.36573	1.37144	-130.22	6141.02
346	2014.01.16 08:30	sell	146	0.29	1.36069	1.36275	1.35554	0.00	6141.02
347	2014.01.16 10:33	s/l	146	0.29	1.36275	1.36275	1.35554	-59.74	6081.28
348	2014.01.21 09:00	sell	147	0.67	1.35465	1.35645	1.35015	0.00	6081.28
349	2014.01.21 12:59	modify	147	0.67	1.35465	1.35455	1.35015	0.00	6081.28
350	2014.01.21 16:59	s/l	147	0.67	1.35455	1.35455	1.35015	6.70	6087.98
351	2014.01.22 09:00	sell	148	1.83	1.35444	1.35676	1.34864	0.00	6087.98
352	2014.01.22 13:43	s/l	148	1.83	1.35676	1.35676	1.34864	-424.56	5663.42
353	2014.01.28 16:45	sell	149	0.62	1.36570	1.36750	1.36120	0.00	5663.42
354	2014.01.29 09:30	s/l	149	0.62	1.36750	1.36750	1.36120	-110.03	5553.39
355	2014.02.04 15:15	sell	150	0.57	1.35118	1.35310	1.34638	0.00	5553.39
356	2014.02.05 14:00	s/l	150	0.57	1.35310	1.35310	1.34638	-107.99	5445.40
357	2014.02.17 10:15	buy	151	0.55	1.37136	1.36940	1.37626	0.00	5445.40
358	2014.02.17 14:24	s/l	151	0.55	1.36940	1.36940	1.37626	-107.80	5337.60
359	2014.02.18 11:45	buy	152	0.46	1.37278	1.37050	1.37848	0.00	5337.60
360	2014.02.18 15:11	modify	152	0.46	1.37278	1.37288	1.37848	0.00	5337.60
361	2014.02.19 20:20	s/l	152	0.46	1.37288	1.37288	1.37848	0.76	5338.36
362	2014.03.17 10:00	buy	153	1.69	1.39046	1.38826	1.39596	0.00	5338.36
363	2014.03.17 14:48	modify	153	1.69	1.39046	1.39056	1.39596	0.00	5338.36
364	2014.03.18 10:15	s/l	153	1.69	1.39056	1.39056	1.39596	2.80	5341.16
365	2014.03.24 15:15	sell	154	1.15	1.37678	1.37863	1.37216	0.00	5341.16
366	2014.03.24 16:55	s/l	154	1.15	1.37863	1.37863	1.37216	-212.75	5128.41
367	2014.03.24 16:55	buy	155	1.24	1.37863	1.37698	1.38276	0.00	5128.41
368	2014.03.24 18:26	modify	155	1.24	1.37863	1.37873	1.38276	0.00	5128.41
369	2014.03.24 18:51	t/p	155	1.24	1.38276	1.37873	1.38276	512.12	5640.53
370	2014.03.25 16:30	sell	156	0.53	1.37853	1.38062	1.37331	0.00	5640.53
371	2014.03.25 17:15	modify	156	0.53	1.37853	1.37843	1.37331	0.00	5640.53
372	2014.03.25 17:30	s/l	156	0.53	1.37843	1.37843	1.37331	5.30	5645.83
373	2014.03.27 08:30	sell	157	1.13	1.37720	1.37894	1.37285	0.00	5645.83
374	2014.03.27 11:04	modify	157	1.13	1.37720	1.37710	1.37285	0.00	5645.83
375	2014.03.27 12:55	s/l	157	1.13	1.37710	1.37710	1.37285	11.30	5657.13
376	2014.03.27 15:30	sell	158	0.74	1.37613	1.37764	1.37236	0.00	5657.13
377	2014.03.27 16:59	modify	158	0.74	1.37613	1.37603	1.37236	0.00	5657.13
378	2014.03.28 09:01	t/p	158	0.74	1.37236	1.37603	1.37236	280.86	5937.99
379	2014.04.02 15:30	sell	159	1.35	1.37764	1.37939	1.37327	0.00	5937.99
380	2014.04.03 13:17	modify	159	1.35	1.37764	1.37754	1.37327	0.00	5937.99
381	2014.04.03 13:45	s/l	159	1.35	1.37754	1.37754	1.37327	23.77	5961.76
382	2014.04.14 10:15	sell	160	1.57	1.38483	1.38634	1.38106	0.00	5961.76
383	2014.04.14 10:49	modify	160	1.57	1.38483	1.38473	1.38106	0.00	5961.76
384	2014.04.14 14:35	t/p	160	1.57	1.38106	1.38473	1.38106	591.89	6553.65
385	2014.05.14 11:45	sell	161	1.69	1.37124	1.37279	1.36737	0.00	6553.65
386	2014.05.15 09:10	modify	161	1.69	1.37124	1.37114	1.36737	0.00	6553.65
387	2014.05.15 09:53	t/p	161	1.69	1.36737	1.37114	1.36737	666.89	7220.53
388	2014.05.20 16:45	sell	162	1.92	1.36912	1.37062	1.36537	0.00	7220.53
389	2014.05.21 02:38	s/l	162	1.92	1.37062	1.37062	1.36537	-283.13	6937.40
390	2014.05.22 09:15	sell	163	0.43	1.36629	1.36790	1.36227	0.00	6937.40
391	2014.05.22 09:39	s/l	163	0.43	1.36790	1.36790	1.36227	-69.23	6868.17
392	2014.05.29 15:00	sell	164	0.27	1.36023	1.36273	1.35398	0.00	6868.17
393	2014.05.30 15:14	s/l	164	0.27	1.36273	1.36273	1.35398	-66.82	6801.36
394	2014.05.30 15:14	buy	165	0.56	1.36274	1.36032	1.36879	0.00	6801.36
395	2014.06.02 10:00	s/l	165	0.56	1.36032	1.36032	1.36879	-140.19	6661.17
396	2014.06.11 16:15	sell	166	0.69	1.35313	1.35506	1.34831	0.00	6661.17
397	2014.06.12 16:43	s/l	166	0.69	1.35506	1.35506	1.34831	-127.92	6533.25
398	2014.06.12 16:43	buy	167	0.36	1.35507	1.35330	1.35950	0.00	6533.25
399	2014.06.13 10:00	modify	167	0.36	1.35507	1.35517	1.35950	0.00	6533.25
400	2014.06.13 12:52	s/l	167	0.36	1.35517	1.35517	1.35950	0.60	6533.84
401	2014.08.27 15:45	sell	168	0.80	1.31722	1.31885	1.31315	0.00	6533.84
402	2014.08.27 16:15	s/l	168	0.80	1.31885	1.31885	1.31315	-130.40	6403.44
403	2014.08.27 16:15	buy	169	0.56	1.31885	1.31659	1.32450	0.00	6403.44
404	2014.08.28 15:26	s/l	169	0.56	1.31659	1.31659	1.32450	-140.58	6262.86
405	2014.09.10 08:45	buy	170	0.71	1.29397	1.29221	1.29837	0.00	6262.86
406	2014.09.10 14:36	s/l	170	0.71	1.29221	1.29221	1.29837	-124.96	6137.90
407	2014.09.17 16:00	buy	171	0.76	1.29661	1.29501	1.30061	0.00	6137.90
408	2014.09.17 17:16	s/l	171	0.76	1.29501	1.29501	1.30061	-121.60	6016.30
409	2014.10.02 11:45	buy	172	0.38	1.26413	1.26255	1.26808	0.00	6016.30
410	2014.10.02 14:30	s/l	172	0.38	1.26255	1.26255	1.26808	-60.04	5956.26
411	2014.10.08 09:15	buy	173	0.50	1.26450	1.26215	1.27038	0.00	5956.26
412	2014.10.08 11:15	modify	173	0.50	1.26450	1.26460	1.27038	0.00	5956.26
413	2014.10.08 13:47	s/l	173	0.50	1.26460	1.26460	1.27038	5.00	5961.26
414	2014.10.13 15:30	buy	174	2.37	1.26918	1.26742	1.27358	0.00	5961.26
415	2014.10.13 17:21	s/l	174	2.37	1.26742	1.26742	1.27358	-417.12	5544.14
416	2014.10.20 15:00	sell	175	0.58	1.27670	1.27859	1.27198	0.00	5544.14
417	2014.10.20 17:33	s/l	175	0.58	1.27859	1.27859	1.27198	-109.62	5434.52
418	2014.11.04 08:30	sell	176	0.64	1.25028	1.25197	1.24606	0.00	5434.52
419	2014.11.04 11:17	s/l	176	0.64	1.25197	1.25197	1.24606	-108.16	5326.36
420	2014.11.04 11:17	buy	177	0.49	1.25197	1.24981	1.25737	0.00	5326.36
421	2014.11.04 16:30	modify	177	0.49	1.25197	1.25207	1.25737	0.00	5326.36
422	2014.11.04 16:55	t/p	177	0.49	1.25737	1.25207	1.25737	264.60	5590.96
423	2014.11.06 11:45	buy	178	0.31	1.25200	1.25021	1.25648	0.00	5590.96
424	2014.11.06 14:33	s/l	178	0.31	1.25021	1.25021	1.25648	-55.49	5535.47
425	2014.11.19 09:00	buy	179	0.50	1.25344	1.25125	1.25892	0.00	5535.47
426	2014.11.19 14:55	modify	179	0.50	1.25344	1.25354	1.25892	0.00	5535.47
427	2014.11.19 16:03	s/l	179	0.50	1.25354	1.25354	1.25892	5.00	5540.47
428	2014.11.25 11:30	sell	180	2.48	1.24276	1.24432	1.23886	0.00	5540.47
429	2014.11.25 15:31	modify	180	2.48	1.24276	1.24266	1.23886	0.00	5540.47
430	2014.11.25 16:29	s/l	180	2.48	1.24266	1.24266	1.23886	24.80	5565.27
431	2014.11.26 10:15	buy	181	1.43	1.24785	1.24630	1.25173	0.00	5565.27
432	2014.11.26 11:06	s/l	181	1.43	1.24630	1.24630	1.25173	-221.65	5343.62
433	2014.11.26 14:15	buy	182	0.45	1.24645	1.24409	1.25235	0.00	5343.62
434	2014.11.26 15:38	modify	182	0.45	1.24645	1.24655	1.25235	0.00	5343.62
435	2014.11.26 17:58	t/p	182	0.45	1.25235	1.24655	1.25235	265.50	5609.12
436	2014.12.10 14:45	buy	183	1.92	1.23839	1.23635	1.24349	0.00	5609.12
437	2014.12.10 17:00	modify	183	1.92	1.23839	1.23849	1.24349	0.00	5609.12
438	2014.12.10 17:37	t/p	183	1.92	1.24349	1.23849	1.24349	979.20	6588.32
439	2014.12.15 08:45	buy	184	1.54	1.24551	1.24380	1.24979	0.00	6588.32
440	2014.12.15 10:13	s/l	184	1.54	1.24380	1.24380	1.24979	-263.34	6324.98
441	2014.12.17 09:15	buy	185	0.66	1.24923	1.24733	1.25398	0.00	6324.98
442	2014.12.17 09:55	s/l	185	0.66	1.24733	1.24733	1.25398	-125.40	6199.58
443	2014.12.22 14:45	sell	186	0.81	1.22570	1.22722	1.22190	0.00	6199.58
444	2014.12.22 21:50	modify	186	0.81	1.22570	1.22560	1.22190	0.00	6199.58
445	2014.12.22 21:59	t/p	186	0.81	1.22190	1.22560	1.22190	307.80	6507.38
446	2014.12.29 09:45	sell	187	2.36	1.21739	1.21932	1.21257	0.00	6507.38
447	2014.12.29 11:20	s/l	187	2.36	1.21932	1.21932	1.21257	-455.48	6051.90
448	2015.01.13 09:15	buy	188	0.75	1.18384	1.18223	1.18787	0.00	6051.90
449	2015.01.13 10:43	s/l	188	0.75	1.18223	1.18223	1.18787	-120.75	5931.15
450	2015.01.15 10:15	sell	189	0.26	1.17647	1.17875	1.17077	0.00	5931.15
451	2015.01.15 11:31	modify	189	0.26	1.17647	1.17637	1.17077	0.00	5931.15
452	2015.01.15 11:31	t/p	189	0.26	1.17077	1.17637	1.17077	148.20	6079.35
453	2015.01.20 10:15	sell	190	2.41	1.15765	1.15941	1.15325	0.00	6079.35
454	2015.01.20 11:37	s/l	190	2.41	1.15941	1.15941	1.15325	-424.16	5655.19
455	2015.01.20 15:15	sell	191	0.66	1.15785	1.15956	1.15358	0.00	5655.19
456	2015.01.20 15:25	s/l	191	0.66	1.15956	1.15956	1.15358	-112.86	5542.33
457	2015.01.21 09:15	sell	192	0.61	1.15688	1.15869	1.15236	0.00	5542.33
458	2015.01.21 14:55	s/l	192	0.61	1.15869	1.15869	1.15236	-110.41	5431.92
459	2015.02.02 10:30	buy	193	0.56	1.13235	1.13044	1.13713	0.00	5431.92
460	2015.02.02 11:59	modify	193	0.56	1.13235	1.13245	1.13713	0.00	5431.92
461	2015.02.02 13:25	s/l	193	0.56	1.13245	1.13245	1.13713	5.60	5437.52
462	2015.02.03 09:00	buy	194	2.50	1.13388	1.13236	1.13768	0.00	5437.52
463	2015.02.03 10:01	s/l	194	2.50	1.13236	1.13236	1.13768	-380.00	5057.52
464	2015.02.10 10:30	sell	195	0.56	1.13188	1.13368	1.12738	0.00	5057.52
465	2015.02.10 11:27	modify	195	0.56	1.13188	1.13178	1.12738	0.00	5057.52
466	2015.02.10 13:50	t/p	195	0.56	1.12738	1.13178	1.12738	252.00	5309.52
467	2015.02.12 16:30	buy	196	0.76	1.13514	1.13272	1.14119	0.00	5309.52
468	2015.02.12 16:48	modify	196	0.76	1.13514	1.13524	1.14119	0.00	5309.52
469	2015.02.12 18:40	t/p	196	0.76	1.14119	1.13524	1.14119	459.80	5769.32
470	2015.02.17 08:45	sell	197	1.32	1.13504	1.13678	1.13069	0.00	5769.32
471	2015.02.17 11:08	s/l	197	1.32	1.13678	1.13678	1.13069	-229.68	5539.64
472	2015.02.18 15:15	sell	198	0.63	1.13716	1.13890	1.13281	0.00	5539.64
473	2015.02.18 17:13	modify	198	0.63	1.13716	1.13706	1.13281	0.00	5539.64
474	2015.02.18 21:00	s/l	198	0.63	1.13706	1.13706	1.13281	6.30	5545.94
475	2015.02.24 16:15	sell	199	1.61	1.13176	1.13416	1.12576	0.00	5545.94
476	2015.02.24 17:15	s/l	199	1.61	1.13416	1.13416	1.12576	-386.40	5159.54
477	2015.02.25 10:45	buy	200	0.60	1.13718	1.13548	1.14143	0.00	5159.54
478	2015.02.25 12:38	s/l	200	0.60	1.13548	1.13548	1.14143	-102.00	5057.54
479	2015.03.02 15:45	sell	201	0.56	1.12167	1.12345	1.11722	0.00	5057.54
480	2015.03.02 17:36	modify	201	0.56	1.12167	1.12157	1.11722	0.00	5057.54
481	2015.03.03 11:41	t/p	201	0.56	1.11722	1.12157	1.11722	250.62	5308.16
482	2015.03.18 10:45	buy	202	1.90	1.06096	1.05901	1.06584	0.00	5308.16
483	2015.03.18 14:51	s/l	202	1.90	1.05901	1.05901	1.06584	-370.50	4937.66
484	2015.03.18 16:00	buy	203	0.40	1.06114	1.05871	1.06722	0.00	4937.66
485	2015.03.18 18:02	modify	203	0.40	1.06114	1.06124	1.06722	0.00	4937.66
486	2015.03.18 20:00	t/p	203	0.40	1.06722	1.06124	1.06722	243.20	5180.86
487	2015.04.07 08:00	sell	204	1.61	1.09238	1.09462	1.08678	0.00	5180.86
488	2015.04.07 08:58	s/l	204	1.61	1.09462	1.09462	1.08678	-360.64	4820.22
489	2015.04.08 14:30	sell	205	0.46	1.08561	1.08767	1.08046	0.00	4820.22
490	2015.04.08 15:32	s/l	205	0.46	1.08767	1.08767	1.08046	-94.76	4725.46
491	2015.04.15 09:30	buy	206	0.43	1.06461	1.06244	1.07004	0.00	4725.46
492	2015.04.15 10:23	s/l	206	0.43	1.06244	1.06244	1.07004	-93.31	4632.15
493	2015.04.20 09:30	buy	207	0.53	1.07898	1.07724	1.08333	0.00	4632.15
494	2015.04.20 10:06	s/l	207	0.53	1.07724	1.07724	1.08333	-92.22	4539.93
495	2015.04.21 08:30	sell	208	0.54	1.07223	1.07390	1.06806	0.00	4539.93
496	2015.04.21 09:11	modify	208	0.54	1.07223	1.07213	1.06806	0.00	4539.93
497	2015.04.21 09:47	t/p	208	0.54	1.06806	1.07213	1.06806	225.18	4765.11
498	2015.04.23 08:00	sell	209	0.96	1.07024	1.07196	1.06594	0.00	4765.11
499	2015.04.23 10:02	modify	209	0.96	1.07024	1.07014	1.06594	0.00	4765.11
500	2015.04.23 11:04	s/l	209	0.96	1.07014	1.07014	1.06594	9.60	4774.71
501	2015.04.27 14:00	buy	210	0.79	1.08453	1.08213	1.09053	0.00	4774.71
502	2015.04.27 15:14	s/l	210	0.79	1.08213	1.08213	1.09053	-189.60	4585.11
503	2015.04.28 11:45	buy	211	0.44	1.08818	1.08611	1.09336	0.00	4585.11
504	2015.04.28 12:15	modify	211	0.44	1.08818	1.08828	1.09336	0.00	4585.11
505	2015.04.28 13:46	t/p	211	0.44	1.09336	1.08828	1.09336	227.92	4813.03
506	2015.06.16 09:45	buy	212	1.54	1.12784	1.12566	1.13329	0.00	4813.03
507	2015.06.16 09:54	modify	212	1.54	1.12784	1.12794	1.13329	0.00	4813.03
508	2015.06.16 10:41	s/l	212	1.54	1.12794	1.12794	1.13329	15.40	4828.43
509	2015.06.17 10:00	buy	213	0.98	1.12588	1.12391	1.13081	0.00	4828.43
510	2015.06.17 11:14	modify	213	0.98	1.12588	1.12598	1.13081	0.00	4828.43
511	2015.06.17 11:56	s/l	213	0.98	1.12598	1.12598	1.13081	9.80	4838.23
512	2015.07.29 16:30	sell	214	0.79	1.10352	1.10594	1.09747	0.00	4838.23
513	2015.07.29 21:00	s/l	214	0.79	1.10594	1.10594	1.09747	-191.18	4647.05
514	2015.08.03 09:15	sell	215	0.54	1.09711	1.09882	1.09284	0.00	4647.05
515	2015.08.03 09:57	s/l	215	0.54	1.09882	1.09882	1.09284	-92.34	4554.71
516	2015.08.17 14:00	sell	216	0.52	1.10862	1.11034	1.10432	0.00	4554.71
517	2015.08.17 14:50	s/l	216	0.52	1.11034	1.11034	1.10432	-89.44	4465.27
518	2015.08.18 10:30	sell	217	0.53	1.10653	1.10821	1.10233	0.00	4465.27
519	2015.08.18 10:54	s/l	217	0.53	1.10821	1.10821	1.10233	-89.04	4376.23
520	2015.08.18 10:54	buy	218	0.41	1.10822	1.10609	1.11355	0.00	4376.23
521	2015.08.18 12:37	s/l	218	0.41	1.10609	1.10609	1.11355	-87.33	4288.90
522	2015.09.03 09:30	sell	219	0.28	1.12218	1.12370	1.11838	0.00	4288.90
523	2015.09.03 10:05	s/l	219	0.28	1.12370	1.12370	1.11838	-42.56	4246.34
524	2015.09.24 08:00	buy	220	0.26	1.11923	1.11764	1.12321	0.00	4246.34
525	2015.09.24 09:38	modify	220	0.26	1.11923	1.11933	1.12321	0.00	4246.34
526	2015.09.24 11:10	s/l	220	0.26	1.11933	1.11933	1.12321	2.60	4248.94
527	2015.09.30 14:30	sell	221	1.41	1.12060	1.12270	1.11535	0.00	4248.94
528	2015.09.30 17:25	modify	221	1.41	1.12060	1.12050	1.11535	0.00	4248.94
529	2015.10.01 06:33	t/p	221	1.41	1.11535	1.12050	1.11535	750.98	4999.92
530	2015.10.06 09:15	sell	222	1.24	1.11779	1.11940	1.11377	0.00	4999.92
531	2015.10.06 09:37	s/l	222	1.24	1.11940	1.11940	1.11377	-199.64	4800.28
532	2015.10.06 09:37	buy	223	0.85	1.11940	1.11715	1.12503	0.00	4800.28
533	2015.10.06 14:38	modify	223	0.85	1.11940	1.11950	1.12503	0.00	4800.28
534	2015.10.06 17:50	t/p	223	0.85	1.12503	1.11950	1.12503	478.55	5278.83
535	2015.10.08 10:00	buy	224	0.31	1.12617	1.12448	1.13040	0.00	5278.83
536	2015.10.08 10:18	modify	224	0.31	1.12617	1.12627	1.13040	0.00	5278.83
537	2015.10.08 10:24	t/p	224	0.31	1.13040	1.12627	1.13040	131.13	5409.96
538	2015.10.13 15:30	buy	225	2.18	1.13865	1.13692	1.14298	0.00	5409.96
539	2015.10.13 17:02	s/l	225	2.18	1.13692	1.13692	1.14298	-377.14	5032.82
540	2015.10.14 15:15	buy	226	0.58	1.14096	1.13924	1.14526	0.00	5032.82
541	2015.10.14 15:30	modify	226	0.58	1.14096	1.14106	1.14526	0.00	5032.82
542	2015.10.14 16:47	s/l	226	0.58	1.14106	1.14106	1.14526	5.80	5038.62
543	2015.10.19 10:15	sell	227	1.68	1.13584	1.13793	1.13062	0.00	5038.62
544	2015.10.19 12:37	modify	227	1.68	1.13584	1.13574	1.13062	0.00	5038.62
545	2015.10.19 17:59	t/p	227	1.68	1.13062	1.13574	1.13062	876.96	5915.58
546	2015.10.27 10:00	sell	228	1.34	1.10549	1.10725	1.10109	0.00	5915.58
547	2015.10.27 14:25	s/l	228	1.34	1.10725	1.10725	1.10109	-235.84	5679.74
548	2015.10.28 10:45	sell	229	0.69	1.10362	1.10525	1.09955	0.00	5679.74
549	2015.10.28 11:07	s/l	229	0.69	1.10525	1.10525	1.09955	-112.47	5567.27
550	2015.11.10 10:15	sell	230	0.61	1.07475	1.07657	1.07020	0.00	5567.27
551	2015.11.10 14:49	modify	230	0.61	1.07475	1.07465	1.07020	0.00	5567.27
552	2015.11.10 14:54	t/p	230	0.61	1.07020	1.07465	1.07020	277.55	5844.82
553	2015.11.11 10:00	buy	231	2.19	1.07489	1.07303	1.07954	0.00	5844.82
554	2015.11.11 13:17	s/l	231	2.19	1.07303	1.07303	1.07954	-407.34	5437.48
555	2015.11.16 15:15	sell	232	0.70	1.07229	1.07384	1.06842	0.00	5437.48
556	2015.11.16 15:37	s/l	232	0.70	1.07384	1.07384	1.06842	-108.50	5328.98
557	2015.11.18 14:15	buy	233	0.69	1.06716	1.06563	1.07099	0.00	5328.98
558	2015.11.18 16:00	s/l	233	0.69	1.06563	1.06563	1.07099	-105.57	5223.41
559	2015.11.18 16:00	sell	234	0.65	1.06563	1.06723	1.06163	0.00	5223.41
560	2015.11.18 16:43	s/l	234	0.65	1.06723	1.06723	1.06163	-104.00	5119.41
561	2015.11.19 11:00	buy	235	0.21	1.06882	1.06647	1.07470	0.00	5119.41
562	2015.11.19 16:25	modify	235	0.21	1.06882	1.06892	1.07470	0.00	5119.41
563	2015.11.19 18:09	t/p	235	0.21	1.07470	1.06892	1.07470	123.48	5242.89
564	2015.12.01 10:15	sell	236	2.12	1.05779	1.05952	1.05347	0.00	5242.89
565	2015.12.01 10:46	s/l	236	2.12	1.05952	1.05952	1.05347	-366.76	4876.13
566	2015.12.01 10:46	sell	237	22.75	1.05950	1.05965	1.05913	0.00	4876.13
567	2015.12.01 10:47	s/l	237	22.75	1.05965	1.05965	1.05913	-341.25	4534.88
568	2015.12.14 09:15	sell	238	0.60	1.09585	1.09735	1.09210	0.00	4534.88
569	2015.12.14 13:25	s/l	238	0.60	1.09735	1.09735	1.09210	-90.00	4444.88
570	2015.12.16 16:30	sell	239	0.57	1.09260	1.09414	1.08875	0.00	4444.88
571	2015.12.16 17:58	s/l	239	0.57	1.09414	1.09414	1.08875	-87.78	4357.10
572	2015.12.21 15:15	buy	240	0.50	1.08708	1.08534	1.09143	0.00	4357.10
573	2015.12.21 15:44	modify	240	0.50	1.08708	1.08718	1.09143	0.00	4357.10
574	2015.12.21 17:27	t/p	240	0.50	1.09143	1.08718	1.09143	217.50	4574.60
575	2015.12.22 10:00	buy	241	1.60	1.09206	1.09007	1.09704	0.00	4574.60
576	2015.12.22 15:14	modify	241	1.60	1.09206	1.09216	1.09704	0.00	4574.60
577	2015.12.22 17:06	t/p	241	1.60	1.09704	1.09216	1.09704	796.80	5371.40
578	2015.12.24 16:45	buy	242	0.45	1.09565	1.09327	1.10160	0.00	5371.40
579	2015.12.28 13:11	modify	242	0.45	1.09565	1.09575	1.10160	0.00	5371.40
580	2015.12.29 15:14	s/l	242	0.45	1.09575	1.09575	1.10160	-6.76	5364.64
581	2015.12.29 15:14	sell	243	1.18	1.09574	1.09755	1.09122	0.00	5364.64
582	2015.12.29 15:37	modify	243	1.18	1.09574	1.09564	1.09122	0.00	5364.64
583	2015.12.29 15:48	t/p	243	1.18	1.09122	1.09564	1.09122	533.36	5898.00
584	2015.12.30 15:30	sell	244	0.75	1.09190	1.09347	1.08798	0.00	5898.00
585	2015.12.30 15:58	s/l	244	0.75	1.09347	1.09347	1.08798	-117.75	5780.25
586	2015.12.30 16:45	sell	245	0.66	1.09274	1.09448	1.08839	0.00	5780.25
587	2015.12.31 12:25	modify	245	0.66	1.09274	1.09264	1.08839	0.00	5780.25
588	2015.12.31 14:39	t/p	245	0.66	1.08839	1.09264	1.08839	292.12	6072.37
589	2016.01.12 08:30	buy	246	2.34	1.08901	1.08720	1.09354	0.00	6072.37
590	2016.01.12 10:32	s/l	246	2.34	1.08720	1.08720	1.09354	-423.54	5648.83
591	2016.01.19 10:45	sell	247	0.71	1.08654	1.08812	1.08259	0.00	5648.83
592	2016.01.19 10:52	s/l	247	0.71	1.08812	1.08812	1.08259	-112.18	5536.65
593	2016.01.25 14:30	sell	248	0.71	1.08113	1.08267	1.07728	0.00	5536.65
594	2016.01.25 15:29	s/l	248	0.71	1.08267	1.08267	1.07728	-109.34	5427.31
595	2016.01.25 15:29	buy	249	0.53	1.08267	1.08064	1.08775	0.00	5427.31
596	2016.01.26 03:06	modify	249	0.53	1.08267	1.08277	1.08775	0.00	5427.31
597	2016.01.26 12:50	s/l	249	0.53	1.08277	1.08277	1.08775	0.88	5428.19
598	2016.01.27 11:00	buy	250	0.66	1.08668	1.08505	1.09076	0.00	5428.19
599	2016.01.27 14:56	modify	250	0.66	1.08668	1.08678	1.09076	0.00	5428.19
600	2016.01.27 15:26	t/p	250	0.66	1.09076	1.08678	1.09076	269.28	5697.47
601	2016.02.03 14:45	buy	251	1.89	1.09295	1.09084	1.09823	0.00	5697.47
602	2016.02.03 15:24	modify	251	1.89	1.09295	1.09305	1.09823	0.00	5697.47
603	2016.02.03 16:45	t/p	251	1.89	1.09823	1.09305	1.09823	997.92	6695.39
604	2016.02.08 10:15	buy	252	1.76	1.11485	1.11333	1.11865	0.00	6695.39
605	2016.02.08 11:17	modify	252	1.76	1.11485	1.11495	1.11865	0.00	6695.39
606	2016.02.08 13:08	s/l	252	1.76	1.11495	1.11495	1.11865	17.60	6712.99
607	2016.02.17 15:15	sell	253	1.67	1.11355	1.11515	1.10955	0.00	6712.99
608	2016.02.17 16:15	modify	253	1.67	1.11355	1.11345	1.10955	0.00	6712.99
609	2016.02.17 16:44	s/l	253	1.67	1.11345	1.11345	1.10955	16.70	6729.69
610	2016.02.18 10:00	sell	254	0.65	1.11271	1.11477	1.10756	0.00	6729.69
611	2016.02.18 13:58	modify	254	0.65	1.11271	1.11261	1.10756	0.00	6729.69
612	2016.02.18 16:19	t/p	254	0.65	1.10756	1.11261	1.10756	334.75	7064.44
613	2016.02.23 10:30	sell	255	1.58	1.10366	1.10544	1.09921	0.00	7064.44
614	2016.02.23 11:16	modify	255	1.58	1.10366	1.10356	1.09921	0.00	7064.44
615	2016.02.23 11:34	t/p	255	1.58	1.09921	1.10356	1.09921	703.10	7767.54
616	2016.03.15 11:30	sell	256	1.55	1.10961	1.11161	1.10461	0.00	7767.54
617	2016.03.15 14:43	s/l	256	1.55	1.11161	1.11161	1.10461	-310.00	7457.54
618	2016.03.16 08:45	sell	257	0.97	1.10877	1.11030	1.10495	0.00	7457.54
619	2016.03.16 15:14	modify	257	0.97	1.10877	1.10867	1.10495	0.00	7457.54
620	2016.03.16 19:51	s/l	257	0.97	1.10867	1.10867	1.10495	9.70	7467.24
621	2016.04.11 15:30	buy	258	2.40	1.14056	1.13839	1.14599	0.00	7467.24
622	2016.04.11 16:53	modify	258	2.40	1.14056	1.14066	1.14599	0.00	7467.24
623	2016.04.11 18:57	s/l	258	2.40	1.14066	1.14066	1.14599	24.00	7491.24
624	2016.04.18 15:30	buy	259	1.49	1.13169	1.12969	1.13669	0.00	7491.24
625	2016.04.18 16:40	s/l	259	1.49	1.12969	1.12969	1.13669	-298.00	7193.24
626	2016.04.26 09:15	buy	260	0.94	1.12721	1.12568	1.13104	0.00	7193.24
627	2016.04.26 10:00	s/l	260	0.94	1.12568	1.12568	1.13104	-143.82	7049.42
628	2016.04.26 15:15	buy	261	0.74	1.12873	1.12683	1.13348	0.00	7049.42
629	2016.04.26 15:35	modify	261	0.74	1.12873	1.12883	1.13348	0.00	7049.42
630	2016.04.26 16:23	t/p	261	0.74	1.13348	1.12883	1.13348	351.50	7400.92
631	2016.04.27 09:30	buy	262	3.19	1.13052	1.12890	1.13457	0.00	7400.92
632	2016.04.27 10:38	modify	262	3.19	1.13052	1.13062	1.13457	0.00	7400.92
633	2016.04.27 12:16	s/l	262	3.19	1.13062	1.13062	1.13457	31.90	7432.82
634	2016.04.27 15:30	buy	263	1.44	1.13114	1.12908	1.13629	0.00	7432.82
635	2016.04.27 20:14	modify	263	1.44	1.13114	1.13124	1.13629	0.00	7432.82
636	2016.04.27 21:00	s/l	263	1.44	1.13124	1.13124	1.13629	14.40	7447.22
637	2016.05.09 08:45	sell	264	1.88	1.13988	1.14146	1.13593	0.00	7447.22
638	2016.05.09 09:52	s/l	264	1.88	1.14146	1.14146	1.13593	-297.04	7150.18
639	2016.05.09 10:15	sell	265	0.64	1.13993	1.14214	1.13441	0.00	7150.18
640	2016.05.10 13:58	modify	265	0.64	1.13993	1.13983	1.13441	0.00	7150.18
641	2016.05.10 17:42	s/l	265	0.64	1.13983	1.13983	1.13441	8.02	7158.20
642	2016.05.17 11:45	sell	266	2.86	1.13230	1.13405	1.12793	0.00	7158.20
643	2016.05.17 16:46	s/l	266	2.86	1.13405	1.13405	1.12793	-500.50	6657.70
644	2016.05.23 15:30	sell	267	0.76	1.12019	1.12192	1.11587	0.00	6657.70
645	2016.05.23 20:14	s/l	267	0.76	1.12192	1.12192	1.11587	-131.48	6526.22
646	2016.05.24 10:30	sell	268	0.57	1.11949	1.12175	1.11384	0.00	6526.22
647	2016.05.24 15:31	modify	268	0.57	1.11949	1.11939	1.11384	0.00	6526.22
648	2016.05.24 22:16	t/p	268	0.57	1.11384	1.11939	1.11384	322.05	6848.27
649	2016.06.13 15:30	sell	269	2.38	1.12597	1.12798	1.12095	0.00	6848.27
650	2016.06.13 17:12	s/l	269	2.38	1.12798	1.12798	1.12095	-478.38	6369.89
651	2016.07.04 14:45	buy	270	0.67	1.11379	1.11190	1.11852	0.00	6369.89
652	2016.07.05 10:29	modify	270	0.67	1.11379	1.11389	1.11852	0.00	6369.89
653	2016.07.05 10:30	t/p	270	0.67	1.11852	1.11389	1.11852	311.32	6681.21
654	2016.07.05 15:45	buy	271	1.90	1.11521	1.11276	1.12134	0.00	6681.21
655	2016.07.05 17:31	s/l	271	1.90	1.11276	1.11276	1.12134	-465.50	6215.71
656	2016.07.13 10:15	sell	272	0.61	1.10468	1.10669	1.09966	0.00	6215.71
657	2016.07.13 12:30	s/l	272	0.61	1.10669	1.10669	1.09966	-122.61	6093.10
658	2016.07.21 09:45	buy	273	0.35	1.10426	1.10252	1.10861	0.00	6093.10
659	2016.07.21 10:27	s/l	273	0.35	1.10252	1.10252	1.10861	-60.90	6032.20
660	2016.07.21 10:27	sell	274	0.25	1.10252	1.10489	1.09660	0.00	6032.20
661	2016.07.21 15:40	s/l	274	0.25	1.10489	1.10489	1.09660	-59.25	5972.95
662	2016.08.25 16:00	buy	275	0.30	1.12941	1.12748	1.13424	0.00	5972.95
663	2016.08.25 18:53	s/l	275	0.30	1.12748	1.12748	1.13424	-57.90	5915.05
664	2016.09.13 16:15	sell	276	0.56	1.12266	1.12475	1.11744	0.00	5915.05
665	2016.09.13 17:05	s/l	276	0.56	1.12475	1.12475	1.11744	-117.04	5798.01
666	2016.09.14 10:30	sell	277	0.59	1.12235	1.12430	1.11748	0.00	5798.01
667	2016.09.14 17:22	s/l	277	0.59	1.12430	1.12430	1.11748	-115.05	5682.96
668	2016.09.29 15:45	sell	278	0.28	1.12069	1.12270	1.11567	0.00	5682.96
669	2016.09.29 17:13	s/l	278	0.28	1.12270	1.12270	1.11567	-56.28	5626.68
670	2016.10.03 10:45	buy	279	0.58	1.12377	1.12185	1.12857	0.00	5626.68
671	2016.10.03 17:00	s/l	279	0.58	1.12185	1.12185	1.12857	-111.36	5515.32
672	2016.10.19 14:00	sell	280	0.57	1.09847	1.10038	1.09370	0.00	5515.32
673	2016.10.19 17:50	modify	280	0.57	1.09847	1.09837	1.09370	0.00	5515.32
674	2016.10.20 14:25	s/l	280	0.57	1.09837	1.09837	1.09370	10.04	5525.36
675	2016.10.27 16:15	buy	281	1.25	1.09265	1.09111	1.09650	0.00	5525.36
676	2016.10.27 17:07	s/l	281	1.25	1.09111	1.09111	1.09650	-192.50	5332.86
677	2016.11.23 14:00	sell	282	0.66	1.06221	1.06381	1.05821	0.00	5332.86
678	2016.11.23 15:20	modify	282	0.66	1.06221	1.06211	1.05821	0.00	5332.86
679	2016.11.23 15:31	t/p	282	0.66	1.05821	1.06211	1.05821	264.00	5596.86
680	2016.11.29 09:30	sell	283	2.34	1.05923	1.06090	1.05506	0.00	5596.86
681	2016.11.29 10:02	s/l	283	2.34	1.06090	1.06090	1.05506	-390.78	5206.08
682	2016.11.29 11:00	sell	284	0.43	1.05922	1.06159	1.05330	0.00	5206.08
683	2016.11.29 17:10	s/l	284	0.43	1.06159	1.06159	1.05330	-101.91	5104.17
684	2016.11.30 10:30	buy	285	0.48	1.06382	1.06170	1.06912	0.00	5104.17
685	2016.11.30 15:15	s/l	285	0.48	1.06170	1.06170	1.06912	-101.76	5002.41
686	2016.12.07 10:45	buy	286	0.46	1.07313	1.07097	1.07853	0.00	5002.41
687	2016.12.07 12:06	s/l	286	0.46	1.07097	1.07097	1.07853	-99.36	4903.05
688	2016.12.07 12:06	sell	287	0.41	1.07097	1.07335	1.06502	0.00	4903.05
689	2016.12.07 14:46	s/l	287	0.41	1.07335	1.07335	1.06502	-97.58	4805.47
690	2016.12.14 14:00	buy	288	0.60	1.06484	1.06325	1.06882	0.00	4805.47
691	2016.12.14 16:02	s/l	288	0.60	1.06325	1.06325	1.06882	-95.40	4710.07
692	2016.12.19 09:00	buy	289	0.46	1.04757	1.04554	1.05265	0.00	4710.07
693	2016.12.19 11:47	s/l	289	0.46	1.04554	1.04554	1.05265	-93.38	4616.69
694	2016.12.19 11:47	sell	290	0.55	1.04554	1.04720	1.04139	0.00	4616.69
695	2016.12.19 13:54	modify	290	0.55	1.04554	1.04544	1.04139	0.00	4616.69
696	2016.12.19 15:20	t/p	290	0.55	1.04139	1.04544	1.04139	228.25	4844.94
697	2016.12.22 16:15	buy	291	0.20	1.04507	1.04268	1.05105	0.00	4844.94
698	2016.12.22 17:07	modify	291	0.20	1.04507	1.04517	1.05105	0.00	4844.94
699	2016.12.22 18:02	s/l	291	0.20	1.04517	1.04517	1.05105	2.00	4846.94
700	2016.12.29 11:15	buy	292	0.99	1.04570	1.04400	1.04995	0.00	4846.94
701	2016.12.29 17:57	modify	292	0.99	1.04570	1.04580	1.04995	0.00	4846.94
702	2016.12.30 01:22	t/p	292	0.99	1.04995	1.04580	1.04995	412.49	5259.42
703	2017.01.11 11:15	sell	293	1.32	1.05446	1.05605	1.05049	0.00	5259.42
704	2017.01.11 12:29	modify	293	1.32	1.05446	1.05436	1.05049	0.00	5259.42
705	2017.01.11 14:08	t/p	293	1.32	1.05049	1.05436	1.05049	524.04	5783.46
706	2017.01.16 09:15	sell	294	0.99	1.06079	1.06311	1.05499	0.00	5783.46
707	2017.01.17 06:10	s/l	294	0.99	1.06311	1.06311	1.05499	-227.17	5556.30
708	2017.01.18 10:15	buy	295	0.52	1.06946	1.06735	1.07474	0.00	5556.30
709	2017.01.18 14:57	s/l	295	0.52	1.06735	1.06735	1.07474	-109.72	5446.58
710	2017.01.26 11:45	sell	296	0.31	1.07280	1.07454	1.06845	0.00	5446.58
711	2017.01.26 15:01	modify	296	0.31	1.07280	1.07270	1.06845	0.00	5446.58
712	2017.01.26 16:20	t/p	296	0.31	1.06845	1.07270	1.06845	134.85	5581.43
713	2017.01.31 10:00	buy	297	2.25	1.06996	1.06823	1.07429	0.00	5581.43
714	2017.01.31 13:40	modify	297	2.25	1.06996	1.07006	1.07429	0.00	5581.43
715	2017.01.31 13:47	t/p	297	2.25	1.07429	1.07006	1.07429	974.25	6555.68
716	2017.02.02 09:30	buy	298	0.67	1.07950	1.07755	1.08438	0.00	6555.68
717	2017.02.02 15:47	modify	298	0.67	1.07950	1.07960	1.08438	0.00	6555.68
718	2017.02.02 18:17	s/l	298	0.67	1.07960	1.07960	1.08438	6.70	6562.38
719	2017.02.09 15:30	sell	299	0.82	1.06815	1.06974	1.06418	0.00	6562.38
720	2017.02.09 17:00	modify	299	0.82	1.06815	1.06805	1.06418	0.00	6562.38
721	2017.02.10 09:58	t/p	299	0.82	1.06418	1.06805	1.06418	327.62	6889.99
722	2017.02.20 15:00	sell	300	1.46	1.06094	1.06282	1.05624	0.00	6889.99
723	2017.02.21 03:19	modify	300	1.46	1.06094	1.06084	1.05624	0.00	6889.99
724	2017.02.21 10:34	t/p	300	1.46	1.05624	1.06084	1.05624	689.90	7579.90
725	2017.02.23 10:15	buy	301	0.64	1.05621	1.05386	1.06209	0.00	7579.90
726	2017.02.23 12:08	s/l	301	0.64	1.05386	1.05386	1.06209	-150.40	7429.50
727	2017.02.27 10:00	buy	302	0.76	1.05814	1.05620	1.06299	0.00	7429.50
728	2017.02.27 17:59	modify	302	0.76	1.05814	1.05824	1.06299	0.00	7429.50
729	2017.02.27 18:49	t/p	302	0.76	1.06299	1.05824	1.06299	368.60	7798.10
730	2017.02.28 11:15	buy	303	3.04	1.05918	1.05739	1.06366	0.00	7798.10
731	2017.02.28 17:13	modify	303	3.04	1.05918	1.05928	1.06366	0.00	7798.10
732	2017.02.28 21:59	s/l	303	3.04	1.05928	1.05928	1.06366	30.40	7828.50
733	2017.03.02 11:45	sell	304	0.79	1.05257	1.05455	1.04762	0.00	7828.50
734	2017.03.02 21:26	modify	304	0.79	1.05257	1.05247	1.04762	0.00	7828.50
735	2017.03.03 08:51	s/l	304	0.79	1.05247	1.05247	1.04762	9.90	7838.40
736	2017.03.06 15:30	buy	305	1.76	1.06011	1.05833	1.06456	0.00	7838.40
737	2017.03.06 18:32	s/l	305	1.76	1.05833	1.05833	1.06456	-313.28	7525.12
738	2017.03.22 08:45	buy	306	0.90	1.08101	1.07934	1.08519	0.00	7525.12
739	2017.03.22 09:33	s/l	306	0.90	1.07934	1.07934	1.08519	-150.30	7374.82
740	2017.03.22 15:00	buy	307	0.70	1.08040	1.07830	1.08565	0.00	7374.82
741	2017.03.23 03:02	s/l	307	0.70	1.07830	1.07830	1.08565	-164.52	7210.30
742	2017.03.23 03:02	sell	308	0.52	1.07830	1.07968	1.07485	0.00	7210.30
743	2017.03.23 08:28	s/l	308	0.52	1.07968	1.07968	1.07485	-71.76	7138.54
744	2017.03.28 15:30	buy	309	0.78	1.08649	1.08466	1.09107	0.00	7138.54
745	2017.03.28 19:12	s/l	309	0.78	1.08466	1.08466	1.09107	-142.74	6995.80
746	2017.04.06 15:30	sell	310	0.35	1.06577	1.06772	1.06090	0.00	6995.80
747	2017.04.07 14:03	modify	310	0.35	1.06577	1.06567	1.06090	0.00	6995.80
748	2017.04.07 15:30	s/l	310	0.35	1.06567	1.06567	1.06090	4.39	7000.19
749	2017.04.27 15:00	sell	311	1.42	1.08862	1.09034	1.08432	0.00	7000.19
750	2017.04.27 15:35	s/l	311	1.42	1.09034	1.09034	1.08432	-244.24	6755.95
751	2017.05.08 08:45	buy	312	0.64	1.09896	1.09686	1.10421	0.00	6755.95
752	2017.05.08 10:13	s/l	312	0.64	1.09686	1.09686	1.10421	-134.40	6621.55
753	2017.05.08 15:00	sell	313	0.66	1.09381	1.09581	1.08881	0.00	6621.55
754	2017.05.09 09:26	modify	313	0.66	1.09381	1.09371	1.08881	0.00	6621.55
755	2017.05.09 13:46	t/p	313	0.66	1.08881	1.09371	1.08881	331.67	6953.22
756	2017.05.25 10:30	buy	314	1.58	1.12384	1.12230	1.12769	0.00	6953.22
757	2017.05.25 12:34	s/l	314	1.58	1.12230	1.12230	1.12769	-243.32	6709.90
758	2017.05.31 10:00	buy	315	0.67	1.11880	1.11681	1.12378	0.00	6709.90
759	2017.05.31 14:05	modify	315	0.67	1.11880	1.11890	1.12378	0.00	6709.90
760	2017.05.31 16:49	t/p	315	0.67	1.12378	1.11890	1.12378	333.66	7043.56
761	2017.06.05 10:15	buy	316	2.73	1.12759	1.12579	1.13209	0.00	7043.56
762	2017.06.05 13:22	s/l	316	2.73	1.12579	1.12579	1.13209	-491.40	6552.16
763	2017.06.08 11:30	sell	317	0.43	1.12515	1.12666	1.12138	0.00	6552.16
764	2017.06.08 14:46	modify	317	0.43	1.12515	1.12505	1.12138	0.00	6552.16
765	2017.06.08 15:38	t/p	317	0.43	1.12138	1.12505	1.12138	162.11	6714.27
766	2017.06.12 14:15	buy	318	2.55	1.12241	1.12057	1.12701	0.00	6714.27
767	2017.06.12 16:51	s/l	318	2.55	1.12057	1.12057	1.12701	-469.20	6245.07
768	2017.06.21 16:30	sell	319	0.59	1.11336	1.11546	1.10811	0.00	6245.07
769	2017.06.21 21:22	s/l	319	0.59	1.11546	1.11546	1.10811	-123.90	6121.17
770	2017.07.05 11:30	sell	320	0.71	1.13503	1.13675	1.13073	0.00	6121.17
771	2017.07.05 12:00	modify	320	0.71	1.13503	1.13493	1.13073	0.00	6121.17
772	2017.07.05 21:00	s/l	320	0.71	1.13493	1.13493	1.13073	7.10	6128.27
773	2017.07.20 10:30	sell	321	1.08	1.15072	1.15270	1.14577	0.00	6128.27
774	2017.07.20 15:43	s/l	321	1.08	1.15270	1.15270	1.14577	-213.84	5914.43
775	2017.07.26 16:45	sell	322	0.50	1.16337	1.16572	1.15750	0.00	5914.43
776	2017.07.26 21:01	s/l	322	0.50	1.16572	1.16572	1.15750	-117.50	5796.93
777	2017.07.31 09:00	buy	323	0.71	1.17456	1.17293	1.17864	0.00	5796.93
778	2017.07.31 09:16	s/l	323	0.71	1.17293	1.17293	1.17864	-115.73	5681.20
779	2017.07.31 09:16	sell	324	0.57	1.17293	1.17492	1.16796	0.00	5681.20
780	2017.07.31 16:51	s/l	324	0.57	1.17492	1.17492	1.16796	-113.43	5567.77
781	2017.08.03 10:00	buy	325	0.35	1.18511	1.18354	1.18904	0.00	5567.77
782	2017.08.03 11:00	s/l	325	0.35	1.18354	1.18354	1.18904	-54.95	5512.82
783	2017.08.03 11:00	sell	326	0.41	1.18353	1.18487	1.18018	0.00	5512.82
784	2017.08.03 12:34	s/l	326	0.41	1.18487	1.18487	1.18018	-54.94	5457.88
785	2017.08.07 15:45	sell	327	0.62	1.17887	1.18062	1.17450	0.00	5457.88
786	2017.08.08 04:05	s/l	327	0.62	1.18062	1.18062	1.17450	-106.93	5350.95
787	2017.08.08 04:05	buy	328	1.18	1.18062	1.17972	1.18287	0.00	5350.95
788	2017.08.08 04:51	modify	328	1.18	1.18062	1.18072	1.18287	0.00	5350.95
789	2017.08.08 05:47	s/l	328	1.18	1.18072	1.18072	1.18287	11.80	5362.75
790	2017.08.22 15:45	sell	329	0.54	1.17550	1.17746	1.17060	0.00	5362.75
791	2017.08.23 10:32	s/l	329	0.54	1.17746	1.17746	1.17060	-104.47	5258.28
792	2017.09.06 09:00	buy	330	0.58	1.19253	1.19072	1.19706	0.00	5258.28
793	2017.09.07 10:46	modify	330	0.58	1.19253	1.19263	1.19706	0.00	5258.28
794	2017.09.07 12:21	t/p	330	0.58	1.19706	1.19263	1.19706	248.22	5506.50
795	2017.09.11 10:45	buy	331	1.80	1.20121	1.19908	1.20654	0.00	5506.50
796	2017.09.11 14:38	s/l	331	1.80	1.19908	1.19908	1.20654	-383.40	5123.10
797	2017.09.12 11:30	sell	332	0.63	1.19614	1.19776	1.19209	0.00	5123.10
798	2017.09.12 13:45	modify	332	0.63	1.19614	1.19604	1.19209	0.00	5123.10
799	2017.09.12 17:18	s/l	332	0.63	1.19604	1.19604	1.19209	6.30	5129.40
800	2017.09.13 10:30	buy	333	1.83	1.19861	1.19665	1.20351	0.00	5129.40
801	2017.09.13 12:53	s/l	333	1.83	1.19665	1.19665	1.20351	-358.68	4770.72
802	2017.09.13 14:00	buy	334	0.55	1.19866	1.19695	1.20294	0.00	4770.72
803	2017.09.13 16:01	s/l	334	0.55	1.19695	1.19695	1.20294	-94.05	4676.67
804	2017.09.18 15:30	buy	335	0.52	1.19576	1.19397	1.20024	0.00	4676.67
805	2017.09.18 18:53	s/l	335	0.52	1.19397	1.19397	1.20024	-93.08	4583.59
806	2017.09.28 16:00	sell	336	0.23	1.17668	1.17863	1.17181	0.00	4583.59
807	2017.09.28 16:20	s/l	336	0.23	1.17863	1.17863	1.17181	-44.85	4538.74
808	2017.09.28 16:20	buy	337	0.20	1.17863	1.17644	1.18411	0.00	4538.74
809	2017.09.29 15:30	modify	337	0.20	1.17863	1.17873	1.18411	0.00	4538.74
810	2017.10.02 04:10	s/l	337	0.20	1.17873	1.17873	1.18411	-1.34	4537.41
811	2017.10.03 15:45	sell	338	0.53	1.17382	1.17553	1.16955	0.00	4537.41
812	2017.10.03 16:24	s/l	338	0.53	1.17553	1.17553	1.16955	-90.63	4446.78
813	2017.10.03 16:24	buy	339	0.45	1.17553	1.17357	1.18043	0.00	4446.78
814	2017.10.04 00:51	s/l	339	0.45	1.17357	1.17357	1.18043	-91.95	4354.82
815	2017.10.19 09:45	buy	340	0.25	1.18123	1.17952	1.18551	0.00	4354.82
816	2017.10.19 11:09	s/l	340	0.25	1.17952	1.17952	1.18551	-42.75	4312.07
817	2017.10.19 11:09	sell	341	0.18	1.17952	1.18189	1.17360	0.00	4312.07
818	2017.10.19 13:21	s/l	341	0.18	1.18189	1.18189	1.17360	-42.66	4269.41
819	2017.10.31 10:30	sell	342	0.49	1.16350	1.16521	1.15923	0.00	4269.41
820	2017.10.31 18:26	s/l	342	0.49	1.16521	1.16521	1.15923	-83.79	4185.62
821	2017.11.06 09:15	sell	343	0.45	1.15999	1.16185	1.15534	0.00	4185.62
822	2017.11.07 10:43	modify	343	0.45	1.15999	1.15989	1.15534	0.00	4185.62
823	2017.11.08 01:19	s/l	343	0.45	1.15989	1.15989	1.15534	6.78	4192.40
824	2017.11.08 14:15	sell	344	1.80	1.15881	1.16044	1.15474	0.00	4192.40
825	2017.11.09 07:31	s/l	344	1.80	1.16044	1.16044	1.15474	-279.71	3912.70
826	2017.11.09 07:31	sell	345	7.60	1.16042	1.16060	1.15997	0.00	3912.70
827	2017.11.09 07:33	modify	345	7.60	1.16042	1.16032	1.15997	0.00	3912.70
828	2017.11.09 07:45	s/l	345	7.60	1.16032	1.16032	1.15997	76.00	3988.70
829	2017.11.09 16:45	buy	346	0.17	1.16204	1.15982	1.16759	0.00	3988.70
830	2017.11.09 18:46	modify	346	0.17	1.16204	1.16214	1.16759	0.00	3988.70
831	2017.11.10 17:30	t/p	346	0.17	1.16759	1.16214	1.16759	92.93	4081.63
832	2017.11.16 08:30	buy	347	0.73	1.17957	1.17763	1.18442	0.00	4081.63
833	2017.11.16 09:36	s/l	347	0.73	1.17763	1.17763	1.18442	-141.62	3940.01
834	2017.11.22 16:30	buy	348	0.34	1.17671	1.17445	1.18236	0.00	3940.01
835	2017.11.22 21:01	modify	348	0.34	1.17671	1.17681	1.18236	0.00	3940.01
836	2017.11.22 21:30	t/p	348	0.34	1.18236	1.17681	1.18236	192.10	4132.11
837	2017.11.28 10:15	buy	349	1.46	1.19040	1.18842	1.19535	0.00	4132.11
838	2017.11.28 12:08	s/l	349	1.46	1.18842	1.18842	1.19535	-289.08	3843.03
839	2017.11.28 16:30	sell	350	0.46	1.18844	1.19010	1.18429	0.00	3843.03
840	2017.11.28 20:20	modify	350	0.46	1.18844	1.18834	1.18429	0.00	3843.03
841	2017.11.28 21:21	t/p	350	0.46	1.18429	1.18834	1.18429	190.90	4033.93
842	2017.12.06 09:45	sell	351	1.30	1.18199	1.18415	1.17659	0.00	4033.93
843	2017.12.06 16:58	modify	351	1.30	1.18199	1.18189	1.17659	0.00	4033.93
844	2017.12.08 03:43	t/p	351	1.30	1.17659	1.18189	1.17659	715.19	4749.12
845	2017.12.21 15:45	buy	352	0.55	1.18695	1.18524	1.19123	0.00	4749.12
846	2017.12.21 16:09	s/l	352	0.55	1.18524	1.18524	1.19123	-94.05	4655.07
847	2018.01.18 15:45	buy	353	0.25	1.22434	1.22252	1.22889	0.00	4655.07
848	2018.01.18 19:51	s/l	353	0.25	1.22252	1.22252	1.22889	-45.50	4609.57
849	2018.01.29 08:30	sell	354	0.53	1.24115	1.24288	1.23683	0.00	4609.57
850	2018.01.29 09:08	s/l	354	0.53	1.24288	1.24288	1.23683	-91.69	4517.88
851	2018.01.29 09:30	sell	355	0.39	1.24081	1.24309	1.23511	0.00	4517.88
852	2018.01.29 15:27	modify	355	0.39	1.24081	1.24071	1.23511	0.00	4517.88
853	2018.01.29 16:36	t/p	355	0.39	1.23511	1.24071	1.23511	222.30	4740.18
854	2018.02.01 08:15	sell	356	0.86	1.24092	1.24284	1.23612	0.00	4740.18
855	2018.02.01 10:14	s/l	356	0.86	1.24284	1.24284	1.23612	-165.12	4575.06
856	2018.02.05 14:00	sell	357	0.52	1.24476	1.24651	1.24039	0.00	4575.06
857	2018.02.05 16:05	modify	357	0.52	1.24476	1.24466	1.24039	0.00	4575.06
858	2018.02.05 16:40	t/p	357	0.52	1.24039	1.24466	1.24039	227.24	4802.30
859	2018.02.07 08:15	sell	358	2.03	1.23774	1.23939	1.23362	0.00	4802.30
860	2018.02.07 08:47	s/l	358	2.03	1.23939	1.23939	1.23362	-334.95	4467.35
861	2018.02.07 11:15	sell	359	0.39	1.23676	1.23904	1.23106	0.00	4467.35
862	2018.02.07 16:06	modify	359	0.39	1.23676	1.23666	1.23106	0.00	4467.35
863	2018.02.07 17:30	t/p	359	0.39	1.23106	1.23666	1.23106	222.30	4689.65
864	2018.02.12 14:15	sell	360	2.14	1.22619	1.22772	1.22237	0.00	4689.65
865	2018.02.12 15:34	modify	360	2.14	1.22619	1.22609	1.22237	0.00	4689.65
866	2018.02.12 16:43	s/l	360	2.14	1.22609	1.22609	1.22237	21.40	4711.05
867	2018.02.26 09:45	buy	361	1.00	1.23322	1.23134	1.23792	0.00	4711.05
868	2018.02.26 15:47	s/l	361	1.00	1.23134	1.23134	1.23792	-188.00	4523.05
869	2018.02.27 08:30	buy	362	0.59	1.23331	1.23179	1.23711	0.00	4523.05
870	2018.02.27 13:41	s/l	362	0.59	1.23179	1.23179	1.23711	-89.68	4433.37
871	2018.03.06 10:30	buy	363	0.50	1.23436	1.23260	1.23876	0.00	4433.37
872	2018.03.06 13:23	modify	363	0.50	1.23436	1.23446	1.23876	0.00	4433.37
873	2018.03.06 13:32	t/p	363	0.50	1.23876	1.23446	1.23876	220.00	4653.37
874	2018.03.08 09:45	buy	364	0.81	1.24118	1.23919	1.24616	0.00	4653.37
875	2018.03.08 10:52	s/l	364	0.81	1.23919	1.23919	1.24616	-161.19	4492.18
876	2018.04.03 15:45	sell	365	0.39	1.22940	1.23169	1.22368	0.00	4492.18
877	2018.04.03 16:29	modify	365	0.39	1.22940	1.22930	1.22368	0.00	4492.18
878	2018.04.04 10:59	s/l	365	0.39	1.22930	1.22930	1.22368	4.89	4497.06
879	2018.04.04 15:15	sell	366	1.97	1.22759	1.22918	1.22362	0.00	4497.06
880	2018.04.04 15:49	s/l	366	1.97	1.22918	1.22918	1.22362	-313.23	4183.83
881	2018.04.09 14:45	buy	367	0.53	1.22796	1.22640	1.23186	0.00	4183.83
882	2018.04.09 15:13	modify	367	0.53	1.22796	1.22806	1.23186	0.00	4183.83
883	2018.04.09 16:05	t/p	367	0.53	1.23186	1.22806	1.23186	206.70	4390.53
884	2018.04.18 11:15	buy	368	1.75	1.23700	1.23525	1.24138	0.00	4390.53
885	2018.04.18 12:00	s/l	368	1.75	1.23525	1.23525	1.24138	-306.25	4084.28
886	2018.05.03 16:00	sell	369	0.17	1.19795	1.20031	1.19205	0.00	4084.28
887	2018.05.03 21:44	s/l	369	0.17	1.20031	1.20031	1.19205	-40.12	4044.16
888	2018.05.08 10:00	sell	370	0.47	1.19179	1.19351	1.18749	0.00	4044.16
889	2018.05.08 11:27	modify	370	0.47	1.19179	1.19169	1.18749	0.00	4044.16
890	2018.05.08 12:42	t/p	370	0.47	1.18749	1.19169	1.18749	202.10	4246.26
891	2018.05.10 10:15	sell	371	0.71	1.18604	1.18812	1.18084	0.00	4246.26
892	2018.05.10 12:15	s/l	371	0.71	1.18812	1.18812	1.18084	-147.68	4098.58
893	2018.05.15 11:00	sell	372	0.51	1.19231	1.19391	1.18831	0.00	4098.58
894	2018.05.15 14:10	modify	372	0.51	1.19231	1.19221	1.18831	0.00	4098.58
895	2018.05.15 14:28	t/p	372	0.51	1.18831	1.19221	1.18831	204.00	4302.58
896	2018.05.17 09:15	sell	373	0.66	1.18149	1.18374	1.17587	0.00	4302.58
897	2018.05.17 13:27	modify	373	0.66	1.18149	1.18139	1.17587	0.00	4302.58
898	2018.05.18 08:58	s/l	373	0.66	1.18139	1.18139	1.17587	8.27	4310.86
899	2018.06.12 15:00	buy	374	0.88	1.17935	1.17741	1.18420	0.00	4310.86
900	2018.06.12 19:58	s/l	374	0.88	1.17741	1.17741	1.18420	-170.72	4140.14
901	2018.06.13 09:15	sell	375	0.54	1.17397	1.17548	1.17020	0.00	4140.14
902	2018.06.13 12:52	s/l	375	0.54	1.17548	1.17548	1.17020	-81.54	4058.60
903	2018.06.20 10:00	sell	376	0.41	1.15667	1.15862	1.15180	0.00	4058.60
904	2018.06.20 10:42	s/l	376	0.41	1.15862	1.15862	1.15180	-79.95	3978.65
905	2018.06.21 11:15	sell	377	0.25	1.15541	1.15697	1.15151	0.00	3978.65
906	2018.06.21 11:50	modify	377	0.25	1.15541	1.15531	1.15151	0.00	3978.65
907	2018.06.21 12:02	t/p	377	0.25	1.15151	1.15531	1.15151	97.50	4076.15
908	2018.06.27 08:15	sell	378	1.50	1.16401	1.16590	1.15929	0.00	4076.15
909	2018.06.27 09:09	s/l	378	1.50	1.16590	1.16590	1.15929	-283.50	3792.65
910	2018.06.27 10:45	sell	379	0.38	1.16544	1.16741	1.16052	0.00	3792.65
911	2018.06.27 11:35	modify	379	0.38	1.16544	1.16534	1.16052	0.00	3792.65
912	2018.06.27 15:48	t/p	379	0.38	1.16052	1.16534	1.16052	186.96	3979.61
913	2018.07.05 08:30	buy	380	0.84	1.16643	1.16479	1.17053	0.00	3979.61
914	2018.07.05 08:51	modify	380	0.84	1.16643	1.16653	1.17053	0.00	3979.61
915	2018.07.05 09:37	t/p	380	0.84	1.17053	1.16653	1.17053	344.40	4324.01
916	2018.07.10 09:45	buy	381	1.02	1.17465	1.17297	1.17885	0.00	4324.01
917	2018.07.10 11:39	s/l	381	1.02	1.17297	1.17297	1.17885	-171.36	4152.65
918	2018.07.10 11:45	sell	382	0.34	1.17264	1.17505	1.16662	0.00	4152.65
919	2018.07.11 15:45	s/l	382	0.34	1.17505	1.17505	1.16662	-81.08	4071.57
920	2018.07.24 11:30	sell	383	0.42	1.16796	1.16988	1.16316	0.00	4071.57
921	2018.07.24 13:09	s/l	383	0.42	1.16988	1.16988	1.16316	-80.64	3990.93
922	2018.07.24 16:45	buy	384	0.45	1.17052	1.16876	1.17492	0.00	3990.93
923	2018.07.24 18:51	s/l	384	0.45	1.16876	1.16876	1.17492	-79.20	3911.73
924	2018.07.25 16:00	buy	385	0.50	1.16990	1.16834	1.17380	0.00	3911.73
925	2018.07.25 17:43	s/l	385	0.50	1.16834	1.16834	1.17380	-78.00	3833.73
926	2018.08.01 16:45	sell	386	0.50	1.16783	1.16935	1.16403	0.00	3833.73
927	2018.08.02 05:44	modify	386	0.50	1.16783	1.16773	1.16403	0.00	3833.73
928	2018.08.02 09:35	t/p	386	0.50	1.16403	1.16773	1.16403	193.80	4027.53
929	2018.08.16 11:30	buy	387	0.61	1.13776	1.13548	1.14346	0.00	4027.53
930	2018.08.16 20:47	s/l	387	0.61	1.13548	1.13548	1.14346	-139.08	3888.45
931	2018.08.27 14:15	buy	388	0.51	1.16177	1.16026	1.16555	0.00	3888.45
932	2018.08.27 15:20	modify	388	0.51	1.16177	1.16187	1.16555	0.00	3888.45
933	2018.08.27 16:48	t/p	388	0.51	1.16555	1.16187	1.16555	192.78	4081.23
934	2018.09.05 09:15	sell	389	1.87	1.15819	1.15971	1.15439	0.00	4081.23
935	2018.09.05 10:16	modify	389	1.87	1.15819	1.15809	1.15439	0.00	4081.23
936	2018.09.05 10:22	t/p	389	1.87	1.15439	1.15809	1.15439	710.60	4791.83
937	2018.09.06 10:30	buy	390	0.42	1.16337	1.16114	1.16895	0.00	4791.83
938	2018.09.06 18:06	s/l	390	0.42	1.16114	1.16114	1.16895	-93.66	4698.17
939	2018.09.12 11:45	sell	391	0.40	1.15831	1.16064	1.15249	0.00	4698.17
940	2018.09.12 17:01	s/l	391	0.40	1.16064	1.16064	1.15249	-93.20	4604.97
941	2018.09.25 11:45	buy	392	0.36	1.17560	1.17311	1.18183	0.00	4604.97
942	2018.09.26 15:20	s/l	392	0.36	1.17311	1.17311	1.18183	-92.64	4512.33
943	2018.09.26 15:20	sell	393	0.54	1.17311	1.17478	1.16894	0.00	4512.33
944	2018.09.26 17:45	s/l	393	0.54	1.17478	1.17478	1.16894	-90.18	4422.15
945	2018.10.10 14:00	buy	394	0.51	1.15026	1.14853	1.15459	0.00	4422.15
946	2018.10.10 17:09	modify	394	0.51	1.15026	1.15036	1.15459	0.00	4422.15
947	2018.10.11 04:51	t/p	394	0.51	1.15459	1.15036	1.15459	208.06	4630.21
948	2018.10.16 10:30	buy	395	1.39	1.15911	1.15678	1.16494	0.00	4630.21
949	2018.10.16 12:23	s/l	395	1.39	1.15678	1.15678	1.16494	-323.87	4306.34
950	2018.10.18 15:15	sell	396	0.25	1.15042	1.15208	1.14627	0.00	4306.34
951	2018.10.18 19:15	modify	396	0.25	1.15042	1.15032	1.14627	0.00	4306.34
952	2018.10.18 20:19	t/p	396	0.25	1.14627	1.15032	1.14627	103.75	4410.09
953	2018.10.25 16:15	sell	397	0.65	1.14105	1.14342	1.13513	0.00	4410.09
954	2018.10.25 16:40	modify	397	0.65	1.14105	1.14095	1.13513	0.00	4410.09
955	2018.10.26 12:53	t/p	397	0.65	1.13513	1.14095	1.13513	386.45	4796.54
956	2018.11.08 09:15	sell	398	0.45	1.14158	1.14369	1.13631	0.00	4796.54
957	2018.11.08 10:02	s/l	398	0.45	1.14369	1.14369	1.13631	-94.95	4701.59
958	2018.11.08 11:00	sell	399	0.27	1.14295	1.14463	1.13875	0.00	4701.59
959	2018.11.08 13:34	modify	399	0.27	1.14295	1.14285	1.13875	0.00	4701.59
960	2018.11.08 15:15	s/l	399	0.27	1.14285	1.14285	1.13875	2.70	4704.29
961	2018.11.21 11:45	sell	400	1.33	1.13826	1.14073	1.13209	0.00	4704.29
962	2018.11.21 13:23	s/l	400	1.33	1.14073	1.14073	1.13209	-328.51	4375.78
963	2018.11.26 15:00	sell	401	0.57	1.13561	1.13712	1.13184	0.00	4375.78
964	2018.11.26 15:34	s/l	401	0.57	1.13712	1.13712	1.13184	-86.07	4289.71
965	2018.12.13 15:30	buy	402	0.18	1.13807	1.13570	1.14400	0.00	4289.71
966	2018.12.13 15:38	s/l	402	0.18	1.13570	1.13570	1.14400	-42.66	4247.05
967	2018.12.27 09:45	sell	403	0.26	1.13748	1.13907	1.13351	0.00	4247.05
968	2018.12.27 10:24	s/l	403	0.26	1.13907	1.13907	1.13351	-41.34	4205.71
969	2018.12.27 10:24	buy	404	0.21	1.13907	1.13708	1.14405	0.00	4205.71
970	2018.12.27 14:58	s/l	404	0.21	1.13708	1.13708	1.14405	-41.79	4163.92
971	2018.12.31 10:00	buy	405	0.39	1.14428	1.14219	1.14951	0.00	4163.92
972	2019.01.02 07:58	modify	405	0.39	1.14428	1.14438	1.14951	0.00	4163.92
973	2019.01.02 08:10	t/p	405	0.39	1.14951	1.14438	1.14951	197.46	4361.38
974	2019.01.09 15:45	buy	406	1.75	1.14633	1.14459	1.15068	0.00	4361.38
975	2019.01.09 16:35	modify	406	1.75	1.14633	1.14643	1.15068	0.00	4361.38
976	2019.01.09 16:36	t/p	406	1.75	1.15068	1.14643	1.15068	761.25	5122.63
977	2019.01.14 14:45	sell	407	1.26	1.14570	1.14732	1.14165	0.00	5122.63
978	2019.01.14 17:55	s/l	407	1.26	1.14732	1.14732	1.14165	-204.12	4918.51
979	2019.01.17 15:45	sell	408	0.26	1.13876	1.14064	1.13406	0.00	4918.51
980	2019.01.18 12:02	s/l	408	0.26	1.14064	1.14064	1.13406	-48.22	4870.29
981	2019.01.30 10:30	buy	409	0.54	1.14396	1.14218	1.14841	0.00	4870.29
982	2019.01.30 13:11	s/l	409	0.54	1.14218	1.14218	1.14841	-96.12	4774.17
983	2019.02.13 14:00	buy	410	0.46	1.13294	1.13087	1.13812	0.00	4774.17
984	2019.02.13 14:54	s/l	410	0.46	1.13087	1.13087	1.13812	-95.22	4678.95
985	2019.02.20 14:30	buy	411	0.51	1.13406	1.13223	1.13864	0.00	4678.95
986	2019.02.20 18:51	modify	411	0.51	1.13406	1.13416	1.13864	0.00	4678.95
987	2019.02.20 21:11	s/l	411	0.51	1.13416	1.13416	1.13864	5.10	4684.05
988	2019.03.11 15:30	buy	412	1.51	1.12518	1.12302	1.13058	0.00	4684.05
989	2019.03.11 17:51	s/l	412	1.51	1.12302	1.12302	1.13058	-326.16	4357.89
990	2019.03.14 09:30	buy	413	0.28	1.13253	1.13098	1.13641	0.00	4357.89
991	2019.03.14 12:01	s/l	413	0.28	1.13098	1.13098	1.13641	-43.40	4314.49
992	2019.10.03 15:45	buy	414	0.26	1.09621	1.09460	1.10024	0.00	4314.49
993	2019.10.03 17:00	modify	414	0.26	1.09621	1.09631	1.10024	0.00	4314.49
994	2019.10.03 23:59	s/l	414	0.26	1.09631	1.09631	1.10024	2.60	4317.09
995	2019.10.16 15:45	buy	415	1.30	1.10442	1.10210	1.11022	0.00	4317.09
996	2019.10.16 19:25	modify	415	1.30	1.10442	1.10452	1.11022	0.00	4317.09
997	2019.10.17 12:30	t/p	415	1.30	1.11022	1.10452	1.11022	721.46	5038.55
998	2019.11.07 16:00	sell	416	0.58	1.10670	1.10843	1.10238	0.00	5038.55
999	2019.11.07 17:57	modify	416	0.58	1.10670	1.10660	1.10238	0.00	5038.55
1000	2019.11.08 17:02	t/p	416	0.58	1.10238	1.10660	1.10238	252.03	5290.58
1001	2020.02.24 10:30	buy	417	1.15	1.08283	1.08099	1.08743	0.00	5290.58
1002	2020.02.24 17:07	modify	417	1.15	1.08283	1.08293	1.08743	0.00	5290.58
1003	2020.02.25 18:16	t/p	417	1.15	1.08743	1.08293	1.08743	519.40	5809.99
1004	2020.03.04 10:00	buy	418	1.41	1.11594	1.11430	1.12004	0.00	5809.99
1005	2020.03.04 10:42	modify	418	1.41	1.11594	1.11604	1.12004	0.00	5809.99
1006	2020.03.04 11:04	s/l	418	1.41	1.11604	1.11604	1.12004	14.10	5824.09
1007	2020.04.06 09:15	sell	419	1.03	1.08149	1.08374	1.07587	0.00	5824.09
1008	2020.04.06 15:45	modify	419	1.03	1.08149	1.08139	1.07587	0.00	5824.09
1009	2020.04.06 18:24	s/l	419	1.03	1.08139	1.08139	1.07587	10.30	5834.39
1010	2020.04.09 15:15	buy	420	0.59	1.08670	1.08475	1.09158	0.00	5834.39
1011	2020.04.09 15:53	modify	420	0.59	1.08670	1.08680	1.09158	0.00	5834.39
1012	2020.04.09 16:13	t/p	420	0.59	1.09158	1.08680	1.09158	287.92	6122.31
1013	2020.04.13 09:30	buy	421	1.40	1.09488	1.09314	1.09923	0.00	6122.31
1014	2020.04.13 11:20	s/l	421	1.40	1.09314	1.09314	1.09923	-243.60	5878.71
1015	2020.04.13 15:00	buy	422	0.50	1.09303	1.09072	1.09881	0.00	5878.71
1016	2020.04.13 16:29	s/l	422	0.50	1.09072	1.09072	1.09881	-115.50	5763.21
1017	2020.04.20 08:45	sell	423	0.56	1.08528	1.08731	1.08021	0.00	5763.21
1018	2020.04.20 11:46	s/l	423	0.56	1.08731	1.08731	1.08021	-113.68	5649.53
1019	2020.04.20 11:46	buy	424	0.71	1.08731	1.08574	1.09124	0.00	5649.53
1020	2020.04.20 14:08	s/l	424	0.71	1.08574	1.08574	1.09124	-111.47	5538.06
1021	2020.04.28 10:30	buy	425	0.47	1.08307	1.08076	1.08885	0.00	5538.06
1022	2020.04.28 12:20	modify	425	0.47	1.08307	1.08317	1.08885	0.00	5538.06
1023	2020.04.28 17:59	s/l	425	0.47	1.08317	1.08317	1.08885	4.70	5542.76
1024	2020.04.29 16:00	buy	426	1.95	1.08573	1.08375	1.09068	0.00	5542.76
1025	2020.04.30 10:05	modify	426	1.95	1.08573	1.08583	1.09068	0.00	5542.76
1026	2020.04.30 16:08	s/l	426	1.95	1.08583	1.08583	1.09068	-29.31	5513.45
1027	2020.05.07 11:00	sell	427	0.28	1.07988	1.08182	1.07503	0.00	5513.45
1028	2020.05.07 17:03	modify	427	0.28	1.07988	1.07978	1.07503	0.00	5513.45
1029	2020.05.07 18:45	s/l	427	0.28	1.07978	1.07978	1.07503	2.80	5516.25
1030	2020.05.12 10:45	sell	428	1.84	1.08086	1.08295	1.07564	0.00	5516.25
1031	2020.05.12 13:25	s/l	428	1.84	1.08295	1.08295	1.07564	-384.56	5131.69
1032	2020.05.27 11:00	buy	429	0.67	1.09651	1.09499	1.10031	0.00	5131.69
1033	2020.05.27 12:03	s/l	429	0.67	1.09499	1.09499	1.10031	-101.84	5029.85
1034	2020.06.08 10:00	buy	430	0.65	1.12944	1.12791	1.13327	0.00	5029.85
1035	2020.06.08 13:35	s/l	430	0.65	1.12791	1.12791	1.13327	-99.45	4930.40
1036	2020.06.09 09:45	sell	431	0.43	1.12753	1.12980	1.12186	0.00	4930.40
1037	2020.06.09 11:19	modify	431	0.43	1.12753	1.12743	1.12186	0.00	4930.40
1038	2020.06.09 13:09	s/l	431	0.43	1.12743	1.12743	1.12186	4.30	4934.70
1039	2020.06.24 14:00	buy	432	2.15	1.13069	1.12909	1.13469	0.00	4934.70
1040	2020.06.24 14:43	s/l	432	2.15	1.12909	1.12909	1.13469	-344.00	4590.70
1041	2020.07.08 09:15	sell	433	0.51	1.12656	1.12836	1.12206	0.00	4590.70
1042	2020.07.08 10:06	s/l	433	0.51	1.12836	1.12836	1.12206	-91.80	4498.90
1043	2020.07.08 14:45	buy	434	0.58	1.12893	1.12740	1.13276	0.00	4498.90
1044	2020.07.08 16:32	modify	434	0.58	1.12893	1.12903	1.13276	0.00	4498.90
1045	2020.07.08 16:39	t/p	434	0.58	1.13276	1.12903	1.13276	222.14	4721.04
1046	2020.07.14 11:45	buy	435	1.59	1.13492	1.13285	1.14010	0.00	4721.04
1047	2020.07.14 14:36	modify	435	1.59	1.13492	1.13502	1.14010	0.00	4721.04
1048	2020.07.14 17:29	t/p	435	1.59	1.14010	1.13502	1.14010	823.62	5544.66
1049	2020.07.16 15:00	buy	436	0.58	1.14133	1.13944	1.14606	0.00	5544.66
1050	2020.07.16 17:40	modify	436	0.58	1.14133	1.14143	1.14606	0.00	5544.66
1051	2020.07.16 19:39	s/l	436	0.58	1.14143	1.14143	1.14606	5.80	5550.46
1052	2020.07.21 10:15	buy	437	0.90	1.14589	1.14345	1.15199	0.00	5550.46
1053	2020.07.21 10:46	s/l	437	0.90	1.14345	1.14345	1.15199	-219.60	5330.86
1054	2020.07.29 09:15	buy	438	0.63	1.17407	1.17240	1.17825	0.00	5330.86
1055	2020.07.29 10:43	modify	438	0.63	1.17407	1.17417	1.17825	0.00	5330.86
1056	2020.07.29 14:01	s/l	438	0.63	1.17417	1.17417	1.17825	6.30	5337.16
1057	2020.08.17 14:45	buy	439	1.94	1.18510	1.18318	1.18990	0.00	5337.16
1058	2020.08.17 16:51	modify	439	1.94	1.18510	1.18520	1.18990	0.00	5337.16
1059	2020.08.18 09:33	t/p	439	1.94	1.18990	1.18520	1.18990	915.01	6252.17
1060	2020.08.27 10:45	buy	440	0.72	1.18316	1.18144	1.18746	0.00	6252.17
1061	2020.08.27 13:34	s/l	440	0.72	1.18144	1.18144	1.18746	-123.84	6128.33
1062	2020.09.02 09:30	sell	441	0.65	1.18965	1.19153	1.18495	0.00	6128.33
1063	2020.09.02 10:32	modify	441	0.65	1.18965	1.18955	1.18495	0.00	6128.33
1064	2020.09.02 14:31	t/p	441	0.65	1.18495	1.18955	1.18495	305.50	6433.83
1065	2020.09.09 11:45	sell	442	2.11	1.17679	1.17892	1.17147	0.00	6433.83
1066	2020.09.09 15:49	s/l	442	2.11	1.17892	1.17892	1.17147	-449.43	5984.40
1067	2020.09.10 11:30	buy	443	0.33	1.18319	1.18138	1.18772	0.00	5984.40
1068	2020.09.10 15:31	modify	443	0.33	1.18319	1.18329	1.18772	0.00	5984.40
1069	2020.09.10 15:31	t/p	443	0.33	1.18772	1.18329	1.18772	149.49	6133.89
1070	2020.09.30 15:30	buy	444	2.27	1.17154	1.16965	1.17627	0.00	6133.89
1071	2020.09.30 16:38	s/l	444	2.27	1.16965	1.16965	1.17627	-429.03	5704.86
1072	2020.10.12 10:45	buy	445	0.62	1.18219	1.18036	1.18677	0.00	5704.86
1073	2020.10.12 12:24	s/l	445	0.62	1.18036	1.18036	1.18677	-113.46	5591.40
1074	2020.10.13 16:15	sell	446	0.61	1.17823	1.18006	1.17366	0.00	5591.40
1075	2020.10.13 16:39	modify	446	0.61	1.17823	1.17813	1.17366	0.00	5591.40
1076	2020.10.13 18:47	t/p	446	0.61	1.17366	1.17813	1.17366	278.77	5870.17
1077	2020.11.10 10:00	sell	447	1.95	1.18168	1.18378	1.17643	0.00	5870.17
1078	2020.11.10 10:28	s/l	447	1.95	1.18378	1.18378	1.17643	-409.50	5460.67
1079	2020.11.11 09:45	sell	448	0.69	1.18144	1.18301	1.17752	0.00	5460.67
1080	2020.11.11 10:20	modify	448	0.69	1.18144	1.18134	1.17752	0.00	5460.67
1081	2020.11.11 12:55	t/p	448	0.69	1.17752	1.18134	1.17752	270.48	5731.15
1082	2020.11.12 16:00	buy	449	0.94	1.18095	1.17883	1.18625	0.00	5731.15
1083	2020.11.12 16:29	s/l	449	0.94	1.17883	1.17883	1.18625	-199.28	5531.87
1084	2020.11.19 10:30	sell	450	0.31	1.18360	1.18534	1.17925	0.00	5531.87
1085	2020.11.19 20:55	s/l	450	0.31	1.18534	1.18534	1.17925	-53.94	5477.93
1086	2020.11.25 15:00	buy	451	0.68	1.18959	1.18799	1.19359	0.00	5477.93
1087	2020.11.25 17:39	modify	451	0.68	1.18959	1.18969	1.19359	0.00	5477.93
1088	2020.11.26 08:23	t/p	451	0.68	1.19359	1.18969	1.19359	254.98	5732.91
1089	2020.12.01 15:30	buy	452	1.99	1.19823	1.19622	1.20326	0.00	5732.91
1090	2020.12.01 17:17	modify	452	1.99	1.19823	1.19833	1.20326	0.00	5732.91
1091	2020.12.01 17:49	t/p	452	1.99	1.20326	1.19833	1.20326	1000.97	6733.88
1092	2020.12.15 16:30	buy	453	1.41	1.21529	1.21338	1.22007	0.00	6733.88
1093	2020.12.16 10:30	modify	453	1.41	1.21529	1.21539	1.22007	0.00	6733.88
1094	2020.12.16 10:34	t/p	453	1.41	1.22007	1.21539	1.22007	662.21	7396.09
1095	2020.12.22 10:00	sell	454	1.95	1.22167	1.22318	1.21790	0.00	7396.09
1096	2020.12.22 12:52	s/l	454	1.95	1.22318	1.22318	1.21790	-294.45	7101.64
1097	2020.12.23 10:15	sell	455	0.74	1.21838	1.22029	1.21361	0.00	7101.64
1098	2020.12.23 16:30	s/l	455	0.74	1.22029	1.22029	1.21361	-141.34	6960.30
1099	2020.12.28 15:15	buy	456	0.74	1.22187	1.22001	1.22652	0.00	6960.30
1100	2020.12.29 09:12	modify	456	0.74	1.22187	1.22197	1.22652	0.00	6960.30
1101	2020.12.29 16:48	t/p	456	0.74	1.22652	1.22197	1.22652	337.93	7298.23
1102	2020.12.31 11:00	buy	457	1.56	1.23012	1.22849	1.23420	0.00	7298.23
1103	2020.12.31 11:15	s/l	457	1.56	1.22849	1.22849	1.23420	-254.28	7043.95
1104	2021.01.05 10:15	buy	458	0.84	1.22697	1.22531	1.23112	0.00	7043.95
1105	2021.01.05 18:45	modify	458	0.84	1.22697	1.22707	1.23112	0.00	7043.95
1106	2021.01.06 02:50	t/p	458	0.84	1.23112	1.22707	1.23112	341.59	7385.54
1107	2021.01.21 11:30	buy	459	1.18	1.21412	1.21193	1.21960	0.00	7385.54
1108	2021.01.22 02:14	modify	459	1.18	1.21412	1.21422	1.21960	0.00	7385.54
1109	2021.01.25 12:00	s/l	459	1.18	1.21422	1.21422	1.21960	-7.89	7377.65
1110	2021.01.28 15:15	sell	460	0.33	1.20907	1.21129	1.20352	0.00	7377.65
1111	2021.01.28 15:50	s/l	460	0.33	1.21129	1.21129	1.20352	-73.26	7304.39
1112	2021.02.02 11:45	sell	461	0.71	1.20683	1.20886	1.20176	0.00	7304.39
1113	2021.02.02 12:16	modify	461	0.71	1.20683	1.20673	1.20176	0.00	7304.39
1114	2021.02.02 19:01	t/p	461	0.71	1.20176	1.20673	1.20176	359.97	7664.36
1115	2021.02.08 09:45	buy	462	3.37	1.20459	1.20300	1.20857	0.00	7664.36
1116	2021.02.08 10:29	s/l	462	3.37	1.20300	1.20300	1.20857	-535.83	7128.53
1117	2021.02.08 15:45	buy	463	0.77	1.20367	1.20182	1.20830	0.00	7128.53
1118	2021.02.08 17:05	modify	463	0.77	1.20367	1.20377	1.20830	0.00	7128.53
1119	2021.02.08 18:21	s/l	463	0.77	1.20377	1.20377	1.20830	7.70	7136.23
1120	2021.02.22 10:15	buy	464	3.02	1.21199	1.21034	1.21612	0.00	7136.23
1121	2021.02.22 10:27	s/l	464	3.02	1.21034	1.21034	1.21612	-498.30	6637.93
1122	2021.04.15 16:30	buy	465	0.37	1.19716	1.19541	1.20154	0.00	6637.93
1123	2021.04.16 04:04	s/l	465	0.37	1.19541	1.19541	1.20154	-67.84	6570.09
1124	2021.04.21 16:15	sell	466	0.86	1.20019	1.20171	1.19639	0.00	6570.09
1125	2021.04.21 17:26	s/l	466	0.86	1.20171	1.20171	1.19639	-130.72	6439.37
1126	2021.05.13 11:30	sell	467	0.35	1.20814	1.20997	1.20357	0.00	6439.37
1127	2021.05.13 11:50	modify	467	0.35	1.20814	1.20804	1.20357	0.00	6439.37
1128	2021.05.13 14:23	s/l	467	0.35	1.20804	1.20804	1.20357	3.50	6442.87
1129	2021.05.27 09:30	sell	468	1.28	1.21872	1.22048	1.21432	0.00	6442.87
1130	2021.05.27 10:17	s/l	468	1.28	1.22048	1.22048	1.21432	-225.28	6217.59
1131	2021.05.27 16:00	sell	469	0.34	1.21861	1.22041	1.21411	0.00	6217.59
1132	2021.05.27 17:17	s/l	469	0.34	1.22041	1.22041	1.21411	-61.20	6156.39
1133	2021.05.31 15:00	buy	470	0.79	1.21993	1.21839	1.22378	0.00	6156.39
1134	2021.05.31 17:55	modify	470	0.79	1.21993	1.22003	1.22378	0.00	6156.39
1135	2021.06.01 10:30	t/p	470	0.79	1.22378	1.22003	1.22378	297.56	6453.95
1136	2021.06.23 10:45	buy	471	1.82	1.19343	1.19096	1.19961	0.00	6453.95
1137	2021.06.25 16:56	modify	471	1.82	1.19343	1.19353	1.19961	0.00	6453.95
1138	2021.06.25 19:29	s/l	471	1.82	1.19353	1.19353	1.19961	-42.54	6411.40
1139	2021.07.05 09:45	buy	472	0.80	1.18658	1.18499	1.19056	0.00	6411.40
1140	2021.07.06 09:04	modify	472	0.80	1.18658	1.18668	1.19056	0.00	6411.40
1141	2021.07.06 11:07	s/l	472	0.80	1.18668	1.18668	1.19056	1.32	6412.73
1142	2021.07.07 16:00	sell	473	2.01	1.18159	1.18382	1.17602	0.00	6412.73
1143	2021.07.07 17:32	modify	473	2.01	1.18159	1.18149	1.17602	0.00	6412.73
1144	2021.07.07 21:02	s/l	473	2.01	1.18149	1.18149	1.17602	20.10	6432.83
1145	2021.07.20 15:15	sell	474	1.29	1.17749	1.17948	1.17252	0.00	6432.83
1146	2021.07.21 17:40	s/l	474	1.29	1.17948	1.17948	1.17252	-253.44	6179.39
1147	2021.08.05 15:30	sell	475	0.35	1.18418	1.18592	1.17983	0.00	6179.39
1148	2021.08.06 11:23	modify	475	0.35	1.18418	1.18408	1.17983	0.00	6179.39
1149	2021.08.06 15:30	t/p	475	0.35	1.17983	1.18408	1.17983	153.14	6332.53
1150	2021.08.25 16:15	buy	476	2.29	1.17433	1.17240	1.17916	0.00	6332.53
1151	2021.08.25 21:13	modify	476	2.29	1.17433	1.17443	1.17916	0.00	6332.53
1152	2021.08.27 03:35	s/l	476	2.29	1.17443	1.17443	1.17916	-53.53	6279.00
1153	2021.09.01 15:30	buy	477	0.83	1.18263	1.18112	1.18641	0.00	6279.00
1154	2021.09.01 17:45	modify	477	0.83	1.18263	1.18273	1.18641	0.00	6279.00
1155	2021.09.02 17:38	t/p	477	0.83	1.18641	1.18273	1.18641	292.96	6571.96
1156	2021.09.23 15:45	buy	478	1.25	1.17305	1.17121	1.17765	0.00	6571.96
1157	2021.09.24 15:32	s/l	478	1.25	1.17121	1.17121	1.17765	-240.43	6331.53
1158	2021.09.27 14:30	sell	479	0.82	1.16971	1.17125	1.16586	0.00	6331.53
1159	2021.09.28 10:10	modify	479	0.82	1.16971	1.16961	1.16586	0.00	6331.53
1160	2021.09.28 17:15	s/l	479	0.82	1.16961	1.16961	1.16586	10.28	6341.81
1161	2021.10.05 16:15	sell	480	2.64	1.15887	1.16055	1.15467	0.00	6341.81
1162	2021.10.05 18:13	s/l	480	2.64	1.16055	1.16055	1.15467	-443.52	5898.29
1163	2021.10.25 10:45	buy	481	0.49	1.16630	1.16392	1.17225	0.00	5898.29
1164	2021.10.25 12:18	s/l	481	0.49	1.16392	1.16392	1.17225	-116.62	5781.67
1165	2021.11.04 16:00	sell	482	0.29	1.15534	1.15731	1.15042	0.00	5781.67
1166	2021.11.05 14:30	modify	482	0.29	1.15534	1.15524	1.15042	0.00	5781.67
1167	2021.11.05 17:39	s/l	482	0.29	1.15524	1.15524	1.15042	3.64	5785.30
1168	2021.11.08 10:45	buy	483	1.94	1.15691	1.15483	1.16211	0.00	5785.30
1169	2021.11.09 07:05	modify	483	1.94	1.15691	1.15701	1.16211	0.00	5785.30
1170	2021.11.09 15:01	s/l	483	1.94	1.15701	1.15701	1.16211	3.21	5788.52
1171	2021.11.15 15:00	sell	484	1.47	1.14409	1.14566	1.14017	0.00	5788.52
1172	2021.11.15 18:02	modify	484	1.47	1.14409	1.14399	1.14017	0.00	5788.52
1173	2021.11.15 19:24	t/p	484	1.47	1.14017	1.14399	1.14017	576.24	6364.76
1174	2021.11.18 16:30	buy	485	0.77	1.13411	1.13247	1.13821	0.00	6364.76
1175	2021.11.18 19:04	modify	485	0.77	1.13411	1.13421	1.13821	0.00	6364.76
1176	2021.11.19 10:01	s/l	485	0.77	1.13421	1.13421	1.13821	1.28	6366.03
1177	2021.12.01 15:30	buy	486	1.29	1.13284	1.13087	1.13777	0.00	6366.03
1178	2021.12.02 09:56	s/l	486	1.29	1.13087	1.13087	1.13777	-286.42	6079.61
1179	2021.12.02 10:45	buy	487	0.37	1.13242	1.13080	1.13647	0.00	6079.61
1180	2021.12.02 18:20	s/l	487	0.37	1.13080	1.13080	1.13647	-59.94	6019.67
1181	2021.12.27 14:15	sell	488	0.74	1.13070	1.13231	1.12668	0.00	6019.67
1182	2021.12.27 16:38	s/l	488	0.74	1.13231	1.13231	1.12668	-119.14	5900.53
1183	2021.12.27 16:38	buy	489	0.72	1.13232	1.13070	1.13637	0.00	5900.53
1184	2021.12.28 16:41	s/l	489	0.72	1.13070	1.13070	1.13637	-122.65	5777.88
1185	2022.01.03 15:30	buy	490	0.67	1.13631	1.13461	1.14056	0.00	5777.88
1186	2022.01.03 15:51	s/l	490	0.67	1.13461	1.13461	1.14056	-113.90	5663.98
1187	2022.01.03 15:51	sell	491	0.56	1.13461	1.13660	1.12964	0.00	5663.98
1188	2022.01.03 16:50	modify	491	0.56	1.13461	1.13451	1.12964	0.00	5663.98
1189	2022.01.03 17:27	t/p	491	0.56	1.12964	1.13451	1.12964	278.32	5942.30
1190	2022.01.05 15:15	buy	492	0.77	1.13182	1.13029	1.13565	0.00	5942.30
1191	2022.01.05 17:01	modify	492	0.77	1.13182	1.13192	1.13565	0.00	5942.30
1192	2022.01.05 21:09	s/l	492	0.77	1.13192	1.13192	1.13565	7.70	5950.00
1193	2022.01.06 16:45	buy	493	0.97	1.13256	1.13043	1.13789	0.00	5950.00
1194	2022.01.06 17:26	s/l	493	0.97	1.13043	1.13043	1.13789	-206.61	5743.39
1195	2022.01.20 16:30	sell	494	0.34	1.13429	1.13596	1.13012	0.00	5743.39
1196	2022.01.20 20:37	modify	494	0.34	1.13429	1.13419	1.13012	0.00	5743.39
1197	2022.01.21 03:03	t/p	494	0.34	1.13012	1.13419	1.13012	142.64	5886.03
1198	2022.02.08 15:15	sell	495	2.23	1.14073	1.14257	1.13613	0.00	5886.03
1199	2022.02.09 04:02	s/l	495	2.23	1.14257	1.14257	1.13613	-404.66	5481.37
1200	2022.02.09 15:45	buy	496	0.63	1.14450	1.14278	1.14880	0.00	5481.37
1201	2022.02.09 16:24	s/l	496	0.63	1.14278	1.14278	1.14880	-108.36	5373.01
1202	2022.02.16 16:45	buy	497	0.56	1.13702	1.13512	1.14177	0.00	5373.01
1203	2022.02.17 05:55	s/l	497	0.56	1.13512	1.13512	1.14177	-120.42	5252.59
1204	2022.02.17 08:45	sell	498	0.24	1.13546	1.13760	1.13011	0.00	5252.59
1205	2022.02.17 10:00	s/l	498	0.24	1.13760	1.13760	1.13011	-51.36	5201.23
1206	2022.02.17 10:00	buy	499	0.24	1.13760	1.13551	1.14283	0.00	5201.23
1207	2022.02.17 10:28	s/l	499	0.24	1.13551	1.13551	1.14283	-50.16	5151.07
1208	2022.03.09 10:15	buy	500	0.50	1.09293	1.09089	1.09803	0.00	5151.07
1209	2022.03.09 11:27	modify	500	0.50	1.09293	1.09303	1.09803	0.00	5151.07
1210	2022.03.09 12:06	t/p	500	0.50	1.09803	1.09303	1.09803	255.00	5406.07
1211	2022.03.29 09:45	buy	501	1.73	1.10025	1.09807	1.10570	0.00	5406.07
1212	2022.03.29 11:53	s/l	501	1.73	1.09807	1.09807	1.10570	-377.14	5028.93
1213	2022.04.07 10:15	sell	502	0.28	1.09124	1.09298	1.08689	0.00	5028.93
1214	2022.04.07 11:11	modify	502	0.28	1.09124	1.09114	1.08689	0.00	5028.93
1215	2022.04.07 12:20	t/p	502	0.28	1.08689	1.09114	1.08689	121.80	5150.73
1216	2022.04.11 09:30	sell	503	2.19	1.08789	1.08953	1.08379	0.00	5150.73
1217	2022.04.11 10:26	s/l	503	2.19	1.08953	1.08953	1.08379	-359.16	4791.57
1218	2022.04.13 09:30	sell	504	0.49	1.08275	1.08469	1.07790	0.00	4791.57
1219	2022.04.13 14:32	s/l	504	0.49	1.08469	1.08469	1.07790	-95.06	4696.51
1220	2022.04.13 15:00	sell	505	0.51	1.08313	1.08497	1.07853	0.00	4696.51
1221	2022.04.13 18:02	s/l	505	0.51	1.08497	1.08497	1.07853	-93.84	4602.67
1222	2022.04.19 16:15	sell	506	0.60	1.07876	1.08028	1.07496	0.00	4602.67
1223	2022.04.19 16:43	s/l	506	0.60	1.08028	1.08028	1.07496	-91.20	4511.47
1224	2022.04.19 16:43	buy	507	0.47	1.08029	1.07840	1.08502	0.00	4511.47
1225	2022.04.19 18:02	s/l	507	0.47	1.07840	1.07840	1.08502	-88.83	4422.64
1226	2022.04.20 11:30	buy	508	0.56	1.08193	1.08037	1.08583	0.00	4422.64
1227	2022.04.20 12:09	modify	508	0.56	1.08193	1.08203	1.08583	0.00	4422.64
1228	2022.04.20 12:38	t/p	508	0.56	1.08583	1.08203	1.08583	218.40	4641.04
1229	2022.04.21 08:15	buy	509	0.91	1.08450	1.08272	1.08895	0.00	4641.04
1230	2022.04.21 09:30	modify	509	0.91	1.08450	1.08460	1.08895	0.00	4641.04
1231	2022.04.21 09:41	t/p	509	0.91	1.08895	1.08460	1.08895	404.95	5045.99
1232	2022.05.03 08:00	sell	510	0.82	1.05017	1.05263	1.04402	0.00	5045.99
1233	2022.05.03 10:36	s/l	510	0.82	1.05263	1.05263	1.04402	-201.72	4844.27
1234	2022.05.04 15:30	buy	511	0.48	1.05412	1.05213	1.05910	0.00	4844.27
1235	2022.05.04 21:01	modify	511	0.48	1.05412	1.05422	1.05910	0.00	4844.27
1236	2022.05.04 21:10	s/l	511	0.48	1.05422	1.05422	1.05910	4.80	4849.07
1237	2022.05.18 15:15	buy	512	1.75	1.05222	1.05029	1.05705	0.00	4849.07
1238	2022.05.18 17:31	s/l	512	1.75	1.05029	1.05029	1.05705	-337.75	4511.32
1239	2022.05.26 10:45	buy	513	0.22	1.06934	1.06734	1.07434	0.00	4511.32
1240	2022.05.26 18:13	modify	513	0.22	1.06934	1.06944	1.07434	0.00	4511.32
1241	2022.05.27 04:33	t/p	513	0.22	1.07434	1.06944	1.07434	108.16	4619.49
1242	2022.06.01 16:45	sell	514	1.63	1.07130	1.07328	1.06635	0.00	4619.49
1243	2022.06.01 17:04	modify	514	1.63	1.07130	1.07120	1.06635	0.00	4619.49
1244	2022.06.01 17:18	t/p	514	1.63	1.06635	1.07120	1.06635	806.85	5426.34
1245	2022.06.08 11:45	sell	515	1.07	1.06769	1.06970	1.06267	0.00	5426.34
1246	2022.06.08 12:30	s/l	515	1.07	1.06970	1.06970	1.06267	-215.07	5211.27
1247	2022.06.21 09:45	buy	516	0.68	1.05279	1.05126	1.05662	0.00	5211.27
1248	2022.06.21 10:16	modify	516	0.68	1.05279	1.05289	1.05662	0.00	5211.27
1249	2022.06.21 11:19	t/p	516	0.68	1.05662	1.05289	1.05662	260.44	5471.71
1250	2022.06.22 16:00	buy	517	2.12	1.05310	1.05130	1.05760	0.00	5471.71
1251	2022.06.22 16:41	modify	517	2.12	1.05310	1.05320	1.05760	0.00	5471.71
1252	2022.06.22 17:37	t/p	517	2.12	1.05760	1.05320	1.05760	954.00	6425.71
1253	2022.06.27 10:00	buy	518	1.58	1.05686	1.05524	1.06091	0.00	6425.71
1254	2022.06.27 17:48	modify	518	1.58	1.05686	1.05696	1.06091	0.00	6425.71
1255	2022.06.27 18:15	t/p	518	1.58	1.06091	1.05696	1.06091	639.90	7065.61
1256	2022.06.28 11:30	buy	519	1.83	1.05880	1.05726	1.06265	0.00	7065.61
1257	2022.06.28 14:52	s/l	519	1.83	1.05726	1.05726	1.06265	-281.82	6783.79
1258	2022.07.13 10:00	sell	520	0.88	1.00335	1.00488	0.99953	0.00	6783.79
1259	2022.07.13 10:00	s/l	520	0.88	1.00488	1.00488	0.99953	-134.64	6649.15
1260	2022.07.19 08:15	buy	521	0.69	1.01413	1.01223	1.01888	0.00	6649.15
1261	2022.07.19 10:00	modify	521	0.69	1.01413	1.01423	1.01888	0.00	6649.15
1262	2022.07.19 10:29	t/p	521	0.69	1.01888	1.01423	1.01888	327.75	6976.90
1263	2022.08.01 09:45	buy	522	3.15	1.02270	1.02115	1.02658	0.00	6976.90
1264	2022.08.01 11:33	modify	522	3.15	1.02270	1.02280	1.02658	0.00	6976.90
1265	2022.08.01 11:41	t/p	522	3.15	1.02658	1.02280	1.02658	1222.20	8199.10
1266	2022.08.03 16:15	sell	523	1.66	1.01762	1.01959	1.01270	0.00	8199.10
1267	2022.08.03 17:01	modify	523	1.66	1.01762	1.01752	1.01270	0.00	8199.10
1268	2022.08.03 17:35	t/p	523	1.66	1.01270	1.01752	1.01270	816.72	9015.82
1269	2022.08.08 14:15	buy	524	1.70	1.01999	1.01788	1.02527	0.00	9015.82
1270	2022.08.09 11:30	modify	524	1.70	1.01999	1.02009	1.02527	0.00	9015.82
1271	2022.08.10 14:53	t/p	524	1.70	1.02527	1.02009	1.02527	869.23	9885.05
1272	2022.08.11 09:15	buy	525	1.26	1.02897	1.02741	1.03287	0.00	9885.05
1273	2022.08.11 09:58	modify	525	1.26	1.02897	1.02907	1.03287	0.00	9885.05
1274	2022.08.11 10:33	t/p	525	1.26	1.03287	1.02907	1.03287	491.40	10376.45
1275	2022.08.17 09:15	sell	526	2.69	1.01733	1.01887	1.01348	0.00	10376.45
1276	2022.08.17 10:20	modify	526	2.69	1.01733	1.01723	1.01348	0.00	10376.45
1277	2022.08.17 11:27	s/l	526	2.69	1.01723	1.01723	1.01348	26.90	10403.35
1278	2022.08.17 14:30	sell	527	2.11	1.01597	1.01794	1.01105	0.00	10403.35
1279	2022.08.17 17:04	s/l	527	2.11	1.01794	1.01794	1.01105	-415.67	9987.68
1280	2022.08.18 09:00	sell	528	0.61	1.01644	1.01806	1.01239	0.00	9987.68
1281	2022.08.18 13:09	s/l	528	0.61	1.01806	1.01806	1.01239	-98.82	9888.86
1282	2022.08.18 15:45	sell	529	0.42	1.01654	1.01889	1.01067	0.00	9888.86
1283	2022.08.18 16:45	modify	529	0.42	1.01654	1.01644	1.01067	0.00	9888.86
1284	2022.08.18 19:17	t/p	529	0.42	1.01067	1.01644	1.01067	246.54	10135.40
1285	2022.08.24 09:00	sell	530	3.83	0.99430	0.99615	0.98968	0.00	10135.40
1286	2022.08.24 15:45	modify	530	3.83	0.99430	0.99420	0.98968	0.00	10135.40
1287	2022.08.24 17:46	s/l	530	3.83	0.99420	0.99420	0.98968	38.30	10173.70
1288	2022.10.17 10:15	buy	531	2.26	0.97468	0.97288	0.97918	0.00	10173.70
1289	2022.10.17 11:32	s/l	531	2.26	0.97288	0.97288	0.97918	-406.80	9766.90
1290	2022.10.25 11:15	buy	532	0.87	0.98730	0.98507	0.99288	0.00	9766.90
1291	2022.10.25 14:05	s/l	532	0.87	0.98507	0.98507	0.99288	-194.01	9572.89
1292	2022.10.25 16:00	buy	533	0.92	0.98748	0.98542	0.99263	0.00	9572.89
1293	2022.10.25 16:16	modify	533	0.92	0.98748	0.98758	0.99263	0.00	9572.89
1294	2022.10.25 16:24	t/p	533	0.92	0.99263	0.98758	0.99263	473.80	10046.69
1295	2022.11.01 11:15	sell	534	3.11	0.99183	0.99409	0.98618	0.00	10046.69
1296	2022.11.01 12:26	s/l	534	3.11	0.99409	0.99409	0.98618	-702.86	9343.83
1297	2022.11.17 09:45	buy	535	0.49	1.03868	1.03681	1.04336	0.00	9343.83
1298	2022.11.17 11:34	s/l	535	0.49	1.03681	1.03681	1.04336	-91.63	9252.20
1299	2022.12.06 10:30	sell	536	0.82	1.04892	1.05116	1.04332	0.00	9252.20
1300	2022.12.06 13:20	s/l	536	0.82	1.05116	1.05116	1.04332	-183.68	9068.52
1301	2022.12.08 11:00	buy	537	0.55	1.05268	1.05104	1.05678	0.00	9068.52
1302	2022.12.08 11:20	s/l	537	0.55	1.05104	1.05104	1.05678	-90.20	8978.32
1303	2022.12.08 11:20	sell	538	0.47	1.05104	1.05294	1.04629	0.00	8978.32
1304	2022.12.08 15:36	s/l	538	0.47	1.05294	1.05294	1.04629	-89.30	8889.02
1305	2022.12.13 08:00	buy	539	1.01	1.05518	1.05342	1.05958	0.00	8889.02
1306	2022.12.13 10:49	s/l	539	1.01	1.05342	1.05342	1.05958	-177.76	8711.26
1307	2022.12.15 08:30	buy	540	0.56	1.06600	1.06447	1.06983	0.00	8711.26
1308	2022.12.15 09:44	s/l	540	0.56	1.06447	1.06447	1.06983	-85.68	8625.58
1309	2022.12.15 09:44	sell	541	0.47	1.06446	1.06629	1.05989	0.00	8625.58
1310	2022.12.15 11:00	modify	541	0.47	1.06446	1.06436	1.05989	0.00	8625.58
1311	2022.12.15 15:16	s/l	541	0.47	1.06436	1.06436	1.05989	4.70	8630.28
1312	2022.12.21 11:00	buy	542	0.86	1.06346	1.06147	1.06844	0.00	8630.28
1313	2022.12.21 11:37	s/l	542	0.86	1.06147	1.06147	1.06844	-171.14	8459.14
1314	2022.12.21 11:37	sell	543	0.70	1.06147	1.06387	1.05547	0.00	8459.14
1315	2022.12.21 15:09	s/l	543	0.70	1.06387	1.06387	1.05547	-168.00	8291.14
1316	2022.12.22 11:45	buy	544	0.55	1.06419	1.06269	1.06794	0.00	8291.14
1317	2022.12.22 13:00	s/l	544	0.55	1.06269	1.06269	1.06794	-82.50	8208.64
1318	2022.12.22 15:00	buy	545	0.36	1.06371	1.06147	1.06931	0.00	8208.64
1319	2022.12.22 15:34	s/l	545	0.36	1.06147	1.06147	1.06931	-80.64	8128.00
1320	2022.12.26 15:15	buy	546	1.02	1.06300	1.06141	1.06698	0.00	8128.00
1321	2022.12.27 04:01	modify	546	1.02	1.06300	1.06310	1.06698	0.00	8128.00
1322	2022.12.27 15:00	s/l	546	1.02	1.06310	1.06310	1.06698	1.69	8129.69
1323	2022.12.28 16:30	buy	547	2.54	1.06541	1.06317	1.07101	0.00	8129.69
1324	2022.12.28 17:36	s/l	547	2.54	1.06317	1.06317	1.07101	-568.96	7560.73
1325	2023.01.04 15:30	buy	548	0.72	1.06138	1.05929	1.06661	0.00	7560.73
1326	2023.01.04 17:04	s/l	548	0.72	1.05929	1.05929	1.06661	-150.48	7410.25
1327	2023.01.05 08:15	buy	549	0.37	1.06197	1.06001	1.06687	0.00	7410.25
1328	2023.01.05 09:44	s/l	549	0.37	1.06001	1.06001	1.06687	-72.52	7337.73
1329	2023.01.05 09:44	sell	550	0.46	1.06000	1.06157	1.05608	0.00	7337.73
1330	2023.01.05 10:02	s/l	550	0.46	1.06157	1.06157	1.05608	-72.22	7265.51
1331	2023.01.11 11:30	buy	551	0.62	1.07468	1.07235	1.08051	0.00	7265.51
1332	2023.01.12 15:28	modify	551	0.62	1.07468	1.07478	1.08051	0.00	7265.51
1333	2023.01.12 15:28	t/p	551	0.62	1.08051	1.07478	1.08051	345.94	7611.45
1334	2023.01.17 09:45	buy	552	3.33	1.08260	1.08100	1.08660	0.00	7611.45
1335	2023.01.17 12:28	s/l	552	3.33	1.08100	1.08100	1.08660	-532.80	7078.65
1336	2023.01.17 12:28	buy	553	41.29	1.08102	1.08090	1.08132	0.00	7078.65
1337	2023.01.17 12:30	modify	553	41.29	1.08102	1.08112	1.08132	0.00	7078.65
1338	2023.01.17 12:31	s/l	553	41.29	1.08112	1.08112	1.08132	412.90	7491.55
1339	2023.01.24 15:00	sell	554	0.80	1.08598	1.08784	1.08133	0.00	7491.55
1340	2023.01.24 15:26	s/l	554	0.80	1.08784	1.08784	1.08133	-148.80	7342.75
1341	2023.01.30 09:30	sell	555	0.97	1.08567	1.08718	1.08190	0.00	7342.75
1342	2023.01.30 10:00	s/l	555	0.97	1.08718	1.08718	1.08190	-146.47	7196.28
1343	2023.01.30 10:00	buy	556	0.69	1.08718	1.08511	1.09236	0.00	7196.28
1344	2023.01.30 11:49	modify	556	0.69	1.08718	1.08728	1.09236	0.00	7196.28
1345	2023.01.30 17:54	s/l	556	0.69	1.08728	1.08728	1.09236	6.90	7203.18
1346	2023.02.08 15:00	sell	557	0.82	1.07338	1.07513	1.06901	0.00	7203.18
1347	2023.02.09 10:23	s/l	557	0.82	1.07513	1.07513	1.06901	-137.26	7065.91
1348	2023.02.15 14:00	sell	558	0.92	1.07111	1.07263	1.06731	0.00	7065.91
1349	2023.02.15 15:30	modify	558	0.92	1.07111	1.07101	1.06731	0.00	7065.91
1350	2023.02.15 16:23	t/p	558	0.92	1.06731	1.07101	1.06731	349.60	7415.51
1351	2023.02.16 10:30	buy	559	1.38	1.07194	1.07007	1.07662	0.00	7415.51
1352	2023.02.16 10:54	s/l	559	1.38	1.07007	1.07007	1.07662	-258.06	7157.45
1353	2023.02.20 15:45	buy	560	0.83	1.06855	1.06684	1.07283	0.00	7157.45
1354	2023.02.21 03:13	s/l	560	0.83	1.06684	1.06684	1.07283	-148.86	7008.60
1355	2023.02.21 16:00	sell	561	0.74	1.06529	1.06716	1.06062	0.00	7008.60
1356	2023.02.21 16:35	s/l	561	0.74	1.06716	1.06716	1.06062	-138.38	6870.22
1357	2023.02.21 16:35	buy	562	0.62	1.06717	1.06497	1.07267	0.00	6870.22
1358	2023.02.21 16:45	s/l	562	0.62	1.06497	1.06497	1.07267	-136.40	6733.82
1359	2023.02.23 09:30	sell	563	0.39	1.06124	1.06296	1.05694	0.00	6733.82
1360	2023.02.23 13:22	modify	563	0.39	1.06124	1.06114	1.05694	0.00	6733.82
1361	2023.02.23 14:29	s/l	563	0.39	1.06114	1.06114	1.05694	3.90	6737.72
1362	2023.03.09 16:00	buy	564	0.99	1.05744	1.05506	1.06339	0.00	6737.72
1363	2023.03.10 15:30	modify	564	0.99	1.05744	1.05754	1.06339	0.00	6737.72
1364	2023.03.10 15:42	t/p	564	0.99	1.06339	1.05754	1.06339	580.79	7318.51
1365	2023.03.14 11:45	buy	565	1.67	1.07069	1.06894	1.07507	0.00	7318.51
1366	2023.03.14 14:30	modify	565	1.67	1.07069	1.07079	1.07507	0.00	7318.51
1367	2023.03.14 14:35	s/l	565	1.67	1.07079	1.07079	1.07507	16.70	7335.21
1368	2023.03.16 11:30	sell	566	0.71	1.06092	1.06296	1.05582	0.00	7335.21
1369	2023.03.16 14:43	modify	566	0.71	1.06092	1.06082	1.05582	0.00	7335.21
1370	2023.03.16 15:15	s/l	566	0.71	1.06082	1.06082	1.05582	7.10	7342.31
1371	2023.03.27 10:30	sell	567	1.32	1.07620	1.07842	1.07065	0.00	7342.31
1372	2023.03.27 16:24	s/l	567	1.32	1.07842	1.07842	1.07065	-293.04	7049.27
1373	2023.03.29 16:00	buy	568	0.83	1.08539	1.08370	1.08962	0.00	7049.27
1374	2023.03.29 16:23	s/l	568	0.83	1.08370	1.08370	1.08962	-140.27	6909.00
1375	2023.04.04 09:30	buy	569	0.73	1.08998	1.08810	1.09468	0.00	6909.00
1376	2023.04.04 10:52	modify	569	0.73	1.08998	1.09008	1.09468	0.00	6909.00
1377	2023.04.04 14:59	s/l	569	0.73	1.09008	1.09008	1.09468	7.30	6916.30
1378	2023.04.05 15:30	buy	570	2.91	1.09522	1.09356	1.09937	0.00	6916.30
1379	2023.04.05 17:10	s/l	570	2.91	1.09356	1.09356	1.09937	-483.06	6433.24
1380	2023.04.10 14:30	sell	571	0.72	1.08936	1.09114	1.08491	0.00	6433.24
1381	2023.04.10 15:09	modify	571	0.72	1.08936	1.08926	1.08491	0.00	6433.24
1382	2023.04.10 15:59	t/p	571	0.72	1.08491	1.08926	1.08491	320.40	6753.64
1383	2023.04.11 10:15	buy	572	2.88	1.08954	1.08790	1.09364	0.00	6753.64
1384	2023.04.11 12:32	modify	572	2.88	1.08954	1.08964	1.09364	0.00	6753.64
1385	2023.04.11 20:12	s/l	572	2.88	1.08964	1.08964	1.09364	28.80	6782.44
1386	2023.04.19 10:45	sell	573	1.65	1.09581	1.09745	1.09171	0.00	6782.44
1387	2023.04.19 12:32	modify	573	1.65	1.09581	1.09571	1.09171	0.00	6782.44
1388	2023.04.19 16:07	s/l	573	1.65	1.09571	1.09571	1.09171	16.50	6798.94
1389	2023.05.02 11:00	sell	574	1.19	1.09858	1.10086	1.09288	0.00	6798.94
1390	2023.05.02 12:58	modify	574	1.19	1.09858	1.09848	1.09288	0.00	6798.94
1391	2023.05.02 17:35	s/l	574	1.19	1.09848	1.09848	1.09288	11.90	6810.84
1392	2023.05.10 11:00	sell	575	1.36	1.09646	1.09845	1.09149	0.00	6810.84
1393	2023.05.10 15:31	s/l	575	1.36	1.09845	1.09845	1.09149	-270.64	6540.20
1394	2023.05.16 16:45	buy	576	0.81	1.08878	1.08717	1.09281	0.00	6540.20
1395	2023.05.16 17:04	s/l	576	0.81	1.08717	1.08717	1.09281	-130.41	6409.79
1396	2023.05.22 09:30	buy	577	0.80	1.08212	1.08053	1.08610	0.00	6409.79
1397	2023.05.22 10:13	s/l	577	0.80	1.08053	1.08053	1.08610	-127.20	6282.59
1398	2023.05.22 10:13	sell	578	0.60	1.08053	1.08262	1.07531	0.00	6282.59
1399	2023.05.22 13:26	s/l	578	0.60	1.08262	1.08262	1.07531	-125.40	6157.19
1400	2023.05.24 16:45	sell	579	0.64	1.07770	1.07961	1.07293	0.00	6157.19
1401	2023.05.25 00:03	modify	579	0.64	1.07770	1.07760	1.07293	0.00	6157.19
1402	2023.05.25 09:08	t/p	579	0.64	1.07293	1.07760	1.07293	310.15	6467.34
1403	2023.06.01 10:30	sell	580	1.38	1.06724	1.06887	1.06317	0.00	6467.34
1404	2023.06.01 12:03	s/l	580	1.38	1.06887	1.06887	1.06317	-224.94	6242.40
1405	2023.06.15 11:00	buy	581	0.30	1.08272	1.08065	1.08790	0.00	6242.40
1406	2023.06.15 15:30	modify	581	0.30	1.08272	1.08282	1.08790	0.00	6242.40
1407	2023.06.15 15:41	t/p	581	0.30	1.08790	1.08282	1.08790	155.40	6397.80
1408	2023.06.21 16:00	buy	582	2.35	1.09252	1.09062	1.09727	0.00	6397.80
1409	2023.06.21 17:35	modify	582	2.35	1.09252	1.09262	1.09727	0.00	6397.80
1410	2023.06.21 19:51	t/p	582	2.35	1.09727	1.09262	1.09727	1116.25	7514.05
1411	2023.07.06 16:30	buy	583	0.64	1.08860	1.08626	1.09445	0.00	7514.05
1412	2023.07.06 17:06	s/l	583	0.64	1.08626	1.08626	1.09445	-149.76	7364.29
1413	2023.07.19 09:15	sell	584	0.75	1.12182	1.12377	1.11695	0.00	7364.29
1414	2023.07.19 12:18	s/l	584	0.75	1.12377	1.12377	1.11695	-146.25	7218.04
1415	2023.07.20 10:45	sell	585	0.34	1.12018	1.12230	1.11488	0.00	7218.04
1416	2023.07.20 17:09	modify	585	0.34	1.12018	1.12008	1.11488	0.00	7218.04
1417	2023.07.20 17:30	t/p	585	0.34	1.11488	1.12008	1.11488	180.20	7398.24
1418	2023.07.24 10:30	sell	586	2.07	1.11241	1.11490	1.10619	0.00	7398.24
1419	2023.07.24 10:32	modify	586	2.07	1.11241	1.11231	1.10619	0.00	7398.24
1420	2023.07.24 22:41	t/p	586	2.07	1.10619	1.11231	1.10619	1287.54	8685.78
1421	2023.07.27 10:15	buy	587	0.85	1.11082	1.10878	1.11592	0.00	8685.78
1422	2023.07.27 11:56	modify	587	0.85	1.11082	1.11092	1.11592	0.00	8685.78
1423	2023.07.27 15:17	s/l	587	0.85	1.11092	1.11092	1.11592	8.50	8694.28
1424	2023.08.02 09:15	sell	588	2.17	1.09833	1.09993	1.09433	0.00	8694.28
1425	2023.08.02 15:40	modify	588	2.17	1.09833	1.09823	1.09433	0.00	8694.28
1426	2023.08.02 17:09	t/p	588	2.17	1.09433	1.09823	1.09433	868.00	9562.28
1427	2023.08.03 15:30	sell	589	0.83	1.09279	1.09508	1.08707	0.00	9562.28
1428	2023.08.03 15:41	s/l	589	0.83	1.09508	1.09508	1.08707	-190.07	9372.21
1429	2023.08.29 10:30	buy	590	1.05	1.08241	1.08064	1.08684	0.00	9372.21
1430	2023.08.29 12:07	s/l	590	1.05	1.08064	1.08064	1.08684	-185.85	9186.36
1431	2023.09.12 16:00	sell	591	1.16	1.07073	1.07231	1.06678	0.00	9186.36
1432	2023.09.12 18:08	s/l	591	1.16	1.07231	1.07231	1.06678	-183.28	9003.08
1433	2023.09.20 16:15	buy	592	0.93	1.07094	1.06902	1.07574	0.00	9003.08
1434	2023.09.20 21:01	s/l	592	0.93	1.06902	1.06902	1.07574	-178.56	8824.52
1435	2023.09.25 15:00	sell	593	1.16	1.06305	1.06456	1.05928	0.00	8824.52
1436	2023.09.25 16:31	modify	593	1.16	1.06305	1.06295	1.05928	0.00	8824.52
1437	2023.09.25 17:07	t/p	593	1.16	1.05928	1.06295	1.05928	437.32	9261.84
1438	2023.10.10 11:15	buy	594	2.59	1.05824	1.05574	1.06449	0.00	9261.84
1439	2023.10.10 19:03	modify	594	2.59	1.05824	1.05834	1.06449	0.00	9261.84
1440	2023.10.11 15:30	s/l	594	2.59	1.05834	1.05834	1.06449	4.29	9266.13
1441	2023.11.02 10:45	buy	595	1.06	1.06065	1.05891	1.06500	0.00	9266.13
1442	2023.11.02 12:41	modify	595	1.06	1.06065	1.06075	1.06500	0.00	9266.13
1443	2023.11.02 14:14	t/p	595	1.06	1.06500	1.06075	1.06500	461.10	9727.23
1444	2023.11.21 16:15	buy	596	2.17	1.09548	1.09369	1.09996	0.00	9727.23
1445	2023.11.21 17:53	s/l	596	2.17	1.09369	1.09369	1.09996	-388.43	9338.80
1446	2023.11.22 10:30	sell	597	0.88	1.09005	1.09216	1.08478	0.00	9338.80
1447	2023.11.22 17:00	modify	597	0.88	1.09005	1.08995	1.08478	0.00	9338.80
1448	2023.11.23 04:12	s/l	597	0.88	1.08995	1.08995	1.08478	15.50	9354.29
1449	2023.11.28 15:30	buy	598	3.92	1.09600	1.09433	1.10018	0.00	9354.29
1450	2023.11.28 17:04	modify	598	3.92	1.09600	1.09610	1.10018	0.00	9354.29
1451	2023.11.28 17:43	t/p	598	3.92	1.10018	1.09610	1.10018	1638.56	10992.85
1452	2023.12.04 15:45	sell	599	2.69	1.08617	1.08780	1.08210	0.00	10992.85
1453	2023.12.04 16:12	modify	599	2.69	1.08617	1.08607	1.08210	0.00	10992.85
1454	2023.12.04 16:20	t/p	599	2.69	1.08210	1.08607	1.08210	1094.83	12087.68
1455	2024.01.08 10:15	sell	600	2.64	1.09323	1.09506	1.08866	0.00	12087.68
1456	2024.01.08 13:21	s/l	600	2.64	1.09506	1.09506	1.08866	-483.12	11604.56
1457	2024.01.09 11:15	sell	601	1.50	1.09385	1.09539	1.09000	0.00	11604.56
1458	2024.01.09 18:03	modify	601	1.50	1.09385	1.09375	1.09000	0.00	11604.56
1459	2024.01.09 19:27	s/l	601	1.50	1.09375	1.09375	1.09000	15.00	11619.56
1460	2024.01.15 15:15	sell	602	5.31	1.09459	1.09612	1.09077	0.00	11619.56
1461	2024.01.16 02:55	modify	602	5.31	1.09459	1.09449	1.09077	0.00	11619.56
1462	2024.01.16 10:32	t/p	602	5.31	1.09077	1.09449	1.09077	2041.89	13661.45
1463	2024.01.18 11:30	buy	603	1.40	1.08942	1.08747	1.09430	0.00	13661.45
1464	2024.01.18 14:58	s/l	603	1.40	1.08747	1.08747	1.09430	-273.00	13388.45
1465	2024.01.24 11:15	buy	604	1.11	1.08847	1.08606	1.09450	0.00	13388.45
1466	2024.01.24 15:50	modify	604	1.11	1.08847	1.08857	1.09450	0.00	13388.45
1467	2024.01.24 21:19	s/l	604	1.11	1.08857	1.08857	1.09450	11.10	13399.55
1468	2024.02.29 16:15	buy	605	2.40	1.08463	1.08268	1.08951	0.00	13399.55
1469	2024.02.29 17:52	s/l	605	2.40	1.08268	1.08268	1.08951	-468.00	12931.55
1470	2024.04.17 16:15	buy	606	1.65	1.06450	1.06294	1.06840	0.00	12931.55
1471	2024.04.17 20:58	modify	606	1.65	1.06450	1.06460	1.06840	0.00	12931.55
1472	2024.04.18 09:04	t/p	606	1.65	1.06840	1.06460	1.06840	602.20	13533.75
1473	2024.05.29 16:15	sell	607	5.01	1.08387	1.08576	1.07915	0.00	13533.75
1474	2024.05.29 18:31	modify	607	5.01	1.08387	1.08377	1.07915	0.00	13533.75
1475	2024.05.30 08:23	t/p	607	5.01	1.07915	1.08377	1.07915	2402.84	15936.58
1476	2024.07.08 09:45	buy	608	3.98	1.08286	1.08126	1.08686	0.00	15936.58
1477	2024.07.09 14:39	s/l	608	3.98	1.08126	1.08126	1.08686	-670.01	15266.57
1478	2024.07.25 16:30	sell	609	0.92	1.08402	1.08567	1.07990	0.00	15266.57
1479	2024.07.25 17:50	s/l	609	0.92	1.08567	1.08567	1.07990	-151.80	15114.77
1480	2024.07.31 15:30	buy	610	1.73	1.08404	1.08230	1.08839	0.00	15114.77
1481	2024.07.31 17:47	s/l	610	1.73	1.08230	1.08230	1.08839	-301.02	14813.75
1482	2024.08.01 16:15	sell	611	0.69	1.07890	1.08102	1.07360	0.00	14813.75
1483	2024.08.01 17:00	s/l	611	0.69	1.08102	1.08102	1.07360	-146.28	14667.47
1484	2024.08.22 11:15	buy	612	0.71	1.11458	1.11253	1.11971	0.00	14667.47
1485	2024.08.22 16:45	s/l	612	0.71	1.11253	1.11253	1.11971	-145.55	14521.92
1486	2024.08.22 16:45	sell	613	0.69	1.11224	1.11433	1.10702	0.00	14521.92
1487	2024.08.23 17:04	s/l	613	0.69	1.11433	1.11433	1.10702	-142.46	14379.46
1488	2024.08.28 11:30	sell	614	1.67	1.11438	1.11610	1.11008	0.00	14379.46
1489	2024.08.28 14:57	modify	614	1.67	1.11438	1.11428	1.11008	0.00	14379.46
1490	2024.08.29 11:04	t/p	614	1.67	1.11008	1.11428	1.11008	730.81	15110.27
1491	2024.09.24 15:15	buy	615	6.11	1.11373	1.11200	1.11806	0.00	15110.27
1492	2024.09.24 17:28	modify	615	6.11	1.11373	1.11383	1.11806	0.00	15110.27
1493	2024.09.24 23:56	t/p	615	6.11	1.11806	1.11383	1.11806	2645.63	17755.90
1494	2024.09.26 16:15	sell	616	1.53	1.11409	1.11640	1.10832	0.00	17755.90
1495	2024.09.26 17:43	s/l	616	1.53	1.11640	1.11640	1.10832	-353.43	17402.47
1496	2024.10.24 16:15	buy	617	1.11	1.08021	1.07865	1.08411	0.00	17402.47
1497	2024.10.24 21:50	modify	617	1.11	1.08021	1.08031	1.08411	0.00	17402.47
1498	2024.10.25 19:50	s/l	617	1.11	1.08031	1.08031	1.08411	1.84	17404.31
1499	2024.10.30 15:45	buy	618	5.66	1.08308	1.08093	1.08846	0.00	17404.31
1500	2024.10.30 17:44	modify	618	5.66	1.08308	1.08318	1.08846	0.00	17404.31
1501	2024.10.31 14:41	t/p	618	5.66	1.08846	1.08318	1.08846	2903.40	20307.70
1502	2024.10.31 16:30	buy	619	1.84	1.08715	1.08495	1.09265	0.00	20307.70
1503	2024.10.31 17:51	s/l	619	1.84	1.08495	1.08495	1.09265	-404.80	19902.90
1504	2024.11.13 16:30	sell	620	1.92	1.06206	1.06413	1.05689	0.00	19902.90
1505	2024.11.13 16:52	modify	620	1.92	1.06206	1.06196	1.05689	0.00	19902.90
1506	2024.11.13 17:06	t/p	620	1.92	1.05689	1.06196	1.05689	992.64	20895.54
1507	2024.11.18 15:30	buy	621	8.17	1.05572	1.05393	1.06020	0.00	20895.54
1508	2024.11.18 18:58	modify	621	8.17	1.05572	1.05582	1.06020	0.00	20895.54
1509	2024.11.18 21:06	t/p	621	8.17	1.06020	1.05582	1.06020	3660.16	24555.70
1510	2024.11.21 16:15	sell	622	2.97	1.05245	1.05410	1.04833	0.00	24555.70
1511	2024.11.21 17:08	s/l	622	2.97	1.05410	1.05410	1.04833	-490.05	24065.65
1512	2024.11.26 10:00	sell	623	3.10	1.04719	1.04874	1.04332	0.00	24065.65
1513	2024.11.26 10:21	s/l	623	3.10	1.04874	1.04874	1.04332	-480.50	23585.15
1514	2024.11.28 16:45	buy	624	1.56	1.05445	1.05294	1.05823	0.00	23585.15
1515	2024.11.29 02:36	modify	624	1.56	1.05445	1.05455	1.05823	0.00	23585.15
1516	2024.11.29 09:00	t/p	624	1.56	1.05823	1.05455	1.05823	576.66	24161.82
1517	2024.12.02 09:15	sell	625	7.79	1.05174	1.05391	1.04632	0.00	24161.82
1518	2024.12.02 16:42	modify	625	7.79	1.05174	1.05164	1.04632	0.00	24161.82
1519	2024.12.02 17:02	t/p	625	7.79	1.04632	1.05164	1.04632	4222.18	28384.00
1520	2024.12.03 16:00	buy	626	7.42	1.05244	1.05091	1.05627	0.00	28384.00
1521	2024.12.03 17:00	s/l	626	7.42	1.05091	1.05091	1.05627	-1135.26	27248.74
1522	2024.12.04 10:45	sell	627	2.89	1.04980	1.05168	1.04510	0.00	27248.74
1523	2024.12.04 17:00	s/l	627	2.89	1.05168	1.05168	1.04510	-543.32	26705.42
1524	2024.12.05 11:45	buy	628	1.76	1.05342	1.05191	1.05720	0.00	26705.42
1525	2024.12.05 15:30	modify	628	1.76	1.05342	1.05352	1.05720	0.00	26705.42
1526	2024.12.05 16:00	t/p	628	1.76	1.05720	1.05352	1.05720	665.28	27370.70
1527	2025.01.02 11:45	sell	629	5.84	1.03557	1.03721	1.03147	0.00	27370.70
1528	2025.01.02 12:48	modify	629	5.84	1.03557	1.03547	1.03147	0.00	27370.70
1529	2025.01.02 12:49	t/p	629	5.84	1.03147	1.03547	1.03147	2394.40	29765.10
1530	2025.01.14 16:30	buy	630	5.00	1.02652	1.02414	1.03247	0.00	29765.10
1531	2025.01.14 18:16	modify	630	5.00	1.02652	1.02662	1.03247	0.00	29765.10
1532	2025.01.15 15:30	t/p	630	5.00	1.03247	1.02662	1.03247	2933.28	32698.38
1533	2025.01.27 09:45	buy	631	7.10	1.04703	1.04519	1.05163	0.00	32698.38
1534	2025.01.27 12:05	modify	631	7.10	1.04703	1.04713	1.05163	0.00	32698.38
1535	2025.01.27 13:13	t/p	631	7.10	1.05163	1.04713	1.05163	3266.00	35964.38
1536	2025.01.30 11:15	sell	632	4.41	1.04097	1.04260	1.03690	0.00	35964.38
1537	2025.01.30 15:53	s/l	632	4.41	1.04260	1.04260	1.03690	-718.83	35245.55
1538	2025.02.04 15:15	buy	633	4.57	1.03361	1.03207	1.03746	0.00	35245.55
1539	2025.02.04 16:18	modify	633	4.57	1.03361	1.03371	1.03746	0.00	35245.55
1540	2025.02.04 17:00	t/p	633	4.57	1.03746	1.03371	1.03746	1759.45	37005.00
1541	2025.02.10 14:00	sell	634	16.60	1.03204	1.03360	1.02814	0.00	37005.00
1542	2025.02.11 04:34	modify	634	16.60	1.03204	1.03194	1.02814	0.00	37005.00
1543	2025.02.11 10:57	s/l	634	16.60	1.03194	1.03194	1.02814	208.10	37213.10
1544	2025.02.26 10:30	buy	635	7.55	1.05093	1.04896	1.05586	0.00	37213.10
1545	2025.02.26 13:50	s/l	635	7.55	1.04896	1.04896	1.05586	-1487.35	35725.75
1546	2025.03.12 16:45	buy	636	3.00	1.09028	1.08790	1.09623	0.00	35725.75
1547	2025.03.13 08:07	s/l	636	3.00	1.08790	1.08790	1.09623	-789.10	34936.65
1548	2025.03.13 09:45	sell	637	1.40	1.08621	1.08870	1.07999	0.00	34936.65
1549	2025.03.13 15:12	modify	637	1.40	1.08621	1.08611	1.07999	0.00	34936.65
1550	2025.03.13 16:03	s/l	637	1.40	1.08611	1.08611	1.07999	14.00	34950.65
1551	2025.03.17 15:00	buy	638	14.91	1.09018	1.08854	1.09428	0.00	34950.65
1552	2025.03.17 17:25	modify	638	14.91	1.09018	1.09028	1.09428	0.00	34950.65
1553	2025.03.18 10:11	t/p	638	14.91	1.09428	1.09028	1.09428	5988.69	40939.34
1554	2025.03.19 15:00	sell	639	9.57	1.09014	1.09185	1.08587	0.00	40939.34
1555	2025.03.19 17:58	modify	639	9.57	1.09014	1.09004	1.08587	0.00	40939.34
1556	2025.03.19 20:36	s/l	639	9.57	1.09004	1.09004	1.08587	95.70	41035.04
1557	2025.03.24 14:00	sell	640	8.63	1.08320	1.08510	1.07845	0.00	41035.04
1558	2025.03.24 15:51	modify	640	8.63	1.08320	1.08310	1.07845	0.00	41035.04
1559	2025.03.24 18:41	t/p	640	8.63	1.07845	1.08310	1.07845	4099.25	45134.29
1560	2025.03.25 16:15	sell	641	8.02	1.08051	1.08276	1.07489	0.00	45134.29
1561	2025.03.26 15:29	modify	641	8.02	1.08051	1.08041	1.07489	0.00	45134.29
1562	2025.03.26 21:17	t/p	641	8.02	1.07489	1.08041	1.07489	4527.58	49661.87
1563	2025.03.27 15:45	buy	642	4.66	1.07959	1.07746	1.08492	0.00	49661.87
1564	2025.03.28 11:03	s/l	642	4.66	1.07746	1.07746	1.08492	-1031.46	48630.41
1565	2025.03.31 14:15	buy	643	5.40	1.08255	1.08075	1.08705	0.00	48630.41
1566	2025.03.31 15:42	s/l	643	5.40	1.08075	1.08075	1.08705	-972.00	47658.41
1567	2025.04.17 10:45	buy	644	2.48	1.13697	1.13505	1.14177	0.00	47658.41
1568	2025.04.17 15:16	s/l	644	2.48	1.13505	1.13505	1.14177	-476.16	47182.25
1569	2025.04.17 15:16	sell	645	2.25	1.13502	1.13711	1.12980	0.00	47182.25
1570	2025.04.17 16:05	s/l	645	2.25	1.13711	1.13711	1.12980	-470.25	46712.00
1571	2025.04.29 10:45	buy	646	4.57	1.14052	1.13848	1.14562	0.00	46712.00
1572	2025.04.29 11:13	s/l	646	4.57	1.13848	1.13848	1.14562	-932.28	45779.72
1573	2025.04.29 15:30	buy	647	4.92	1.13862	1.13676	1.14327	0.00	45779.72
1574	2025.04.29 16:18	modify	647	4.92	1.13862	1.13872	1.14327	0.00	45779.72
1575	2025.04.29 17:47	s/l	647	4.92	1.13872	1.13872	1.14327	49.20	45828.92
1576	2025.04.30 10:30	sell	648	15.13	1.13797	1.14009	1.13267	0.00	45828.92
1577	2025.04.30 18:21	modify	648	15.13	1.13797	1.13787	1.13267	0.00	45828.92
1578	2025.04.30 18:30	t/p	648	15.13	1.13267	1.13787	1.13267	8018.90	53847.82
1579	2025.05.01 15:00	sell	649	4.72	1.13197	1.13425	1.12627	0.00	53847.82
1580	2025.05.01 17:20	modify	649	4.72	1.13197	1.13187	1.12627	0.00	53847.82
1581	2025.05.02 09:10	s/l	649	4.72	1.13187	1.13187	1.12627	59.17	53906.99
1582	2025.05.14 09:30	buy	650	12.75	1.11946	1.11777	1.12369	0.00	53906.99
1583	2025.05.14 11:03	modify	650	12.75	1.11946	1.11956	1.12369	0.00	53906.99
1584	2025.05.14 11:07	t/p	650	12.75	1.12369	1.11956	1.12369	5393.25	59300.24
1585	2025.05.15 09:30	buy	651	4.82	1.12077	1.11831	1.12692	0.00	59300.24
1586	2025.05.15 14:34	s/l	651	4.82	1.11831	1.11831	1.12692	-1185.72	58114.52
1587	2025.05.22 15:45	sell	652	2.44	1.12926	1.13164	1.12331	0.00	58114.52
1588	2025.05.22 20:28	modify	652	2.44	1.12926	1.12916	1.12331	0.00	58114.52
1589	2025.05.23 03:24	s/l	652	2.44	1.12916	1.12916	1.12331	30.59	58145.10
1590	2025.05.27 09:15	buy	653	17.77	1.13874	1.13645	1.14447	0.00	58145.10
1591	2025.05.27 09:59	s/l	653	17.77	1.13645	1.13645	1.14447	-4069.33	54075.77
1592	2025.05.28 14:00	sell	654	6.43	1.13254	1.13422	1.12834	0.00	54075.77
1593	2025.05.28 16:11	modify	654	6.43	1.13254	1.13244	1.12834	0.00	54075.77
1594	2025.05.29 02:10	t/p	654	6.43	1.12834	1.13244	1.12834	2749.52	56825.29
1595	2025.06.05 10:15	buy	655	13.08	1.14189	1.14037	1.14569	0.00	56825.29
1596	2025.06.05 15:30	modify	655	13.08	1.14189	1.14199	1.14569	0.00	56825.29
1597	2025.06.05 15:50	s/l	655	13.08	1.14199	1.14199	1.14569	130.80	56956.09
1598	2025.06.10 10:00	sell	656	10.26	1.13940	1.14162	1.13385	0.00	56956.09
1599	2025.06.10 12:41	s/l	656	10.26	1.14162	1.14162	1.13385	-2277.72	54678.37
1600	2025.06.16 08:15	buy	657	6.79	1.15458	1.15297	1.15861	0.00	54678.37
1601	2025.06.16 09:51	modify	657	6.79	1.15458	1.15468	1.15861	0.00	54678.37
1602	2025.06.16 16:00	t/p	657	6.79	1.15861	1.15468	1.15861	2736.37	57414.74
1603	2025.06.18 11:30	sell	658	25.92	1.15033	1.15188	1.14646	0.00	57414.74
1604	2025.06.18 17:04	s/l	658	25.92	1.15188	1.15188	1.14646	-4017.60	53397.14
1605	2025.07.09 10:45	sell	659	5.31	1.17098	1.17299	1.16596	0.00	53397.14
1606	2025.07.10 02:39	s/l	659	5.31	1.17299	1.17299	1.16596	-1026.91	52370.23
1607	2025.07.17 09:15	sell	660	2.74	1.16080	1.16271	1.15603	0.00	52370.23
1608	2025.07.17 09:30	modify	660	2.74	1.16080	1.16070	1.15603	0.00	52370.23
1609	2025.07.17 15:30	t/p	660	2.74	1.15603	1.16070	1.15603	1306.98	53677.21
1610	2025.07.22 16:45	buy	661	16.55	1.16990	1.16763	1.17558	0.00	53677.21
1611	2025.07.22 18:16	modify	661	16.55	1.16990	1.17000	1.17558	0.00	53677.21
1612	2025.07.22 19:07	t/p	661	16.55	1.17558	1.17000	1.17558	9400.40	63077.61
1613	2025.08.21 16:45	sell	662	7.00	1.16334	1.16514	1.15884	0.00	63077.61
1614	2025.08.21 17:45	modify	662	7.00	1.16334	1.16324	1.15884	0.00	63077.61
1615	2025.08.22 07:21	t/p	662	7.00	1.15884	1.16324	1.15884	3167.75	66245.36
1616	2025.08.26 09:15	sell	663	16.45	1.16297	1.16458	1.15895	0.00	66245.36
1617	2025.08.26 10:12	modify	663	16.45	1.16297	1.16287	1.15895	0.00	66245.36
1618	2025.08.26 12:12	s/l	663	16.45	1.16287	1.16287	1.15895	164.50	66409.86
1619	2025.09.03 15:45	sell	664	17.59	1.16452	1.16603	1.16075	0.00	66409.86
1620	2025.09.03 17:00	s/l	664	17.59	1.16603	1.16603	1.16075	-2656.09	63753.77
1621	2025.09.29 15:00	buy	665	5.71	1.17293	1.17070	1.17851	0.00	63753.77
1622	2025.10.01 08:00	modify	665	5.71	1.17293	1.17303	1.17851	0.00	63753.77
1623	2025.10.01 13:02	s/l	665	5.71	1.17303	1.17303	1.17851	-38.19	63715.59
1624	2025.10.01 15:15	sell	666	6.74	1.17234	1.17423	1.16762	0.00	63715.59
1625	2025.10.01 15:15	s/l	666	6.74	1.17423	1.17423	1.16762	-1273.86	62441.73
1626	2025.10.01 15:15	buy	667	5.94	1.17423	1.17213	1.17948	0.00	62441.73
1627	2025.10.01 18:20	s/l	667	5.94	1.17213	1.17213	1.17948	-1247.40	61194.33
1628	2025.10.02 10:15	buy	668	3.13	1.17516	1.17321	1.18004	0.00	61194.33
1629	2025.10.02 16:39	s/l	668	3.13	1.17321	1.17321	1.18004	-610.35	60583.98
1630	2025.10.02 16:39	sell	669	4.48	1.17321	1.17456	1.16984	0.00	60583.98
1631	2025.10.02 17:11	modify	669	4.48	1.17321	1.17311	1.16984	0.00	60583.98
1632	2025.10.02 18:15	t/p	669	4.48	1.16984	1.17311	1.16984	1509.76	62093.74
1633	2025.10.09 09:15	sell	670	3.58	1.16299	1.16472	1.15867	0.00	62093.74
1634	2025.10.09 11:35	modify	670	3.58	1.16299	1.16289	1.15867	0.00	62093.74
1635	2025.10.09 17:22	t/p	670	3.58	1.15867	1.16289	1.15867	1546.56	63640.30
1636	2025.10.14 09:30	sell	671	21.73	1.15710	1.15915	1.15198	0.00	63640.30
1637	2025.10.14 17:40	s/l	671	21.73	1.15915	1.15915	1.15198	-4454.65	59185.65
1638	2025.10.15 16:45	buy	672	6.26	1.16272	1.16083	1.16745	0.00	59185.65
1639	2025.10.16 03:27	modify	672	6.26	1.16272	1.16282	1.16745	0.00	59185.65
1640	2025.10.16 04:51	t/p	672	6.26	1.16745	1.16282	1.16745	2804.28	61989.92
1641	2025.10.27 10:45	buy	673	27.12	1.16315	1.16155	1.16715	0.00	61989.92
1642	2025.10.28 02:20	modify	673	27.12	1.16315	1.16325	1.16715	0.00	61989.92
1643	2025.10.28 15:07	s/l	673	27.12	1.16325	1.16325	1.16715	44.91	62034.84
1644	2025.10.28 16:30	buy	674	10.38	1.16557	1.16318	1.17155	0.00	62034.84
1645	2025.10.29 06:55	s/l	674	10.38	1.16318	1.16318	1.17155	-2567.43	59467.40
1646	2025.10.29 06:55	sell	675	30.11	1.16318	1.16397	1.16121	0.00	59467.40
1647	2025.10.29 11:11	modify	675	30.11	1.16318	1.16308	1.16121	0.00	59467.40
1648	2025.10.29 11:32	s/l	675	30.11	1.16308	1.16308	1.16121	301.10	59768.50
1649	2025.11.10 09:45	buy	676	6.25	1.15705	1.15514	1.16183	0.00	59768.50
1650	2025.11.10 17:41	s/l	676	6.25	1.15514	1.15514	1.16183	-1193.75	58574.75
1651	2025.11.19 15:45	sell	677	6.43	1.15749	1.15931	1.15294	0.00	58574.75
1652	2025.11.19 17:10	modify	677	6.43	1.15749	1.15739	1.15294	0.00	58574.75
1653	2025.11.19 19:26	t/p	677	6.43	1.15294	1.15739	1.15294	2925.65	61500.40
1654	2025.12.01 09:30	buy	678	22.65	1.16082	1.15892	1.16557	0.00	61500.40
1655	2025.12.01 14:37	modify	678	22.65	1.16082	1.16092	1.16557	0.00	61500.40
1656	2025.12.01 21:11	s/l	678	22.65	1.16092	1.16092	1.16557	226.50	61726.90
1657	2025.12.16 16:00	buy	679	11.81	1.17758	1.17549	1.18281	0.00	61726.90
1658	2025.12.16 20:07	s/l	679	11.81	1.17549	1.17549	1.18281	-2468.29	59258.61
1659	2025.12.24 11:00	buy	680	5.41	1.17995	1.17776	1.18543	0.00	59258.61
1660	2025.12.24 16:55	s/l	680	5.41	1.17776	1.17776	1.18543	-1184.79	58073.82
1661	2026.01.12 15:15	buy	681	6.91	1.16925	1.16757	1.17345	0.00	58073.82
1662	2026.01.12 16:29	s/l	681	6.91	1.16757	1.16757	1.17345	-1160.88	56912.94
1663	2026.01.12 16:29	sell	682	4.58	1.16757	1.17005	1.16137	0.00	56912.94
1664	2026.01.13 18:14	modify	682	4.58	1.16757	1.16747	1.16137	0.00	56912.94
1665	2026.01.15 15:30	t/p	682	4.58	1.16137	1.16747	1.16137	2897.67	59810.62
1666	2026.01.19 09:15	buy	683	6.95	1.16400	1.16228	1.16830	0.00	59810.62
1667	2026.01.19 10:07	s/l	683	6.95	1.16228	1.16228	1.16830	-1195.40	58615.22
1668	2026.01.19 10:07	sell	684	6.10	1.16228	1.16420	1.15748	0.00	58615.22
1669	2026.01.19 16:49	s/l	684	6.10	1.16420	1.16420	1.15748	-1171.20	57444.02
1670	2026.01.29 15:00	buy	685	3.12	1.19613	1.19429	1.20073	0.00	57444.02
1671	2026.01.29 15:49	s/l	685	3.12	1.19429	1.19429	1.20073	-574.08	56869.94
1672	2026.02.04 16:15	sell	686	5.68	1.18076	1.18276	1.17576	0.00	56869.94
1673	2026.02.05 23:02	modify	686	5.68	1.18076	1.18066	1.17576	0.00	56869.94
1674	2026.02.06 15:49	s/l	686	5.68	1.18066	1.18066	1.17576	114.42	56984.36
1675	2026.02.18 16:00	sell	687	16.28	1.18236	1.18481	1.17624	0.00	56984.36
1676	2026.02.18 20:47	modify	687	16.28	1.18236	1.18226	1.17624	0.00	56984.36
1677	2026.02.19 15:04	t/p	687	16.28	1.17624	1.18226	1.17624	10087.22	67071.58
1678	2026.02.25 16:00	sell	688	14.27	1.17734	1.17922	1.17264	0.00	67071.58
1679	2026.02.25 17:07	s/l	688	14.27	1.17922	1.17922	1.17264	-2682.76	64388.82
1680	2026.03.17 09:15	buy	689	8.04	1.14885	1.14725	1.15285	0.00	64388.82
1681	2026.03.17 10:48	modify	689	8.04	1.14885	1.14895	1.15285	0.00	64388.82
1682	2026.03.17 15:00	t/p	689	8.04	1.15285	1.14895	1.15285	3216.00	67604.82
