1	2010.01.19 09:15	sell	1	1.01	1.43931	1.44128	1.43439	0.00	10000.00
2	2010.01.19 10:45	modify	1	1.01	1.43931	1.43921	1.43439	0.00	10000.00
3	2010.01.19 11:00	t/p	1	1.01	1.43439	1.43921	1.43439	496.92	10496.92
4	2010.02.15 14:00	sell	2	4.05	1.36095	1.36276	1.35643	0.00	10496.92
5	2010.02.15 16:47	close	2	2.03	1.35823	1.36276	1.35643	552.16	11049.08
6	2010.02.15 16:47	sell	3	2.02	1.36095	1.36276	1.35643	0.00	11049.08
7	2010.02.15 16:47	modify	3	2.02	1.36095	1.36085	0.00000	0.00	11049.08
8	2010.02.15 16:47	modify	3	2.02	1.36095	1.35920	0.00000	0.00	11049.08
9	2010.02.15 16:52	s/l	3	2.02	1.35920	1.35920	0.00000	353.50	11402.58
10	2010.02.16 11:30	buy	4	1.95	1.36601	1.36368	1.37184	0.00	11402.58
11	2010.02.16 13:38	s/l	4	1.95	1.36368	1.36368	1.37184	-454.35	10948.23
12	2010.03.08 15:00	buy	5	1.21	1.36653	1.36473	1.37103	0.00	10948.23
13	2010.03.08 16:32	s/l	5	1.21	1.36473	1.36473	1.37103	-217.80	10730.43
14	2010.03.10 08:00	sell	6	1.00	1.35826	1.36040	1.35291	0.00	10730.43
15	2010.03.10 09:00	modify	6	1.00	1.35826	1.35816	1.35291	0.00	10730.43
16	2010.03.10 10:14	s/l	6	1.00	1.35816	1.35816	1.35291	10.00	10740.43
17	2010.03.10 15:00	buy	7	3.38	1.36154	1.35932	1.36709	0.00	10740.43
18	2010.03.10 16:52	close	7	1.69	1.36487	1.35932	1.36709	562.77	11303.20
19	2010.03.10 16:52	buy	8	1.69	1.36154	1.35932	1.36709	0.00	11303.20
20	2010.03.10 16:52	modify	8	1.69	1.36154	1.36164	0.00000	0.00	11303.20
21	2010.03.10 16:52	modify	8	1.69	1.36154	1.36392	0.00000	0.00	11303.20
22	2010.03.10 16:59	modify	8	1.69	1.36154	1.36530	0.00000	0.00	11303.20
23	2010.03.10 17:38	s/l	8	1.69	1.36530	1.36530	0.00000	635.44	11938.64
24	2010.03.11 09:30	buy	9	1.23	1.36425	1.36232	1.36908	0.00	11938.64
25	2010.03.11 14:30	modify	9	1.23	1.36425	1.36435	1.36908	0.00	11938.64
26	2010.03.11 14:44	s/l	9	1.23	1.36435	1.36435	1.36908	12.30	11950.94
27	2010.03.16 08:00	sell	10	2.68	1.36831	1.37009	1.36386	0.00	11950.94
28	2010.03.16 11:00	s/l	10	2.68	1.37009	1.37009	1.36386	-477.04	11473.90
29	2010.04.05 08:00	sell	11	1.18	1.34992	1.35186	1.34507	0.00	11473.90
30	2010.04.05 08:34	modify	11	1.18	1.34992	1.34982	1.34507	0.00	11473.90
31	2010.04.05 15:14	s/l	11	1.18	1.34982	1.34982	1.34507	11.80	11485.70
32	2010.06.30 09:45	sell	12	3.99	1.22160	1.22361	1.21658	0.00	11485.70
33	2010.06.30 11:17	s/l	12	3.99	1.22361	1.22361	1.21658	-801.99	10683.71
34	2010.08.18 09:45	sell	13	1.03	1.28290	1.28497	1.27773	0.00	10683.71
35	2010.08.18 09:51	s/l	13	1.03	1.28497	1.28497	1.27773	-213.21	10470.50
36	2010.08.30 08:15	buy	14	1.06	1.27451	1.27254	1.27944	0.00	10470.50
37	2010.08.30 08:58	s/l	14	1.06	1.27254	1.27254	1.27944	-208.82	10261.68
38	2010.08.30 08:58	sell	15	0.90	1.27253	1.27481	1.26683	0.00	10261.68
39	2010.08.30 14:20	modify	15	0.90	1.27253	1.27243	1.26683	0.00	10261.68
40	2010.08.30 18:29	t/p	15	0.90	1.26683	1.27243	1.26683	513.00	10774.68
41	2010.09.01 10:00	buy	16	1.01	1.27200	1.26987	1.27733	0.00	10774.68
42	2010.09.01 10:44	modify	16	1.01	1.27200	1.27210	1.27733	0.00	10774.68
43	2010.09.01 11:27	t/p	16	1.01	1.27733	1.27210	1.27733	538.33	11313.01
44	2010.09.06 15:00	buy	17	3.88	1.28850	1.28646	1.29360	0.00	11313.01
45	2010.09.07 01:04	s/l	17	3.88	1.28646	1.28646	1.29360	-823.89	10489.12
46	2010.09.20 08:45	buy	18	1.03	1.30852	1.30650	1.31357	0.00	10489.12
47	2010.09.20 09:35	modify	18	1.03	1.30852	1.30862	1.31357	0.00	10489.12
48	2010.09.20 13:57	s/l	18	1.03	1.30862	1.30862	1.31357	10.30	10499.42
49	2010.12.22 08:30	sell	19	3.86	1.31303	1.31493	1.30828	0.00	10499.42
50	2010.12.22 10:43	s/l	19	3.86	1.31493	1.31493	1.30828	-733.40	9766.02
51	2010.12.27 15:00	buy	20	0.85	1.31514	1.31285	1.32087	0.00	9766.02
52	2010.12.27 19:01	s/l	20	0.85	1.31285	1.31285	1.32087	-194.65	9571.37
53	2010.12.29 11:30	sell	21	0.80	1.31229	1.31468	1.30632	0.00	9571.37
54	2010.12.29 17:33	s/l	21	0.80	1.31468	1.31468	1.30632	-191.20	9380.17
55	2011.02.09 09:30	buy	22	0.77	1.36507	1.36265	1.37112	0.00	9380.17
56	2011.02.09 11:48	s/l	22	0.77	1.36265	1.36265	1.37112	-186.34	9193.83
57	2011.03.08 08:30	buy	23	0.88	1.39830	1.39622	1.40350	0.00	9193.83
58	2011.03.08 08:39	s/l	23	0.88	1.39622	1.39622	1.40350	-183.04	9010.79
59	2011.03.08 08:39	sell	24	0.78	1.39622	1.39851	1.39050	0.00	9010.79
60	2011.03.08 09:34	modify	24	0.78	1.39622	1.39612	1.39050	0.00	9010.79
61	2011.03.08 13:23	t/p	24	0.78	1.39050	1.39612	1.39050	446.16	9456.95
62	2011.03.23 10:15	sell	25	0.83	1.41753	1.41980	1.41186	0.00	9456.95
63	2011.03.23 11:15	s/l	25	0.83	1.41980	1.41980	1.41186	-188.41	9268.54
64	2011.03.23 11:15	buy	26	0.77	1.41980	1.41740	1.42580	0.00	9268.54
65	2011.03.23 12:16	s/l	26	0.77	1.41740	1.41740	1.42580	-184.80	9083.74
66	2011.03.30 08:15	sell	27	1.07	1.40821	1.40990	1.40399	0.00	9083.74
67	2011.03.30 10:08	s/l	27	1.07	1.40990	1.40990	1.40399	-180.83	8902.91
68	2011.04.05 08:15	sell	28	1.17	1.41931	1.42083	1.41551	0.00	8902.91
69	2011.04.05 08:30	modify	28	1.17	1.41931	1.41921	1.41551	0.00	8902.91
70	2011.04.05 09:18	s/l	28	1.17	1.41921	1.41921	1.41551	11.70	8914.61
71	2011.04.12 08:15	sell	29	3.80	1.43919	1.44083	1.43509	0.00	8914.61
72	2011.04.12 09:11	s/l	29	3.80	1.44083	1.44083	1.43509	-623.20	8291.41
73	2011.08.22 08:30	sell	30	1.06	1.43580	1.43735	1.43193	0.00	8291.41
74	2011.08.22 09:07	s/l	30	1.06	1.43735	1.43735	1.43193	-164.30	8127.11
75	2011.08.24 08:15	buy	31	0.70	1.44161	1.43930	1.44739	0.00	8127.11
76	2011.08.24 10:00	s/l	31	0.70	1.43930	1.43930	1.44739	-161.70	7965.41
77	2011.09.08 10:30	sell	32	0.40	1.40645	1.40843	1.40150	0.00	7965.41
78	2011.09.08 12:49	modify	32	0.40	1.40645	1.40635	1.40150	0.00	7965.41
79	2011.09.08 13:35	t/p	32	0.40	1.40150	1.40635	1.40150	198.00	8163.41
80	2011.12.08 08:15	buy	33	1.63	1.34176	1.34001	1.34614	0.00	8163.41
81	2011.12.08 10:05	s/l	33	1.63	1.34001	1.34001	1.34614	-285.25	7878.16
82	2011.12.19 08:45	sell	34	0.80	1.30068	1.30264	1.29578	0.00	7878.16
83	2011.12.19 09:07	s/l	34	0.80	1.30264	1.30264	1.29578	-156.80	7721.36
84	2011.12.19 15:15	sell	35	0.73	1.30218	1.30428	1.29693	0.00	7721.36
85	2011.12.19 21:54	modify	35	0.73	1.30218	1.30208	1.29693	0.00	7721.36
86	2011.12.20 09:35	s/l	35	0.73	1.30208	1.30208	1.29693	9.15	7730.51
87	2012.03.07 08:00	sell	36	3.46	1.31391	1.31547	1.31001	0.00	7730.51
88	2012.03.07 11:22	s/l	36	3.46	1.31547	1.31547	1.31001	-539.76	7190.75
89	2012.03.08 09:00	buy	37	0.46	1.31786	1.31631	1.32174	0.00	7190.75
90	2012.03.08 10:31	modify	37	0.46	1.31786	1.31796	1.32174	0.00	7190.75
91	2012.03.08 10:36	t/p	37	0.46	1.32174	1.31796	1.32174	178.48	7369.23
92	2012.03.29 08:15	buy	38	1.24	1.33281	1.33074	1.33799	0.00	7369.23
93	2012.03.29 11:06	s/l	38	1.24	1.33074	1.33074	1.33799	-256.68	7112.55
94	2012.04.03 08:15	buy	39	0.72	1.33466	1.33269	1.33959	0.00	7112.55
95	2012.04.03 13:16	s/l	39	0.72	1.33269	1.33269	1.33959	-141.84	6970.71
96	2012.04.09 15:15	sell	40	0.70	1.30563	1.30761	1.30068	0.00	6970.71
97	2012.04.09 16:31	s/l	40	0.70	1.30761	1.30761	1.30068	-138.60	6832.11
98	2012.04.09 16:31	buy	41	0.66	1.30761	1.30554	1.31279	0.00	6832.11
99	2012.04.09 18:33	modify	41	0.66	1.30761	1.30771	1.31279	0.00	6832.11
100	2012.04.09 18:59	t/p	41	0.66	1.31279	1.30771	1.31279	341.88	7173.99
101	2012.04.12 10:45	buy	42	0.28	1.31315	1.31066	1.31938	0.00	7173.99
102	2012.04.12 11:09	s/l	42	0.28	1.31066	1.31066	1.31938	-69.72	7104.27
103	2012.04.17 09:15	buy	43	0.64	1.31100	1.30879	1.31653	0.00	7104.27
104	2012.04.17 09:55	modify	43	0.64	1.31100	1.31110	1.31653	0.00	7104.27
105	2012.04.17 11:00	t/p	43	0.64	1.31653	1.31110	1.31653	353.92	7458.19
106	2012.04.18 14:45	sell	44	2.55	1.30804	1.31008	1.30294	0.00	7458.19
107	2012.04.18 16:35	s/l	44	2.55	1.31008	1.31008	1.30294	-520.20	6937.99
108	2012.04.19 11:30	buy	45	0.37	1.31388	1.31203	1.31851	0.00	6937.99
109	2012.04.19 12:23	s/l	45	0.37	1.31203	1.31203	1.31851	-68.45	6869.54
110	2012.04.26 15:30	buy	46	0.31	1.32181	1.31963	1.32726	0.00	6869.54
111	2012.04.26 16:16	modify	46	0.31	1.32181	1.32191	1.32726	0.00	6869.54
112	2012.04.26 23:00	s/l	46	0.31	1.32191	1.32191	1.32726	3.10	6872.64
113	2012.05.10 10:15	sell	47	0.99	1.29446	1.29688	1.28841	0.00	6872.64
114	2012.05.10 15:12	s/l	47	0.99	1.29688	1.29688	1.28841	-239.58	6633.06
115	2012.05.17 08:45	sell	48	0.30	1.27264	1.27480	1.26724	0.00	6633.06
116	2012.05.17 12:19	modify	48	0.30	1.27264	1.27254	1.26724	0.00	6633.06
117	2012.05.17 13:26	t/p	48	0.30	1.26724	1.27254	1.26724	162.00	6795.06
118	2012.05.22 09:15	buy	49	3.08	1.27961	1.27807	1.28346	0.00	6795.06
119	2012.05.22 10:43	s/l	49	3.08	1.27807	1.27807	1.28346	-474.32	6320.74
120	2012.05.29 11:45	sell	50	0.54	1.25401	1.25635	1.24816	0.00	6320.74
121	2012.05.29 17:36	modify	50	0.54	1.25401	1.25391	1.24816	0.00	6320.74
122	2012.05.29 17:45	t/p	50	0.54	1.24816	1.25391	1.24816	315.90	6636.64
123	2012.06.19 08:30	sell	51	2.37	1.25960	1.26156	1.25470	0.00	6636.64
124	2012.06.19 09:16	s/l	51	2.37	1.26156	1.26156	1.25470	-464.52	6172.12
125	2012.06.26 09:00	sell	52	0.53	1.25010	1.25240	1.24435	0.00	6172.12
126	2012.06.26 09:39	s/l	52	0.53	1.25240	1.25240	1.24435	-121.90	6050.22
127	2012.06.27 08:45	sell	53	0.78	1.24880	1.25035	1.24493	0.00	6050.22
128	2012.06.27 15:09	modify	53	0.78	1.24880	1.24870	1.24493	0.00	6050.22
129	2012.06.27 17:18	t/p	53	0.78	1.24493	1.24870	1.24493	301.86	6352.08
130	2012.07.11 10:15	sell	54	2.85	1.22620	1.22776	1.22230	0.00	6352.08
131	2012.07.11 10:41	s/l	54	2.85	1.22776	1.22776	1.22230	-444.60	5907.48
132	2012.07.16 09:30	buy	55	0.64	1.22370	1.22188	1.22825	0.00	5907.48
133	2012.07.16 10:45	s/l	55	0.64	1.22188	1.22188	1.22825	-116.48	5791.00
134	2012.07.18 09:15	buy	56	0.71	1.22915	1.22754	1.23318	0.00	5791.00
135	2012.07.18 10:09	s/l	56	0.71	1.22754	1.22754	1.23318	-114.31	5676.69
136	2012.07.18 10:09	sell	57	0.54	1.22753	1.22960	1.22236	0.00	5676.69
137	2012.07.18 11:40	modify	57	0.54	1.22753	1.22743	1.22236	0.00	5676.69
138	2012.07.18 13:02	t/p	57	0.54	1.22236	1.22743	1.22236	279.18	5955.87
139	2012.07.31 09:45	buy	58	0.59	1.22778	1.22579	1.23276	0.00	5955.87
140	2012.07.31 10:05	s/l	58	0.59	1.22579	1.22579	1.23276	-117.41	5838.46
141	2012.07.31 11:00	sell	59	0.56	1.22571	1.22777	1.22056	0.00	5838.46
142	2012.07.31 11:56	s/l	59	0.56	1.22777	1.22777	1.22056	-115.36	5723.10
143	2012.08.08 11:30	sell	60	0.51	1.23711	1.23933	1.23156	0.00	5723.10
144	2012.08.08 14:13	modify	60	0.51	1.23711	1.23701	1.23156	0.00	5723.10
145	2012.08.08 17:12	s/l	60	0.51	1.23701	1.23701	1.23156	5.10	5728.20
146	2012.08.09 09:15	sell	61	0.81	1.23620	1.23866	1.23005	0.00	5728.20
147	2012.08.09 12:03	modify	61	0.81	1.23620	1.23610	1.23005	0.00	5728.20
148	2012.08.09 13:24	t/p	61	0.81	1.23005	1.23610	1.23005	498.15	6226.35
149	2012.08.13 09:45	sell	62	1.32	1.22776	1.22964	1.22306	0.00	6226.35
150	2012.08.13 11:00	s/l	62	1.32	1.22964	1.22964	1.22306	-248.16	5978.19
151	2012.08.13 11:00	buy	63	1.62	1.22964	1.22817	1.23332	0.00	5978.19
152	2012.08.13 11:20	modify	63	1.62	1.22964	1.22974	1.23332	0.00	5978.19
153	2012.08.13 12:58	t/p	63	1.62	1.23332	1.22974	1.23332	596.16	6574.35
154	2012.08.15 11:45	sell	64	0.78	1.23236	1.23403	1.22819	0.00	6574.35
155	2012.08.15 12:09	modify	64	0.78	1.23236	1.23226	1.22819	0.00	6574.35
156	2012.08.15 12:20	t/p	64	0.78	1.22819	1.23226	1.22819	325.26	6899.61
157	2012.08.20 08:15	buy	65	2.28	1.23483	1.23272	1.24011	0.00	6899.61
158	2012.08.20 12:02	s/l	65	2.28	1.23272	1.23272	1.24011	-481.08	6418.53
159	2012.08.28 08:15	sell	66	0.79	1.24795	1.24957	1.24390	0.00	6418.53
160	2012.08.28 09:49	s/l	66	0.79	1.24957	1.24957	1.24390	-127.98	6290.55
161	2012.09.03 09:15	buy	67	0.65	1.25800	1.25609	1.26278	0.00	6290.55
162	2012.09.03 17:16	modify	67	0.65	1.25800	1.25810	1.26278	0.00	6290.55
163	2012.09.04 01:07	s/l	67	0.65	1.25810	1.25810	1.26278	1.08	6291.62
164	2012.10.02 08:30	buy	68	2.70	1.29130	1.28967	1.29538	0.00	6291.62
165	2012.10.02 08:58	s/l	68	2.70	1.28967	1.28967	1.29538	-440.10	5851.52
166	2012.10.03 08:15	sell	69	0.60	1.28867	1.29059	1.28387	0.00	5851.52
167	2012.10.03 09:41	s/l	69	0.60	1.29059	1.29059	1.28387	-115.20	5736.32
168	2012.10.11 08:00	sell	70	0.27	1.28581	1.28788	1.28064	0.00	5736.32
169	2012.10.11 10:10	s/l	70	0.27	1.28788	1.28788	1.28064	-55.89	5680.43
170	2012.10.15 08:15	sell	71	0.68	1.29007	1.29174	1.28590	0.00	5680.43
171	2012.10.15 08:51	s/l	71	0.68	1.29174	1.29174	1.28590	-113.56	5566.87
172	2012.10.15 08:51	buy	72	0.47	1.29174	1.28939	1.29762	0.00	5566.87
173	2012.10.15 09:47	modify	72	0.47	1.29174	1.29184	1.29762	0.00	5566.87
174	2012.10.15 13:05	t/p	72	0.47	1.29762	1.29184	1.29762	276.36	5843.23
175	2012.10.18 10:45	buy	73	0.28	1.31033	1.30827	1.31548	0.00	5843.23
176	2012.10.18 16:17	s/l	73	0.28	1.30827	1.30827	1.31548	-57.68	5785.55
177	2012.10.22 09:15	sell	74	0.51	1.30396	1.30619	1.29839	0.00	5785.55
178	2012.10.22 12:13	s/l	74	0.51	1.30619	1.30619	1.29839	-113.73	5671.82
179	2012.10.22 12:13	buy	75	0.74	1.30619	1.30466	1.31002	0.00	5671.82
180	2012.10.22 15:15	s/l	75	0.74	1.30466	1.30466	1.31002	-113.22	5558.60
181	2012.10.25 11:30	buy	76	0.29	1.30147	1.29960	1.30615	0.00	5558.60
182	2012.10.25 12:50	s/l	76	0.29	1.29960	1.29960	1.30615	-54.23	5504.37
183	2012.10.25 12:50	sell	77	0.28	1.29960	1.30154	1.29475	0.00	5504.37
184	2012.10.25 15:55	modify	77	0.28	1.29960	1.29950	1.29475	0.00	5504.37
185	2012.10.25 17:25	t/p	77	0.28	1.29475	1.29950	1.29475	135.80	5640.17
186	2012.11.01 08:15	sell	78	0.28	1.29467	1.29662	1.28980	0.00	5640.17
187	2012.11.01 13:32	s/l	78	0.28	1.29662	1.29662	1.28980	-54.60	5585.57
188	2012.11.06 16:15	sell	79	0.71	1.27995	1.28151	1.27605	0.00	5585.57
189	2012.11.06 17:37	s/l	79	0.71	1.28151	1.28151	1.27605	-110.76	5474.81
190	2012.11.14 08:45	buy	80	0.58	1.27217	1.27029	1.27687	0.00	5474.81
191	2012.11.14 10:52	modify	80	0.58	1.27217	1.27227	1.27687	0.00	5474.81
192	2012.11.14 20:00	t/p	80	0.58	1.27687	1.27227	1.27687	272.60	5747.41
193	2012.11.28 10:30	sell	81	1.91	1.29182	1.29392	1.28657	0.00	5747.41
194	2012.11.28 14:19	close	81	0.96	1.28866	1.29392	1.28657	303.36	6050.77
195	2012.11.28 14:19	sell	82	0.95	1.29182	1.29392	1.28657	0.00	6050.77
196	2012.11.28 14:19	modify	82	0.95	1.29182	1.29172	0.00000	0.00	6050.77
197	2012.11.28 14:19	modify	82	0.95	1.29182	1.28963	0.00000	0.00	6050.77
198	2012.11.28 14:59	s/l	82	0.95	1.28963	1.28963	0.00000	208.05	6258.82
199	2012.11.29 09:00	buy	83	0.55	1.29636	1.29409	1.30204	0.00	6258.82
200	2012.11.29 13:47	modify	83	0.55	1.29636	1.29646	1.30204	0.00	6258.82
201	2012.11.29 17:41	s/l	83	0.55	1.29646	1.29646	1.30204	5.50	6264.32
202	2012.12.11 10:30	buy	84	1.13	1.29587	1.29366	1.30140	0.00	6264.32
203	2012.12.11 12:50	modify	84	1.13	1.29587	1.29597	1.30140	0.00	6264.32
204	2012.12.11 19:41	t/p	84	1.13	1.30140	1.29597	1.30140	624.89	6889.21
205	2013.01.09 10:30	sell	85	1.55	1.30796	1.30973	1.30354	0.00	6889.21
206	2013.01.09 12:42	modify	85	1.55	1.30796	1.30786	1.30354	0.00	6889.21
207	2013.01.09 17:56	s/l	85	1.55	1.30786	1.30786	1.30354	15.50	6904.71
208	2013.01.17 08:45	sell	86	0.63	1.32862	1.33081	1.32315	0.00	6904.71
209	2013.01.17 09:03	s/l	86	0.63	1.33081	1.33081	1.32315	-137.97	6766.74
210	2013.01.21 08:45	sell	87	0.85	1.33176	1.33335	1.32779	0.00	6766.74
211	2013.01.22 05:00	s/l	87	0.85	1.33335	1.33335	1.32779	-132.99	6633.75
212	2013.01.29 09:45	buy	88	0.59	1.34542	1.34319	1.35100	0.00	6633.75
213	2013.01.29 11:46	s/l	88	0.59	1.34319	1.34319	1.35100	-131.57	6502.18
214	2013.02.12 08:45	sell	89	0.59	1.33733	1.33953	1.33183	0.00	6502.18
215	2013.02.12 10:01	s/l	89	0.59	1.33953	1.33953	1.33183	-129.80	6372.38
216	2013.02.18 08:15	sell	90	0.69	1.33366	1.33549	1.32909	0.00	6372.38
217	2013.02.18 10:22	s/l	90	0.69	1.33549	1.33549	1.32909	-126.27	6246.11
218	2013.02.19 11:00	sell	91	0.72	1.33427	1.33600	1.32995	0.00	6246.11
219	2013.02.19 11:00	s/l	91	0.72	1.33600	1.33600	1.32995	-124.56	6121.55
220	2013.02.19 11:00	buy	92	0.64	1.33600	1.33411	1.34073	0.00	6121.55
221	2013.02.19 11:19	s/l	92	0.64	1.33411	1.33411	1.34073	-120.96	6000.59
222	2013.03.05 09:00	buy	93	0.52	1.30469	1.30240	1.31042	0.00	6000.59
223	2013.03.05 11:44	s/l	93	0.52	1.30240	1.30240	1.31042	-119.08	5881.51
224	2013.03.11 09:30	sell	94	0.72	1.30037	1.30199	1.29632	0.00	5881.51
225	2013.03.11 18:03	s/l	94	0.72	1.30199	1.30199	1.29632	-116.64	5764.87
226	2013.03.19 08:30	sell	95	0.56	1.29425	1.29630	1.28913	0.00	5764.87
227	2013.03.19 16:37	modify	95	0.56	1.29425	1.29415	1.28913	0.00	5764.87
228	2013.03.19 16:57	t/p	95	0.56	1.28913	1.29415	1.28913	286.72	6051.59
229	2013.03.28 09:45	sell	96	1.02	1.27897	1.28103	1.27382	0.00	6051.59
230	2013.03.28 09:58	modify	96	1.02	1.27897	1.27887	1.27382	0.00	6051.59
231	2013.03.28 11:18	s/l	96	1.02	1.27887	1.27887	1.27382	10.20	6061.79
232	2013.04.03 14:00	buy	97	1.06	1.28289	1.28061	1.28859	0.00	6061.79
233	2013.04.03 16:15	modify	97	1.06	1.28289	1.28299	1.28859	0.00	6061.79
234	2013.04.04 07:05	s/l	97	1.06	1.28299	1.28299	1.28859	-15.93	6045.85
235	2013.04.04 07:05	sell	98	0.55	1.28298	1.28515	1.27756	0.00	6045.85
236	2013.04.04 10:00	modify	98	0.55	1.28298	1.28288	1.27756	0.00	6045.85
237	2013.04.04 14:32	s/l	98	0.55	1.28288	1.28288	1.27756	5.50	6051.35
238	2013.04.15 10:00	sell	99	0.59	1.30742	1.30946	1.30232	0.00	6051.35
239	2013.04.15 14:18	s/l	99	0.59	1.30946	1.30946	1.30232	-120.36	5930.99
240	2013.04.22 08:15	sell	100	0.70	1.30575	1.30743	1.30155	0.00	5930.99
241	2013.04.22 09:04	s/l	100	0.70	1.30743	1.30743	1.30155	-117.60	5813.39
242	2013.04.22 09:30	sell	101	0.52	1.30554	1.30774	1.30004	0.00	5813.39
243	2013.04.22 14:54	modify	101	0.52	1.30554	1.30544	1.30004	0.00	5813.39
244	2013.04.22 18:40	s/l	101	0.52	1.30544	1.30544	1.30004	5.20	5818.59
245	2013.04.24 14:30	sell	102	1.91	1.29957	1.30170	1.29425	0.00	5818.59
246	2013.04.24 19:05	s/l	102	1.91	1.30170	1.30170	1.29425	-406.83	5411.76
247	2013.04.25 10:15	buy	103	0.30	1.30423	1.30246	1.30866	0.00	5411.76
248	2013.04.25 11:00	modify	103	0.30	1.30423	1.30433	1.30866	0.00	5411.76
249	2013.04.25 14:15	t/p	103	0.30	1.30866	1.30433	1.30866	132.90	5544.66
250	2013.04.29 08:15	buy	104	2.26	1.30577	1.30406	1.31005	0.00	5544.66
251	2013.04.29 09:24	close	104	1.13	1.30837	1.30406	1.31005	293.80	5838.46
252	2013.04.29 09:24	buy	105	1.13	1.30577	1.30406	1.31005	0.00	5838.46
253	2013.04.29 09:24	modify	105	1.13	1.30577	1.30587	0.00000	0.00	5838.46
254	2013.04.29 09:24	modify	105	1.13	1.30577	1.30741	0.00000	0.00	5838.46
255	2013.04.29 09:40	modify	105	1.13	1.30577	1.30806	0.00000	0.00	5838.46
256	2013.04.29 11:33	s/l	105	1.13	1.30806	1.30806	0.00000	258.77	6097.23
257	2013.04.30 15:15	buy	106	1.19	1.30853	1.30649	1.31363	0.00	6097.23
258	2013.04.30 15:35	modify	106	1.19	1.30853	1.30863	1.31363	0.00	6097.23
259	2013.04.30 15:40	t/p	106	1.19	1.31363	1.30863	1.31363	606.90	6704.13
260	2013.05.02 10:15	buy	107	0.67	1.31676	1.31478	1.32171	0.00	6704.13
261	2013.05.02 13:45	s/l	107	0.67	1.31478	1.31478	1.32171	-132.66	6571.47
262	2013.05.06 10:45	sell	108	0.85	1.31067	1.31220	1.30685	0.00	6571.47
263	2013.05.06 16:24	modify	108	0.85	1.31067	1.31057	1.30685	0.00	6571.47
264	2013.05.06 16:26	t/p	108	0.85	1.30685	1.31057	1.30685	324.70	6896.17
265	2013.05.14 09:15	buy	109	3.01	1.30125	1.29965	1.30525	0.00	6896.17
266	2013.05.14 09:30	s/l	109	3.01	1.29965	1.29965	1.30525	-481.60	6414.57
267	2013.05.14 11:00	sell	110	0.75	1.29949	1.30120	1.29522	0.00	6414.57
268	2013.05.14 11:10	s/l	110	0.75	1.30120	1.30120	1.29522	-128.25	6286.32
269	2013.05.21 11:30	buy	111	0.53	1.28856	1.28622	1.29441	0.00	6286.32
270	2013.05.21 12:23	s/l	111	0.53	1.28622	1.28622	1.29441	-124.02	6162.30
271	2013.05.21 16:00	sell	112	0.82	1.28596	1.28746	1.28221	0.00	6162.30
272	2013.05.21 17:11	s/l	112	0.82	1.28746	1.28746	1.28221	-123.00	6039.30
273	2013.05.22 09:00	buy	113	0.78	1.29166	1.29013	1.29549	0.00	6039.30
274	2013.05.22 09:45	modify	113	0.78	1.29166	1.29176	1.29549	0.00	6039.30
275	2013.05.22 14:21	s/l	113	0.78	1.29176	1.29176	1.29549	7.80	6047.10
276	2013.05.28 11:15	sell	114	2.53	1.28973	1.29140	1.28556	0.00	6047.10
277	2013.05.28 11:26	s/l	114	2.53	1.29140	1.29140	1.28556	-422.51	5624.59
278	2013.06.12 15:45	buy	115	0.56	1.32857	1.32659	1.33352	0.00	5624.59
279	2013.06.12 17:00	modify	115	0.56	1.32857	1.32867	1.33352	0.00	5624.59
280	2013.06.12 17:47	t/p	115	0.56	1.33352	1.32867	1.33352	277.20	5901.79
281	2013.06.25 10:15	sell	116	2.14	1.31269	1.31462	1.30787	0.00	5901.79
282	2013.06.25 14:35	close	116	1.07	1.30979	1.31462	1.30787	310.30	6212.09
283	2013.06.25 14:35	sell	117	1.07	1.31269	1.31462	1.30787	0.00	6212.09
284	2013.06.25 14:35	modify	117	1.07	1.31269	1.31259	0.00000	0.00	6212.09
285	2013.06.25 14:35	modify	117	1.07	1.31269	1.31077	0.00000	0.00	6212.09
286	2013.06.25 14:37	modify	117	1.07	1.31269	1.30983	0.00000	0.00	6212.09
287	2013.06.25 14:40	s/l	117	1.07	1.30983	1.30983	0.00000	306.02	6518.11
288	2013.07.04 09:15	sell	118	0.65	1.29863	1.30062	1.29366	0.00	6518.11
289	2013.07.04 11:56	s/l	118	0.65	1.30062	1.30062	1.29366	-129.35	6388.76
290	2013.07.04 11:56	buy	119	0.87	1.30062	1.29916	1.30427	0.00	6388.76
291	2013.07.04 13:43	s/l	119	0.87	1.29916	1.29916	1.30427	-127.02	6261.74
292	2013.07.10 14:15	sell	120	0.72	1.28125	1.28298	1.27693	0.00	6261.74
293	2013.07.10 15:58	s/l	120	0.72	1.28298	1.28298	1.27693	-124.56	6137.18
294	2013.07.23 16:15	buy	121	0.79	1.31936	1.31781	1.32324	0.00	6137.18
295	2013.07.23 16:41	modify	121	0.79	1.31936	1.31946	1.32324	0.00	6137.18
296	2013.07.23 20:51	t/p	121	0.79	1.32324	1.31946	1.32324	306.52	6443.70
297	2013.08.13 09:30	sell	122	1.92	1.32899	1.33133	1.32314	0.00	6443.70
298	2013.08.13 11:15	s/l	122	1.92	1.33133	1.33133	1.32314	-449.28	5994.42
299	2013.08.14 11:15	sell	123	0.58	1.32524	1.32730	1.32009	0.00	5994.42
300	2013.08.15 04:09	s/l	123	0.58	1.32730	1.32730	1.32009	-115.07	5879.36
301	2013.08.22 16:30	sell	124	0.28	1.33300	1.33506	1.32785	0.00	5879.36
302	2013.08.22 17:06	s/l	124	0.28	1.33506	1.33506	1.32785	-57.68	5821.68
303	2013.08.28 11:30	buy	125	0.70	1.33763	1.33597	1.34178	0.00	5821.68
304	2013.08.28 12:33	s/l	125	0.70	1.33597	1.33597	1.34178	-116.20	5705.48
305	2013.08.28 12:33	sell	126	0.63	1.33596	1.33777	1.33144	0.00	5705.48
306	2013.08.28 15:35	modify	126	0.63	1.33596	1.33586	1.33144	0.00	5705.48
307	2013.08.28 15:45	t/p	126	0.63	1.33144	1.33586	1.33144	284.76	5990.24
308	2013.09.02 10:00	sell	127	0.68	1.32101	1.32276	1.31664	0.00	5990.24
309	2013.09.03 07:19	modify	127	0.68	1.32101	1.32091	1.31664	0.00	5990.24
310	2013.09.03 08:30	t/p	127	0.68	1.31664	1.32091	1.31664	298.88	6289.12
311	2013.09.11 10:15	buy	128	2.76	1.32661	1.32502	1.33059	0.00	6289.12
312	2013.09.11 15:53	close	128	1.38	1.32903	1.32502	1.33059	333.96	6623.08
313	2013.09.11 15:53	buy	129	1.38	1.32661	1.32502	1.33059	0.00	6623.08
314	2013.09.11 15:53	modify	129	1.38	1.32661	1.32671	0.00000	0.00	6623.08
315	2013.09.11 15:53	modify	129	1.38	1.32661	1.32808	0.00000	0.00	6623.08
316	2013.09.11 15:55	modify	129	1.38	1.32661	1.32859	0.00000	0.00	6623.08
317	2013.09.11 16:23	s/l	129	1.38	1.32859	1.32859	0.00000	273.24	6896.32
318	2013.09.23 14:30	buy	130	1.50	1.35152	1.34969	1.35610	0.00	6896.32
319	2013.09.23 15:17	s/l	130	1.50	1.34969	1.34969	1.35610	-274.50	6621.82
320	2013.09.26 15:30	sell	131	0.43	1.34922	1.35073	1.34545	0.00	6621.82
321	2013.09.26 16:00	s/l	131	0.43	1.35073	1.35073	1.34545	-64.93	6556.89
322	2013.10.07 14:00	sell	132	0.78	1.35668	1.35836	1.35248	0.00	6556.89
323	2013.10.07 17:17	s/l	132	0.78	1.35836	1.35836	1.35248	-131.04	6425.85
324	2013.10.08 15:45	buy	133	0.56	1.35953	1.35724	1.36526	0.00	6425.85
325	2013.10.08 18:46	s/l	133	0.56	1.35724	1.35724	1.36526	-128.24	6297.61
326	2013.10.23 15:00	buy	134	0.79	1.37630	1.37472	1.38025	0.00	6297.61
327	2013.10.23 15:48	modify	134	0.79	1.37630	1.37640	1.38025	0.00	6297.61
328	2013.10.23 16:12	s/l	134	0.79	1.37640	1.37640	1.38025	7.90	6305.51
329	2013.11.06 08:45	buy	135	2.43	1.35089	1.34908	1.35542	0.00	6305.51
330	2013.11.06 09:26	s/l	135	2.43	1.34908	1.34908	1.35542	-439.83	5865.68
331	2013.11.12 09:45	sell	136	0.56	1.33736	1.33944	1.33216	0.00	5865.68
332	2013.11.12 11:53	s/l	136	0.56	1.33944	1.33944	1.33216	-116.48	5749.20
333	2013.11.14 09:15	buy	137	0.32	1.34685	1.34509	1.35125	0.00	5749.20
334	2013.11.14 10:37	s/l	137	0.32	1.34509	1.34509	1.35125	-56.32	5692.88
335	2013.11.14 10:37	sell	138	0.34	1.34509	1.34675	1.34094	0.00	5692.88
336	2013.11.14 12:12	modify	138	0.34	1.34509	1.34499	1.34094	0.00	5692.88
337	2013.11.14 14:30	s/l	138	0.34	1.34499	1.34499	1.34094	3.40	5696.28
338	2013.11.19 10:00	buy	139	0.56	1.35196	1.34995	1.35699	0.00	5696.28
339	2013.11.19 11:06	s/l	139	0.56	1.34995	1.34995	1.35699	-112.56	5583.72
340	2013.11.19 11:06	sell	140	0.47	1.34994	1.35229	1.34407	0.00	5583.72
341	2013.11.19 15:50	s/l	140	0.47	1.35229	1.35229	1.34407	-110.45	5473.27
342	2013.11.20 15:30	buy	141	0.72	1.35377	1.35225	1.35757	0.00	5473.27
343	2013.11.20 16:20	s/l	141	0.72	1.35225	1.35225	1.35757	-109.44	5363.83
344	2013.12.02 08:45	buy	142	0.58	1.36124	1.35941	1.36582	0.00	5363.83
345	2013.12.02 09:32	s/l	142	0.58	1.35941	1.35941	1.36582	-106.14	5257.69
346	2013.12.02 09:32	sell	143	0.48	1.35941	1.36157	1.35401	0.00	5257.69
347	2013.12.02 10:26	modify	143	0.48	1.35941	1.35931	1.35401	0.00	5257.69
348	2013.12.02 12:19	t/p	143	0.48	1.35401	1.35931	1.35401	259.20	5516.89
349	2013.12.11 10:00	buy	144	0.46	1.37631	1.37392	1.38229	0.00	5516.89
350	2013.12.11 16:49	modify	144	0.46	1.37631	1.37641	1.38229	0.00	5516.89
351	2013.12.12 10:50	s/l	144	0.46	1.37641	1.37641	1.38229	-6.91	5509.98
352	2013.12.12 16:00	buy	145	0.26	1.37754	1.37544	1.38279	0.00	5509.98
353	2013.12.12 16:04	s/l	145	0.26	1.37544	1.37544	1.38279	-54.60	5455.38
354	2013.12.16 10:30	buy	146	0.44	1.37724	1.37477	1.38342	0.00	5455.38
355	2013.12.16 18:21	s/l	146	0.44	1.37477	1.37477	1.38342	-108.68	5346.70
356	2013.12.26 16:45	buy	147	0.31	1.36977	1.36809	1.37397	0.00	5346.70
357	2013.12.27 03:51	modify	147	0.31	1.36977	1.36987	1.37397	0.00	5346.70
358	2013.12.27 04:10	t/p	147	0.31	1.37397	1.36987	1.37397	127.61	5474.31
359	2013.12.31 15:30	sell	148	1.69	1.37694	1.37920	1.37129	0.00	5474.31
360	2014.01.02 08:42	close	148	0.85	1.37354	1.37920	1.37129	297.62	5771.93
361	2014.01.02 08:42	sell	149	0.84	1.37694	1.37920	1.37129	0.00	5771.93
362	2014.01.02 08:42	modify	149	0.84	1.37694	1.37684	0.00000	0.00	5771.93
363	2014.01.02 08:42	modify	149	0.84	1.37694	1.37449	0.00000	0.00	5771.93
364	2014.01.02 09:07	modify	149	0.84	1.37694	1.37303	0.00000	0.00	5771.93
365	2014.01.02 09:40	s/l	149	0.84	1.37303	1.37303	0.00000	336.96	6108.89
366	2014.01.14 11:45	buy	150	1.21	1.36802	1.36601	1.37305	0.00	6108.89
367	2014.01.14 14:30	s/l	150	1.21	1.36601	1.36601	1.37305	-243.21	5865.68
368	2014.01.14 15:30	buy	151	0.71	1.36736	1.36573	1.37144	0.00	5865.68
369	2014.01.15 02:34	s/l	151	0.71	1.36573	1.36573	1.37144	-121.65	5744.03
370	2014.01.16 08:30	sell	152	0.27	1.36069	1.36275	1.35554	0.00	5744.03
371	2014.01.16 10:33	s/l	152	0.27	1.36275	1.36275	1.35554	-55.62	5688.41
372	2014.01.21 09:00	sell	153	0.63	1.35465	1.35645	1.35015	0.00	5688.41
373	2014.01.21 12:59	modify	153	0.63	1.35465	1.35455	1.35015	0.00	5688.41
374	2014.01.21 16:59	s/l	153	0.63	1.35455	1.35455	1.35015	6.30	5694.71
375	2014.01.22 09:00	sell	154	1.71	1.35444	1.35676	1.34864	0.00	5694.71
376	2014.01.22 13:43	s/l	154	1.71	1.35676	1.35676	1.34864	-396.72	5297.99
377	2014.01.28 16:45	sell	155	0.58	1.36570	1.36750	1.36120	0.00	5297.99
378	2014.01.29 09:30	s/l	155	0.58	1.36750	1.36750	1.36120	-102.93	5195.06
379	2014.02.04 15:15	sell	156	0.54	1.35118	1.35310	1.34638	0.00	5195.06
380	2014.02.05 14:00	s/l	156	0.54	1.35310	1.35310	1.34638	-102.31	5092.75
381	2014.02.17 10:15	buy	157	0.51	1.37136	1.36940	1.37626	0.00	5092.75
382	2014.02.17 14:24	s/l	157	0.51	1.36940	1.36940	1.37626	-99.96	4992.79
383	2014.02.18 11:45	buy	158	0.43	1.37278	1.37050	1.37848	0.00	4992.79
384	2014.02.18 15:11	modify	158	0.43	1.37278	1.37288	1.37848	0.00	4992.79
385	2014.02.19 20:20	s/l	158	0.43	1.37288	1.37288	1.37848	0.71	4993.50
386	2014.03.17 10:00	buy	159	1.58	1.39046	1.38826	1.39596	0.00	4993.50
387	2014.03.17 14:48	close	159	0.79	1.39376	1.38826	1.39596	260.70	5254.20
388	2014.03.17 14:48	buy	160	0.79	1.39046	1.38826	1.39596	0.00	5254.20
389	2014.03.17 14:48	modify	160	0.79	1.39046	1.39056	0.00000	0.00	5254.20
390	2014.03.17 14:48	modify	160	0.79	1.39046	1.39277	0.00000	0.00	5254.20
391	2014.03.17 15:59	s/l	160	0.79	1.39277	1.39277	0.00000	182.49	5436.69
392	2014.03.24 15:15	sell	161	1.17	1.37678	1.37863	1.37216	0.00	5436.69
393	2014.03.24 16:55	s/l	161	1.17	1.37863	1.37863	1.37216	-216.45	5220.24
394	2014.03.24 16:55	buy	162	1.26	1.37863	1.37698	1.38276	0.00	5220.24
395	2014.03.24 18:26	modify	162	1.26	1.37863	1.37873	1.38276	0.00	5220.24
396	2014.03.24 18:51	t/p	162	1.26	1.38276	1.37873	1.38276	520.38	5740.62
397	2014.03.25 16:30	sell	163	0.54	1.37853	1.38062	1.37331	0.00	5740.62
398	2014.03.25 17:15	modify	163	0.54	1.37853	1.37843	1.37331	0.00	5740.62
399	2014.03.25 17:30	s/l	163	0.54	1.37843	1.37843	1.37331	5.40	5746.02
400	2014.03.27 08:30	sell	164	1.15	1.37720	1.37894	1.37285	0.00	5746.02
401	2014.03.27 11:04	modify	164	1.15	1.37720	1.37710	1.37285	0.00	5746.02
402	2014.03.27 12:55	s/l	164	1.15	1.37710	1.37710	1.37285	11.50	5757.52
403	2014.03.27 15:30	sell	165	0.76	1.37613	1.37764	1.37236	0.00	5757.52
404	2014.03.27 16:59	modify	165	0.76	1.37613	1.37603	1.37236	0.00	5757.52
405	2014.03.28 09:01	t/p	165	0.76	1.37236	1.37603	1.37236	288.45	6045.97
406	2014.04.02 15:30	sell	166	1.38	1.37764	1.37939	1.37327	0.00	6045.97
407	2014.04.03 13:17	modify	166	1.38	1.37764	1.37754	1.37327	0.00	6045.97
408	2014.04.03 13:45	s/l	166	1.38	1.37754	1.37754	1.37327	24.30	6070.27
409	2014.04.14 10:15	sell	167	1.60	1.38483	1.38634	1.38106	0.00	6070.27
410	2014.04.14 10:49	modify	167	1.60	1.38483	1.38473	1.38106	0.00	6070.27
411	2014.04.14 14:35	t/p	167	1.60	1.38106	1.38473	1.38106	603.20	6673.47
412	2014.05.14 11:45	sell	168	1.72	1.37124	1.37279	1.36737	0.00	6673.47
413	2014.05.15 09:10	modify	168	1.72	1.37124	1.37114	1.36737	0.00	6673.47
414	2014.05.15 09:53	t/p	168	1.72	1.36737	1.37114	1.36737	678.73	7352.19
415	2014.05.20 16:45	sell	169	1.96	1.36912	1.37062	1.36537	0.00	7352.19
416	2014.05.21 02:38	s/l	169	1.96	1.37062	1.37062	1.36537	-289.03	7063.16
417	2014.05.21 02:38	buy	170	3.81	1.37062	1.36988	1.37247	0.00	7063.16
418	2014.05.21 08:51	modify	170	3.81	1.37062	1.37072	1.37247	0.00	7063.16
419	2014.05.21 10:09	s/l	170	3.81	1.37072	1.37072	1.37247	38.10	7101.26
420	2014.05.22 09:15	sell	171	0.44	1.36629	1.36790	1.36227	0.00	7101.26
421	2014.05.22 09:39	s/l	171	0.44	1.36790	1.36790	1.36227	-70.84	7030.42
422	2014.05.29 15:00	sell	172	0.28	1.36023	1.36273	1.35398	0.00	7030.42
423	2014.05.30 15:14	s/l	172	0.28	1.36273	1.36273	1.35398	-69.29	6961.13
424	2014.05.30 15:14	buy	173	0.57	1.36274	1.36032	1.36879	0.00	6961.13
425	2014.06.02 10:00	s/l	173	0.57	1.36032	1.36032	1.36879	-142.70	6818.44
426	2014.06.11 16:15	sell	174	0.70	1.35313	1.35506	1.34831	0.00	6818.44
427	2014.06.12 16:43	s/l	174	0.70	1.35506	1.35506	1.34831	-129.77	6688.66
428	2014.06.12 16:43	buy	175	0.37	1.35507	1.35330	1.35950	0.00	6688.66
429	2014.06.13 10:00	modify	175	0.37	1.35507	1.35517	1.35950	0.00	6688.66
430	2014.06.13 12:52	s/l	175	0.37	1.35517	1.35517	1.35950	0.61	6689.28
431	2014.08.27 15:45	sell	176	0.82	1.31722	1.31885	1.31315	0.00	6689.28
432	2014.08.27 16:15	s/l	176	0.82	1.31885	1.31885	1.31315	-133.66	6555.62
433	2014.08.27 16:15	buy	177	0.58	1.31885	1.31659	1.32450	0.00	6555.62
434	2014.08.28 15:26	s/l	177	0.58	1.31659	1.31659	1.32450	-145.60	6410.02
435	2014.09.10 08:45	buy	178	0.72	1.29397	1.29221	1.29837	0.00	6410.02
436	2014.09.10 14:36	s/l	178	0.72	1.29221	1.29221	1.29837	-126.72	6283.30
437	2014.09.17 16:00	buy	179	0.78	1.29661	1.29501	1.30061	0.00	6283.30
438	2014.09.17 17:16	s/l	179	0.78	1.29501	1.29501	1.30061	-124.80	6158.50
439	2014.10.02 11:45	buy	180	0.38	1.26413	1.26255	1.26808	0.00	6158.50
440	2014.10.02 14:30	s/l	180	0.38	1.26255	1.26255	1.26808	-60.04	6098.46
441	2014.10.08 09:15	buy	181	0.51	1.26450	1.26215	1.27038	0.00	6098.46
442	2014.10.08 11:15	modify	181	0.51	1.26450	1.26460	1.27038	0.00	6098.46
443	2014.10.08 13:47	s/l	181	0.51	1.26460	1.26460	1.27038	5.10	6103.56
444	2014.10.13 15:30	buy	182	2.42	1.26918	1.26742	1.27358	0.00	6103.56
445	2014.10.13 17:21	s/l	182	2.42	1.26742	1.26742	1.27358	-425.92	5677.64
446	2014.10.20 15:00	sell	183	0.60	1.27670	1.27859	1.27198	0.00	5677.64
447	2014.10.20 17:33	s/l	183	0.60	1.27859	1.27859	1.27198	-113.40	5564.24
448	2014.11.04 08:30	sell	184	0.65	1.25028	1.25197	1.24606	0.00	5564.24
449	2014.11.04 11:17	s/l	184	0.65	1.25197	1.25197	1.24606	-109.85	5454.39
450	2014.11.04 11:17	buy	185	0.50	1.25197	1.24981	1.25737	0.00	5454.39
451	2014.11.04 16:30	modify	185	0.50	1.25197	1.25207	1.25737	0.00	5454.39
452	2014.11.04 16:55	t/p	185	0.50	1.25737	1.25207	1.25737	270.00	5724.39
453	2014.11.06 11:45	buy	186	0.31	1.25200	1.25021	1.25648	0.00	5724.39
454	2014.11.06 14:33	s/l	186	0.31	1.25021	1.25021	1.25648	-55.49	5668.90
455	2014.11.19 09:00	buy	187	0.51	1.25344	1.25125	1.25892	0.00	5668.90
456	2014.11.19 14:55	modify	187	0.51	1.25344	1.25354	1.25892	0.00	5668.90
457	2014.11.19 16:03	s/l	187	0.51	1.25354	1.25354	1.25892	5.10	5674.00
458	2014.11.25 11:30	sell	188	2.54	1.24276	1.24432	1.23886	0.00	5674.00
459	2014.11.25 15:31	close	188	1.27	1.24040	1.24432	1.23886	299.72	5973.72
460	2014.11.25 15:31	sell	189	1.27	1.24276	1.24432	1.23886	0.00	5973.72
461	2014.11.25 15:31	modify	189	1.27	1.24276	1.24266	0.00000	0.00	5973.72
462	2014.11.25 15:31	modify	189	1.27	1.24276	1.24138	0.00000	0.00	5973.72
463	2014.11.25 15:34	s/l	189	1.27	1.24138	1.24138	0.00000	175.26	6148.98
464	2014.11.26 10:15	buy	190	1.58	1.24785	1.24630	1.25173	0.00	6148.98
465	2014.11.26 11:06	s/l	190	1.58	1.24630	1.24630	1.25173	-244.90	5904.08
466	2014.11.26 14:15	buy	191	0.50	1.24645	1.24409	1.25235	0.00	5904.08
467	2014.11.26 15:38	modify	191	0.50	1.24645	1.24655	1.25235	0.00	5904.08
468	2014.11.26 17:58	t/p	191	0.50	1.25235	1.24655	1.25235	295.00	6199.08
469	2014.12.10 14:45	buy	192	2.12	1.23839	1.23635	1.24349	0.00	6199.08
470	2014.12.10 17:00	close	192	1.06	1.24145	1.23635	1.24349	324.36	6523.44
471	2014.12.10 17:00	buy	193	1.06	1.23839	1.23635	1.24349	0.00	6523.44
472	2014.12.10 17:00	modify	193	1.06	1.23839	1.23849	0.00000	0.00	6523.44
473	2014.12.10 17:00	modify	193	1.06	1.23839	1.24048	0.00000	0.00	6523.44
474	2014.12.10 17:22	modify	193	1.06	1.23839	1.24158	0.00000	0.00	6523.44
475	2014.12.10 17:57	s/l	193	1.06	1.24158	1.24158	0.00000	338.14	6861.58
476	2014.12.15 08:45	buy	194	1.60	1.24551	1.24380	1.24979	0.00	6861.58
477	2014.12.15 10:13	s/l	194	1.60	1.24380	1.24380	1.24979	-273.60	6587.98
478	2014.12.17 09:15	buy	195	0.69	1.24923	1.24733	1.25398	0.00	6587.98
479	2014.12.17 09:55	s/l	195	0.69	1.24733	1.24733	1.25398	-131.10	6456.88
480	2014.12.22 14:45	sell	196	0.84	1.22570	1.22722	1.22190	0.00	6456.88
481	2014.12.22 21:50	modify	196	0.84	1.22570	1.22560	1.22190	0.00	6456.88
482	2014.12.22 21:59	t/p	196	0.84	1.22190	1.22560	1.22190	319.20	6776.08
483	2014.12.29 09:45	sell	197	2.45	1.21739	1.21932	1.21257	0.00	6776.08
484	2014.12.29 11:20	s/l	197	2.45	1.21932	1.21932	1.21257	-472.85	6303.23
485	2015.01.13 09:15	buy	198	0.78	1.18384	1.18223	1.18787	0.00	6303.23
486	2015.01.13 10:43	s/l	198	0.78	1.18223	1.18223	1.18787	-125.58	6177.65
487	2015.01.15 10:15	sell	199	0.27	1.17647	1.17875	1.17077	0.00	6177.65
488	2015.01.15 11:31	modify	199	0.27	1.17647	1.17637	1.17077	0.00	6177.65
489	2015.01.15 11:31	t/p	199	0.27	1.17077	1.17637	1.17077	153.90	6331.55
490	2015.01.20 10:15	sell	200	2.51	1.15765	1.15941	1.15325	0.00	6331.55
491	2015.01.20 11:37	s/l	200	2.51	1.15941	1.15941	1.15325	-441.76	5889.79
492	2015.01.20 15:15	sell	201	0.68	1.15785	1.15956	1.15358	0.00	5889.79
493	2015.01.20 15:25	s/l	201	0.68	1.15956	1.15956	1.15358	-116.28	5773.51
494	2015.01.21 09:15	sell	202	0.63	1.15688	1.15869	1.15236	0.00	5773.51
495	2015.01.21 14:55	s/l	202	0.63	1.15869	1.15869	1.15236	-114.03	5659.48
496	2015.02.02 10:30	buy	203	0.59	1.13235	1.13044	1.13713	0.00	5659.48
497	2015.02.02 11:59	modify	203	0.59	1.13235	1.13245	1.13713	0.00	5659.48
498	2015.02.02 13:25	s/l	203	0.59	1.13245	1.13245	1.13713	5.90	5665.38
499	2015.02.03 09:00	buy	204	2.60	1.13388	1.13236	1.13768	0.00	5665.38
500	2015.02.03 10:01	s/l	204	2.60	1.13236	1.13236	1.13768	-395.20	5270.18
501	2015.02.10 10:30	sell	205	0.58	1.13188	1.13368	1.12738	0.00	5270.18
502	2015.02.10 11:27	modify	205	0.58	1.13188	1.13178	1.12738	0.00	5270.18
503	2015.02.10 13:50	t/p	205	0.58	1.12738	1.13178	1.12738	261.00	5531.18
504	2015.02.12 16:30	buy	206	0.79	1.13514	1.13272	1.14119	0.00	5531.18
505	2015.02.12 16:48	modify	206	0.79	1.13514	1.13524	1.14119	0.00	5531.18
506	2015.02.12 18:40	t/p	206	0.79	1.14119	1.13524	1.14119	477.95	6009.13
507	2015.02.17 08:45	sell	207	1.38	1.13504	1.13678	1.13069	0.00	6009.13
508	2015.02.17 11:08	s/l	207	1.38	1.13678	1.13678	1.13069	-240.12	5769.01
509	2015.02.18 15:15	sell	208	0.66	1.13716	1.13890	1.13281	0.00	5769.01
510	2015.02.18 17:13	modify	208	0.66	1.13716	1.13706	1.13281	0.00	5769.01
511	2015.02.18 21:00	s/l	208	0.66	1.13706	1.13706	1.13281	6.60	5775.61
512	2015.02.24 16:15	sell	209	1.68	1.13176	1.13416	1.12576	0.00	5775.61
513	2015.02.24 17:15	s/l	209	1.68	1.13416	1.13416	1.12576	-403.20	5372.41
514	2015.02.25 10:45	buy	210	0.63	1.13718	1.13548	1.14143	0.00	5372.41
515	2015.02.25 12:38	s/l	210	0.63	1.13548	1.13548	1.14143	-107.10	5265.31
516	2015.03.02 15:45	sell	211	0.59	1.12167	1.12345	1.11722	0.00	5265.31
517	2015.03.02 17:36	modify	211	0.59	1.12167	1.12157	1.11722	0.00	5265.31
518	2015.03.03 11:41	t/p	211	0.59	1.11722	1.12157	1.11722	264.05	5529.35
519	2015.03.18 10:45	buy	212	1.98	1.06096	1.05901	1.06584	0.00	5529.35
520	2015.03.18 14:51	s/l	212	1.98	1.05901	1.05901	1.06584	-386.10	5143.25
521	2015.03.18 16:00	buy	213	0.42	1.06114	1.05871	1.06722	0.00	5143.25
522	2015.03.18 18:02	modify	213	0.42	1.06114	1.06124	1.06722	0.00	5143.25
523	2015.03.18 20:00	t/p	213	0.42	1.06722	1.06124	1.06722	255.36	5398.61
524	2015.04.07 08:00	sell	214	1.68	1.09238	1.09462	1.08678	0.00	5398.61
525	2015.04.07 08:58	s/l	214	1.68	1.09462	1.09462	1.08678	-376.32	5022.29
526	2015.04.08 14:30	sell	215	0.48	1.08561	1.08767	1.08046	0.00	5022.29
527	2015.04.08 15:32	s/l	215	0.48	1.08767	1.08767	1.08046	-98.88	4923.41
528	2015.04.15 09:30	buy	216	0.45	1.06461	1.06244	1.07004	0.00	4923.41
529	2015.04.15 10:23	s/l	216	0.45	1.06244	1.06244	1.07004	-97.65	4825.76
530	2015.04.20 09:30	buy	217	0.55	1.07898	1.07724	1.08333	0.00	4825.76
531	2015.04.20 10:06	s/l	217	0.55	1.07724	1.07724	1.08333	-95.70	4730.06
532	2015.04.21 08:30	sell	218	0.56	1.07223	1.07390	1.06806	0.00	4730.06
533	2015.04.21 09:11	modify	218	0.56	1.07223	1.07213	1.06806	0.00	4730.06
534	2015.04.21 09:47	t/p	218	0.56	1.06806	1.07213	1.06806	233.52	4963.58
535	2015.04.23 08:00	sell	219	1.01	1.07024	1.07196	1.06594	0.00	4963.58
536	2015.04.23 10:02	modify	219	1.01	1.07024	1.07014	1.06594	0.00	4963.58
537	2015.04.23 11:04	s/l	219	1.01	1.07014	1.07014	1.06594	10.10	4973.68
538	2015.04.27 14:00	buy	220	0.82	1.08453	1.08213	1.09053	0.00	4973.68
539	2015.04.27 15:14	s/l	220	0.82	1.08213	1.08213	1.09053	-196.80	4776.88
540	2015.04.28 11:45	buy	221	0.46	1.08818	1.08611	1.09336	0.00	4776.88
541	2015.04.28 12:15	modify	221	0.46	1.08818	1.08828	1.09336	0.00	4776.88
542	2015.04.28 13:46	t/p	221	0.46	1.09336	1.08828	1.09336	238.28	5015.16
543	2015.06.16 09:45	buy	222	1.61	1.12784	1.12566	1.13329	0.00	5015.16
544	2015.06.16 09:54	close	222	0.81	1.13111	1.12566	1.13329	264.87	5280.03
545	2015.06.16 09:54	buy	223	0.80	1.12784	1.12566	1.13329	0.00	5280.03
546	2015.06.16 09:54	modify	223	0.80	1.12784	1.12794	0.00000	0.00	5280.03
547	2015.06.16 09:54	modify	223	0.80	1.12784	1.13012	0.00000	0.00	5280.03
548	2015.06.16 10:06	modify	223	0.80	1.12784	1.13140	0.00000	0.00	5280.03
549	2015.06.16 10:15	s/l	223	0.80	1.13140	1.13140	0.00000	284.80	5564.83
550	2015.06.17 10:00	buy	224	1.12	1.12588	1.12391	1.13081	0.00	5564.83
551	2015.06.17 11:14	modify	224	1.12	1.12588	1.12598	1.13081	0.00	5564.83
552	2015.06.17 11:56	s/l	224	1.12	1.12598	1.12598	1.13081	11.20	5576.03
553	2015.07.29 16:30	sell	225	0.92	1.10352	1.10594	1.09747	0.00	5576.03
554	2015.07.29 21:00	s/l	225	0.92	1.10594	1.10594	1.09747	-222.64	5353.39
555	2015.08.03 09:15	sell	226	0.62	1.09711	1.09882	1.09284	0.00	5353.39
556	2015.08.03 09:57	s/l	226	0.62	1.09882	1.09882	1.09284	-106.02	5247.37
557	2015.08.17 14:00	sell	227	0.61	1.10862	1.11034	1.10432	0.00	5247.37
558	2015.08.17 14:50	s/l	227	0.61	1.11034	1.11034	1.10432	-104.92	5142.45
559	2015.08.18 10:30	sell	228	0.61	1.10653	1.10821	1.10233	0.00	5142.45
560	2015.08.18 10:54	s/l	228	0.61	1.10821	1.10821	1.10233	-102.48	5039.97
561	2015.08.18 10:54	buy	229	0.47	1.10822	1.10609	1.11355	0.00	5039.97
562	2015.08.18 12:37	s/l	229	0.47	1.10609	1.10609	1.11355	-100.11	4939.86
563	2015.09.03 09:30	sell	230	0.32	1.12218	1.12370	1.11838	0.00	4939.86
564	2015.09.03 10:05	s/l	230	0.32	1.12370	1.12370	1.11838	-48.64	4891.22
565	2015.09.24 08:00	buy	231	0.30	1.11923	1.11764	1.12321	0.00	4891.22
566	2015.09.24 09:38	modify	231	0.30	1.11923	1.11933	1.12321	0.00	4891.22
567	2015.09.24 11:10	s/l	231	0.30	1.11933	1.11933	1.12321	3.00	4894.22
568	2015.09.30 14:30	sell	232	1.63	1.12060	1.12270	1.11535	0.00	4894.22
569	2015.09.30 17:25	close	232	0.82	1.11745	1.12270	1.11535	258.30	5152.52
570	2015.09.30 17:25	sell	233	0.81	1.12060	1.12270	1.11535	0.00	5152.52
571	2015.09.30 17:25	modify	233	0.81	1.12060	1.12050	0.00000	0.00	5152.52
572	2015.09.30 17:25	modify	233	0.81	1.12060	1.11844	0.00000	0.00	5152.52
573	2015.09.30 17:58	modify	233	0.81	1.12060	1.11727	0.00000	0.00	5152.52
574	2015.09.30 18:09	s/l	233	0.81	1.11727	1.11727	0.00000	269.73	5422.25
575	2015.10.06 09:15	sell	234	1.34	1.11779	1.11940	1.11377	0.00	5422.25
576	2015.10.06 09:37	s/l	234	1.34	1.11940	1.11940	1.11377	-215.74	5206.51
577	2015.10.06 09:37	buy	235	0.92	1.11940	1.11715	1.12503	0.00	5206.51
578	2015.10.06 14:38	modify	235	0.92	1.11940	1.11950	1.12503	0.00	5206.51
579	2015.10.06 17:50	t/p	235	0.92	1.12503	1.11950	1.12503	517.96	5724.47
580	2015.10.08 10:00	buy	236	0.33	1.12617	1.12448	1.13040	0.00	5724.47
581	2015.10.08 10:18	modify	236	0.33	1.12617	1.12627	1.13040	0.00	5724.47
582	2015.10.08 10:24	t/p	236	0.33	1.13040	1.12627	1.13040	139.59	5864.06
583	2015.10.13 15:30	buy	237	2.37	1.13865	1.13692	1.14298	0.00	5864.06
584	2015.10.13 17:02	s/l	237	2.37	1.13692	1.13692	1.14298	-410.01	5454.05
585	2015.10.14 15:15	buy	238	0.63	1.14096	1.13924	1.14526	0.00	5454.05
586	2015.10.14 15:30	modify	238	0.63	1.14096	1.14106	1.14526	0.00	5454.05
587	2015.10.14 16:47	s/l	238	0.63	1.14106	1.14106	1.14526	6.30	5460.35
588	2015.10.19 10:15	sell	239	1.82	1.13584	1.13793	1.13062	0.00	5460.35
589	2015.10.19 12:37	close	239	0.91	1.13268	1.13793	1.13062	287.56	5747.91
590	2015.10.19 12:37	sell	240	0.91	1.13584	1.13793	1.13062	0.00	5747.91
591	2015.10.19 12:37	modify	240	0.91	1.13584	1.13574	0.00000	0.00	5747.91
592	2015.10.19 12:37	modify	240	0.91	1.13584	1.13363	0.00000	0.00	5747.91
593	2015.10.19 13:17	modify	240	0.91	1.13584	1.13242	0.00000	0.00	5747.91
594	2015.10.19 14:07	s/l	240	0.91	1.13242	1.13242	0.00000	311.22	6059.13
595	2015.10.27 10:00	sell	241	1.37	1.10549	1.10725	1.10109	0.00	6059.13
596	2015.10.27 14:25	s/l	241	1.37	1.10725	1.10725	1.10109	-241.12	5818.01
597	2015.10.28 10:45	sell	242	0.71	1.10362	1.10525	1.09955	0.00	5818.01
598	2015.10.28 11:07	s/l	242	0.71	1.10525	1.10525	1.09955	-115.73	5702.28
599	2015.11.10 10:15	sell	243	0.62	1.07475	1.07657	1.07020	0.00	5702.28
600	2015.11.10 14:49	modify	243	0.62	1.07475	1.07465	1.07020	0.00	5702.28
601	2015.11.10 14:54	t/p	243	0.62	1.07020	1.07465	1.07020	282.10	5984.38
602	2015.11.11 10:00	buy	244	2.25	1.07489	1.07303	1.07954	0.00	5984.38
603	2015.11.11 13:17	s/l	244	2.25	1.07303	1.07303	1.07954	-418.50	5565.88
604	2015.11.16 15:15	sell	245	0.71	1.07229	1.07384	1.06842	0.00	5565.88
605	2015.11.16 15:37	s/l	245	0.71	1.07384	1.07384	1.06842	-110.05	5455.83
606	2015.11.18 14:15	buy	246	0.71	1.06716	1.06563	1.07099	0.00	5455.83
607	2015.11.18 16:00	s/l	246	0.71	1.06563	1.06563	1.07099	-108.63	5347.20
608	2015.11.18 16:00	sell	247	0.66	1.06563	1.06723	1.06163	0.00	5347.20
609	2015.11.18 16:43	s/l	247	0.66	1.06723	1.06723	1.06163	-105.60	5241.60
610	2015.11.19 11:00	buy	248	0.22	1.06882	1.06647	1.07470	0.00	5241.60
611	2015.11.19 16:25	modify	248	0.22	1.06882	1.06892	1.07470	0.00	5241.60
612	2015.11.19 18:09	t/p	248	0.22	1.07470	1.06892	1.07470	129.36	5370.96
613	2015.12.01 10:15	sell	249	2.17	1.05779	1.05952	1.05347	0.00	5370.96
614	2015.12.01 10:46	s/l	249	2.17	1.05952	1.05952	1.05347	-375.41	4995.55
615	2015.12.14 09:15	sell	250	0.66	1.09585	1.09735	1.09210	0.00	4995.55
616	2015.12.14 13:25	s/l	250	0.66	1.09735	1.09735	1.09210	-99.00	4896.55
617	2015.12.16 16:30	sell	251	0.63	1.09260	1.09414	1.08875	0.00	4896.55
618	2015.12.16 17:58	s/l	251	0.63	1.09414	1.09414	1.08875	-97.02	4799.53
619	2015.12.21 15:15	buy	252	0.55	1.08708	1.08534	1.09143	0.00	4799.53
620	2015.12.21 15:44	modify	252	0.55	1.08708	1.08718	1.09143	0.00	4799.53
621	2015.12.21 17:27	t/p	252	0.55	1.09143	1.08718	1.09143	239.25	5038.78
622	2015.12.22 10:00	buy	253	1.77	1.09206	1.09007	1.09704	0.00	5038.78
623	2015.12.22 15:14	close	253	0.89	1.09505	1.09007	1.09704	266.11	5304.89
624	2015.12.22 15:14	buy	254	0.88	1.09206	1.09007	1.09704	0.00	5304.89
625	2015.12.22 15:14	modify	254	0.88	1.09206	1.09216	0.00000	0.00	5304.89
626	2015.12.22 15:14	modify	254	0.88	1.09206	1.09406	0.00000	0.00	5304.89
627	2015.12.22 16:26	modify	254	0.88	1.09206	1.09507	0.00000	0.00	5304.89
628	2015.12.22 17:11	modify	254	0.88	1.09206	1.09709	0.00000	0.00	5304.89
629	2015.12.22 17:40	s/l	254	0.88	1.09709	1.09709	0.00000	442.64	5747.53
630	2015.12.24 16:45	buy	255	0.48	1.09565	1.09327	1.10160	0.00	5747.53
631	2015.12.28 13:11	modify	255	0.48	1.09565	1.09575	1.10160	0.00	5747.53
632	2015.12.29 15:14	s/l	255	0.48	1.09575	1.09575	1.10160	-7.22	5740.32
633	2015.12.29 15:14	sell	256	1.26	1.09574	1.09755	1.09122	0.00	5740.32
634	2015.12.29 15:37	modify	256	1.26	1.09574	1.09564	1.09122	0.00	5740.32
635	2015.12.29 15:48	t/p	256	1.26	1.09122	1.09564	1.09122	569.52	6309.84
636	2015.12.30 15:30	sell	257	0.80	1.09190	1.09347	1.08798	0.00	6309.84
637	2015.12.30 15:58	s/l	257	0.80	1.09347	1.09347	1.08798	-125.60	6184.24
638	2015.12.30 16:45	sell	258	0.71	1.09274	1.09448	1.08839	0.00	6184.24
639	2015.12.31 12:25	modify	258	0.71	1.09274	1.09264	1.08839	0.00	6184.24
640	2015.12.31 14:39	t/p	258	0.71	1.08839	1.09264	1.08839	314.25	6498.49
641	2016.01.12 08:30	buy	259	2.51	1.08901	1.08720	1.09354	0.00	6498.49
642	2016.01.12 10:32	s/l	259	2.51	1.08720	1.08720	1.09354	-454.31	6044.18
643	2016.01.19 10:45	sell	260	0.76	1.08654	1.08812	1.08259	0.00	6044.18
644	2016.01.19 10:52	s/l	260	0.76	1.08812	1.08812	1.08259	-120.08	5924.10
645	2016.01.25 14:30	sell	261	0.76	1.08113	1.08267	1.07728	0.00	5924.10
646	2016.01.25 15:29	s/l	261	0.76	1.08267	1.08267	1.07728	-117.04	5807.06
647	2016.01.25 15:29	buy	262	0.57	1.08267	1.08064	1.08775	0.00	5807.06
648	2016.01.26 03:06	modify	262	0.57	1.08267	1.08277	1.08775	0.00	5807.06
649	2016.01.26 12:50	s/l	262	0.57	1.08277	1.08277	1.08775	0.94	5808.00
650	2016.01.27 11:00	buy	263	0.71	1.08668	1.08505	1.09076	0.00	5808.00
651	2016.01.27 14:56	modify	263	0.71	1.08668	1.08678	1.09076	0.00	5808.00
652	2016.01.27 15:26	t/p	263	0.71	1.09076	1.08678	1.09076	289.68	6097.68
653	2016.02.03 14:45	buy	264	2.02	1.09295	1.09084	1.09823	0.00	6097.68
654	2016.02.03 15:24	close	264	1.01	1.09612	1.09084	1.09823	320.17	6417.85
655	2016.02.03 15:24	buy	265	1.01	1.09295	1.09084	1.09823	0.00	6417.85
656	2016.02.03 15:24	modify	265	1.01	1.09295	1.09305	0.00000	0.00	6417.85
657	2016.02.03 15:24	modify	265	1.01	1.09295	1.09514	0.00000	0.00	6417.85
658	2016.02.03 15:25	modify	265	1.01	1.09295	1.09634	0.00000	0.00	6417.85
659	2016.02.03 15:28	s/l	265	1.01	1.09634	1.09634	0.00000	342.39	6760.24
660	2016.02.08 10:15	buy	266	1.77	1.11485	1.11333	1.11865	0.00	6760.24
661	2016.02.08 11:17	modify	266	1.77	1.11485	1.11495	1.11865	0.00	6760.24
662	2016.02.08 13:08	s/l	266	1.77	1.11495	1.11495	1.11865	17.70	6777.94
663	2016.02.17 15:15	sell	267	1.69	1.11355	1.11515	1.10955	0.00	6777.94
664	2016.02.17 16:15	modify	267	1.69	1.11355	1.11345	1.10955	0.00	6777.94
665	2016.02.17 16:44	s/l	267	1.69	1.11345	1.11345	1.10955	16.90	6794.84
666	2016.02.18 10:00	sell	268	0.65	1.11271	1.11477	1.10756	0.00	6794.84
667	2016.02.18 13:58	modify	268	0.65	1.11271	1.11261	1.10756	0.00	6794.84
668	2016.02.18 16:19	t/p	268	0.65	1.10756	1.11261	1.10756	334.75	7129.59
669	2016.02.23 10:30	sell	269	1.60	1.10366	1.10544	1.09921	0.00	7129.59
670	2016.02.23 11:16	modify	269	1.60	1.10366	1.10356	1.09921	0.00	7129.59
671	2016.02.23 11:34	t/p	269	1.60	1.09921	1.10356	1.09921	712.00	7841.59
672	2016.03.15 11:30	sell	270	1.56	1.10961	1.11161	1.10461	0.00	7841.59
673	2016.03.15 14:43	s/l	270	1.56	1.11161	1.11161	1.10461	-312.00	7529.59
674	2016.03.16 08:45	sell	271	0.98	1.10877	1.11030	1.10495	0.00	7529.59
675	2016.03.16 15:14	modify	271	0.98	1.10877	1.10867	1.10495	0.00	7529.59
676	2016.03.16 19:51	s/l	271	0.98	1.10867	1.10867	1.10495	9.80	7539.39
677	2016.04.11 15:30	buy	272	2.43	1.14056	1.13839	1.14599	0.00	7539.39
678	2016.04.11 16:53	close	272	1.22	1.14383	1.13839	1.14599	398.94	7938.33
679	2016.04.11 16:53	buy	273	1.21	1.14056	1.13839	1.14599	0.00	7938.33
680	2016.04.11 16:53	modify	273	1.21	1.14056	1.14066	0.00000	0.00	7938.33
681	2016.04.11 16:53	modify	273	1.21	1.14056	1.14284	0.00000	0.00	7938.33
682	2016.04.11 18:11	s/l	273	1.21	1.14284	1.14284	0.00000	275.88	8214.21
683	2016.04.18 15:30	buy	274	1.64	1.13169	1.12969	1.13669	0.00	8214.21
684	2016.04.18 16:40	s/l	274	1.64	1.12969	1.12969	1.13669	-328.00	7886.21
685	2016.04.26 09:15	buy	275	1.03	1.12721	1.12568	1.13104	0.00	7886.21
686	2016.04.26 10:00	s/l	275	1.03	1.12568	1.12568	1.13104	-157.59	7728.62
687	2016.04.26 15:15	buy	276	0.81	1.12873	1.12683	1.13348	0.00	7728.62
688	2016.04.26 15:35	modify	276	0.81	1.12873	1.12883	1.13348	0.00	7728.62
689	2016.04.26 16:23	t/p	276	0.81	1.13348	1.12883	1.13348	384.75	8113.37
690	2016.04.27 09:30	buy	277	3.50	1.13052	1.12890	1.13457	0.00	8113.37
691	2016.04.27 10:38	close	277	1.75	1.13296	1.12890	1.13457	427.00	8540.37
692	2016.04.27 10:38	buy	278	1.75	1.13052	1.12890	1.13457	0.00	8540.37
693	2016.04.27 10:38	modify	278	1.75	1.13052	1.13062	0.00000	0.00	8540.37
694	2016.04.27 10:38	modify	278	1.75	1.13052	1.13197	0.00000	0.00	8540.37
695	2016.04.27 11:40	s/l	278	1.75	1.13197	1.13197	0.00000	253.75	8794.12
696	2016.04.27 15:30	buy	279	1.70	1.13114	1.12908	1.13629	0.00	8794.12
697	2016.04.27 20:14	modify	279	1.70	1.13114	1.13124	1.13629	0.00	8794.12
698	2016.04.27 21:00	s/l	279	1.70	1.13124	1.13124	1.13629	17.00	8811.12
699	2016.05.09 08:45	sell	280	2.23	1.13988	1.14146	1.13593	0.00	8811.12
700	2016.05.09 09:52	s/l	280	2.23	1.14146	1.14146	1.13593	-352.34	8458.78
701	2016.05.09 10:15	sell	281	0.76	1.13993	1.14214	1.13441	0.00	8458.78
702	2016.05.10 13:58	modify	281	0.76	1.13993	1.13983	1.13441	0.00	8458.78
703	2016.05.10 17:42	s/l	281	0.76	1.13983	1.13983	1.13441	9.53	8468.31
704	2016.05.17 11:45	sell	282	3.38	1.13230	1.13405	1.12793	0.00	8468.31
705	2016.05.17 16:46	s/l	282	3.38	1.13405	1.13405	1.12793	-591.50	7876.81
706	2016.05.23 15:30	sell	283	0.91	1.12019	1.12192	1.11587	0.00	7876.81
707	2016.05.23 20:14	s/l	283	0.91	1.12192	1.12192	1.11587	-157.43	7719.38
708	2016.05.24 10:30	sell	284	0.68	1.11949	1.12175	1.11384	0.00	7719.38
709	2016.05.24 15:31	modify	284	0.68	1.11949	1.11939	1.11384	0.00	7719.38
710	2016.05.24 22:16	t/p	284	0.68	1.11384	1.11939	1.11384	384.20	8103.58
711	2016.06.13 15:30	sell	285	2.82	1.12597	1.12798	1.12095	0.00	8103.58
712	2016.06.13 17:12	s/l	285	2.82	1.12798	1.12798	1.12095	-566.82	7536.76
713	2016.07.04 14:45	buy	286	0.79	1.11379	1.11190	1.11852	0.00	7536.76
714	2016.07.05 10:29	modify	286	0.79	1.11379	1.11389	1.11852	0.00	7536.76
715	2016.07.05 10:30	t/p	286	0.79	1.11852	1.11389	1.11852	367.08	7903.84
716	2016.07.05 15:45	buy	287	2.25	1.11521	1.11276	1.12134	0.00	7903.84
717	2016.07.05 17:31	s/l	287	2.25	1.11276	1.11276	1.12134	-551.25	7352.59
718	2016.07.13 10:15	sell	288	0.73	1.10468	1.10669	1.09966	0.00	7352.59
719	2016.07.13 12:30	s/l	288	0.73	1.10669	1.10669	1.09966	-146.73	7205.86
720	2016.07.21 09:45	buy	289	0.41	1.10426	1.10252	1.10861	0.00	7205.86
721	2016.07.21 10:27	s/l	289	0.41	1.10252	1.10252	1.10861	-71.34	7134.52
722	2016.07.21 10:27	sell	290	0.30	1.10252	1.10489	1.09660	0.00	7134.52
723	2016.07.21 15:40	s/l	290	0.30	1.10489	1.10489	1.09660	-71.10	7063.42
724	2016.08.25 16:00	buy	291	0.36	1.12941	1.12748	1.13424	0.00	7063.42
725	2016.08.25 18:53	s/l	291	0.36	1.12748	1.12748	1.13424	-69.48	6993.94
726	2016.09.13 16:15	sell	292	0.66	1.12266	1.12475	1.11744	0.00	6993.94
727	2016.09.13 17:05	s/l	292	0.66	1.12475	1.12475	1.11744	-137.94	6856.00
728	2016.09.14 10:30	sell	293	0.70	1.12235	1.12430	1.11748	0.00	6856.00
729	2016.09.14 17:22	s/l	293	0.70	1.12430	1.12430	1.11748	-136.50	6719.50
730	2016.09.29 15:45	sell	294	0.33	1.12069	1.12270	1.11567	0.00	6719.50
731	2016.09.29 17:13	s/l	294	0.33	1.12270	1.12270	1.11567	-66.33	6653.17
732	2016.10.03 10:45	buy	295	0.69	1.12377	1.12185	1.12857	0.00	6653.17
733	2016.10.03 17:00	s/l	295	0.69	1.12185	1.12185	1.12857	-132.48	6520.69
734	2016.10.19 14:00	sell	296	0.68	1.09847	1.10038	1.09370	0.00	6520.69
735	2016.10.19 17:50	modify	296	0.68	1.09847	1.09837	1.09370	0.00	6520.69
736	2016.10.20 14:25	s/l	296	0.68	1.09837	1.09837	1.09370	11.97	6532.66
737	2016.10.27 16:15	buy	297	1.48	1.09265	1.09111	1.09650	0.00	6532.66
738	2016.10.27 17:07	s/l	297	1.48	1.09111	1.09111	1.09650	-227.92	6304.74
739	2016.11.23 14:00	sell	298	0.78	1.06221	1.06381	1.05821	0.00	6304.74
740	2016.11.23 15:20	modify	298	0.78	1.06221	1.06211	1.05821	0.00	6304.74
741	2016.11.23 15:31	t/p	298	0.78	1.05821	1.06211	1.05821	312.00	6616.74
742	2016.11.29 09:30	sell	299	2.77	1.05923	1.06090	1.05506	0.00	6616.74
743	2016.11.29 10:02	s/l	299	2.77	1.06090	1.06090	1.05506	-462.59	6154.15
744	2016.11.29 11:00	sell	300	0.51	1.05922	1.06159	1.05330	0.00	6154.15
745	2016.11.29 17:10	s/l	300	0.51	1.06159	1.06159	1.05330	-120.87	6033.28
746	2016.11.30 10:30	buy	301	0.56	1.06382	1.06170	1.06912	0.00	6033.28
747	2016.11.30 15:15	s/l	301	0.56	1.06170	1.06170	1.06912	-118.72	5914.56
748	2016.12.07 10:45	buy	302	0.54	1.07313	1.07097	1.07853	0.00	5914.56
749	2016.12.07 12:06	s/l	302	0.54	1.07097	1.07097	1.07853	-116.64	5797.92
750	2016.12.07 12:06	sell	303	0.48	1.07097	1.07335	1.06502	0.00	5797.92
751	2016.12.07 14:46	s/l	303	0.48	1.07335	1.07335	1.06502	-114.24	5683.68
752	2016.12.14 14:00	buy	304	0.71	1.06484	1.06325	1.06882	0.00	5683.68
753	2016.12.14 16:02	s/l	304	0.71	1.06325	1.06325	1.06882	-112.89	5570.79
754	2016.12.19 09:00	buy	305	0.54	1.04757	1.04554	1.05265	0.00	5570.79
755	2016.12.19 11:47	s/l	305	0.54	1.04554	1.04554	1.05265	-109.62	5461.17
756	2016.12.19 11:47	sell	306	0.65	1.04554	1.04720	1.04139	0.00	5461.17
757	2016.12.19 13:54	modify	306	0.65	1.04554	1.04544	1.04139	0.00	5461.17
758	2016.12.19 15:20	t/p	306	0.65	1.04139	1.04544	1.04139	269.75	5730.92
759	2016.12.22 16:15	buy	307	0.23	1.04507	1.04268	1.05105	0.00	5730.92
760	2016.12.22 17:07	modify	307	0.23	1.04507	1.04517	1.05105	0.00	5730.92
761	2016.12.22 18:02	s/l	307	0.23	1.04517	1.04517	1.05105	2.30	5733.22
762	2016.12.29 11:15	buy	308	1.18	1.04570	1.04400	1.04995	0.00	5733.22
763	2016.12.29 17:57	modify	308	1.18	1.04570	1.04580	1.04995	0.00	5733.22
764	2016.12.30 01:22	t/p	308	1.18	1.04995	1.04580	1.04995	491.65	6224.88
765	2017.01.11 11:15	sell	309	1.56	1.05446	1.05605	1.05049	0.00	6224.88
766	2017.01.11 12:29	modify	309	1.56	1.05446	1.05436	1.05049	0.00	6224.88
767	2017.01.11 14:08	t/p	309	1.56	1.05049	1.05436	1.05049	619.32	6844.20
768	2017.01.16 09:15	sell	310	1.18	1.06079	1.06311	1.05499	0.00	6844.20
769	2017.01.17 06:10	s/l	310	1.18	1.06311	1.06311	1.05499	-270.77	6573.43
770	2017.01.17 06:10	buy	311	1.42	1.06312	1.06128	1.06772	0.00	6573.43
771	2017.01.17 07:59	modify	311	1.42	1.06312	1.06322	1.06772	0.00	6573.43
772	2017.01.17 11:30	t/p	311	1.42	1.06772	1.06322	1.06772	653.20	7226.63
773	2017.01.18 10:15	buy	312	0.68	1.06946	1.06735	1.07474	0.00	7226.63
774	2017.01.18 14:57	s/l	312	0.68	1.06735	1.06735	1.07474	-143.48	7083.15
775	2017.01.26 11:45	sell	313	0.40	1.07280	1.07454	1.06845	0.00	7083.15
776	2017.01.26 15:01	modify	313	0.40	1.07280	1.07270	1.06845	0.00	7083.15
777	2017.01.26 16:20	t/p	313	0.40	1.06845	1.07270	1.06845	174.00	7257.15
778	2017.01.31 10:00	buy	314	2.93	1.06996	1.06823	1.07429	0.00	7257.15
779	2017.01.31 13:40	close	314	1.47	1.07256	1.06823	1.07429	382.20	7639.35
780	2017.01.31 13:40	buy	315	1.46	1.06996	1.06823	1.07429	0.00	7639.35
781	2017.01.31 13:40	modify	315	1.46	1.06996	1.07006	0.00000	0.00	7639.35
782	2017.01.31 13:40	modify	315	1.46	1.06996	1.07159	0.00000	0.00	7639.35
783	2017.01.31 13:40	modify	315	1.46	1.06996	1.07223	0.00000	0.00	7639.35
784	2017.01.31 13:42	s/l	315	1.46	1.07223	1.07223	0.00000	331.42	7970.77
785	2017.02.02 09:30	buy	316	0.81	1.07950	1.07755	1.08438	0.00	7970.77
786	2017.02.02 15:47	modify	316	0.81	1.07950	1.07960	1.08438	0.00	7970.77
787	2017.02.02 18:17	s/l	316	0.81	1.07960	1.07960	1.08438	8.10	7978.87
788	2017.02.09 15:30	sell	317	1.00	1.06815	1.06974	1.06418	0.00	7978.87
789	2017.02.09 17:00	modify	317	1.00	1.06815	1.06805	1.06418	0.00	7978.87
790	2017.02.10 09:58	t/p	317	1.00	1.06418	1.06805	1.06418	399.54	8378.41
791	2017.02.20 15:00	sell	318	1.78	1.06094	1.06282	1.05624	0.00	8378.41
792	2017.02.21 03:19	modify	318	1.78	1.06094	1.06084	1.05624	0.00	8378.41
793	2017.02.21 10:34	t/p	318	1.78	1.05624	1.06084	1.05624	841.11	9219.52
794	2017.02.23 10:15	buy	319	0.78	1.05621	1.05386	1.06209	0.00	9219.52
795	2017.02.23 12:08	s/l	319	0.78	1.05386	1.05386	1.06209	-183.30	9036.22
796	2017.02.23 12:08	sell	320	0.87	1.05386	1.05593	1.04869	0.00	9036.22
797	2017.02.23 14:09	s/l	320	0.87	1.05593	1.05593	1.04869	-180.09	8856.13
798	2017.02.27 10:00	buy	321	0.91	1.05814	1.05620	1.06299	0.00	8856.13
799	2017.02.27 17:59	modify	321	0.91	1.05814	1.05824	1.06299	0.00	8856.13
800	2017.02.27 18:49	t/p	321	0.91	1.06299	1.05824	1.06299	441.35	9297.48
801	2017.02.28 11:15	buy	322	3.63	1.05918	1.05739	1.06366	0.00	9297.48
802	2017.02.28 17:13	close	322	1.82	1.06187	1.05739	1.06366	489.58	9787.06
803	2017.02.28 17:13	buy	323	1.81	1.05918	1.05739	1.06366	0.00	9787.06
804	2017.02.28 17:13	modify	323	1.81	1.05918	1.05928	0.00000	0.00	9787.06
805	2017.02.28 17:13	modify	323	1.81	1.05918	1.06086	0.00000	0.00	9787.06
806	2017.02.28 17:48	s/l	323	1.81	1.06086	1.06086	0.00000	304.08	10091.14
807	2017.03.02 11:45	sell	324	1.01	1.05257	1.05455	1.04762	0.00	10091.14
808	2017.03.02 21:26	modify	324	1.01	1.05257	1.05247	1.04762	0.00	10091.14
809	2017.03.03 08:51	s/l	324	1.01	1.05247	1.05247	1.04762	12.66	10103.80
810	2017.03.06 15:30	buy	325	2.27	1.06011	1.05833	1.06456	0.00	10103.80
811	2017.03.06 18:32	s/l	325	2.27	1.05833	1.05833	1.06456	-404.06	9699.74
812	2017.03.22 08:45	buy	326	1.16	1.08101	1.07934	1.08519	0.00	9699.74
813	2017.03.22 09:33	s/l	326	1.16	1.07934	1.07934	1.08519	-193.72	9506.02
814	2017.03.22 15:00	buy	327	0.90	1.08040	1.07830	1.08565	0.00	9506.02
815	2017.03.23 03:02	s/l	327	0.90	1.07830	1.07830	1.08565	-211.53	9294.49
816	2017.03.23 03:02	sell	328	0.67	1.07830	1.07968	1.07485	0.00	9294.49
817	2017.03.23 08:28	s/l	328	0.67	1.07968	1.07968	1.07485	-92.46	9202.03
818	2017.03.28 15:30	buy	329	1.00	1.08649	1.08466	1.09107	0.00	9202.03
819	2017.03.28 19:12	s/l	329	1.00	1.08466	1.08466	1.09107	-183.00	9019.03
820	2017.04.06 15:30	sell	330	0.46	1.06577	1.06772	1.06090	0.00	9019.03
821	2017.04.07 14:03	modify	330	0.46	1.06577	1.06567	1.06090	0.00	9019.03
822	2017.04.07 15:30	s/l	330	0.46	1.06567	1.06567	1.06090	5.77	9024.80
823	2017.04.27 15:00	sell	331	1.83	1.08862	1.09034	1.08432	0.00	9024.80
824	2017.04.27 15:35	s/l	331	1.83	1.09034	1.09034	1.08432	-314.76	8710.04
825	2017.05.08 08:45	buy	332	0.82	1.09896	1.09686	1.10421	0.00	8710.04
826	2017.05.08 10:13	s/l	332	0.82	1.09686	1.09686	1.10421	-172.20	8537.84
827	2017.05.08 15:00	sell	333	0.85	1.09381	1.09581	1.08881	0.00	8537.84
828	2017.05.09 09:26	modify	333	0.85	1.09381	1.09371	1.08881	0.00	8537.84
829	2017.05.09 13:46	t/p	333	0.85	1.08881	1.09371	1.08881	427.16	8965.00
830	2017.05.25 10:30	buy	334	2.03	1.12384	1.12230	1.12769	0.00	8965.00
831	2017.05.25 12:34	s/l	334	2.03	1.12230	1.12230	1.12769	-312.62	8652.38
832	2017.05.31 10:00	buy	335	0.86	1.11880	1.11681	1.12378	0.00	8652.38
833	2017.05.31 14:05	modify	335	0.86	1.11880	1.11890	1.12378	0.00	8652.38
834	2017.05.31 16:49	t/p	335	0.86	1.12378	1.11890	1.12378	428.28	9080.66
835	2017.06.05 10:15	buy	336	3.53	1.12759	1.12579	1.13209	0.00	9080.66
836	2017.06.05 13:22	s/l	336	3.53	1.12579	1.12579	1.13209	-635.40	8445.26
837	2017.06.08 11:30	sell	337	0.55	1.12515	1.12666	1.12138	0.00	8445.26
838	2017.06.08 14:46	modify	337	0.55	1.12515	1.12505	1.12138	0.00	8445.26
839	2017.06.08 15:38	t/p	337	0.55	1.12138	1.12505	1.12138	207.35	8652.61
840	2017.06.12 14:15	buy	338	3.29	1.12241	1.12057	1.12701	0.00	8652.61
841	2017.06.12 16:51	s/l	338	3.29	1.12057	1.12057	1.12701	-605.36	8047.25
842	2017.06.21 16:30	sell	339	0.76	1.11336	1.11546	1.10811	0.00	8047.25
843	2017.06.21 21:22	s/l	339	0.76	1.11546	1.11546	1.10811	-159.60	7887.65
844	2017.07.05 11:30	sell	340	0.91	1.13503	1.13675	1.13073	0.00	7887.65
845	2017.07.05 12:00	modify	340	0.91	1.13503	1.13493	1.13073	0.00	7887.65
846	2017.07.05 21:00	s/l	340	0.91	1.13493	1.13493	1.13073	9.10	7896.75
847	2017.07.20 10:30	sell	341	1.39	1.15072	1.15270	1.14577	0.00	7896.75
848	2017.07.20 15:43	s/l	341	1.39	1.15270	1.15270	1.14577	-275.22	7621.53
849	2017.07.26 16:45	sell	342	0.64	1.16337	1.16572	1.15750	0.00	7621.53
850	2017.07.26 21:01	s/l	342	0.64	1.16572	1.16572	1.15750	-150.40	7471.13
851	2017.07.31 09:00	buy	343	0.91	1.17456	1.17293	1.17864	0.00	7471.13
852	2017.07.31 09:16	s/l	343	0.91	1.17293	1.17293	1.17864	-148.33	7322.80
853	2017.07.31 09:16	sell	344	0.73	1.17293	1.17492	1.16796	0.00	7322.80
854	2017.07.31 16:51	s/l	344	0.73	1.17492	1.17492	1.16796	-145.27	7177.53
855	2017.08.03 10:00	buy	345	0.45	1.18511	1.18354	1.18904	0.00	7177.53
856	2017.08.03 11:00	s/l	345	0.45	1.18354	1.18354	1.18904	-70.65	7106.88
857	2017.08.03 11:00	sell	346	0.53	1.18353	1.18487	1.18018	0.00	7106.88
858	2017.08.03 12:34	s/l	346	0.53	1.18487	1.18487	1.18018	-71.02	7035.86
859	2017.08.07 15:45	sell	347	0.80	1.17887	1.18062	1.17450	0.00	7035.86
860	2017.08.08 04:05	s/l	347	0.80	1.18062	1.18062	1.17450	-137.97	6897.88
861	2017.08.08 04:05	buy	348	1.53	1.18062	1.17972	1.18287	0.00	6897.88
862	2017.08.08 04:51	modify	348	1.53	1.18062	1.18072	1.18287	0.00	6897.88
863	2017.08.08 05:47	s/l	348	1.53	1.18072	1.18072	1.18287	15.30	6913.18
864	2017.08.22 15:45	sell	349	0.70	1.17550	1.17746	1.17060	0.00	6913.18
865	2017.08.23 10:32	s/l	349	0.70	1.17746	1.17746	1.17060	-135.42	6777.76
866	2017.09.06 09:00	buy	350	0.74	1.19253	1.19072	1.19706	0.00	6777.76
867	2017.09.07 10:46	modify	350	0.74	1.19253	1.19263	1.19706	0.00	6777.76
868	2017.09.07 12:21	t/p	350	0.74	1.19706	1.19263	1.19706	316.70	7094.46
869	2017.09.11 10:45	buy	351	2.33	1.20121	1.19908	1.20654	0.00	7094.46
870	2017.09.11 14:38	s/l	351	2.33	1.19908	1.19908	1.20654	-496.29	6598.17
871	2017.09.12 11:30	sell	352	0.81	1.19614	1.19776	1.19209	0.00	6598.17
872	2017.09.12 13:45	modify	352	0.81	1.19614	1.19604	1.19209	0.00	6598.17
873	2017.09.12 17:18	s/l	352	0.81	1.19604	1.19604	1.19209	8.10	6606.27
874	2017.09.13 10:30	buy	353	2.35	1.19861	1.19665	1.20351	0.00	6606.27
875	2017.09.13 12:53	s/l	353	2.35	1.19665	1.19665	1.20351	-460.60	6145.67
876	2017.09.13 14:00	buy	354	0.71	1.19866	1.19695	1.20294	0.00	6145.67
877	2017.09.13 16:01	s/l	354	0.71	1.19695	1.19695	1.20294	-121.41	6024.26
878	2017.09.18 15:30	buy	355	0.67	1.19576	1.19397	1.20024	0.00	6024.26
879	2017.09.18 18:53	s/l	355	0.67	1.19397	1.19397	1.20024	-119.93	5904.33
880	2017.09.28 16:00	sell	356	0.30	1.17668	1.17863	1.17181	0.00	5904.33
881	2017.09.28 16:20	s/l	356	0.30	1.17863	1.17863	1.17181	-58.50	5845.83
882	2017.09.28 16:20	buy	357	0.26	1.17863	1.17644	1.18411	0.00	5845.83
883	2017.09.29 15:30	modify	357	0.26	1.17863	1.17873	1.18411	0.00	5845.83
884	2017.10.02 04:10	s/l	357	0.26	1.17873	1.17873	1.18411	-1.74	5844.09
885	2017.10.03 15:45	sell	358	0.68	1.17382	1.17553	1.16955	0.00	5844.09
886	2017.10.03 16:24	s/l	358	0.68	1.17553	1.17553	1.16955	-116.28	5727.81
887	2017.10.03 16:24	buy	359	0.58	1.17553	1.17357	1.18043	0.00	5727.81
888	2017.10.04 00:51	s/l	359	0.58	1.17357	1.17357	1.18043	-118.52	5609.29
889	2017.10.19 09:45	buy	360	0.32	1.18123	1.17952	1.18551	0.00	5609.29
890	2017.10.19 11:09	s/l	360	0.32	1.17952	1.17952	1.18551	-54.72	5554.57
891	2017.10.19 11:09	sell	361	0.23	1.17952	1.18189	1.17360	0.00	5554.57
892	2017.10.19 13:21	s/l	361	0.23	1.18189	1.18189	1.17360	-54.51	5500.06
893	2017.10.31 10:30	sell	362	0.64	1.16350	1.16521	1.15923	0.00	5500.06
894	2017.10.31 18:26	s/l	362	0.64	1.16521	1.16521	1.15923	-109.44	5390.62
895	2017.11.06 09:15	sell	363	0.57	1.15999	1.16185	1.15534	0.00	5390.62
896	2017.11.07 10:43	modify	363	0.57	1.15999	1.15989	1.15534	0.00	5390.62
897	2017.11.08 01:19	s/l	363	0.57	1.15989	1.15989	1.15534	8.59	5399.21
898	2017.11.08 14:15	sell	364	2.31	1.15881	1.16044	1.15474	0.00	5399.21
899	2017.11.09 07:31	s/l	364	2.31	1.16044	1.16044	1.15474	-358.96	5040.25
900	2017.11.09 16:45	buy	365	0.22	1.16204	1.15982	1.16759	0.00	5040.25
901	2017.11.09 18:46	modify	365	0.22	1.16204	1.16214	1.16759	0.00	5040.25
902	2017.11.10 17:30	t/p	365	0.22	1.16759	1.16214	1.16759	120.26	5160.52
903	2017.11.16 08:30	buy	366	0.93	1.17957	1.17763	1.18442	0.00	5160.52
904	2017.11.16 09:36	s/l	366	0.93	1.17763	1.17763	1.18442	-180.42	4980.10
905	2017.11.22 16:30	buy	367	0.44	1.17671	1.17445	1.18236	0.00	4980.10
906	2017.11.22 21:01	modify	367	0.44	1.17671	1.17681	1.18236	0.00	4980.10
907	2017.11.22 21:30	t/p	367	0.44	1.18236	1.17681	1.18236	248.60	5228.70
908	2017.11.28 10:15	buy	368	1.84	1.19040	1.18842	1.19535	0.00	5228.70
909	2017.11.28 12:08	s/l	368	1.84	1.18842	1.18842	1.19535	-364.32	4864.38
910	2017.11.28 16:30	sell	369	0.58	1.18844	1.19010	1.18429	0.00	4864.38
911	2017.11.28 20:20	modify	369	0.58	1.18844	1.18834	1.18429	0.00	4864.38
912	2017.11.28 21:21	t/p	369	0.58	1.18429	1.18834	1.18429	240.70	5105.08
913	2017.12.06 09:45	sell	370	1.65	1.18199	1.18415	1.17659	0.00	5105.08
914	2017.12.06 16:58	close	370	0.83	1.17875	1.18415	1.17659	268.92	5374.00
915	2017.12.06 16:58	sell	371	0.82	1.18199	1.18415	1.17659	0.00	5374.00
916	2017.12.06 16:58	modify	371	0.82	1.18199	1.18189	0.00000	0.00	5374.00
917	2017.12.06 16:58	modify	371	0.82	1.18199	1.17976	0.00000	0.00	5374.00
918	2017.12.06 17:39	s/l	371	0.82	1.17976	1.17976	0.00000	182.86	5556.86
919	2017.12.21 15:45	buy	372	0.64	1.18695	1.18524	1.19123	0.00	5556.86
920	2017.12.21 16:09	s/l	372	0.64	1.18524	1.18524	1.19123	-109.44	5447.42
921	2018.01.18 15:45	buy	373	0.29	1.22434	1.22252	1.22889	0.00	5447.42
922	2018.01.18 19:51	s/l	373	0.29	1.22252	1.22252	1.22889	-52.78	5394.64
923	2018.01.29 08:30	sell	374	0.62	1.24115	1.24288	1.23683	0.00	5394.64
924	2018.01.29 09:08	s/l	374	0.62	1.24288	1.24288	1.23683	-107.26	5287.38
925	2018.01.29 09:30	sell	375	0.46	1.24081	1.24309	1.23511	0.00	5287.38
926	2018.01.29 15:27	modify	375	0.46	1.24081	1.24071	1.23511	0.00	5287.38
927	2018.01.29 16:36	t/p	375	0.46	1.23511	1.24071	1.23511	262.20	5549.58
928	2018.02.01 08:15	sell	376	1.01	1.24092	1.24284	1.23612	0.00	5549.58
929	2018.02.01 10:14	s/l	376	1.01	1.24284	1.24284	1.23612	-193.92	5355.66
930	2018.02.05 14:00	sell	377	0.61	1.24476	1.24651	1.24039	0.00	5355.66
931	2018.02.05 16:05	modify	377	0.61	1.24476	1.24466	1.24039	0.00	5355.66
932	2018.02.05 16:40	t/p	377	0.61	1.24039	1.24466	1.24039	266.57	5622.23
933	2018.02.07 08:15	sell	378	2.38	1.23774	1.23939	1.23362	0.00	5622.23
934	2018.02.07 08:47	s/l	378	2.38	1.23939	1.23939	1.23362	-392.70	5229.53
935	2018.02.07 11:15	sell	379	0.45	1.23676	1.23904	1.23106	0.00	5229.53
936	2018.02.07 16:06	modify	379	0.45	1.23676	1.23666	1.23106	0.00	5229.53
937	2018.02.07 17:30	t/p	379	0.45	1.23106	1.23666	1.23106	256.50	5486.03
938	2018.02.12 14:15	sell	380	2.50	1.22619	1.22772	1.22237	0.00	5486.03
939	2018.02.12 15:34	close	380	1.25	1.22389	1.22772	1.22237	287.50	5773.53
940	2018.02.12 15:34	sell	381	1.25	1.22619	1.22772	1.22237	0.00	5773.53
941	2018.02.12 15:34	modify	381	1.25	1.22619	1.22609	0.00000	0.00	5773.53
942	2018.02.12 15:34	modify	381	1.25	1.22619	1.22488	0.00000	0.00	5773.53
943	2018.02.12 15:39	modify	381	1.25	1.22619	1.22457	0.00000	0.00	5773.53
944	2018.02.12 15:46	s/l	381	1.25	1.22457	1.22457	0.00000	202.50	5976.03
945	2018.02.26 09:45	buy	382	1.27	1.23322	1.23134	1.23792	0.00	5976.03
946	2018.02.26 15:47	s/l	382	1.27	1.23134	1.23134	1.23792	-238.76	5737.27
947	2018.02.27 08:30	buy	383	0.75	1.23331	1.23179	1.23711	0.00	5737.27
948	2018.02.27 13:41	s/l	383	0.75	1.23179	1.23179	1.23711	-114.00	5623.27
949	2018.03.06 10:30	buy	384	0.63	1.23436	1.23260	1.23876	0.00	5623.27
950	2018.03.06 13:23	modify	384	0.63	1.23436	1.23446	1.23876	0.00	5623.27
951	2018.03.06 13:32	t/p	384	0.63	1.23876	1.23446	1.23876	277.20	5900.47
952	2018.03.08 09:45	buy	385	1.03	1.24118	1.23919	1.24616	0.00	5900.47
953	2018.03.08 10:52	s/l	385	1.03	1.23919	1.23919	1.24616	-204.97	5695.50
954	2018.04.03 15:45	sell	386	0.49	1.22940	1.23169	1.22368	0.00	5695.50
955	2018.04.03 16:29	modify	386	0.49	1.22940	1.22930	1.22368	0.00	5695.50
956	2018.04.04 10:59	s/l	386	0.49	1.22930	1.22930	1.22368	6.14	5701.64
957	2018.04.04 15:15	sell	387	2.51	1.22759	1.22918	1.22362	0.00	5701.64
958	2018.04.04 15:49	s/l	387	2.51	1.22918	1.22918	1.22362	-399.09	5302.55
959	2018.04.09 14:45	buy	388	0.67	1.22796	1.22640	1.23186	0.00	5302.55
960	2018.04.09 15:13	modify	388	0.67	1.22796	1.22806	1.23186	0.00	5302.55
961	2018.04.09 16:05	t/p	388	0.67	1.23186	1.22806	1.23186	261.30	5563.85
962	2018.04.18 11:15	buy	389	2.22	1.23700	1.23525	1.24138	0.00	5563.85
963	2018.04.18 12:00	s/l	389	2.22	1.23525	1.23525	1.24138	-388.50	5175.35
964	2018.05.03 16:00	sell	390	0.21	1.19795	1.20031	1.19205	0.00	5175.35
965	2018.05.03 21:44	s/l	390	0.21	1.20031	1.20031	1.19205	-49.56	5125.79
966	2018.05.08 10:00	sell	391	0.59	1.19179	1.19351	1.18749	0.00	5125.79
967	2018.05.08 11:27	modify	391	0.59	1.19179	1.19169	1.18749	0.00	5125.79
968	2018.05.08 12:42	t/p	391	0.59	1.18749	1.19169	1.18749	253.70	5379.49
969	2018.05.10 10:15	sell	392	0.90	1.18604	1.18812	1.18084	0.00	5379.49
970	2018.05.10 12:15	s/l	392	0.90	1.18812	1.18812	1.18084	-187.20	5192.29
971	2018.05.15 11:00	sell	393	0.64	1.19231	1.19391	1.18831	0.00	5192.29
972	2018.05.15 14:10	modify	393	0.64	1.19231	1.19221	1.18831	0.00	5192.29
973	2018.05.15 14:28	t/p	393	0.64	1.18831	1.19221	1.18831	256.00	5448.29
974	2018.05.17 09:15	sell	394	0.84	1.18149	1.18374	1.17587	0.00	5448.29
975	2018.05.17 13:27	modify	394	0.84	1.18149	1.18139	1.17587	0.00	5448.29
976	2018.05.18 08:58	s/l	394	0.84	1.18139	1.18139	1.17587	10.53	5458.82
977	2018.06.12 15:00	buy	395	1.12	1.17935	1.17741	1.18420	0.00	5458.82
978	2018.06.12 19:58	s/l	395	1.12	1.17741	1.17741	1.18420	-217.28	5241.54
979	2018.06.13 09:15	sell	396	0.69	1.17397	1.17548	1.17020	0.00	5241.54
980	2018.06.13 12:52	s/l	396	0.69	1.17548	1.17548	1.17020	-104.19	5137.35
981	2018.06.20 10:00	sell	397	0.52	1.15667	1.15862	1.15180	0.00	5137.35
982	2018.06.20 10:42	s/l	397	0.52	1.15862	1.15862	1.15180	-101.40	5035.95
983	2018.06.21 11:15	sell	398	0.32	1.15541	1.15697	1.15151	0.00	5035.95
984	2018.06.21 11:50	modify	398	0.32	1.15541	1.15531	1.15151	0.00	5035.95
985	2018.06.21 12:02	t/p	398	0.32	1.15151	1.15531	1.15151	124.80	5160.75
986	2018.06.27 08:15	sell	399	1.91	1.16401	1.16590	1.15929	0.00	5160.75
987	2018.06.27 09:09	s/l	399	1.91	1.16590	1.16590	1.15929	-360.99	4799.76
988	2018.06.27 10:45	sell	400	0.48	1.16544	1.16741	1.16052	0.00	4799.76
989	2018.06.27 11:35	modify	400	0.48	1.16544	1.16534	1.16052	0.00	4799.76
990	2018.06.27 15:48	t/p	400	0.48	1.16052	1.16534	1.16052	236.16	5035.92
991	2018.07.05 08:30	buy	401	1.07	1.16643	1.16479	1.17053	0.00	5035.92
992	2018.07.05 08:51	modify	401	1.07	1.16643	1.16653	1.17053	0.00	5035.92
993	2018.07.05 09:37	t/p	401	1.07	1.17053	1.16653	1.17053	438.70	5474.62
994	2018.07.10 09:45	buy	402	1.30	1.17465	1.17297	1.17885	0.00	5474.62
995	2018.07.10 11:39	s/l	402	1.30	1.17297	1.17297	1.17885	-218.40	5256.22
996	2018.07.10 11:45	sell	403	0.43	1.17264	1.17505	1.16662	0.00	5256.22
997	2018.07.11 15:45	s/l	403	0.43	1.17505	1.17505	1.16662	-102.54	5153.68
998	2018.07.24 11:30	sell	404	0.53	1.16796	1.16988	1.16316	0.00	5153.68
999	2018.07.24 13:09	s/l	404	0.53	1.16988	1.16988	1.16316	-101.76	5051.92
1000	2018.07.24 16:45	buy	405	0.57	1.17052	1.16876	1.17492	0.00	5051.92
1001	2018.07.24 18:51	s/l	405	0.57	1.16876	1.16876	1.17492	-100.32	4951.60
1002	2018.07.25 16:00	buy	406	0.63	1.16990	1.16834	1.17380	0.00	4951.60
1003	2018.07.25 17:43	s/l	406	0.63	1.16834	1.16834	1.17380	-98.28	4853.32
1004	2018.08.01 16:45	sell	407	0.63	1.16783	1.16935	1.16403	0.00	4853.32
1005	2018.08.02 05:44	modify	407	0.63	1.16783	1.16773	1.16403	0.00	4853.32
1006	2018.08.02 09:35	t/p	407	0.63	1.16403	1.16773	1.16403	244.19	5097.51
1007	2018.08.16 11:30	buy	408	0.78	1.13776	1.13548	1.14346	0.00	5097.51
1008	2018.08.16 20:47	s/l	408	0.78	1.13548	1.13548	1.14346	-177.84	4919.67
1009	2018.08.27 14:15	buy	409	0.65	1.16177	1.16026	1.16555	0.00	4919.67
1010	2018.08.27 15:20	modify	409	0.65	1.16177	1.16187	1.16555	0.00	4919.67
1011	2018.08.27 16:48	t/p	409	0.65	1.16555	1.16187	1.16555	245.70	5165.37
1012	2018.09.05 09:15	sell	410	2.37	1.15819	1.15971	1.15439	0.00	5165.37
1013	2018.09.05 10:16	close	410	1.19	1.15591	1.15971	1.15439	271.32	5436.69
1014	2018.09.05 10:16	sell	411	1.18	1.15819	1.15971	1.15439	0.00	5436.69
1015	2018.09.05 10:16	modify	411	1.18	1.15819	1.15809	0.00000	0.00	5436.69
1016	2018.09.05 10:16	modify	411	1.18	1.15819	1.15692	0.00000	0.00	5436.69
1017	2018.09.05 10:18	modify	411	1.18	1.15819	1.15665	0.00000	0.00	5436.69
1018	2018.09.05 10:22	modify	411	1.18	1.15819	1.15611	0.00000	0.00	5436.69
1019	2018.09.05 11:01	s/l	411	1.18	1.15611	1.15611	0.00000	245.44	5682.13
1020	2018.09.06 10:30	buy	412	0.50	1.16337	1.16114	1.16895	0.00	5682.13
1021	2018.09.06 18:06	s/l	412	0.50	1.16114	1.16114	1.16895	-111.50	5570.63
1022	2018.09.12 11:45	sell	413	0.47	1.15831	1.16064	1.15249	0.00	5570.63
1023	2018.09.12 17:01	s/l	413	0.47	1.16064	1.16064	1.15249	-109.51	5461.12
1024	2018.09.25 11:45	buy	414	0.43	1.17560	1.17311	1.18183	0.00	5461.12
1025	2018.09.26 15:20	s/l	414	0.43	1.17311	1.17311	1.18183	-110.66	5350.47
1026	2018.09.26 15:20	sell	415	0.64	1.17311	1.17478	1.16894	0.00	5350.47
1027	2018.09.26 17:45	s/l	415	0.64	1.17478	1.17478	1.16894	-106.88	5243.59
1028	2018.10.10 14:00	buy	416	0.60	1.15026	1.14853	1.15459	0.00	5243.59
1029	2018.10.10 17:09	modify	416	0.60	1.15026	1.15036	1.15459	0.00	5243.59
1030	2018.10.11 04:51	t/p	416	0.60	1.15459	1.15036	1.15459	244.78	5488.37
1031	2018.10.16 10:30	buy	417	1.64	1.15911	1.15678	1.16494	0.00	5488.37
1032	2018.10.16 12:23	s/l	417	1.64	1.15678	1.15678	1.16494	-382.12	5106.25
1033	2018.10.18 15:15	sell	418	0.30	1.15042	1.15208	1.14627	0.00	5106.25
1034	2018.10.18 19:15	modify	418	0.30	1.15042	1.15032	1.14627	0.00	5106.25
1035	2018.10.18 20:19	t/p	418	0.30	1.14627	1.15032	1.14627	124.50	5230.75
1036	2018.10.25 16:15	sell	419	0.77	1.14105	1.14342	1.13513	0.00	5230.75
1037	2018.10.25 16:40	modify	419	0.77	1.14105	1.14095	1.13513	0.00	5230.75
1038	2018.10.26 12:53	t/p	419	0.77	1.13513	1.14095	1.13513	457.79	5688.54
1039	2018.11.08 09:15	sell	420	0.53	1.14158	1.14369	1.13631	0.00	5688.54
1040	2018.11.08 10:02	s/l	420	0.53	1.14369	1.14369	1.13631	-111.83	5576.71
1041	2018.11.08 11:00	sell	421	0.33	1.14295	1.14463	1.13875	0.00	5576.71
1042	2018.11.08 13:34	modify	421	0.33	1.14295	1.14285	1.13875	0.00	5576.71
1043	2018.11.08 15:15	s/l	421	0.33	1.14285	1.14285	1.13875	3.30	5580.01
1044	2018.11.21 11:45	sell	422	1.58	1.13826	1.14073	1.13209	0.00	5580.01
1045	2018.11.21 13:23	s/l	422	1.58	1.14073	1.14073	1.13209	-390.26	5189.75
1046	2018.11.26 15:00	sell	423	0.68	1.13561	1.13712	1.13184	0.00	5189.75
1047	2018.11.26 15:34	s/l	423	0.68	1.13712	1.13712	1.13184	-102.68	5087.07
1048	2018.12.13 15:30	buy	424	0.21	1.13807	1.13570	1.14400	0.00	5087.07
1049	2018.12.13 15:38	s/l	424	0.21	1.13570	1.13570	1.14400	-49.77	5037.30
1050	2018.12.27 09:45	sell	425	0.31	1.13748	1.13907	1.13351	0.00	5037.30
1051	2018.12.27 10:24	s/l	425	0.31	1.13907	1.13907	1.13351	-49.29	4988.01
1052	2018.12.27 10:24	buy	426	0.25	1.13907	1.13708	1.14405	0.00	4988.01
1053	2018.12.27 14:58	s/l	426	0.25	1.13708	1.13708	1.14405	-49.75	4938.26
1054	2018.12.31 10:00	buy	427	0.47	1.14428	1.14219	1.14951	0.00	4938.26
1055	2019.01.02 07:58	modify	427	0.47	1.14428	1.14438	1.14951	0.00	4938.26
1056	2019.01.02 08:10	t/p	427	0.47	1.14951	1.14438	1.14951	237.97	5176.23
1057	2019.01.09 15:45	buy	428	2.08	1.14633	1.14459	1.15068	0.00	5176.23
1058	2019.01.09 16:35	close	428	1.04	1.14895	1.14459	1.15068	272.48	5448.71
1059	2019.01.09 16:35	buy	429	1.04	1.14633	1.14459	1.15068	0.00	5448.71
1060	2019.01.09 16:35	modify	429	1.04	1.14633	1.14643	0.00000	0.00	5448.71
1061	2019.01.09 16:35	modify	429	1.04	1.14633	1.14797	0.00000	0.00	5448.71
1062	2019.01.09 16:36	modify	429	1.04	1.14633	1.14863	0.00000	0.00	5448.71
1063	2019.01.09 16:36	modify	429	1.04	1.14633	1.14995	0.00000	0.00	5448.71
1064	2019.01.09 17:13	modify	429	1.04	1.14633	1.15259	0.00000	0.00	5448.71
1065	2019.01.09 17:33	s/l	429	1.04	1.15259	1.15259	0.00000	651.04	6099.75
1066	2019.01.14 14:45	sell	430	1.50	1.14570	1.14732	1.14165	0.00	6099.75
1067	2019.01.14 17:55	s/l	430	1.50	1.14732	1.14732	1.14165	-243.00	5856.75
1068	2019.01.17 15:45	sell	431	0.31	1.13876	1.14064	1.13406	0.00	5856.75
1069	2019.01.18 12:02	s/l	431	0.31	1.14064	1.14064	1.13406	-57.49	5799.25
1070	2019.01.30 10:30	buy	432	0.65	1.14396	1.14218	1.14841	0.00	5799.25
1071	2019.01.30 13:11	s/l	432	0.65	1.14218	1.14218	1.14841	-115.70	5683.55
1072	2019.02.13 14:00	buy	433	0.54	1.13294	1.13087	1.13812	0.00	5683.55
1073	2019.02.13 14:54	s/l	433	0.54	1.13087	1.13087	1.13812	-111.78	5571.77
1074	2019.02.20 14:30	buy	434	0.60	1.13406	1.13223	1.13864	0.00	5571.77
1075	2019.02.20 18:51	modify	434	0.60	1.13406	1.13416	1.13864	0.00	5571.77
1076	2019.02.20 21:11	s/l	434	0.60	1.13416	1.13416	1.13864	6.00	5577.77
1077	2019.03.11 15:30	buy	435	1.80	1.12518	1.12302	1.13058	0.00	5577.77
1078	2019.03.11 17:51	s/l	435	1.80	1.12302	1.12302	1.13058	-388.80	5188.97
1079	2019.03.14 09:30	buy	436	0.33	1.13253	1.13098	1.13641	0.00	5188.97
1080	2019.03.14 12:01	s/l	436	0.33	1.13098	1.13098	1.13641	-51.15	5137.82
1081	2019.10.03 15:45	buy	437	0.31	1.09621	1.09460	1.10024	0.00	5137.82
1082	2019.10.03 17:00	modify	437	0.31	1.09621	1.09631	1.10024	0.00	5137.82
1083	2019.10.03 23:59	s/l	437	0.31	1.09631	1.09631	1.10024	3.10	5140.92
1084	2019.10.16 15:45	buy	438	1.55	1.10442	1.10210	1.11022	0.00	5140.92
1085	2019.10.16 19:25	close	438	0.78	1.10790	1.10210	1.11022	271.44	5412.36
1086	2019.10.16 19:25	buy	439	0.77	1.10442	1.10210	1.11022	0.00	5412.36
1087	2019.10.16 19:25	modify	439	0.77	1.10442	1.10452	0.00000	0.00	5412.36
1088	2019.10.16 19:25	modify	439	0.77	1.10442	1.10691	0.00000	0.00	5412.36
1089	2019.10.16 20:43	s/l	439	0.77	1.10691	1.10691	0.00000	191.73	5604.09
1090	2019.11.07 16:00	sell	440	0.64	1.10670	1.10843	1.10238	0.00	5604.09
1091	2019.11.07 17:57	modify	440	0.64	1.10670	1.10660	1.10238	0.00	5604.09
1092	2019.11.08 17:02	t/p	440	0.64	1.10238	1.10660	1.10238	278.10	5882.19
1093	2020.02.24 10:30	buy	441	1.27	1.08283	1.08099	1.08743	0.00	5882.19
1094	2020.02.24 17:07	modify	441	1.27	1.08283	1.08293	1.08743	0.00	5882.19
1095	2020.02.25 18:16	t/p	441	1.27	1.08743	1.08293	1.08743	573.60	6455.80
1096	2020.03.04 10:00	buy	442	1.57	1.11594	1.11430	1.12004	0.00	6455.80
1097	2020.03.04 10:42	modify	442	1.57	1.11594	1.11604	1.12004	0.00	6455.80
1098	2020.03.04 11:04	s/l	442	1.57	1.11604	1.11604	1.12004	15.70	6471.50
1099	2020.04.06 09:15	sell	443	1.15	1.08149	1.08374	1.07587	0.00	6471.50
1100	2020.04.06 15:45	modify	443	1.15	1.08149	1.08139	1.07587	0.00	6471.50
1101	2020.04.06 18:24	s/l	443	1.15	1.08139	1.08139	1.07587	11.50	6483.00
1102	2020.04.09 15:15	buy	444	0.66	1.08670	1.08475	1.09158	0.00	6483.00
1103	2020.04.09 15:53	modify	444	0.66	1.08670	1.08680	1.09158	0.00	6483.00
1104	2020.04.09 16:13	t/p	444	0.66	1.09158	1.08680	1.09158	322.08	6805.08
1105	2020.04.13 09:30	buy	445	1.56	1.09488	1.09314	1.09923	0.00	6805.08
1106	2020.04.13 11:20	s/l	445	1.56	1.09314	1.09314	1.09923	-271.44	6533.64
1107	2020.04.13 15:00	buy	446	0.56	1.09303	1.09072	1.09881	0.00	6533.64
1108	2020.04.13 16:29	s/l	446	0.56	1.09072	1.09072	1.09881	-129.36	6404.28
1109	2020.04.20 08:45	sell	447	0.63	1.08528	1.08731	1.08021	0.00	6404.28
1110	2020.04.20 11:46	s/l	447	0.63	1.08731	1.08731	1.08021	-127.89	6276.39
1111	2020.04.20 11:46	buy	448	0.79	1.08731	1.08574	1.09124	0.00	6276.39
1112	2020.04.20 14:08	s/l	448	0.79	1.08574	1.08574	1.09124	-124.03	6152.36
1113	2020.04.28 10:30	buy	449	0.53	1.08307	1.08076	1.08885	0.00	6152.36
1114	2020.04.28 12:20	modify	449	0.53	1.08307	1.08317	1.08885	0.00	6152.36
1115	2020.04.28 17:59	s/l	449	0.53	1.08317	1.08317	1.08885	5.30	6157.66
1116	2020.04.29 16:00	buy	450	2.17	1.08573	1.08375	1.09068	0.00	6157.66
1117	2020.04.30 10:05	close	450	1.09	1.08870	1.08375	1.09068	296.45	6454.10
1118	2020.04.30 10:05	buy	451	1.08	1.08573	1.08375	1.09068	0.00	6454.10
1119	2020.04.30 10:05	modify	451	1.08	1.08573	1.08583	0.00000	0.00	6454.10
1120	2020.04.30 10:05	modify	451	1.08	1.08573	1.08772	0.00000	0.00	6454.10
1121	2020.04.30 10:17	s/l	451	1.08	1.08772	1.08772	0.00000	187.89	6641.99
1122	2020.04.30 16:00	buy	452	0.81	1.08762	1.08599	1.09170	0.00	6641.99
1123	2020.04.30 16:08	s/l	452	0.81	1.08599	1.08599	1.09170	-132.03	6509.96
1124	2020.04.30 16:08	sell	453	0.56	1.08599	1.08830	1.08022	0.00	6509.96
1125	2020.04.30 17:21	s/l	453	0.56	1.08830	1.08830	1.08022	-129.36	6380.60
1126	2020.05.07 11:00	sell	454	0.32	1.07988	1.08182	1.07503	0.00	6380.60
1127	2020.05.07 17:03	modify	454	0.32	1.07988	1.07978	1.07503	0.00	6380.60
1128	2020.05.07 18:45	s/l	454	0.32	1.07978	1.07978	1.07503	3.20	6383.80
1129	2020.05.12 10:45	sell	455	2.13	1.08086	1.08295	1.07564	0.00	6383.80
1130	2020.05.12 13:25	s/l	455	2.13	1.08295	1.08295	1.07564	-445.17	5938.63
1131	2020.05.27 11:00	buy	456	0.78	1.09651	1.09499	1.10031	0.00	5938.63
1132	2020.05.27 12:03	s/l	456	0.78	1.09499	1.09499	1.10031	-118.56	5820.07
1133	2020.06.08 10:00	buy	457	0.76	1.12944	1.12791	1.13327	0.00	5820.07
1134	2020.06.08 13:35	s/l	457	0.76	1.12791	1.12791	1.13327	-116.28	5703.79
1135	2020.06.09 09:45	sell	458	0.50	1.12753	1.12980	1.12186	0.00	5703.79
1136	2020.06.09 11:19	modify	458	0.50	1.12753	1.12743	1.12186	0.00	5703.79
1137	2020.06.09 13:09	s/l	458	0.50	1.12743	1.12743	1.12186	5.00	5708.79
1138	2020.06.24 14:00	buy	459	2.49	1.13069	1.12909	1.13469	0.00	5708.79
1139	2020.06.24 14:43	s/l	459	2.49	1.12909	1.12909	1.13469	-398.40	5310.39
1140	2020.07.08 09:15	sell	460	0.59	1.12656	1.12836	1.12206	0.00	5310.39
1141	2020.07.08 10:06	s/l	460	0.59	1.12836	1.12836	1.12206	-106.20	5204.19
1142	2020.07.08 14:45	buy	461	0.68	1.12893	1.12740	1.13276	0.00	5204.19
1143	2020.07.08 16:32	modify	461	0.68	1.12893	1.12903	1.13276	0.00	5204.19
1144	2020.07.08 16:39	t/p	461	0.68	1.13276	1.12903	1.13276	260.44	5464.63
1145	2020.07.14 11:45	buy	462	1.84	1.13492	1.13285	1.14010	0.00	5464.63
1146	2020.07.14 14:36	close	462	0.92	1.13803	1.13285	1.14010	286.12	5750.75
1147	2020.07.14 14:36	buy	463	0.92	1.13492	1.13285	1.14010	0.00	5750.75
1148	2020.07.14 14:36	modify	463	0.92	1.13492	1.13502	0.00000	0.00	5750.75
1149	2020.07.14 14:36	modify	463	0.92	1.13492	1.13704	0.00000	0.00	5750.75
1150	2020.07.14 15:38	s/l	463	0.92	1.13704	1.13704	0.00000	195.04	5945.79
1151	2020.07.16 15:00	buy	464	0.62	1.14133	1.13944	1.14606	0.00	5945.79
1152	2020.07.16 17:40	modify	464	0.62	1.14133	1.14143	1.14606	0.00	5945.79
1153	2020.07.16 19:39	s/l	464	0.62	1.14143	1.14143	1.14606	6.20	5951.99
1154	2020.07.21 10:15	buy	465	0.97	1.14589	1.14345	1.15199	0.00	5951.99
1155	2020.07.21 10:46	s/l	465	0.97	1.14345	1.14345	1.15199	-236.68	5715.31
1156	2020.07.29 09:15	buy	466	0.68	1.17407	1.17240	1.17825	0.00	5715.31
1157	2020.07.29 10:43	modify	466	0.68	1.17407	1.17417	1.17825	0.00	5715.31
1158	2020.07.29 14:01	s/l	466	0.68	1.17417	1.17417	1.17825	6.80	5722.11
1159	2020.08.17 14:45	buy	467	2.08	1.18510	1.18318	1.18990	0.00	5722.11
1160	2020.08.17 16:51	close	467	1.04	1.18798	1.18318	1.18990	299.52	6021.63
1161	2020.08.17 16:51	buy	468	1.04	1.18510	1.18318	1.18990	0.00	6021.63
1162	2020.08.17 16:51	modify	468	1.04	1.18510	1.18520	0.00000	0.00	6021.63
1163	2020.08.17 16:51	modify	468	1.04	1.18510	1.18699	0.00000	0.00	6021.63
1164	2020.08.17 17:49	s/l	468	1.04	1.18699	1.18699	0.00000	196.56	6218.19
1165	2020.08.27 10:45	buy	469	0.72	1.18316	1.18144	1.18746	0.00	6218.19
1166	2020.08.27 13:34	s/l	469	0.72	1.18144	1.18144	1.18746	-123.84	6094.35
1167	2020.09.02 09:30	sell	470	0.64	1.18965	1.19153	1.18495	0.00	6094.35
1168	2020.09.02 10:32	modify	470	0.64	1.18965	1.18955	1.18495	0.00	6094.35
1169	2020.09.02 14:31	t/p	470	0.64	1.18495	1.18955	1.18495	300.80	6395.15
1170	2020.09.09 11:45	sell	471	2.10	1.17679	1.17892	1.17147	0.00	6395.15
1171	2020.09.09 15:49	s/l	471	2.10	1.17892	1.17892	1.17147	-447.30	5947.85
1172	2020.09.10 11:30	buy	472	0.32	1.18319	1.18138	1.18772	0.00	5947.85
1173	2020.09.10 15:31	modify	472	0.32	1.18319	1.18329	1.18772	0.00	5947.85
1174	2020.09.10 15:31	t/p	472	0.32	1.18772	1.18329	1.18772	144.96	6092.81
1175	2020.09.30 15:30	buy	473	2.25	1.17154	1.16965	1.17627	0.00	6092.81
1176	2020.09.30 16:38	s/l	473	2.25	1.16965	1.16965	1.17627	-425.25	5667.56
1177	2020.10.12 10:45	buy	474	0.61	1.18219	1.18036	1.18677	0.00	5667.56
1178	2020.10.12 12:24	s/l	474	0.61	1.18036	1.18036	1.18677	-111.63	5555.93
1179	2020.10.13 16:15	sell	475	0.60	1.17823	1.18006	1.17366	0.00	5555.93
1180	2020.10.13 16:39	modify	475	0.60	1.17823	1.17813	1.17366	0.00	5555.93
1181	2020.10.13 18:47	t/p	475	0.60	1.17366	1.17813	1.17366	274.20	5830.13
1182	2020.11.10 10:00	sell	476	1.94	1.18168	1.18378	1.17643	0.00	5830.13
1183	2020.11.10 10:28	s/l	476	1.94	1.18378	1.18378	1.17643	-407.40	5422.73
1184	2020.11.11 09:45	sell	477	0.69	1.18144	1.18301	1.17752	0.00	5422.73
1185	2020.11.11 10:20	modify	477	0.69	1.18144	1.18134	1.17752	0.00	5422.73
1186	2020.11.11 12:55	t/p	477	0.69	1.17752	1.18134	1.17752	270.48	5693.21
1187	2020.11.12 16:00	buy	478	0.93	1.18095	1.17883	1.18625	0.00	5693.21
1188	2020.11.12 16:29	s/l	478	0.93	1.17883	1.17883	1.18625	-197.16	5496.05
1189	2020.11.19 10:30	sell	479	0.31	1.18360	1.18534	1.17925	0.00	5496.05
1190	2020.11.19 20:55	s/l	479	0.31	1.18534	1.18534	1.17925	-53.94	5442.11
1191	2020.11.25 15:00	buy	480	0.68	1.18959	1.18799	1.19359	0.00	5442.11
1192	2020.11.25 17:39	modify	480	0.68	1.18959	1.18969	1.19359	0.00	5442.11
1193	2020.11.26 08:23	t/p	480	0.68	1.19359	1.18969	1.19359	254.98	5697.09
1194	2020.12.01 15:30	buy	481	1.98	1.19823	1.19622	1.20326	0.00	5697.09
1195	2020.12.01 17:17	close	481	0.99	1.20125	1.19622	1.20326	298.98	5996.07
1196	2020.12.01 17:17	buy	482	0.99	1.19823	1.19622	1.20326	0.00	5996.07
1197	2020.12.01 17:17	modify	482	0.99	1.19823	1.19833	0.00000	0.00	5996.07
1198	2020.12.01 17:17	modify	482	0.99	1.19823	1.20026	0.00000	0.00	5996.07
1199	2020.12.01 17:44	modify	482	0.99	1.19823	1.20130	0.00000	0.00	5996.07
1200	2020.12.01 18:07	modify	482	0.99	1.19823	1.20338	0.00000	0.00	5996.07
1201	2020.12.02 09:40	modify	482	0.99	1.19823	1.20754	0.00000	0.00	5996.07
1202	2020.12.02 09:58	s/l	482	0.99	1.20754	1.20754	0.00000	913.43	6909.50
1203	2020.12.15 16:30	buy	483	1.44	1.21529	1.21338	1.22007	0.00	6909.50
1204	2020.12.16 10:30	modify	483	1.44	1.21529	1.21539	1.22007	0.00	6909.50
1205	2020.12.16 10:34	t/p	483	1.44	1.22007	1.21539	1.22007	676.30	7585.80
1206	2020.12.22 10:00	sell	484	2.00	1.22167	1.22318	1.21790	0.00	7585.80
1207	2020.12.22 12:52	s/l	484	2.00	1.22318	1.22318	1.21790	-302.00	7283.80
1208	2020.12.23 10:15	sell	485	0.76	1.21838	1.22029	1.21361	0.00	7283.80
1209	2020.12.23 16:30	s/l	485	0.76	1.22029	1.22029	1.21361	-145.16	7138.64
1210	2020.12.28 15:15	buy	486	0.76	1.22187	1.22001	1.22652	0.00	7138.64
1211	2020.12.29 09:12	modify	486	0.76	1.22187	1.22197	1.22652	0.00	7138.64
1212	2020.12.29 16:48	t/p	486	0.76	1.22652	1.22197	1.22652	347.06	7485.70
1213	2020.12.31 11:00	buy	487	1.60	1.23012	1.22849	1.23420	0.00	7485.70
1214	2020.12.31 11:15	s/l	487	1.60	1.22849	1.22849	1.23420	-260.80	7224.90
1215	2021.01.05 10:15	buy	488	0.87	1.22697	1.22531	1.23112	0.00	7224.90
1216	2021.01.05 18:45	modify	488	0.87	1.22697	1.22707	1.23112	0.00	7224.90
1217	2021.01.06 02:50	t/p	488	0.87	1.23112	1.22707	1.23112	353.79	7578.69
1218	2021.01.21 11:30	buy	489	1.21	1.21412	1.21193	1.21960	0.00	7578.69
1219	2021.01.22 02:14	modify	489	1.21	1.21412	1.21422	1.21960	0.00	7578.69
1220	2021.01.25 12:00	s/l	489	1.21	1.21422	1.21422	1.21960	-8.09	7570.60
1221	2021.01.28 15:15	sell	490	0.34	1.20907	1.21129	1.20352	0.00	7570.60
1222	2021.01.28 15:50	s/l	490	0.34	1.21129	1.21129	1.20352	-75.48	7495.12
1223	2021.02.02 11:45	sell	491	0.73	1.20683	1.20886	1.20176	0.00	7495.12
1224	2021.02.02 12:16	modify	491	0.73	1.20683	1.20673	1.20176	0.00	7495.12
1225	2021.02.02 19:01	t/p	491	0.73	1.20176	1.20673	1.20176	370.11	7865.23
1226	2021.02.08 09:45	buy	492	3.46	1.20459	1.20300	1.20857	0.00	7865.23
1227	2021.02.08 10:29	s/l	492	3.46	1.20300	1.20300	1.20857	-550.14	7315.09
1228	2021.02.08 15:45	buy	493	0.79	1.20367	1.20182	1.20830	0.00	7315.09
1229	2021.02.08 17:05	modify	493	0.79	1.20367	1.20377	1.20830	0.00	7315.09
1230	2021.02.08 18:21	s/l	493	0.79	1.20377	1.20377	1.20830	7.90	7322.99
1231	2021.02.22 10:15	buy	494	3.10	1.21199	1.21034	1.21612	0.00	7322.99
1232	2021.02.22 10:27	s/l	494	3.10	1.21034	1.21034	1.21612	-511.50	6811.49
1233	2021.04.15 16:30	buy	495	0.38	1.19716	1.19541	1.20154	0.00	6811.49
1234	2021.04.16 04:04	s/l	495	0.38	1.19541	1.19541	1.20154	-69.67	6741.82
1235	2021.04.21 16:15	sell	496	0.88	1.20019	1.20171	1.19639	0.00	6741.82
1236	2021.04.21 17:26	s/l	496	0.88	1.20171	1.20171	1.19639	-133.76	6608.06
1237	2021.05.13 11:30	sell	497	0.36	1.20814	1.20997	1.20357	0.00	6608.06
1238	2021.05.13 11:50	modify	497	0.36	1.20814	1.20804	1.20357	0.00	6608.06
1239	2021.05.13 14:23	s/l	497	0.36	1.20804	1.20804	1.20357	3.60	6611.66
1240	2021.05.27 09:30	sell	498	1.31	1.21872	1.22048	1.21432	0.00	6611.66
1241	2021.05.27 10:17	s/l	498	1.31	1.22048	1.22048	1.21432	-230.56	6381.10
1242	2021.05.27 16:00	sell	499	0.35	1.21861	1.22041	1.21411	0.00	6381.10
1243	2021.05.27 17:17	s/l	499	0.35	1.22041	1.22041	1.21411	-63.00	6318.10
1244	2021.05.31 15:00	buy	500	0.82	1.21993	1.21839	1.22378	0.00	6318.10
1245	2021.05.31 17:55	modify	500	0.82	1.21993	1.22003	1.22378	0.00	6318.10
1246	2021.06.01 10:30	t/p	500	0.82	1.22378	1.22003	1.22378	308.86	6626.95
1247	2021.06.23 10:45	buy	501	1.87	1.19343	1.19096	1.19961	0.00	6626.95
1248	2021.06.25 16:56	close	501	0.94	1.19714	1.19096	1.19961	317.37	6944.32
1249	2021.06.25 16:56	buy	502	0.93	1.19343	1.19096	1.19961	0.00	6944.32
1250	2021.06.25 16:56	modify	502	0.93	1.19343	1.19353	0.00000	0.00	6944.32
1251	2021.06.25 16:56	modify	502	0.93	1.19343	1.19615	0.00000	0.00	6944.32
1252	2021.06.25 17:11	s/l	502	0.93	1.19615	1.19615	0.00000	221.92	7166.24
1253	2021.07.05 09:45	buy	503	1.80	1.18658	1.18499	1.19056	0.00	7166.24
1254	2021.07.06 09:04	modify	503	1.80	1.18658	1.18668	1.19056	0.00	7166.24
1255	2021.07.06 11:07	s/l	503	1.80	1.18668	1.18668	1.19056	2.98	7169.22
1256	2021.07.07 16:00	sell	504	1.28	1.18159	1.18382	1.17602	0.00	7169.22
1257	2021.07.07 17:32	modify	504	1.28	1.18159	1.18149	1.17602	0.00	7169.22
1258	2021.07.07 21:02	s/l	504	1.28	1.18149	1.18149	1.17602	12.80	7182.02
1259	2021.07.20 15:15	sell	505	1.44	1.17749	1.17948	1.17252	0.00	7182.02
1260	2021.07.21 17:40	s/l	505	1.44	1.17948	1.17948	1.17252	-282.91	6899.11
1261	2021.08.05 15:30	sell	506	0.39	1.18418	1.18592	1.17983	0.00	6899.11
1262	2021.08.06 11:23	modify	506	0.39	1.18418	1.18408	1.17983	0.00	6899.11
1263	2021.08.06 15:30	t/p	506	0.39	1.17983	1.18408	1.17983	170.64	7069.75
1264	2021.08.25 16:15	buy	507	2.56	1.17433	1.17240	1.17916	0.00	7069.75
1265	2021.08.25 21:13	close	507	1.28	1.17724	1.17240	1.17916	372.48	7442.23
1266	2021.08.25 21:13	buy	508	1.28	1.17433	1.17240	1.17916	0.00	7442.23
1267	2021.08.25 21:13	modify	508	1.28	1.17433	1.17443	0.00000	0.00	7442.23
1268	2021.08.25 21:13	modify	508	1.28	1.17433	1.17627	0.00000	0.00	7442.23
1269	2021.08.26 05:29	s/l	508	1.28	1.17627	1.17627	0.00000	216.28	7658.51
1270	2021.09.01 15:30	buy	509	2.02	1.18263	1.18112	1.18641	0.00	7658.51
1271	2021.09.01 17:45	modify	509	2.02	1.18263	1.18273	1.18641	0.00	7658.51
1272	2021.09.02 17:38	t/p	509	2.02	1.18641	1.18273	1.18641	713.00	8371.51
1273	2021.09.23 15:45	buy	510	0.90	1.17305	1.17121	1.17765	0.00	8371.51
1274	2021.09.24 15:32	s/l	510	0.90	1.17121	1.17121	1.17765	-173.11	8198.40
1275	2021.09.27 14:30	sell	511	1.06	1.16971	1.17125	1.16586	0.00	8198.40
1276	2021.09.28 10:10	modify	511	1.06	1.16971	1.16961	1.16586	0.00	8198.40
1277	2021.09.28 17:15	s/l	511	1.06	1.16961	1.16961	1.16586	13.29	8211.69
1278	2021.10.05 16:15	sell	512	3.42	1.15887	1.16055	1.15467	0.00	8211.69
1279	2021.10.05 18:13	s/l	512	3.42	1.16055	1.16055	1.15467	-574.56	7637.13
1280	2021.10.25 10:45	buy	513	0.64	1.16630	1.16392	1.17225	0.00	7637.13
1281	2021.10.25 12:18	s/l	513	0.64	1.16392	1.16392	1.17225	-152.32	7484.81
1282	2021.11.04 16:00	sell	514	0.37	1.15534	1.15731	1.15042	0.00	7484.81
1283	2021.11.05 14:30	modify	514	0.37	1.15534	1.15524	1.15042	0.00	7484.81
1284	2021.11.05 17:39	s/l	514	0.37	1.15524	1.15524	1.15042	4.64	7489.44
1285	2021.11.08 10:45	buy	515	2.52	1.15691	1.15483	1.16211	0.00	7489.44
1286	2021.11.09 07:05	close	515	1.26	1.16003	1.15483	1.16211	382.61	7872.05
1287	2021.11.09 07:05	buy	516	1.26	1.15691	1.15483	1.16211	0.00	7872.05
1288	2021.11.09 07:05	modify	516	1.26	1.15691	1.15701	0.00000	0.00	7872.05
1289	2021.11.09 07:05	modify	516	1.26	1.15691	1.15904	0.00000	0.00	7872.05
1290	2021.11.09 10:06	s/l	516	1.26	1.15904	1.15904	0.00000	257.87	8129.92
1291	2021.11.15 15:00	sell	517	2.07	1.14409	1.14566	1.14017	0.00	8129.92
1292	2021.11.15 18:02	modify	517	2.07	1.14409	1.14399	1.14017	0.00	8129.92
1293	2021.11.15 19:24	t/p	517	2.07	1.14017	1.14399	1.14017	811.44	8941.36
1294	2021.11.18 16:30	buy	518	1.09	1.13411	1.13247	1.13821	0.00	8941.36
1295	2021.11.18 19:04	modify	518	1.09	1.13411	1.13421	1.13821	0.00	8941.36
1296	2021.11.19 10:01	s/l	518	1.09	1.13421	1.13421	1.13821	1.81	8943.16
1297	2021.12.01 15:30	buy	519	1.81	1.13284	1.13087	1.13777	0.00	8943.16
1298	2021.12.02 09:56	s/l	519	1.81	1.13087	1.13087	1.13777	-401.88	8541.28
1299	2021.12.02 10:45	buy	520	0.52	1.13242	1.13080	1.13647	0.00	8541.28
1300	2021.12.02 18:20	s/l	520	0.52	1.13080	1.13080	1.13647	-84.24	8457.04
1301	2021.12.27 14:15	sell	521	1.05	1.13070	1.13231	1.12668	0.00	8457.04
1302	2021.12.27 16:38	s/l	521	1.05	1.13231	1.13231	1.12668	-169.05	8287.99
1303	2021.12.27 16:38	buy	522	1.02	1.13232	1.13070	1.13637	0.00	8287.99
1304	2021.12.28 16:41	s/l	522	1.02	1.13070	1.13070	1.13637	-173.75	8114.24
1305	2022.01.03 15:30	buy	523	0.95	1.13631	1.13461	1.14056	0.00	8114.24
1306	2022.01.03 15:51	s/l	523	0.95	1.13461	1.13461	1.14056	-161.50	7952.74
1307	2022.01.03 15:51	sell	524	0.79	1.13461	1.13660	1.12964	0.00	7952.74
1308	2022.01.03 16:50	modify	524	0.79	1.13461	1.13451	1.12964	0.00	7952.74
1309	2022.01.03 17:27	t/p	524	0.79	1.12964	1.13451	1.12964	392.63	8345.37
1310	2022.01.05 15:15	buy	525	1.09	1.13182	1.13029	1.13565	0.00	8345.37
1311	2022.01.05 17:01	modify	525	1.09	1.13182	1.13192	1.13565	0.00	8345.37
1312	2022.01.05 21:09	s/l	525	1.09	1.13192	1.13192	1.13565	10.90	8356.27
1313	2022.01.06 16:45	buy	526	1.37	1.13256	1.13043	1.13789	0.00	8356.27
1314	2022.01.06 17:26	s/l	526	1.37	1.13043	1.13043	1.13789	-291.81	8064.46
1315	2022.01.20 16:30	sell	527	0.48	1.13429	1.13596	1.13012	0.00	8064.46
1316	2022.01.20 20:37	modify	527	0.48	1.13429	1.13419	1.13012	0.00	8064.46
1317	2022.01.21 03:03	t/p	527	0.48	1.13012	1.13419	1.13012	201.38	8265.84
1318	2022.02.08 15:15	sell	528	3.14	1.14073	1.14257	1.13613	0.00	8265.84
1319	2022.02.09 04:02	s/l	528	3.14	1.14257	1.14257	1.13613	-569.80	7696.04
1320	2022.02.09 15:45	buy	529	0.89	1.14450	1.14278	1.14880	0.00	7696.04
1321	2022.02.09 16:24	s/l	529	0.89	1.14278	1.14278	1.14880	-153.08	7542.96
1322	2022.02.16 16:45	buy	530	0.79	1.13702	1.13512	1.14177	0.00	7542.96
1323	2022.02.17 05:55	s/l	530	0.79	1.13512	1.13512	1.14177	-169.88	7373.09
1324	2022.02.17 08:45	sell	531	0.34	1.13546	1.13760	1.13011	0.00	7373.09
1325	2022.02.17 10:00	s/l	531	0.34	1.13760	1.13760	1.13011	-72.76	7300.33
1326	2022.02.17 10:00	buy	532	0.34	1.13760	1.13551	1.14283	0.00	7300.33
1327	2022.02.17 10:28	s/l	532	0.34	1.13551	1.13551	1.14283	-71.06	7229.27
1328	2022.03.09 10:15	buy	533	0.70	1.09293	1.09089	1.09803	0.00	7229.27
1329	2022.03.09 11:27	modify	533	0.70	1.09293	1.09303	1.09803	0.00	7229.27
1330	2022.03.09 12:06	t/p	533	0.70	1.09803	1.09303	1.09803	357.00	7586.27
1331	2022.03.29 09:45	buy	534	2.43	1.10025	1.09807	1.10570	0.00	7586.27
1332	2022.03.29 11:53	s/l	534	2.43	1.09807	1.09807	1.10570	-529.74	7056.53
1333	2022.04.07 10:15	sell	535	0.40	1.09124	1.09298	1.08689	0.00	7056.53
1334	2022.04.07 11:11	modify	535	0.40	1.09124	1.09114	1.08689	0.00	7056.53
1335	2022.04.07 12:20	t/p	535	0.40	1.08689	1.09114	1.08689	174.00	7230.53
1336	2022.04.11 09:30	sell	536	3.08	1.08789	1.08953	1.08379	0.00	7230.53
1337	2022.04.11 10:26	s/l	536	3.08	1.08953	1.08953	1.08379	-505.12	6725.41
1338	2022.04.13 09:30	sell	537	0.69	1.08275	1.08469	1.07790	0.00	6725.41
1339	2022.04.13 14:32	s/l	537	0.69	1.08469	1.08469	1.07790	-133.86	6591.55
1340	2022.04.13 15:00	sell	538	0.71	1.08313	1.08497	1.07853	0.00	6591.55
1341	2022.04.13 18:02	s/l	538	0.71	1.08497	1.08497	1.07853	-130.64	6460.91
1342	2022.04.19 16:15	sell	539	0.85	1.07876	1.08028	1.07496	0.00	6460.91
1343	2022.04.19 16:43	s/l	539	0.85	1.08028	1.08028	1.07496	-129.20	6331.71
1344	2022.04.19 16:43	buy	540	0.67	1.08029	1.07840	1.08502	0.00	6331.71
1345	2022.04.19 18:02	s/l	540	0.67	1.07840	1.07840	1.08502	-126.63	6205.08
1346	2022.04.20 11:30	buy	541	0.79	1.08193	1.08037	1.08583	0.00	6205.08
1347	2022.04.20 12:09	modify	541	0.79	1.08193	1.08203	1.08583	0.00	6205.08
1348	2022.04.20 12:38	t/p	541	0.79	1.08583	1.08203	1.08583	308.10	6513.18
1349	2022.04.21 08:15	buy	542	1.28	1.08450	1.08272	1.08895	0.00	6513.18
1350	2022.04.21 09:30	modify	542	1.28	1.08450	1.08460	1.08895	0.00	6513.18
1351	2022.04.21 09:41	t/p	542	1.28	1.08895	1.08460	1.08895	569.60	7082.78
1352	2022.05.03 08:00	sell	543	1.15	1.05017	1.05263	1.04402	0.00	7082.78
1353	2022.05.03 10:36	s/l	543	1.15	1.05263	1.05263	1.04402	-282.90	6799.88
1354	2022.05.04 15:30	buy	544	0.68	1.05412	1.05213	1.05910	0.00	6799.88
1355	2022.05.04 21:01	modify	544	0.68	1.05412	1.05422	1.05910	0.00	6799.88
1356	2022.05.04 21:10	s/l	544	0.68	1.05422	1.05422	1.05910	6.80	6806.68
1357	2022.05.18 15:15	buy	545	2.46	1.05222	1.05029	1.05705	0.00	6806.68
1358	2022.05.18 17:31	s/l	545	2.46	1.05029	1.05029	1.05705	-474.78	6331.90
1359	2022.05.26 10:45	buy	546	0.31	1.06934	1.06734	1.07434	0.00	6331.90
1360	2022.05.26 18:13	modify	546	0.31	1.06934	1.06944	1.07434	0.00	6331.90
1361	2022.05.27 04:33	t/p	546	0.31	1.07434	1.06944	1.07434	152.41	6484.31
1362	2022.06.01 16:45	sell	547	2.29	1.07130	1.07328	1.06635	0.00	6484.31
1363	2022.06.01 17:04	close	547	1.15	1.06832	1.07328	1.06635	342.70	6827.01
1364	2022.06.01 17:04	sell	548	1.14	1.07130	1.07328	1.06635	0.00	6827.01
1365	2022.06.01 17:04	modify	548	1.14	1.07130	1.07120	0.00000	0.00	6827.01
1366	2022.06.01 17:04	modify	548	1.14	1.07130	1.06933	0.00000	0.00	6827.01
1367	2022.06.01 17:10	modify	548	1.14	1.07130	1.06835	0.00000	0.00	6827.01
1368	2022.06.01 17:26	modify	548	1.14	1.07130	1.06640	0.00000	0.00	6827.01
1369	2022.06.01 17:35	s/l	548	1.14	1.06640	1.06640	0.00000	558.60	7385.61
1370	2022.06.08 11:45	sell	549	1.46	1.06769	1.06970	1.06267	0.00	7385.61
1371	2022.06.08 12:30	s/l	549	1.46	1.06970	1.06970	1.06267	-293.46	7092.15
1372	2022.06.21 09:45	buy	550	0.92	1.05279	1.05126	1.05662	0.00	7092.15
1373	2022.06.21 10:16	modify	550	0.92	1.05279	1.05289	1.05662	0.00	7092.15
1374	2022.06.21 11:19	t/p	550	0.92	1.05662	1.05289	1.05662	352.36	7444.51
1375	2022.06.22 16:00	buy	551	2.89	1.05310	1.05130	1.05760	0.00	7444.51
1376	2022.06.22 16:41	close	551	1.45	1.05580	1.05130	1.05760	391.50	7836.01
1377	2022.06.22 16:41	buy	552	1.44	1.05310	1.05130	1.05760	0.00	7836.01
1378	2022.06.22 16:41	modify	552	1.44	1.05310	1.05320	0.00000	0.00	7836.01
1379	2022.06.22 16:41	modify	552	1.44	1.05310	1.05482	0.00000	0.00	7836.01
1380	2022.06.22 16:43	modify	552	1.44	1.05310	1.05555	0.00000	0.00	7836.01
1381	2022.06.22 17:01	s/l	552	1.44	1.05555	1.05555	0.00000	352.80	8188.81
1382	2022.06.27 10:00	buy	553	2.02	1.05686	1.05524	1.06091	0.00	8188.81
1383	2022.06.27 17:48	modify	553	2.02	1.05686	1.05696	1.06091	0.00	8188.81
1384	2022.06.27 18:15	t/p	553	2.02	1.06091	1.05696	1.06091	818.10	9006.91
1385	2022.06.28 11:30	buy	554	2.33	1.05880	1.05726	1.06265	0.00	9006.91
1386	2022.06.28 14:52	s/l	554	2.33	1.05726	1.05726	1.06265	-358.82	8648.09
1387	2022.07.13 10:00	sell	555	1.13	1.00335	1.00488	0.99953	0.00	8648.09
1388	2022.07.13 10:00	s/l	555	1.13	1.00488	1.00488	0.99953	-172.89	8475.20
1389	2022.07.19 08:15	buy	556	0.89	1.01413	1.01223	1.01888	0.00	8475.20
1390	2022.07.19 10:00	modify	556	0.89	1.01413	1.01423	1.01888	0.00	8475.20
1391	2022.07.19 10:29	t/p	556	0.89	1.01888	1.01423	1.01888	422.75	8897.95
1392	2022.08.01 09:45	buy	557	4.01	1.02270	1.02115	1.02658	0.00	8897.95
1393	2022.08.01 11:33	close	557	2.01	1.02504	1.02115	1.02658	470.34	9368.29
1394	2022.08.01 11:33	buy	558	2.00	1.02270	1.02115	1.02658	0.00	9368.29
1395	2022.08.01 11:33	modify	558	2.00	1.02270	1.02280	0.00000	0.00	9368.29
1396	2022.08.01 11:33	modify	558	2.00	1.02270	1.02405	0.00000	0.00	9368.29
1397	2022.08.01 11:35	modify	558	2.00	1.02270	1.02440	0.00000	0.00	9368.29
1398	2022.08.01 11:38	modify	558	2.00	1.02270	1.02510	0.00000	0.00	9368.29
1399	2022.08.01 11:50	s/l	558	2.00	1.02510	1.02510	0.00000	480.00	9848.29
1400	2022.08.03 16:15	sell	559	1.99	1.01762	1.01959	1.01270	0.00	9848.29
1401	2022.08.03 17:01	modify	559	1.99	1.01762	1.01752	1.01270	0.00	9848.29
1402	2022.08.03 17:35	t/p	559	1.99	1.01270	1.01752	1.01270	979.08	10827.37
1403	2022.08.08 14:15	buy	560	2.05	1.01999	1.01788	1.02527	0.00	10827.37
1404	2022.08.09 11:30	modify	560	2.05	1.01999	1.02009	1.02527	0.00	10827.37
1405	2022.08.10 14:53	t/p	560	2.05	1.02527	1.02009	1.02527	1048.19	11875.56
1406	2022.08.11 09:15	buy	561	1.52	1.02897	1.02741	1.03287	0.00	11875.56
1407	2022.08.11 09:58	modify	561	1.52	1.02897	1.02907	1.03287	0.00	11875.56
1408	2022.08.11 10:33	t/p	561	1.52	1.03287	1.02907	1.03287	592.80	12468.36
1409	2022.08.17 09:15	sell	562	3.23	1.01733	1.01887	1.01348	0.00	12468.36
1410	2022.08.17 10:20	modify	562	3.23	1.01733	1.01723	1.01348	0.00	12468.36
1411	2022.08.17 11:27	s/l	562	3.23	1.01723	1.01723	1.01348	32.30	12500.66
1412	2022.08.17 14:30	sell	563	2.53	1.01597	1.01794	1.01105	0.00	12500.66
1413	2022.08.17 17:04	s/l	563	2.53	1.01794	1.01794	1.01105	-498.41	12002.25
1414	2022.08.18 09:00	sell	564	0.74	1.01644	1.01806	1.01239	0.00	12002.25
1415	2022.08.18 13:09	s/l	564	0.74	1.01806	1.01806	1.01239	-119.88	11882.37
1416	2022.08.18 15:45	sell	565	0.50	1.01654	1.01889	1.01067	0.00	11882.37
1417	2022.08.18 16:45	modify	565	0.50	1.01654	1.01644	1.01067	0.00	11882.37
1418	2022.08.18 19:17	t/p	565	0.50	1.01067	1.01644	1.01067	293.50	12175.87
1419	2022.08.24 09:00	sell	566	4.60	0.99430	0.99615	0.98968	0.00	12175.87
1420	2022.08.24 15:45	close	566	2.30	0.99152	0.99615	0.98968	639.40	12815.27
1421	2022.08.24 15:45	sell	567	2.30	0.99430	0.99615	0.98968	0.00	12815.27
1422	2022.08.24 15:45	modify	567	2.30	0.99430	0.99420	0.00000	0.00	12815.27
1423	2022.08.24 15:45	modify	567	2.30	0.99430	0.99251	0.00000	0.00	12815.27
1424	2022.08.24 15:48	s/l	567	2.30	0.99251	0.99251	0.00000	411.70	13226.97
1425	2022.10.17 10:15	buy	568	2.93	0.97468	0.97288	0.97918	0.00	13226.97
1426	2022.10.17 11:32	s/l	568	2.93	0.97288	0.97288	0.97918	-527.40	12699.57
1427	2022.10.25 11:15	buy	569	1.13	0.98730	0.98507	0.99288	0.00	12699.57
1428	2022.10.25 14:05	s/l	569	1.13	0.98507	0.98507	0.99288	-251.99	12447.58
1429	2022.10.25 16:00	buy	570	1.20	0.98748	0.98542	0.99263	0.00	12447.58
1430	2022.10.25 16:16	modify	570	1.20	0.98748	0.98758	0.99263	0.00	12447.58
1431	2022.10.25 16:24	t/p	570	1.20	0.99263	0.98758	0.99263	618.00	13065.58
1432	2022.11.01 11:15	sell	571	4.04	0.99183	0.99409	0.98618	0.00	13065.58
1433	2022.11.01 12:26	s/l	571	4.04	0.99409	0.99409	0.98618	-913.04	12152.54
1434	2022.11.17 09:45	buy	572	0.64	1.03868	1.03681	1.04336	0.00	12152.54
1435	2022.11.17 11:34	s/l	572	0.64	1.03681	1.03681	1.04336	-119.68	12032.86
1436	2022.12.06 10:30	sell	573	1.07	1.04892	1.05116	1.04332	0.00	12032.86
1437	2022.12.06 13:20	s/l	573	1.07	1.05116	1.05116	1.04332	-239.68	11793.18
1438	2022.12.08 11:00	buy	574	0.71	1.05268	1.05104	1.05678	0.00	11793.18
1439	2022.12.08 11:20	s/l	574	0.71	1.05104	1.05104	1.05678	-116.44	11676.74
1440	2022.12.08 11:20	sell	575	0.61	1.05104	1.05294	1.04629	0.00	11676.74
1441	2022.12.08 15:36	s/l	575	0.61	1.05294	1.05294	1.04629	-115.90	11560.84
1442	2022.12.13 08:00	buy	576	1.31	1.05518	1.05342	1.05958	0.00	11560.84
1443	2022.12.13 10:49	s/l	576	1.31	1.05342	1.05342	1.05958	-230.56	11330.28
1444	2022.12.15 08:30	buy	577	0.74	1.06600	1.06447	1.06983	0.00	11330.28
1445	2022.12.15 09:44	s/l	577	0.74	1.06447	1.06447	1.06983	-113.22	11217.06
1446	2022.12.15 09:44	sell	578	0.61	1.06446	1.06629	1.05989	0.00	11217.06
1447	2022.12.15 11:00	modify	578	0.61	1.06446	1.06436	1.05989	0.00	11217.06
1448	2022.12.15 15:16	s/l	578	0.61	1.06436	1.06436	1.05989	6.10	11223.16
1449	2022.12.21 11:00	buy	579	1.12	1.06346	1.06147	1.06844	0.00	11223.16
1450	2022.12.21 11:37	s/l	579	1.12	1.06147	1.06147	1.06844	-222.88	11000.28
1451	2022.12.21 11:37	sell	580	0.91	1.06147	1.06387	1.05547	0.00	11000.28
1452	2022.12.21 15:09	s/l	580	0.91	1.06387	1.06387	1.05547	-218.40	10781.88
1453	2022.12.22 11:45	buy	581	0.71	1.06419	1.06269	1.06794	0.00	10781.88
1454	2022.12.22 13:00	s/l	581	0.71	1.06269	1.06269	1.06794	-106.50	10675.38
1455	2022.12.22 15:00	buy	582	0.47	1.06371	1.06147	1.06931	0.00	10675.38
1456	2022.12.22 15:34	s/l	582	0.47	1.06147	1.06147	1.06931	-105.28	10570.10
1457	2022.12.26 15:15	buy	583	1.32	1.06300	1.06141	1.06698	0.00	10570.10
1458	2022.12.27 04:01	modify	583	1.32	1.06300	1.06310	1.06698	0.00	10570.10
1459	2022.12.27 15:00	s/l	583	1.32	1.06310	1.06310	1.06698	2.19	10572.29
1460	2022.12.28 16:30	buy	584	3.30	1.06541	1.06317	1.07101	0.00	10572.29
1461	2022.12.28 17:36	s/l	584	3.30	1.06317	1.06317	1.07101	-739.20	9833.09
1462	2023.01.04 15:30	buy	585	0.94	1.06138	1.05929	1.06661	0.00	9833.09
1463	2023.01.04 17:04	s/l	585	0.94	1.05929	1.05929	1.06661	-196.46	9636.63
1464	2023.01.05 08:15	buy	586	0.49	1.06197	1.06001	1.06687	0.00	9636.63
1465	2023.01.05 09:44	s/l	586	0.49	1.06001	1.06001	1.06687	-96.04	9540.59
1466	2023.01.05 09:44	sell	587	0.60	1.06000	1.06157	1.05608	0.00	9540.59
1467	2023.01.05 10:02	s/l	587	0.60	1.06157	1.06157	1.05608	-94.20	9446.39
1468	2023.01.11 11:30	buy	588	0.81	1.07468	1.07235	1.08051	0.00	9446.39
1469	2023.01.12 15:28	modify	588	0.81	1.07468	1.07478	1.08051	0.00	9446.39
1470	2023.01.12 15:28	t/p	588	0.81	1.08051	1.07478	1.08051	451.95	9898.34
1471	2023.01.17 09:45	buy	589	4.33	1.08260	1.08100	1.08660	0.00	9898.34
1472	2023.01.17 12:28	s/l	589	4.33	1.08100	1.08100	1.08660	-692.80	9205.54
1473	2023.01.24 15:00	sell	590	0.98	1.08598	1.08784	1.08133	0.00	9205.54
1474	2023.01.24 15:26	s/l	590	0.98	1.08784	1.08784	1.08133	-182.28	9023.26
1475	2023.01.30 09:30	sell	591	1.19	1.08567	1.08718	1.08190	0.00	9023.26
1476	2023.01.30 10:00	s/l	591	1.19	1.08718	1.08718	1.08190	-179.69	8843.57
1477	2023.01.30 10:00	buy	592	0.85	1.08718	1.08511	1.09236	0.00	8843.57
1478	2023.01.30 11:49	modify	592	0.85	1.08718	1.08728	1.09236	0.00	8843.57
1479	2023.01.30 17:54	s/l	592	0.85	1.08728	1.08728	1.09236	8.50	8852.07
1480	2023.02.08 15:00	sell	593	1.01	1.07338	1.07513	1.06901	0.00	8852.07
1481	2023.02.09 10:23	s/l	593	1.01	1.07513	1.07513	1.06901	-169.07	8683.01
1482	2023.02.15 14:00	sell	594	1.14	1.07111	1.07263	1.06731	0.00	8683.01
1483	2023.02.15 15:30	modify	594	1.14	1.07111	1.07101	1.06731	0.00	8683.01
1484	2023.02.15 16:23	t/p	594	1.14	1.06731	1.07101	1.06731	433.20	9116.21
1485	2023.02.16 10:30	buy	595	1.70	1.07194	1.07007	1.07662	0.00	9116.21
1486	2023.02.16 10:54	s/l	595	1.70	1.07007	1.07007	1.07662	-317.90	8798.31
1487	2023.02.20 15:45	buy	596	1.02	1.06855	1.06684	1.07283	0.00	8798.31
1488	2023.02.21 03:13	s/l	596	1.02	1.06684	1.06684	1.07283	-182.93	8615.38
1489	2023.02.21 16:00	sell	597	0.92	1.06529	1.06716	1.06062	0.00	8615.38
1490	2023.02.21 16:35	s/l	597	0.92	1.06716	1.06716	1.06062	-172.04	8443.34
1491	2023.02.21 16:35	buy	598	0.76	1.06717	1.06497	1.07267	0.00	8443.34
1492	2023.02.21 16:45	s/l	598	0.76	1.06497	1.06497	1.07267	-167.20	8276.14
1493	2023.02.23 09:30	sell	599	0.48	1.06124	1.06296	1.05694	0.00	8276.14
1494	2023.02.23 13:22	modify	599	0.48	1.06124	1.06114	1.05694	0.00	8276.14
1495	2023.02.23 14:29	s/l	599	0.48	1.06114	1.06114	1.05694	4.80	8280.94
1496	2023.03.09 16:00	buy	600	1.21	1.05744	1.05506	1.06339	0.00	8280.94
1497	2023.03.10 15:30	modify	600	1.21	1.05744	1.05754	1.06339	0.00	8280.94
1498	2023.03.10 15:42	t/p	600	1.21	1.06339	1.05754	1.06339	709.85	8990.79
1499	2023.03.14 11:45	buy	601	2.05	1.07069	1.06894	1.07507	0.00	8990.79
1500	2023.03.14 14:30	modify	601	2.05	1.07069	1.07079	1.07507	0.00	8990.79
1501	2023.03.14 14:35	s/l	601	2.05	1.07079	1.07079	1.07507	20.50	9011.29
1502	2023.03.16 11:30	sell	602	0.88	1.06092	1.06296	1.05582	0.00	9011.29
1503	2023.03.16 14:43	modify	602	0.88	1.06092	1.06082	1.05582	0.00	9011.29
1504	2023.03.16 15:15	s/l	602	0.88	1.06082	1.06082	1.05582	8.80	9020.09
1505	2023.03.27 10:30	sell	603	1.62	1.07620	1.07842	1.07065	0.00	9020.09
1506	2023.03.27 16:24	s/l	603	1.62	1.07842	1.07842	1.07065	-359.64	8660.45
1507	2023.03.27 16:24	buy	604	1.90	1.07842	1.07660	1.08297	0.00	8660.45
1508	2023.03.28 03:38	modify	604	1.90	1.07842	1.07852	1.08297	0.00	8660.45
1509	2023.03.28 10:37	t/p	604	1.90	1.08297	1.07852	1.08297	848.65	9509.10
1510	2023.03.29 16:00	buy	605	1.12	1.08539	1.08370	1.08962	0.00	9509.10
1511	2023.03.29 16:23	s/l	605	1.12	1.08370	1.08370	1.08962	-189.28	9319.82
1512	2023.04.04 09:30	buy	606	0.99	1.08998	1.08810	1.09468	0.00	9319.82
1513	2023.04.04 10:52	modify	606	0.99	1.08998	1.09008	1.09468	0.00	9319.82
1514	2023.04.04 14:59	s/l	606	0.99	1.09008	1.09008	1.09468	9.90	9329.72
1515	2023.04.05 15:30	buy	607	3.93	1.09522	1.09356	1.09937	0.00	9329.72
1516	2023.04.05 17:10	s/l	607	3.93	1.09356	1.09356	1.09937	-652.38	8677.34
1517	2023.04.10 14:30	sell	608	0.97	1.08936	1.09114	1.08491	0.00	8677.34
1518	2023.04.10 15:09	modify	608	0.97	1.08936	1.08926	1.08491	0.00	8677.34
1519	2023.04.10 15:59	t/p	608	0.97	1.08491	1.08926	1.08491	431.65	9108.99
1520	2023.04.11 10:15	buy	609	3.88	1.08954	1.08790	1.09364	0.00	9108.99
1521	2023.04.11 12:32	close	609	1.94	1.09200	1.08790	1.09364	477.24	9586.23
1522	2023.04.11 12:32	buy	610	1.94	1.08954	1.08790	1.09364	0.00	9586.23
1523	2023.04.11 12:32	modify	610	1.94	1.08954	1.08964	0.00000	0.00	9586.23
1524	2023.04.11 12:32	modify	610	1.94	1.08954	1.09099	0.00000	0.00	9586.23
1525	2023.04.11 12:49	s/l	610	1.94	1.09099	1.09099	0.00000	281.30	9867.53
1526	2023.04.11 16:30	buy	611	2.56	1.09208	1.09054	1.09593	0.00	9867.53
1527	2023.04.11 18:56	s/l	611	2.56	1.09054	1.09054	1.09593	-394.24	9473.29
1528	2023.04.19 10:45	sell	612	1.15	1.09581	1.09745	1.09171	0.00	9473.29
1529	2023.04.19 12:32	modify	612	1.15	1.09581	1.09571	1.09171	0.00	9473.29
1530	2023.04.19 16:07	s/l	612	1.15	1.09571	1.09571	1.09171	11.50	9484.79
1531	2023.05.02 11:00	sell	613	2.91	1.09858	1.10086	1.09288	0.00	9484.79
1532	2023.05.02 12:58	close	613	1.46	1.09515	1.10086	1.09288	500.78	9985.57
1533	2023.05.02 12:58	sell	614	1.45	1.09858	1.10086	1.09288	0.00	9985.57
1534	2023.05.02 12:58	modify	614	1.45	1.09858	1.09848	0.00000	0.00	9985.57
1535	2023.05.02 12:58	modify	614	1.45	1.09858	1.09612	0.00000	0.00	9985.57
1536	2023.05.02 14:03	s/l	614	1.45	1.09612	1.09612	0.00000	356.70	10342.27
1537	2023.05.10 11:00	sell	615	2.07	1.09646	1.09845	1.09149	0.00	10342.27
1538	2023.05.10 15:31	s/l	615	2.07	1.09845	1.09845	1.09149	-411.93	9930.34
1539	2023.05.16 16:45	buy	616	1.23	1.08878	1.08717	1.09281	0.00	9930.34
1540	2023.05.16 17:04	s/l	616	1.23	1.08717	1.08717	1.09281	-198.03	9732.31
1541	2023.05.22 09:30	buy	617	1.22	1.08212	1.08053	1.08610	0.00	9732.31
1542	2023.05.22 10:13	s/l	617	1.22	1.08053	1.08053	1.08610	-193.98	9538.33
1543	2023.05.22 10:13	sell	618	0.91	1.08053	1.08262	1.07531	0.00	9538.33
1544	2023.05.22 13:26	s/l	618	0.91	1.08262	1.08262	1.07531	-190.19	9348.14
1545	2023.05.24 16:45	sell	619	0.97	1.07770	1.07961	1.07293	0.00	9348.14
1546	2023.05.25 00:03	modify	619	0.97	1.07770	1.07760	1.07293	0.00	9348.14
1547	2023.05.25 09:08	t/p	619	0.97	1.07293	1.07760	1.07293	470.07	9818.21
1548	2023.06.01 10:30	sell	620	2.10	1.06724	1.06887	1.06317	0.00	9818.21
1549	2023.06.01 12:03	s/l	620	2.10	1.06887	1.06887	1.06317	-342.30	9475.91
1550	2023.06.15 11:00	buy	621	0.45	1.08272	1.08065	1.08790	0.00	9475.91
1551	2023.06.15 15:30	modify	621	0.45	1.08272	1.08282	1.08790	0.00	9475.91
1552	2023.06.15 15:41	t/p	621	0.45	1.08790	1.08282	1.08790	233.10	9709.01
1553	2023.06.21 16:00	buy	622	3.57	1.09252	1.09062	1.09727	0.00	9709.01
1554	2023.06.21 17:35	close	622	1.79	1.09538	1.09062	1.09727	511.94	10220.95
1555	2023.06.21 17:35	buy	623	1.78	1.09252	1.09062	1.09727	0.00	10220.95
1556	2023.06.21 17:35	modify	623	1.78	1.09252	1.09262	0.00000	0.00	10220.95
1557	2023.06.21 17:35	modify	623	1.78	1.09252	1.09437	0.00000	0.00	10220.95
1558	2023.06.21 17:44	modify	623	1.78	1.09252	1.09523	0.00000	0.00	10220.95
1559	2023.06.21 17:54	s/l	623	1.78	1.09523	1.09523	0.00000	482.38	10703.33
1560	2023.07.06 16:30	buy	624	0.91	1.08860	1.08626	1.09445	0.00	10703.33
1561	2023.07.06 17:06	s/l	624	0.91	1.08626	1.08626	1.09445	-212.94	10490.39
1562	2023.07.19 09:15	sell	625	1.07	1.12182	1.12377	1.11695	0.00	10490.39
1563	2023.07.19 12:18	s/l	625	1.07	1.12377	1.12377	1.11695	-208.65	10281.74
1564	2023.07.20 10:45	sell	626	0.48	1.12018	1.12230	1.11488	0.00	10281.74
1565	2023.07.20 17:09	modify	626	0.48	1.12018	1.12008	1.11488	0.00	10281.74
1566	2023.07.20 17:30	t/p	626	0.48	1.11488	1.12008	1.11488	254.40	10536.14
1567	2023.07.24 10:30	sell	627	2.96	1.11241	1.11490	1.10619	0.00	10536.14
1568	2023.07.24 10:32	close	627	1.48	1.10867	1.11490	1.10619	553.52	11089.66
1569	2023.07.24 10:32	sell	628	1.48	1.11241	1.11490	1.10619	0.00	11089.66
1570	2023.07.24 10:32	modify	628	1.48	1.11241	1.11231	0.00000	0.00	11089.66
1571	2023.07.24 10:32	modify	628	1.48	1.11241	1.10966	0.00000	0.00	11089.66
1572	2023.07.24 11:39	modify	628	1.48	1.11241	1.10791	0.00000	0.00	11089.66
1573	2023.07.24 12:05	s/l	628	1.48	1.10791	1.10791	0.00000	666.00	11755.66
1574	2023.07.27 10:15	buy	629	1.15	1.11082	1.10878	1.11592	0.00	11755.66
1575	2023.07.27 11:56	modify	629	1.15	1.11082	1.11092	1.11592	0.00	11755.66
1576	2023.07.27 15:17	s/l	629	1.15	1.11092	1.11092	1.11592	11.50	11767.16
1577	2023.08.02 09:15	sell	630	2.94	1.09833	1.09993	1.09433	0.00	11767.16
1578	2023.08.02 15:40	modify	630	2.94	1.09833	1.09823	1.09433	0.00	11767.16
1579	2023.08.02 17:09	t/p	630	2.94	1.09433	1.09823	1.09433	1176.00	12943.16
1580	2023.08.03 15:30	sell	631	1.13	1.09279	1.09508	1.08707	0.00	12943.16
1581	2023.08.03 15:41	s/l	631	1.13	1.09508	1.09508	1.08707	-258.77	12684.39
1582	2023.08.29 10:30	buy	632	1.43	1.08241	1.08064	1.08684	0.00	12684.39
1583	2023.08.29 12:07	s/l	632	1.43	1.08064	1.08064	1.08684	-253.11	12431.28
1584	2023.09.12 16:00	sell	633	1.57	1.07073	1.07231	1.06678	0.00	12431.28
1585	2023.09.12 18:08	s/l	633	1.57	1.07231	1.07231	1.06678	-248.06	12183.22
1586	2023.09.20 16:15	buy	634	1.26	1.07094	1.06902	1.07574	0.00	12183.22
1587	2023.09.20 21:01	s/l	634	1.26	1.06902	1.06902	1.07574	-241.92	11941.30
1588	2023.09.25 15:00	sell	635	1.58	1.06305	1.06456	1.05928	0.00	11941.30
1589	2023.09.25 16:31	modify	635	1.58	1.06305	1.06295	1.05928	0.00	11941.30
1590	2023.09.25 17:07	t/p	635	1.58	1.05928	1.06295	1.05928	595.66	12536.96
1591	2023.10.10 11:15	buy	636	3.51	1.05824	1.05574	1.06449	0.00	12536.96
1592	2023.10.10 19:03	close	636	1.76	1.06199	1.05574	1.06449	660.00	13196.96
1593	2023.10.10 19:03	buy	637	1.75	1.05824	1.05574	1.06449	0.00	13196.96
1594	2023.10.10 19:03	modify	637	1.75	1.05824	1.05834	0.00000	0.00	13196.96
1595	2023.10.10 19:03	modify	637	1.75	1.05824	1.06098	0.00000	0.00	13196.96
1596	2023.10.10 19:21	s/l	637	1.75	1.06098	1.06098	0.00000	479.50	13676.46
1597	2023.10.11 11:45	buy	638	2.68	1.06118	1.05914	1.06628	0.00	13676.46
1598	2023.10.11 15:30	s/l	638	2.68	1.05914	1.05914	1.06628	-546.72	13129.74
1599	2023.10.11 15:30	sell	639	3.20	1.05914	1.06078	1.05504	0.00	13129.74
1600	2023.10.11 15:48	s/l	639	3.20	1.06078	1.06078	1.05504	-524.80	12604.94
1601	2023.11.02 10:45	buy	640	0.72	1.06065	1.05891	1.06500	0.00	12604.94
1602	2023.11.02 12:41	modify	640	0.72	1.06065	1.06075	1.06500	0.00	12604.94
1603	2023.11.02 14:14	t/p	640	0.72	1.06500	1.06075	1.06500	313.20	12918.14
1604	2023.11.21 16:15	buy	641	5.05	1.09548	1.09369	1.09996	0.00	12918.14
1605	2023.11.21 17:53	s/l	641	5.05	1.09369	1.09369	1.09996	-903.95	12014.19
1606	2023.11.22 10:30	sell	642	1.13	1.09005	1.09216	1.08478	0.00	12014.19
1607	2023.11.22 17:00	modify	642	1.13	1.09005	1.08995	1.08478	0.00	12014.19
1608	2023.11.23 04:12	s/l	642	1.13	1.08995	1.08995	1.08478	19.90	12034.08
1609	2023.11.28 15:30	buy	643	5.04	1.09600	1.09433	1.10018	0.00	12034.08
1610	2023.11.28 17:04	close	643	2.52	1.09851	1.09433	1.10018	632.52	12666.60
1611	2023.11.28 17:04	buy	644	2.52	1.09600	1.09433	1.10018	0.00	12666.60
1612	2023.11.28 17:04	modify	644	2.52	1.09600	1.09610	0.00000	0.00	12666.60
1613	2023.11.28 17:04	modify	644	2.52	1.09600	1.09752	0.00000	0.00	12666.60
1614	2023.11.28 17:08	s/l	644	2.52	1.09752	1.09752	0.00000	383.04	13049.64
1615	2023.12.04 15:45	sell	645	3.20	1.08617	1.08780	1.08210	0.00	13049.64
1616	2023.12.04 16:12	modify	645	3.20	1.08617	1.08607	1.08210	0.00	13049.64
1617	2023.12.04 16:20	t/p	645	3.20	1.08210	1.08607	1.08210	1302.40	14352.04
1618	2024.01.08 10:15	sell	646	3.13	1.09323	1.09506	1.08866	0.00	14352.04
1619	2024.01.08 13:21	s/l	646	3.13	1.09506	1.09506	1.08866	-572.79	13779.25
1620	2024.01.09 11:15	sell	647	1.78	1.09385	1.09539	1.09000	0.00	13779.25
1621	2024.01.09 18:03	modify	647	1.78	1.09385	1.09375	1.09000	0.00	13779.25
1622	2024.01.09 19:27	s/l	647	1.78	1.09375	1.09375	1.09000	17.80	13797.05
1623	2024.01.15 15:15	sell	648	6.31	1.09459	1.09612	1.09077	0.00	13797.05
1624	2024.01.16 02:55	close	648	3.16	1.09229	1.09612	1.09077	734.81	14531.87
1625	2024.01.16 02:55	sell	649	3.15	1.09459	1.09612	1.09077	0.00	14531.87
1626	2024.01.16 02:55	modify	649	3.15	1.09459	1.09449	0.00000	0.00	14531.87
1627	2024.01.16 02:55	modify	649	3.15	1.09459	1.09328	0.00000	0.00	14531.87
1628	2024.01.16 02:57	modify	649	3.15	1.09459	1.09297	0.00000	0.00	14531.87
1629	2024.01.16 03:41	s/l	649	3.15	1.09297	1.09297	0.00000	518.29	15050.15
1630	2024.01.18 11:30	buy	650	1.54	1.08942	1.08747	1.09430	0.00	15050.15
1631	2024.01.18 14:58	s/l	650	1.54	1.08747	1.08747	1.09430	-300.30	14749.85
1632	2024.01.24 11:15	buy	651	1.22	1.08847	1.08606	1.09450	0.00	14749.85
1633	2024.01.24 15:50	modify	651	1.22	1.08847	1.08857	1.09450	0.00	14749.85
1634	2024.01.24 21:19	s/l	651	1.22	1.08857	1.08857	1.09450	12.20	14762.05
1635	2024.02.29 16:15	buy	652	2.64	1.08463	1.08268	1.08951	0.00	14762.05
1636	2024.02.29 17:52	s/l	652	2.64	1.08268	1.08268	1.08951	-514.80	14247.25
1637	2024.04.17 16:15	buy	653	1.82	1.06450	1.06294	1.06840	0.00	14247.25
1638	2024.04.17 20:58	modify	653	1.82	1.06450	1.06460	1.06840	0.00	14247.25
1639	2024.04.18 09:04	t/p	653	1.82	1.06840	1.06460	1.06840	664.24	14911.50
1640	2024.05.29 16:15	sell	654	5.52	1.08387	1.08576	1.07915	0.00	14911.50
1641	2024.05.29 18:31	close	654	2.76	1.08103	1.08576	1.07915	783.84	15695.34
1642	2024.05.29 18:31	sell	655	2.76	1.08387	1.08576	1.07915	0.00	15695.34
1643	2024.05.29 18:31	modify	655	2.76	1.08387	1.08377	0.00000	0.00	15695.34
1644	2024.05.29 18:31	modify	655	2.76	1.08387	1.08204	0.00000	0.00	15695.34
1645	2024.05.29 22:39	modify	655	2.76	1.08387	1.08121	0.00000	0.00	15695.34
1646	2024.05.30 11:39	s/l	655	2.76	1.08121	1.08121	0.00000	755.16	16450.49
1647	2024.07.08 09:45	buy	656	4.11	1.08286	1.08126	1.08686	0.00	16450.49
1648	2024.07.09 14:39	s/l	656	4.11	1.08126	1.08126	1.08686	-691.89	15758.60
1649	2024.07.25 16:30	sell	657	0.95	1.08402	1.08567	1.07990	0.00	15758.60
1650	2024.07.25 17:50	s/l	657	0.95	1.08567	1.08567	1.07990	-156.75	15601.85
1651	2024.07.31 15:30	buy	658	1.79	1.08404	1.08230	1.08839	0.00	15601.85
1652	2024.07.31 17:47	s/l	658	1.79	1.08230	1.08230	1.08839	-311.46	15290.39
1653	2024.08.01 16:15	sell	659	0.72	1.07890	1.08102	1.07360	0.00	15290.39
1654	2024.08.01 17:00	s/l	659	0.72	1.08102	1.08102	1.07360	-152.64	15137.75
1655	2024.08.22 11:15	buy	660	0.73	1.11458	1.11253	1.11971	0.00	15137.75
1656	2024.08.22 16:45	s/l	660	0.73	1.11253	1.11253	1.11971	-149.65	14988.10
1657	2024.08.22 16:45	sell	661	0.71	1.11224	1.11433	1.10702	0.00	14988.10
1658	2024.08.23 17:04	s/l	661	0.71	1.11433	1.11433	1.10702	-146.59	14841.51
1659	2024.08.28 11:30	sell	662	1.72	1.11438	1.11610	1.11008	0.00	14841.51
1660	2024.08.28 14:57	modify	662	1.72	1.11438	1.11428	1.11008	0.00	14841.51
1661	2024.08.29 11:04	t/p	662	1.72	1.11008	1.11428	1.11008	752.69	15594.20
1662	2024.09.24 15:15	buy	663	6.30	1.11373	1.11200	1.11806	0.00	15594.20
1663	2024.09.24 17:28	close	663	3.15	1.11633	1.11200	1.11806	819.00	16413.20
1664	2024.09.24 17:28	buy	664	3.15	1.11373	1.11200	1.11806	0.00	16413.20
1665	2024.09.24 17:28	modify	664	3.15	1.11373	1.11383	0.00000	0.00	16413.20
1666	2024.09.24 17:28	modify	664	3.15	1.11373	1.11534	0.00000	0.00	16413.20
1667	2024.09.24 17:34	s/l	664	3.15	1.11534	1.11534	0.00000	507.15	16920.35
1668	2024.09.26 16:15	sell	665	1.46	1.11409	1.11640	1.10832	0.00	16920.35
1669	2024.09.26 17:43	s/l	665	1.46	1.11640	1.11640	1.10832	-337.26	16583.09
1670	2024.10.24 16:15	buy	666	1.06	1.08021	1.07865	1.08411	0.00	16583.09
1671	2024.10.24 21:50	modify	666	1.06	1.08021	1.08031	1.08411	0.00	16583.09
1672	2024.10.25 19:50	s/l	666	1.06	1.08031	1.08031	1.08411	1.76	16584.84
1673	2024.10.30 15:45	buy	667	5.39	1.08308	1.08093	1.08846	0.00	16584.84
1674	2024.10.30 17:44	close	667	2.70	1.08633	1.08093	1.08846	877.50	17462.34
1675	2024.10.30 17:44	buy	668	2.69	1.08308	1.08093	1.08846	0.00	17462.34
1676	2024.10.30 17:44	modify	668	2.69	1.08308	1.08318	0.00000	0.00	17462.34
1677	2024.10.30 17:44	modify	668	2.69	1.08308	1.08532	0.00000	0.00	17462.34
1678	2024.10.30 23:02	s/l	668	2.69	1.08532	1.08532	0.00000	602.56	18064.90
1679	2024.10.31 16:30	buy	669	1.64	1.08715	1.08495	1.09265	0.00	18064.90
1680	2024.10.31 17:51	s/l	669	1.64	1.08495	1.08495	1.09265	-360.80	17704.10
1681	2024.11.13 16:30	sell	670	1.71	1.06206	1.06413	1.05689	0.00	17704.10
1682	2024.11.13 16:52	modify	670	1.71	1.06206	1.06196	1.05689	0.00	17704.10
1683	2024.11.13 17:06	t/p	670	1.71	1.05689	1.06196	1.05689	884.07	18588.17
1684	2024.11.18 15:30	buy	671	7.26	1.05572	1.05393	1.06020	0.00	18588.17
1685	2024.11.18 18:58	close	671	3.63	1.05842	1.05393	1.06020	980.10	19568.27
1686	2024.11.18 18:58	buy	672	3.63	1.05572	1.05393	1.06020	0.00	19568.27
1687	2024.11.18 18:58	modify	672	3.63	1.05572	1.05582	0.00000	0.00	19568.27
1688	2024.11.18 18:58	modify	672	3.63	1.05572	1.05741	0.00000	0.00	19568.27
1689	2024.11.18 19:53	modify	672	3.63	1.05572	1.05810	0.00000	0.00	19568.27
1690	2024.11.18 21:06	modify	672	3.63	1.05572	1.05948	0.00000	0.00	19568.27
1691	2024.11.18 21:24	s/l	672	3.63	1.05948	1.05948	0.00000	1364.88	20933.15
1692	2024.11.21 16:15	sell	673	2.53	1.05245	1.05410	1.04833	0.00	20933.15
1693	2024.11.21 17:08	s/l	673	2.53	1.05410	1.05410	1.04833	-417.45	20515.70
1694	2024.11.26 10:00	sell	674	2.64	1.04719	1.04874	1.04332	0.00	20515.70
1695	2024.11.26 10:21	s/l	674	2.64	1.04874	1.04874	1.04332	-409.20	20106.50
1696	2024.11.28 16:45	buy	675	1.33	1.05445	1.05294	1.05823	0.00	20106.50
1697	2024.11.29 02:36	modify	675	1.33	1.05445	1.05455	1.05823	0.00	20106.50
1698	2024.11.29 09:00	t/p	675	1.33	1.05823	1.05455	1.05823	491.64	20598.14
1699	2024.12.02 09:15	sell	676	6.64	1.05174	1.05391	1.04632	0.00	20598.14
1700	2024.12.02 16:42	close	676	3.32	1.04845	1.05391	1.04632	1092.28	21690.42
1701	2024.12.02 16:42	sell	677	3.32	1.05174	1.05391	1.04632	0.00	21690.42
1702	2024.12.02 16:42	modify	677	3.32	1.05174	1.05164	0.00000	0.00	21690.42
1703	2024.12.02 16:42	modify	677	3.32	1.05174	1.04941	0.00000	0.00	21690.42
1704	2024.12.02 17:00	modify	677	3.32	1.05174	1.04808	0.00000	0.00	21690.42
1705	2024.12.02 17:00	s/l	677	3.32	1.04808	1.04808	0.00000	1215.12	22905.54
1706	2024.12.03 16:00	buy	678	5.98	1.05244	1.05091	1.05627	0.00	22905.54
1707	2024.12.03 17:00	s/l	678	5.98	1.05091	1.05091	1.05627	-914.94	21990.60
1708	2024.12.04 10:45	sell	679	2.33	1.04980	1.05168	1.04510	0.00	21990.60
1709	2024.12.04 17:00	s/l	679	2.33	1.05168	1.05168	1.04510	-438.04	21552.56
1710	2024.12.05 11:45	buy	680	1.42	1.05342	1.05191	1.05720	0.00	21552.56
1711	2024.12.05 15:30	modify	680	1.42	1.05342	1.05352	1.05720	0.00	21552.56
1712	2024.12.05 16:00	t/p	680	1.42	1.05720	1.05352	1.05720	536.76	22089.32
1713	2025.01.02 11:45	sell	681	4.71	1.03557	1.03721	1.03147	0.00	22089.32
1714	2025.01.02 12:48	modify	681	4.71	1.03557	1.03547	1.03147	0.00	22089.32
1715	2025.01.02 12:49	t/p	681	4.71	1.03147	1.03547	1.03147	1931.10	24020.42
1716	2025.01.14 16:30	buy	682	4.03	1.02652	1.02414	1.03247	0.00	24020.42
1717	2025.01.14 18:16	modify	682	4.03	1.02652	1.02662	1.03247	0.00	24020.42
1718	2025.01.15 15:30	t/p	682	4.03	1.03247	1.02662	1.03247	2364.22	26384.65
1719	2025.01.27 09:45	buy	683	5.73	1.04703	1.04519	1.05163	0.00	26384.65
1720	2025.01.27 12:05	modify	683	5.73	1.04703	1.04713	1.05163	0.00	26384.65
1721	2025.01.27 13:13	t/p	683	5.73	1.05163	1.04713	1.05163	2635.80	29020.45
1722	2025.01.30 11:15	sell	684	3.56	1.04097	1.04260	1.03690	0.00	29020.45
1723	2025.01.30 15:53	s/l	684	3.56	1.04260	1.04260	1.03690	-580.28	28440.17
1724	2025.02.04 15:15	buy	685	3.69	1.03361	1.03207	1.03746	0.00	28440.17
1725	2025.02.04 16:18	modify	685	3.69	1.03361	1.03371	1.03746	0.00	28440.17
1726	2025.02.04 17:00	t/p	685	3.69	1.03746	1.03371	1.03746	1420.65	29860.82
1727	2025.02.10 14:00	sell	686	13.39	1.03204	1.03360	1.02814	0.00	29860.82
1728	2025.02.11 04:34	close	686	6.70	1.02970	1.03360	1.02814	1584.79	31445.61
1729	2025.02.11 04:34	sell	687	6.69	1.03204	1.03360	1.02814	0.00	31445.61
1730	2025.02.11 04:34	modify	687	6.69	1.03204	1.03194	0.00000	0.00	31445.61
1731	2025.02.11 04:34	modify	687	6.69	1.03204	1.03067	0.00000	0.00	31445.61
1732	2025.02.11 04:57	modify	687	6.69	1.03204	1.03028	0.00000	0.00	31445.61
1733	2025.02.11 06:39	s/l	687	6.69	1.03028	1.03028	0.00000	1194.41	32640.02
1734	2025.02.26 10:30	buy	688	6.62	1.05093	1.04896	1.05586	0.00	32640.02
1735	2025.02.26 13:50	s/l	688	6.62	1.04896	1.04896	1.05586	-1304.14	31335.88
1736	2025.03.12 16:45	buy	689	2.63	1.09028	1.08790	1.09623	0.00	31335.88
1737	2025.03.13 08:07	s/l	689	2.63	1.08790	1.08790	1.09623	-691.77	30644.10
1738	2025.03.13 09:45	sell	690	1.23	1.08621	1.08870	1.07999	0.00	30644.10
1739	2025.03.13 15:12	modify	690	1.23	1.08621	1.08611	1.07999	0.00	30644.10
1740	2025.03.13 16:03	s/l	690	1.23	1.08611	1.08611	1.07999	12.30	30656.40
1741	2025.03.17 15:00	buy	691	13.08	1.09018	1.08854	1.09428	0.00	30656.40
1742	2025.03.17 17:25	close	691	6.54	1.09264	1.08854	1.09428	1608.84	32265.24
1743	2025.03.17 17:25	buy	692	6.54	1.09018	1.08854	1.09428	0.00	32265.24
1744	2025.03.17 17:25	modify	692	6.54	1.09018	1.09028	0.00000	0.00	32265.24
1745	2025.03.17 17:25	modify	692	6.54	1.09018	1.09163	0.00000	0.00	32265.24
1746	2025.03.17 18:10	s/l	692	6.54	1.09163	1.09163	0.00000	948.30	33213.54
1747	2025.03.19 15:00	sell	693	7.76	1.09014	1.09185	1.08587	0.00	33213.54
1748	2025.03.19 17:58	modify	693	7.76	1.09014	1.09004	1.08587	0.00	33213.54
1749	2025.03.19 20:36	s/l	693	7.76	1.09004	1.09004	1.08587	77.60	33291.14
1750	2025.03.24 14:00	sell	694	7.00	1.08320	1.08510	1.07845	0.00	33291.14
1751	2025.03.24 15:51	modify	694	7.00	1.08320	1.08310	1.07845	0.00	33291.14
1752	2025.03.24 18:41	t/p	694	7.00	1.07845	1.08310	1.07845	3325.00	36616.14
1753	2025.03.25 16:15	sell	695	6.50	1.08051	1.08276	1.07489	0.00	36616.14
1754	2025.03.26 15:29	modify	695	6.50	1.08051	1.08041	1.07489	0.00	36616.14
1755	2025.03.26 21:17	t/p	695	6.50	1.07489	1.08041	1.07489	3669.48	40285.63
1756	2025.03.27 15:45	buy	696	3.78	1.07959	1.07746	1.08492	0.00	40285.63
1757	2025.03.28 11:03	s/l	696	3.78	1.07746	1.07746	1.08492	-836.68	39448.94
1758	2025.03.31 14:15	buy	697	4.38	1.08255	1.08075	1.08705	0.00	39448.94
1759	2025.03.31 15:42	s/l	697	4.38	1.08075	1.08075	1.08705	-788.40	38660.54
1760	2025.04.17 10:45	buy	698	2.01	1.13697	1.13505	1.14177	0.00	38660.54
1761	2025.04.17 15:16	s/l	698	2.01	1.13505	1.13505	1.14177	-385.92	38274.62
1762	2025.04.17 15:16	sell	699	1.83	1.13502	1.13711	1.12980	0.00	38274.62
1763	2025.04.17 16:05	s/l	699	1.83	1.13711	1.13711	1.12980	-382.47	37892.15
1764	2025.04.29 10:45	buy	700	3.71	1.14052	1.13848	1.14562	0.00	37892.15
1765	2025.04.29 11:13	s/l	700	3.71	1.13848	1.13848	1.14562	-756.84	37135.31
1766	2025.04.29 15:30	buy	701	3.99	1.13862	1.13676	1.14327	0.00	37135.31
1767	2025.04.29 16:18	modify	701	3.99	1.13862	1.13872	1.14327	0.00	37135.31
1768	2025.04.29 17:47	s/l	701	3.99	1.13872	1.13872	1.14327	39.90	37175.21
1769	2025.04.30 10:30	sell	702	12.27	1.13797	1.14009	1.13267	0.00	37175.21
1770	2025.04.30 18:21	close	702	6.14	1.13477	1.14009	1.13267	1964.80	39140.01
1771	2025.04.30 18:21	sell	703	6.13	1.13797	1.14009	1.13267	0.00	39140.01
1772	2025.04.30 18:21	modify	703	6.13	1.13797	1.13787	0.00000	0.00	39140.01
1773	2025.04.30 18:21	modify	703	6.13	1.13797	1.13574	0.00000	0.00	39140.01
1774	2025.04.30 18:29	modify	703	6.13	1.13797	1.13451	0.00000	0.00	39140.01
1775	2025.04.30 18:53	s/l	703	6.13	1.13451	1.13451	0.00000	2120.98	41260.99
1776	2025.05.01 15:00	sell	704	3.61	1.13197	1.13425	1.12627	0.00	41260.99
1777	2025.05.01 17:20	modify	704	3.61	1.13197	1.13187	1.12627	0.00	41260.99
1778	2025.05.02 09:10	s/l	704	3.61	1.13187	1.13187	1.12627	45.25	41306.25
1779	2025.05.14 09:30	buy	705	9.77	1.11946	1.11777	1.12369	0.00	41306.25
1780	2025.05.14 11:03	modify	705	9.77	1.11946	1.11956	1.12369	0.00	41306.25
1781	2025.05.14 11:07	t/p	705	9.77	1.12369	1.11956	1.12369	4132.71	45438.96
1782	2025.05.15 09:30	buy	706	3.69	1.12077	1.11831	1.12692	0.00	45438.96
1783	2025.05.15 14:34	s/l	706	3.69	1.11831	1.11831	1.12692	-907.74	44531.22
1784	2025.05.22 15:45	sell	707	1.87	1.12926	1.13164	1.12331	0.00	44531.22
1785	2025.05.22 20:28	modify	707	1.87	1.12926	1.12916	1.12331	0.00	44531.22
1786	2025.05.23 03:24	s/l	707	1.87	1.12916	1.12916	1.12331	23.44	44554.66
1787	2025.05.27 09:15	buy	708	13.61	1.13874	1.13645	1.14447	0.00	44554.66
1788	2025.05.27 09:59	s/l	708	13.61	1.13645	1.13645	1.14447	-3116.69	41437.97
1789	2025.05.28 14:00	sell	709	4.93	1.13254	1.13422	1.12834	0.00	41437.97
1790	2025.05.28 16:11	modify	709	4.93	1.13254	1.13244	1.12834	0.00	41437.97
1791	2025.05.29 02:10	t/p	709	4.93	1.12834	1.13244	1.12834	2108.11	43546.08
1792	2025.06.05 10:15	buy	710	10.02	1.14189	1.14037	1.14569	0.00	43546.08
1793	2025.06.05 15:30	modify	710	10.02	1.14189	1.14199	1.14569	0.00	43546.08
1794	2025.06.05 15:50	s/l	710	10.02	1.14199	1.14199	1.14569	100.20	43646.28
1795	2025.06.10 10:00	sell	711	7.86	1.13940	1.14162	1.13385	0.00	43646.28
1796	2025.06.10 12:41	s/l	711	7.86	1.14162	1.14162	1.13385	-1744.92	41901.36
1797	2025.06.16 08:15	buy	712	5.20	1.15458	1.15297	1.15861	0.00	41901.36
1798	2025.06.16 09:51	modify	712	5.20	1.15458	1.15468	1.15861	0.00	41901.36
1799	2025.06.16 16:00	t/p	712	5.20	1.15861	1.15468	1.15861	2095.60	43996.96
1800	2025.06.18 11:30	sell	713	19.86	1.15033	1.15188	1.14646	0.00	43996.96
1801	2025.06.18 17:04	s/l	713	19.86	1.15188	1.15188	1.14646	-3078.30	40918.66
1802	2025.07.09 10:45	sell	714	4.07	1.17098	1.17299	1.16596	0.00	40918.66
1803	2025.07.10 02:39	s/l	714	4.07	1.17299	1.17299	1.16596	-787.11	40131.55
1804	2025.07.17 09:15	sell	715	2.10	1.16080	1.16271	1.15603	0.00	40131.55
1805	2025.07.17 09:30	modify	715	2.10	1.16080	1.16070	1.15603	0.00	40131.55
1806	2025.07.17 15:30	t/p	715	2.10	1.15603	1.16070	1.15603	1001.70	41133.25
1807	2025.07.22 16:45	buy	716	12.68	1.16990	1.16763	1.17558	0.00	41133.25
1808	2025.07.22 18:16	close	716	6.34	1.17332	1.16763	1.17558	2168.28	43301.53
1809	2025.07.22 18:16	buy	717	6.34	1.16990	1.16763	1.17558	0.00	43301.53
1810	2025.07.22 18:16	modify	717	6.34	1.16990	1.17000	0.00000	0.00	43301.53
1811	2025.07.22 18:17	modify	717	6.34	1.16990	1.17231	0.00000	0.00	43301.53
1812	2025.07.22 18:58	modify	717	6.34	1.16990	1.17372	0.00000	0.00	43301.53
1813	2025.07.23 02:47	s/l	717	6.34	1.17372	1.17372	0.00000	2368.98	45670.51
1814	2025.08.21 16:45	sell	718	5.07	1.16334	1.16514	1.15884	0.00	45670.51
1815	2025.08.21 17:45	modify	718	5.07	1.16334	1.16324	1.15884	0.00	45670.51
1816	2025.08.22 07:21	t/p	718	5.07	1.15884	1.16324	1.15884	2294.36	47964.87
1817	2025.08.26 09:15	sell	719	11.91	1.16297	1.16458	1.15895	0.00	47964.87
1818	2025.08.26 10:12	modify	719	11.91	1.16297	1.16287	1.15895	0.00	47964.87
1819	2025.08.26 12:12	s/l	719	11.91	1.16287	1.16287	1.15895	119.10	48083.97
1820	2025.09.03 15:45	sell	720	12.73	1.16452	1.16603	1.16075	0.00	48083.97
1821	2025.09.03 17:00	s/l	720	12.73	1.16603	1.16603	1.16075	-1922.23	46161.74
1822	2025.09.29 15:00	buy	721	4.14	1.17293	1.17070	1.17851	0.00	46161.74
1823	2025.10.01 08:00	modify	721	4.14	1.17293	1.17303	1.17851	0.00	46161.74
1824	2025.10.01 13:02	s/l	721	4.14	1.17303	1.17303	1.17851	-27.69	46134.05
1825	2025.10.01 15:15	sell	722	4.88	1.17234	1.17423	1.16762	0.00	46134.05
1826	2025.10.01 15:15	s/l	722	4.88	1.17423	1.17423	1.16762	-922.32	45211.73
1827	2025.10.01 15:15	buy	723	4.30	1.17423	1.17213	1.17948	0.00	45211.73
1828	2025.10.01 18:20	s/l	723	4.30	1.17213	1.17213	1.17948	-903.00	44308.73
1829	2025.10.02 10:15	buy	724	2.27	1.17516	1.17321	1.18004	0.00	44308.73
1830	2025.10.02 16:39	s/l	724	2.27	1.17321	1.17321	1.18004	-442.65	43866.08
1831	2025.10.02 16:39	sell	725	3.24	1.17321	1.17456	1.16984	0.00	43866.08
1832	2025.10.02 17:11	modify	725	3.24	1.17321	1.17311	1.16984	0.00	43866.08
1833	2025.10.02 18:15	t/p	725	3.24	1.16984	1.17311	1.16984	1091.88	44957.96
1834	2025.10.09 09:15	sell	726	2.59	1.16299	1.16472	1.15867	0.00	44957.96
1835	2025.10.09 11:35	modify	726	2.59	1.16299	1.16289	1.15867	0.00	44957.96
1836	2025.10.09 17:22	t/p	726	2.59	1.15867	1.16289	1.15867	1118.88	46076.84
1837	2025.10.14 09:30	sell	727	15.73	1.15710	1.15915	1.15198	0.00	46076.84
1838	2025.10.14 17:40	s/l	727	15.73	1.15915	1.15915	1.15198	-3224.65	42852.19
1839	2025.10.15 16:45	buy	728	4.53	1.16272	1.16083	1.16745	0.00	42852.19
1840	2025.10.16 03:27	modify	728	4.53	1.16272	1.16282	1.16745	0.00	42852.19
1841	2025.10.16 04:51	t/p	728	4.53	1.16745	1.16282	1.16745	2029.30	44881.49
1842	2025.10.27 10:45	buy	729	19.63	1.16315	1.16155	1.16715	0.00	44881.49
1843	2025.10.28 02:20	close	729	9.82	1.16557	1.16155	1.16715	2294.50	47175.99
1844	2025.10.28 02:20	buy	730	9.81	1.16315	1.16155	1.16715	0.00	47175.99
1845	2025.10.28 02:20	modify	730	9.81	1.16315	1.16325	0.00000	0.00	47175.99
1846	2025.10.28 02:20	modify	730	9.81	1.16315	1.16456	0.00000	0.00	47175.99
1847	2025.10.28 03:08	modify	730	9.81	1.16315	1.16499	0.00000	0.00	47175.99
1848	2025.10.28 07:08	modify	730	9.81	1.16315	1.16584	0.00000	0.00	47175.99
1849	2025.10.28 08:35	s/l	730	9.81	1.16584	1.16584	0.00000	2557.04	49733.02
1850	2025.10.28 11:45	buy	731	12.51	1.16587	1.16428	1.16985	0.00	49733.02
1851	2025.10.28 14:48	s/l	731	12.51	1.16428	1.16428	1.16985	-1989.09	47743.93
1852	2025.10.28 16:30	buy	732	3.99	1.16557	1.16318	1.17155	0.00	47743.93
1853	2025.10.29 06:55	s/l	732	3.99	1.16318	1.16318	1.17155	-986.90	46757.03
1854	2025.11.10 09:45	buy	733	4.89	1.15705	1.15514	1.16183	0.00	46757.03
1855	2025.11.10 17:41	s/l	733	4.89	1.15514	1.15514	1.16183	-933.99	45823.04
1856	2025.11.19 15:45	sell	734	5.03	1.15749	1.15931	1.15294	0.00	45823.04
1857	2025.11.19 17:10	modify	734	5.03	1.15749	1.15739	1.15294	0.00	45823.04
1858	2025.11.19 19:26	t/p	734	5.03	1.15294	1.15739	1.15294	2288.65	48111.69
1859	2025.12.01 09:30	buy	735	17.72	1.16082	1.15892	1.16557	0.00	48111.69
1860	2025.12.01 14:37	close	735	8.86	1.16367	1.15892	1.16557	2525.10	50636.79
1861	2025.12.01 14:37	buy	736	8.86	1.16082	1.15892	1.16557	0.00	50636.79
1862	2025.12.01 14:37	modify	736	8.86	1.16082	1.16092	0.00000	0.00	50636.79
1863	2025.12.01 14:37	modify	736	8.86	1.16082	1.16268	0.00000	0.00	50636.79
1864	2025.12.01 14:56	modify	736	8.86	1.16082	1.16354	0.00000	0.00	50636.79
1865	2025.12.01 16:05	s/l	736	8.86	1.16354	1.16354	0.00000	2409.92	53046.71
1866	2025.12.16 16:00	buy	737	10.15	1.17758	1.17549	1.18281	0.00	53046.71
1867	2025.12.16 20:07	s/l	737	10.15	1.17549	1.17549	1.18281	-2121.35	50925.36
1868	2025.12.24 11:00	buy	738	4.65	1.17995	1.17776	1.18543	0.00	50925.36
1869	2025.12.24 16:55	s/l	738	4.65	1.17776	1.17776	1.18543	-1018.35	49907.01
1870	2026.01.12 15:15	buy	739	5.94	1.16925	1.16757	1.17345	0.00	49907.01
1871	2026.01.12 16:29	s/l	739	5.94	1.16757	1.16757	1.17345	-997.92	48909.09
1872	2026.01.12 16:29	sell	740	3.94	1.16757	1.17005	1.16137	0.00	48909.09
1873	2026.01.13 18:14	modify	740	3.94	1.16757	1.16747	1.16137	0.00	48909.09
1874	2026.01.15 15:30	t/p	740	3.94	1.16137	1.16747	1.16137	2492.76	51401.85
1875	2026.01.19 09:15	buy	741	5.97	1.16400	1.16228	1.16830	0.00	51401.85
1876	2026.01.19 10:07	s/l	741	5.97	1.16228	1.16228	1.16830	-1026.84	50375.01
1877	2026.01.19 10:07	sell	742	5.24	1.16228	1.16420	1.15748	0.00	50375.01
1878	2026.01.19 16:49	s/l	742	5.24	1.16420	1.16420	1.15748	-1006.08	49368.93
1879	2026.01.29 15:00	buy	743	2.68	1.19613	1.19429	1.20073	0.00	49368.93
1880	2026.01.29 15:49	s/l	743	2.68	1.19429	1.19429	1.20073	-493.12	48875.81
1881	2026.02.04 16:15	sell	744	4.88	1.18076	1.18276	1.17576	0.00	48875.81
1882	2026.02.05 23:02	modify	744	4.88	1.18076	1.18066	1.17576	0.00	48875.81
1883	2026.02.06 15:49	s/l	744	4.88	1.18066	1.18066	1.17576	98.30	48974.11
1884	2026.02.18 16:00	sell	745	13.99	1.18236	1.18481	1.17624	0.00	48974.11
1885	2026.02.18 20:47	close	745	7.00	1.17867	1.18481	1.17624	2583.00	51557.11
1886	2026.02.18 20:47	sell	746	6.99	1.18236	1.18481	1.17624	0.00	51557.11
1887	2026.02.18 20:47	modify	746	6.99	1.18236	1.18226	0.00000	0.00	51557.11
1888	2026.02.18 20:47	modify	746	6.99	1.18236	1.17965	0.00000	0.00	51557.11
1889	2026.02.19 08:19	s/l	746	6.99	1.17965	1.17965	0.00000	1947.47	53504.58
1890	2026.02.25 16:00	sell	747	11.38	1.17734	1.17922	1.17264	0.00	53504.58
1891	2026.02.25 17:07	s/l	747	11.38	1.17922	1.17922	1.17264	-2139.44	51365.14
1892	2026.03.17 09:15	buy	748	6.42	1.14885	1.14725	1.15285	0.00	51365.14
1893	2026.03.17 10:48	modify	748	6.42	1.14885	1.14895	1.15285	0.00	51365.14
1894	2026.03.17 15:00	t/p	748	6.42	1.15285	1.14895	1.15285	2568.00	53933.14
