TRADE_ID,DATE,ACTUAL_FUTURES_CONTRACT,SIDE,PREMARKET_HIGH,PREMARKET_LOW,BREAKOUT_TIMESTAMP,RETEST_TIMESTAMP,ORDER_ACTIVATION_TIMESTAMP,MODELED_ENTRY,INITIAL_STOP,TRIM_LEVEL,TRIM_TRIGGERED,EMA8_MANAGEMENT_STATE,MODELED_FINAL_EXIT_TIMESTAMP,MODELED_FINAL_EXIT,MODELED_GROSS_POINTS,MODELED_NET_POINTS,MODELED_EXIT_REASON,WINDOW_START_UTC,WINDOW_END_UTC,ROLL_CROSS
P000-0000,2020-01-03,NQH0,LONG,8807.5,8735.25,2020-01-03 14:30:00+00:00,2020-01-03 15:00:00+00:00,2020-01-03 15:05:00+00:00,8825.25,8807.5,8840.75,True,ARMED,2020-01-03 18:00:00+00:00,8851.0,20.625,19.125,EMA8,2020-01-03 14:20:00+00:00,2020-01-03 18:10:00+00:00,False
P000-0001,2020-01-14,NQH0,SHORT,9096.75,9061.0,2020-01-14 14:45:00+00:00,2020-01-14 14:50:00+00:00,2020-01-14 14:55:00+00:00,9045.5,9061.0,9040.75,True,ARMED,2020-01-14 15:00:00+00:00,9055.75,2.375,0.875,BE_STOP,2020-01-14 14:35:00+00:00,2020-01-14 15:10:00+00:00,False
P000-0002,2020-01-16,NQH0,LONG,9104.25,9087.0,2020-01-16 14:30:00+00:00,2020-01-16 14:35:00+00:00,2020-01-16 14:40:00+00:00,9108.5,9104.25,9109.75,True,ARMED,2020-01-16 14:45:00+00:00,9105.75,0.625,-0.875,BE_STOP,2020-01-16 14:20:00+00:00,2020-01-16 14:55:00+00:00,False
P000-0003,2020-01-21,NQH0,LONG,9155.0,9120.5,2020-01-21 14:30:00+00:00,2020-01-21 18:40:00+00:00,2020-01-21 18:45:00+00:00,9165.5,9155.0,9199.75,False,NOT_ARMED,2020-01-21 20:55:00+00:00,9179.75,14.25,12.75,EOD,2020-01-21 14:20:00+00:00,2020-01-21 21:05:00+00:00,False
P000-0004,2020-01-29,NQH0,SHORT,9157.0,9121.5,2020-01-29 14:45:00+00:00,2020-01-29 14:50:00+00:00,2020-01-29 14:55:00+00:00,9117.75,9121.5,9116.25,True,ARMED,2020-01-29 15:30:00+00:00,9098.25,10.5,9.0,EMA8,2020-01-29 14:35:00+00:00,2020-01-29 15:40:00+00:00,False
P000-0005,2020-01-30,NQH0,LONG,9075.25,9018.25,2020-01-30 14:30:00+00:00,2020-01-30 15:20:00+00:00,2020-01-30 15:25:00+00:00,9083.0,9075.25,9114.75,False,NOT_ARMED,2020-01-30 15:30:00+00:00,9071.0,-12.0,-13.5,LEVEL_STOP,2020-01-30 14:20:00+00:00,2020-01-30 15:40:00+00:00,False
P000-0006,2020-02-18,NQH0,LONG,9593.75,9535.0,2020-02-18 14:30:00+00:00,2020-02-18 14:35:00+00:00,2020-02-18 14:40:00+00:00,9613.0,9593.75,9613.0,True,ARMED,2020-02-18 14:45:00+00:00,9610.25,-5.125,-6.625,BE_STOP,2020-02-18 14:20:00+00:00,2020-02-18 14:55:00+00:00,False
P000-0007,2020-02-20,NQH0,SHORT,9729.75,9691.0,2020-02-20 16:00:00+00:00,2020-02-20 16:05:00+00:00,2020-02-20 16:10:00+00:00,9686.0,9691.0,9686.0,True,ARMED,2020-02-20 17:50:00+00:00,9564.75,60.625,59.125,EMA8,2020-02-20 15:50:00+00:00,2020-02-20 18:00:00+00:00,False
P000-0008,2020-02-24,NQH0,SHORT,9229.25,9096.75,2020-02-24 17:00:00+00:00,2020-02-24 17:25:00+00:00,2020-02-24 17:30:00+00:00,9078.75,9096.75,9041.25,False,NOT_ARMED,2020-02-24 17:35:00+00:00,9113.25,-34.5,-36.0,LEVEL_STOP,2020-02-24 16:50:00+00:00,2020-02-24 17:45:00+00:00,False
P000-0009,2020-02-25,NQH0,SHORT,9181.25,9070.25,2020-02-25 15:20:00+00:00,2020-02-25 15:25:00+00:00,2020-02-25 15:30:00+00:00,9038.75,9070.25,9038.75,True,ARMED,2020-02-25 15:35:00+00:00,9047.75,-2.875,-4.375,BE_STOP,2020-02-25 15:10:00+00:00,2020-02-25 15:45:00+00:00,False
P000-0010,2020-02-26,NQH0,LONG,8930.0,8709.5,2020-02-26 14:35:00+00:00,2020-02-26 15:05:00+00:00,2020-02-26 15:10:00+00:00,8952.25,8930.0,9015.5,True,ARMED,2020-02-26 16:00:00+00:00,8999.0,55.0,53.5,EMA8,2020-02-26 14:25:00+00:00,2020-02-26 16:10:00+00:00,False
P000-0011,2020-03-04,NQH0,SHORT,8809.0,8721.0,2020-03-04 14:35:00+00:00,2020-03-04 14:40:00+00:00,2020-03-04 14:45:00+00:00,8699.5,8721.0,8682.25,True,ARMED,2020-03-04 15:00:00+00:00,8700.25,8.625,7.125,BE_STOP,2020-03-04 14:25:00+00:00,2020-03-04 15:10:00+00:00,False
P000-0012,2020-03-10,NQH0,SHORT,8346.0,8152.25,2020-03-10 14:45:00+00:00,2020-03-10 17:20:00+00:00,2020-03-10 17:25:00+00:00,8128.5,8152.25,7931.25,False,NOT_ARMED,2020-03-10 18:40:00+00:00,8175.5,-47.0,-48.5,LEVEL_STOP,2020-03-10 14:35:00+00:00,2020-03-10 18:50:00+00:00,False
P000-0013,2020-03-26,NQM0,LONG,7542.5,7310.25,2020-03-26 13:30:00+00:00,2020-03-26 13:50:00+00:00,2020-03-26 13:55:00+00:00,7605.5,7542.5,7638.25,True,ARMED,2020-03-26 14:45:00+00:00,7640.25,33.75,32.25,EMA8,2020-03-26 13:20:00+00:00,2020-03-26 14:55:00+00:00,False
P000-0014,2020-03-31,NQM0,LONG,7957.0,7764.25,2020-03-31 14:15:00+00:00,2020-03-31 14:20:00+00:00,2020-03-31 14:25:00+00:00,7973.75,7957.0,7973.75,True,ARMED,2020-03-31 14:35:00+00:00,7982.75,-3.5,-5.0,BE_STOP,2020-03-31 14:05:00+00:00,2020-03-31 14:45:00+00:00,False
P000-0015,2020-04-01,NQM0,LONG,7621.0,7524.25,2020-04-01 14:30:00+00:00,2020-04-01 14:55:00+00:00,2020-04-01 15:00:00+00:00,7645.0,7621.0,7701.5,False,NOT_ARMED,2020-04-01 15:35:00+00:00,7609.75,-35.25,-36.75,LEVEL_STOP,2020-04-01 14:20:00+00:00,2020-04-01 15:45:00+00:00,False
P000-0016,2020-04-07,NQM0,SHORT,8303.25,8191.25,2020-04-07 14:05:00+00:00,2020-04-07 14:10:00+00:00,2020-04-07 14:15:00+00:00,8139.75,8191.25,7956.5,False,NOT_ARMED,2020-04-07 15:35:00+00:00,8191.5,-51.75,-53.25,LEVEL_STOP,2020-04-07 13:55:00+00:00,2020-04-07 15:45:00+00:00,False
P000-0017,2020-04-08,NQM0,LONG,8139.0,7981.0,2020-04-08 15:10:00+00:00,2020-04-08 15:15:00+00:00,2020-04-08 15:20:00+00:00,8150.75,8139.0,8154.25,True,ARMED,2020-04-08 15:50:00+00:00,8163.5,8.125,6.625,EMA8,2020-04-08 15:00:00+00:00,2020-04-08 16:00:00+00:00,False
P000-0018,2020-04-14,NQM0,LONG,8502.75,8415.25,2020-04-14 13:30:00+00:00,2020-04-14 13:35:00+00:00,2020-04-14 13:40:00+00:00,8519.0,8502.75,8519.0,True,ARMED,2020-04-14 14:50:00+00:00,8583.25,32.125,30.625,EMA8,2020-04-14 13:20:00+00:00,2020-04-14 15:00:00+00:00,False
P000-0019,2020-04-20,NQM0,LONG,8782.25,8696.25,2020-04-20 14:25:00+00:00,2020-04-20 14:40:00+00:00,2020-04-20 14:45:00+00:00,8808.5,8782.25,8829.75,True,ARMED,2020-04-20 15:15:00+00:00,8809.25,11.0,9.5,EMA8,2020-04-20 14:15:00+00:00,2020-04-20 15:25:00+00:00,False
P000-0020,2020-04-29,NQM0,LONG,8907.0,8773.25,2020-04-29 14:15:00+00:00,2020-04-29 14:20:00+00:00,2020-04-29 14:25:00+00:00,8923.75,8907.0,8923.75,True,ARMED,2020-04-29 14:35:00+00:00,8923.0,0.0,-1.5,BE_STOP,2020-04-29 14:05:00+00:00,2020-04-29 14:45:00+00:00,False
P000-0021,2020-05-08,NQM0,SHORT,9219.5,9156.5,2020-05-08 13:30:00+00:00,2020-05-08 13:50:00+00:00,2020-05-08 13:55:00+00:00,9134.5,9156.5,9116.0,False,NOT_ARMED,2020-05-08 14:00:00+00:00,9158.5,-24.0,-25.5,LEVEL_STOP,2020-05-08 13:20:00+00:00,2020-05-08 14:10:00+00:00,False
P000-0022,2020-05-18,NQM0,LONG,9295.0,9195.0,2020-05-18 14:30:00+00:00,2020-05-18 14:35:00+00:00,2020-05-18 14:40:00+00:00,9313.0,9295.0,9313.0,True,ARMED,2020-05-18 15:35:00+00:00,9318.0,2.5,1.0,EMA8,2020-05-18 14:20:00+00:00,2020-05-18 15:45:00+00:00,False
P000-0023,2020-05-27,NQM0,SHORT,9508.0,9358.5,2020-05-27 13:30:00+00:00,2020-05-27 13:35:00+00:00,2020-05-27 13:40:00+00:00,9329.0,9358.5,9329.0,True,ARMED,2020-05-27 13:45:00+00:00,9295.25,-6.125,-7.625,BE_STOP,2020-05-27 13:20:00+00:00,2020-05-27 13:55:00+00:00,False
P000-0024,2020-06-09,NQM0,LONG,9868.25,9811.5,2020-06-09 13:35:00+00:00,2020-06-09 13:40:00+00:00,2020-06-09 13:45:00+00:00,9900.25,9868.25,9907.25,True,ARMED,2020-06-09 13:55:00+00:00,9895.5,3.5,2.0,BE_STOP,2020-06-09 13:25:00+00:00,2020-06-09 14:05:00+00:00,False
P000-0025,2020-06-12,NQM0,LONG,9799.5,9707.0,2020-06-12 13:30:00+00:00,2020-06-12 13:35:00+00:00,2020-06-12 13:40:00+00:00,9817.25,9799.5,9817.25,True,ARMED,2020-06-12 13:50:00+00:00,9814.25,0.0,-1.5,BE_STOP,2020-06-12 13:20:00+00:00,2020-06-12 14:00:00+00:00,False
P000-0026,2020-06-19,NQU0,SHORT,10112.5,10041.25,2020-06-19 16:00:00+00:00,2020-06-19 16:05:00+00:00,2020-06-19 16:10:00+00:00,10025.25,10041.25,10003.25,True,ARMED,2020-06-19 16:40:00+00:00,9989.5,28.875,27.375,EMA8,2020-06-19 15:50:00+00:00,2020-06-19 16:50:00+00:00,False
P000-0027,2020-06-30,NQU0,LONG,9993.0,9940.25,2020-06-30 13:35:00+00:00,2020-06-30 13:40:00+00:00,2020-06-30 13:45:00+00:00,10011.75,9993.0,10028.25,True,ARMED,2020-06-30 16:30:00+00:00,10078.5,41.625,40.125,EMA8,2020-06-30 13:25:00+00:00,2020-06-30 16:40:00+00:00,False
P000-0028,2020-07-02,NQU0,LONG,10381.0,10301.0,2020-07-02 13:30:00+00:00,2020-07-02 13:35:00+00:00,2020-07-02 13:40:00+00:00,10410.75,10381.0,10410.75,True,ARMED,2020-07-02 13:50:00+00:00,10404.25,-6.375,-7.875,BE_STOP,2020-07-02 13:20:00+00:00,2020-07-02 14:00:00+00:00,False
P000-0029,2020-07-03,NQU0,SHORT,10381.75,10341.25,2020-07-03 14:25:00+00:00,2020-07-03 14:30:00+00:00,2020-07-03 14:35:00+00:00,10313.75,10341.25,10313.75,True,ARMED,2020-07-03 14:40:00+00:00,10320.75,-0.25,-1.75,BE_STOP,2020-07-03 14:15:00+00:00,2020-07-03 14:50:00+00:00,False
P000-0030,2020-07-13,NQU0,LONG,10951.75,10866.0,2020-07-13 13:35:00+00:00,2020-07-13 14:00:00+00:00,2020-07-13 14:05:00+00:00,10975.5,10951.75,10997.0,True,ARMED,2020-07-13 15:45:00+00:00,11025.5,35.75,34.25,EMA8,2020-07-13 13:25:00+00:00,2020-07-13 15:55:00+00:00,False
P000-0031,2020-07-20,NQU0,LONG,10678.25,10562.75,2020-07-20 13:50:00+00:00,2020-07-20 13:55:00+00:00,2020-07-20 14:00:00+00:00,10695.0,10678.25,10695.0,True,ARMED,2020-07-20 16:25:00+00:00,10805.75,55.375,53.875,EMA8,2020-07-20 13:40:00+00:00,2020-07-20 16:35:00+00:00,False
P000-0032,2020-07-21,NQU0,SHORT,11058.0,10986.75,2020-07-21 13:30:00+00:00,2020-07-21 13:35:00+00:00,2020-07-21 13:40:00+00:00,10922.0,10986.75,10922.0,True,ARMED,2020-07-21 13:45:00+00:00,10934.0,0.0,-1.5,BE_STOP,2020-07-21 13:20:00+00:00,2020-07-21 13:55:00+00:00,False
P000-0033,2020-08-03,NQU0,LONG,11004.75,10921.25,2020-08-03 13:30:00+00:00,2020-08-03 13:35:00+00:00,2020-08-03 13:40:00+00:00,11022.5,11004.75,11024.0,True,ARMED,2020-08-03 13:50:00+00:00,11021.25,0.75,-0.75,BE_STOP,2020-08-03 13:20:00+00:00,2020-08-03 14:00:00+00:00,False
P000-0034,2020-08-05,NQU0,SHORT,11144.0,11081.25,2020-08-05 13:30:00+00:00,2020-08-05 13:35:00+00:00,2020-08-05 13:40:00+00:00,11067.0,11081.25,11064.5,False,NOT_ARMED,2020-08-05 13:45:00+00:00,11093.25,-26.25,-27.75,LEVEL_STOP,2020-08-05 13:20:00+00:00,2020-08-05 13:55:00+00:00,False
P000-0035,2020-08-19,NQU0,SHORT,11429.25,11374.0,2020-08-19 13:40:00+00:00,2020-08-19 13:45:00+00:00,2020-08-19 13:50:00+00:00,11344.5,11374.0,11344.5,True,ARMED,2020-08-19 13:55:00+00:00,11353.0,-0.125,-1.625,BE_STOP,2020-08-19 13:30:00+00:00,2020-08-19 14:05:00+00:00,False
P000-0036,2020-08-20,NQU0,LONG,11336.75,11260.25,2020-08-20 13:40:00+00:00,2020-08-20 13:45:00+00:00,2020-08-20 13:50:00+00:00,11355.25,11336.75,11355.25,True,ARMED,2020-08-20 14:20:00+00:00,11354.25,0.0,-1.5,BE_STOP,2020-08-20 13:30:00+00:00,2020-08-20 14:30:00+00:00,False
P000-0037,2020-09-08,NQU0,SHORT,11524.5,11148.5,2020-09-08 18:40:00+00:00,2020-09-08 18:55:00+00:00,2020-09-08 19:00:00+00:00,11085.5,11148.5,11081.0,True,ARMED,2020-09-08 19:10:00+00:00,11121.25,-5.75,-7.25,BE_STOP,2020-09-08 18:30:00+00:00,2020-09-08 19:20:00+00:00,False
P000-0038,2020-09-14,NQU0,LONG,11277.5,11183.5,2020-09-14 13:40:00+00:00,2020-09-14 16:35:00+00:00,2020-09-14 16:40:00+00:00,11296.5,11277.5,11362.75,False,NOT_ARMED,2020-09-14 16:50:00+00:00,11272.75,-23.75,-25.25,LEVEL_STOP,2020-09-14 13:30:00+00:00,2020-09-14 17:00:00+00:00,False
P000-0039,2020-09-15,NQU0,LONG,11436.75,11326.75,2020-09-15 13:35:00+00:00,2020-09-15 13:45:00+00:00,2020-09-15 13:50:00+00:00,11463.25,11436.75,11463.25,True,ARMED,2020-09-15 14:10:00+00:00,11446.5,0.0,-1.5,BE_STOP,2020-09-15 13:25:00+00:00,2020-09-15 14:20:00+00:00,False
P000-0040,2020-09-22,NQZ0,SHORT,11083.25,10952.5,2020-09-22 14:55:00+00:00,2020-09-22 15:00:00+00:00,2020-09-22 15:05:00+00:00,10927.75,10952.5,10897.5,False,NOT_ARMED,2020-09-22 15:10:00+00:00,10964.0,-36.25,-37.75,LEVEL_STOP,2020-09-22 14:45:00+00:00,2020-09-22 15:20:00+00:00,False
P000-0041,2020-09-24,NQZ0,LONG,10825.0,10660.25,2020-09-24 13:45:00+00:00,2020-09-24 13:55:00+00:00,2020-09-24 14:00:00+00:00,10852.25,10825.0,10873.0,True,ARMED,2020-09-24 14:20:00+00:00,10852.25,10.375,8.875,EMA8,2020-09-24 13:35:00+00:00,2020-09-24 14:30:00+00:00,False
P000-0042,2020-09-25,NQZ0,LONG,10933.75,10813.75,2020-09-25 14:25:00+00:00,2020-09-25 14:30:00+00:00,2020-09-25 14:35:00+00:00,10965.5,10933.75,10965.5,True,ARMED,2020-09-25 14:45:00+00:00,10959.0,0.0,-1.5,BE_STOP,2020-09-25 14:15:00+00:00,2020-09-25 14:55:00+00:00,False
P000-0043,2020-09-29,NQZ0,SHORT,11392.75,11333.75,2020-09-29 14:30:00+00:00,2020-09-29 15:05:00+00:00,2020-09-29 15:10:00+00:00,11322.5,11333.75,11289.5,False,NOT_ARMED,2020-09-29 15:15:00+00:00,11334.75,-12.25,-13.75,LEVEL_STOP,2020-09-29 14:20:00+00:00,2020-09-29 15:25:00+00:00,False
P000-0044,2020-10-05,NQZ0,LONG,11361.75,11297.75,2020-10-05 13:50:00+00:00,2020-10-05 13:55:00+00:00,2020-10-05 14:00:00+00:00,11368.75,11361.75,11372.0,True,ARMED,2020-10-05 14:55:00+00:00,11412.0,23.25,21.75,EMA8,2020-10-05 13:40:00+00:00,2020-10-05 15:05:00+00:00,False
P000-0045,2020-10-09,NQZ0,LONG,11616.75,11553.25,2020-10-09 13:40:00+00:00,2020-10-09 13:45:00+00:00,2020-10-09 13:50:00+00:00,11633.25,11616.75,11633.25,True,ARMED,2020-10-09 13:55:00+00:00,11632.75,-0.25,-1.75,BE_STOP,2020-10-09 13:30:00+00:00,2020-10-09 14:05:00+00:00,False
P000-0046,2020-10-21,NQZ0,LONG,11692.5,11585.0,2020-10-21 13:30:00+00:00,2020-10-21 13:35:00+00:00,2020-10-21 13:40:00+00:00,11719.75,11692.5,11742.0,True,ARMED,2020-10-21 14:20:00+00:00,11744.0,23.25,21.75,EMA8,2020-10-21 13:20:00+00:00,2020-10-21 14:30:00+00:00,False
P000-0047,2020-10-23,NQZ0,SHORT,11691.75,11633.25,2020-10-23 13:30:00+00:00,2020-10-23 15:10:00+00:00,2020-10-23 15:15:00+00:00,11609.75,11633.25,11567.75,True,ARMED,2020-10-23 15:55:00+00:00,11583.75,34.0,32.5,EMA8,2020-10-23 13:20:00+00:00,2020-10-23 16:05:00+00:00,False
P000-0048,2020-10-30,NQZ0,SHORT,11258.0,11090.0,2020-10-30 14:20:00+00:00,2020-10-30 14:25:00+00:00,2020-10-30 14:30:00+00:00,11051.5,11090.0,11039.5,True,ARMED,2020-10-30 14:40:00+00:00,11032.0,1.0,-0.5,BE_STOP,2020-10-30 14:10:00+00:00,2020-10-30 14:50:00+00:00,False
P000-0049,2020-11-06,NQZ0,LONG,12073.25,11868.25,2020-11-06 18:00:00+00:00,2020-11-06 18:05:00+00:00,2020-11-06 18:10:00+00:00,12084.25,12073.25,12084.25,True,ARMED,2020-11-06 18:40:00+00:00,12082.75,0.0,-1.5,BE_STOP,2020-11-06 17:50:00+00:00,2020-11-06 18:50:00+00:00,False
P000-0050,2020-11-11,NQZ0,LONG,11785.0,11706.0,2020-11-11 14:40:00+00:00,2020-11-11 14:55:00+00:00,2020-11-11 15:00:00+00:00,11811.5,11785.0,11828.25,True,ARMED,2020-11-11 15:35:00+00:00,11807.0,8.375,6.875,BE_STOP,2020-11-11 14:30:00+00:00,2020-11-11 15:45:00+00:00,False
P000-0051,2020-11-13,NQZ0,SHORT,11937.0,11884.75,2020-11-13 14:55:00+00:00,2020-11-13 15:00:00+00:00,2020-11-13 15:05:00+00:00,11860.5,11884.75,11841.25,True,ARMED,2020-11-13 15:25:00+00:00,11869.5,9.625,8.125,BE_STOP,2020-11-13 14:45:00+00:00,2020-11-13 15:35:00+00:00,False
P000-0052,2020-11-16,NQZ0,LONG,12018.75,11851.75,2020-11-16 16:00:00+00:00,2020-11-16 16:05:00+00:00,2020-11-16 16:10:00+00:00,12023.75,12018.75,12059.75,False,NOT_ARMED,2020-11-16 16:15:00+00:00,12004.5,-19.25,-20.75,LEVEL_STOP,2020-11-16 15:50:00+00:00,2020-11-16 16:25:00+00:00,False
P000-0053,2020-11-19,NQZ0,LONG,11887.0,11804.5,2020-11-19 14:40:00+00:00,2020-11-19 14:45:00+00:00,2020-11-19 14:50:00+00:00,11899.5,11887.0,11903.0,True,ARMED,2020-11-19 15:10:00+00:00,11898.0,1.75,0.25,BE_STOP,2020-11-19 14:30:00+00:00,2020-11-19 15:20:00+00:00,False
P000-0054,2020-11-23,NQZ0,LONG,11968.0,11917.0,2020-11-23 14:35:00+00:00,2020-11-23 14:40:00+00:00,2020-11-23 14:45:00+00:00,11977.0,11968.0,11981.75,True,ARMED,2020-11-23 14:55:00+00:00,11973.25,2.375,0.875,BE_STOP,2020-11-23 14:25:00+00:00,2020-11-23 15:05:00+00:00,False
P000-0055,2020-11-26,NQZ0,SHORT,12204.0,12172.5,2020-11-26 17:15:00+00:00,2020-11-26 17:20:00+00:00,2020-11-26 17:25:00+00:00,12154.0,12172.5,12154.0,True,ARMED,2020-11-26 17:30:00+00:00,12159.0,0.0,-1.5,BE_STOP,2020-11-26 17:05:00+00:00,2020-11-26 17:40:00+00:00,False
P000-0056,2020-11-27,NQZ0,LONG,12244.5,12183.0,2020-11-27 14:55:00+00:00,2020-11-27 15:00:00+00:00,2020-11-27 15:05:00+00:00,12259.25,12244.5,12259.25,True,ARMED,2020-11-27 16:10:00+00:00,12290.5,15.625,14.125,EMA8,2020-11-27 14:45:00+00:00,2020-11-27 16:20:00+00:00,False
P000-0057,2020-12-02,NQZ0,SHORT,12450.0,12370.75,2020-12-02 14:30:00+00:00,2020-12-02 14:35:00+00:00,2020-12-02 14:40:00+00:00,12345.0,12370.75,12345.0,True,ARMED,2020-12-02 14:50:00+00:00,12354.0,0.0,-1.5,BE_STOP,2020-12-02 14:20:00+00:00,2020-12-02 15:00:00+00:00,False
P000-0058,2020-12-14,NQZ0,LONG,12452.5,12404.75,2020-12-14 14:35:00+00:00,2020-12-14 20:50:00+00:00,2020-12-14 20:55:00+00:00,12485.0,12452.5,12545.0,False,NOT_ARMED,2020-12-14 20:55:00+00:00,12453.0,-32.0,-33.5,EOD,2020-12-14 14:25:00+00:00,2020-12-14 21:05:00+00:00,False
P000-0059,2020-12-23,NQH1,SHORT,12738.5,12706.5,2020-12-23 14:30:00+00:00,2020-12-23 14:35:00+00:00,2020-12-23 14:40:00+00:00,12676.5,12706.5,12676.5,True,ARMED,2020-12-23 14:55:00+00:00,12689.5,0.0,-1.5,BE_STOP,2020-12-23 14:20:00+00:00,2020-12-23 15:05:00+00:00,False
P000-0060,2020-12-28,NQH1,SHORT,12827.5,12765.0,2020-12-28 15:05:00+00:00,2020-12-28 15:10:00+00:00,2020-12-28 15:15:00+00:00,12757.25,12765.0,12756.0,True,ARMED,2020-12-28 15:20:00+00:00,12774.25,0.625,-0.875,BE_STOP,2020-12-28 14:55:00+00:00,2020-12-28 15:30:00+00:00,False
P000-0061,2020-12-29,NQH1,LONG,12893.25,12874.0,2020-12-29 14:30:00+00:00,2020-12-29 14:35:00+00:00,2020-12-29 14:40:00+00:00,12916.75,12893.25,12916.75,True,ARMED,2020-12-29 14:45:00+00:00,12901.5,-7.75,-9.25,BE_STOP,2020-12-29 14:20:00+00:00,2020-12-29 14:55:00+00:00,False
P000-0062,2020-12-30,NQH1,SHORT,12906.0,12873.25,2020-12-30 14:35:00+00:00,2020-12-30 14:40:00+00:00,2020-12-30 14:45:00+00:00,12860.25,12873.25,12860.25,True,ARMED,2020-12-30 14:50:00+00:00,12860.25,-5.0,-6.5,BE_STOP,2020-12-30 14:25:00+00:00,2020-12-30 15:00:00+00:00,False
P000-0063,2021-01-11,NQH1,SHORT,13057.25,12952.5,2021-01-11 14:30:00+00:00,2021-01-11 14:40:00+00:00,2021-01-11 14:45:00+00:00,12903.5,12952.5,12892.25,False,NOT_ARMED,2021-01-11 14:55:00+00:00,12958.75,-55.25,-56.75,LEVEL_STOP,2021-01-11 14:20:00+00:00,2021-01-11 15:05:00+00:00,False
P000-0064,2021-01-21,NQH1,SHORT,13367.5,13305.0,2021-01-21 14:30:00+00:00,2021-01-21 14:35:00+00:00,2021-01-21 14:40:00+00:00,13292.0,13305.0,13292.0,True,ARMED,2021-01-21 14:45:00+00:00,13326.5,-5.5,-7.0,BE_STOP,2021-01-21 14:20:00+00:00,2021-01-21 14:55:00+00:00,False
P000-0065,2021-01-22,NQH1,LONG,13349.75,13300.25,2021-01-22 14:35:00+00:00,2021-01-22 14:40:00+00:00,2021-01-22 14:45:00+00:00,13356.75,13349.75,13362.5,True,ARMED,2021-01-22 15:15:00+00:00,13370.75,9.875,8.375,EMA8,2021-01-22 14:25:00+00:00,2021-01-22 15:25:00+00:00,False
P000-0066,2021-02-02,NQH1,LONG,13378.5,13326.0,2021-02-02 14:35:00+00:00,2021-02-02 14:50:00+00:00,2021-02-02 14:55:00+00:00,13417.25,13378.5,13423.25,True,ARMED,2021-02-02 15:25:00+00:00,13383.75,3.0,1.5,BE_STOP,2021-02-02 14:25:00+00:00,2021-02-02 15:35:00+00:00,False
P000-0067,2021-02-03,NQH1,SHORT,13555.5,13513.25,2021-02-03 14:30:00+00:00,2021-02-03 14:35:00+00:00,2021-02-03 14:40:00+00:00,13463.0,13513.25,13463.0,True,ARMED,2021-02-03 14:45:00+00:00,13490.25,-11.5,-13.0,BE_STOP,2021-02-03 14:20:00+00:00,2021-02-03 14:55:00+00:00,False
P000-0068,2021-02-15,NQH1,LONG,13853.25,13837.0,2021-02-15 14:40:00+00:00,2021-02-15 15:10:00+00:00,2021-02-15 15:15:00+00:00,13857.5,13853.25,13862.5,True,ARMED,2021-02-15 16:00:00+00:00,13858.25,2.875,1.375,EMA8,2021-02-15 14:30:00+00:00,2021-02-15 16:10:00+00:00,False
P000-0069,2021-02-18,NQH1,SHORT,13654.5,13526.25,2021-02-18 15:05:00+00:00,2021-02-18 15:10:00+00:00,2021-02-18 15:15:00+00:00,13500.0,13526.25,13500.0,True,ARMED,2021-02-18 15:20:00+00:00,13483.5,-0.75,-2.25,BE_STOP,2021-02-18 14:55:00+00:00,2021-02-18 15:30:00+00:00,False
P000-0070,2021-03-03,NQH1,SHORT,13182.25,12964.25,2021-03-03 14:40:00+00:00,2021-03-03 14:45:00+00:00,2021-03-03 14:50:00+00:00,12924.75,12964.25,12924.75,True,ARMED,2021-03-03 15:45:00+00:00,12886.5,19.125,17.625,EMA8,2021-03-03 14:30:00+00:00,2021-03-03 15:55:00+00:00,False
P000-0071,2021-03-05,NQH1,SHORT,12632.5,12369.25,2021-03-05 15:20:00+00:00,2021-03-05 15:25:00+00:00,2021-03-05 15:30:00+00:00,12352.5,12369.25,12345.25,True,ARMED,2021-03-05 15:40:00+00:00,12352.75,3.625,2.125,BE_STOP,2021-03-05 15:10:00+00:00,2021-03-05 15:50:00+00:00,False
P000-0072,2021-03-15,NQH1,LONG,12997.25,12886.25,2021-03-15 18:15:00+00:00,2021-03-15 19:20:00+00:00,2021-03-15 19:25:00+00:00,13020.25,12997.25,13034.5,True,ARMED,2021-03-15 19:55:00+00:00,13077.25,35.625,34.125,EOD,2021-03-15 18:05:00+00:00,2021-03-15 20:05:00+00:00,False
P000-0073,2021-03-24,NQM1,SHORT,13145.25,13037.0,2021-03-24 13:30:00+00:00,2021-03-24 13:35:00+00:00,2021-03-24 13:40:00+00:00,13007.75,13037.0,13007.75,True,ARMED,2021-03-24 13:45:00+00:00,12970.75,-1.375,-2.875,BE_STOP,2021-03-24 13:20:00+00:00,2021-03-24 13:55:00+00:00,False
P000-0074,2021-04-01,NQM1,LONG,13261.0,13191.75,2021-04-01 13:30:00+00:00,2021-04-01 17:25:00+00:00,2021-04-01 17:30:00+00:00,13275.0,13261.0,13321.5,False,NOT_ARMED,2021-04-01 19:55:00+00:00,13314.25,39.25,37.75,EOD,2021-04-01 13:20:00+00:00,2021-04-01 20:05:00+00:00,False
P000-0075,2021-04-05,NQM1,LONG,13433.25,13321.5,2021-04-05 13:30:00+00:00,2021-04-05 13:35:00+00:00,2021-04-05 13:40:00+00:00,13444.75,13433.25,13444.75,True,ARMED,2021-04-05 13:45:00+00:00,13477.0,-2.75,-4.25,BE_STOP,2021-04-05 13:20:00+00:00,2021-04-05 13:55:00+00:00,False
P000-0076,2021-04-09,NQM1,LONG,13754.75,13648.25,2021-04-09 15:50:00+00:00,2021-04-09 16:15:00+00:00,2021-04-09 16:20:00+00:00,13763.0,13754.75,13799.5,True,ARMED,2021-04-09 19:55:00+00:00,13829.25,51.375,49.875,EOD,2021-04-09 15:40:00+00:00,2021-04-09 20:05:00+00:00,False
P000-0077,2021-04-13,NQM1,LONG,13896.0,13775.0,2021-04-13 13:35:00+00:00,2021-04-13 15:20:00+00:00,2021-04-13 15:25:00+00:00,13911.0,13896.0,13948.75,False,NOT_ARMED,2021-04-13 15:50:00+00:00,13893.75,-17.25,-18.75,LEVEL_STOP,2021-04-13 13:25:00+00:00,2021-04-13 16:00:00+00:00,False
P000-0078,2021-04-19,NQM1,SHORT,14045.25,13946.0,2021-04-19 14:05:00+00:00,2021-04-19 15:15:00+00:00,2021-04-19 15:20:00+00:00,13922.75,13946.0,13861.0,True,ARMED,2021-04-19 15:50:00+00:00,13902.75,40.875,39.375,EMA8,2021-04-19 13:55:00+00:00,2021-04-19 16:00:00+00:00,False
P000-0079,2021-04-20,NQM1,SHORT,13933.75,13814.0,2021-04-20 14:50:00+00:00,2021-04-20 14:55:00+00:00,2021-04-20 15:00:00+00:00,13792.75,13814.0,13786.5,False,NOT_ARMED,2021-04-20 15:05:00+00:00,13820.5,-27.75,-29.25,LEVEL_STOP,2021-04-20 14:40:00+00:00,2021-04-20 15:15:00+00:00,False
P000-0080,2021-04-22,NQM1,SHORT,13929.0,13881.0,2021-04-22 13:40:00+00:00,2021-04-22 13:45:00+00:00,2021-04-22 13:50:00+00:00,13862.5,13881.0,13862.5,True,ARMED,2021-04-22 13:55:00+00:00,13881.75,-0.375,-1.875,BE_STOP,2021-04-22 13:30:00+00:00,2021-04-22 14:05:00+00:00,False
P000-0081,2021-04-23,NQM1,LONG,13789.0,13762.25,2021-04-23 13:30:00+00:00,2021-04-23 13:45:00+00:00,2021-04-23 13:50:00+00:00,13813.25,13789.0,13822.0,True,ARMED,2021-04-23 16:25:00+00:00,13923.0,59.25,57.75,EMA8,2021-04-23 13:20:00+00:00,2021-04-23 16:35:00+00:00,False
P000-0082,2021-05-03,NQM1,LONG,13916.25,13844.5,2021-05-03 14:10:00+00:00,2021-05-03 14:25:00+00:00,2021-05-03 14:30:00+00:00,13930.25,13916.25,13947.5,False,NOT_ARMED,2021-05-03 14:35:00+00:00,13899.0,-31.25,-32.75,LEVEL_STOP,2021-05-03 14:00:00+00:00,2021-05-03 14:45:00+00:00,False
P000-0083,2021-05-04,NQM1,SHORT,13766.25,13650.25,2021-05-04 13:30:00+00:00,2021-05-04 13:35:00+00:00,2021-05-04 13:40:00+00:00,13624.5,13650.25,13623.25,True,ARMED,2021-05-04 16:05:00+00:00,13427.75,99.0,97.5,EMA8,2021-05-04 13:20:00+00:00,2021-05-04 16:15:00+00:00,False
P000-0084,2021-05-25,NQM1,SHORT,13726.0,13675.75,2021-05-25 13:50:00+00:00,2021-05-25 13:55:00+00:00,2021-05-25 14:00:00+00:00,13651.0,13675.75,13651.0,True,ARMED,2021-05-25 14:05:00+00:00,13658.25,-5.75,-7.25,BE_STOP,2021-05-25 13:40:00+00:00,2021-05-25 14:15:00+00:00,False
P000-0085,2021-05-26,NQM1,SHORT,13728.5,13677.75,2021-05-26 13:45:00+00:00,2021-05-26 13:50:00+00:00,2021-05-26 13:55:00+00:00,13662.0,13677.75,13662.0,True,ARMED,2021-05-26 14:05:00+00:00,13673.5,0.0,-1.5,BE_STOP,2021-05-26 13:35:00+00:00,2021-05-26 14:15:00+00:00,False
P000-0086,2021-06-01,NQM1,SHORT,13756.75,13710.5,2021-06-01 14:00:00+00:00,2021-06-01 14:05:00+00:00,2021-06-01 14:10:00+00:00,13693.25,13710.5,13683.0,True,ARMED,2021-06-01 15:15:00+00:00,13639.0,32.25,30.75,EMA8,2021-06-01 13:50:00+00:00,2021-06-01 15:25:00+00:00,False
P000-0087,2021-06-16,NQU1,LONG,14055.75,14018.5,2021-06-16 13:30:00+00:00,2021-06-16 13:35:00+00:00,2021-06-16 13:40:00+00:00,14065.5,14055.75,14069.25,True,ARMED,2021-06-16 14:30:00+00:00,14069.75,4.0,2.5,EMA8,2021-06-16 13:20:00+00:00,2021-06-16 14:40:00+00:00,False
P000-0088,2021-06-18,NQU1,SHORT,14189.5,14051.0,2021-06-18 15:10:00+00:00,2021-06-18 15:15:00+00:00,2021-06-18 15:20:00+00:00,14027.0,14051.0,14026.0,True,ARMED,2021-06-18 15:30:00+00:00,14038.75,0.5,-1.0,BE_STOP,2021-06-18 15:00:00+00:00,2021-06-18 15:40:00+00:00,False
P000-0089,2021-06-25,NQU1,SHORT,14394.25,14351.0,2021-06-25 13:55:00+00:00,2021-06-25 14:05:00+00:00,2021-06-25 14:10:00+00:00,14332.5,14351.0,14323.75,True,ARMED,2021-06-25 14:15:00+00:00,14350.5,1.25,-0.25,BE_STOP,2021-06-25 13:45:00+00:00,2021-06-25 14:25:00+00:00,False
P000-0090,2021-06-29,NQU1,LONG,14513.5,14468.75,2021-06-29 13:35:00+00:00,2021-06-29 13:40:00+00:00,2021-06-29 13:45:00+00:00,14524.0,14513.5,14524.75,True,ARMED,2021-06-29 13:50:00+00:00,14517.75,-3.125,-4.625,BE_STOP,2021-06-29 13:25:00+00:00,2021-06-29 14:00:00+00:00,False
P000-0091,2021-07-01,NQU1,SHORT,14591.25,14498.25,2021-07-01 15:10:00+00:00,2021-07-01 15:15:00+00:00,2021-07-01 15:20:00+00:00,14485.0,14498.25,14485.0,True,ARMED,2021-07-01 15:25:00+00:00,14491.5,0.0,-1.5,BE_STOP,2021-07-01 15:00:00+00:00,2021-07-01 15:35:00+00:00,False
P000-0092,2021-07-02,NQU1,LONG,14648.75,14555.5,2021-07-02 13:35:00+00:00,2021-07-02 13:40:00+00:00,2021-07-02 13:45:00+00:00,14658.25,14648.75,14660.5,True,ARMED,2021-07-02 13:50:00+00:00,14657.75,1.125,-0.375,BE_STOP,2021-07-02 13:25:00+00:00,2021-07-02 14:00:00+00:00,False
P000-0093,2021-07-06,NQU1,LONG,14749.0,14690.75,2021-07-06 13:30:00+00:00,2021-07-06 13:45:00+00:00,2021-07-06 13:50:00+00:00,14765.5,14749.0,14773.75,True,ARMED,2021-07-06 14:20:00+00:00,14758.25,4.125,2.625,BE_STOP,2021-07-06 13:20:00+00:00,2021-07-06 14:30:00+00:00,False
P000-0094,2021-07-27,NQU1,SHORT,15131.5,15066.75,2021-07-27 13:40:00+00:00,2021-07-27 13:45:00+00:00,2021-07-27 13:50:00+00:00,15051.75,15066.75,15050.25,True,ARMED,2021-07-27 15:50:00+00:00,14862.0,95.625,94.125,EMA8,2021-07-27 13:30:00+00:00,2021-07-27 16:00:00+00:00,False
P000-0095,2021-08-04,NQU1,LONG,15063.0,15015.75,2021-08-04 16:55:00+00:00,2021-08-04 19:15:00+00:00,2021-08-04 19:20:00+00:00,15071.25,15063.0,15108.0,False,NOT_ARMED,2021-08-04 19:55:00+00:00,15069.0,-2.25,-3.75,EOD,2021-08-04 16:45:00+00:00,2021-08-04 20:05:00+00:00,False
P000-0096,2021-08-05,NQU1,LONG,15117.25,15085.0,2021-08-05 13:45:00+00:00,2021-08-05 13:55:00+00:00,2021-08-05 14:00:00+00:00,15125.25,15117.25,15128.75,True,ARMED,2021-08-05 14:05:00+00:00,15129.0,1.375,-0.125,BE_STOP,2021-08-05 13:35:00+00:00,2021-08-05 14:15:00+00:00,False
P000-0097,2021-08-06,NQU1,SHORT,15159.75,15083.0,2021-08-06 14:55:00+00:00,2021-08-06 15:00:00+00:00,2021-08-06 15:05:00+00:00,15058.25,15083.0,15058.25,True,ARMED,2021-08-06 15:10:00+00:00,15070.75,-1.125,-2.625,BE_STOP,2021-08-06 14:45:00+00:00,2021-08-06 15:20:00+00:00,False
P000-0098,2021-08-12,NQU1,SHORT,15035.0,14984.75,2021-08-12 13:35:00+00:00,2021-08-12 13:50:00+00:00,2021-08-12 13:55:00+00:00,14963.25,14984.75,14946.5,True,ARMED,2021-08-12 14:10:00+00:00,14985.25,8.375,6.875,BE_STOP,2021-08-12 13:25:00+00:00,2021-08-12 14:20:00+00:00,False
P000-0099,2021-08-13,NQU1,LONG,15095.0,15055.25,2021-08-13 13:45:00+00:00,2021-08-13 13:50:00+00:00,2021-08-13 13:55:00+00:00,15108.5,15095.0,15108.5,True,ARMED,2021-08-13 14:05:00+00:00,15105.75,-5.625,-7.125,BE_STOP,2021-08-13 13:35:00+00:00,2021-08-13 14:15:00+00:00,False
P000-0100,2021-08-31,NQU1,SHORT,15665.0,15563.0,2021-08-31 13:30:00+00:00,2021-08-31 13:40:00+00:00,2021-08-31 13:45:00+00:00,15539.0,15563.0,15531.25,True,ARMED,2021-08-31 14:05:00+00:00,15542.0,3.875,2.375,BE_STOP,2021-08-31 13:20:00+00:00,2021-08-31 14:15:00+00:00,False
P000-0101,2021-09-06,NQU1,LONG,15700.0,15686.25,2021-09-06 13:55:00+00:00,2021-09-06 14:25:00+00:00,2021-09-06 14:30:00+00:00,15705.0,15700.0,15708.75,False,NOT_ARMED,2021-09-06 15:45:00+00:00,15697.25,-7.75,-9.25,LEVEL_STOP,2021-09-06 13:45:00+00:00,2021-09-06 15:55:00+00:00,False
P000-0102,2021-09-08,NQU1,SHORT,15679.0,15611.5,2021-09-08 14:30:00+00:00,2021-09-08 17:45:00+00:00,2021-09-08 17:50:00+00:00,15603.0,15611.5,15523.75,False,NOT_ARMED,2021-09-08 18:00:00+00:00,15615.0,-12.0,-13.5,LEVEL_STOP,2021-09-08 14:20:00+00:00,2021-09-08 18:10:00+00:00,False
P000-0103,2021-09-16,NQZ1,SHORT,15496.0,15433.0,2021-09-16 13:40:00+00:00,2021-09-16 13:45:00+00:00,2021-09-16 13:50:00+00:00,15410.0,15433.0,15410.0,True,ARMED,2021-09-16 14:05:00+00:00,15411.5,0.0,-1.5,BE_STOP,2021-09-16 13:30:00+00:00,2021-09-16 14:15:00+00:00,False
P000-0104,2021-09-20,NQZ1,SHORT,15205.0,15048.25,2021-09-20 14:15:00+00:00,2021-09-20 14:30:00+00:00,2021-09-20 14:35:00+00:00,15021.0,15048.25,15013.25,True,ARMED,2021-09-20 14:50:00+00:00,15025.75,3.875,2.375,BE_STOP,2021-09-20 14:05:00+00:00,2021-09-20 15:00:00+00:00,False
P000-0105,2021-09-23,NQZ1,LONG,15310.0,15175.25,2021-09-23 14:00:00+00:00,2021-09-23 14:05:00+00:00,2021-09-23 14:10:00+00:00,15328.0,15310.0,15328.0,True,ARMED,2021-09-23 14:20:00+00:00,15326.25,-3.875,-5.375,BE_STOP,2021-09-23 13:50:00+00:00,2021-09-23 14:30:00+00:00,False
P000-0106,2021-09-27,NQZ1,SHORT,15340.75,15155.0,2021-09-27 13:30:00+00:00,2021-09-27 13:35:00+00:00,2021-09-27 13:40:00+00:00,15104.5,15155.0,15104.5,True,ARMED,2021-09-27 13:45:00+00:00,15124.75,-1.75,-3.25,BE_STOP,2021-09-27 13:20:00+00:00,2021-09-27 13:55:00+00:00,False
P000-0107,2021-10-01,NQZ1,SHORT,14743.25,14579.5,2021-10-01 14:15:00+00:00,2021-10-01 14:20:00+00:00,2021-10-01 14:25:00+00:00,14542.25,14579.5,14542.25,True,ARMED,2021-10-01 14:40:00+00:00,14546.5,0.0,-1.5,BE_STOP,2021-10-01 14:05:00+00:00,2021-10-01 14:50:00+00:00,False
P000-0108,2021-10-07,NQZ1,LONG,14951.0,14868.75,2021-10-07 13:55:00+00:00,2021-10-07 14:00:00+00:00,2021-10-07 14:05:00+00:00,14976.0,14951.0,14976.0,True,ARMED,2021-10-07 15:05:00+00:00,14967.5,0.0,-1.5,BE_STOP,2021-10-07 13:45:00+00:00,2021-10-07 15:15:00+00:00,False
P000-0109,2021-10-11,NQZ1,LONG,14766.5,14681.25,2021-10-11 13:30:00+00:00,2021-10-11 13:35:00+00:00,2021-10-11 13:40:00+00:00,14794.75,14766.5,14799.5,True,ARMED,2021-10-11 14:40:00+00:00,14859.0,34.5,33.0,EMA8,2021-10-11 13:20:00+00:00,2021-10-11 14:50:00+00:00,False
P000-0110,2021-10-18,NQZ1,LONG,15122.0,15045.5,2021-10-18 13:45:00+00:00,2021-10-18 13:55:00+00:00,2021-10-18 14:00:00+00:00,15147.75,15122.0,15147.75,True,ARMED,2021-10-18 14:20:00+00:00,15140.75,0.0,-1.5,BE_STOP,2021-10-18 13:35:00+00:00,2021-10-18 14:30:00+00:00,False
P000-0111,2021-10-26,NQZ1,LONG,15612.25,15575.25,2021-10-26 13:30:00+00:00,2021-10-26 13:35:00+00:00,2021-10-26 13:40:00+00:00,15649.75,15612.25,15649.75,True,ARMED,2021-10-26 13:45:00+00:00,15634.5,-1.625,-3.125,BE_STOP,2021-10-26 13:20:00+00:00,2021-10-26 13:55:00+00:00,False
P000-0112,2021-11-01,NQZ1,SHORT,15914.75,15850.5,2021-11-01 13:30:00+00:00,2021-11-01 15:30:00+00:00,2021-11-01 15:35:00+00:00,15842.25,15850.5,15768.5,False,NOT_ARMED,2021-11-01 15:45:00+00:00,15855.75,-13.5,-15.0,LEVEL_STOP,2021-11-01 13:20:00+00:00,2021-11-01 15:55:00+00:00,False
P000-0113,2021-11-09,NQZ1,SHORT,16387.75,16334.25,2021-11-09 14:45:00+00:00,2021-11-09 14:50:00+00:00,2021-11-09 14:55:00+00:00,16288.5,16334.25,16288.5,True,ARMED,2021-11-09 15:30:00+00:00,16276.25,6.125,4.625,EMA8,2021-11-09 14:35:00+00:00,2021-11-09 15:40:00+00:00,False
P000-0114,2021-11-15,NQZ1,SHORT,16276.5,16209.25,2021-11-15 15:00:00+00:00,2021-11-15 15:05:00+00:00,2021-11-15 15:10:00+00:00,16189.0,16209.25,16188.25,True,ARMED,2021-11-15 15:50:00+00:00,16174.5,7.625,6.125,EMA8,2021-11-15 14:50:00+00:00,2021-11-15 16:00:00+00:00,False
P000-0115,2021-11-19,NQZ1,LONG,16574.25,16508.0,2021-11-19 14:45:00+00:00,2021-11-19 14:50:00+00:00,2021-11-19 14:55:00+00:00,16589.0,16574.25,16589.0,True,ARMED,2021-11-19 15:05:00+00:00,16586.5,0.0,-1.5,BE_STOP,2021-11-19 14:35:00+00:00,2021-11-19 15:15:00+00:00,False
P000-0116,2021-11-24,NQZ1,SHORT,16317.25,16173.0,2021-11-24 14:30:00+00:00,2021-11-24 14:35:00+00:00,2021-11-24 14:40:00+00:00,16125.5,16173.0,16125.5,True,ARMED,2021-11-24 14:45:00+00:00,16133.25,-1.75,-3.25,BE_STOP,2021-11-24 14:20:00+00:00,2021-11-24 14:55:00+00:00,False
P000-0117,2021-11-30,NQZ1,LONG,16377.0,16265.25,2021-11-30 14:50:00+00:00,2021-11-30 15:20:00+00:00,2021-11-30 15:25:00+00:00,16417.25,16377.0,16456.25,False,NOT_ARMED,2021-11-30 15:35:00+00:00,16354.0,-63.25,-64.75,LEVEL_STOP,2021-11-30 14:40:00+00:00,2021-11-30 15:45:00+00:00,False
P000-0118,2021-12-02,NQZ1,LONG,15993.0,15790.75,2021-12-02 14:50:00+00:00,2021-12-02 14:55:00+00:00,2021-12-02 15:00:00+00:00,16001.25,15993.0,16004.0,True,ARMED,2021-12-02 15:05:00+00:00,15933.5,1.375,-0.125,BE_STOP,2021-12-02 14:40:00+00:00,2021-12-02 15:15:00+00:00,False
P000-0119,2021-12-09,NQZ1,LONG,16380.0,16302.25,2021-12-09 14:30:00+00:00,2021-12-09 14:35:00+00:00,2021-12-09 14:40:00+00:00,16409.75,16380.0,16409.75,True,ARMED,2021-12-09 14:45:00+00:00,16376.75,-6.25,-7.75,BE_STOP,2021-12-09 14:20:00+00:00,2021-12-09 14:55:00+00:00,False
P000-0120,2021-12-13,NQH2,SHORT,16413.0,16326.5,2021-12-13 14:30:00+00:00,2021-12-13 14:35:00+00:00,2021-12-13 14:40:00+00:00,16269.75,16326.5,16269.75,True,ARMED,2021-12-13 14:55:00+00:00,16275.0,0.0,-1.5,BE_STOP,2021-12-13 14:20:00+00:00,2021-12-13 15:05:00+00:00,False
P000-0121,2021-12-17,NQH2,LONG,15806.75,15661.5,2021-12-17 15:35:00+00:00,2021-12-17 15:40:00+00:00,2021-12-17 15:45:00+00:00,15845.0,15806.75,15873.0,True,ARMED,2021-12-17 16:30:00+00:00,15848.0,15.5,14.0,EMA8,2021-12-17 15:25:00+00:00,2021-12-17 16:40:00+00:00,False
P000-0122,2021-12-28,NQH2,SHORT,16659.5,16583.0,2021-12-28 14:30:00+00:00,2021-12-28 14:55:00+00:00,2021-12-28 15:00:00+00:00,16569.5,16583.0,16521.0,True,ARMED,2021-12-28 15:25:00+00:00,16550.0,34.0,32.5,EMA8,2021-12-28 14:20:00+00:00,2021-12-28 15:35:00+00:00,False
P000-0123,2022-01-05,NQH2,SHORT,16259.25,16183.25,2022-01-05 14:30:00+00:00,2022-01-05 14:40:00+00:00,2022-01-05 14:45:00+00:00,16153.5,16183.25,16103.0,False,NOT_ARMED,2022-01-05 14:50:00+00:00,16202.25,-48.75,-50.25,LEVEL_STOP,2022-01-05 14:20:00+00:00,2022-01-05 15:00:00+00:00,False
P000-0124,2022-01-07,NQH2,SHORT,15825.25,15624.0,2022-01-07 15:35:00+00:00,2022-01-07 15:40:00+00:00,2022-01-07 15:45:00+00:00,15582.25,15624.0,15582.25,True,ARMED,2022-01-07 16:20:00+00:00,15580.5,0.875,-0.625,EMA8,2022-01-07 15:25:00+00:00,2022-01-07 16:30:00+00:00,False
P000-0125,2022-01-17,NQH2,SHORT,15636.25,15575.0,2022-01-17 14:40:00+00:00,2022-01-17 14:45:00+00:00,2022-01-17 14:50:00+00:00,15551.5,15575.0,15515.5,False,NOT_ARMED,2022-01-17 14:55:00+00:00,15576.75,-25.25,-26.75,LEVEL_STOP,2022-01-17 14:30:00+00:00,2022-01-17 15:05:00+00:00,False
P000-0126,2022-01-18,NQH2,LONG,15384.75,15270.0,2022-01-18 15:05:00+00:00,2022-01-18 15:20:00+00:00,2022-01-18 15:25:00+00:00,15416.0,15384.75,15460.0,False,NOT_ARMED,2022-01-18 15:30:00+00:00,15367.5,-48.5,-50.0,LEVEL_STOP,2022-01-18 14:55:00+00:00,2022-01-18 15:40:00+00:00,False
P000-0127,2022-01-24,NQH2,SHORT,14513.0,14106.0,2022-01-24 14:55:00+00:00,2022-01-24 15:00:00+00:00,2022-01-24 15:05:00+00:00,14079.75,14106.0,14051.25,True,ARMED,2022-01-24 15:20:00+00:00,14088.0,14.25,12.75,BE_STOP,2022-01-24 14:45:00+00:00,2022-01-24 15:30:00+00:00,False
P000-0128,2022-01-25,NQH2,SHORT,14378.5,14128.5,2022-01-25 14:45:00+00:00,2022-01-25 14:50:00+00:00,2022-01-25 14:55:00+00:00,14063.25,14128.5,14063.25,True,ARMED,2022-01-25 15:05:00+00:00,14088.75,0.0,-1.5,BE_STOP,2022-01-25 14:35:00+00:00,2022-01-25 15:15:00+00:00,False
P000-0129,2022-01-27,NQH2,LONG,14339.0,14075.5,2022-01-27 14:40:00+00:00,2022-01-27 14:45:00+00:00,2022-01-27 14:50:00+00:00,14385.5,14339.0,14385.5,True,ARMED,2022-01-27 14:55:00+00:00,14355.75,-2.75,-4.25,BE_STOP,2022-01-27 14:30:00+00:00,2022-01-27 15:05:00+00:00,False
P000-0130,2022-02-01,NQH2,SHORT,14960.75,14846.75,2022-02-01 14:40:00+00:00,2022-02-01 14:50:00+00:00,2022-02-01 14:55:00+00:00,14805.75,14846.75,14786.5,True,ARMED,2022-02-01 15:10:00+00:00,14809.75,9.625,8.125,BE_STOP,2022-02-01 14:30:00+00:00,2022-02-01 15:20:00+00:00,False
P000-0131,2022-03-02,NQH2,LONG,14145.0,13964.0,2022-03-02 16:05:00+00:00,2022-03-02 16:10:00+00:00,2022-03-02 16:15:00+00:00,14179.0,14145.0,14179.0,True,ARMED,2022-03-02 16:20:00+00:00,14157.75,-5.625,-7.125,BE_STOP,2022-03-02 15:55:00+00:00,2022-03-02 16:30:00+00:00,False
P000-0132,2022-03-03,NQH2,SHORT,14391.0,14160.0,2022-03-03 15:20:00+00:00,2022-03-03 15:30:00+00:00,2022-03-03 15:35:00+00:00,14131.0,14160.0,14127.0,True,ARMED,2022-03-03 16:20:00+00:00,14104.5,15.25,13.75,EMA8,2022-03-03 15:10:00+00:00,2022-03-03 16:30:00+00:00,False
P000-0133,2022-03-07,NQH2,SHORT,13848.0,13567.5,2022-03-07 15:40:00+00:00,2022-03-07 15:45:00+00:00,2022-03-07 15:50:00+00:00,13551.0,13567.5,13545.0,True,ARMED,2022-03-07 16:00:00+00:00,13582.5,-3.625,-5.125,BE_STOP,2022-03-07 15:30:00+00:00,2022-03-07 16:10:00+00:00,False
P000-0134,2022-03-17,NQM2,LONG,13978.5,13832.5,2022-03-17 13:55:00+00:00,2022-03-17 14:00:00+00:00,2022-03-17 14:05:00+00:00,13994.5,13978.5,14022.25,False,NOT_ARMED,2022-03-17 14:10:00+00:00,13963.25,-31.25,-32.75,LEVEL_STOP,2022-03-17 13:45:00+00:00,2022-03-17 14:20:00+00:00,False
P000-0135,2022-03-23,NQM2,SHORT,14660.0,14520.0,2022-03-23 13:30:00+00:00,2022-03-23 13:35:00+00:00,2022-03-23 13:40:00+00:00,14472.0,14520.0,14472.0,True,ARMED,2022-03-23 13:45:00+00:00,14469.75,-19.0,-20.5,BE_STOP,2022-03-23 13:20:00+00:00,2022-03-23 13:55:00+00:00,False
P000-0136,2022-04-01,NQM2,SHORT,14960.0,14880.25,2022-04-01 13:35:00+00:00,2022-04-01 13:40:00+00:00,2022-04-01 13:45:00+00:00,14856.25,14880.25,14856.25,True,ARMED,2022-04-01 14:10:00+00:00,14874.75,0.0,-1.5,BE_STOP,2022-04-01 13:25:00+00:00,2022-04-01 14:20:00+00:00,False
P000-0137,2022-04-05,NQM2,SHORT,15191.5,15100.25,2022-04-05 13:40:00+00:00,2022-04-05 13:45:00+00:00,2022-04-05 13:50:00+00:00,15083.0,15100.25,15079.75,True,ARMED,2022-04-05 14:50:00+00:00,14981.75,52.25,50.75,EMA8,2022-04-05 13:30:00+00:00,2022-04-05 15:00:00+00:00,False
P000-0138,2022-04-12,NQM2,SHORT,14284.25,13955.5,2022-04-12 18:15:00+00:00,2022-04-12 18:20:00+00:00,2022-04-12 18:25:00+00:00,13942.25,13955.5,13902.75,False,NOT_ARMED,2022-04-12 18:45:00+00:00,13964.25,-22.0,-23.5,LEVEL_STOP,2022-04-12 18:05:00+00:00,2022-04-12 18:55:00+00:00,False
P000-0139,2022-04-27,NQM2,LONG,13183.5,12992.0,2022-04-27 13:40:00+00:00,2022-04-27 13:45:00+00:00,2022-04-27 13:50:00+00:00,13239.5,13183.5,13239.5,True,ARMED,2022-04-27 13:55:00+00:00,13176.5,-21.875,-23.375,BE_STOP,2022-04-27 13:30:00+00:00,2022-04-27 14:05:00+00:00,False
P000-0140,2022-05-04,NQM2,SHORT,13155.5,13092.75,2022-05-04 13:30:00+00:00,2022-05-04 13:35:00+00:00,2022-05-04 13:40:00+00:00,13057.5,13092.75,13057.5,True,ARMED,2022-05-04 13:50:00+00:00,13043.25,-17.375,-18.875,BE_STOP,2022-05-04 13:20:00+00:00,2022-05-04 14:00:00+00:00,False
P000-0141,2022-05-18,NQM2,SHORT,12524.0,12357.75,2022-05-18 13:35:00+00:00,2022-05-18 13:40:00+00:00,2022-05-18 13:45:00+00:00,12307.5,12357.75,12307.5,True,ARMED,2022-05-18 13:55:00+00:00,12299.5,-13.5,-15.0,BE_STOP,2022-05-18 13:25:00+00:00,2022-05-18 14:05:00+00:00,False
P000-0142,2022-05-24,NQM2,SHORT,11877.0,11774.0,2022-05-24 13:35:00+00:00,2022-05-24 13:40:00+00:00,2022-05-24 13:45:00+00:00,11743.25,11774.0,11743.25,True,ARMED,2022-05-24 14:40:00+00:00,11645.5,48.875,47.375,EMA8,2022-05-24 13:25:00+00:00,2022-05-24 14:50:00+00:00,False
P000-0143,2022-05-25,NQM2,LONG,11828.75,11672.0,2022-05-25 14:10:00+00:00,2022-05-25 14:15:00+00:00,2022-05-25 14:20:00+00:00,11862.75,11828.75,11887.0,True,ARMED,2022-05-25 14:45:00+00:00,11861.0,12.125,10.625,BE_STOP,2022-05-25 14:00:00+00:00,2022-05-25 14:55:00+00:00,False
P000-0144,2022-05-26,NQM2,LONG,12020.5,11872.75,2022-05-26 13:35:00+00:00,2022-05-26 13:40:00+00:00,2022-05-26 13:45:00+00:00,12059.25,12020.5,12059.25,True,ARMED,2022-05-26 15:25:00+00:00,12204.75,72.75,71.25,EMA8,2022-05-26 13:25:00+00:00,2022-05-26 15:35:00+00:00,False
P000-0145,2022-05-31,NQM2,SHORT,12751.0,12594.75,2022-05-31 13:30:00+00:00,2022-05-31 13:35:00+00:00,2022-05-31 13:40:00+00:00,12555.5,12594.75,12555.5,True,ARMED,2022-05-31 14:15:00+00:00,12550.0,2.75,1.25,EMA8,2022-05-31 13:20:00+00:00,2022-05-31 14:25:00+00:00,False
P000-0146,2022-06-02,NQM2,LONG,12655.5,12488.0,2022-06-02 15:10:00+00:00,2022-06-02 15:30:00+00:00,2022-06-02 15:35:00+00:00,12679.75,12655.5,12691.0,True,ARMED,2022-06-02 17:10:00+00:00,12774.25,52.875,51.375,EMA8,2022-06-02 15:00:00+00:00,2022-06-02 17:20:00+00:00,False
P000-0147,2022-06-07,NQM2,LONG,12566.75,12425.75,2022-06-07 14:25:00+00:00,2022-06-07 15:45:00+00:00,2022-06-07 15:50:00+00:00,12613.0,12566.75,12707.25,True,ARMED,2022-06-07 19:55:00+00:00,12711.5,96.375,94.875,EOD,2022-06-07 14:15:00+00:00,2022-06-07 20:05:00+00:00,False
P000-0148,2022-06-13,NQM2,SHORT,11551.5,11433.75,2022-06-13 14:15:00+00:00,2022-06-13 15:40:00+00:00,2022-06-13 15:45:00+00:00,11408.5,11433.75,11317.75,False,NOT_ARMED,2022-06-13 16:25:00+00:00,11442.5,-34.0,-35.5,LEVEL_STOP,2022-06-13 14:05:00+00:00,2022-06-13 16:35:00+00:00,False
P000-0149,2022-06-16,NQU2,SHORT,11424.75,11268.5,2022-06-16 13:50:00+00:00,2022-06-16 13:55:00+00:00,2022-06-16 14:00:00+00:00,11252.75,11268.5,11252.75,True,ARMED,2022-06-16 15:05:00+00:00,11175.25,38.75,37.25,EMA8,2022-06-16 13:40:00+00:00,2022-06-16 15:15:00+00:00,False
P000-0150,2022-06-20,NQU2,SHORT,11401.75,11352.75,2022-06-20 13:35:00+00:00,2022-06-20 13:40:00+00:00,2022-06-20 13:45:00+00:00,11342.5,11352.75,11328.0,False,NOT_ARMED,2022-06-20 13:50:00+00:00,11355.5,-13.0,-14.5,LEVEL_STOP,2022-06-20 13:25:00+00:00,2022-06-20 14:00:00+00:00,False
P000-0151,2022-06-22,NQU2,LONG,11490.0,11320.5,2022-06-22 13:30:00+00:00,2022-06-22 13:35:00+00:00,2022-06-22 13:40:00+00:00,11520.75,11490.0,11526.25,True,ARMED,2022-06-22 15:00:00+00:00,11664.5,74.625,73.125,EMA8,2022-06-22 13:20:00+00:00,2022-06-22 15:10:00+00:00,False
P000-0152,2022-06-27,NQU2,SHORT,12262.0,12148.0,2022-06-27 13:30:00+00:00,2022-06-27 14:55:00+00:00,2022-06-27 15:00:00+00:00,12123.0,12148.0,12021.0,True,ARMED,2022-06-27 19:10:00+00:00,12054.5,85.25,83.75,EMA8,2022-06-27 13:20:00+00:00,2022-06-27 19:20:00+00:00,False
P000-0153,2022-06-30,NQU2,SHORT,11580.5,11461.25,2022-06-30 13:40:00+00:00,2022-06-30 13:45:00+00:00,2022-06-30 13:50:00+00:00,11423.5,11461.25,11423.5,True,ARMED,2022-06-30 14:30:00+00:00,11456.25,0.0,-1.5,BE_STOP,2022-06-30 13:30:00+00:00,2022-06-30 14:40:00+00:00,False
P000-0154,2022-07-05,NQU2,SHORT,11650.25,11432.0,2022-07-05 13:30:00+00:00,2022-07-05 13:35:00+00:00,2022-07-05 13:40:00+00:00,11394.5,11432.0,11389.25,False,NOT_ARMED,2022-07-05 13:45:00+00:00,11460.75,-66.25,-67.75,LEVEL_STOP,2022-07-05 13:20:00+00:00,2022-07-05 13:55:00+00:00,False
P000-0155,2022-07-08,NQU2,LONG,12124.75,11952.5,2022-07-08 14:30:00+00:00,2022-07-08 14:35:00+00:00,2022-07-08 14:40:00+00:00,12157.25,12124.75,12157.25,True,ARMED,2022-07-08 14:45:00+00:00,12136.5,-2.0,-3.5,BE_STOP,2022-07-08 14:20:00+00:00,2022-07-08 14:55:00+00:00,False
P000-0156,2022-07-14,NQU2,SHORT,11696.75,11601.0,2022-07-14 13:30:00+00:00,2022-07-14 13:35:00+00:00,2022-07-14 13:40:00+00:00,11550.0,11601.0,11550.0,True,ARMED,2022-07-14 13:45:00+00:00,11602.5,-4.25,-5.75,BE_STOP,2022-07-14 13:20:00+00:00,2022-07-14 13:55:00+00:00,False
P000-0157,2022-07-22,NQU2,LONG,12619.0,12535.5,2022-07-22 13:35:00+00:00,2022-07-22 13:40:00+00:00,2022-07-22 13:45:00+00:00,12649.0,12619.0,12649.0,True,ARMED,2022-07-22 13:50:00+00:00,12619.25,0.0,-1.5,BE_STOP,2022-07-22 13:25:00+00:00,2022-07-22 14:00:00+00:00,False
P000-0158,2022-07-26,NQU2,SHORT,12334.0,12251.0,2022-07-26 13:30:00+00:00,2022-07-26 13:40:00+00:00,2022-07-26 13:45:00+00:00,12218.75,12251.0,12216.5,True,ARMED,2022-07-26 13:50:00+00:00,12234.25,1.125,-0.375,BE_STOP,2022-07-26 13:20:00+00:00,2022-07-26 14:00:00+00:00,False
P000-0159,2022-08-01,NQU2,LONG,12988.0,12878.75,2022-08-01 13:50:00+00:00,2022-08-01 14:00:00+00:00,2022-08-01 14:05:00+00:00,13029.5,12988.0,13029.5,True,ARMED,2022-08-01 14:15:00+00:00,13006.0,0.0,-1.5,BE_STOP,2022-08-01 13:40:00+00:00,2022-08-01 14:25:00+00:00,False
P000-0160,2022-08-02,NQU2,LONG,12888.5,12814.75,2022-08-02 13:30:00+00:00,2022-08-02 13:35:00+00:00,2022-08-02 13:40:00+00:00,12925.5,12888.5,12925.5,True,ARMED,2022-08-02 13:45:00+00:00,12919.25,-11.125,-12.625,BE_STOP,2022-08-02 13:20:00+00:00,2022-08-02 13:55:00+00:00,False
P000-0161,2022-08-04,NQU2,SHORT,13356.0,13245.0,2022-08-04 14:25:00+00:00,2022-08-04 14:30:00+00:00,2022-08-04 14:35:00+00:00,13205.0,13245.0,13205.0,True,ARMED,2022-08-04 14:45:00+00:00,13233.5,0.0,-1.5,BE_STOP,2022-08-04 14:15:00+00:00,2022-08-04 14:55:00+00:00,False
P000-0162,2022-08-08,NQU2,LONG,13349.0,13247.0,2022-08-08 13:40:00+00:00,2022-08-08 14:25:00+00:00,2022-08-08 14:30:00+00:00,13383.0,13349.0,13419.25,False,NOT_ARMED,2022-08-08 14:45:00+00:00,13323.0,-60.0,-61.5,LEVEL_STOP,2022-08-08 13:30:00+00:00,2022-08-08 14:55:00+00:00,False
P000-0163,2022-08-15,NQU2,LONG,13551.5,13495.25,2022-08-15 13:30:00+00:00,2022-08-15 13:40:00+00:00,2022-08-15 13:45:00+00:00,13589.0,13551.5,13606.25,True,ARMED,2022-08-15 14:10:00+00:00,13567.0,8.625,7.125,BE_STOP,2022-08-15 13:20:00+00:00,2022-08-15 14:20:00+00:00,False
P000-0164,2022-08-16,NQU2,SHORT,13688.0,13628.75,2022-08-16 13:35:00+00:00,2022-08-16 13:40:00+00:00,2022-08-16 13:45:00+00:00,13609.25,13628.75,13608.0,True,ARMED,2022-08-16 13:55:00+00:00,13611.75,0.625,-0.875,BE_STOP,2022-08-16 13:25:00+00:00,2022-08-16 14:05:00+00:00,False
P000-0165,2022-08-30,NQU2,SHORT,12658.25,12552.5,2022-08-30 13:35:00+00:00,2022-08-30 13:40:00+00:00,2022-08-30 13:45:00+00:00,12500.0,12552.5,12500.0,True,ARMED,2022-08-30 13:50:00+00:00,12495.0,-6.875,-8.375,BE_STOP,2022-08-30 13:25:00+00:00,2022-08-30 14:00:00+00:00,False
P000-0166,2022-09-05,NQU2,LONG,12124.0,12054.0,2022-09-05 13:35:00+00:00,2022-09-05 14:00:00+00:00,2022-09-05 14:05:00+00:00,12133.0,12124.0,12144.5,True,ARMED,2022-09-05 14:45:00+00:00,12143.0,10.75,9.25,EMA8,2022-09-05 13:25:00+00:00,2022-09-05 14:55:00+00:00,False
P000-0167,2022-09-06,NQU2,SHORT,12236.0,12117.0,2022-09-06 13:30:00+00:00,2022-09-06 13:35:00+00:00,2022-09-06 13:40:00+00:00,12082.5,12117.0,12082.5,True,ARMED,2022-09-06 13:45:00+00:00,12066.25,-5.125,-6.625,BE_STOP,2022-09-06 13:20:00+00:00,2022-09-06 13:55:00+00:00,False
P000-0168,2022-09-07,NQU2,LONG,12077.75,11977.25,2022-09-07 13:30:00+00:00,2022-09-07 13:35:00+00:00,2022-09-07 13:40:00+00:00,12118.75,12077.75,12118.75,True,ARMED,2022-09-07 13:45:00+00:00,12115.5,-8.25,-9.75,BE_STOP,2022-09-07 13:20:00+00:00,2022-09-07 13:55:00+00:00,False
P000-0169,2022-09-15,NQZ2,SHORT,12252.75,12126.0,2022-09-15 14:25:00+00:00,2022-09-15 14:30:00+00:00,2022-09-15 14:35:00+00:00,12092.75,12126.0,12092.75,True,ARMED,2022-09-15 15:20:00+00:00,12049.75,21.5,20.0,EMA8,2022-09-15 14:15:00+00:00,2022-09-15 15:30:00+00:00,False
P000-0170,2022-09-16,NQZ2,SHORT,11918.25,11825.25,2022-09-16 13:40:00+00:00,2022-09-16 13:45:00+00:00,2022-09-16 13:50:00+00:00,11801.25,11825.25,11801.25,True,ARMED,2022-09-16 13:55:00+00:00,11794.25,-0.875,-2.375,BE_STOP,2022-09-16 13:30:00+00:00,2022-09-16 14:05:00+00:00,False
P000-0171,2022-09-19,NQZ2,LONG,11867.0,11792.25,2022-09-19 13:30:00+00:00,2022-09-19 13:35:00+00:00,2022-09-19 13:40:00+00:00,11882.75,11867.0,11891.0,True,ARMED,2022-09-19 14:05:00+00:00,11887.5,6.5,5.0,EMA8,2022-09-19 13:20:00+00:00,2022-09-19 14:15:00+00:00,False
P000-0172,2022-09-22,NQZ2,SHORT,11796.0,11631.75,2022-09-22 13:35:00+00:00,2022-09-22 13:40:00+00:00,2022-09-22 13:45:00+00:00,11584.0,11631.75,11584.0,True,ARMED,2022-09-22 13:55:00+00:00,11591.5,-0.375,-1.875,BE_STOP,2022-09-22 13:25:00+00:00,2022-09-22 14:05:00+00:00,False
P000-0173,2022-09-23,NQZ2,SHORT,11534.0,11379.5,2022-09-23 13:50:00+00:00,2022-09-23 13:55:00+00:00,2022-09-23 14:00:00+00:00,11350.25,11379.5,11350.25,True,ARMED,2022-09-23 14:05:00+00:00,11356.0,-3.25,-4.75,BE_STOP,2022-09-23 13:40:00+00:00,2022-09-23 14:15:00+00:00,False
P000-0174,2022-09-26,NQZ2,LONG,11409.25,11279.0,2022-09-26 13:30:00+00:00,2022-09-26 13:35:00+00:00,2022-09-26 13:40:00+00:00,11456.0,11409.25,11456.0,True,ARMED,2022-09-26 13:45:00+00:00,11455.0,-14.375,-15.875,BE_STOP,2022-09-26 13:20:00+00:00,2022-09-26 13:55:00+00:00,False
P000-0175,2022-09-27,NQZ2,LONG,11524.75,11414.5,2022-09-27 13:30:00+00:00,2022-09-27 13:35:00+00:00,2022-09-27 13:40:00+00:00,11553.5,11524.75,11553.5,True,ARMED,2022-09-27 13:45:00+00:00,11488.25,-6.5,-8.0,BE_STOP,2022-09-27 13:20:00+00:00,2022-09-27 13:55:00+00:00,False
P000-0176,2022-10-03,NQZ2,LONG,11135.5,10944.0,2022-10-03 14:00:00+00:00,2022-10-03 14:15:00+00:00,2022-10-03 14:20:00+00:00,11171.25,11135.5,11183.5,True,ARMED,2022-10-03 14:55:00+00:00,11198.25,19.625,18.125,EMA8,2022-10-03 13:50:00+00:00,2022-10-03 15:05:00+00:00,False
P000-0177,2022-10-04,NQZ2,LONG,11553.75,11466.75,2022-10-04 13:30:00+00:00,2022-10-04 13:35:00+00:00,2022-10-04 13:40:00+00:00,11574.0,11553.75,11574.0,True,ARMED,2022-10-04 13:45:00+00:00,11589.75,-6.875,-8.375,BE_STOP,2022-10-04 13:20:00+00:00,2022-10-04 13:55:00+00:00,False
P000-0178,2022-10-11,NQZ2,SHORT,10990.75,10858.5,2022-10-11 13:50:00+00:00,2022-10-11 13:55:00+00:00,2022-10-11 14:00:00+00:00,10821.0,10858.5,10821.0,True,ARMED,2022-10-11 14:10:00+00:00,10835.25,0.0,-1.5,BE_STOP,2022-10-11 13:40:00+00:00,2022-10-11 14:20:00+00:00,False
P000-0179,2022-10-14,NQZ2,SHORT,11253.5,10988.25,2022-10-14 14:05:00+00:00,2022-10-14 14:10:00+00:00,2022-10-14 14:15:00+00:00,10894.75,10988.25,10894.75,True,ARMED,2022-10-14 14:25:00+00:00,10920.25,0.0,-1.5,BE_STOP,2022-10-14 13:55:00+00:00,2022-10-14 14:35:00+00:00,False
P000-0180,2022-10-19,NQZ2,SHORT,11292.25,11104.75,2022-10-19 17:00:00+00:00,2022-10-19 17:25:00+00:00,2022-10-19 17:30:00+00:00,11085.5,11104.75,11049.0,False,NOT_ARMED,2022-10-19 18:00:00+00:00,11117.5,-32.0,-33.5,LEVEL_STOP,2022-10-19 16:50:00+00:00,2022-10-19 18:10:00+00:00,False
P000-0181,2022-10-25,NQZ2,LONG,11527.25,11440.0,2022-10-25 13:30:00+00:00,2022-10-25 13:40:00+00:00,2022-10-25 13:45:00+00:00,11566.0,11527.25,11572.0,True,ARMED,2022-10-25 14:35:00+00:00,11610.25,25.125,23.625,EMA8,2022-10-25 13:20:00+00:00,2022-10-25 14:45:00+00:00,False
P000-0182,2022-11-01,NQZ2,SHORT,11614.5,11522.5,2022-11-01 13:50:00+00:00,2022-11-01 13:55:00+00:00,2022-11-01 14:00:00+00:00,11504.25,11522.5,11478.25,True,ARMED,2022-11-01 15:10:00+00:00,11387.75,71.25,69.75,EMA8,2022-11-01 13:40:00+00:00,2022-11-01 15:20:00+00:00,False
P000-0183,2022-11-07,NQZ2,SHORT,10972.0,10899.25,2022-11-07 14:35:00+00:00,2022-11-07 14:40:00+00:00,2022-11-07 14:45:00+00:00,10876.25,10899.25,10813.0,False,NOT_ARMED,2022-11-07 15:00:00+00:00,10921.5,-45.25,-46.75,LEVEL_STOP,2022-11-07 14:25:00+00:00,2022-11-07 15:10:00+00:00,False
P000-0184,2022-11-08,NQZ2,LONG,11104.5,10993.0,2022-11-08 15:30:00+00:00,2022-11-08 15:35:00+00:00,2022-11-08 15:40:00+00:00,11126.75,11104.5,11126.75,True,ARMED,2022-11-08 15:45:00+00:00,11131.75,-3.5,-5.0,BE_STOP,2022-11-08 15:20:00+00:00,2022-11-08 15:55:00+00:00,False
P000-0185,2022-11-10,NQZ2,LONG,11362.75,10808.0,2022-11-10 14:45:00+00:00,2022-11-10 15:40:00+00:00,2022-11-10 15:45:00+00:00,11422.5,11362.75,11469.0,True,ARMED,2022-11-10 17:10:00+00:00,11466.5,45.25,43.75,EMA8,2022-11-10 14:35:00+00:00,2022-11-10 17:20:00+00:00,False
P000-0186,2022-11-16,NQZ2,SHORT,11952.75,11813.25,2022-11-16 14:40:00+00:00,2022-11-16 14:45:00+00:00,2022-11-16 14:50:00+00:00,11754.25,11813.25,11754.25,True,ARMED,2022-11-16 14:55:00+00:00,11782.5,-7.75,-9.25,BE_STOP,2022-11-16 14:30:00+00:00,2022-11-16 15:05:00+00:00,False
P000-0187,2022-11-18,NQZ2,SHORT,11843.0,11715.5,2022-11-18 15:00:00+00:00,2022-11-18 15:15:00+00:00,2022-11-18 15:20:00+00:00,11683.25,11715.5,11672.25,True,ARMED,2022-11-18 16:15:00+00:00,11711.5,5.5,4.0,BE_STOP,2022-11-18 14:50:00+00:00,2022-11-18 16:25:00+00:00,False
P000-0188,2022-12-01,NQZ2,SHORT,12132.75,11992.5,2022-12-01 15:15:00+00:00,2022-12-01 15:25:00+00:00,2022-12-01 15:30:00+00:00,11956.5,11992.5,11956.5,True,ARMED,2022-12-01 15:35:00+00:00,11986.75,-14.375,-15.875,BE_STOP,2022-12-01 15:05:00+00:00,2022-12-01 15:45:00+00:00,False
P000-0189,2022-12-08,NQZ2,SHORT,11598.0,11518.0,2022-12-08 14:30:00+00:00,2022-12-08 14:35:00+00:00,2022-12-08 14:40:00+00:00,11494.5,11518.0,11478.75,True,ARMED,2022-12-08 14:45:00+00:00,11521.25,-26.75,-28.25,LEVEL_STOP,2022-12-08 14:20:00+00:00,2022-12-08 14:55:00+00:00,False
P000-0190,2022-12-14,NQH3,LONG,11982.0,11919.5,2022-12-14 14:30:00+00:00,2022-12-14 14:35:00+00:00,2022-12-14 14:40:00+00:00,12003.25,11982.0,12009.5,True,ARMED,2022-12-14 15:35:00+00:00,12017.25,10.125,8.625,EMA8,2022-12-14 14:20:00+00:00,2022-12-14 15:45:00+00:00,False
P000-0191,2023-01-06,NQH3,LONG,10969.5,10751.0,2023-01-06 15:45:00+00:00,2023-01-06 15:50:00+00:00,2023-01-06 15:55:00+00:00,10985.75,10969.5,10985.75,True,ARMED,2023-01-06 16:10:00+00:00,10982.5,0.0,-1.5,BE_STOP,2023-01-06 15:35:00+00:00,2023-01-06 16:20:00+00:00,False
P000-0192,2023-01-09,NQH3,LONG,11205.25,11126.0,2023-01-09 14:30:00+00:00,2023-01-09 14:35:00+00:00,2023-01-09 14:40:00+00:00,11231.75,11205.25,11244.5,True,ARMED,2023-01-09 16:30:00+00:00,11359.5,70.25,68.75,EMA8,2023-01-09 14:20:00+00:00,2023-01-09 16:40:00+00:00,False
P000-0193,2023-01-11,NQH3,LONG,11333.75,11261.0,2023-01-11 14:35:00+00:00,2023-01-11 14:40:00+00:00,2023-01-11 14:45:00+00:00,11358.0,11333.75,11358.0,True,ARMED,2023-01-11 14:50:00+00:00,11334.0,-5.75,-7.25,BE_STOP,2023-01-11 14:25:00+00:00,2023-01-11 15:00:00+00:00,False
P000-0194,2023-01-13,NQH3,LONG,11534.5,11389.0,2023-01-13 18:30:00+00:00,2023-01-13 18:35:00+00:00,2023-01-13 18:40:00+00:00,11552.0,11534.5,11552.0,True,ARMED,2023-01-13 19:05:00+00:00,11550.0,0.0,-1.5,BE_STOP,2023-01-13 18:20:00+00:00,2023-01-13 19:15:00+00:00,False
P000-0195,2023-01-16,NQH3,LONG,11596.75,11510.25,2023-01-16 14:35:00+00:00,2023-01-16 14:50:00+00:00,2023-01-16 14:55:00+00:00,11603.25,11596.75,11619.5,False,NOT_ARMED,2023-01-16 15:05:00+00:00,11590.5,-12.75,-14.25,LEVEL_STOP,2023-01-16 14:25:00+00:00,2023-01-16 15:15:00+00:00,False
P000-0196,2023-01-17,NQH3,LONG,11604.25,11539.0,2023-01-17 14:50:00+00:00,2023-01-17 14:55:00+00:00,2023-01-17 15:00:00+00:00,11627.25,11604.25,11627.25,True,ARMED,2023-01-17 15:30:00+00:00,11641.0,6.875,5.375,EMA8,2023-01-17 14:40:00+00:00,2023-01-17 15:40:00+00:00,False
P000-0197,2023-01-20,NQH3,LONG,11448.5,11365.25,2023-01-20 14:50:00+00:00,2023-01-20 14:55:00+00:00,2023-01-20 15:00:00+00:00,11464.25,11448.5,11473.0,True,ARMED,2023-01-20 15:40:00+00:00,11468.5,6.5,5.0,EMA8,2023-01-20 14:40:00+00:00,2023-01-20 15:50:00+00:00,False
P000-0198,2023-01-25,NQH3,SHORT,11835.0,11701.0,2023-01-25 14:30:00+00:00,2023-01-25 14:35:00+00:00,2023-01-25 14:40:00+00:00,11673.75,11701.0,11658.25,True,ARMED,2023-01-25 15:25:00+00:00,11647.0,21.125,19.625,EMA8,2023-01-25 14:20:00+00:00,2023-01-25 15:35:00+00:00,False
P000-0199,2023-01-27,NQH3,LONG,12078.75,12019.5,2023-01-27 14:30:00+00:00,2023-01-27 14:35:00+00:00,2023-01-27 14:40:00+00:00,12100.75,12078.75,12100.75,True,ARMED,2023-01-27 14:45:00+00:00,12129.25,-3.375,-4.875,BE_STOP,2023-01-27 14:20:00+00:00,2023-01-27 14:55:00+00:00,False
P000-0200,2023-02-01,NQH3,SHORT,12168.75,12104.0,2023-02-01 15:50:00+00:00,2023-02-01 15:55:00+00:00,2023-02-01 16:00:00+00:00,12081.5,12104.0,12081.5,True,ARMED,2023-02-01 16:05:00+00:00,12100.75,-6.25,-7.75,BE_STOP,2023-02-01 15:40:00+00:00,2023-02-01 16:15:00+00:00,False
P000-0201,2023-02-02,NQH3,LONG,12682.0,12552.75,2023-02-02 14:30:00+00:00,2023-02-02 14:35:00+00:00,2023-02-02 14:40:00+00:00,12725.75,12682.0,12732.0,True,ARMED,2023-02-02 14:45:00+00:00,12728.25,-5.5,-7.0,BE_STOP,2023-02-02 14:20:00+00:00,2023-02-02 14:55:00+00:00,False
P000-0202,2023-02-03,NQH3,LONG,12761.0,12551.25,2023-02-03 15:15:00+00:00,2023-02-03 15:30:00+00:00,2023-02-03 15:35:00+00:00,12819.25,12761.0,12834.0,True,ARMED,2023-02-03 15:50:00+00:00,12815.0,7.375,5.875,BE_STOP,2023-02-03 15:05:00+00:00,2023-02-03 16:00:00+00:00,False
P000-0203,2023-02-08,NQH3,SHORT,12782.75,12699.5,2023-02-08 14:50:00+00:00,2023-02-08 14:55:00+00:00,2023-02-08 15:00:00+00:00,12662.5,12699.5,12662.5,True,ARMED,2023-02-08 15:10:00+00:00,12696.75,-9.875,-11.375,BE_STOP,2023-02-08 14:40:00+00:00,2023-02-08 15:20:00+00:00,False
P000-0204,2023-02-10,NQH3,SHORT,12429.25,12270.5,2023-02-10 17:00:00+00:00,2023-02-10 17:05:00+00:00,2023-02-10 17:10:00+00:00,12254.75,12270.5,12253.75,True,ARMED,2023-02-10 17:15:00+00:00,12248.0,-0.75,-2.25,BE_STOP,2023-02-10 16:50:00+00:00,2023-02-10 17:25:00+00:00,False
P000-0205,2023-02-16,NQH3,SHORT,12759.0,12514.0,2023-02-16 20:25:00+00:00,2023-02-16 20:30:00+00:00,2023-02-16 20:35:00+00:00,12486.75,12514.0,12486.75,True,ARMED,2023-02-16 20:45:00+00:00,12517.5,-8.75,-10.25,BE_STOP,2023-02-16 20:15:00+00:00,2023-02-16 20:55:00+00:00,False
P000-0206,2023-02-21,NQH3,SHORT,12318.0,12224.5,2023-02-21 15:00:00+00:00,2023-02-21 15:05:00+00:00,2023-02-21 15:10:00+00:00,12210.25,12224.5,12210.25,True,ARMED,2023-02-21 16:40:00+00:00,12169.25,20.5,19.0,EMA8,2023-02-21 14:50:00+00:00,2023-02-21 16:50:00+00:00,False
P000-0207,2023-03-09,NQH3,LONG,12276.25,12136.25,2023-03-09 14:35:00+00:00,2023-03-09 14:40:00+00:00,2023-03-09 14:45:00+00:00,12291.25,12276.25,12291.25,True,ARMED,2023-03-09 15:15:00+00:00,12296.25,2.5,1.0,EMA8,2023-03-09 14:25:00+00:00,2023-03-09 15:25:00+00:00,False
P000-0208,2023-03-14,NQH3,LONG,12084.25,11921.75,2023-03-14 13:35:00+00:00,2023-03-14 18:05:00+00:00,2023-03-14 18:10:00+00:00,12096.25,12084.25,12223.0,False,NOT_ARMED,2023-03-14 19:05:00+00:00,12070.75,-25.5,-27.0,LEVEL_STOP,2023-03-14 13:25:00+00:00,2023-03-14 19:15:00+00:00,False
P000-0209,2023-03-23,NQM3,LONG,12858.0,12791.5,2023-03-23 13:30:00+00:00,2023-03-23 13:35:00+00:00,2023-03-23 13:40:00+00:00,12874.0,12858.0,12888.25,True,ARMED,2023-03-23 13:45:00+00:00,12868.75,7.125,5.625,BE_STOP,2023-03-23 13:20:00+00:00,2023-03-23 13:55:00+00:00,False
P000-0210,2023-03-24,NQM3,SHORT,12909.5,12753.5,2023-03-24 15:10:00+00:00,2023-03-24 15:15:00+00:00,2023-03-24 15:20:00+00:00,12734.5,12753.5,12729.75,True,ARMED,2023-03-24 15:25:00+00:00,12750.5,0.25,-1.25,BE_STOP,2023-03-24 15:00:00+00:00,2023-03-24 15:35:00+00:00,False
P000-0211,2023-03-27,NQM3,SHORT,12957.5,12867.25,2023-03-27 14:55:00+00:00,2023-03-27 15:00:00+00:00,2023-03-27 15:05:00+00:00,12850.5,12867.25,12848.75,True,ARMED,2023-03-27 16:20:00+00:00,12809.75,21.25,19.75,EMA8,2023-03-27 14:45:00+00:00,2023-03-27 16:30:00+00:00,False
P000-0212,2023-04-11,NQM3,SHORT,13208.75,13125.5,2023-04-11 13:40:00+00:00,2023-04-11 18:00:00+00:00,2023-04-11 18:05:00+00:00,13112.25,13125.5,13053.5,False,NOT_ARMED,2023-04-11 18:25:00+00:00,13126.5,-14.25,-15.75,LEVEL_STOP,2023-04-11 13:30:00+00:00,2023-04-11 18:35:00+00:00,False
P000-0213,2023-04-18,NQM3,SHORT,13298.75,13192.5,2023-04-18 14:25:00+00:00,2023-04-18 14:45:00+00:00,2023-04-18 14:50:00+00:00,13173.0,13192.5,13156.75,True,ARMED,2023-04-18 16:00:00+00:00,13173.0,8.125,6.625,EMA8,2023-04-18 14:15:00+00:00,2023-04-18 16:10:00+00:00,False
P000-0214,2023-05-01,NQM3,SHORT,13338.0,13285.25,2023-05-01 15:15:00+00:00,2023-05-01 15:20:00+00:00,2023-05-01 15:25:00+00:00,13264.5,13285.25,13263.25,True,ARMED,2023-05-01 15:30:00+00:00,13271.25,-1.0,-2.5,BE_STOP,2023-05-01 15:05:00+00:00,2023-05-01 15:40:00+00:00,False
P000-0215,2023-05-04,NQM3,SHORT,13151.0,13061.25,2023-05-04 13:40:00+00:00,2023-05-04 13:55:00+00:00,2023-05-04 14:00:00+00:00,13040.0,13061.25,13027.0,True,ARMED,2023-05-04 14:20:00+00:00,13020.75,5.375,3.875,BE_STOP,2023-05-04 13:30:00+00:00,2023-05-04 14:30:00+00:00,False
P000-0216,2023-05-05,NQM3,LONG,13157.5,13085.0,2023-05-05 13:35:00+00:00,2023-05-05 13:40:00+00:00,2023-05-05 13:45:00+00:00,13170.0,13157.5,13170.0,True,ARMED,2023-05-05 15:15:00+00:00,13246.75,38.375,36.875,EMA8,2023-05-05 13:25:00+00:00,2023-05-05 15:25:00+00:00,False
P000-0217,2023-05-08,NQM3,SHORT,13324.75,13287.75,2023-05-08 13:40:00+00:00,2023-05-08 14:00:00+00:00,2023-05-08 14:05:00+00:00,13264.75,13287.75,13261.25,True,ARMED,2023-05-08 14:35:00+00:00,13270.25,1.75,0.25,BE_STOP,2023-05-08 13:30:00+00:00,2023-05-08 14:45:00+00:00,False
P000-0218,2023-05-09,NQM3,SHORT,13325.75,13269.0,2023-05-09 15:55:00+00:00,2023-05-09 16:00:00+00:00,2023-05-09 16:05:00+00:00,13258.5,13269.0,13258.5,True,ARMED,2023-05-09 16:10:00+00:00,13263.75,-2.625,-4.125,BE_STOP,2023-05-09 15:45:00+00:00,2023-05-09 16:20:00+00:00,False
P000-0219,2023-05-24,NQM3,SHORT,13731.25,13627.75,2023-05-24 14:00:00+00:00,2023-05-24 14:15:00+00:00,2023-05-24 14:20:00+00:00,13608.25,13627.75,13601.5,True,ARMED,2023-05-24 15:10:00+00:00,13589.25,12.875,11.375,EMA8,2023-05-24 13:50:00+00:00,2023-05-24 15:20:00+00:00,False
P000-0220,2023-06-06,NQM3,SHORT,14609.75,14560.25,2023-06-06 13:30:00+00:00,2023-06-06 13:45:00+00:00,2023-06-06 13:50:00+00:00,14529.0,14560.25,14504.5,False,NOT_ARMED,2023-06-06 14:15:00+00:00,14561.0,-32.0,-33.5,LEVEL_STOP,2023-06-06 13:20:00+00:00,2023-06-06 14:25:00+00:00,False
P000-0221,2023-06-09,NQM3,LONG,14564.75,14474.5,2023-06-09 13:30:00+00:00,2023-06-09 14:50:00+00:00,2023-06-09 14:55:00+00:00,14584.0,14564.75,14687.5,False,NOT_ARMED,2023-06-09 15:25:00+00:00,14551.5,-32.5,-34.0,LEVEL_STOP,2023-06-09 13:20:00+00:00,2023-06-09 15:35:00+00:00,False
P000-0222,2023-06-15,NQU3,LONG,15192.5,15066.0,2023-06-15 13:50:00+00:00,2023-06-15 13:55:00+00:00,2023-06-15 14:00:00+00:00,15216.25,15192.5,15222.75,True,ARMED,2023-06-15 14:35:00+00:00,15220.75,5.5,4.0,EMA8,2023-06-15 13:40:00+00:00,2023-06-15 14:45:00+00:00,False
P000-0223,2023-06-16,NQU3,SHORT,15474.5,15360.5,2023-06-16 13:40:00+00:00,2023-06-16 13:45:00+00:00,2023-06-16 13:50:00+00:00,15340.0,15360.5,15336.0,True,ARMED,2023-06-16 13:55:00+00:00,15359.0,2.0,0.5,BE_STOP,2023-06-16 13:30:00+00:00,2023-06-16 14:05:00+00:00,False
P000-0224,2023-06-26,NQU3,LONG,15068.5,14998.75,2023-06-26 13:35:00+00:00,2023-06-26 13:40:00+00:00,2023-06-26 13:45:00+00:00,15090.5,15068.5,15104.5,True,ARMED,2023-06-26 14:30:00+00:00,15088.25,7.0,5.5,BE_STOP,2023-06-26 13:25:00+00:00,2023-06-26 14:40:00+00:00,False
P000-0225,2023-06-27,NQU3,LONG,14937.25,14890.75,2023-06-27 13:40:00+00:00,2023-06-27 13:45:00+00:00,2023-06-27 13:50:00+00:00,14950.75,14937.25,14970.5,True,ARMED,2023-06-27 14:05:00+00:00,14930.0,9.875,8.375,BE_STOP,2023-06-27 13:30:00+00:00,2023-06-27 14:15:00+00:00,False
P000-0226,2023-06-30,NQU3,LONG,15263.75,15141.75,2023-06-30 13:35:00+00:00,2023-06-30 13:40:00+00:00,2023-06-30 13:45:00+00:00,15299.75,15263.75,15299.75,True,ARMED,2023-06-30 14:45:00+00:00,15334.0,17.125,15.625,EMA8,2023-06-30 13:25:00+00:00,2023-06-30 14:55:00+00:00,False
P000-0227,2023-07-03,NQU3,SHORT,15392.0,15331.5,2023-07-03 14:35:00+00:00,2023-07-03 14:50:00+00:00,2023-07-03 14:55:00+00:00,15319.0,15331.5,15314.25,True,ARMED,2023-07-03 15:10:00+00:00,15325.5,2.125,0.625,BE_STOP,2023-07-03 14:25:00+00:00,2023-07-03 15:20:00+00:00,False
P000-0228,2023-07-04,NQU3,LONG,15364.75,15340.75,2023-07-04 13:30:00+00:00,2023-07-04 13:35:00+00:00,2023-07-04 13:40:00+00:00,15367.5,15364.75,15367.5,True,ARMED,2023-07-04 13:45:00+00:00,15362.0,-1.0,-2.5,BE_STOP,2023-07-04 13:20:00+00:00,2023-07-04 13:55:00+00:00,False
P000-0229,2023-07-11,NQU3,SHORT,15239.75,15179.25,2023-07-11 13:40:00+00:00,2023-07-11 13:45:00+00:00,2023-07-11 13:50:00+00:00,15146.5,15179.25,15146.5,True,ARMED,2023-07-11 14:00:00+00:00,15132.75,-9.75,-11.25,BE_STOP,2023-07-11 13:30:00+00:00,2023-07-11 14:10:00+00:00,False
P000-0230,2023-07-12,NQU3,LONG,15438.0,15284.5,2023-07-12 13:45:00+00:00,2023-07-12 13:50:00+00:00,2023-07-12 13:55:00+00:00,15465.5,15438.0,15465.5,True,ARMED,2023-07-12 14:00:00+00:00,15466.25,-1.25,-2.75,BE_STOP,2023-07-12 13:35:00+00:00,2023-07-12 14:10:00+00:00,False
P000-0231,2023-07-13,NQU3,LONG,15581.25,15519.5,2023-07-13 13:30:00+00:00,2023-07-13 14:05:00+00:00,2023-07-13 14:10:00+00:00,15601.25,15581.25,15621.5,False,NOT_ARMED,2023-07-13 14:25:00+00:00,15561.25,-40.0,-41.5,LEVEL_STOP,2023-07-13 13:20:00+00:00,2023-07-13 14:35:00+00:00,False
P000-0232,2023-07-28,NQU3,LONG,15762.0,15650.75,2023-07-28 13:35:00+00:00,2023-07-28 13:40:00+00:00,2023-07-28 13:45:00+00:00,15795.75,15762.0,15795.75,True,ARMED,2023-07-28 13:55:00+00:00,15788.5,0.0,-1.5,BE_STOP,2023-07-28 13:25:00+00:00,2023-07-28 14:05:00+00:00,False
P000-0233,2023-08-03,NQU3,LONG,15445.5,15344.25,2023-08-03 15:10:00+00:00,2023-08-03 15:15:00+00:00,2023-08-03 15:20:00+00:00,15478.75,15445.5,15481.25,True,ARMED,2023-08-03 15:55:00+00:00,15453.25,0.0,-1.5,BE_STOP,2023-08-03 15:00:00+00:00,2023-08-03 16:05:00+00:00,False
P000-0234,2023-08-21,NQU3,LONG,14858.5,14795.0,2023-08-21 13:35:00+00:00,2023-08-21 13:45:00+00:00,2023-08-21 13:50:00+00:00,14876.75,14858.5,14888.75,True,ARMED,2023-08-21 14:20:00+00:00,14858.25,6.0,4.5,BE_STOP,2023-08-21 13:25:00+00:00,2023-08-21 14:30:00+00:00,False
P000-0235,2023-08-23,NQU3,LONG,15083.0,14957.25,2023-08-23 13:55:00+00:00,2023-08-23 14:00:00+00:00,2023-08-23 14:05:00+00:00,15108.0,15083.0,15108.0,True,ARMED,2023-08-23 14:10:00+00:00,15123.5,-1.125,-2.625,BE_STOP,2023-08-23 13:45:00+00:00,2023-08-23 14:20:00+00:00,False
P000-0236,2023-08-25,NQU3,LONG,14918.25,14840.75,2023-08-25 13:30:00+00:00,2023-08-25 13:35:00+00:00,2023-08-25 13:40:00+00:00,14943.0,14918.25,14943.0,True,ARMED,2023-08-25 13:45:00+00:00,14946.25,-1.875,-3.375,BE_STOP,2023-08-25 13:20:00+00:00,2023-08-25 13:55:00+00:00,False
P000-0237,2023-08-31,NQU3,LONG,15544.25,15460.0,2023-08-31 13:50:00+00:00,2023-08-31 13:55:00+00:00,2023-08-31 14:00:00+00:00,15568.0,15544.25,15568.0,True,ARMED,2023-08-31 14:05:00+00:00,15560.5,-4.75,-6.25,BE_STOP,2023-08-31 13:40:00+00:00,2023-08-31 14:15:00+00:00,False
P000-0238,2023-09-08,NQU3,LONG,15329.75,15223.0,2023-09-08 13:30:00+00:00,2023-09-08 13:55:00+00:00,2023-09-08 14:00:00+00:00,15358.0,15329.75,15371.75,True,ARMED,2023-09-08 14:10:00+00:00,15363.0,1.125,-0.375,BE_STOP,2023-09-08 13:20:00+00:00,2023-09-08 14:20:00+00:00,False
P000-0239,2023-09-12,NQU3,SHORT,15457.5,15396.0,2023-09-12 14:25:00+00:00,2023-09-12 14:30:00+00:00,2023-09-12 14:35:00+00:00,15370.75,15396.0,15370.75,True,ARMED,2023-09-12 14:45:00+00:00,15379.25,-5.375,-6.875,BE_STOP,2023-09-12 14:15:00+00:00,2023-09-12 14:55:00+00:00,False
P000-0240,2023-09-15,NQZ3,SHORT,15680.0,15592.25,2023-09-15 13:30:00+00:00,2023-09-15 13:35:00+00:00,2023-09-15 13:40:00+00:00,15562.75,15592.25,15562.75,True,ARMED,2023-09-15 15:40:00+00:00,15439.75,61.5,60.0,EMA8,2023-09-15 13:20:00+00:00,2023-09-15 15:50:00+00:00,False
P000-0241,2023-09-18,NQZ3,LONG,15427.75,15330.5,2023-09-18 15:30:00+00:00,2023-09-18 15:35:00+00:00,2023-09-18 15:40:00+00:00,15437.25,15427.75,15444.0,True,ARMED,2023-09-18 16:05:00+00:00,15434.0,3.375,1.875,BE_STOP,2023-09-18 15:20:00+00:00,2023-09-18 16:15:00+00:00,False
P000-0242,2023-09-21,NQZ3,SHORT,15106.5,14942.25,2023-09-21 13:50:00+00:00,2023-09-21 13:55:00+00:00,2023-09-21 14:00:00+00:00,14929.25,14942.25,14929.25,True,ARMED,2023-09-21 14:05:00+00:00,14975.25,-1.625,-3.125,BE_STOP,2023-09-21 13:40:00+00:00,2023-09-21 14:15:00+00:00,False
P000-0243,2023-09-22,NQZ3,LONG,14972.5,14893.0,2023-09-22 14:30:00+00:00,2023-09-22 16:05:00+00:00,2023-09-22 16:10:00+00:00,14990.5,14972.5,15027.5,False,NOT_ARMED,2023-09-22 17:15:00+00:00,14968.5,-22.0,-23.5,LEVEL_STOP,2023-09-22 14:20:00+00:00,2023-09-22 17:25:00+00:00,False
P000-0244,2023-10-03,NQZ3,SHORT,15031.0,14847.25,2023-10-03 14:05:00+00:00,2023-10-03 14:10:00+00:00,2023-10-03 14:15:00+00:00,14816.0,14847.25,14816.0,True,ARMED,2023-10-03 16:00:00+00:00,14753.0,31.5,30.0,EMA8,2023-10-03 13:55:00+00:00,2023-10-03 16:10:00+00:00,False
P000-0245,2023-10-04,NQZ3,LONG,14799.75,14631.75,2023-10-04 13:35:00+00:00,2023-10-04 13:40:00+00:00,2023-10-04 13:45:00+00:00,14829.25,14799.75,14834.5,False,NOT_ARMED,2023-10-04 14:00:00+00:00,14763.5,-65.75,-67.25,LEVEL_STOP,2023-10-04 13:25:00+00:00,2023-10-04 14:10:00+00:00,False
P000-0246,2023-10-05,NQZ3,SHORT,14958.75,14850.75,2023-10-05 13:45:00+00:00,2023-10-05 13:50:00+00:00,2023-10-05 13:55:00+00:00,14819.0,14850.75,14819.0,True,ARMED,2023-10-05 15:20:00+00:00,14761.5,28.75,27.25,EMA8,2023-10-05 13:35:00+00:00,2023-10-05 15:30:00+00:00,False
P000-0247,2023-10-09,NQZ3,LONG,15034.5,14971.75,2023-10-09 13:40:00+00:00,2023-10-09 13:45:00+00:00,2023-10-09 13:50:00+00:00,15060.25,15034.5,15060.25,True,ARMED,2023-10-09 13:55:00+00:00,15054.5,-3.5,-5.0,BE_STOP,2023-10-09 13:30:00+00:00,2023-10-09 14:05:00+00:00,False
P000-0248,2023-10-10,NQZ3,LONG,15239.25,15171.75,2023-10-10 13:55:00+00:00,2023-10-10 14:10:00+00:00,2023-10-10 14:15:00+00:00,15265.25,15239.25,15271.25,True,ARMED,2023-10-10 16:20:00+00:00,15362.5,51.625,50.125,EMA8,2023-10-10 13:45:00+00:00,2023-10-10 16:30:00+00:00,False
P000-0249,2023-10-16,NQZ3,LONG,15187.0,15083.0,2023-10-16 13:30:00+00:00,2023-10-16 13:45:00+00:00,2023-10-16 13:50:00+00:00,15213.0,15187.0,15260.0,True,ARMED,2023-10-16 15:15:00+00:00,15283.5,58.75,57.25,EMA8,2023-10-16 13:20:00+00:00,2023-10-16 15:25:00+00:00,False
P000-0250,2023-10-17,NQZ3,SHORT,15295.5,15136.5,2023-10-17 13:30:00+00:00,2023-10-17 13:35:00+00:00,2023-10-17 13:40:00+00:00,15110.75,15136.5,15110.75,True,ARMED,2023-10-17 14:05:00+00:00,15142.0,0.0,-1.5,BE_STOP,2023-10-17 13:20:00+00:00,2023-10-17 14:15:00+00:00,False
P000-0251,2023-10-20,NQZ3,SHORT,14887.5,14804.5,2023-10-20 14:10:00+00:00,2023-10-20 14:15:00+00:00,2023-10-20 14:20:00+00:00,14779.5,14804.5,14779.5,True,ARMED,2023-10-20 14:25:00+00:00,14765.75,-0.5,-2.0,BE_STOP,2023-10-20 14:00:00+00:00,2023-10-20 14:35:00+00:00,False
P000-0252,2023-10-30,NQZ3,LONG,14391.75,14342.25,2023-10-30 13:30:00+00:00,2023-10-30 13:35:00+00:00,2023-10-30 13:40:00+00:00,14427.25,14391.75,14427.25,True,ARMED,2023-10-30 14:00:00+00:00,14420.5,0.0,-1.5,BE_STOP,2023-10-30 13:20:00+00:00,2023-10-30 14:10:00+00:00,False
P000-0253,2023-11-01,NQZ3,LONG,14534.5,14410.75,2023-11-01 13:30:00+00:00,2023-11-01 13:35:00+00:00,2023-11-01 13:40:00+00:00,14548.25,14534.5,14548.25,True,ARMED,2023-11-01 13:55:00+00:00,14547.0,0.0,-1.5,BE_STOP,2023-11-01 13:20:00+00:00,2023-11-01 14:05:00+00:00,False
P000-0254,2023-11-02,NQZ3,LONG,14953.5,14807.0,2023-11-02 14:50:00+00:00,2023-11-02 14:55:00+00:00,2023-11-02 15:00:00+00:00,14964.5,14953.5,14965.0,True,ARMED,2023-11-02 15:05:00+00:00,14955.25,-0.375,-1.875,BE_STOP,2023-11-02 14:40:00+00:00,2023-11-02 15:15:00+00:00,False
P000-0255,2023-11-03,NQZ3,LONG,15065.5,14931.5,2023-11-03 13:40:00+00:00,2023-11-03 14:25:00+00:00,2023-11-03 14:30:00+00:00,15094.25,15065.5,15163.25,True,ARMED,2023-11-03 17:10:00+00:00,15174.25,74.5,73.0,EMA8,2023-11-03 13:30:00+00:00,2023-11-03 17:20:00+00:00,False
P000-0256,2023-11-10,NQZ3,LONG,15331.0,15207.25,2023-11-10 14:35:00+00:00,2023-11-10 15:05:00+00:00,2023-11-10 15:10:00+00:00,15359.0,15331.0,15390.75,False,NOT_ARMED,2023-11-10 15:30:00+00:00,15328.5,-30.5,-32.0,LEVEL_STOP,2023-11-10 14:25:00+00:00,2023-11-10 15:40:00+00:00,False
P000-0257,2023-11-16,NQZ3,LONG,15883.25,15822.0,2023-11-16 14:50:00+00:00,2023-11-16 14:55:00+00:00,2023-11-16 15:00:00+00:00,15898.0,15883.25,15898.0,True,ARMED,2023-11-16 15:05:00+00:00,15883.25,-6.25,-7.75,BE_STOP,2023-11-16 14:40:00+00:00,2023-11-16 15:15:00+00:00,False
P000-0258,2023-11-24,NQZ3,SHORT,16071.5,16024.5,2023-11-24 14:35:00+00:00,2023-11-24 14:40:00+00:00,2023-11-24 14:45:00+00:00,16010.25,16024.5,16002.0,False,NOT_ARMED,2023-11-24 14:55:00+00:00,16026.5,-16.25,-17.75,LEVEL_STOP,2023-11-24 14:25:00+00:00,2023-11-24 15:05:00+00:00,False
P000-0259,2023-11-28,NQZ3,LONG,16010.75,15945.25,2023-11-28 15:40:00+00:00,2023-11-28 15:55:00+00:00,2023-11-28 16:00:00+00:00,16016.5,16010.75,16048.0,True,ARMED,2023-11-28 17:05:00+00:00,16046.0,30.5,29.0,EMA8,2023-11-28 15:30:00+00:00,2023-11-28 17:15:00+00:00,False
P000-0260,2023-12-05,NQZ3,LONG,15817.25,15761.75,2023-12-05 14:40:00+00:00,2023-12-05 14:45:00+00:00,2023-12-05 14:50:00+00:00,15844.25,15817.25,15849.5,True,ARMED,2023-12-05 16:10:00+00:00,15919.5,40.25,38.75,EMA8,2023-12-05 14:30:00+00:00,2023-12-05 16:20:00+00:00,False
P000-0261,2023-12-08,NQZ3,LONG,16038.75,15888.25,2023-12-08 15:00:00+00:00,2023-12-08 15:05:00+00:00,2023-12-08 15:10:00+00:00,16085.25,16038.75,16085.25,True,ARMED,2023-12-08 15:15:00+00:00,16098.75,-1.125,-2.625,BE_STOP,2023-12-08 14:50:00+00:00,2023-12-08 15:25:00+00:00,False
P000-0262,2023-12-11,NQZ3,LONG,16095.5,16045.5,2023-12-11 14:30:00+00:00,2023-12-11 14:35:00+00:00,2023-12-11 14:40:00+00:00,16138.5,16095.5,16138.75,True,ARMED,2023-12-11 14:45:00+00:00,16144.75,-2.875,-4.375,BE_STOP,2023-12-11 14:20:00+00:00,2023-12-11 14:55:00+00:00,False
P000-0263,2023-12-19,NQH4,LONG,16989.25,16935.75,2023-12-19 15:15:00+00:00,2023-12-19 15:20:00+00:00,2023-12-19 15:25:00+00:00,16996.75,16989.25,16996.75,True,ARMED,2023-12-19 15:30:00+00:00,16998.0,-2.75,-4.25,BE_STOP,2023-12-19 15:05:00+00:00,2023-12-19 15:40:00+00:00,False
P000-0264,2023-12-22,NQH4,LONG,17014.0,16898.5,2023-12-22 14:40:00+00:00,2023-12-22 15:00:00+00:00,2023-12-22 15:05:00+00:00,17033.75,17014.0,17041.5,False,NOT_ARMED,2023-12-22 15:20:00+00:00,17011.0,-22.75,-24.25,LEVEL_STOP,2023-12-22 14:30:00+00:00,2023-12-22 15:30:00+00:00,False
P000-0265,2023-12-26,NQH4,LONG,17023.75,16984.75,2023-12-26 14:30:00+00:00,2023-12-26 15:50:00+00:00,2023-12-26 15:55:00+00:00,17044.25,17023.75,17060.5,True,ARMED,2023-12-26 18:35:00+00:00,17050.5,11.25,9.75,EMA8,2023-12-26 14:20:00+00:00,2023-12-26 18:45:00+00:00,False
P000-0266,2023-12-28,NQH4,SHORT,17165.25,17134.75,2023-12-28 14:30:00+00:00,2023-12-28 14:35:00+00:00,2023-12-28 14:40:00+00:00,17120.25,17134.75,17120.25,True,ARMED,2023-12-28 14:45:00+00:00,17122.75,-0.75,-2.25,BE_STOP,2023-12-28 14:20:00+00:00,2023-12-28 14:55:00+00:00,False
P000-0267,2024-01-05,NQH4,LONG,16451.25,16334.25,2024-01-05 14:30:00+00:00,2024-01-05 14:40:00+00:00,2024-01-05 14:45:00+00:00,16475.25,16451.25,16494.25,True,ARMED,2024-01-05 14:55:00+00:00,16471.5,9.5,8.0,BE_STOP,2024-01-05 14:20:00+00:00,2024-01-05 15:05:00+00:00,False
P000-0268,2024-01-09,NQH4,LONG,16754.0,16657.75,2024-01-09 16:00:00+00:00,2024-01-09 16:05:00+00:00,2024-01-09 16:10:00+00:00,16762.0,16754.0,16788.0,True,ARMED,2024-01-09 17:30:00+00:00,16818.0,41.0,39.5,EMA8,2024-01-09 15:50:00+00:00,2024-01-09 17:40:00+00:00,False
P000-0269,2024-01-11,NQH4,SHORT,17057.0,16892.25,2024-01-11 15:00:00+00:00,2024-01-11 15:05:00+00:00,2024-01-11 15:10:00+00:00,16833.5,16892.25,16833.5,True,ARMED,2024-01-11 15:15:00+00:00,16886.5,-2.125,-3.625,BE_STOP,2024-01-11 14:50:00+00:00,2024-01-11 15:25:00+00:00,False
P000-0270,2024-01-17,NQH4,SHORT,16908.0,16805.25,2024-01-17 14:30:00+00:00,2024-01-17 16:05:00+00:00,2024-01-17 16:10:00+00:00,16796.75,16805.25,16689.25,False,NOT_ARMED,2024-01-17 16:20:00+00:00,16826.5,-29.75,-31.25,LEVEL_STOP,2024-01-17 14:20:00+00:00,2024-01-17 16:30:00+00:00,False
P000-0271,2024-02-05,NQH4,SHORT,17739.25,17673.75,2024-02-05 15:00:00+00:00,2024-02-05 15:05:00+00:00,2024-02-05 15:10:00+00:00,17649.5,17673.75,17649.5,True,ARMED,2024-02-05 15:15:00+00:00,17614.5,-5.0,-6.5,BE_STOP,2024-02-05 14:50:00+00:00,2024-02-05 15:25:00+00:00,False
P000-0272,2024-02-07,NQH4,LONG,17779.5,17648.25,2024-02-07 15:10:00+00:00,2024-02-07 17:40:00+00:00,2024-02-07 17:45:00+00:00,17806.0,17779.5,17875.5,False,NOT_ARMED,2024-02-07 20:55:00+00:00,17841.25,35.25,33.75,EOD,2024-02-07 15:00:00+00:00,2024-02-07 21:05:00+00:00,False
P000-0273,2024-02-09,NQH4,LONG,17972.0,17884.0,2024-02-09 15:30:00+00:00,2024-02-09 16:35:00+00:00,2024-02-09 16:40:00+00:00,17989.5,17972.0,18007.5,True,ARMED,2024-02-09 19:05:00+00:00,18032.0,30.25,28.75,EMA8,2024-02-09 15:20:00+00:00,2024-02-09 19:15:00+00:00,False
P000-0274,2024-02-15,NQH4,SHORT,17933.5,17876.75,2024-02-15 14:30:00+00:00,2024-02-15 14:35:00+00:00,2024-02-15 14:40:00+00:00,17847.25,17876.75,17847.25,True,ARMED,2024-02-15 14:45:00+00:00,17852.5,0.0,-1.5,BE_STOP,2024-02-15 14:20:00+00:00,2024-02-15 14:55:00+00:00,False
P000-0275,2024-02-16,NQH4,SHORT,18026.0,17903.0,2024-02-16 14:35:00+00:00,2024-02-16 14:40:00+00:00,2024-02-16 14:45:00+00:00,17877.5,17903.0,17877.5,True,ARMED,2024-02-16 15:35:00+00:00,17807.25,35.125,33.625,EMA8,2024-02-16 14:25:00+00:00,2024-02-16 15:45:00+00:00,False
P000-0276,2024-02-19,NQH4,LONG,17790.75,17755.0,2024-02-19 14:30:00+00:00,2024-02-19 14:55:00+00:00,2024-02-19 15:00:00+00:00,17797.0,17790.75,17807.5,False,NOT_ARMED,2024-02-19 15:15:00+00:00,17782.75,-14.25,-15.75,LEVEL_STOP,2024-02-19 14:20:00+00:00,2024-02-19 15:25:00+00:00,False
P000-0277,2024-02-29,NQH4,LONG,18035.0,17847.75,2024-02-29 14:30:00+00:00,2024-02-29 14:40:00+00:00,2024-02-29 14:45:00+00:00,18057.75,18035.0,18072.5,False,NOT_ARMED,2024-02-29 15:10:00+00:00,17987.75,-70.0,-71.5,LEVEL_STOP,2024-02-29 14:20:00+00:00,2024-02-29 15:20:00+00:00,False
P000-0278,2024-03-01,NQH4,LONG,18146.75,18029.5,2024-03-01 15:05:00+00:00,2024-03-01 15:30:00+00:00,2024-03-01 15:35:00+00:00,18184.5,18146.75,18196.75,True,ARMED,2024-03-01 17:00:00+00:00,18226.5,27.125,25.625,EMA8,2024-03-01 14:55:00+00:00,2024-03-01 17:10:00+00:00,False
P000-0279,2024-03-06,NQH4,SHORT,18105.75,18019.75,2024-03-06 15:00:00+00:00,2024-03-06 15:15:00+00:00,2024-03-06 15:20:00+00:00,17998.25,18019.75,17963.5,False,NOT_ARMED,2024-03-06 15:30:00+00:00,18046.25,-48.0,-49.5,LEVEL_STOP,2024-03-06 14:50:00+00:00,2024-03-06 15:40:00+00:00,False
P000-0280,2024-03-15,NQM4,SHORT,18322.75,18130.0,2024-03-15 13:35:00+00:00,2024-03-15 13:40:00+00:00,2024-03-15 13:45:00+00:00,18080.75,18130.0,18080.75,True,ARMED,2024-03-15 13:50:00+00:00,18107.75,-6.125,-7.625,BE_STOP,2024-03-15 13:25:00+00:00,2024-03-15 14:00:00+00:00,False
P000-0281,2024-04-02,NQM4,SHORT,18511.0,18269.0,2024-04-02 13:30:00+00:00,2024-04-02 13:35:00+00:00,2024-04-02 13:40:00+00:00,18245.25,18269.0,18245.25,True,ARMED,2024-04-02 13:55:00+00:00,18254.75,0.0,-1.5,BE_STOP,2024-04-02 13:20:00+00:00,2024-04-02 14:05:00+00:00,False
P000-0282,2024-04-03,NQM4,LONG,18320.75,18232.5,2024-04-03 14:00:00+00:00,2024-04-03 19:15:00+00:00,2024-04-03 19:20:00+00:00,18358.75,18320.75,18451.75,False,NOT_ARMED,2024-04-03 19:55:00+00:00,18370.5,11.75,10.25,EOD,2024-04-03 13:50:00+00:00,2024-04-03 20:05:00+00:00,False
P000-0283,2024-04-05,NQM4,LONG,18190.25,18051.5,2024-04-05 13:50:00+00:00,2024-04-05 14:00:00+00:00,2024-04-05 14:05:00+00:00,18214.25,18190.25,18228.25,True,ARMED,2024-04-05 14:10:00+00:00,18239.25,5.0,3.5,BE_STOP,2024-04-05 13:40:00+00:00,2024-04-05 14:20:00+00:00,False
P000-0284,2024-04-09,NQM4,SHORT,18395.5,18253.5,2024-04-09 14:30:00+00:00,2024-04-09 15:15:00+00:00,2024-04-09 15:20:00+00:00,18217.25,18253.5,18160.75,False,NOT_ARMED,2024-04-09 15:40:00+00:00,18256.75,-39.5,-41.0,LEVEL_STOP,2024-04-09 14:20:00+00:00,2024-04-09 15:50:00+00:00,False
P000-0285,2024-04-12,NQM4,SHORT,18481.75,18274.75,2024-04-12 14:25:00+00:00,2024-04-12 14:30:00+00:00,2024-04-12 14:35:00+00:00,18256.25,18274.75,18256.25,True,ARMED,2024-04-12 15:15:00+00:00,18241.5,7.375,5.875,EMA8,2024-04-12 14:15:00+00:00,2024-04-12 15:25:00+00:00,False
P000-0286,2024-04-15,NQM4,SHORT,18350.75,18259.0,2024-04-15 14:05:00+00:00,2024-04-15 14:15:00+00:00,2024-04-15 14:20:00+00:00,18224.0,18259.0,18191.0,True,ARMED,2024-04-15 15:25:00+00:00,18195.25,30.875,29.375,EMA8,2024-04-15 13:55:00+00:00,2024-04-15 15:35:00+00:00,False
P000-0287,2024-04-17,NQM4,SHORT,17968.5,17862.5,2024-04-17 14:00:00+00:00,2024-04-17 14:05:00+00:00,2024-04-17 14:10:00+00:00,17843.25,17862.5,17778.0,True,ARMED,2024-04-17 15:00:00+00:00,17847.0,32.625,31.125,BE_STOP,2024-04-17 13:50:00+00:00,2024-04-17 15:10:00+00:00,False
P000-0288,2024-04-19,NQM4,SHORT,17553.25,17389.0,2024-04-19 14:20:00+00:00,2024-04-19 14:30:00+00:00,2024-04-19 14:35:00+00:00,17370.0,17389.0,17336.75,False,NOT_ARMED,2024-04-19 14:40:00+00:00,17390.75,-20.75,-22.25,LEVEL_STOP,2024-04-19 14:10:00+00:00,2024-04-19 14:50:00+00:00,False
P000-0289,2024-04-23,NQM4,LONG,17437.0,17360.0,2024-04-23 13:35:00+00:00,2024-04-23 13:40:00+00:00,2024-04-23 13:45:00+00:00,17477.75,17437.0,17477.75,True,ARMED,2024-04-23 15:00:00+00:00,17551.0,36.625,35.125,EMA8,2024-04-23 13:25:00+00:00,2024-04-23 15:10:00+00:00,False
P000-0290,2024-04-24,NQM4,LONG,17754.75,17667.0,2024-04-24 13:35:00+00:00,2024-04-24 13:40:00+00:00,2024-04-24 13:45:00+00:00,17787.0,17754.75,17787.0,True,ARMED,2024-04-24 13:50:00+00:00,17763.0,-1.0,-2.5,BE_STOP,2024-04-24 13:25:00+00:00,2024-04-24 14:00:00+00:00,False
P000-0291,2024-05-01,NQM4,LONG,17518.5,17412.0,2024-05-01 18:25:00+00:00,2024-05-01 18:30:00+00:00,2024-05-01 18:35:00+00:00,17565.5,17518.5,17566.0,True,ARMED,2024-05-01 19:25:00+00:00,17717.0,76.0,74.5,EMA8,2024-05-01 18:15:00+00:00,2024-05-01 19:35:00+00:00,False
P000-0292,2024-05-02,NQM4,SHORT,17619.75,17558.25,2024-05-02 13:30:00+00:00,2024-05-02 15:05:00+00:00,2024-05-02 15:10:00+00:00,17522.75,17558.25,17386.25,False,NOT_ARMED,2024-05-02 15:55:00+00:00,17561.75,-39.0,-40.5,LEVEL_STOP,2024-05-02 13:20:00+00:00,2024-05-02 16:05:00+00:00,False
P000-0293,2024-05-03,NQM4,LONG,17968.0,17740.25,2024-05-03 13:40:00+00:00,2024-05-03 13:45:00+00:00,2024-05-03 13:50:00+00:00,18006.0,17968.0,18006.0,True,ARMED,2024-05-03 13:55:00+00:00,18000.75,0.0,-1.5,BE_STOP,2024-05-03 13:30:00+00:00,2024-05-03 14:05:00+00:00,False
P000-0294,2024-05-06,NQM4,LONG,18078.25,18000.5,2024-05-06 13:35:00+00:00,2024-05-06 13:40:00+00:00,2024-05-06 13:45:00+00:00,18090.75,18078.25,18101.5,True,ARMED,2024-05-06 14:15:00+00:00,18090.5,5.375,3.875,BE_STOP,2024-05-06 13:25:00+00:00,2024-05-06 14:25:00+00:00,False
P000-0295,2024-05-09,NQM4,LONG,18210.5,18103.75,2024-05-09 14:50:00+00:00,2024-05-09 14:55:00+00:00,2024-05-09 15:00:00+00:00,18222.0,18210.5,18222.0,True,ARMED,2024-05-09 15:05:00+00:00,18222.0,-1.375,-2.875,BE_STOP,2024-05-09 14:40:00+00:00,2024-05-09 15:15:00+00:00,False
P000-0296,2024-05-10,NQM4,LONG,18306.75,18231.25,2024-05-10 13:30:00+00:00,2024-05-10 13:35:00+00:00,2024-05-10 13:40:00+00:00,18320.0,18306.75,18320.0,True,ARMED,2024-05-10 14:00:00+00:00,18301.5,0.0,-1.5,BE_STOP,2024-05-10 13:20:00+00:00,2024-05-10 14:10:00+00:00,False
P000-0297,2024-05-16,NQM4,LONG,18735.0,18678.25,2024-05-16 14:50:00+00:00,2024-05-16 14:55:00+00:00,2024-05-16 15:00:00+00:00,18749.75,18735.0,18749.75,True,ARMED,2024-05-16 15:10:00+00:00,18738.25,0.0,-1.5,BE_STOP,2024-05-16 14:40:00+00:00,2024-05-16 15:20:00+00:00,False
P000-0298,2024-05-20,NQM4,LONG,18689.5,18637.25,2024-05-20 13:35:00+00:00,2024-05-20 13:40:00+00:00,2024-05-20 13:45:00+00:00,18707.0,18689.5,18711.0,True,ARMED,2024-05-20 13:50:00+00:00,18742.5,0.25,-1.25,BE_STOP,2024-05-20 13:25:00+00:00,2024-05-20 14:00:00+00:00,False
P000-0299,2024-05-23,NQM4,SHORT,19023.25,18928.75,2024-05-23 13:45:00+00:00,2024-05-23 15:50:00+00:00,2024-05-23 15:55:00+00:00,18915.25,18928.75,18802.0,True,ARMED,2024-05-23 19:30:00+00:00,18677.25,175.625,174.125,EMA8,2024-05-23 13:35:00+00:00,2024-05-23 19:40:00+00:00,False
P000-0300,2024-05-28,NQM4,SHORT,18980.5,18899.25,2024-05-28 13:40:00+00:00,2024-05-28 14:10:00+00:00,2024-05-28 14:15:00+00:00,18879.25,18899.25,18839.0,False,NOT_ARMED,2024-05-28 14:40:00+00:00,18911.5,-32.25,-33.75,LEVEL_STOP,2024-05-28 13:30:00+00:00,2024-05-28 14:50:00+00:00,False
P000-0301,2024-05-30,NQM4,SHORT,18787.0,18698.0,2024-05-30 14:30:00+00:00,2024-05-30 14:35:00+00:00,2024-05-30 14:40:00+00:00,18666.0,18698.0,18657.75,True,ARMED,2024-05-30 14:45:00+00:00,18667.75,4.125,2.625,BE_STOP,2024-05-30 14:20:00+00:00,2024-05-30 14:55:00+00:00,False
P000-0302,2024-06-03,NQM4,LONG,18716.5,18624.5,2024-06-03 13:30:00+00:00,2024-06-03 13:35:00+00:00,2024-06-03 13:40:00+00:00,18732.5,18716.5,18732.5,True,ARMED,2024-06-03 13:45:00+00:00,18731.0,-1.625,-3.125,BE_STOP,2024-06-03 13:20:00+00:00,2024-06-03 13:55:00+00:00,False
P000-0303,2024-06-10,NQM4,LONG,19039.5,18974.25,2024-06-10 14:45:00+00:00,2024-06-10 18:30:00+00:00,2024-06-10 18:35:00+00:00,19052.25,19039.5,19121.25,True,ARMED,2024-06-10 19:30:00+00:00,19097.0,56.875,55.375,EMA8,2024-06-10 14:35:00+00:00,2024-06-10 19:40:00+00:00,False
P000-0304,2024-06-12,NQM4,LONG,19458.75,19245.0,2024-06-12 13:40:00+00:00,2024-06-12 18:00:00+00:00,2024-06-12 18:05:00+00:00,19531.25,19458.75,19546.75,True,ARMED,2024-06-12 19:20:00+00:00,19511.25,7.75,6.25,BE_STOP,2024-06-12 13:30:00+00:00,2024-06-12 19:30:00+00:00,False
P000-0305,2024-06-14,NQM4,LONG,19654.5,19501.5,2024-06-14 17:25:00+00:00,2024-06-14 17:40:00+00:00,2024-06-14 17:45:00+00:00,19673.5,19654.5,19676.25,False,NOT_ARMED,2024-06-14 18:00:00+00:00,19654.25,-19.25,-20.75,LEVEL_STOP,2024-06-14 17:15:00+00:00,2024-06-14 18:10:00+00:00,False
P000-0306,2024-06-27,NQU4,LONG,20008.0,19933.5,2024-06-27 13:30:00+00:00,2024-06-27 14:50:00+00:00,2024-06-27 14:55:00+00:00,20037.75,20008.0,20116.75,False,NOT_ARMED,2024-06-27 15:25:00+00:00,19993.75,-44.0,-45.5,LEVEL_STOP,2024-06-27 13:20:00+00:00,2024-06-27 15:35:00+00:00,False
P000-0307,2024-07-04,NQU4,SHORT,20410.0,20396.0,2024-07-04 13:30:00+00:00,2024-07-04 13:35:00+00:00,2024-07-04 13:40:00+00:00,20387.5,20396.0,20387.5,True,ARMED,2024-07-04 15:00:00+00:00,20382.0,2.75,1.25,EMA8,2024-07-04 13:20:00+00:00,2024-07-04 15:10:00+00:00,False
P000-0308,2024-07-08,NQU4,LONG,20641.75,20598.75,2024-07-08 15:20:00+00:00,2024-07-08 15:35:00+00:00,2024-07-08 15:40:00+00:00,20663.0,20641.75,20669.25,True,ARMED,2024-07-08 15:55:00+00:00,20667.25,1.625,0.125,BE_STOP,2024-07-08 15:10:00+00:00,2024-07-08 16:05:00+00:00,False
P000-0309,2024-07-15,NQU4,LONG,20652.5,20593.75,2024-07-15 14:00:00+00:00,2024-07-15 14:05:00+00:00,2024-07-15 14:10:00+00:00,20678.0,20652.5,20678.0,True,ARMED,2024-07-15 15:25:00+00:00,20734.25,28.125,26.625,EMA8,2024-07-15 13:50:00+00:00,2024-07-15 15:35:00+00:00,False
P000-0310,2024-07-17,NQU4,SHORT,20377.0,20254.5,2024-07-17 13:30:00+00:00,2024-07-17 13:35:00+00:00,2024-07-17 13:40:00+00:00,20227.0,20254.5,20227.0,True,ARMED,2024-07-17 13:50:00+00:00,20234.75,0.0,-1.5,BE_STOP,2024-07-17 13:20:00+00:00,2024-07-17 14:00:00+00:00,False
P000-0311,2024-07-18,NQU4,SHORT,20162.5,20018.5,2024-07-18 14:30:00+00:00,2024-07-18 14:50:00+00:00,2024-07-18 14:55:00+00:00,19944.75,20018.5,19893.0,True,ARMED,2024-07-18 16:05:00+00:00,19837.25,79.625,78.125,EMA8,2024-07-18 14:20:00+00:00,2024-07-18 16:15:00+00:00,False
P000-0312,2024-07-29,NQU4,SHORT,19362.0,19227.0,2024-07-29 14:55:00+00:00,2024-07-29 15:05:00+00:00,2024-07-29 15:10:00+00:00,19185.75,19227.0,19185.75,True,ARMED,2024-07-29 15:25:00+00:00,19187.5,0.0,-1.5,BE_STOP,2024-07-29 14:45:00+00:00,2024-07-29 15:35:00+00:00,False
P000-0313,2024-07-31,NQU4,LONG,19380.75,19178.5,2024-07-31 13:50:00+00:00,2024-07-31 13:55:00+00:00,2024-07-31 14:00:00+00:00,19407.25,19380.75,19414.5,True,ARMED,2024-07-31 14:05:00+00:00,19444.25,3.25,1.75,BE_STOP,2024-07-31 13:40:00+00:00,2024-07-31 14:15:00+00:00,False
P000-0314,2024-08-02,NQU4,SHORT,18762.25,18508.5,2024-08-02 14:05:00+00:00,2024-08-02 14:25:00+00:00,2024-08-02 14:30:00+00:00,18445.75,18508.5,18385.75,False,NOT_ARMED,2024-08-02 14:45:00+00:00,18540.75,-95.0,-96.5,LEVEL_STOP,2024-08-02 13:55:00+00:00,2024-08-02 14:55:00+00:00,False
P000-0315,2024-08-08,NQU4,LONG,18252.25,17902.75,2024-08-08 14:00:00+00:00,2024-08-08 14:05:00+00:00,2024-08-08 14:10:00+00:00,18294.75,18252.25,18294.75,True,ARMED,2024-08-08 15:10:00+00:00,18336.5,20.875,19.375,EMA8,2024-08-08 13:50:00+00:00,2024-08-08 15:20:00+00:00,False
P000-0316,2024-08-12,NQU4,SHORT,18693.5,18626.25,2024-08-12 13:35:00+00:00,2024-08-12 13:40:00+00:00,2024-08-12 13:45:00+00:00,18557.0,18626.25,18557.0,True,ARMED,2024-08-12 13:50:00+00:00,18577.0,0.0,-1.5,BE_STOP,2024-08-12 13:25:00+00:00,2024-08-12 14:00:00+00:00,False
P000-0317,2024-08-13,NQU4,LONG,18847.0,18647.5,2024-08-13 13:30:00+00:00,2024-08-13 13:35:00+00:00,2024-08-13 13:40:00+00:00,18876.25,18847.0,18887.75,True,ARMED,2024-08-13 14:30:00+00:00,18882.25,8.75,7.25,EMA8,2024-08-13 13:20:00+00:00,2024-08-13 14:40:00+00:00,False
P000-0318,2024-08-15,NQU4,LONG,19371.5,19104.75,2024-08-15 13:35:00+00:00,2024-08-15 13:40:00+00:00,2024-08-15 13:45:00+00:00,19396.0,19371.5,19396.0,True,ARMED,2024-08-15 16:40:00+00:00,19544.75,74.375,72.875,EMA8,2024-08-15 13:25:00+00:00,2024-08-15 16:50:00+00:00,False
P000-0319,2024-08-19,NQU4,LONG,19638.75,19525.25,2024-08-19 14:50:00+00:00,2024-08-19 14:55:00+00:00,2024-08-19 15:00:00+00:00,19655.0,19638.75,19662.0,True,ARMED,2024-08-19 15:10:00+00:00,19652.75,3.5,2.0,BE_STOP,2024-08-19 14:40:00+00:00,2024-08-19 15:20:00+00:00,False
P000-0320,2024-08-21,NQU4,LONG,19863.75,19790.5,2024-08-21 13:50:00+00:00,2024-08-21 13:55:00+00:00,2024-08-21 14:00:00+00:00,19884.25,19863.75,19884.25,True,ARMED,2024-08-21 14:10:00+00:00,19868.0,0.0,-1.5,BE_STOP,2024-08-21 13:40:00+00:00,2024-08-21 14:20:00+00:00,False
P000-0321,2024-08-23,NQU4,LONG,19778.25,19674.0,2024-08-23 14:00:00+00:00,2024-08-23 14:05:00+00:00,2024-08-23 14:10:00+00:00,19865.0,19778.25,19868.5,True,ARMED,2024-08-23 14:15:00+00:00,19824.75,-2.625,-4.125,BE_STOP,2024-08-23 13:50:00+00:00,2024-08-23 14:25:00+00:00,False
P000-0322,2024-08-26,NQU4,SHORT,19846.25,19745.0,2024-08-26 13:45:00+00:00,2024-08-26 13:50:00+00:00,2024-08-26 13:55:00+00:00,19711.25,19745.0,19711.25,True,ARMED,2024-08-26 14:05:00+00:00,19657.0,-5.75,-7.25,BE_STOP,2024-08-26 13:35:00+00:00,2024-08-26 14:15:00+00:00,False
P000-0323,2024-08-28,NQU4,SHORT,19691.0,19595.75,2024-08-28 13:35:00+00:00,2024-08-28 13:40:00+00:00,2024-08-28 13:45:00+00:00,19584.0,19595.75,19584.0,True,ARMED,2024-08-28 14:15:00+00:00,19568.5,7.75,6.25,EMA8,2024-08-28 13:25:00+00:00,2024-08-28 14:25:00+00:00,False
P000-0324,2024-08-30,NQU4,LONG,19573.0,19499.0,2024-08-30 13:50:00+00:00,2024-08-30 13:55:00+00:00,2024-08-30 14:00:00+00:00,19598.75,19573.0,19603.25,True,ARMED,2024-08-30 14:05:00+00:00,19578.75,2.25,0.75,BE_STOP,2024-08-30 13:40:00+00:00,2024-08-30 14:15:00+00:00,False
P000-0325,2024-09-19,NQZ4,LONG,20057.25,19900.0,2024-09-19 14:10:00+00:00,2024-09-19 14:15:00+00:00,2024-09-19 14:20:00+00:00,20086.25,20057.25,20086.25,True,ARMED,2024-09-19 14:50:00+00:00,20079.25,0.0,-1.5,BE_STOP,2024-09-19 14:00:00+00:00,2024-09-19 15:00:00+00:00,False
P000-0326,2024-09-20,NQZ4,SHORT,20075.0,19981.0,2024-09-20 14:45:00+00:00,2024-09-20 14:50:00+00:00,2024-09-20 14:55:00+00:00,19933.75,19981.0,19933.75,True,ARMED,2024-09-20 15:00:00+00:00,19926.75,-4.125,-5.625,BE_STOP,2024-09-20 14:35:00+00:00,2024-09-20 15:10:00+00:00,False
P000-0327,2024-09-25,NQZ4,LONG,20158.0,20079.75,2024-09-25 13:30:00+00:00,2024-09-25 13:40:00+00:00,2024-09-25 13:45:00+00:00,20189.25,20158.0,20206.0,True,ARMED,2024-09-25 14:25:00+00:00,20227.25,27.375,25.875,EMA8,2024-09-25 13:20:00+00:00,2024-09-25 14:35:00+00:00,False
P000-0328,2024-09-26,NQZ4,SHORT,20538.0,20450.5,2024-09-26 13:30:00+00:00,2024-09-26 13:35:00+00:00,2024-09-26 13:40:00+00:00,20424.0,20450.5,20354.75,True,ARMED,2024-09-26 15:40:00+00:00,20274.25,109.5,108.0,EMA8,2024-09-26 13:20:00+00:00,2024-09-26 15:50:00+00:00,False
P000-0329,2024-09-30,NQZ4,LONG,20224.5,20119.5,2024-09-30 13:30:00+00:00,2024-09-30 13:35:00+00:00,2024-09-30 13:40:00+00:00,20260.0,20224.5,20260.0,True,ARMED,2024-09-30 13:50:00+00:00,20235.0,-4.375,-5.875,BE_STOP,2024-09-30 13:20:00+00:00,2024-09-30 14:00:00+00:00,False
P000-0330,2024-10-07,NQZ4,LONG,20165.0,20058.0,2024-10-07 14:15:00+00:00,2024-10-07 14:20:00+00:00,2024-10-07 14:25:00+00:00,20176.75,20165.0,20234.25,False,NOT_ARMED,2024-10-07 14:35:00+00:00,20163.75,-13.0,-14.5,LEVEL_STOP,2024-10-07 14:05:00+00:00,2024-10-07 14:45:00+00:00,False
P000-0331,2024-10-09,NQZ4,LONG,20300.75,20209.0,2024-10-09 14:10:00+00:00,2024-10-09 14:15:00+00:00,2024-10-09 14:20:00+00:00,20321.75,20300.75,20321.75,True,ARMED,2024-10-09 14:45:00+00:00,20324.75,1.5,0.0,EMA8,2024-10-09 14:00:00+00:00,2024-10-09 14:55:00+00:00,False
P000-0332,2024-10-16,NQZ4,SHORT,20392.25,20336.0,2024-10-16 13:30:00+00:00,2024-10-16 14:25:00+00:00,2024-10-16 14:30:00+00:00,20323.5,20336.0,20206.25,False,NOT_ARMED,2024-10-16 17:45:00+00:00,20337.0,-13.5,-15.0,LEVEL_STOP,2024-10-16 13:20:00+00:00,2024-10-16 17:55:00+00:00,False
P000-0333,2024-10-21,NQZ4,LONG,20459.75,20343.75,2024-10-21 13:35:00+00:00,2024-10-21 13:40:00+00:00,2024-10-21 13:45:00+00:00,20482.25,20459.75,20488.25,True,ARMED,2024-10-21 14:25:00+00:00,20507.25,15.5,14.0,EMA8,2024-10-21 13:25:00+00:00,2024-10-21 14:35:00+00:00,False
P000-0334,2024-10-22,NQZ4,LONG,20475.5,20360.25,2024-10-22 14:05:00+00:00,2024-10-22 14:20:00+00:00,2024-10-22 14:25:00+00:00,20504.0,20475.5,20520.0,False,NOT_ARMED,2024-10-22 14:40:00+00:00,20468.0,-36.0,-37.5,LEVEL_STOP,2024-10-22 13:55:00+00:00,2024-10-22 14:50:00+00:00,False
P000-0335,2024-10-24,NQZ4,SHORT,20428.5,20352.5,2024-10-24 13:30:00+00:00,2024-10-24 13:35:00+00:00,2024-10-24 13:40:00+00:00,20324.5,20352.5,20306.25,True,ARMED,2024-10-24 13:50:00+00:00,20333.5,9.125,7.625,BE_STOP,2024-10-24 13:20:00+00:00,2024-10-24 14:00:00+00:00,False
P000-0336,2024-10-28,NQZ4,SHORT,20676.5,20580.75,2024-10-28 13:40:00+00:00,2024-10-28 13:45:00+00:00,2024-10-28 13:50:00+00:00,20549.0,20580.75,20549.0,True,ARMED,2024-10-28 13:55:00+00:00,20556.25,0.0,-1.5,BE_STOP,2024-10-28 13:30:00+00:00,2024-10-28 14:05:00+00:00,False
P000-0337,2024-10-30,NQZ4,SHORT,20765.0,20639.75,2024-10-30 13:30:00+00:00,2024-10-30 13:35:00+00:00,2024-10-30 13:40:00+00:00,20607.5,20639.75,20607.5,True,ARMED,2024-10-30 13:50:00+00:00,20609.0,0.0,-1.5,BE_STOP,2024-10-30 13:20:00+00:00,2024-10-30 14:00:00+00:00,False
P000-0338,2024-10-31,NQZ4,SHORT,20417.0,20287.0,2024-10-31 13:30:00+00:00,2024-10-31 13:35:00+00:00,2024-10-31 13:40:00+00:00,20257.5,20287.0,20252.75,True,ARMED,2024-10-31 14:20:00+00:00,20191.75,35.25,33.75,EMA8,2024-10-31 13:20:00+00:00,2024-10-31 14:30:00+00:00,False
P000-0339,2024-11-01,NQZ4,LONG,20146.5,20064.0,2024-11-01 13:40:00+00:00,2024-11-01 13:45:00+00:00,2024-11-01 13:50:00+00:00,20153.25,20146.5,20165.0,True,ARMED,2024-11-01 13:55:00+00:00,20169.75,5.625,4.125,BE_STOP,2024-11-01 13:30:00+00:00,2024-11-01 14:05:00+00:00,False
P000-0340,2024-11-07,NQZ4,LONG,21020.5,20915.0,2024-11-07 14:30:00+00:00,2024-11-07 14:35:00+00:00,2024-11-07 14:40:00+00:00,21071.25,21020.5,21071.25,True,ARMED,2024-11-07 14:45:00+00:00,21056.75,0.0,-1.5,BE_STOP,2024-11-07 14:20:00+00:00,2024-11-07 14:55:00+00:00,False
P000-0341,2024-11-13,NQZ4,SHORT,21243.5,21114.25,2024-11-13 15:00:00+00:00,2024-11-13 15:10:00+00:00,2024-11-13 15:15:00+00:00,21086.5,21114.25,21056.5,False,NOT_ARMED,2024-11-13 15:30:00+00:00,21129.25,-42.75,-44.25,LEVEL_STOP,2024-11-13 14:50:00+00:00,2024-11-13 15:40:00+00:00,False
P000-0342,2024-11-14,NQZ4,SHORT,21190.25,21112.75,2024-11-14 14:40:00+00:00,2024-11-14 14:50:00+00:00,2024-11-14 14:55:00+00:00,21072.0,21112.75,21064.0,True,ARMED,2024-11-14 15:25:00+00:00,21099.25,4.0,2.5,BE_STOP,2024-11-14 14:30:00+00:00,2024-11-14 15:35:00+00:00,False
P000-0343,2024-11-19,NQZ4,LONG,20648.25,20382.5,2024-11-19 16:00:00+00:00,2024-11-19 16:05:00+00:00,2024-11-19 16:10:00+00:00,20668.5,20648.25,20688.25,True,ARMED,2024-11-19 16:50:00+00:00,20664.0,9.875,8.375,BE_STOP,2024-11-19 15:50:00+00:00,2024-11-19 17:00:00+00:00,False
P000-0344,2024-11-20,NQZ4,SHORT,20830.0,20732.75,2024-11-20 14:30:00+00:00,2024-11-20 20:35:00+00:00,2024-11-20 20:40:00+00:00,20702.75,20732.75,20477.0,False,NOT_ARMED,2024-11-20 20:50:00+00:00,20738.5,-35.75,-37.25,LEVEL_STOP,2024-11-20 14:20:00+00:00,2024-11-20 21:00:00+00:00,False
P000-0345,2024-11-22,NQZ4,LONG,20815.75,20693.25,2024-11-22 14:30:00+00:00,2024-11-22 14:35:00+00:00,2024-11-22 14:40:00+00:00,20837.0,20815.75,20837.0,True,ARMED,2024-11-22 14:50:00+00:00,20821.75,0.0,-1.5,BE_STOP,2024-11-22 14:20:00+00:00,2024-11-22 15:00:00+00:00,False
P000-0346,2024-11-28,NQZ4,LONG,20878.0,20848.5,2024-11-28 14:30:00+00:00,2024-11-28 14:35:00+00:00,2024-11-28 14:40:00+00:00,20889.25,20878.0,20892.0,True,ARMED,2024-11-28 14:55:00+00:00,20888.5,1.375,-0.125,BE_STOP,2024-11-28 14:20:00+00:00,2024-11-28 15:05:00+00:00,False
P000-0347,2024-11-29,NQZ4,LONG,20910.0,20812.25,2024-11-29 14:55:00+00:00,2024-11-29 15:00:00+00:00,2024-11-29 15:05:00+00:00,20925.25,20910.0,20935.75,True,ARMED,2024-11-29 15:45:00+00:00,20943.75,14.5,13.0,EMA8,2024-11-29 14:45:00+00:00,2024-11-29 15:55:00+00:00,False
P000-0348,2024-12-06,NQZ4,LONG,21529.75,21440.25,2024-12-06 14:35:00+00:00,2024-12-06 14:40:00+00:00,2024-12-06 14:45:00+00:00,21554.5,21529.75,21554.5,True,ARMED,2024-12-06 15:50:00+00:00,21600.5,23.0,21.5,EMA8,2024-12-06 14:25:00+00:00,2024-12-06 16:00:00+00:00,False
P000-0349,2024-12-10,NQZ4,LONG,21538.0,21450.0,2024-12-10 14:35:00+00:00,2024-12-10 14:40:00+00:00,2024-12-10 14:45:00+00:00,21576.75,21538.0,21576.75,True,ARMED,2024-12-10 14:50:00+00:00,21526.5,-0.75,-2.25,BE_STOP,2024-12-10 14:25:00+00:00,2024-12-10 15:00:00+00:00,False
P000-0350,2024-12-13,NQZ4,LONG,21843.75,21755.75,2024-12-13 14:40:00+00:00,2024-12-13 15:05:00+00:00,2024-12-13 15:10:00+00:00,21867.0,21843.75,21908.0,False,NOT_ARMED,2024-12-13 15:15:00+00:00,21828.0,-39.0,-40.5,LEVEL_STOP,2024-12-13 14:30:00+00:00,2024-12-13 15:25:00+00:00,False
P000-0351,2024-12-16,NQZ4,LONG,21913.5,21806.5,2024-12-16 14:30:00+00:00,2024-12-16 14:35:00+00:00,2024-12-16 14:40:00+00:00,21934.75,21913.5,21936.0,True,ARMED,2024-12-16 14:45:00+00:00,21942.25,-7.875,-9.375,BE_STOP,2024-12-16 14:20:00+00:00,2024-12-16 14:55:00+00:00,False
P000-0352,2025-01-03,NQH5,LONG,21303.0,21208.5,2025-01-03 14:30:00+00:00,2025-01-03 15:15:00+00:00,2025-01-03 15:20:00+00:00,21368.5,21303.0,21440.75,True,ARMED,2025-01-03 17:10:00+00:00,21453.0,78.375,76.875,EMA8,2025-01-03 14:20:00+00:00,2025-01-03 17:20:00+00:00,False
P000-0353,2025-01-06,NQH5,LONG,21760.5,21616.5,2025-01-06 14:30:00+00:00,2025-01-06 14:35:00+00:00,2025-01-06 14:40:00+00:00,21800.5,21760.5,21800.5,True,ARMED,2025-01-06 14:45:00+00:00,21829.75,-4.375,-5.875,BE_STOP,2025-01-06 14:20:00+00:00,2025-01-06 14:55:00+00:00,False
P000-0354,2025-01-14,NQH5,SHORT,21138.5,20944.0,2025-01-14 15:55:00+00:00,2025-01-14 16:25:00+00:00,2025-01-14 16:30:00+00:00,20902.75,20944.0,20875.75,True,ARMED,2025-01-14 17:15:00+00:00,20857.5,36.125,34.625,EMA8,2025-01-14 15:45:00+00:00,2025-01-14 17:25:00+00:00,False
P000-0355,2025-01-16,NQH5,SHORT,21547.5,21420.0,2025-01-16 14:40:00+00:00,2025-01-16 14:45:00+00:00,2025-01-16 14:50:00+00:00,21369.5,21420.0,21353.0,True,ARMED,2025-01-16 15:05:00+00:00,21407.0,2.5,1.0,BE_STOP,2025-01-16 14:30:00+00:00,2025-01-16 15:15:00+00:00,False
P000-0356,2025-01-20,NQH5,LONG,21726.75,21538.0,2025-01-20 14:30:00+00:00,2025-01-20 14:35:00+00:00,2025-01-20 14:40:00+00:00,21755.0,21726.75,21755.0,True,ARMED,2025-01-20 14:55:00+00:00,21743.0,0.0,-1.5,BE_STOP,2025-01-20 14:20:00+00:00,2025-01-20 15:05:00+00:00,False
P000-0357,2025-01-22,NQH5,LONG,21934.25,21868.75,2025-01-22 14:30:00+00:00,2025-01-22 14:35:00+00:00,2025-01-22 14:40:00+00:00,21964.0,21934.25,21981.75,True,ARMED,2025-01-22 15:50:00+00:00,22013.75,33.75,32.25,EMA8,2025-01-22 14:20:00+00:00,2025-01-22 16:00:00+00:00,False
P000-0358,2025-01-23,NQH5,LONG,21919.5,21855.5,2025-01-23 15:30:00+00:00,2025-01-23 15:35:00+00:00,2025-01-23 15:40:00+00:00,21938.25,21919.5,21969.0,False,NOT_ARMED,2025-01-23 16:05:00+00:00,21919.25,-19.0,-20.5,LEVEL_STOP,2025-01-23 15:20:00+00:00,2025-01-23 16:15:00+00:00,False
P000-0359,2025-01-27,NQH5,LONG,21269.0,20763.75,2025-01-27 14:35:00+00:00,2025-01-27 14:40:00+00:00,2025-01-27 14:45:00+00:00,21303.0,21269.0,21506.75,False,NOT_ARMED,2025-01-27 15:15:00+00:00,21235.5,-67.5,-69.0,LEVEL_STOP,2025-01-27 14:25:00+00:00,2025-01-27 15:25:00+00:00,False
P000-0360,2025-01-29,NQH5,SHORT,21690.0,21560.25,2025-01-29 14:30:00+00:00,2025-01-29 14:35:00+00:00,2025-01-29 14:40:00+00:00,21526.5,21560.25,21526.5,True,ARMED,2025-01-29 14:50:00+00:00,21535.5,0.0,-1.5,BE_STOP,2025-01-29 14:20:00+00:00,2025-01-29 15:00:00+00:00,False
P000-0361,2025-01-31,NQH5,LONG,21813.0,21750.0,2025-01-31 14:40:00+00:00,2025-01-31 14:45:00+00:00,2025-01-31 14:50:00+00:00,21836.0,21813.0,21838.5,True,ARMED,2025-01-31 16:20:00+00:00,21933.5,50.0,48.5,EMA8,2025-01-31 14:30:00+00:00,2025-01-31 16:30:00+00:00,False
P000-0362,2025-02-04,NQH5,LONG,21498.5,21356.0,2025-02-04 14:35:00+00:00,2025-02-04 14:40:00+00:00,2025-02-04 14:45:00+00:00,21521.5,21498.5,21523.25,True,ARMED,2025-02-04 15:55:00+00:00,21633.25,56.75,55.25,EMA8,2025-02-04 14:25:00+00:00,2025-02-04 16:05:00+00:00,False
P000-0363,2025-02-05,NQH5,LONG,21556.5,21429.75,2025-02-05 14:35:00+00:00,2025-02-05 14:40:00+00:00,2025-02-05 14:45:00+00:00,21580.0,21556.5,21588.0,True,ARMED,2025-02-05 14:50:00+00:00,21551.75,4.0,2.5,BE_STOP,2025-02-05 14:25:00+00:00,2025-02-05 15:00:00+00:00,False
P000-0364,2025-02-11,NQH5,LONG,21792.0,21669.5,2025-02-11 15:05:00+00:00,2025-02-11 15:10:00+00:00,2025-02-11 15:15:00+00:00,21805.75,21792.0,21819.75,True,ARMED,2025-02-11 16:00:00+00:00,21834.75,21.5,20.0,EMA8,2025-02-11 14:55:00+00:00,2025-02-11 16:10:00+00:00,False
P000-0365,2025-02-18,NQH5,SHORT,22318.25,22252.5,2025-02-18 14:30:00+00:00,2025-02-18 14:35:00+00:00,2025-02-18 14:40:00+00:00,22226.5,22252.5,22223.25,True,ARMED,2025-02-18 15:50:00+00:00,22183.25,23.25,21.75,EMA8,2025-02-18 14:20:00+00:00,2025-02-18 16:00:00+00:00,False
P000-0366,2025-02-20,NQH5,SHORT,22223.0,22173.5,2025-02-20 14:40:00+00:00,2025-02-20 14:45:00+00:00,2025-02-20 14:50:00+00:00,22134.0,22173.5,22134.0,True,ARMED,2025-02-20 15:15:00+00:00,22077.0,28.5,27.0,EMA8,2025-02-20 14:30:00+00:00,2025-02-20 15:25:00+00:00,False
P000-0367,2025-02-21,NQH5,SHORT,22245.5,22141.0,2025-02-21 14:35:00+00:00,2025-02-21 14:45:00+00:00,2025-02-21 14:50:00+00:00,22114.5,22141.0,22097.75,True,ARMED,2025-02-21 15:55:00+00:00,22006.75,62.25,60.75,EMA8,2025-02-21 14:25:00+00:00,2025-02-21 16:05:00+00:00,False
P000-0368,2025-02-25,NQH5,SHORT,21451.75,21286.0,2025-02-25 14:50:00+00:00,2025-02-25 14:55:00+00:00,2025-02-25 15:00:00+00:00,21236.75,21286.0,21210.75,True,ARMED,2025-02-25 15:50:00+00:00,21151.0,55.875,54.375,EMA8,2025-02-25 14:40:00+00:00,2025-02-25 16:00:00+00:00,False
P000-0369,2025-03-04,NQH5,SHORT,20566.25,20262.0,2025-03-04 14:55:00+00:00,2025-03-04 15:45:00+00:00,2025-03-04 15:50:00+00:00,20176.0,20262.0,20075.25,False,NOT_ARMED,2025-03-04 16:45:00+00:00,20286.75,-110.75,-112.25,LEVEL_STOP,2025-03-04 14:45:00+00:00,2025-03-04 16:55:00+00:00,False
P000-0370,2025-03-13,NQH5,SHORT,19631.0,19408.75,2025-03-13 13:50:00+00:00,2025-03-13 13:55:00+00:00,2025-03-13 14:00:00+00:00,19339.5,19408.75,19339.5,True,ARMED,2025-03-13 14:05:00+00:00,19433.0,-30.875,-32.375,BE_STOP,2025-03-13 13:40:00+00:00,2025-03-13 14:15:00+00:00,False
P000-0371,2025-03-14,NQH5,LONG,19533.5,19375.25,2025-03-14 13:30:00+00:00,2025-03-14 13:35:00+00:00,2025-03-14 13:40:00+00:00,19600.5,19533.5,19600.5,True,ARMED,2025-03-14 13:50:00+00:00,19608.25,-1.625,-3.125,BE_STOP,2025-03-14 13:20:00+00:00,2025-03-14 14:00:00+00:00,False
P000-0372,2025-03-19,NQH5,LONG,19587.5,19467.25,2025-03-19 13:50:00+00:00,2025-03-19 14:55:00+00:00,2025-03-19 15:00:00+00:00,19610.0,19587.5,19694.25,True,ARMED,2025-03-19 16:10:00+00:00,19693.25,83.75,82.25,EMA8,2025-03-19 13:40:00+00:00,2025-03-19 16:20:00+00:00,False
P000-0373,2025-04-10,NQM5,SHORT,19004.25,18703.5,2025-04-10 13:55:00+00:00,2025-04-10 14:00:00+00:00,2025-04-10 14:05:00+00:00,18585.0,18703.5,18585.0,True,ARMED,2025-04-10 14:15:00+00:00,18602.5,-18.125,-19.625,BE_STOP,2025-04-10 13:45:00+00:00,2025-04-10 14:25:00+00:00,False
P000-0374,2025-04-17,NQM5,SHORT,18624.25,18456.75,2025-04-17 13:30:00+00:00,2025-04-17 13:40:00+00:00,2025-04-17 13:45:00+00:00,18382.5,18456.75,18382.5,True,ARMED,2025-04-17 13:50:00+00:00,18483.5,-30.25,-31.75,BE_STOP,2025-04-17 13:20:00+00:00,2025-04-17 14:00:00+00:00,False
P000-0375,2025-04-23,NQM5,LONG,18972.0,18775.0,2025-04-23 13:30:00+00:00,2025-04-23 13:35:00+00:00,2025-04-23 13:40:00+00:00,19112.5,18972.0,19112.5,True,ARMED,2025-04-23 13:55:00+00:00,19074.75,-38.25,-39.75,BE_STOP,2025-04-23 13:20:00+00:00,2025-04-23 14:05:00+00:00,False
P000-0376,2025-04-24,NQM5,LONG,18877.0,18594.75,2025-04-24 13:30:00+00:00,2025-04-24 13:35:00+00:00,2025-04-24 13:40:00+00:00,18904.75,18877.0,18904.75,True,ARMED,2025-04-24 15:25:00+00:00,19149.5,122.375,120.875,EMA8,2025-04-24 13:20:00+00:00,2025-04-24 15:35:00+00:00,False
P000-0377,2025-05-02,NQM5,LONG,20141.25,19864.0,2025-05-02 14:10:00+00:00,2025-05-02 14:20:00+00:00,2025-05-02 14:25:00+00:00,20148.0,20141.25,20174.0,True,ARMED,2025-05-02 14:40:00+00:00,20144.25,13.0,11.5,BE_STOP,2025-05-02 14:00:00+00:00,2025-05-02 14:50:00+00:00,False
P000-0378,2025-05-08,NQM5,SHORT,20262.5,20134.5,2025-05-08 13:30:00+00:00,2025-05-08 13:35:00+00:00,2025-05-08 13:40:00+00:00,20097.75,20134.5,20097.75,True,ARMED,2025-05-08 14:00:00+00:00,20104.25,0.0,-1.5,BE_STOP,2025-05-08 13:20:00+00:00,2025-05-08 14:10:00+00:00,False
P000-0379,2025-05-09,NQM5,SHORT,20288.75,20140.0,2025-05-09 14:25:00+00:00,2025-05-09 14:30:00+00:00,2025-05-09 14:35:00+00:00,20117.25,20140.0,20111.75,True,ARMED,2025-05-09 14:45:00+00:00,20125.25,2.75,1.25,BE_STOP,2025-05-09 14:15:00+00:00,2025-05-09 14:55:00+00:00,False
P000-0380,2025-06-03,NQM5,LONG,21558.0,21399.25,2025-06-03 13:40:00+00:00,2025-06-03 13:50:00+00:00,2025-06-03 13:55:00+00:00,21596.25,21558.0,21599.25,True,ARMED,2025-06-03 14:00:00+00:00,21616.0,0.625,-0.875,BE_STOP,2025-06-03 13:30:00+00:00,2025-06-03 14:10:00+00:00,False
P000-0381,2025-06-06,NQM5,LONG,21812.0,21637.75,2025-06-06 13:35:00+00:00,2025-06-06 13:55:00+00:00,2025-06-06 14:00:00+00:00,21842.0,21812.0,21864.25,False,NOT_ARMED,2025-06-06 14:25:00+00:00,21784.75,-57.25,-58.75,LEVEL_STOP,2025-06-06 13:25:00+00:00,2025-06-06 14:35:00+00:00,False
P000-0382,2025-06-09,NQM5,LONG,21824.25,21757.5,2025-06-09 14:10:00+00:00,2025-06-09 15:15:00+00:00,2025-06-09 15:20:00+00:00,21852.5,21824.25,21890.75,False,NOT_ARMED,2025-06-09 19:50:00+00:00,21823.25,-29.25,-30.75,LEVEL_STOP,2025-06-09 14:00:00+00:00,2025-06-09 20:00:00+00:00,False
P000-0383,2025-06-12,NQM5,LONG,21868.5,21713.25,2025-06-12 13:40:00+00:00,2025-06-12 13:45:00+00:00,2025-06-12 13:50:00+00:00,21889.5,21868.5,21889.5,True,ARMED,2025-06-12 13:55:00+00:00,21857.25,-6.0,-7.5,BE_STOP,2025-06-12 13:30:00+00:00,2025-06-12 14:05:00+00:00,False
P000-0384,2025-06-16,NQM5,LONG,21841.75,21731.5,2025-06-16 13:30:00+00:00,2025-06-16 13:35:00+00:00,2025-06-16 13:40:00+00:00,21872.5,21841.75,21877.5,True,ARMED,2025-06-16 14:50:00+00:00,21958.5,45.5,44.0,EMA8,2025-06-16 13:20:00+00:00,2025-06-16 15:00:00+00:00,False
P000-0385,2025-06-19,NQU5,SHORT,21856.5,21735.25,2025-06-19 13:35:00+00:00,2025-06-19 13:40:00+00:00,2025-06-19 13:45:00+00:00,21712.5,21735.25,21712.5,True,ARMED,2025-06-19 14:10:00+00:00,21710.5,1.0,-0.5,EMA8,2025-06-19 13:25:00+00:00,2025-06-19 14:20:00+00:00,False
P000-0386,2025-06-23,NQU5,LONG,21944.25,21775.0,2025-06-23 14:00:00+00:00,2025-06-23 15:30:00+00:00,2025-06-23 15:35:00+00:00,21965.75,21944.25,22018.0,False,NOT_ARMED,2025-06-23 15:50:00+00:00,21944.0,-21.75,-23.25,LEVEL_STOP,2025-06-23 13:50:00+00:00,2025-06-23 16:00:00+00:00,False
P000-0387,2025-06-30,NQU5,SHORT,22915.0,22853.75,2025-06-30 13:30:00+00:00,2025-06-30 14:10:00+00:00,2025-06-30 14:15:00+00:00,22827.75,22853.75,22794.25,False,NOT_ARMED,2025-06-30 16:00:00+00:00,22861.5,-33.75,-35.25,LEVEL_STOP,2025-06-30 13:20:00+00:00,2025-06-30 16:10:00+00:00,False
P000-0388,2025-07-01,NQU5,SHORT,22858.25,22755.75,2025-07-01 14:30:00+00:00,2025-07-01 14:35:00+00:00,2025-07-01 14:40:00+00:00,22716.75,22755.75,22716.75,True,ARMED,2025-07-01 15:25:00+00:00,22684.5,16.125,14.625,EMA8,2025-07-01 14:20:00+00:00,2025-07-01 15:35:00+00:00,False
P000-0389,2025-07-03,NQU5,LONG,22940.5,22830.0,2025-07-03 13:30:00+00:00,2025-07-03 13:40:00+00:00,2025-07-03 13:45:00+00:00,22961.5,22940.5,22985.75,True,ARMED,2025-07-03 14:45:00+00:00,23039.0,50.875,49.375,EMA8,2025-07-03 13:20:00+00:00,2025-07-03 14:55:00+00:00,False
P000-0390,2025-07-08,NQU5,SHORT,22963.75,22905.5,2025-07-08 13:30:00+00:00,2025-07-08 13:35:00+00:00,2025-07-08 13:40:00+00:00,22891.5,22905.5,22891.5,True,ARMED,2025-07-08 13:45:00+00:00,22907.75,-6.75,-8.25,BE_STOP,2025-07-08 13:20:00+00:00,2025-07-08 13:55:00+00:00,False
P000-0391,2025-07-18,NQU5,SHORT,23320.75,23251.25,2025-07-18 14:00:00+00:00,2025-07-18 14:05:00+00:00,2025-07-18 14:10:00+00:00,23235.75,23251.25,23235.75,True,ARMED,2025-07-18 14:40:00+00:00,23223.75,6.0,4.5,EMA8,2025-07-18 13:50:00+00:00,2025-07-18 14:50:00+00:00,False
P000-0392,2025-07-23,NQU5,SHORT,23283.75,23230.25,2025-07-23 13:30:00+00:00,2025-07-23 13:35:00+00:00,2025-07-23 13:40:00+00:00,23212.75,23230.25,23183.0,True,ARMED,2025-07-23 14:20:00+00:00,23181.75,30.375,28.875,EMA8,2025-07-23 13:20:00+00:00,2025-07-23 14:30:00+00:00,False
P000-0393,2025-08-01,NQU5,SHORT,23172.5,23031.5,2025-08-01 13:30:00+00:00,2025-08-01 13:35:00+00:00,2025-08-01 13:40:00+00:00,22975.0,23031.5,22975.0,True,ARMED,2025-08-01 14:15:00+00:00,22933.5,20.75,19.25,EMA8,2025-08-01 13:20:00+00:00,2025-08-01 14:25:00+00:00,False
P000-0394,2025-08-12,NQU5,LONG,23822.25,23608.5,2025-08-12 15:10:00+00:00,2025-08-12 15:30:00+00:00,2025-08-12 15:35:00+00:00,23849.5,23822.25,23861.25,True,ARMED,2025-08-12 17:25:00+00:00,23888.0,25.125,23.625,EMA8,2025-08-12 15:00:00+00:00,2025-08-12 17:35:00+00:00,False
P000-0395,2025-08-14,NQU5,LONG,23966.75,23793.25,2025-08-14 14:30:00+00:00,2025-08-14 14:35:00+00:00,2025-08-14 14:40:00+00:00,23985.0,23966.75,23985.0,True,ARMED,2025-08-14 14:45:00+00:00,23999.0,-1.375,-2.875,BE_STOP,2025-08-14 14:20:00+00:00,2025-08-14 14:55:00+00:00,False
P000-0396,2025-08-15,NQU5,SHORT,23953.75,23872.0,2025-08-15 13:30:00+00:00,2025-08-15 13:35:00+00:00,2025-08-15 13:40:00+00:00,23851.25,23872.0,23850.0,True,ARMED,2025-08-15 13:45:00+00:00,23783.5,-0.25,-1.75,BE_STOP,2025-08-15 13:20:00+00:00,2025-08-15 13:55:00+00:00,False
P000-0397,2025-08-20,NQU5,SHORT,23452.0,23371.25,2025-08-20 13:30:00+00:00,2025-08-20 13:35:00+00:00,2025-08-20 13:40:00+00:00,23357.0,23371.25,23334.25,True,ARMED,2025-08-20 15:05:00+00:00,23123.25,128.25,126.75,EMA8,2025-08-20 13:20:00+00:00,2025-08-20 15:15:00+00:00,False
P000-0398,2025-08-25,NQU5,LONG,23537.75,23462.0,2025-08-25 14:00:00+00:00,2025-08-25 14:05:00+00:00,2025-08-25 14:10:00+00:00,23555.25,23537.75,23568.5,False,NOT_ARMED,2025-08-25 14:15:00+00:00,23535.5,-19.75,-21.25,LEVEL_STOP,2025-08-25 13:50:00+00:00,2025-08-25 14:25:00+00:00,False
P000-0399,2025-08-29,NQU5,SHORT,23697.0,23612.5,2025-08-29 13:35:00+00:00,2025-08-29 13:40:00+00:00,2025-08-29 13:45:00+00:00,23588.0,23612.5,23588.0,True,ARMED,2025-08-29 14:35:00+00:00,23509.0,39.5,38.0,EMA8,2025-08-29 13:25:00+00:00,2025-08-29 14:45:00+00:00,False
P000-0400,2025-09-02,NQU5,SHORT,23333.5,23060.25,2025-09-02 15:35:00+00:00,2025-09-02 15:40:00+00:00,2025-09-02 15:45:00+00:00,23051.0,23060.25,23025.25,False,NOT_ARMED,2025-09-02 16:10:00+00:00,23061.25,-10.25,-11.75,LEVEL_STOP,2025-09-02 15:25:00+00:00,2025-09-02 16:20:00+00:00,False
P000-0401,2025-09-04,NQU5,SHORT,23535.0,23460.25,2025-09-04 14:00:00+00:00,2025-09-04 14:10:00+00:00,2025-09-04 14:15:00+00:00,23432.25,23460.25,23421.0,True,ARMED,2025-09-04 14:20:00+00:00,23477.5,0.0,-1.5,BE_STOP,2025-09-04 13:50:00+00:00,2025-09-04 14:30:00+00:00,False
P000-0402,2025-09-05,NQU5,SHORT,23897.75,23725.5,2025-09-05 14:15:00+00:00,2025-09-05 14:20:00+00:00,2025-09-05 14:25:00+00:00,23653.25,23725.5,23653.25,True,ARMED,2025-09-05 14:30:00+00:00,23646.25,-0.25,-1.75,BE_STOP,2025-09-05 14:05:00+00:00,2025-09-05 14:40:00+00:00,False
P000-0403,2025-09-08,NQU5,LONG,23795.0,23741.5,2025-09-08 13:30:00+00:00,2025-09-08 16:35:00+00:00,2025-09-08 16:40:00+00:00,23816.75,23795.0,23888.0,False,NOT_ARMED,2025-09-08 17:00:00+00:00,23793.5,-23.25,-24.75,LEVEL_STOP,2025-09-08 13:20:00+00:00,2025-09-08 17:10:00+00:00,False
P000-0404,2025-09-17,NQU5,SHORT,24310.0,24218.25,2025-09-17 14:20:00+00:00,2025-09-17 14:25:00+00:00,2025-09-17 14:30:00+00:00,24197.25,24218.25,24197.25,True,ARMED,2025-09-17 14:35:00+00:00,24202.25,-5.625,-7.125,BE_STOP,2025-09-17 14:10:00+00:00,2025-09-17 14:45:00+00:00,False
P000-0405,2025-09-22,NQZ5,LONG,24824.5,24760.25,2025-09-22 13:30:00+00:00,2025-09-22 13:40:00+00:00,2025-09-22 13:45:00+00:00,24849.0,24824.5,24861.75,True,ARMED,2025-09-22 15:10:00+00:00,24909.75,36.75,35.25,EMA8,2025-09-22 13:20:00+00:00,2025-09-22 15:20:00+00:00,False
P000-0406,2025-09-23,NQZ5,SHORT,25026.0,24973.0,2025-09-23 13:40:00+00:00,2025-09-23 14:40:00+00:00,2025-09-23 14:45:00+00:00,24947.5,24973.0,24929.5,True,ARMED,2025-09-23 15:45:00+00:00,24953.25,7.875,6.375,BE_STOP,2025-09-23 13:30:00+00:00,2025-09-23 15:55:00+00:00,False
P000-0407,2025-10-08,NQZ5,LONG,25111.5,25042.5,2025-10-08 13:30:00+00:00,2025-10-08 13:35:00+00:00,2025-10-08 13:40:00+00:00,25149.0,25111.5,25149.0,True,ARMED,2025-10-08 13:45:00+00:00,25161.5,-8.5,-10.0,BE_STOP,2025-10-08 13:20:00+00:00,2025-10-08 13:55:00+00:00,False
P000-0408,2025-10-17,NQZ5,LONG,24802.75,24410.0,2025-10-17 13:50:00+00:00,2025-10-17 14:00:00+00:00,2025-10-17 14:05:00+00:00,24883.25,24802.75,24889.75,True,ARMED,2025-10-17 14:30:00+00:00,24857.75,3.25,1.75,BE_STOP,2025-10-17 13:40:00+00:00,2025-10-17 14:40:00+00:00,False
P000-0409,2025-11-06,NQZ5,SHORT,25822.25,25667.0,2025-11-06 14:30:00+00:00,2025-11-06 14:35:00+00:00,2025-11-06 14:40:00+00:00,25619.0,25667.0,25619.0,True,ARMED,2025-11-06 14:45:00+00:00,25629.0,0.0,-1.5,BE_STOP,2025-11-06 14:20:00+00:00,2025-11-06 14:55:00+00:00,False
P000-0410,2025-11-11,NQZ5,SHORT,25654.75,25571.75,2025-11-11 15:10:00+00:00,2025-11-11 15:20:00+00:00,2025-11-11 15:25:00+00:00,25532.75,25571.75,25532.75,True,ARMED,2025-11-11 15:40:00+00:00,25539.0,0.0,-1.5,BE_STOP,2025-11-11 15:00:00+00:00,2025-11-11 15:50:00+00:00,False
P000-0411,2025-11-13,NQZ5,SHORT,25684.25,25435.0,2025-11-13 14:30:00+00:00,2025-11-13 14:35:00+00:00,2025-11-13 14:40:00+00:00,25353.75,25435.0,25353.75,True,ARMED,2025-11-13 14:50:00+00:00,25356.75,0.0,-1.5,BE_STOP,2025-11-13 14:20:00+00:00,2025-11-13 15:00:00+00:00,False
P000-0412,2025-11-17,NQZ5,SHORT,25360.5,24988.75,2025-11-17 16:10:00+00:00,2025-11-17 16:15:00+00:00,2025-11-17 16:20:00+00:00,24947.75,24988.75,24947.75,True,ARMED,2025-11-17 16:25:00+00:00,25070.0,-19.875,-21.375,BE_STOP,2025-11-17 16:00:00+00:00,2025-11-17 16:35:00+00:00,False
P000-0413,2025-11-18,NQZ5,SHORT,24859.5,24659.5,2025-11-18 14:40:00+00:00,2025-11-18 14:45:00+00:00,2025-11-18 14:50:00+00:00,24615.75,24659.5,24603.75,True,ARMED,2025-11-18 15:20:00+00:00,24555.75,36.0,34.5,EMA8,2025-11-18 14:30:00+00:00,2025-11-18 15:30:00+00:00,False
P000-0414,2025-11-19,NQZ5,LONG,24733.25,24570.0,2025-11-19 14:40:00+00:00,2025-11-19 14:45:00+00:00,2025-11-19 14:50:00+00:00,24779.5,24733.25,24779.5,True,ARMED,2025-11-19 15:35:00+00:00,24912.5,66.5,65.0,EMA8,2025-11-19 14:30:00+00:00,2025-11-19 15:45:00+00:00,False
P000-0415,2025-11-25,NQZ5,SHORT,24975.25,24822.0,2025-11-25 14:40:00+00:00,2025-11-25 14:55:00+00:00,2025-11-25 15:00:00+00:00,24735.0,24822.0,24602.0,False,NOT_ARMED,2025-11-25 15:40:00+00:00,24845.5,-110.5,-112.0,LEVEL_STOP,2025-11-25 14:30:00+00:00,2025-11-25 15:50:00+00:00,False
P000-0416,2025-11-28,NQZ5,LONG,25399.0,25347.75,2025-11-28 15:45:00+00:00,2025-11-28 15:55:00+00:00,2025-11-28 16:00:00+00:00,25417.0,25399.0,25422.0,True,ARMED,2025-11-28 16:20:00+00:00,25405.0,2.5,1.0,BE_STOP,2025-11-28 15:35:00+00:00,2025-11-28 16:30:00+00:00,False
P000-0417,2025-12-01,NQZ5,LONG,25341.5,25210.75,2025-12-01 14:50:00+00:00,2025-12-01 14:55:00+00:00,2025-12-01 15:00:00+00:00,25379.5,25341.5,25379.5,True,ARMED,2025-12-01 15:05:00+00:00,25363.5,-15.125,-16.625,BE_STOP,2025-12-01 14:40:00+00:00,2025-12-01 15:15:00+00:00,False
P000-0418,2025-12-02,NQZ5,LONG,25522.75,25418.75,2025-12-02 14:30:00+00:00,2025-12-02 14:35:00+00:00,2025-12-02 14:40:00+00:00,25608.75,25522.75,25608.75,True,ARMED,2025-12-02 14:45:00+00:00,25583.25,-6.5,-8.0,BE_STOP,2025-12-02 14:20:00+00:00,2025-12-02 14:55:00+00:00,False
P000-0419,2025-12-24,NQH6,LONG,25831.75,25783.5,2025-12-24 16:00:00+00:00,2025-12-24 16:05:00+00:00,2025-12-24 16:10:00+00:00,25842.5,25831.75,25842.5,True,ARMED,2025-12-24 17:15:00+00:00,25869.75,13.625,12.125,EMA8,2025-12-24 15:50:00+00:00,2025-12-24 17:25:00+00:00,False
