event_id,family,release_date,reference_period,release_timestamp_utc,timestamp_grade,timestamp_provenance,fomc_kind,actual_initial_payems_thousands,previous_published_payems_thousands,revision1_payems_thousands,revision1_available_at,actual_initial_cpiaucsl_index,previous_published_cpiaucsl_index,actual_initial_cpilfesl_index,previous_published_cpilfesl_index,target_before,target_after,rate_change_bp,rate_decision_note,value_source,core_value_source,value_available_time_utc,value_time_precision,archive_url,statement_url,label
MACRO-NFP-200912,NFP,2010-01-08,2009-12,2010-01-08T13:30:00Z,EXACT_SCHEDULE_PAGE,"bls_schedule/2010/home.htm entry ('08:30 AM Eastern Time', weekday Friday)",,130910,130996,129547,2010-02-05,,,,,,,,,ALFRED PAYEMS vintage 2010-01-08 (realtime_start=release date),,2010-01-08T13:30:00Z,DATE_ONLY,https://www.bls.gov/news.release/archives/empsit_01082010.htm,,December 2009 Employment Situation
MACRO-CPI-200912,CPI,2010-01-15,2009-12,2010-01-15T13:30:00Z,EXACT_SCHEDULE_PAGE,"bls_schedule/2010/home.htm entry ('08:30 AM Eastern Time', weekday Friday)",,,,,,217.541,217.250,220.774,220.527,,,,,ALFRED CPIAUCSL vintage 2010-01-15 (realtime_start=release date),,2010-01-15T13:30:00Z,DATE_ONLY,https://www.bls.gov/news.release/archives/cpi_01152010.htm,,December 2009 Consumer Price Index
MACRO-FOMC-20100127,FOMC,2010-01-27,2010-01-27,2010-01-27T17:30:00Z,DATE_ONLY_OFFICIAL_TIME_UNAVAILABLE,official page shows release DATE only (verified also in era Wayback captures); timestamp uses NON-official convention 12:30 ET and is flagged not exact,scheduled,,,,,,,,,DATA_UNAVAILABLE,0-0.25%,,,,,2010-01-27T17:30:00Z,CONVENTION_NON_OFFICIAL,,https://www.federalreserve.gov/newsevents/pressreleases/monetary20100127a.htm,
MACRO-NFP-201001,NFP,2010-02-05,2010-01,2010-02-05T13:30:00Z,EXACT_SCHEDULE_PAGE,"bls_schedule/2010/home.htm entry ('08:30 AM Eastern Time', weekday Friday)",,129527,130910,129562,2010-03-05,,,,,,,,,ALFRED PAYEMS vintage 2010-02-05 (realtime_start=release date),,2010-02-05T13:30:00Z,DATE_ONLY,https://www.bls.gov/news.release/archives/empsit_02052010.htm,,January 2010 Employment Situation
MACRO-CPI-201001,CPI,2010-02-19,2010-01,2010-02-19T13:30:00Z,EXACT_SCHEDULE_PAGE,"bls_schedule/2010/home.htm entry ('08:30 AM Eastern Time', weekday Friday)",,,,,,217.587,217.541,220.463,220.774,,,,,ALFRED CPIAUCSL vintage 2010-02-19 (realtime_start=release date),,2010-02-19T13:30:00Z,DATE_ONLY,https://www.bls.gov/news.release/archives/cpi_02192010.htm,,January 2010 Consumer Price Index
MACRO-NFP-201002,NFP,2010-03-05,2010-02,2010-03-05T13:30:00Z,EXACT_SCHEDULE_PAGE,"bls_schedule/2010/home.htm entry ('08:30 AM Eastern Time', weekday Friday)",,129526,129527,129588,2010-04-02,,,,,,,,,ALFRED PAYEMS vintage 2010-03-05 (realtime_start=release date),,2010-03-05T13:30:00Z,DATE_ONLY,https://www.bls.gov/news.release/archives/empsit_03052010.htm,,February 2010 Employment Situation
MACRO-FOMC-20100316,FOMC,2010-03-16,2010-03-16,2010-03-16T16:30:00Z,DATE_ONLY_OFFICIAL_TIME_UNAVAILABLE,official page shows release DATE only (verified also in era Wayback captures); timestamp uses NON-official convention 12:30 ET and is flagged not exact,scheduled,,,,,,,,,0-0.25%,0-0.25%,0,,,,2010-03-16T16:30:00Z,CONVENTION_NON_OFFICIAL,,https://www.federalreserve.gov/newsevents/pressreleases/monetary20100316a.htm,
MACRO-CPI-201002,CPI,2010-03-18,2010-02,2010-03-18T12:30:00Z,EXACT_SCHEDULE_PAGE,"bls_schedule/2010/home.htm entry ('08:30 AM Eastern Time', weekday Thursday)",,,,,,217.591,217.587,220.579,220.463,,,,,ALFRED CPIAUCSL vintage 2010-03-18 (realtime_start=release date),,2010-03-18T12:30:00Z,DATE_ONLY,https://www.bls.gov/news.release/archives/cpi_03182010.htm,,February 2010 Consumer Price Index
MACRO-NFP-201003,NFP,2010-04-02,2010-03,2010-04-02T12:30:00Z,EXACT_SCHEDULE_PAGE,"bls_schedule/2010/home.htm entry ('08:30 AM Eastern Time', weekday Friday)",,129750,129526,129871,2010-05-07,,,,,,,,,ALFRED PAYEMS vintage 2010-04-02 (realtime_start=release date),,2010-04-02T12:30:00Z,DATE_ONLY,https://www.bls.gov/news.release/archives/empsit_04022010.htm,,March 2010 Employment Situation
MACRO-CPI-201003,CPI,2010-04-14,2010-03,2010-04-14T12:30:00Z,EXACT_SCHEDULE_PAGE,"bls_schedule/2010/home.htm entry ('08:30 AM Eastern Time', weekday Wednesday)",,,,,,217.729,217.591,220.664,220.579,,,,,ALFRED CPIAUCSL vintage 2010-04-14 (realtime_start=release date),,2010-04-14T12:30:00Z,DATE_ONLY,https://www.bls.gov/news.release/archives/cpi_04142010.htm,,March 2010 Consumer Price Index
MACRO-FOMC-20100428,FOMC,2010-04-28,2010-04-28,2010-04-28T16:30:00Z,DATE_ONLY_OFFICIAL_TIME_UNAVAILABLE,official page shows release DATE only (verified also in era Wayback captures); timestamp uses NON-official convention 12:30 ET and is flagged not exact,scheduled,,,,,,,,,0-0.25%,0-0.25%,0,,,,2010-04-28T16:30:00Z,CONVENTION_NON_OFFICIAL,,https://www.federalreserve.gov/newsevents/pressreleases/monetary20100428a.htm,
MACRO-NFP-201004,NFP,2010-05-07,2010-04,2010-05-07T12:30:00Z,EXACT_SCHEDULE_PAGE,"bls_schedule/2010/home.htm entry ('08:30 AM Eastern Time', weekday Friday)",,130161,129750,130139,2010-06-04,,,,,,,,,ALFRED PAYEMS vintage 2010-05-07 (realtime_start=release date),,2010-05-07T12:30:00Z,DATE_ONLY,https://www.bls.gov/news.release/archives/empsit_05072010.htm,,April 2010 Employment Situation
MACRO-FOMC-20100509,FOMC,2010-05-09,2010-05-09,2010-05-10T01:15:00Z,EXACT_STATEMENT_PAGE,official page line 'For release at 9:15 p.m. EDT' (statement_page),unscheduled_intermeeting,,,,,,,,,0-0.25%,0-0.25%,0,unscheduled intermeeting statement; no federal funds target action in statement text,,,2010-05-10T01:15:00Z,EXACT,,https://www.federalreserve.gov/newsevents/pressreleases/monetary20100509a.htm,
MACRO-CPI-201004,CPI,2010-05-19,2010-04,2010-05-19T12:30:00Z,EXACT_SCHEDULE_PAGE,"bls_schedule/2010/home.htm entry ('08:30 AM Eastern Time', weekday Wednesday)",,,,,,217.579,217.729,220.768,220.664,,,,,ALFRED CPIAUCSL vintage 2010-05-19 (realtime_start=release date),,2010-05-19T12:30:00Z,DATE_ONLY,https://www.bls.gov/news.release/archives/cpi_05192010.htm,,April 2010 Consumer Price Index
MACRO-NFP-201005,NFP,2010-06-04,2010-05,2010-06-04T12:30:00Z,EXACT_SCHEDULE_PAGE,"bls_schedule/2010/home.htm entry ('08:30 AM Eastern Time', weekday Friday)",,130570,130161,130595,2010-07-02,,,,,,,,,ALFRED PAYEMS vintage 2010-06-04 (realtime_start=release date),,2010-06-04T12:30:00Z,DATE_ONLY,https://www.bls.gov/news.release/archives/empsit_06042010.htm,,May 2010 Employment Situation
MACRO-CPI-201005,CPI,2010-06-17,2010-05,2010-06-17T12:30:00Z,EXACT_SCHEDULE_PAGE,"bls_schedule/2010/home.htm entry ('08:30 AM Eastern Time', weekday Thursday)",,,,,,217.224,217.579,221.037,220.768,,,,,ALFRED CPIAUCSL vintage 2010-06-17 (realtime_start=release date),,2010-06-17T12:30:00Z,DATE_ONLY,https://www.bls.gov/news.release/archives/cpi_06172010.htm,,May 2010 Consumer Price Index
MACRO-FOMC-20100623,FOMC,2010-06-23,2010-06-23,2010-06-23T16:30:00Z,DATE_ONLY_OFFICIAL_TIME_UNAVAILABLE,official page shows release DATE only (verified also in era Wayback captures); timestamp uses NON-official convention 12:30 ET and is flagged not exact,scheduled,,,,,,,,,0-0.25%,0-0.25%,0,,,,2010-06-23T16:30:00Z,CONVENTION_NON_OFFICIAL,,https://www.federalreserve.gov/newsevents/pressreleases/monetary20100623a.htm,
MACRO-NFP-201006,NFP,2010-07-02,2010-06,2010-07-02T12:30:00Z,EXACT_SCHEDULE_PAGE,"bls_schedule/2010/home.htm entry ('08:30 AM Eastern Time', weekday Friday)",,130470,130570,130373,2010-08-06,,,,,,,,,ALFRED PAYEMS vintage 2010-07-02 (realtime_start=release date),,2010-07-02T12:30:00Z,DATE_ONLY,https://www.bls.gov/news.release/archives/empsit_07022010.htm,,June 2010 Employment Situation
MACRO-CPI-201006,CPI,2010-07-16,2010-06,2010-07-16T12:30:00Z,EXACT_SCHEDULE_PAGE,"bls_schedule/2010/home.htm entry ('08:30 AM Eastern Time', weekday Friday)",,,,,,216.929,217.224,221.388,221.037,,,,,ALFRED CPIAUCSL vintage 2010-07-16 (realtime_start=release date),,2010-07-16T12:30:00Z,DATE_ONLY,https://www.bls.gov/news.release/archives/cpi_07162010.htm,,June 2010 Consumer Price Index
MACRO-NFP-201007,NFP,2010-08-06,2010-07,2010-08-06T12:30:00Z,EXACT_SCHEDULE_PAGE,"bls_schedule/2010/home.htm entry ('08:30 AM Eastern Time', weekday Friday)",,130242,130470,130365,2010-09-03,,,,,,,,,ALFRED PAYEMS vintage 2010-08-06 (realtime_start=release date),,2010-08-06T12:30:00Z,DATE_ONLY,https://www.bls.gov/news.release/archives/empsit_08062010.htm,,July 2010 Employment Situation
MACRO-FOMC-20100810,FOMC,2010-08-10,2010-08-10,2010-08-10T16:30:00Z,DATE_ONLY_OFFICIAL_TIME_UNAVAILABLE,official page shows release DATE only (verified also in era Wayback captures); timestamp uses NON-official convention 12:30 ET and is flagged not exact,scheduled,,,,,,,,,0-0.25%,0-0.25%,0,,,,2010-08-10T16:30:00Z,CONVENTION_NON_OFFICIAL,,https://www.federalreserve.gov/newsevents/pressreleases/monetary20100810a.htm,
MACRO-CPI-201007,CPI,2010-08-13,2010-07,2010-08-13T12:30:00Z,EXACT_SCHEDULE_PAGE,"bls_schedule/2010/home.htm entry ('08:30 AM Eastern Time', weekday Friday)",,,,,,217.597,216.929,221.676,221.388,,,,,ALFRED CPIAUCSL vintage 2010-08-13 (realtime_start=release date),,2010-08-13T12:30:00Z,DATE_ONLY,https://www.bls.gov/news.release/archives/cpi_08132010.htm,,July 2010 Consumer Price Index
MACRO-NFP-201008,NFP,2010-09-03,2010-08,2010-09-03T12:30:00Z,EXACT_SCHEDULE_PAGE,"bls_schedule/2010/home.htm entry ('08:30 AM Eastern Time', weekday Friday)",,130311,130242,130296,2010-10-08,,,,,,,,,ALFRED PAYEMS vintage 2010-09-03 (realtime_start=release date),,2010-09-03T12:30:00Z,DATE_ONLY,https://www.bls.gov/news.release/archives/empsit_09032010.htm,,August 2010 Employment Situation
MACRO-CPI-201008,CPI,2010-09-17,2010-08,2010-09-17T12:30:00Z,EXACT_SCHEDULE_PAGE,"bls_schedule/2010/home.htm entry ('08:30 AM Eastern Time', weekday Friday)",,,,,,218.150,217.597,221.779,221.676,,,,,ALFRED CPIAUCSL vintage 2010-09-17 (realtime_start=release date),,2010-09-17T12:30:00Z,DATE_ONLY,https://www.bls.gov/news.release/archives/cpi_09172010.htm,,August 2010 Consumer Price Index
MACRO-FOMC-20100921,FOMC,2010-09-21,2010-09-21,2010-09-21T16:30:00Z,DATE_ONLY_OFFICIAL_TIME_UNAVAILABLE,official page shows release DATE only (verified also in era Wayback captures); timestamp uses NON-official convention 12:30 ET and is flagged not exact,scheduled,,,,,,,,,0-0.25%,0-0.25%,0,,,,2010-09-21T16:30:00Z,CONVENTION_NON_OFFICIAL,,https://www.federalreserve.gov/newsevents/pressreleases/monetary20100921a.htm,
MACRO-NFP-201009,NFP,2010-10-08,2010-09,2010-10-08T12:30:00Z,EXACT_SCHEDULE_PAGE,"bls_schedule/2010/home.htm entry ('08:30 AM Eastern Time', weekday Friday)",,130201,130311,130311,2010-11-05,,,,,,,,,ALFRED PAYEMS vintage 2010-10-08 (realtime_start=release date),,2010-10-08T12:30:00Z,DATE_ONLY,https://www.bls.gov/news.release/archives/empsit_10082010.htm,,September 2010 Employment Situation
MACRO-CPI-201009,CPI,2010-10-15,2010-09,2010-10-15T12:30:00Z,EXACT_SCHEDULE_PAGE,"bls_schedule/2010/home.htm entry ('08:30 AM Eastern Time', weekday Friday)",,,,,,218.372,218.150,221.781,221.779,,,,,ALFRED CPIAUCSL vintage 2010-10-15 (realtime_start=release date),,2010-10-15T12:30:00Z,DATE_ONLY,https://www.bls.gov/news.release/archives/cpi_10152010.htm,,September 2010 Consumer Price Index
MACRO-FOMC-20101103,FOMC,2010-11-03,2010-11-03,2010-11-03T16:30:00Z,DATE_ONLY_OFFICIAL_TIME_UNAVAILABLE,official page shows release DATE only (verified also in era Wayback captures); timestamp uses NON-official convention 12:30 ET and is flagged not exact,scheduled,,,,,,,,,0-0.25%,0-0.25%,0,,,,2010-11-03T16:30:00Z,CONVENTION_NON_OFFICIAL,,https://www.federalreserve.gov/newsevents/pressreleases/monetary20101103a.htm,
MACRO-NFP-201010,NFP,2010-11-05,2010-10,2010-11-05T12:30:00Z,EXACT_SCHEDULE_PAGE,"bls_schedule/2010/home.htm entry ('08:30 AM Eastern Time', weekday Friday)",,130462,130201,130500,2010-12-03,,,,,,,,,ALFRED PAYEMS vintage 2010-11-05 (realtime_start=release date),,2010-11-05T12:30:00Z,DATE_ONLY,https://www.bls.gov/news.release/archives/empsit_11052010.htm,,October 2010 Employment Situation
MACRO-CPI-201010,CPI,2010-11-17,2010-10,2010-11-17T13:30:00Z,EXACT_SCHEDULE_PAGE,"bls_schedule/2010/home.htm entry ('08:30 AM Eastern Time', weekday Wednesday)",,,,,,218.879,218.372,221.765,221.781,,,,,ALFRED CPIAUCSL vintage 2010-11-17 (realtime_start=release date),,2010-11-17T13:30:00Z,DATE_ONLY,https://www.bls.gov/news.release/archives/cpi_11172010.htm,,October 2010 Consumer Price Index
MACRO-NFP-201011,NFP,2010-12-03,2010-11,2010-12-03T13:30:00Z,EXACT_SCHEDULE_PAGE,"bls_schedule/2010/home.htm entry ('08:30 AM Eastern Time', weekday Friday)",,130539,130462,130609,2011-01-07,,,,,,,,,ALFRED PAYEMS vintage 2010-12-03 (realtime_start=release date),,2010-12-03T13:30:00Z,DATE_ONLY,https://www.bls.gov/news.release/archives/empsit_12032010.htm,,November 2010 Employment Situation
MACRO-FOMC-20101214,FOMC,2010-12-14,2010-12-14,2010-12-14T17:30:00Z,DATE_ONLY_OFFICIAL_TIME_UNAVAILABLE,official page shows release DATE only (verified also in era Wayback captures); timestamp uses NON-official convention 12:30 ET and is flagged not exact,scheduled,,,,,,,,,0-0.25%,0-0.25%,0,,,,2010-12-14T17:30:00Z,CONVENTION_NON_OFFICIAL,,https://www.federalreserve.gov/newsevents/pressreleases/monetary20101214a.htm,
MACRO-CPI-201011,CPI,2010-12-15,2010-11,2010-12-15T13:30:00Z,EXACT_SCHEDULE_PAGE,"bls_schedule/2010/home.htm entry ('08:30 AM Eastern Time', weekday Wednesday)",,,,,,219.146,218.879,221.982,221.765,,,,,ALFRED CPIAUCSL vintage 2010-12-15 (realtime_start=release date),,2010-12-15T13:30:00Z,DATE_ONLY,https://www.bls.gov/news.release/archives/cpi_12152010.htm,,November 2010 Consumer Price Index
MACRO-NFP-201012,NFP,2011-01-07,2010-12,2011-01-07T13:30:00Z,EXACT_SCHEDULE_PAGE,"bls_schedule/2011/home.htm entry ('08:30 AM Eastern Time', weekday Friday)",,130712,130539,130229,2011-02-04,,,,,,,,,ALFRED PAYEMS vintage 2011-01-07 (realtime_start=release date),,2011-01-07T13:30:00Z,DATE_ONLY,https://www.bls.gov/news.release/archives/empsit_01072011.htm,,December 2010 Employment Situation
MACRO-CPI-201012,CPI,2011-01-14,2010-12,2011-01-14T13:30:00Z,EXACT_SCHEDULE_PAGE,"bls_schedule/2011/home.htm entry ('08:30 AM Eastern Time', weekday Friday)",,,,,,220.252,219.146,222.187,221.982,,,,,ALFRED CPIAUCSL vintage 2011-01-14 (realtime_start=release date),,2011-01-14T13:30:00Z,DATE_ONLY,https://www.bls.gov/news.release/archives/cpi_01142011.htm,,December 2010 Consumer Price Index
MACRO-FOMC-20110126,FOMC,2011-01-26,2011-01-26,2011-01-26T17:30:00Z,DATE_ONLY_OFFICIAL_TIME_UNAVAILABLE,official page shows release DATE only (verified also in era Wayback captures); timestamp uses NON-official convention 12:30 ET and is flagged not exact,scheduled,,,,,,,,,0-0.25%,0-0.25%,0,,,,2011-01-26T17:30:00Z,CONVENTION_NON_OFFICIAL,,https://www.federalreserve.gov/newsevents/pressreleases/monetary20110126a.htm,
MACRO-NFP-201101,NFP,2011-02-04,2011-01,2011-02-04T13:30:00Z,EXACT_SCHEDULE_PAGE,"bls_schedule/2011/home.htm entry ('08:30 AM Eastern Time', weekday Friday)",,130265,130712,130323,2011-03-04,,,,,,,,,ALFRED PAYEMS vintage 2011-02-04 (realtime_start=release date),,2011-02-04T13:30:00Z,DATE_ONLY,https://www.bls.gov/news.release/archives/empsit_02042011.htm,,January 2011 Employment Situation
MACRO-CPI-201101,CPI,2011-02-17,2011-01,2011-02-17T13:30:00Z,EXACT_SCHEDULE_PAGE,"bls_schedule/2011/home.htm entry ('08:30 AM Eastern Time', weekday Thursday)",,,,,,221.062,220.252,222.587,222.187,,,,,ALFRED CPIAUCSL vintage 2011-02-17 (realtime_start=release date),,2011-02-17T13:30:00Z,DATE_ONLY,https://www.bls.gov/news.release/archives/cpi_02172011.htm,,January 2011 Consumer Price Index
MACRO-NFP-201102,NFP,2011-03-04,2011-02,2011-03-04T13:30:00Z,EXACT_SCHEDULE_PAGE,"bls_schedule/2011/home.htm entry ('08:30 AM Eastern Time', weekday Friday)",,130515,130265,130522,2011-04-01,,,,,,,,,ALFRED PAYEMS vintage 2011-03-04 (realtime_start=release date),,2011-03-04T13:30:00Z,DATE_ONLY,https://www.bls.gov/news.release/archives/empsit_03042011.htm,,February 2011 Employment Situation
MACRO-FOMC-20110315,FOMC,2011-03-15,2011-03-15,2011-03-15T16:30:00Z,DATE_ONLY_OFFICIAL_TIME_UNAVAILABLE,official page shows release DATE only (verified also in era Wayback captures); timestamp uses NON-official convention 12:30 ET and is flagged not exact,scheduled,,,,,,,,,0-0.25%,0-0.25%,0,,,,2011-03-15T16:30:00Z,CONVENTION_NON_OFFICIAL,,https://www.federalreserve.gov/newsevents/pressreleases/monetary20110315a.htm,
MACRO-CPI-201102,CPI,2011-03-17,2011-02,2011-03-17T12:30:00Z,EXACT_SCHEDULE_PAGE,"bls_schedule/2011/home.htm entry ('08:30 AM Eastern Time', weekday Thursday)",,,,,,222.270,221.062,223.029,222.587,,,,,ALFRED CPIAUCSL vintage 2011-03-17 (realtime_start=release date),,2011-03-17T12:30:00Z,DATE_ONLY,https://www.bls.gov/news.release/archives/cpi_03172011.htm,,February 2011 Consumer Price Index
MACRO-NFP-201103,NFP,2011-04-01,2011-03,2011-04-01T12:30:00Z,EXACT_SCHEDULE_PAGE,"bls_schedule/2011/home.htm entry ('08:30 AM Eastern Time', weekday Friday)",,130738,130515,130784,2011-05-06,,,,,,,,,ALFRED PAYEMS vintage 2011-04-01 (realtime_start=release date),,2011-04-01T12:30:00Z,DATE_ONLY,https://www.bls.gov/news.release/archives/empsit_04012011.htm,,March 2011 Employment Situation
MACRO-CPI-201103,CPI,2011-04-15,2011-03,2011-04-15T12:30:00Z,EXACT_SCHEDULE_PAGE,"bls_schedule/2011/home.htm entry ('08:30 AM Eastern Time', weekday Friday)",,,,,,223.490,222.270,223.331,223.029,,,,,ALFRED CPIAUCSL vintage 2011-04-15 (realtime_start=release date),,2011-04-15T12:30:00Z,DATE_ONLY,https://www.bls.gov/news.release/archives/cpi_04152011.htm,,March 2011 Consumer Price Index
MACRO-FOMC-20110427,FOMC,2011-04-27,2011-04-27,2011-04-27T16:30:00Z,DATE_ONLY_OFFICIAL_TIME_UNAVAILABLE,official page shows release DATE only (verified also in era Wayback captures); timestamp uses NON-official convention 12:30 ET and is flagged not exact,scheduled,,,,,,,,,0-0.25%,0-0.25%,0,,,,2011-04-27T16:30:00Z,CONVENTION_NON_OFFICIAL,,https://www.federalreserve.gov/newsevents/pressreleases/monetary20110427a.htm,
MACRO-NFP-201104,NFP,2011-05-06,2011-04,2011-05-06T12:30:00Z,EXACT_SCHEDULE_PAGE,"bls_schedule/2011/home.htm entry ('08:30 AM Eastern Time', weekday Friday)",,131028,130738,130989,2011-06-03,,,,,,,,,ALFRED PAYEMS vintage 2011-05-06 (realtime_start=release date),,2011-05-06T12:30:00Z,DATE_ONLY,https://www.bls.gov/news.release/archives/empsit_05062011.htm,,April 2011 Employment Situation
MACRO-CPI-201104,CPI,2011-05-13,2011-04,2011-05-13T12:30:00Z,EXACT_SCHEDULE_PAGE,"bls_schedule/2011/home.htm entry ('08:30 AM Eastern Time', weekday Friday)",,,,,,224.433,223.490,223.745,223.331,,,,,ALFRED CPIAUCSL vintage 2011-05-13 (realtime_start=release date),,2011-05-13T12:30:00Z,DATE_ONLY,https://www.bls.gov/news.release/archives/cpi_05132011.htm,,April 2011 Consumer Price Index
MACRO-NFP-201105,NFP,2011-06-03,2011-05,2011-06-03T12:30:00Z,EXACT_SCHEDULE_PAGE,"bls_schedule/2011/home.htm entry ('08:30 AM Eastern Time', weekday Friday)",,131043,131028,130999,2011-07-08,,,,,,,,,ALFRED PAYEMS vintage 2011-06-03 (realtime_start=release date),,2011-06-03T12:30:00Z,DATE_ONLY,https://www.bls.gov/news.release/archives/empsit_06032011.htm,,May 2011 Employment Situation
MACRO-CPI-201105,CPI,2011-06-15,2011-05,2011-06-15T12:30:00Z,EXACT_SCHEDULE_PAGE,"bls_schedule/2011/home.htm entry ('08:30 AM Eastern Time', weekday Wednesday)",,,,,,224.804,224.433,224.387,223.745,,,,,ALFRED CPIAUCSL vintage 2011-06-15 (realtime_start=release date),,2011-06-15T12:30:00Z,DATE_ONLY,https://www.bls.gov/news.release/archives/cpi_06152011.htm,,May 2011 Consumer Price Index
MACRO-FOMC-20110622,FOMC,2011-06-22,2011-06-22,2011-06-22T16:30:00Z,DATE_ONLY_OFFICIAL_TIME_UNAVAILABLE,official page shows release DATE only (verified also in era Wayback captures); timestamp uses NON-official convention 12:30 ET and is flagged not exact,scheduled,,,,,,,,,0-0.25%,0-0.25%,0,,,,2011-06-22T16:30:00Z,CONVENTION_NON_OFFICIAL,,https://www.federalreserve.gov/newsevents/pressreleases/monetary20110622a.htm,
MACRO-NFP-201106,NFP,2011-07-08,2011-06,2011-07-08T12:30:00Z,EXACT_SCHEDULE_PAGE,"bls_schedule/2011/home.htm entry ('08:30 AM Eastern Time', weekday Friday)",,131017,131043,131073,2011-08-05,,,,,,,,,ALFRED PAYEMS vintage 2011-07-08 (realtime_start=release date),,2011-07-08T12:30:00Z,DATE_ONLY,https://www.bls.gov/news.release/archives/empsit_07082011.htm,,June 2011 Employment Situation
MACRO-CPI-201106,CPI,2011-07-15,2011-06,2011-07-15T12:30:00Z,EXACT_SCHEDULE_PAGE,"bls_schedule/2011/home.htm entry ('08:30 AM Eastern Time', weekday Friday)",,,,,,224.304,224.804,224.958,224.387,,,,,ALFRED CPIAUCSL vintage 2011-07-15 (realtime_start=release date),,2011-07-15T12:30:00Z,DATE_ONLY,https://www.bls.gov/news.release/archives/cpi_07152011.htm,,June 2011 Consumer Price Index
MACRO-NFP-201107,NFP,2011-08-05,2011-07,2011-08-05T12:30:00Z,EXACT_SCHEDULE_PAGE,"bls_schedule/2011/home.htm entry ('08:30 AM Eastern Time', weekday Friday)",,131190,131017,131132,2011-09-02,,,,,,,,,ALFRED PAYEMS vintage 2011-08-05 (realtime_start=release date),,2011-08-05T12:30:00Z,DATE_ONLY,https://www.bls.gov/news.release/archives/empsit_08052011.htm,,July 2011 Employment Situation
MACRO-FOMC-20110809,FOMC,2011-08-09,2011-08-09,2011-08-09T16:30:00Z,DATE_ONLY_OFFICIAL_TIME_UNAVAILABLE,official page shows release DATE only (verified also in era Wayback captures); timestamp uses NON-official convention 12:30 ET and is flagged not exact,scheduled,,,,,,,,,0-0.25%,0-0.25%,0,,,,2011-08-09T16:30:00Z,CONVENTION_NON_OFFICIAL,,https://www.federalreserve.gov/newsevents/pressreleases/monetary20110809a.htm,
MACRO-CPI-201107,CPI,2011-08-18,2011-07,2011-08-18T12:30:00Z,EXACT_SCHEDULE_PAGE,"bls_schedule/2011/home.htm entry ('08:30 AM Eastern Time', weekday Thursday)",,,,,,225.425,224.304,225.463,224.958,,,,,ALFRED CPIAUCSL vintage 2011-08-18 (realtime_start=release date),,2011-08-18T12:30:00Z,DATE_ONLY,https://www.bls.gov/news.release/archives/cpi_08182011.htm,,July 2011 Consumer Price Index
MACRO-NFP-201108,NFP,2011-09-02,2011-08,2011-09-02T12:30:00Z,EXACT_SCHEDULE_PAGE,"bls_schedule/2011/home.htm entry ('08:30 AM Eastern Time', weekday Friday)",,131132,131190,131231,2011-10-07,,,,,,,,,ALFRED PAYEMS vintage 2011-09-02 (realtime_start=release date),,2011-09-02T12:30:00Z,DATE_ONLY,https://www.bls.gov/news.release/archives/empsit_09022011.htm,,August 2011 Employment Situation
MACRO-CPI-201108,CPI,2011-09-15,2011-08,2011-09-15T12:30:00Z,EXACT_SCHEDULE_PAGE,"bls_schedule/2011/home.htm entry ('08:30 AM Eastern Time', weekday Thursday)",,,,,,226.268,225.425,226.014,225.463,,,,,ALFRED CPIAUCSL vintage 2011-09-15 (realtime_start=release date),,2011-09-15T12:30:00Z,DATE_ONLY,https://www.bls.gov/news.release/archives/cpi_09152011.htm,,August 2011 Consumer Price Index
MACRO-FOMC-20110921,FOMC,2011-09-21,2011-09-21,2011-09-21T16:30:00Z,DATE_ONLY_OFFICIAL_TIME_UNAVAILABLE,official page shows release DATE only (verified also in era Wayback captures); timestamp uses NON-official convention 12:30 ET and is flagged not exact,scheduled,,,,,,,,,0-0.25%,0-0.25%,0,,,,2011-09-21T16:30:00Z,CONVENTION_NON_OFFICIAL,,https://www.federalreserve.gov/newsevents/pressreleases/monetary20110921a.htm,
MACRO-NFP-201109,NFP,2011-10-07,2011-09,2011-10-07T12:30:00Z,EXACT_SCHEDULE_PAGE,"bls_schedule/2011/home.htm entry ('08:30 AM Eastern Time', weekday Friday)",,131334,131132,131436,2011-11-04,,,,,,,,,ALFRED PAYEMS vintage 2011-10-07 (realtime_start=release date),,2011-10-07T12:30:00Z,DATE_ONLY,https://www.bls.gov/news.release/archives/empsit_10072011.htm,,September 2011 Employment Situation
MACRO-CPI-201109,CPI,2011-10-19,2011-09,2011-10-19T12:30:00Z,EXACT_SCHEDULE_PAGE,"bls_schedule/2011/home.htm entry ('08:30 AM Eastern Time', weekday Wednesday)",,,,,,226.955,226.268,226.137,226.014,,,,,ALFRED CPIAUCSL vintage 2011-10-19 (realtime_start=release date),,2011-10-19T12:30:00Z,DATE_ONLY,https://www.bls.gov/news.release/archives/cpi_10192011.htm,,September 2011 Consumer Price Index
MACRO-FOMC-20111102,FOMC,2011-11-02,2011-11-02,2011-11-02T16:30:00Z,DATE_ONLY_OFFICIAL_TIME_UNAVAILABLE,official page shows release DATE only (verified also in era Wayback captures); timestamp uses NON-official convention 12:30 ET and is flagged not exact,scheduled,,,,,,,,,0-0.25%,0-0.25%,0,,,,2011-11-02T16:30:00Z,CONVENTION_NON_OFFICIAL,,https://www.federalreserve.gov/newsevents/pressreleases/monetary20111102a.htm,
MACRO-NFP-201110,NFP,2011-11-04,2011-10,2011-11-04T12:30:00Z,EXACT_SCHEDULE_PAGE,"bls_schedule/2011/home.htm entry ('08:30 AM Eastern Time', weekday Friday)",,131516,131334,131588,2011-12-02,,,,,,,,,ALFRED PAYEMS vintage 2011-11-04 (realtime_start=release date),,2011-11-04T12:30:00Z,DATE_ONLY,https://www.bls.gov/news.release/archives/empsit_11042011.htm,,October 2011 Employment Situation
MACRO-CPI-201110,CPI,2011-11-16,2011-10,2011-11-16T13:30:00Z,EXACT_SCHEDULE_PAGE,"bls_schedule/2011/home.htm entry ('08:30 AM Eastern Time', weekday Wednesday)",,,,,,226.763,226.955,226.444,226.137,,,,,ALFRED CPIAUCSL vintage 2011-11-16 (realtime_start=release date),,2011-11-16T13:30:00Z,DATE_ONLY,https://www.bls.gov/news.release/archives/cpi_11162011.htm,,October 2011 Consumer Price Index
MACRO-NFP-201111,NFP,2011-12-02,2011-11,2011-12-02T13:30:00Z,EXACT_SCHEDULE_PAGE,"bls_schedule/2011/home.htm entry ('08:30 AM Eastern Time', weekday Friday)",,131708,131516,131700,2012-01-06,,,,,,,,,ALFRED PAYEMS vintage 2011-12-02 (realtime_start=release date),,2011-12-02T13:30:00Z,DATE_ONLY,https://www.bls.gov/news.release/archives/empsit_12022011.htm,,November 2011 Employment Situation
MACRO-FOMC-20111213,FOMC,2011-12-13,2011-12-13,2011-12-13T17:30:00Z,DATE_ONLY_OFFICIAL_TIME_UNAVAILABLE,official page shows release DATE only (verified also in era Wayback captures); timestamp uses NON-official convention 12:30 ET and is flagged not exact,scheduled,,,,,,,,,0-0.25%,0-0.25%,0,,,,2011-12-13T17:30:00Z,CONVENTION_NON_OFFICIAL,,https://www.federalreserve.gov/newsevents/pressreleases/monetary20111213a.htm,
MACRO-CPI-201111,CPI,2011-12-16,2011-11,2011-12-16T13:30:00Z,EXACT_SCHEDULE_PAGE,"bls_schedule/2011/home.htm entry ('08:30 AM Eastern Time', weekday Friday)",,,,,,226.720,226.763,226.836,226.444,,,,,ALFRED CPIAUCSL vintage 2011-12-16 (realtime_start=release date),,2011-12-16T13:30:00Z,DATE_ONLY,https://www.bls.gov/news.release/archives/cpi_12162011.htm,,November 2011 Consumer Price Index
MACRO-NFP-201112,NFP,2012-01-06,2011-12,2012-01-06T13:30:00Z,EXACT_SCHEDULE_PAGE,"bls_schedule/2012/home.htm entry ('08:30 AM Eastern Time', weekday Friday)",,131900,131708,132166,2012-02-03,,,,,,,,,ALFRED PAYEMS vintage 2012-01-06 (realtime_start=release date),,2012-01-06T13:30:00Z,DATE_ONLY,https://www.bls.gov/news.release/archives/empsit_01062012.htm,,December 2011 Employment Situation
MACRO-CPI-201112,CPI,2012-01-19,2011-12,2012-01-19T13:30:00Z,EXACT_SCHEDULE_PAGE,"bls_schedule/2012/home.htm entry ('08:30 AM Eastern Time', weekday Thursday)",,,,,,226.747,226.720,227.166,226.836,,,,,ALFRED CPIAUCSL vintage 2012-01-19 (realtime_start=release date),,2012-01-19T13:30:00Z,DATE_ONLY,https://www.bls.gov/news.release/archives/cpi_01192012.htm,,December 2011 Consumer Price Index
MACRO-FOMC-20120125,FOMC,2012-01-25,2012-01-25,2012-01-25T17:30:00Z,DATE_ONLY_OFFICIAL_TIME_UNAVAILABLE,official page shows release DATE only (verified also in era Wayback captures); timestamp uses NON-official convention 12:30 ET and is flagged not exact,scheduled,,,,,,,,,0-0.25%,0-0.25%,0,,,,2012-01-25T17:30:00Z,CONVENTION_NON_OFFICIAL,,https://www.federalreserve.gov/newsevents/pressreleases/monetary20120125a.htm,
MACRO-NFP-201201,NFP,2012-02-03,2012-01,2012-02-03T13:30:00Z,EXACT_SCHEDULE_PAGE,"bls_schedule/2012/home.htm entry ('08:30 AM Eastern Time', weekday Friday)",,132409,131900,132470,2012-03-09,,,,,,,,,ALFRED PAYEMS vintage 2012-02-03 (realtime_start=release date),,2012-02-03T13:30:00Z,DATE_ONLY,https://www.bls.gov/news.release/archives/empsit_02032012.htm,,January 2012 Employment Situation
MACRO-CPI-201201,CPI,2012-02-17,2012-01,2012-02-17T13:30:00Z,EXACT_SCHEDULE_PAGE,"bls_schedule/2012/home.htm entry ('08:30 AM Eastern Time', weekday Friday)",,,,,,227.505,226.747,227.684,227.166,,,,,ALFRED CPIAUCSL vintage 2012-02-17 (realtime_start=release date),,2012-02-17T13:30:00Z,DATE_ONLY,https://www.bls.gov/news.release/archives/cpi_02172012.htm,,January 2012 Consumer Price Index
MACRO-NFP-201202,NFP,2012-03-09,2012-02,2012-03-09T13:30:00Z,EXACT_SCHEDULE_PAGE,"bls_schedule/2012/home.htm entry ('08:30 AM Eastern Time', weekday Friday)",,132697,132409,132701,2012-04-06,,,,,,,,,ALFRED PAYEMS vintage 2012-03-09 (realtime_start=release date),,2012-03-09T13:30:00Z,DATE_ONLY,https://www.bls.gov/news.release/archives/empsit_03092012.htm,,February 2012 Employment Situation
MACRO-FOMC-20120313,FOMC,2012-03-13,2012-03-13,2012-03-13T16:30:00Z,DATE_ONLY_OFFICIAL_TIME_UNAVAILABLE,official page shows release DATE only (verified also in era Wayback captures); timestamp uses NON-official convention 12:30 ET and is flagged not exact,scheduled,,,,,,,,,0-0.25%,0-0.25%,0,,,,2012-03-13T16:30:00Z,CONVENTION_NON_OFFICIAL,,https://www.federalreserve.gov/newsevents/pressreleases/monetary20120313a.htm,
MACRO-CPI-201202,CPI,2012-03-16,2012-02,2012-03-16T12:30:00Z,EXACT_SCHEDULE_PAGE,"bls_schedule/2012/home.htm entry ('08:30 AM Eastern Time', weekday Friday)",,,,,,228.433,227.505,227.907,227.684,,,,,ALFRED CPIAUCSL vintage 2012-03-16 (realtime_start=release date),,2012-03-16T12:30:00Z,DATE_ONLY,https://www.bls.gov/news.release/archives/cpi_03162012.htm,,February 2012 Consumer Price Index
MACRO-NFP-201203,NFP,2012-04-06,2012-03,2012-04-06T12:30:00Z,EXACT_SCHEDULE_PAGE,"bls_schedule/2012/home.htm entry ('08:30 AM Eastern Time', weekday Friday)",,132821,132697,132874,2012-05-04,,,,,,,,,ALFRED PAYEMS vintage 2012-04-06 (realtime_start=release date),,2012-04-06T12:30:00Z,DATE_ONLY,https://www.bls.gov/news.release/archives/empsit_04062012.htm,,March 2012 Employment Situation
MACRO-CPI-201203,CPI,2012-04-13,2012-03,2012-04-13T12:30:00Z,EXACT_SCHEDULE_PAGE,"bls_schedule/2012/home.htm entry ('08:30 AM Eastern Time', weekday Friday)",,,,,,229.098,228.433,228.432,227.907,,,,,ALFRED CPIAUCSL vintage 2012-04-13 (realtime_start=release date),,2012-04-13T12:30:00Z,DATE_ONLY,https://www.bls.gov/news.release/archives/cpi_04132012.htm,,March 2012 Consumer Price Index
MACRO-FOMC-20120425,FOMC,2012-04-25,2012-04-25,2012-04-25T16:30:00Z,DATE_ONLY_OFFICIAL_TIME_UNAVAILABLE,official page shows release DATE only (verified also in era Wayback captures); timestamp uses NON-official convention 12:30 ET and is flagged not exact,scheduled,,,,,,,,,0-0.25%,0-0.25%,0,,,,2012-04-25T16:30:00Z,CONVENTION_NON_OFFICIAL,,https://www.federalreserve.gov/newsevents/pressreleases/monetary20120425a.htm,
MACRO-NFP-201204,NFP,2012-05-04,2012-04,2012-05-04T12:30:00Z,EXACT_SCHEDULE_PAGE,"bls_schedule/2012/home.htm entry ('08:30 AM Eastern Time', weekday Friday)",,132989,132821,132940,2012-06-01,,,,,,,,,ALFRED PAYEMS vintage 2012-05-04 (realtime_start=release date),,2012-05-04T12:30:00Z,DATE_ONLY,https://www.bls.gov/news.release/archives/empsit_05042012.htm,,April 2012 Employment Situation
MACRO-CPI-201204,CPI,2012-05-15,2012-04,2012-05-15T12:30:00Z,EXACT_SCHEDULE_PAGE,"bls_schedule/2012/home.htm entry ('08:30 AM Eastern Time', weekday Tuesday)",,,,,,229.177,229.098,228.984,228.432,,,,,ALFRED CPIAUCSL vintage 2012-05-15 (realtime_start=release date),,2012-05-15T12:30:00Z,DATE_ONLY,https://www.bls.gov/news.release/archives/cpi_05152012.htm,,April 2012 Consumer Price Index
MACRO-NFP-201205,NFP,2012-06-01,2012-05,2012-06-01T12:30:00Z,EXACT_SCHEDULE_PAGE,"bls_schedule/2012/home.htm entry ('08:30 AM Eastern Time', weekday Friday)",,133009,132989,133008,2012-07-06,,,,,,,,,ALFRED PAYEMS vintage 2012-06-01 (realtime_start=release date),,2012-06-01T12:30:00Z,DATE_ONLY,https://www.bls.gov/news.release/archives/empsit_06012012.htm,,May 2012 Employment Situation
MACRO-CPI-201205,CPI,2012-06-14,2012-05,2012-06-14T12:30:00Z,EXACT_SCHEDULE_PAGE,"bls_schedule/2012/home.htm entry ('08:30 AM Eastern Time', weekday Thursday)",,,,,,228.527,229.177,229.446,228.984,,,,,ALFRED CPIAUCSL vintage 2012-06-14 (realtime_start=release date),,2012-06-14T12:30:00Z,DATE_ONLY,https://www.bls.gov/news.release/archives/cpi_06142012.htm,,May 2012 Consumer Price Index
MACRO-FOMC-20120620,FOMC,2012-06-20,2012-06-20,2012-06-20T16:30:00Z,DATE_ONLY_OFFICIAL_TIME_UNAVAILABLE,official page shows release DATE only (verified also in era Wayback captures); timestamp uses NON-official convention 12:30 ET and is flagged not exact,scheduled,,,,,,,,,0-0.25%,0-0.25%,0,,,,2012-06-20T16:30:00Z,CONVENTION_NON_OFFICIAL,,https://www.federalreserve.gov/newsevents/pressreleases/monetary20120620a.htm,
MACRO-NFP-201206,NFP,2012-07-06,2012-06,2012-07-06T12:30:00Z,EXACT_SCHEDULE_PAGE,"bls_schedule/2012/home.htm entry ('08:30 AM Eastern Time', weekday Friday)",,133088,133009,133082,2012-08-03,,,,,,,,,ALFRED PAYEMS vintage 2012-07-06 (realtime_start=release date),,2012-07-06T12:30:00Z,DATE_ONLY,https://www.bls.gov/news.release/archives/empsit_07062012.htm,,June 2012 Employment Situation
MACRO-CPI-201206,CPI,2012-07-17,2012-06,2012-07-17T12:30:00Z,EXACT_SCHEDULE_PAGE,"bls_schedule/2012/home.htm entry ('08:30 AM Eastern Time', weekday Tuesday)",,,,,,228.618,228.527,229.916,229.446,,,,,ALFRED CPIAUCSL vintage 2012-07-17 (realtime_start=release date),,2012-07-17T12:30:00Z,DATE_ONLY,https://www.bls.gov/news.release/archives/cpi_07172012.htm,,June 2012 Consumer Price Index
MACRO-FOMC-20120801,FOMC,2012-08-01,2012-08-01,2012-08-01T16:30:00Z,DATE_ONLY_OFFICIAL_TIME_UNAVAILABLE,official page shows release DATE only (verified also in era Wayback captures); timestamp uses NON-official convention 12:30 ET and is flagged not exact,scheduled,,,,,,,,,0-0.25%,0-0.25%,0,,,,2012-08-01T16:30:00Z,CONVENTION_NON_OFFICIAL,,https://www.federalreserve.gov/newsevents/pressreleases/monetary20120801a.htm,
MACRO-NFP-201207,NFP,2012-08-03,2012-07,2012-08-03T12:30:00Z,EXACT_SCHEDULE_PAGE,"bls_schedule/2012/home.htm entry ('08:30 AM Eastern Time', weekday Friday)",,133245,133088,133204,2012-09-07,,,,,,,,,ALFRED PAYEMS vintage 2012-08-03 (realtime_start=release date),,2012-08-03T12:30:00Z,DATE_ONLY,https://www.bls.gov/news.release/archives/empsit_08032012.htm,,July 2012 Employment Situation
MACRO-CPI-201207,CPI,2012-08-15,2012-07,2012-08-15T12:30:00Z,EXACT_SCHEDULE_PAGE,"bls_schedule/2012/home.htm entry ('08:30 AM Eastern Time', weekday Wednesday)",,,,,,228.723,228.618,230.124,229.916,,,,,ALFRED CPIAUCSL vintage 2012-08-15 (realtime_start=release date),,2012-08-15T12:30:00Z,DATE_ONLY,https://www.bls.gov/news.release/archives/cpi_08152012.htm,,July 2012 Consumer Price Index
MACRO-NFP-201208,NFP,2012-09-07,2012-08,2012-09-07T12:30:00Z,EXACT_SCHEDULE_PAGE,"bls_schedule/2012/home.htm entry ('08:30 AM Eastern Time', weekday Friday)",,133300,133245,133386,2012-10-05,,,,,,,,,ALFRED PAYEMS vintage 2012-09-07 (realtime_start=release date),,2012-09-07T12:30:00Z,DATE_ONLY,https://www.bls.gov/news.release/archives/empsit_09072012.htm,,August 2012 Employment Situation
MACRO-FOMC-20120913,FOMC,2012-09-13,2012-09-13,2012-09-13T16:30:00Z,DATE_ONLY_OFFICIAL_TIME_UNAVAILABLE,official page shows release DATE only (verified also in era Wayback captures); timestamp uses NON-official convention 12:30 ET and is flagged not exact,scheduled,,,,,,,,,0-0.25%,0-0.25%,0,,,,2012-09-13T16:30:00Z,CONVENTION_NON_OFFICIAL,,https://www.federalreserve.gov/newsevents/pressreleases/monetary20120913a.htm,
MACRO-CPI-201208,CPI,2012-09-14,2012-08,2012-09-14T12:30:00Z,EXACT_SCHEDULE_PAGE,"bls_schedule/2012/home.htm entry ('08:30 AM Eastern Time', weekday Friday)",,,,,,230.102,228.723,230.244,230.124,,,,,ALFRED CPIAUCSL vintage 2012-09-14 (realtime_start=release date),,2012-09-14T12:30:00Z,DATE_ONLY,https://www.bls.gov/news.release/archives/cpi_09142012.htm,,August 2012 Consumer Price Index
MACRO-NFP-201209,NFP,2012-10-05,2012-09,2012-10-05T12:30:00Z,EXACT_SCHEDULE_PAGE,"bls_schedule/2012/home.htm entry ('08:30 AM Eastern Time', weekday Friday)",,133500,133300,133584,2012-11-02,,,,,,,,,ALFRED PAYEMS vintage 2012-10-05 (realtime_start=release date),,2012-10-05T12:30:00Z,DATE_ONLY,https://www.bls.gov/news.release/archives/empsit_10052012.htm,,September 2012 Employment Situation
MACRO-CPI-201209,CPI,2012-10-16,2012-09,2012-10-16T12:30:00Z,EXACT_SCHEDULE_PAGE,"bls_schedule/2012/home.htm entry ('08:30 AM Eastern Time', weekday Tuesday)",,,,,,231.414,230.102,230.580,230.244,,,,,ALFRED CPIAUCSL vintage 2012-10-16 (realtime_start=release date),,2012-10-16T12:30:00Z,DATE_ONLY,https://www.bls.gov/news.release/archives/cpi_10162012.htm,,September 2012 Consumer Price Index
MACRO-FOMC-20121024,FOMC,2012-10-24,2012-10-24,2012-10-24T16:30:00Z,DATE_ONLY_OFFICIAL_TIME_UNAVAILABLE,official page shows release DATE only (verified also in era Wayback captures); timestamp uses NON-official convention 12:30 ET and is flagged not exact,scheduled,,,,,,,,,0-0.25%,0-0.25%,0,,,,2012-10-24T16:30:00Z,CONVENTION_NON_OFFICIAL,,https://www.federalreserve.gov/newsevents/pressreleases/monetary20121024a.htm,
MACRO-NFP-201210,NFP,2012-11-02,2012-10,2012-11-02T12:30:00Z,EXACT_SCHEDULE_PAGE,"bls_schedule/2012/home.htm entry ('08:30 AM Eastern Time', weekday Friday)",,133755,133500,133706,2012-12-07,,,,,,,,,ALFRED PAYEMS vintage 2012-11-02 (realtime_start=release date),,2012-11-02T12:30:00Z,DATE_ONLY,https://www.bls.gov/news.release/archives/empsit_11022012.htm,,October 2012 Employment Situation
MACRO-CPI-201210,CPI,2012-11-15,2012-10,2012-11-15T13:30:00Z,EXACT_SCHEDULE_PAGE,"bls_schedule/2012/home.htm entry ('08:30 AM Eastern Time', weekday Thursday)",,,,,,231.751,231.414,230.994,230.580,,,,,ALFRED CPIAUCSL vintage 2012-11-15 (realtime_start=release date),,2012-11-15T13:30:00Z,DATE_ONLY,https://www.bls.gov/news.release/archives/cpi_11152012.htm,,October 2012 Consumer Price Index
MACRO-NFP-201211,NFP,2012-12-07,2012-11,2012-12-07T13:30:00Z,EXACT_SCHEDULE_PAGE,"bls_schedule/2012/home.htm entry ('08:30 AM Eastern Time', weekday Friday)",,133852,133755,133866,2013-01-04,,,,,,,,,ALFRED PAYEMS vintage 2012-12-07 (realtime_start=release date),,2012-12-07T13:30:00Z,DATE_ONLY,https://www.bls.gov/news.release/archives/empsit_12072012.htm,,November 2012 Employment Situation
MACRO-FOMC-20121212,FOMC,2012-12-12,2012-12-12,2012-12-12T17:30:00Z,DATE_ONLY_OFFICIAL_TIME_UNAVAILABLE,official page shows release DATE only (verified also in era Wayback captures); timestamp uses NON-official convention 12:30 ET and is flagged not exact,scheduled,,,,,,,,,0-0.25%,0-0.25%,0,,,,2012-12-12T17:30:00Z,CONVENTION_NON_OFFICIAL,,https://www.federalreserve.gov/newsevents/pressreleases/monetary20121212a.htm,
MACRO-CPI-201211,CPI,2012-12-14,2012-11,2012-12-14T13:30:00Z,EXACT_SCHEDULE_PAGE,"bls_schedule/2012/home.htm entry ('08:30 AM Eastern Time', weekday Friday)",,,,,,231.025,231.751,231.254,230.994,,,,,ALFRED CPIAUCSL vintage 2012-12-14 (realtime_start=release date),,2012-12-14T13:30:00Z,DATE_ONLY,https://www.bls.gov/news.release/archives/cpi_12142012.htm,,November 2012 Consumer Price Index
MACRO-NFP-201212,NFP,2013-01-04,2012-12,2013-01-04T13:30:00Z,EXACT_SCHEDULE_PAGE,"bls_schedule/2013/home.htm entry ('08:30 AM Eastern Time', weekday Friday)",,134021,133852,134668,2013-02-01,,,,,,,,,ALFRED PAYEMS vintage 2013-01-04 (realtime_start=release date),,2013-01-04T13:30:00Z,DATE_ONLY,https://www.bls.gov/news.release/archives/empsit_01042013.htm,,December 2012 Employment Situation
MACRO-CPI-201212,CPI,2013-01-16,2012-12,2013-01-16T13:30:00Z,EXACT_SCHEDULE_PAGE,"bls_schedule/2013/home.htm entry ('08:30 AM Eastern Time', weekday Wednesday)",,,,,,230.979,231.025,231.475,231.254,,,,,ALFRED CPIAUCSL vintage 2013-01-16 (realtime_start=release date),,2013-01-16T13:30:00Z,DATE_ONLY,https://www.bls.gov/news.release/archives/cpi_01162013.htm,,December 2012 Consumer Price Index
MACRO-FOMC-20130130,FOMC,2013-01-30,2013-01-30,2013-01-30T19:00:00Z,DATE_ONLY_OFFICIAL_TIME_UNAVAILABLE,official page shows release DATE only (verified also in era Wayback captures); timestamp uses NON-official convention 14:00 ET and is flagged not exact,scheduled,,,,,,,,,0-0.25%,0-0.25%,0,,,,2013-01-30T19:00:00Z,CONVENTION_NON_OFFICIAL,,https://www.federalreserve.gov/newsevents/pressreleases/monetary20130130a.htm,
MACRO-NFP-201301,NFP,2013-02-01,2013-01,2013-02-01T13:30:00Z,EXACT_SCHEDULE_PAGE,"bls_schedule/2013/home.htm entry ('08:30 AM Eastern Time', weekday Friday)",,134825,134021,134810,2013-03-08,,,,,,,,,ALFRED PAYEMS vintage 2013-02-01 (realtime_start=release date),,2013-02-01T13:30:00Z,DATE_ONLY,https://www.bls.gov/news.release/archives/empsit_02012013.htm,,January 2013 Employment Situation
MACRO-CPI-201301,CPI,2013-02-21,2013-01,2013-02-21T13:30:00Z,EXACT_SCHEDULE_PAGE,"bls_schedule/2013/home.htm entry ('08:30 AM Eastern Time', weekday Thursday)",,,,,,231.198,230.979,232.108,231.475,,,,,ALFRED CPIAUCSL vintage 2013-02-21 (realtime_start=release date),,2013-02-21T13:30:00Z,DATE_ONLY,https://www.bls.gov/news.release/archives/cpi_02212013.htm,,January 2013 Consumer Price Index
MACRO-NFP-201302,NFP,2013-03-08,2013-02,2013-03-08T13:30:00Z,EXACT_SCHEDULE_PAGE,"bls_schedule/2013/home.htm entry ('08:30 AM Eastern Time', weekday Friday)",,135046,134825,135107,2013-04-05,,,,,,,,,ALFRED PAYEMS vintage 2013-03-08 (realtime_start=release date),,2013-03-08T13:30:00Z,DATE_ONLY,https://www.bls.gov/news.release/archives/empsit_03082013.htm,,February 2013 Employment Situation
MACRO-CPI-201302,CPI,2013-03-15,2013-02,2013-03-15T12:30:00Z,EXACT_SCHEDULE_PAGE,"bls_schedule/2013/home.htm entry ('08:30 AM Eastern Time', weekday Friday)",,,,,,232.770,231.198,232.512,232.108,,,,,ALFRED CPIAUCSL vintage 2013-03-15 (realtime_start=release date),,2013-03-15T12:30:00Z,DATE_ONLY,https://www.bls.gov/news.release/archives/cpi_03152013.htm,,February 2013 Consumer Price Index
MACRO-FOMC-20130320,FOMC,2013-03-20,2013-03-20,2013-03-20T18:00:00Z,OFFICIAL_SAME_RELEASE_PACKAGE_PAGE,official page line 'For release at 2:00 p.m. EDT' (same_release_package_page_b),scheduled,,,,,,,,,0-0.25%,0-0.25%,0,,,,2013-03-20T18:00:00Z,EXACT,,https://www.federalreserve.gov/newsevents/pressreleases/monetary20130320a.htm,
MACRO-NFP-201303,NFP,2013-04-05,2013-03,2013-04-05T12:30:00Z,EXACT_SCHEDULE_PAGE,"bls_schedule/2013/home.htm entry ('08:30 AM Eastern Time', weekday Friday)",,135195,135046,135309,2013-05-03,,,,,,,,,ALFRED PAYEMS vintage 2013-04-05 (realtime_start=release date),,2013-04-05T12:30:00Z,DATE_ONLY,https://www.bls.gov/news.release/archives/empsit_04052013.htm,,March 2013 Employment Situation
MACRO-CPI-201303,CPI,2013-04-16,2013-03,2013-04-16T12:30:00Z,EXACT_SCHEDULE_PAGE,"bls_schedule/2013/home.htm entry ('08:30 AM Eastern Time', weekday Tuesday)",,,,,,232.340,232.770,232.758,232.512,,,,,ALFRED CPIAUCSL vintage 2013-04-16 (realtime_start=release date),,2013-04-16T12:30:00Z,DATE_ONLY,https://www.bls.gov/news.release/archives/cpi_04162013.htm,,March 2013 Consumer Price Index
MACRO-FOMC-20130501,FOMC,2013-05-01,2013-05-01,2013-05-01T18:00:00Z,DATE_ONLY_OFFICIAL_TIME_UNAVAILABLE,official page shows release DATE only (verified also in era Wayback captures); timestamp uses NON-official convention 14:00 ET and is flagged not exact,scheduled,,,,,,,,,0-0.25%,0-0.25%,0,,,,2013-05-01T18:00:00Z,CONVENTION_NON_OFFICIAL,,https://www.federalreserve.gov/newsevents/pressreleases/monetary20130501a.htm,
MACRO-NFP-201304,NFP,2013-05-03,2013-04,2013-05-03T12:30:00Z,EXACT_SCHEDULE_PAGE,"bls_schedule/2013/home.htm entry ('08:30 AM Eastern Time', weekday Friday)",,135474,135195,135462,2013-06-07,,,,,,,,,ALFRED PAYEMS vintage 2013-05-03 (realtime_start=release date),,2013-05-03T12:30:00Z,DATE_ONLY,https://www.bls.gov/news.release/archives/empsit_05032013.htm,,April 2013 Employment Situation
MACRO-CPI-201304,CPI,2013-05-16,2013-04,2013-05-16T12:30:00Z,EXACT_SCHEDULE_PAGE,"bls_schedule/2013/home.htm entry ('08:30 AM Eastern Time', weekday Thursday)",,,,,,231.485,232.340,232.879,232.758,,,,,ALFRED CPIAUCSL vintage 2013-05-16 (realtime_start=release date),,2013-05-16T12:30:00Z,DATE_ONLY,https://www.bls.gov/news.release/archives/cpi_05162013.htm,,April 2013 Consumer Price Index
MACRO-NFP-201305,NFP,2013-06-07,2013-05,2013-06-07T12:30:00Z,EXACT_SCHEDULE_PAGE,"bls_schedule/2013/home.htm entry ('08:30 AM Eastern Time', weekday Friday)",,135637,135474,135707,2013-07-05,,,,,,,,,ALFRED PAYEMS vintage 2013-06-07 (realtime_start=release date),,2013-06-07T12:30:00Z,DATE_ONLY,https://www.bls.gov/news.release/archives/empsit_06072013.htm,,May 2013 Employment Situation
MACRO-CPI-201305,CPI,2013-06-18,2013-05,2013-06-18T12:30:00Z,EXACT_SCHEDULE_PAGE,"bls_schedule/2013/home.htm entry ('08:30 AM Eastern Time', weekday Tuesday)",,,,,,231.831,231.485,233.267,232.879,,,,,ALFRED CPIAUCSL vintage 2013-06-18 (realtime_start=release date),,2013-06-18T12:30:00Z,DATE_ONLY,https://www.bls.gov/news.release/archives/cpi_06182013.htm,,May 2013 Consumer Price Index
MACRO-FOMC-20130619,FOMC,2013-06-19,2013-06-19,2013-06-19T18:00:00Z,OFFICIAL_SAME_RELEASE_PACKAGE_PAGE,official page line 'For release at 2:00 p.m. EDT' (same_release_package_page_b),scheduled,,,,,,,,,0-0.25%,0-0.25%,0,,,,2013-06-19T18:00:00Z,EXACT,,https://www.federalreserve.gov/newsevents/pressreleases/monetary20130619a.htm,
MACRO-NFP-201306,NFP,2013-07-05,2013-06,2013-07-05T12:30:00Z,EXACT_SCHEDULE_PAGE,"bls_schedule/2013/home.htm entry ('08:30 AM Eastern Time', weekday Friday)",,135902,135637,135876,2013-08-02,,,,,,,,,ALFRED PAYEMS vintage 2013-07-05 (realtime_start=release date),,2013-07-05T12:30:00Z,DATE_ONLY,https://www.bls.gov/news.release/archives/empsit_07052013.htm,,June 2013 Employment Situation
MACRO-CPI-201306,CPI,2013-07-16,2013-06,2013-07-16T12:30:00Z,EXACT_SCHEDULE_PAGE,"bls_schedule/2013/home.htm entry ('08:30 AM Eastern Time', weekday Tuesday)",,,,,,232.944,231.831,233.643,233.267,,,,,ALFRED CPIAUCSL vintage 2013-07-16 (realtime_start=release date),,2013-07-16T12:30:00Z,DATE_ONLY,https://www.bls.gov/news.release/archives/cpi_07162013.htm,,June 2013 Consumer Price Index
MACRO-FOMC-20130731,FOMC,2013-07-31,2013-07-31,2013-07-31T18:00:00Z,DATE_ONLY_OFFICIAL_TIME_UNAVAILABLE,official page shows release DATE only (verified also in era Wayback captures); timestamp uses NON-official convention 14:00 ET and is flagged not exact,scheduled,,,,,,,,,0-0.25%,0-0.25%,0,,,,2013-07-31T18:00:00Z,CONVENTION_NON_OFFICIAL,,https://www.federalreserve.gov/newsevents/pressreleases/monetary20130731a.htm,
MACRO-NFP-201307,NFP,2013-08-02,2013-07,2013-08-02T12:30:00Z,EXACT_SCHEDULE_PAGE,"bls_schedule/2013/home.htm entry ('08:30 AM Eastern Time', weekday Friday)",,136038,135902,135964,2013-09-06,,,,,,,,,ALFRED PAYEMS vintage 2013-08-02 (realtime_start=release date),,2013-08-02T12:30:00Z,DATE_ONLY,https://www.bls.gov/news.release/archives/empsit_08022013.htm,,July 2013 Employment Situation
MACRO-CPI-201307,CPI,2013-08-15,2013-07,2013-08-15T12:30:00Z,EXACT_SCHEDULE_PAGE,"bls_schedule/2013/home.htm entry ('08:30 AM Eastern Time', weekday Thursday)",,,,,,233.318,232.944,234.004,233.643,,,,,ALFRED CPIAUCSL vintage 2013-08-15 (realtime_start=release date),,2013-08-15T12:30:00Z,DATE_ONLY,https://www.bls.gov/news.release/archives/cpi_08152013.htm,,July 2013 Consumer Price Index
MACRO-NFP-201308,NFP,2013-09-06,2013-08,2013-09-06T12:30:00Z,EXACT_SCHEDULE_PAGE,"bls_schedule/2013/home.htm entry ('08:30 AM Eastern Time', weekday Friday)",,136133,136038,136142,2013-10-22,,,,,,,,,ALFRED PAYEMS vintage 2013-09-06 (realtime_start=release date),,2013-09-06T12:30:00Z,DATE_ONLY,https://www.bls.gov/news.release/archives/empsit_09062013.htm,,August 2013 Employment Situation
MACRO-CPI-201308,CPI,2013-09-17,2013-08,2013-09-17T12:30:00Z,EXACT_SCHEDULE_PAGE,"bls_schedule/2013/home.htm entry ('08:30 AM Eastern Time', weekday Tuesday)",,,,,,233.526,233.318,234.302,234.004,,,,,ALFRED CPIAUCSL vintage 2013-09-17 (realtime_start=release date),,2013-09-17T12:30:00Z,DATE_ONLY,https://www.bls.gov/news.release/archives/cpi_09172013.htm,,August 2013 Consumer Price Index
MACRO-FOMC-20130918,FOMC,2013-09-18,2013-09-18,2013-09-18T18:00:00Z,OFFICIAL_SAME_RELEASE_PACKAGE_PAGE,official page line 'For release at 2:00 p.m. EDT' (same_release_package_page_b),scheduled,,,,,,,,,0-0.25%,0-0.25%,0,,,,2013-09-18T18:00:00Z,EXACT,,https://www.federalreserve.gov/newsevents/pressreleases/monetary20130918a.htm,
MACRO-NFP-201309,NFP,2013-10-22,2013-09,2013-10-22T12:30:00Z,EXACT_SCHEDULE_PAGE,"bls_schedule/2013/home.htm entry ('08:30 AM Eastern Time', weekday Tuesday)",,136290,136133,136350,2013-11-08,,,,,,,,,ALFRED PAYEMS vintage 2013-10-22 (realtime_start=release date),,2013-10-22T12:30:00Z,DATE_ONLY,https://www.bls.gov/news.release/archives/empsit_10222013.htm,,September 2013 Employment Situation
MACRO-CPI-201309,CPI,2013-10-30,2013-09,2013-10-30T12:30:00Z,EXACT_SCHEDULE_PAGE,"bls_schedule/2013/home.htm entry ('08:30 AM Eastern Time', weekday Wednesday)",,,,,,233.947,233.526,234.589,234.302,,,,,ALFRED CPIAUCSL vintage 2013-10-30 (realtime_start=release date),,2013-10-30T12:30:00Z,DATE_ONLY,https://www.bls.gov/news.release/archives/cpi_10302013.htm,,September 2013 Consumer Price Index
MACRO-FOMC-20131030,FOMC,2013-10-30,2013-10-30,2013-10-30T18:00:00Z,DATE_ONLY_OFFICIAL_TIME_UNAVAILABLE,official page shows release DATE only (verified also in era Wayback captures); timestamp uses NON-official convention 14:00 ET and is flagged not exact,scheduled,,,,,,,,,0-0.25%,0-0.25%,0,,,,2013-10-30T18:00:00Z,CONVENTION_NON_OFFICIAL,,https://www.federalreserve.gov/newsevents/pressreleases/monetary20131030a.htm,
MACRO-NFP-201310,NFP,2013-11-08,2013-10,2013-11-08T13:30:00Z,EXACT_SCHEDULE_PAGE,"bls_schedule/2013/home.htm entry ('08:30 AM Eastern Time', weekday Friday)",,136554,136290,136562,2013-12-06,,,,,,,,,ALFRED PAYEMS vintage 2013-11-08 (realtime_start=release date),,2013-11-08T13:30:00Z,DATE_ONLY,https://www.bls.gov/news.release/archives/empsit_11082013.htm,,October 2013 Employment Situation
MACRO-CPI-201310,CPI,2013-11-20,2013-10,2013-11-20T13:30:00Z,EXACT_SCHEDULE_PAGE,"bls_schedule/2013/home.htm entry ('08:30 AM Eastern Time', weekday Wednesday)",,,,,,233.808,233.947,234.877,234.589,,,,,ALFRED CPIAUCSL vintage 2013-11-20 (realtime_start=release date),,2013-11-20T13:30:00Z,DATE_ONLY,https://www.bls.gov/news.release/archives/cpi_11202013.htm,,October 2013 Consumer Price Index
MACRO-NFP-201311,NFP,2013-12-06,2013-11,2013-12-06T13:30:00Z,EXACT_SCHEDULE_PAGE,"bls_schedule/2013/home.htm entry ('08:30 AM Eastern Time', weekday Friday)",,136765,136554,136803,2014-01-10,,,,,,,,,ALFRED PAYEMS vintage 2013-12-06 (realtime_start=release date),,2013-12-06T13:30:00Z,DATE_ONLY,https://www.bls.gov/news.release/archives/empsit_12062013.htm,,November 2013 Employment Situation
MACRO-CPI-201311,CPI,2013-12-17,2013-11,2013-12-17T13:30:00Z,EXACT_SCHEDULE_PAGE,"bls_schedule/2013/home.htm entry ('08:30 AM Eastern Time', weekday Tuesday)",,,,,,233.887,233.808,235.240,234.877,,,,,ALFRED CPIAUCSL vintage 2013-12-17 (realtime_start=release date),,2013-12-17T13:30:00Z,DATE_ONLY,https://www.bls.gov/news.release/archives/cpi_12172013.htm,,November 2013 Consumer Price Index
MACRO-FOMC-20131218,FOMC,2013-12-18,2013-12-18,2013-12-18T19:00:00Z,OFFICIAL_SAME_RELEASE_PACKAGE_PAGE,official page line 'For release at 2:00 p.m. EST' (same_release_package_page_b),scheduled,,,,,,,,,0-0.25%,0-0.25%,0,,,,2013-12-18T19:00:00Z,EXACT,,https://www.federalreserve.gov/newsevents/pressreleases/monetary20131218a.htm,
MACRO-NFP-201312,NFP,2014-01-10,2013-12,2014-01-10T13:30:00Z,EXACT_SCHEDULE_PAGE,"bls_schedule/2014/home.htm entry ('08:30 AM Eastern Time', weekday Friday)",,136877,136765,137386,2014-02-07,,,,,,,,,ALFRED PAYEMS vintage 2014-01-10 (realtime_start=release date),,2014-01-10T13:30:00Z,DATE_ONLY,https://www.bls.gov/news.release/archives/empsit_01102014.htm,,December 2013 Employment Situation
MACRO-CPI-201312,CPI,2014-01-16,2013-12,2014-01-16T13:30:00Z,EXACT_SCHEDULE_PAGE,"bls_schedule/2014/home.htm entry ('08:30 AM Eastern Time', weekday Thursday)",,,,,,234.582,233.887,235.496,235.240,,,,,ALFRED CPIAUCSL vintage 2014-01-16 (realtime_start=release date),,2014-01-16T13:30:00Z,DATE_ONLY,https://www.bls.gov/news.release/archives/cpi_01162014.htm,,December 2013 Consumer Price Index
MACRO-FOMC-20140129,FOMC,2014-01-29,2014-01-29,2014-01-29T19:00:00Z,DATE_ONLY_OFFICIAL_TIME_UNAVAILABLE,official page shows release DATE only (verified also in era Wayback captures); timestamp uses NON-official convention 14:00 ET and is flagged not exact,scheduled,,,,,,,,,0-0.25%,0-0.25%,0,,,,2014-01-29T19:00:00Z,CONVENTION_NON_OFFICIAL,,https://www.federalreserve.gov/newsevents/pressreleases/monetary20140129a.htm,
MACRO-NFP-201401,NFP,2014-02-07,2014-01,2014-02-07T13:30:00Z,EXACT_SCHEDULE_PAGE,"bls_schedule/2014/home.htm entry ('08:30 AM Eastern Time', weekday Friday)",,137499,136877,137524,2014-03-07,,,,,,,,,ALFRED PAYEMS vintage 2014-02-07 (realtime_start=release date),,2014-02-07T13:30:00Z,DATE_ONLY,https://www.bls.gov/news.release/archives/empsit_02072014.htm,,January 2014 Employment Situation
MACRO-CPI-201401,CPI,2014-02-20,2014-01,2014-02-20T13:30:00Z,EXACT_SCHEDULE_PAGE,"bls_schedule/2014/home.htm entry ('08:30 AM Eastern Time', weekday Thursday)",,,,,,234.933,234.582,235.843,235.496,,,,,ALFRED CPIAUCSL vintage 2014-02-20 (realtime_start=release date),,2014-02-20T13:30:00Z,DATE_ONLY,https://www.bls.gov/news.release/archives/cpi_02202014.htm,,January 2014 Consumer Price Index
MACRO-NFP-201402,NFP,2014-03-07,2014-02,2014-03-07T13:30:00Z,EXACT_SCHEDULE_PAGE,"bls_schedule/2014/home.htm entry ('08:30 AM Eastern Time', weekday Friday)",,137699,137499,137736,2014-04-04,,,,,,,,,ALFRED PAYEMS vintage 2014-03-07 (realtime_start=release date),,2014-03-07T13:30:00Z,DATE_ONLY,https://www.bls.gov/news.release/archives/empsit_03072014.htm,,February 2014 Employment Situation
MACRO-CPI-201402,CPI,2014-03-18,2014-02,2014-03-18T12:30:00Z,EXACT_SCHEDULE_PAGE,"bls_schedule/2014/home.htm entry ('08:30 AM Eastern Time', weekday Tuesday)",,,,,,235.169,234.933,236.122,235.843,,,,,ALFRED CPIAUCSL vintage 2014-03-18 (realtime_start=release date),,2014-03-18T12:30:00Z,DATE_ONLY,https://www.bls.gov/news.release/archives/cpi_03182014.htm,,February 2014 Consumer Price Index
MACRO-FOMC-20140319,FOMC,2014-03-19,2014-03-19,2014-03-19T18:00:00Z,OFFICIAL_SAME_RELEASE_PACKAGE_PAGE,official page line 'For release at 2:00 p.m. EDT' (same_release_package_page_b),scheduled,,,,,,,,,0-0.25%,0-0.25%,0,,,,2014-03-19T18:00:00Z,EXACT,,https://www.federalreserve.gov/newsevents/pressreleases/monetary20140319a.htm,
MACRO-NFP-201403,NFP,2014-04-04,2014-03,2014-04-04T12:30:00Z,EXACT_SCHEDULE_PAGE,"bls_schedule/2014/home.htm entry ('08:30 AM Eastern Time', weekday Friday)",,137928,137699,137964,2014-05-02,,,,,,,,,ALFRED PAYEMS vintage 2014-04-04 (realtime_start=release date),,2014-04-04T12:30:00Z,DATE_ONLY,https://www.bls.gov/news.release/archives/empsit_04042014.htm,,March 2014 Employment Situation
MACRO-CPI-201403,CPI,2014-04-15,2014-03,2014-04-15T12:30:00Z,EXACT_SCHEDULE_PAGE,"bls_schedule/2014/home.htm entry ('08:30 AM Eastern Time', weekday Tuesday)",,,,,,235.640,235.169,236.604,236.122,,,,,ALFRED CPIAUCSL vintage 2014-04-15 (realtime_start=release date),,2014-04-15T12:30:00Z,DATE_ONLY,https://www.bls.gov/news.release/archives/cpi_04152014.htm,,March 2014 Consumer Price Index
MACRO-FOMC-20140430,FOMC,2014-04-30,2014-04-30,2014-04-30T18:00:00Z,DATE_ONLY_OFFICIAL_TIME_UNAVAILABLE,official page shows release DATE only (verified also in era Wayback captures); timestamp uses NON-official convention 14:00 ET and is flagged not exact,scheduled,,,,,,,,,0-0.25%,0-0.25%,0,,,,2014-04-30T18:00:00Z,CONVENTION_NON_OFFICIAL,,https://www.federalreserve.gov/newsevents/pressreleases/monetary20140430a.htm,
MACRO-NFP-201404,NFP,2014-05-02,2014-04,2014-05-02T12:30:00Z,EXACT_SCHEDULE_PAGE,"bls_schedule/2014/home.htm entry ('08:30 AM Eastern Time', weekday Friday)",,138252,137928,138246,2014-06-06,,,,,,,,,ALFRED PAYEMS vintage 2014-05-02 (realtime_start=release date),,2014-05-02T12:30:00Z,DATE_ONLY,https://www.bls.gov/news.release/archives/empsit_05022014.htm,,April 2014 Employment Situation
MACRO-CPI-201404,CPI,2014-05-15,2014-04,2014-05-15T12:30:00Z,EXACT_SCHEDULE_PAGE,"bls_schedule/2014/home.htm entry ('08:30 AM Eastern Time', weekday Thursday)",,,,,,236.254,235.640,237.163,236.604,,,,,ALFRED CPIAUCSL vintage 2014-05-15 (realtime_start=release date),,2014-05-15T12:30:00Z,DATE_ONLY,https://www.bls.gov/news.release/archives/cpi_05152014.htm,,April 2014 Consumer Price Index
MACRO-NFP-201405,NFP,2014-06-06,2014-05,2014-06-06T12:30:00Z,EXACT_SCHEDULE_PAGE,"bls_schedule/2014/home.htm entry ('08:30 AM Eastern Time', weekday Friday)",,138463,138252,138492,2014-07-03,,,,,,,,,ALFRED PAYEMS vintage 2014-06-06 (realtime_start=release date),,2014-06-06T12:30:00Z,DATE_ONLY,https://www.bls.gov/news.release/archives/empsit_06062014.htm,,May 2014 Employment Situation
MACRO-CPI-201405,CPI,2014-06-17,2014-05,2014-06-17T12:30:00Z,EXACT_SCHEDULE_PAGE,"bls_schedule/2014/home.htm entry ('08:30 AM Eastern Time', weekday Tuesday)",,,,,,237.083,236.254,237.776,237.163,,,,,ALFRED CPIAUCSL vintage 2014-06-17 (realtime_start=release date),,2014-06-17T12:30:00Z,DATE_ONLY,https://www.bls.gov/news.release/archives/cpi_06172014.htm,,May 2014 Consumer Price Index
MACRO-FOMC-20140618,FOMC,2014-06-18,2014-06-18,2014-06-18T18:00:00Z,OFFICIAL_SAME_RELEASE_PACKAGE_PAGE,official page line 'For release at 2:00 p.m. EDT' (same_release_package_page_b),scheduled,,,,,,,,,0-0.25%,0-0.25%,0,,,,2014-06-18T18:00:00Z,EXACT,,https://www.federalreserve.gov/newsevents/pressreleases/monetary20140618a.htm,
MACRO-NFP-201406,NFP,2014-07-03,2014-06,2014-07-03T12:30:00Z,EXACT_SCHEDULE_PAGE,"bls_schedule/2014/home.htm entry ('08:30 AM Eastern Time', weekday Thursday)",,138780,138463,138795,2014-08-01,,,,,,,,,ALFRED PAYEMS vintage 2014-07-03 (realtime_start=release date),,2014-07-03T12:30:00Z,DATE_ONLY,https://www.bls.gov/news.release/archives/empsit_07032014.htm,,June 2014 Employment Situation
MACRO-CPI-201406,CPI,2014-07-22,2014-06,2014-07-22T12:30:00Z,EXACT_SCHEDULE_PAGE,"bls_schedule/2014/home.htm entry ('08:30 AM Eastern Time', weekday Tuesday)",,,,,,237.693,237.083,238.083,237.776,,,,,ALFRED CPIAUCSL vintage 2014-07-22 (realtime_start=release date),,2014-07-22T12:30:00Z,DATE_ONLY,https://www.bls.gov/news.release/archives/cpi_07222014.htm,,June 2014 Consumer Price Index
MACRO-FOMC-20140730,FOMC,2014-07-30,2014-07-30,2014-07-30T18:00:00Z,DATE_ONLY_OFFICIAL_TIME_UNAVAILABLE,official page shows release DATE only (verified also in era Wayback captures); timestamp uses NON-official convention 14:00 ET and is flagged not exact,scheduled,,,,,,,,,0-0.25%,0-0.25%,0,,,,2014-07-30T18:00:00Z,CONVENTION_NON_OFFICIAL,,https://www.federalreserve.gov/newsevents/pressreleases/monetary20140730a.htm,
MACRO-NFP-201407,NFP,2014-08-01,2014-07,2014-08-01T12:30:00Z,EXACT_SCHEDULE_PAGE,"bls_schedule/2014/home.htm entry ('08:30 AM Eastern Time', weekday Friday)",,139004,138780,138976,2014-09-05,,,,,,,,,ALFRED PAYEMS vintage 2014-08-01 (realtime_start=release date),,2014-08-01T12:30:00Z,DATE_ONLY,https://www.bls.gov/news.release/archives/empsit_08012014.htm,,July 2014 Employment Situation
MACRO-CPI-201407,CPI,2014-08-19,2014-07,2014-08-19T12:30:00Z,EXACT_SCHEDULE_PAGE,"bls_schedule/2014/home.htm entry ('08:30 AM Eastern Time', weekday Tuesday)",,,,,,237.909,237.693,238.311,238.083,,,,,ALFRED CPIAUCSL vintage 2014-08-19 (realtime_start=release date),,2014-08-19T12:30:00Z,DATE_ONLY,https://www.bls.gov/news.release/archives/cpi_08192014.htm,,July 2014 Consumer Price Index
MACRO-NFP-201408,NFP,2014-09-05,2014-08,2014-09-05T12:30:00Z,EXACT_SCHEDULE_PAGE,"bls_schedule/2014/home.htm entry ('08:30 AM Eastern Time', weekday Friday)",,139118,139004,139187,2014-10-03,,,,,,,,,ALFRED PAYEMS vintage 2014-09-05 (realtime_start=release date),,2014-09-05T12:30:00Z,DATE_ONLY,https://www.bls.gov/news.release/archives/empsit_09052014.htm,,August 2014 Employment Situation
MACRO-CPI-201408,CPI,2014-09-17,2014-08,2014-09-17T12:30:00Z,EXACT_SCHEDULE_PAGE,"bls_schedule/2014/home.htm entry ('08:30 AM Eastern Time', weekday Wednesday)",,,,,,237.428,237.909,238.345,238.311,,,,,ALFRED CPIAUCSL vintage 2014-09-17 (realtime_start=release date),,2014-09-17T12:30:00Z,DATE_ONLY,https://www.bls.gov/news.release/archives/cpi_09172014.htm,,August 2014 Consumer Price Index
MACRO-FOMC-20140917,FOMC,2014-09-17,2014-09-17,2014-09-17T18:00:00Z,OFFICIAL_SAME_RELEASE_PACKAGE_PAGE,official page line 'For release at 2:00 p.m. EDT' (same_release_package_page_b),scheduled,,,,,,,,,0-0.25%,0-0.25%,0,,,,2014-09-17T18:00:00Z,EXACT,,https://www.federalreserve.gov/newsevents/pressreleases/monetary20140917a.htm,
MACRO-NFP-201409,NFP,2014-10-03,2014-09,2014-10-03T12:30:00Z,EXACT_SCHEDULE_PAGE,"bls_schedule/2014/home.htm entry ('08:30 AM Eastern Time', weekday Friday)",,139435,139118,139466,2014-11-07,,,,,,,,,ALFRED PAYEMS vintage 2014-10-03 (realtime_start=release date),,2014-10-03T12:30:00Z,DATE_ONLY,https://www.bls.gov/news.release/archives/empsit_10032014.htm,,September 2014 Employment Situation
MACRO-CPI-201409,CPI,2014-10-22,2014-09,2014-10-22T12:30:00Z,EXACT_SCHEDULE_PAGE,"bls_schedule/2014/home.htm entry ('08:30 AM Eastern Time', weekday Wednesday)",,,,,,237.633,237.428,238.677,238.345,,,,,ALFRED CPIAUCSL vintage 2014-10-22 (realtime_start=release date),,2014-10-22T12:30:00Z,DATE_ONLY,https://www.bls.gov/news.release/archives/cpi_10222014.htm,,September 2014 Consumer Price Index
MACRO-FOMC-20141029,FOMC,2014-10-29,2014-10-29,2014-10-29T18:00:00Z,DATE_ONLY_OFFICIAL_TIME_UNAVAILABLE,official page shows release DATE only (verified also in era Wayback captures); timestamp uses NON-official convention 14:00 ET and is flagged not exact,scheduled,,,,,,,,,0-0.25%,0-0.25%,0,,,,2014-10-29T18:00:00Z,CONVENTION_NON_OFFICIAL,,https://www.federalreserve.gov/newsevents/pressreleases/monetary20141029a.htm,
MACRO-NFP-201410,NFP,2014-11-07,2014-10,2014-11-07T13:30:00Z,EXACT_SCHEDULE_PAGE,"bls_schedule/2014/home.htm entry ('08:30 AM Eastern Time', weekday Friday)",,139680,139435,139724,2014-12-05,,,,,,,,,ALFRED PAYEMS vintage 2014-11-07 (realtime_start=release date),,2014-11-07T13:30:00Z,DATE_ONLY,https://www.bls.gov/news.release/archives/empsit_11072014.htm,,October 2014 Employment Situation
MACRO-CPI-201410,CPI,2014-11-20,2014-10,2014-11-20T13:30:00Z,EXACT_SCHEDULE_PAGE,"bls_schedule/2014/home.htm entry ('08:30 AM Eastern Time', weekday Thursday)",,,,,,237.642,237.633,239.162,238.677,,,,,ALFRED CPIAUCSL vintage 2014-11-20 (realtime_start=release date),,2014-11-20T13:30:00Z,DATE_ONLY,https://www.bls.gov/news.release/archives/cpi_11202014.htm,,October 2014 Consumer Price Index
MACRO-NFP-201411,NFP,2014-12-05,2014-11,2014-12-05T13:30:00Z,EXACT_SCHEDULE_PAGE,"bls_schedule/2014/home.htm entry ('08:30 AM Eastern Time', weekday Friday)",,140045,139680,140095,2015-01-09,,,,,,,,,ALFRED PAYEMS vintage 2014-12-05 (realtime_start=release date),,2014-12-05T13:30:00Z,DATE_ONLY,https://www.bls.gov/news.release/archives/empsit_12052014.htm,,November 2014 Employment Situation
MACRO-CPI-201411,CPI,2014-12-17,2014-11,2014-12-17T13:30:00Z,EXACT_SCHEDULE_PAGE,"bls_schedule/2014/home.htm entry ('08:30 AM Eastern Time', weekday Wednesday)",,,,,,237.032,237.642,239.332,239.162,,,,,ALFRED CPIAUCSL vintage 2014-12-17 (realtime_start=release date),,2014-12-17T13:30:00Z,DATE_ONLY,https://www.bls.gov/news.release/archives/cpi_12172014.htm,,November 2014 Consumer Price Index
MACRO-FOMC-20141217,FOMC,2014-12-17,2014-12-17,2014-12-17T19:00:00Z,OFFICIAL_SAME_RELEASE_PACKAGE_PAGE,official page line 'For release at 2:00 p.m. EST' (same_release_package_page_b),scheduled,,,,,,,,,0-0.25%,0-0.25%,0,,,,2014-12-17T19:00:00Z,EXACT,,https://www.federalreserve.gov/newsevents/pressreleases/monetary20141217a.htm,
MACRO-NFP-201412,NFP,2015-01-09,2014-12,2015-01-09T13:30:00Z,EXACT_SCHEDULE_PAGE,"bls_schedule/2015/home.htm entry ('08:30 AM Eastern Time', weekday Friday)",,140347,140045,140592,2015-02-06,,,,,,,,,ALFRED PAYEMS vintage 2015-01-09 (realtime_start=release date),,2015-01-09T13:30:00Z,DATE_ONLY,https://www.bls.gov/news.release/archives/empsit_01092015.htm,,December 2014 Employment Situation
MACRO-CPI-201412,CPI,2015-01-16,2014-12,2015-01-16T13:30:00Z,EXACT_SCHEDULE_PAGE,"bls_schedule/2015/home.htm entry ('08:30 AM Eastern Time', weekday Friday)",,,,,,236.149,237.032,239.339,239.332,,,,,ALFRED CPIAUCSL vintage 2015-01-16 (realtime_start=release date),,2015-01-16T13:30:00Z,DATE_ONLY,https://www.bls.gov/news.release/archives/cpi_01162015.htm,,December 2014 Consumer Price Index
MACRO-FOMC-20150128,FOMC,2015-01-28,2015-01-28,2015-01-28T19:00:00Z,DATE_ONLY_OFFICIAL_TIME_UNAVAILABLE,official page shows release DATE only (verified also in era Wayback captures); timestamp uses NON-official convention 14:00 ET and is flagged not exact,scheduled,,,,,,,,,0-0.25%,0-0.25%,0,,,,2015-01-28T19:00:00Z,CONVENTION_NON_OFFICIAL,,https://www.federalreserve.gov/newsevents/pressreleases/monetary20150128a.htm,
MACRO-NFP-201501,NFP,2015-02-06,2015-01,2015-02-06T13:30:00Z,EXACT_SCHEDULE_PAGE,"bls_schedule/2015/home.htm entry ('08:30 AM Eastern Time', weekday Friday)",,140849,140347,140831,2015-03-06,,,,,,,,,ALFRED PAYEMS vintage 2015-02-06 (realtime_start=release date),,2015-02-06T13:30:00Z,DATE_ONLY,https://www.bls.gov/news.release/archives/empsit_02062015.htm,,January 2015 Employment Situation
MACRO-CPI-201501,CPI,2015-02-26,2015-01,2015-02-26T13:30:00Z,EXACT_SCHEDULE_PAGE,"bls_schedule/2015/home.htm entry ('08:30 AM Eastern Time', weekday Thursday)",,,,,,234.677,236.149,239.871,239.339,,,,,ALFRED CPIAUCSL vintage 2015-02-26 (realtime_start=release date),,2015-02-26T13:30:00Z,DATE_ONLY,https://www.bls.gov/news.release/archives/cpi_02262015.htm,,January 2015 Consumer Price Index
MACRO-NFP-201502,NFP,2015-03-06,2015-02,2015-03-06T13:30:00Z,EXACT_SCHEDULE_PAGE,"bls_schedule/2015/home.htm entry ('08:30 AM Eastern Time', weekday Friday)",,141126,140849,141057,2015-04-03,,,,,,,,,ALFRED PAYEMS vintage 2015-03-06 (realtime_start=release date),,2015-03-06T13:30:00Z,DATE_ONLY,https://www.bls.gov/news.release/archives/empsit_03062015.htm,,February 2015 Employment Situation
MACRO-FOMC-20150318,FOMC,2015-03-18,2015-03-18,2015-03-18T18:00:00Z,OFFICIAL_SAME_RELEASE_PACKAGE_PAGE,official page line 'For release at 2:00 p.m. EDT' (same_release_package_page_b),scheduled,,,,,,,,,0-0.25%,0-0.25%,0,,,,2015-03-18T18:00:00Z,EXACT,,https://www.federalreserve.gov/newsevents/pressreleases/monetary20150318a.htm,
MACRO-CPI-201502,CPI,2015-03-24,2015-02,2015-03-24T12:30:00Z,EXACT_SCHEDULE_PAGE,"bls_schedule/2015/home.htm entry ('08:30 AM Eastern Time', weekday Tuesday)",,,,,,235.186,234.677,240.247,239.871,,,,,ALFRED CPIAUCSL vintage 2015-03-24 (realtime_start=release date),,2015-03-24T12:30:00Z,DATE_ONLY,https://www.bls.gov/news.release/archives/cpi_03242015.htm,,February 2015 Consumer Price Index
MACRO-NFP-201503,NFP,2015-04-03,2015-03,2015-04-03T12:30:00Z,EXACT_SCHEDULE_PAGE,"bls_schedule/2015/home.htm entry ('08:30 AM Eastern Time', weekday Friday)",,141183,141126,141144,2015-05-08,,,,,,,,,ALFRED PAYEMS vintage 2015-04-03 (realtime_start=release date),,2015-04-03T12:30:00Z,DATE_ONLY,https://www.bls.gov/news.release/archives/empsit_04032015.htm,,March 2015 Employment Situation
MACRO-CPI-201503,CPI,2015-04-17,2015-03,2015-04-17T12:30:00Z,EXACT_SCHEDULE_PAGE,"bls_schedule/2015/home.htm entry ('08:30 AM Eastern Time', weekday Friday)",,,,,,235.740,235.186,240.793,240.247,,,,,ALFRED CPIAUCSL vintage 2015-04-17 (realtime_start=release date),,2015-04-17T12:30:00Z,DATE_ONLY,https://www.bls.gov/news.release/archives/cpi_04172015.htm,,March 2015 Consumer Price Index
MACRO-FOMC-20150429,FOMC,2015-04-29,2015-04-29,2015-04-29T18:00:00Z,DATE_ONLY_OFFICIAL_TIME_UNAVAILABLE,official page shows release DATE only (verified also in era Wayback captures); timestamp uses NON-official convention 14:00 ET and is flagged not exact,scheduled,,,,,,,,,0-0.25%,0-0.25%,0,,,,2015-04-29T18:00:00Z,CONVENTION_NON_OFFICIAL,,https://www.federalreserve.gov/newsevents/pressreleases/monetary20150429a.htm,
MACRO-NFP-201504,NFP,2015-05-08,2015-04,2015-05-08T12:30:00Z,EXACT_SCHEDULE_PAGE,"bls_schedule/2015/home.htm entry ('08:30 AM Eastern Time', weekday Friday)",,141367,141183,141399,2015-06-05,,,,,,,,,ALFRED PAYEMS vintage 2015-05-08 (realtime_start=release date),,2015-05-08T12:30:00Z,DATE_ONLY,https://www.bls.gov/news.release/archives/empsit_05082015.htm,,April 2015 Employment Situation
MACRO-CPI-201504,CPI,2015-05-22,2015-04,2015-05-22T12:30:00Z,EXACT_SCHEDULE_PAGE,"bls_schedule/2015/home.htm entry ('08:30 AM Eastern Time', weekday Friday)",,,,,,235.982,235.740,241.409,240.793,,,,,ALFRED CPIAUCSL vintage 2015-05-22 (realtime_start=release date),,2015-05-22T12:30:00Z,DATE_ONLY,https://www.bls.gov/news.release/archives/cpi_05222015.htm,,April 2015 Consumer Price Index
MACRO-NFP-201505,NFP,2015-06-05,2015-05,2015-06-05T12:30:00Z,EXACT_SCHEDULE_PAGE,"bls_schedule/2015/home.htm entry ('08:30 AM Eastern Time', weekday Friday)",,141679,141367,141619,2015-07-02,,,,,,,,,ALFRED PAYEMS vintage 2015-06-05 (realtime_start=release date),,2015-06-05T12:30:00Z,DATE_ONLY,https://www.bls.gov/news.release/archives/empsit_06052015.htm,,May 2015 Employment Situation
MACRO-FOMC-20150617,FOMC,2015-06-17,2015-06-17,2015-06-17T18:00:00Z,DATE_ONLY_OFFICIAL_TIME_UNAVAILABLE,official page shows release DATE only (verified also in era Wayback captures); timestamp uses NON-official convention 14:00 ET and is flagged not exact,scheduled,,,,,,,,,0-0.25%,0-0.25%,0,,,,2015-06-17T18:00:00Z,CONVENTION_NON_OFFICIAL,,https://www.federalreserve.gov/newsevents/pressreleases/monetary20150617a.htm,
MACRO-CPI-201505,CPI,2015-06-18,2015-05,2015-06-18T12:30:00Z,EXACT_SCHEDULE_PAGE,"bls_schedule/2015/home.htm entry ('08:30 AM Eastern Time', weekday Thursday)",,,,,,237.031,235.982,241.760,241.409,,,,,ALFRED CPIAUCSL vintage 2015-06-18 (realtime_start=release date),,2015-06-18T12:30:00Z,DATE_ONLY,https://www.bls.gov/news.release/archives/cpi_06182015.htm,,May 2015 Consumer Price Index
MACRO-NFP-201506,NFP,2015-07-02,2015-06,2015-07-02T12:30:00Z,EXACT_SCHEDULE_PAGE,"bls_schedule/2015/home.htm entry ('08:30 AM Eastern Time', weekday Thursday)",,141842,141679,141856,2015-08-07,,,,,,,,,ALFRED PAYEMS vintage 2015-07-02 (realtime_start=release date),,2015-07-02T12:30:00Z,DATE_ONLY,https://www.bls.gov/news.release/archives/empsit_07022015.htm,,June 2015 Employment Situation
MACRO-CPI-201506,CPI,2015-07-17,2015-06,2015-07-17T12:30:00Z,EXACT_SCHEDULE_PAGE,"bls_schedule/2015/home.htm entry ('08:30 AM Eastern Time', weekday Friday)",,,,,,237.786,237.031,242.193,241.760,,,,,ALFRED CPIAUCSL vintage 2015-07-17 (realtime_start=release date),,2015-07-17T12:30:00Z,DATE_ONLY,https://www.bls.gov/news.release/archives/cpi_07172015.htm,,June 2015 Consumer Price Index
MACRO-FOMC-20150729,FOMC,2015-07-29,2015-07-29,2015-07-29T18:00:00Z,DATE_ONLY_OFFICIAL_TIME_UNAVAILABLE,official page shows release DATE only (verified also in era Wayback captures); timestamp uses NON-official convention 14:00 ET and is flagged not exact,scheduled,,,,,,,,,0-0.25%,0-0.25%,0,,,,2015-07-29T18:00:00Z,CONVENTION_NON_OFFICIAL,,https://www.federalreserve.gov/newsevents/pressreleases/monetary20150729a.htm,
MACRO-NFP-201507,NFP,2015-08-07,2015-07,2015-08-07T12:30:00Z,EXACT_SCHEDULE_PAGE,"bls_schedule/2015/home.htm entry ('08:30 AM Eastern Time', weekday Friday)",,142071,141842,142115,2015-09-04,,,,,,,,,ALFRED PAYEMS vintage 2015-08-07 (realtime_start=release date),,2015-08-07T12:30:00Z,DATE_ONLY,https://www.bls.gov/news.release/archives/empsit_08072015.htm,,July 2015 Employment Situation
MACRO-CPI-201507,CPI,2015-08-19,2015-07,2015-08-19T12:30:00Z,EXACT_SCHEDULE_PAGE,"bls_schedule/2015/home.htm entry ('08:30 AM Eastern Time', weekday Wednesday)",,,,,,238.099,237.786,242.513,242.193,,,,,ALFRED CPIAUCSL vintage 2015-08-19 (realtime_start=release date),,2015-08-19T12:30:00Z,DATE_ONLY,https://www.bls.gov/news.release/archives/cpi_08192015.htm,,July 2015 Consumer Price Index
MACRO-NFP-201508,NFP,2015-09-04,2015-08,2015-09-04T12:30:00Z,EXACT_SCHEDULE_PAGE,"bls_schedule/2015/home.htm entry ('08:30 AM Eastern Time', weekday Friday)",,142288,142071,142229,2015-10-02,,,,,,,,,ALFRED PAYEMS vintage 2015-09-04 (realtime_start=release date),,2015-09-04T12:30:00Z,DATE_ONLY,https://www.bls.gov/news.release/archives/empsit_09042015.htm,,August 2015 Employment Situation
MACRO-CPI-201508,CPI,2015-09-16,2015-08,2015-09-16T12:30:00Z,EXACT_SCHEDULE_PAGE,"bls_schedule/2015/home.htm entry ('08:30 AM Eastern Time', weekday Wednesday)",,,,,,237.931,238.099,242.693,242.513,,,,,ALFRED CPIAUCSL vintage 2015-09-16 (realtime_start=release date),,2015-09-16T12:30:00Z,DATE_ONLY,https://www.bls.gov/news.release/archives/cpi_09162015.htm,,August 2015 Consumer Price Index
MACRO-FOMC-20150917,FOMC,2015-09-17,2015-09-17,2015-09-17T18:00:00Z,OFFICIAL_SAME_RELEASE_PACKAGE_PAGE,official page line 'For release at 2:00 p.m. EDT' (same_release_package_page_b),scheduled,,,,,,,,,0-0.25%,0-0.25%,0,,,,2015-09-17T18:00:00Z,EXACT,,https://www.federalreserve.gov/newsevents/pressreleases/monetary20150917a.htm,
MACRO-NFP-201509,NFP,2015-10-02,2015-09,2015-10-02T12:30:00Z,EXACT_SCHEDULE_PAGE,"bls_schedule/2015/home.htm entry ('08:30 AM Eastern Time', weekday Friday)",,142371,142288,142383,2015-11-06,,,,,,,,,ALFRED PAYEMS vintage 2015-10-02 (realtime_start=release date),,2015-10-02T12:30:00Z,DATE_ONLY,https://www.bls.gov/news.release/archives/empsit_10022015.htm,,September 2015 Employment Situation
MACRO-CPI-201509,CPI,2015-10-15,2015-09,2015-10-15T12:30:00Z,EXACT_SCHEDULE_PAGE,"bls_schedule/2015/home.htm entry ('08:30 AM Eastern Time', weekday Thursday)",,,,,,237.566,237.931,243.206,242.693,,,,,ALFRED CPIAUCSL vintage 2015-10-15 (realtime_start=release date),,2015-10-15T12:30:00Z,DATE_ONLY,https://www.bls.gov/news.release/archives/cpi_10152015.htm,,September 2015 Consumer Price Index
MACRO-FOMC-20151028,FOMC,2015-10-28,2015-10-28,2015-10-28T18:00:00Z,DATE_ONLY_OFFICIAL_TIME_UNAVAILABLE,official page shows release DATE only (verified also in era Wayback captures); timestamp uses NON-official convention 14:00 ET and is flagged not exact,scheduled,,,,,,,,,0-0.25%,0-0.25%,0,,,,2015-10-28T18:00:00Z,CONVENTION_NON_OFFICIAL,,https://www.federalreserve.gov/newsevents/pressreleases/monetary20151028a.htm,
MACRO-NFP-201510,NFP,2015-11-06,2015-10,2015-11-06T13:30:00Z,EXACT_SCHEDULE_PAGE,"bls_schedule/2015/home.htm entry ('08:30 AM Eastern Time', weekday Friday)",,142654,142371,142689,2015-12-04,,,,,,,,,ALFRED PAYEMS vintage 2015-11-06 (realtime_start=release date),,2015-11-06T13:30:00Z,DATE_ONLY,https://www.bls.gov/news.release/archives/empsit_11062015.htm,,October 2015 Employment Situation
MACRO-CPI-201510,CPI,2015-11-17,2015-10,2015-11-17T13:30:00Z,EXACT_SCHEDULE_PAGE,"bls_schedule/2015/home.htm entry ('08:30 AM Eastern Time', weekday Tuesday)",,,,,,238.042,237.566,243.698,243.206,,,,,ALFRED CPIAUCSL vintage 2015-11-17 (realtime_start=release date),,2015-11-17T13:30:00Z,DATE_ONLY,https://www.bls.gov/news.release/archives/cpi_11172015.htm,,October 2015 Consumer Price Index
MACRO-NFP-201511,NFP,2015-12-04,2015-11,2015-12-04T13:30:00Z,EXACT_SCHEDULE_PAGE,"bls_schedule/2015/home.htm entry ('08:30 AM Eastern Time', weekday Friday)",,142900,142654,142950,2016-01-08,,,,,,,,,ALFRED PAYEMS vintage 2015-12-04 (realtime_start=release date),,2015-12-04T13:30:00Z,DATE_ONLY,https://www.bls.gov/news.release/archives/empsit_12042015.htm,,November 2015 Employment Situation
MACRO-CPI-201511,CPI,2015-12-15,2015-11,2015-12-15T13:30:00Z,EXACT_SCHEDULE_PAGE,"bls_schedule/2015/home.htm entry ('08:30 AM Eastern Time', weekday Tuesday)",,,,,,238.111,238.042,244.135,243.698,,,,,ALFRED CPIAUCSL vintage 2015-12-15 (realtime_start=release date),,2015-12-15T13:30:00Z,DATE_ONLY,https://www.bls.gov/news.release/archives/cpi_12152015.htm,,November 2015 Consumer Price Index
MACRO-FOMC-20151216,FOMC,2015-12-16,2015-12-16,2015-12-16T19:00:00Z,OFFICIAL_SAME_RELEASE_PACKAGE_PAGE,official page line 'For release at 2:00 p.m. EST' (same_release_package_page_b),scheduled,,,,,,,,,0-0.25%,0.25-0.5%,25,,,,2015-12-16T19:00:00Z,EXACT,,https://www.federalreserve.gov/newsevents/pressreleases/monetary20151216a.htm,
MACRO-NFP-201512,NFP,2016-01-08,2015-12,2016-01-08T13:30:00Z,EXACT_SCHEDULE_PAGE,"bls_schedule/2016/home.htm entry ('08:30 AM Eastern Time', weekday Friday)",,143242,142900,143137,2016-02-05,,,,,,,,,ALFRED PAYEMS vintage 2016-01-08 (realtime_start=release date),,2016-01-08T13:30:00Z,DATE_ONLY,https://www.bls.gov/news.release/archives/empsit_01082016.htm,,December 2015 Employment Situation
MACRO-CPI-201512,CPI,2016-01-20,2015-12,2016-01-20T13:30:00Z,EXACT_SCHEDULE_PAGE,"bls_schedule/2016/home.htm entry ('08:30 AM Eastern Time', weekday Wednesday)",,,,,,237.847,238.111,244.446,244.135,,,,,ALFRED CPIAUCSL vintage 2016-01-20 (realtime_start=release date),,2016-01-20T13:30:00Z,DATE_ONLY,https://www.bls.gov/news.release/archives/cpi_01202016.htm,,December 2015 Consumer Price Index
MACRO-FOMC-20160127,FOMC,2016-01-27,2016-01-27,2016-01-27T19:00:00Z,EXACT_STATEMENT_PAGE,official page line 'For release at 2:00 p.m. EST' (statement_page),scheduled,,,,,,,,,0.25-0.5%,0.25-0.5%,0,,,,2016-01-27T19:00:00Z,EXACT,,https://www.federalreserve.gov/newsevents/pressreleases/monetary20160127a.htm,
MACRO-NFP-201601,NFP,2016-02-05,2016-01,2016-02-05T13:30:00Z,EXACT_SCHEDULE_PAGE,"bls_schedule/2016/home.htm entry ('08:30 AM Eastern Time', weekday Friday)",,143288,143242,143318,2016-03-04,,,,,,,,,ALFRED PAYEMS vintage 2016-02-05 (realtime_start=release date),,2016-02-05T13:30:00Z,DATE_ONLY,https://www.bls.gov/news.release/archives/empsit_02052016.htm,,January 2016 Employment Situation
MACRO-CPI-201601,CPI,2016-02-19,2016-01,2016-02-19T13:30:00Z,EXACT_SCHEDULE_PAGE,"bls_schedule/2016/home.htm entry ('08:30 AM Eastern Time', weekday Friday)",,,,,,238.107,237.847,245.232,244.446,,,,,ALFRED CPIAUCSL vintage 2016-02-19 (realtime_start=release date),,2016-02-19T13:30:00Z,DATE_ONLY,https://www.bls.gov/news.release/archives/cpi_02192016.htm,,January 2016 Consumer Price Index
MACRO-NFP-201602,NFP,2016-03-04,2016-02,2016-03-04T13:30:00Z,EXACT_SCHEDULE_PAGE,"bls_schedule/2016/home.htm entry ('08:30 AM Eastern Time', weekday Friday)",,143560,143288,143559,2016-04-01,,,,,,,,,ALFRED PAYEMS vintage 2016-03-04 (realtime_start=release date),,2016-03-04T13:30:00Z,DATE_ONLY,https://www.bls.gov/news.release/archives/empsit_03042016.htm,,February 2016 Employment Situation
MACRO-CPI-201602,CPI,2016-03-16,2016-02,2016-03-16T12:30:00Z,EXACT_SCHEDULE_PAGE,"bls_schedule/2016/home.htm entry ('08:30 AM Eastern Time', weekday Wednesday)",,,,,,237.707,238.107,245.925,245.232,,,,,ALFRED CPIAUCSL vintage 2016-03-16 (realtime_start=release date),,2016-03-16T12:30:00Z,DATE_ONLY,https://www.bls.gov/news.release/archives/cpi_03162016.htm,,February 2016 Consumer Price Index
MACRO-FOMC-20160316,FOMC,2016-03-16,2016-03-16,2016-03-16T18:00:00Z,EXACT_STATEMENT_PAGE,official page line 'For release at 2:00 p.m. EDT' (statement_page),scheduled,,,,,,,,,0.25-0.5%,0.25-0.5%,0,,,,2016-03-16T18:00:00Z,EXACT,,https://www.federalreserve.gov/newsevents/pressreleases/monetary20160316a.htm,
MACRO-NFP-201603,NFP,2016-04-01,2016-03,2016-04-01T12:30:00Z,EXACT_SCHEDULE_PAGE,"bls_schedule/2016/home.htm entry ('08:30 AM Eastern Time', weekday Friday)",,143774,143560,143755,2016-05-06,,,,,,,,,ALFRED PAYEMS vintage 2016-04-01 (realtime_start=release date),,2016-04-01T12:30:00Z,DATE_ONLY,https://www.bls.gov/news.release/archives/empsit_04012016.htm,,March 2016 Employment Situation
MACRO-CPI-201603,CPI,2016-04-14,2016-03,2016-04-14T12:30:00Z,EXACT_SCHEDULE_PAGE,"bls_schedule/2016/home.htm entry ('08:30 AM Eastern Time', weekday Thursday)",,,,,,237.920,237.707,246.095,245.925,,,,,ALFRED CPIAUCSL vintage 2016-04-14 (realtime_start=release date),,2016-04-14T12:30:00Z,DATE_ONLY,https://www.bls.gov/news.release/archives/cpi_04142016.htm,,March 2016 Consumer Price Index
MACRO-FOMC-20160427,FOMC,2016-04-27,2016-04-27,2016-04-27T18:00:00Z,EXACT_STATEMENT_PAGE,official page line 'For release at 2:00 p.m. EDT' (statement_page),scheduled,,,,,,,,,0.25-0.5%,0.25-0.5%,0,,,,2016-04-27T18:00:00Z,EXACT,,https://www.federalreserve.gov/newsevents/pressreleases/monetary20160427a.htm,
MACRO-NFP-201604,NFP,2016-05-06,2016-04,2016-05-06T12:30:00Z,EXACT_SCHEDULE_PAGE,"bls_schedule/2016/home.htm entry ('08:30 AM Eastern Time', weekday Friday)",,143915,143774,143856,2016-06-03,,,,,,,,,ALFRED PAYEMS vintage 2016-05-06 (realtime_start=release date),,2016-05-06T12:30:00Z,DATE_ONLY,https://www.bls.gov/news.release/archives/empsit_05062016.htm,,April 2016 Employment Situation
MACRO-CPI-201604,CPI,2016-05-17,2016-04,2016-05-17T12:30:00Z,EXACT_SCHEDULE_PAGE,"bls_schedule/2016/home.htm entry ('08:30 AM Eastern Time', weekday Tuesday)",,,,,,238.890,237.920,246.574,246.095,,,,,ALFRED CPIAUCSL vintage 2016-05-17 (realtime_start=release date),,2016-05-17T12:30:00Z,DATE_ONLY,https://www.bls.gov/news.release/archives/cpi_05172016.htm,,April 2016 Consumer Price Index
MACRO-NFP-201605,NFP,2016-06-03,2016-05,2016-06-03T12:30:00Z,EXACT_SCHEDULE_PAGE,"bls_schedule/2016/home.htm entry ('08:30 AM Eastern Time', weekday Friday)",,143894,143915,143888,2016-07-08,,,,,,,,,ALFRED PAYEMS vintage 2016-06-03 (realtime_start=release date),,2016-06-03T12:30:00Z,DATE_ONLY,https://www.bls.gov/news.release/archives/empsit_06032016.htm,,May 2016 Employment Situation
MACRO-FOMC-20160615,FOMC,2016-06-15,2016-06-15,2016-06-15T18:00:00Z,EXACT_STATEMENT_PAGE,official page line 'For release at 2:00 p.m. EDT' (statement_page),scheduled,,,,,,,,,0.25-0.5%,0.25-0.5%,0,,,,2016-06-15T18:00:00Z,EXACT,,https://www.federalreserve.gov/newsevents/pressreleases/monetary20160615a.htm,
MACRO-CPI-201605,CPI,2016-06-16,2016-05,2016-06-16T12:30:00Z,EXACT_SCHEDULE_PAGE,"bls_schedule/2016/home.htm entry ('08:30 AM Eastern Time', weekday Thursday)",,,,,,239.410,238.890,247.074,246.574,,,,,ALFRED CPIAUCSL vintage 2016-06-16 (realtime_start=release date),,2016-06-16T12:30:00Z,DATE_ONLY,https://www.bls.gov/news.release/archives/cpi_06162016.htm,,May 2016 Consumer Price Index
MACRO-NFP-201606,NFP,2016-07-08,2016-06,2016-07-08T12:30:00Z,EXACT_SCHEDULE_PAGE,"bls_schedule/2016/home.htm entry ('08:30 AM Eastern Time', weekday Friday)",,144175,143894,144193,2016-08-05,,,,,,,,,ALFRED PAYEMS vintage 2016-07-08 (realtime_start=release date),,2016-07-08T12:30:00Z,DATE_ONLY,https://www.bls.gov/news.release/archives/empsit_07082016.htm,,June 2016 Employment Situation
MACRO-CPI-201606,CPI,2016-07-15,2016-06,2016-07-15T12:30:00Z,EXACT_SCHEDULE_PAGE,"bls_schedule/2016/home.htm entry ('08:30 AM Eastern Time', weekday Friday)",,,,,,239.927,239.410,247.495,247.074,,,,,ALFRED CPIAUCSL vintage 2016-07-15 (realtime_start=release date),,2016-07-15T12:30:00Z,DATE_ONLY,https://www.bls.gov/news.release/archives/cpi_07152016.htm,,June 2016 Consumer Price Index
MACRO-FOMC-20160727,FOMC,2016-07-27,2016-07-27,2016-07-27T18:00:00Z,EXACT_STATEMENT_PAGE,official page line 'For release at 2:00 p.m. EDT' (statement_page),scheduled,,,,,,,,,0.25-0.5%,0.25-0.5%,0,,,,2016-07-27T18:00:00Z,EXACT,,https://www.federalreserve.gov/newsevents/pressreleases/monetary20160727a.htm,
MACRO-NFP-201607,NFP,2016-08-05,2016-07,2016-08-05T12:30:00Z,EXACT_SCHEDULE_PAGE,"bls_schedule/2016/home.htm entry ('08:30 AM Eastern Time', weekday Friday)",,144448,144175,144447,2016-09-02,,,,,,,,,ALFRED PAYEMS vintage 2016-08-05 (realtime_start=release date),,2016-08-05T12:30:00Z,DATE_ONLY,https://www.bls.gov/news.release/archives/empsit_08052016.htm,,July 2016 Employment Situation
MACRO-CPI-201607,CPI,2016-08-16,2016-07,2016-08-16T12:30:00Z,EXACT_SCHEDULE_PAGE,"bls_schedule/2016/home.htm entry ('08:30 AM Eastern Time', weekday Tuesday)",,,,,,239.828,239.927,247.713,247.495,,,,,ALFRED CPIAUCSL vintage 2016-08-16 (realtime_start=release date),,2016-08-16T12:30:00Z,DATE_ONLY,https://www.bls.gov/news.release/archives/cpi_08162016.htm,,July 2016 Consumer Price Index
MACRO-NFP-201608,NFP,2016-09-02,2016-08,2016-09-02T12:30:00Z,EXACT_SCHEDULE_PAGE,"bls_schedule/2016/home.htm entry ('08:30 AM Eastern Time', weekday Friday)",,144598,144448,144591,2016-10-07,,,,,,,,,ALFRED PAYEMS vintage 2016-09-02 (realtime_start=release date),,2016-09-02T12:30:00Z,DATE_ONLY,https://www.bls.gov/news.release/archives/empsit_09022016.htm,,August 2016 Employment Situation
MACRO-CPI-201608,CPI,2016-09-16,2016-08,2016-09-16T12:30:00Z,EXACT_SCHEDULE_PAGE,"bls_schedule/2016/home.htm entry ('08:30 AM Eastern Time', weekday Friday)",,,,,,240.305,239.828,248.338,247.713,,,,,ALFRED CPIAUCSL vintage 2016-09-16 (realtime_start=release date),,2016-09-16T12:30:00Z,DATE_ONLY,https://www.bls.gov/news.release/archives/cpi_09162016.htm,,August 2016 Consumer Price Index
MACRO-FOMC-20160921,FOMC,2016-09-21,2016-09-21,2016-09-21T18:00:00Z,EXACT_STATEMENT_PAGE,official page line 'For release at 2:00 p.m. EDT' (statement_page),scheduled,,,,,,,,,0.25-0.5%,0.25-0.5%,0,,,,2016-09-21T18:00:00Z,EXACT,,https://www.federalreserve.gov/newsevents/pressreleases/monetary20160921a.htm,
MACRO-NFP-201609,NFP,2016-10-07,2016-09,2016-10-07T12:30:00Z,EXACT_SCHEDULE_PAGE,"bls_schedule/2016/home.htm entry ('08:30 AM Eastern Time', weekday Friday)",,144747,144598,144791,2016-11-04,,,,,,,,,ALFRED PAYEMS vintage 2016-10-07 (realtime_start=release date),,2016-10-07T12:30:00Z,DATE_ONLY,https://www.bls.gov/news.release/archives/empsit_10072016.htm,,September 2016 Employment Situation
MACRO-CPI-201609,CPI,2016-10-18,2016-09,2016-10-18T12:30:00Z,EXACT_SCHEDULE_PAGE,"bls_schedule/2016/home.htm entry ('08:30 AM Eastern Time', weekday Tuesday)",,,,,,241.002,240.305,248.611,248.338,,,,,ALFRED CPIAUCSL vintage 2016-10-18 (realtime_start=release date),,2016-10-18T12:30:00Z,DATE_ONLY,https://www.bls.gov/news.release/archives/cpi_10182016.htm,,September 2016 Consumer Price Index
MACRO-FOMC-20161102,FOMC,2016-11-02,2016-11-02,2016-11-02T18:00:00Z,EXACT_STATEMENT_PAGE,official page line 'For release at 2:00 p.m. EDT' (statement_page),scheduled,,,,,,,,,0.25-0.5%,0.25-0.5%,0,,,,2016-11-02T18:00:00Z,EXACT,,https://www.federalreserve.gov/newsevents/pressreleases/monetary20161102a.htm,
MACRO-NFP-201610,NFP,2016-11-04,2016-10,2016-11-04T12:30:00Z,EXACT_SCHEDULE_PAGE,"bls_schedule/2016/home.htm entry ('08:30 AM Eastern Time', weekday Friday)",,144952,144747,144950,2016-12-02,,,,,,,,,ALFRED PAYEMS vintage 2016-11-04 (realtime_start=release date),,2016-11-04T12:30:00Z,DATE_ONLY,https://www.bls.gov/news.release/archives/empsit_11042016.htm,,October 2016 Employment Situation
MACRO-CPI-201610,CPI,2016-11-17,2016-10,2016-11-17T13:30:00Z,EXACT_SCHEDULE_PAGE,"bls_schedule/2016/home.htm entry ('08:30 AM Eastern Time', weekday Thursday)",,,,,,241.863,241.002,248.981,248.611,,,,,ALFRED CPIAUCSL vintage 2016-11-17 (realtime_start=release date),,2016-11-17T13:30:00Z,DATE_ONLY,https://www.bls.gov/news.release/archives/cpi_11172016.htm,,October 2016 Consumer Price Index
MACRO-NFP-201611,NFP,2016-12-02,2016-11,2016-12-02T13:30:00Z,EXACT_SCHEDULE_PAGE,"bls_schedule/2016/home.htm entry ('08:30 AM Eastern Time', weekday Friday)",,145128,144952,145147,2017-01-06,,,,,,,,,ALFRED PAYEMS vintage 2016-12-02 (realtime_start=release date),,2016-12-02T13:30:00Z,DATE_ONLY,https://www.bls.gov/news.release/archives/empsit_12022016.htm,,November 2016 Employment Situation
MACRO-FOMC-20161214,FOMC,2016-12-14,2016-12-14,2016-12-14T19:00:00Z,EXACT_STATEMENT_PAGE,official page line 'For release at 2:00 p.m. EST' (statement_page),scheduled,,,,,,,,,0.25-0.5%,0.5-0.75%,25,,,,2016-12-14T19:00:00Z,EXACT,,https://www.federalreserve.gov/newsevents/pressreleases/monetary20161214a.htm,
MACRO-CPI-201611,CPI,2016-12-15,2016-11,2016-12-15T13:30:00Z,EXACT_SCHEDULE_PAGE,"bls_schedule/2016/home.htm entry ('08:30 AM Eastern Time', weekday Thursday)",,,,,,242.348,241.863,249.357,248.981,,,,,ALFRED CPIAUCSL vintage 2016-12-15 (realtime_start=release date),,2016-12-15T13:30:00Z,DATE_ONLY,https://www.bls.gov/news.release/archives/cpi_12152016.htm,,November 2016 Consumer Price Index
MACRO-NFP-201612,NFP,2017-01-06,2016-12,2017-01-06T13:30:00Z,EXACT_SCHEDULE_PAGE,"bls_schedule/2017/home.htm entry ('08:30 AM Eastern Time', weekday Friday)",,145303,145128,145327,2017-02-03,,,,,,,,,ALFRED PAYEMS vintage 2017-01-06 (realtime_start=release date),,2017-01-06T13:30:00Z,DATE_ONLY,https://www.bls.gov/news.release/archives/empsit_01062017.htm,,December 2016 Employment Situation
MACRO-CPI-201612,CPI,2017-01-18,2016-12,2017-01-18T13:30:00Z,EXACT_SCHEDULE_PAGE,"bls_schedule/2017/home.htm entry ('08:30 AM Eastern Time', weekday Wednesday)",,,,,,243.032,242.348,249.930,249.357,,,,,ALFRED CPIAUCSL vintage 2017-01-18 (realtime_start=release date),,2017-01-18T13:30:00Z,DATE_ONLY,https://www.bls.gov/news.release/archives/cpi_01182017.htm,,December 2016 Consumer Price Index
MACRO-FOMC-20170201,FOMC,2017-02-01,2017-02-01,2017-02-01T19:00:00Z,EXACT_STATEMENT_PAGE,official page line 'For release at 2:00 p.m. EST' (statement_page),scheduled,,,,,,,,,0.5-0.75%,0.5-0.75%,0,,,,2017-02-01T19:00:00Z,EXACT,,https://www.federalreserve.gov/newsevents/pressreleases/monetary20170201a.htm,
MACRO-NFP-201701,NFP,2017-02-03,2017-01,2017-02-03T13:30:00Z,EXACT_SCHEDULE_PAGE,"bls_schedule/2017/home.htm entry ('08:30 AM Eastern Time', weekday Friday)",,145554,145303,145563,2017-03-10,,,,,,,,,ALFRED PAYEMS vintage 2017-02-03 (realtime_start=release date),,2017-02-03T13:30:00Z,DATE_ONLY,https://www.bls.gov/news.release/archives/empsit_02032017.htm,,January 2017 Employment Situation
MACRO-CPI-201701,CPI,2017-02-15,2017-01,2017-02-15T13:30:00Z,EXACT_SCHEDULE_PAGE,"bls_schedule/2017/home.htm entry ('08:30 AM Eastern Time', weekday Wednesday)",,,,,,244.158,243.032,250.783,249.930,,,,,ALFRED CPIAUCSL vintage 2017-02-15 (realtime_start=release date),,2017-02-15T13:30:00Z,DATE_ONLY,https://www.bls.gov/news.release/archives/cpi_02152017.htm,,January 2017 Consumer Price Index
MACRO-NFP-201702,NFP,2017-03-10,2017-02,2017-03-10T13:30:00Z,EXACT_SCHEDULE_PAGE,"bls_schedule/2017/home.htm entry ('08:30 AM Eastern Time', weekday Friday)",,145798,145554,145760,2017-04-07,,,,,,,,,ALFRED PAYEMS vintage 2017-03-10 (realtime_start=release date),,2017-03-10T13:30:00Z,DATE_ONLY,https://www.bls.gov/news.release/archives/empsit_03102017.htm,,February 2017 Employment Situation
MACRO-CPI-201702,CPI,2017-03-15,2017-02,2017-03-15T12:30:00Z,EXACT_SCHEDULE_PAGE,"bls_schedule/2017/home.htm entry ('08:30 AM Eastern Time', weekday Wednesday)",,,,,,244.456,244.158,251.299,250.783,,,,,ALFRED CPIAUCSL vintage 2017-03-15 (realtime_start=release date),,2017-03-15T12:30:00Z,DATE_ONLY,https://www.bls.gov/news.release/archives/cpi_03152017.htm,,February 2017 Consumer Price Index
MACRO-FOMC-20170315,FOMC,2017-03-15,2017-03-15,2017-03-15T18:00:00Z,EXACT_STATEMENT_PAGE,official page line 'For release at 2:00 p.m. EDT' (statement_page),scheduled,,,,,,,,,0.5-0.75%,0.75-1%,25,,,,2017-03-15T18:00:00Z,EXACT,,https://www.federalreserve.gov/newsevents/pressreleases/monetary20170315a.htm,
MACRO-NFP-201703,NFP,2017-04-07,2017-03,2017-04-07T12:30:00Z,EXACT_SCHEDULE_PAGE,"bls_schedule/2017/home.htm entry ('08:30 AM Eastern Time', weekday Friday)",,145858,145798,145852,2017-05-05,,,,,,,,,ALFRED PAYEMS vintage 2017-04-07 (realtime_start=release date),,2017-04-07T12:30:00Z,DATE_ONLY,https://www.bls.gov/news.release/archives/empsit_04072017.htm,,March 2017 Employment Situation
MACRO-CPI-201703,CPI,2017-04-14,2017-03,2017-04-14T12:30:00Z,EXACT_SCHEDULE_PAGE,"bls_schedule/2017/home.htm entry ('08:30 AM Eastern Time', weekday Friday)",,,,,,243.752,244.456,250.993,251.299,,,,,ALFRED CPIAUCSL vintage 2017-04-14 (realtime_start=release date),,2017-04-14T12:30:00Z,DATE_ONLY,https://www.bls.gov/news.release/archives/cpi_04142017.htm,,March 2017 Consumer Price Index
MACRO-FOMC-20170503,FOMC,2017-05-03,2017-05-03,2017-05-03T18:00:00Z,EXACT_STATEMENT_PAGE,official page line 'For release at 2:00 p.m. EDT' (statement_page),scheduled,,,,,,,,,0.75-1%,0.75-1%,0,,,,2017-05-03T18:00:00Z,EXACT,,https://www.federalreserve.gov/newsevents/pressreleases/monetary20170503a.htm,
MACRO-NFP-201704,NFP,2017-05-05,2017-04,2017-05-05T12:30:00Z,EXACT_SCHEDULE_PAGE,"bls_schedule/2017/home.htm entry ('08:30 AM Eastern Time', weekday Friday)",,146063,145858,145997,2017-06-02,,,,,,,,,ALFRED PAYEMS vintage 2017-05-05 (realtime_start=release date),,2017-05-05T12:30:00Z,DATE_ONLY,https://www.bls.gov/news.release/archives/empsit_05052017.htm,,April 2017 Employment Situation
MACRO-CPI-201704,CPI,2017-05-12,2017-04,2017-05-12T12:30:00Z,EXACT_SCHEDULE_PAGE,"bls_schedule/2017/home.htm entry ('08:30 AM Eastern Time', weekday Friday)",,,,,,244.158,243.752,251.172,250.993,,,,,ALFRED CPIAUCSL vintage 2017-05-12 (realtime_start=release date),,2017-05-12T12:30:00Z,DATE_ONLY,https://www.bls.gov/news.release/archives/cpi_05122017.htm,,April 2017 Consumer Price Index
MACRO-NFP-201705,NFP,2017-06-02,2017-05,2017-06-02T12:30:00Z,EXACT_SCHEDULE_PAGE,"bls_schedule/2017/home.htm entry ('08:30 AM Eastern Time', weekday Friday)",,146135,146063,146182,2017-07-07,,,,,,,,,ALFRED PAYEMS vintage 2017-06-02 (realtime_start=release date),,2017-06-02T12:30:00Z,DATE_ONLY,https://www.bls.gov/news.release/archives/empsit_06022017.htm,,May 2017 Employment Situation
MACRO-CPI-201705,CPI,2017-06-14,2017-05,2017-06-14T12:30:00Z,EXACT_SCHEDULE_PAGE,"bls_schedule/2017/home.htm entry ('08:30 AM Eastern Time', weekday Wednesday)",,,,,,243.846,244.158,251.329,251.172,,,,,ALFRED CPIAUCSL vintage 2017-06-14 (realtime_start=release date),,2017-06-14T12:30:00Z,DATE_ONLY,https://www.bls.gov/news.release/archives/cpi_06142017.htm,,May 2017 Consumer Price Index
MACRO-FOMC-20170614,FOMC,2017-06-14,2017-06-14,2017-06-14T18:00:00Z,EXACT_STATEMENT_PAGE,official page line 'For release at 2:00 p.m. EDT' (statement_page),scheduled,,,,,,,,,0.75-1%,1-1.25%,25,,,,2017-06-14T18:00:00Z,EXACT,,https://www.federalreserve.gov/newsevents/pressreleases/monetary20170614a.htm,
MACRO-NFP-201706,NFP,2017-07-07,2017-06,2017-07-07T12:30:00Z,EXACT_SCHEDULE_PAGE,"bls_schedule/2017/home.htm entry ('08:30 AM Eastern Time', weekday Friday)",,146404,146135,146406,2017-08-04,,,,,,,,,ALFRED PAYEMS vintage 2017-07-07 (realtime_start=release date),,2017-07-07T12:30:00Z,DATE_ONLY,https://www.bls.gov/news.release/archives/empsit_07072017.htm,,June 2017 Employment Situation
MACRO-CPI-201706,CPI,2017-07-14,2017-06,2017-07-14T12:30:00Z,EXACT_SCHEDULE_PAGE,"bls_schedule/2017/home.htm entry ('08:30 AM Eastern Time', weekday Friday)",,,,,,243.790,243.846,251.627,251.329,,,,,ALFRED CPIAUCSL vintage 2017-07-14 (realtime_start=release date),,2017-07-14T12:30:00Z,DATE_ONLY,https://www.bls.gov/news.release/archives/cpi_07142017.htm,,June 2017 Consumer Price Index
MACRO-FOMC-20170726,FOMC,2017-07-26,2017-07-26,2017-07-26T18:00:00Z,EXACT_STATEMENT_PAGE,official page line 'For release at 2:00 p.m. EDT' (statement_page),scheduled,,,,,,,,,1-1.25%,1-1.25%,0,,,,2017-07-26T18:00:00Z,EXACT,,https://www.federalreserve.gov/newsevents/pressreleases/monetary20170726a.htm,
MACRO-NFP-201707,NFP,2017-08-04,2017-07,2017-08-04T12:30:00Z,EXACT_SCHEDULE_PAGE,"bls_schedule/2017/home.htm entry ('08:30 AM Eastern Time', weekday Friday)",,146615,146404,146574,2017-09-01,,,,,,,,,ALFRED PAYEMS vintage 2017-08-04 (realtime_start=release date),,2017-08-04T12:30:00Z,DATE_ONLY,https://www.bls.gov/news.release/archives/empsit_08042017.htm,,July 2017 Employment Situation
MACRO-CPI-201707,CPI,2017-08-11,2017-07,2017-08-11T12:30:00Z,EXACT_SCHEDULE_PAGE,"bls_schedule/2017/home.htm entry ('08:30 AM Eastern Time', weekday Friday)",,,,,,244.048,243.790,251.914,251.627,,,,,ALFRED CPIAUCSL vintage 2017-08-11 (realtime_start=release date),,2017-08-11T12:30:00Z,DATE_ONLY,https://www.bls.gov/news.release/archives/cpi_08112017.htm,,July 2017 Consumer Price Index
MACRO-NFP-201708,NFP,2017-09-01,2017-08,2017-09-01T12:30:00Z,EXACT_SCHEDULE_PAGE,"bls_schedule/2017/home.htm entry ('08:30 AM Eastern Time', weekday Friday)",,146730,146615,146692,2017-10-06,,,,,,,,,ALFRED PAYEMS vintage 2017-09-01 (realtime_start=release date),,2017-09-01T12:30:00Z,DATE_ONLY,https://www.bls.gov/news.release/archives/empsit_09012017.htm,,August 2017 Employment Situation
MACRO-CPI-201708,CPI,2017-09-14,2017-08,2017-09-14T12:30:00Z,EXACT_SCHEDULE_PAGE,"bls_schedule/2017/home.htm entry ('08:30 AM Eastern Time', weekday Thursday)",,,,,,245.030,244.048,252.540,251.914,,,,,ALFRED CPIAUCSL vintage 2017-09-14 (realtime_start=release date),,2017-09-14T12:30:00Z,DATE_ONLY,https://www.bls.gov/news.release/archives/cpi_09142017.htm,,August 2017 Consumer Price Index
MACRO-FOMC-20170920,FOMC,2017-09-20,2017-09-20,2017-09-20T18:00:00Z,EXACT_STATEMENT_PAGE,official page line 'For release at 2:00 p.m. EDT' (statement_page),scheduled,,,,,,,,,1-1.25%,1-1.25%,0,,,,2017-09-20T18:00:00Z,EXACT,,https://www.federalreserve.gov/newsevents/pressreleases/monetary20170920a.htm,
MACRO-NFP-201709,NFP,2017-10-06,2017-09,2017-10-06T12:30:00Z,EXACT_SCHEDULE_PAGE,"bls_schedule/2017/home.htm entry ('08:30 AM Eastern Time', weekday Friday)",,146659,146730,146749,2017-11-03,,,,,,,,,ALFRED PAYEMS vintage 2017-10-06 (realtime_start=release date),,2017-10-06T12:30:00Z,DATE_ONLY,https://www.bls.gov/news.release/archives/empsit_10062017.htm,,September 2017 Employment Situation
MACRO-CPI-201709,CPI,2017-10-13,2017-09,2017-10-13T12:30:00Z,EXACT_SCHEDULE_PAGE,"bls_schedule/2017/home.htm entry ('08:30 AM Eastern Time', weekday Friday)",,,,,,246.373,245.030,252.860,252.540,,,,,ALFRED CPIAUCSL vintage 2017-10-13 (realtime_start=release date),,2017-10-13T12:30:00Z,DATE_ONLY,https://www.bls.gov/news.release/archives/cpi_10132017.htm,,September 2017 Consumer Price Index
MACRO-FOMC-20171101,FOMC,2017-11-01,2017-11-01,2017-11-01T18:00:00Z,EXACT_STATEMENT_PAGE,official page line 'For release at 2:00 p.m. EDT' (statement_page),scheduled,,,,,,,,,1-1.25%,1-1.25%,0,,,,2017-11-01T18:00:00Z,EXACT,,https://www.federalreserve.gov/newsevents/pressreleases/monetary20171101a.htm,
MACRO-NFP-201710,NFP,2017-11-03,2017-10,2017-11-03T12:30:00Z,EXACT_SCHEDULE_PAGE,"bls_schedule/2017/home.htm entry ('08:30 AM Eastern Time', weekday Friday)",,147010,146659,147013,2017-12-08,,,,,,,,,ALFRED PAYEMS vintage 2017-11-03 (realtime_start=release date),,2017-11-03T12:30:00Z,DATE_ONLY,https://www.bls.gov/news.release/archives/empsit_11032017.htm,,October 2017 Employment Situation
MACRO-CPI-201710,CPI,2017-11-15,2017-10,2017-11-15T13:30:00Z,EXACT_SCHEDULE_PAGE,"bls_schedule/2017/home.htm entry ('08:30 AM Eastern Time', weekday Wednesday)",,,,,,246.639,246.373,253.428,252.860,,,,,ALFRED CPIAUCSL vintage 2017-11-15 (realtime_start=release date),,2017-11-15T13:30:00Z,DATE_ONLY,https://www.bls.gov/news.release/archives/cpi_11152017.htm,,October 2017 Consumer Price Index
MACRO-NFP-201711,NFP,2017-12-08,2017-11,2017-12-08T13:30:00Z,EXACT_SCHEDULE_PAGE,"bls_schedule/2017/home.htm entry ('08:30 AM Eastern Time', weekday Friday)",,147241,147010,147232,2018-01-05,,,,,,,,,ALFRED PAYEMS vintage 2017-12-08 (realtime_start=release date),,2017-12-08T13:30:00Z,DATE_ONLY,https://www.bls.gov/news.release/archives/empsit_12082017.htm,,November 2017 Employment Situation
MACRO-CPI-201711,CPI,2017-12-13,2017-11,2017-12-13T13:30:00Z,EXACT_SCHEDULE_PAGE,"bls_schedule/2017/home.htm entry ('08:30 AM Eastern Time', weekday Wednesday)",,,,,,247.592,246.639,253.724,253.428,,,,,ALFRED CPIAUCSL vintage 2017-12-13 (realtime_start=release date),,2017-12-13T13:30:00Z,DATE_ONLY,https://www.bls.gov/news.release/archives/cpi_12132017.htm,,November 2017 Consumer Price Index
MACRO-FOMC-20171213,FOMC,2017-12-13,2017-12-13,2017-12-13T19:00:00Z,EXACT_STATEMENT_PAGE,official page line 'For release at 2:00 p.m. EST' (statement_page),scheduled,,,,,,,,,1-1.25%,1.25-1.5%,25,,,,2017-12-13T19:00:00Z,EXACT,,https://www.federalreserve.gov/newsevents/pressreleases/monetary20171213a.htm,
MACRO-NFP-201712,NFP,2018-01-05,2017-12,2018-01-05T13:30:00Z,EXACT_SCHEDULE_PAGE,"bls_schedule/2018/home.htm entry ('08:30 AM Eastern Time', weekday Friday)",,147380,147241,147610,2018-02-02,,,,,,,,,ALFRED PAYEMS vintage 2018-01-05 (realtime_start=release date),,2018-01-05T13:30:00Z,DATE_ONLY,https://www.bls.gov/news.release/archives/empsit_01052018.htm,,December 2017 Employment Situation
MACRO-CPI-201712,CPI,2018-01-12,2017-12,2018-01-12T13:30:00Z,EXACT_SCHEDULE_PAGE,"bls_schedule/2018/home.htm entry ('08:30 AM Eastern Time', weekday Friday)",,,,,,247.963,247.592,254.426,253.724,,,,,ALFRED CPIAUCSL vintage 2018-01-12 (realtime_start=release date),,2018-01-12T13:30:00Z,DATE_ONLY,https://www.bls.gov/news.release/archives/cpi_01122018.htm,,December 2017 Consumer Price Index
MACRO-FOMC-20180131,FOMC,2018-01-31,2018-01-31,2018-01-31T19:00:00Z,EXACT_STATEMENT_PAGE,official page line 'For release at 2:00 p.m. EST' (statement_page),scheduled,,,,,,,,,1.25-1.5%,1.25-1.5%,0,,,,2018-01-31T19:00:00Z,EXACT,,https://www.federalreserve.gov/newsevents/pressreleases/monetary20180131a.htm,
MACRO-NFP-201801,NFP,2018-02-02,2018-01,2018-02-02T13:30:00Z,EXACT_SCHEDULE_PAGE,"bls_schedule/2018/home.htm entry ('08:30 AM Eastern Time', weekday Friday)",,147810,147380,147864,2018-03-09,,,,,,,,,ALFRED PAYEMS vintage 2018-02-02 (realtime_start=release date),,2018-02-02T13:30:00Z,DATE_ONLY,https://www.bls.gov/news.release/archives/empsit_02022018.htm,,January 2018 Employment Situation
MACRO-CPI-201801,CPI,2018-02-14,2018-01,2018-02-14T13:30:00Z,EXACT_SCHEDULE_PAGE,"bls_schedule/2018/home.htm entry ('08:30 AM Eastern Time', weekday Wednesday)",,,,,,249.245,247.963,255.287,254.426,,,,,ALFRED CPIAUCSL vintage 2018-02-14 (realtime_start=release date),,2018-02-14T13:30:00Z,DATE_ONLY,https://www.bls.gov/news.release/archives/cpi_02142018.htm,,January 2018 Consumer Price Index
MACRO-NFP-201802,NFP,2018-03-09,2018-02,2018-03-09T13:30:00Z,EXACT_SCHEDULE_PAGE,"bls_schedule/2018/home.htm entry ('08:30 AM Eastern Time', weekday Friday)",,148177,147810,148127,2018-04-06,,,,,,,,,ALFRED PAYEMS vintage 2018-03-09 (realtime_start=release date),,2018-03-09T13:30:00Z,DATE_ONLY,https://www.bls.gov/news.release/archives/empsit_03092018.htm,,February 2018 Employment Situation
MACRO-CPI-201802,CPI,2018-03-13,2018-02,2018-03-13T12:30:00Z,EXACT_SCHEDULE_PAGE,"bls_schedule/2018/home.htm entry ('08:30 AM Eastern Time', weekday Tuesday)",,,,,,249.619,249.245,255.751,255.287,,,,,ALFRED CPIAUCSL vintage 2018-03-13 (realtime_start=release date),,2018-03-13T12:30:00Z,DATE_ONLY,https://www.bls.gov/news.release/archives/cpi_03132018.htm,,February 2018 Consumer Price Index
MACRO-FOMC-20180321,FOMC,2018-03-21,2018-03-21,2018-03-21T18:00:00Z,EXACT_STATEMENT_PAGE,official page line 'For release at 2:00 p.m. EDT' (statement_page),scheduled,,,,,,,,,1.25-1.5%,1.5-1.75%,25,,,,2018-03-21T18:00:00Z,EXACT,,https://www.federalreserve.gov/newsevents/pressreleases/monetary20180321a.htm,
MACRO-NFP-201803,NFP,2018-04-06,2018-03,2018-04-06T12:30:00Z,EXACT_SCHEDULE_PAGE,"bls_schedule/2018/home.htm entry ('08:30 AM Eastern Time', weekday Friday)",,148230,148177,148260,2018-05-04,,,,,,,,,ALFRED PAYEMS vintage 2018-04-06 (realtime_start=release date),,2018-04-06T12:30:00Z,DATE_ONLY,https://www.bls.gov/news.release/archives/empsit_04062018.htm,,March 2018 Employment Situation
MACRO-CPI-201803,CPI,2018-04-11,2018-03,2018-04-11T12:30:00Z,EXACT_SCHEDULE_PAGE,"bls_schedule/2018/home.htm entry ('08:30 AM Eastern Time', weekday Wednesday)",,,,,,249.462,249.619,256.200,255.751,,,,,ALFRED CPIAUCSL vintage 2018-04-11 (realtime_start=release date),,2018-04-11T12:30:00Z,DATE_ONLY,https://www.bls.gov/news.release/archives/cpi_04112018.htm,,March 2018 Consumer Price Index
MACRO-FOMC-20180502,FOMC,2018-05-02,2018-05-02,2018-05-02T18:00:00Z,EXACT_STATEMENT_PAGE,official page line 'For release at 2:00 p.m. EDT' (statement_page),scheduled,,,,,,,,,1.5-1.75%,1.5-1.75%,0,,,,2018-05-02T18:00:00Z,EXACT,,https://www.federalreserve.gov/newsevents/pressreleases/monetary20180502a.htm,
MACRO-NFP-201804,NFP,2018-05-04,2018-04,2018-05-04T12:30:00Z,EXACT_SCHEDULE_PAGE,"bls_schedule/2018/home.htm entry ('08:30 AM Eastern Time', weekday Friday)",,148424,148230,148439,2018-06-01,,,,,,,,,ALFRED PAYEMS vintage 2018-05-04 (realtime_start=release date),,2018-05-04T12:30:00Z,DATE_ONLY,https://www.bls.gov/news.release/archives/empsit_05042018.htm,,April 2018 Employment Situation
MACRO-CPI-201804,CPI,2018-05-10,2018-04,2018-05-10T12:30:00Z,EXACT_SCHEDULE_PAGE,"bls_schedule/2018/home.htm entry ('08:30 AM Eastern Time', weekday Thursday)",,,,,,250.013,249.462,256.450,256.200,,,,,ALFRED CPIAUCSL vintage 2018-05-10 (realtime_start=release date),,2018-05-10T12:30:00Z,DATE_ONLY,https://www.bls.gov/news.release/archives/cpi_05102018.htm,,April 2018 Consumer Price Index
MACRO-NFP-201805,NFP,2018-06-01,2018-05,2018-06-01T12:30:00Z,EXACT_SCHEDULE_PAGE,"bls_schedule/2018/home.htm entry ('08:30 AM Eastern Time', weekday Friday)",,148662,148424,148699,2018-07-06,,,,,,,,,ALFRED PAYEMS vintage 2018-06-01 (realtime_start=release date),,2018-06-01T12:30:00Z,DATE_ONLY,https://www.bls.gov/news.release/archives/empsit_06012018.htm,,May 2018 Employment Situation
MACRO-CPI-201805,CPI,2018-06-12,2018-05,2018-06-12T12:30:00Z,EXACT_SCHEDULE_PAGE,"bls_schedule/2018/home.htm entry ('08:30 AM Eastern Time', weekday Tuesday)",,,,,,250.535,250.013,256.889,256.450,,,,,ALFRED CPIAUCSL vintage 2018-06-12 (realtime_start=release date),,2018-06-12T12:30:00Z,DATE_ONLY,https://www.bls.gov/news.release/archives/cpi_06122018.htm,,May 2018 Consumer Price Index
MACRO-FOMC-20180613,FOMC,2018-06-13,2018-06-13,2018-06-13T18:00:00Z,EXACT_STATEMENT_PAGE,official page line 'For release at 2:00 p.m. EDT' (statement_page),scheduled,,,,,,,,,1.5-1.75%,1.75-2%,25,,,,2018-06-13T18:00:00Z,EXACT,,https://www.federalreserve.gov/newsevents/pressreleases/monetary20180613a.htm,
MACRO-NFP-201806,NFP,2018-07-06,2018-06,2018-07-06T12:30:00Z,EXACT_SCHEDULE_PAGE,"bls_schedule/2018/home.htm entry ('08:30 AM Eastern Time', weekday Friday)",,148912,148662,148971,2018-08-03,,,,,,,,,ALFRED PAYEMS vintage 2018-07-06 (realtime_start=release date),,2018-07-06T12:30:00Z,DATE_ONLY,https://www.bls.gov/news.release/archives/empsit_07062018.htm,,June 2018 Employment Situation
MACRO-CPI-201806,CPI,2018-07-12,2018-06,2018-07-12T12:30:00Z,EXACT_SCHEDULE_PAGE,"bls_schedule/2018/home.htm entry ('08:30 AM Eastern Time', weekday Thursday)",,,,,,250.857,250.535,257.305,256.889,,,,,ALFRED CPIAUCSL vintage 2018-07-12 (realtime_start=release date),,2018-07-12T12:30:00Z,DATE_ONLY,https://www.bls.gov/news.release/archives/cpi_07122018.htm,,June 2018 Consumer Price Index
MACRO-FOMC-20180801,FOMC,2018-08-01,2018-08-01,2018-08-01T18:00:00Z,EXACT_STATEMENT_PAGE,official page line 'For release at 2:00 p.m. EDT' (statement_page),scheduled,,,,,,,,,1.75-2%,1.75-2%,0,,,,2018-08-01T18:00:00Z,EXACT,,https://www.federalreserve.gov/newsevents/pressreleases/monetary20180801a.htm,
MACRO-NFP-201807,NFP,2018-08-03,2018-07,2018-08-03T12:30:00Z,EXACT_SCHEDULE_PAGE,"bls_schedule/2018/home.htm entry ('08:30 AM Eastern Time', weekday Friday)",,149128,148912,149078,2018-09-07,,,,,,,,,ALFRED PAYEMS vintage 2018-08-03 (realtime_start=release date),,2018-08-03T12:30:00Z,DATE_ONLY,https://www.bls.gov/news.release/archives/empsit_08032018.htm,,July 2018 Employment Situation
MACRO-CPI-201807,CPI,2018-08-10,2018-07,2018-08-10T12:30:00Z,EXACT_SCHEDULE_PAGE,"bls_schedule/2018/home.htm entry ('08:30 AM Eastern Time', weekday Friday)",,,,,,251.286,250.857,257.930,257.305,,,,,ALFRED CPIAUCSL vintage 2018-08-10 (realtime_start=release date),,2018-08-10T12:30:00Z,DATE_ONLY,https://www.bls.gov/news.release/archives/cpi_08102018.htm,,July 2018 Consumer Price Index
MACRO-NFP-201808,NFP,2018-09-07,2018-08,2018-09-07T12:30:00Z,EXACT_SCHEDULE_PAGE,"bls_schedule/2018/home.htm entry ('08:30 AM Eastern Time', weekday Friday)",,149279,149128,149366,2018-10-05,,,,,,,,,ALFRED PAYEMS vintage 2018-09-07 (realtime_start=release date),,2018-09-07T12:30:00Z,DATE_ONLY,https://www.bls.gov/news.release/archives/empsit_09072018.htm,,August 2018 Employment Situation
MACRO-CPI-201808,CPI,2018-09-13,2018-08,2018-09-13T12:30:00Z,EXACT_SCHEDULE_PAGE,"bls_schedule/2018/home.htm entry ('08:30 AM Eastern Time', weekday Thursday)",,,,,,251.846,251.286,258.141,257.930,,,,,ALFRED CPIAUCSL vintage 2018-09-13 (realtime_start=release date),,2018-09-13T12:30:00Z,DATE_ONLY,https://www.bls.gov/news.release/archives/cpi_09132018.htm,,August 2018 Consumer Price Index
MACRO-FOMC-20180926,FOMC,2018-09-26,2018-09-26,2018-09-26T18:00:00Z,EXACT_STATEMENT_PAGE,official page line 'For release at 2:00 p.m. EDT' (statement_page),scheduled,,,,,,,,,1.75-2%,2-2.25%,25,,,,2018-09-26T18:00:00Z,EXACT,,https://www.federalreserve.gov/newsevents/pressreleases/monetary20180926a.htm,
MACRO-NFP-201809,NFP,2018-10-05,2018-09,2018-10-05T12:30:00Z,EXACT_SCHEDULE_PAGE,"bls_schedule/2018/home.htm entry ('08:30 AM Eastern Time', weekday Friday)",,149500,149279,149500,2018-11-02,,,,,,,,,ALFRED PAYEMS vintage 2018-10-05 (realtime_start=release date),,2018-10-05T12:30:00Z,DATE_ONLY,https://www.bls.gov/news.release/archives/empsit_10052018.htm,,September 2018 Employment Situation
MACRO-CPI-201809,CPI,2018-10-11,2018-09,2018-10-11T12:30:00Z,EXACT_SCHEDULE_PAGE,"bls_schedule/2018/home.htm entry ('08:30 AM Eastern Time', weekday Thursday)",,,,,,251.994,251.846,258.441,258.141,,,,,ALFRED CPIAUCSL vintage 2018-10-11 (realtime_start=release date),,2018-10-11T12:30:00Z,DATE_ONLY,https://www.bls.gov/news.release/archives/cpi_10112018.htm,,September 2018 Consumer Price Index
MACRO-NFP-201810,NFP,2018-11-02,2018-10,2018-11-02T12:30:00Z,EXACT_SCHEDULE_PAGE,"bls_schedule/2018/home.htm entry ('08:30 AM Eastern Time', weekday Friday)",,149750,149500,149738,2018-12-07,,,,,,,,,ALFRED PAYEMS vintage 2018-11-02 (realtime_start=release date),,2018-11-02T12:30:00Z,DATE_ONLY,https://www.bls.gov/news.release/archives/empsit_11022018.htm,,October 2018 Employment Situation
MACRO-FOMC-20181108,FOMC,2018-11-08,2018-11-08,2018-11-08T19:00:00Z,EXACT_STATEMENT_PAGE,official page line 'For release at 2:00 p.m. EST' (statement_page),scheduled,,,,,,,,,2-2.25%,2-2.25%,0,,,,2018-11-08T19:00:00Z,EXACT,,https://www.federalreserve.gov/newsevents/pressreleases/monetary20181108a.htm,
MACRO-CPI-201810,CPI,2018-11-14,2018-10,2018-11-14T13:30:00Z,EXACT_SCHEDULE_PAGE,"bls_schedule/2018/home.htm entry ('08:30 AM Eastern Time', weekday Wednesday)",,,,,,252.827,251.994,258.939,258.441,,,,,ALFRED CPIAUCSL vintage 2018-11-14 (realtime_start=release date),,2018-11-14T13:30:00Z,DATE_ONLY,https://www.bls.gov/news.release/archives/cpi_11142018.htm,,October 2018 Consumer Price Index
MACRO-NFP-201811,NFP,2018-12-07,2018-11,2018-12-07T13:30:00Z,EXACT_SCHEDULE_PAGE,"bls_schedule/2018/home.htm entry ('08:30 AM Eastern Time', weekday Friday)",,149893,149750,,,,,,,,,,,ALFRED PAYEMS vintage 2018-12-07 (realtime_start=release date),,2018-12-07T13:30:00Z,DATE_ONLY,https://www.bls.gov/news.release/archives/empsit_12072018.htm,,November 2018 Employment Situation
MACRO-CPI-201811,CPI,2018-12-12,2018-11,2018-12-12T13:30:00Z,EXACT_SCHEDULE_PAGE,"bls_schedule/2018/home.htm entry ('08:30 AM Eastern Time', weekday Wednesday)",,,,,,252.876,252.827,259.481,258.939,,,,,ALFRED CPIAUCSL vintage 2018-12-12 (realtime_start=release date),,2018-12-12T13:30:00Z,DATE_ONLY,https://www.bls.gov/news.release/archives/cpi_12122018.htm,,November 2018 Consumer Price Index
MACRO-FOMC-20181219,FOMC,2018-12-19,2018-12-19,2018-12-19T19:00:00Z,EXACT_STATEMENT_PAGE,official page line 'For release at 2:00 p.m. EST' (statement_page),scheduled,,,,,,,,,2-2.25%,2.25-2.5%,25,,,,2018-12-19T19:00:00Z,EXACT,,https://www.federalreserve.gov/newsevents/pressreleases/monetary20181219a.htm,
