family,tf,pair,params,horizon_bars,N,MEAN,MEDIAN,WIN,STD,MEAN_LOW,MEAN_NORMAL,MEAN_STRESS,MEAN_EX99,MEAN_LONG,MEAN_SHORT,N_LONG,N_SHORT,YEARS_POS_NORMAL,N_YEARS
F1_tsmom,H1,EURUSD,"{""lookback"": 24}",4,4645,0.5799138858987885,-0.2999999999997449,0.49386437029063507,33.249651536469244,-0.42008611410121155,-1.4200861141012115,-2.9200861141012115,-0.74125706829059,0.7742894056846938,0.38562204046492193,2322,2323,0,9
F1_tsmom,H1,EURUSD,"{""lookback"": 24}",12,4643,1.085203532199002,0.10000000000065512,0.5009692009476632,52.84194530323547,0.0852035321990019,-0.9147964678009981,-2.414796467800998,-0.8056788511749423,1.9047824213700901,0.2659776055124835,2321,2322,3,9
F1_tsmom,H1,EURUSD,"{""lookback"": 24}",24,4641,0.7995044171514576,0.40000000000040004,0.5035552682611506,73.23951459150433,-0.2004955828485424,-1.2004955828485424,-2.7004955828485424,-1.5135829342621019,1.7213362068965163,-0.12193020249892444,2320,2321,1,9
F1_tsmom,H1,EURUSD,"{""lookback"": 24}",48,4640,0.5857543103448175,0.5000000000010552,0.5015086206896552,104.18657519376342,-0.4142456896551825,-1.4142456896551825,-2.9142456896551825,-2.8155018506422906,-0.6215948275862608,1.7931034482758959,2320,2320,2,9
F1_tsmom,H1,EURUSD,"{""lookback"": 48}",4,3251,0.05856659489388013,-0.5000000000010552,0.48661950169178714,31.312927037691544,-0.9414334051061198,-1.94143340510612,-3.4414334051061197,-1.2285891858297069,0.9647566235366573,-0.8448402948402893,1623,1628,1,9
F1_tsmom,H1,EURUSD,"{""lookback"": 48}",12,3251,0.2719778529683223,0.20000000000131024,0.5010765918179022,51.77569182298228,-0.7280221470316777,-1.7280221470316777,-3.2280221470316777,-1.615661901802359,0.34966112138016076,0.1945331695331781,1623,1628,1,9
F1_tsmom,H1,EURUSD,"{""lookback"": 48}",24,3251,-0.455552137803745,0.2999999999997449,0.5023069824669333,74.98814828877738,-1.455552137803745,-2.455552137803745,-3.955552137803745,-2.825388440024851,-1.1780653111521944,0.26474201474203735,1623,1628,1,9
F1_tsmom,H1,EURUSD,"{""lookback"": 48}",48,3251,-0.07643801907104382,0.0,0.49953860350661333,108.70066058132342,-1.0764380190710439,-2.076438019071044,-3.576438019071044,-3.5764449968924685,-3.4683302526186033,3.3050368550368736,1623,1628,2,9
F1_tsmom,H1,EURUSD,"{""lookback"": 96}",4,2228,0.4201526032316286,-0.2999999999997449,0.49012567324955114,33.69319500772407,-0.5798473967683714,-1.5798473967683715,-3.0798473967683715,-1.0786394557822838,0.8900448430493575,-0.05058400718774896,1115,1113,1,9
F1_tsmom,H1,EURUSD,"{""lookback"": 96}",12,2228,0.8300269299820745,0.900000000000345,0.507181328545781,53.62071969994268,-0.1699730700179255,-1.1699730700179254,-2.6699730700179254,-1.1485714285713964,-0.021883408071722656,1.6834681042228516,1115,1113,2,9
F1_tsmom,H1,EURUSD,"{""lookback"": 96}",24,2228,-0.6008527827647936,-0.4499999999996174,0.49775583482944347,74.57131745375882,-1.6008527827647936,-2.6008527827647936,-4.100852782764793,-3.0765079365079195,-5.104035874439473,3.9104222821204413,1115,1113,0,9
F1_tsmom,H1,EURUSD,"{""lookback"": 96}",48,2221,0.36109860423233037,-0.9999999999998899,0.49662314272850067,106.03332630735271,-0.6389013957676697,-1.6389013957676697,-3.1389013957676695,-3.0792538671519574,-5.013321332133222,5.7403603603603734,1111,1110,2,9
F1_tsmom,H1,EURUSD,"{""lookback"": 192}",4,1635,0.8773700305810322,-0.6999999999979245,0.4892966360856269,32.670343180878646,-0.12262996941896775,-1.1226299694189676,-2.6226299694189676,-0.48238566131026606,0.8713586291309764,0.8833740831295598,817,818,2,9
F1_tsmom,H1,EURUSD,"{""lookback"": 192}",12,1635,-0.2525382262996827,-1.4999999999987246,0.4868501529051988,50.48712572037062,-1.2525382262996827,-2.2525382262996825,-3.7525382262996825,-2.0967243510506735,-0.9401468788249485,0.4342298288508583,817,818,1,9
F1_tsmom,H1,EURUSD,"{""lookback"": 192}",24,1635,0.8179204892966231,1.80000000000069,0.5070336391437309,75.10850741103748,-0.1820795107033769,-1.1820795107033768,-2.682079510703377,-1.7087144622991497,-0.4331701346388988,2.0674816625916375,817,818,3,9
F1_tsmom,H1,EURUSD,"{""lookback"": 192}",48,1635,0.8549235474006065,0.5999999999994898,0.5027522935779817,101.86372760282063,-0.1450764525993935,-1.1450764525993935,-2.6450764525993935,-2.2572311495673736,1.691921664626687,0.018948655256709263,817,818,2,9
F2_donchian,H1,EURUSD,"{""lookback"": 20}",4,4027,-0.8178048174820102,-1.7000000000000348,0.4631239135833126,34.51200851288276,-1.8178048174820103,-2.8178048174820103,-4.31780481748201,-2.166658304064241,-0.860072127769227,-0.7784755512943359,1941,2086,0,9
F2_donchian,H1,EURUSD,"{""lookback"": 20}",12,4027,-2.090936180779748,-2.100000000000435,0.4740501614104793,53.35573815096204,-3.090936180779748,-4.090936180779748,-5.590936180779748,-3.9488459608630326,-3.0415765069551766,-1.2063758389261985,1941,2086,1,9
F2_donchian,H1,EURUSD,"{""lookback"": 20}",24,4026,-2.119970193740691,-1.0499999999991072,0.49230004967709884,73.18009109566137,-3.119970193740691,-4.119970193740691,-5.619970193740691,-4.447728983688834,-4.708552292632673,0.28983213429256366,1941,2085,1,9
F2_donchian,H1,EURUSD,"{""lookback"": 20}",48,4025,-0.7376149068323181,0.40000000000040004,0.5013664596273292,103.3509592678571,-1.7376149068323181,-2.7376149068323183,-4.237614906832318,-4.001004016064276,-5.660515463917549,3.842925659472405,1940,2085,3,9
F2_donchian,H1,EURUSD,"{""lookback"": 40}",4,2797,-0.9942438326778769,-1.4999999999987246,0.4654987486592778,34.97048457777404,-1.9942438326778769,-2.994243832677877,-4.494243832677877,-2.3448898519321157,-1.190566037735858,-0.8175271739130501,1325,1472,0,9
F2_donchian,H1,EURUSD,"{""lookback"": 40}",12,2797,-2.4184483375044823,-2.2999999999995246,0.4726492670718627,54.12595741525455,-3.4184483375044823,-4.418448337504483,-5.918448337504483,-4.247237269772496,-4.128981132075462,-0.8787364130435122,1325,1472,1,9
F2_donchian,H1,EURUSD,"{""lookback"": 40}",24,2797,-3.515445119771205,-2.5999999999992696,0.48122988916696463,72.97560671080944,-4.515445119771205,-5.515445119771205,-7.015445119771205,-5.786421090646462,-7.224226415094338,-0.1770380434783029,1325,1472,1,9
F2_donchian,H1,EURUSD,"{""lookback"": 40}",48,2796,-1.9885193133047414,0.7000000000012552,0.5032188841201717,103.00829725246169,-2.9885193133047414,-3.9885193133047414,-5.488519313304741,-5.264414739884416,-8.228096676737174,3.6237092391304078,1324,1472,1,9
F2_donchian,H1,EURUSD,"{""lookback"": 80}",4,1936,-0.5212293388429894,-1.1999999999989797,0.47262396694214875,34.92658167101091,-1.5212293388429894,-2.521229338842989,-4.021229338842989,-1.887578288100224,-0.3806380638063925,-0.6456669912366272,909,1027,3,9
F2_donchian,H1,EURUSD,"{""lookback"": 80}",12,1936,-1.6343491735537423,-1.60000000000049,0.4824380165289256,53.99142522492898,-2.6343491735537423,-3.6343491735537423,-5.134349173553742,-3.5062630480167267,-3.509790979097901,0.025608568646492365,909,1027,3,9
F2_donchian,H1,EURUSD,"{""lookback"": 80}",24,1936,-3.344008264462827,-3.349999999999742,0.4715909090909091,72.40729512868963,-4.344008264462827,-5.344008264462827,-6.844008264462827,-5.69932150313154,-7.6911991199119765,0.5037000973709389,909,1027,1,9
F2_donchian,H1,EURUSD,"{""lookback"": 80}",48,1935,-1.9164341085271552,1.5999999999993797,0.5074935400516796,102.15625640430225,-2.916434108527155,-3.916434108527155,-5.416434108527155,-5.348668407310731,-7.685462555066079,3.184128529698106,908,1027,2,9
F3_trend_pullback,H1,EURUSD,"{""fast"": 20, ""slow"": 100}",4,6927,0.05640248303738977,-0.7999999999985796,0.48116067561715026,32.02357805555015,-0.9435975169626102,-1.9435975169626103,-3.44359751696261,-1.1990084572761746,-0.17977660199881457,0.2843404255319054,3402,3525,0,9
F3_trend_pullback,H1,EURUSD,"{""fast"": 20, ""slow"": 100}",12,6926,-0.34657811146405665,-1.100000000000545,0.4874386370199249,54.118986323727086,-1.3465781114640567,-2.3465781114640567,-3.8465781114640567,-2.2058780630105086,0.08335783593059762,-0.7613900709219912,3401,3525,1,9
F3_trend_pullback,H1,EURUSD,"{""fast"": 20, ""slow"": 100}",24,6924,-0.07179376083187862,-0.20000000000131024,0.49783362218370886,73.21235823172792,-1.0717937608318786,-2.071793760831879,-3.571793760831879,-2.4519988327983553,-0.4433951162106343,0.28652482269504076,3399,3525,2,9
F3_trend_pullback,H1,EURUSD,"{""fast"": 20, ""slow"": 100}",48,6922,-0.29390349609940036,-0.5000000000010552,0.49696619474140424,102.43821879387372,-1.2939034960994005,-2.2939034960994005,-3.7939034960994005,-3.5456800934033943,-2.5968207241683805,1.9253900709219687,3397,3525,1,9
F3_trend_pullback,H1,EURUSD,"{""fast"": 50, ""slow"": 200}",4,4008,0.36042914171655793,-0.2999999999997449,0.49251497005988026,34.79737699146113,-0.6395708582834421,-1.639570858283442,-3.139570858283442,-1.0122510713385533,1.069015544041443,-0.2976900866217614,1930,2078,1,9
F3_trend_pullback,H1,EURUSD,"{""fast"": 50, ""slow"": 200}",12,4008,-0.19376247504990143,-0.700000000000145,0.49051896207584833,54.550653267533086,-1.1937624750499014,-2.1937624750499016,-3.6937624750499016,-2.081220065540713,2.09383419689117,-2.3184311838305884,1930,2078,1,9
F3_trend_pullback,H1,EURUSD,"{""fast"": 50, ""slow"": 200}",24,4006,-0.28614578132801805,-0.20000000000131024,0.4977533699450824,75.33614694472449,-1.2861457813280182,-2.286145781328018,-3.786145781328018,-2.5939974779319144,1.5886929460580728,-2.0256496631376346,1928,2078,2,9
F3_trend_pullback,H1,EURUSD,"{""fast"": 50, ""slow"": 200}",48,4005,0.7374531835205878,0.4999999999988347,0.5013732833957553,105.80837178109611,-0.26254681647941225,-1.2625468164794122,-2.7625468164794125,-2.664354187689214,2.6283860923715423,-1.0160731472569828,1927,2078,3,9
F5_vol_compress_breakout,H1,EURUSD,"{""lookback"": 20, ""ratio"": 0.75}",4,42,-1.566666666666621,-3.8500000000007972,0.40476190476190477,24.60882913802878,-2.566666666666621,-3.566666666666621,-5.066666666666621,-3.2195121951218675,-1.7260869565218477,-1.3736842105260831,23,19,3,9
F5_vol_compress_breakout,H1,EURUSD,"{""lookback"": 20, ""ratio"": 0.75}",12,42,-1.1380952380952405,-8.550000000000502,0.40476190476190477,50.35884862968741,-2.1380952380952403,-3.1380952380952403,-4.63809523809524,-3.9487804878048602,-9.443478260869547,8.915789473684187,23,19,4,9
F5_vol_compress_breakout,H1,EURUSD,"{""lookback"": 20, ""ratio"": 0.75}",24,42,-3.288095238095051,-10.850000000000026,0.35714285714285715,63.96033909205908,-4.288095238095051,-5.288095238095051,-6.788095238095051,-7.999999999999768,-4.926086956521574,-1.305263157894523,23,19,3,9
F5_vol_compress_breakout,H1,EURUSD,"{""lookback"": 20, ""ratio"": 0.75}",48,42,-11.764285714285647,-10.199999999999099,0.4523809523809524,88.51935111967367,-12.764285714285647,-13.764285714285647,-15.264285714285647,-15.482926829268228,-21.13043478260888,-0.42631578947332116,23,19,4,9
F5_vol_compress_breakout,H1,EURUSD,"{""lookback"": 20, ""ratio"": 0.85}",4,310,0.6622580645160696,-0.7999999999996898,0.4774193548387097,29.261960927870057,-0.3377419354839304,-1.3377419354839304,-2.8377419354839306,-0.538888888888965,-1.266878980891887,2.641830065359529,157,153,4,9
F5_vol_compress_breakout,H1,EURUSD,"{""lookback"": 20, ""ratio"": 0.85}",12,310,2.6229032258064375,-1.9500000000005624,0.4870967741935484,53.14231388944764,1.6229032258064375,0.6229032258064375,-0.8770967741935625,0.48954248366012315,2.89426751592359,2.34444444444439,157,153,5,9
F5_vol_compress_breakout,H1,EURUSD,"{""lookback"": 20, ""ratio"": 0.85}",24,310,-0.6800000000000058,-0.8000000000008001,0.49032258064516127,64.5077596496435,-1.680000000000006,-2.680000000000006,-4.180000000000006,-3.214379084967312,1.0649681528662196,-2.470588235294107,157,153,4,9
F5_vol_compress_breakout,H1,EURUSD,"{""lookback"": 20, ""ratio"": 0.85}",48,310,-4.480322580645189,-4.20000000000087,0.4838709677419355,97.90794583434368,-5.480322580645189,-6.480322580645189,-7.980322580645189,-8.517320261437936,-3.6159235668789944,-5.36732026143795,157,153,3,9
F5_vol_compress_breakout,H1,EURUSD,"{""lookback"": 40, ""ratio"": 0.85}",4,161,-0.18695652173921,-0.2999999999997449,0.4782608695652174,30.440733668956664,-1.18695652173921,-2.18695652173921,-3.68695652173921,-1.3075471698114094,-3.4837837837838914,2.6172413793102893,74,87,3,9
F5_vol_compress_breakout,H1,EURUSD,"{""lookback"": 40, ""ratio"": 0.85}",12,161,1.2329192546584353,-0.40000000000040004,0.4906832298136646,60.02089300443377,0.23291925465843533,-0.7670807453415647,-2.2670807453415645,-1.0320754716980582,0.6891891891893845,1.6954022988505035,74,87,6,9
F5_vol_compress_breakout,H1,EURUSD,"{""lookback"": 40, ""ratio"": 0.85}",24,161,1.1739130434782432,3.60000000000138,0.5279503105590062,71.35089481020815,0.1739130434782432,-0.8260869565217568,-2.326086956521757,-1.5044025157232792,3.077027027027084,-0.4448275862069781,74,87,6,9
F5_vol_compress_breakout,H1,EURUSD,"{""lookback"": 40, ""ratio"": 0.85}",48,161,-10.251552795031175,-5.800000000000249,0.4658385093167702,100.12787642908812,-11.251552795031175,-12.251552795031175,-13.751552795031175,-14.111320754717102,-11.159459459459445,-9.479310344827823,74,87,4,9
F6_mean_reversion,H1,EURUSD,"{""sma_len"": 20, ""z"": 1.5}",4,4158,0.7827080327080526,1.40000000000029,0.5266955266955267,33.32747988873923,-0.21729196729194744,-1.2172919672919473,-2.7172919672919473,-0.5777453838678145,0.11759259259258725,1.4307692307692754,2052,2106,2,9
F6_mean_reversion,H1,EURUSD,"{""sma_len"": 20, ""z"": 1.5}",12,4158,1.4177248677248646,1.7000000000000348,0.5146705146705147,53.259629203377145,0.4177248677248646,-0.5822751322751354,-2.0822751322751354,-0.5028182701652122,0.647124756335278,2.1685660018993334,2052,2106,1,9
F6_mean_reversion,H1,EURUSD,"{""sma_len"": 20, ""z"": 1.5}",24,4157,2.980635073370232,1.6000000000016001,0.510704835217705,73.83451707842924,1.980635073370232,0.980635073370232,-0.519364926629768,0.45382746051034273,1.0097025841053204,4.900094966761653,2051,2106,7,9
F6_mean_reversion,H1,EURUSD,"{""sma_len"": 20, ""z"": 1.5}",48,4156,4.468431183830612,2.7999999999994696,0.5141963426371511,104.22634022718609,3.468431183830612,2.468431183830612,0.9684311838306119,1.1544725328147833,0.7565577766942846,8.085083135391947,2051,2105,5,9
F6_mean_reversion,H1,EURUSD,"{""sma_len"": 20, ""z"": 2.0}",4,2922,0.3891170431211374,1.2999999999996348,0.5232717316906229,33.61357980010071,-0.6108829568788626,-1.6108829568788625,-3.1108829568788625,-1.040491009681894,-1.239083557951495,2.069401947148805,1484,1438,1,9
F6_mean_reversion,H1,EURUSD,"{""sma_len"": 20, ""z"": 2.0}",12,2922,1.0561943874059003,0.900000000000345,0.5109514031485284,52.37550254643196,0.056194387405900326,-0.9438056125940997,-2.4438056125940997,-0.9173928077454901,-1.9871967654986264,4.196940194714884,1484,1438,4,9
F6_mean_reversion,H1,EURUSD,"{""sma_len"": 20, ""z"": 2.0}",24,2922,2.343189596167013,2.4000000000001798,0.5157426420260096,72.54346900585382,1.3431895961670128,0.34318959616701283,-1.1568104038329872,-0.0905601659751003,-3.0514150943396112,7.910361613351874,1484,1438,6,9
F6_mean_reversion,H1,EURUSD,"{""sma_len"": 20, ""z"": 2.0}",48,2921,1.2035946593632267,0.5000000000010552,0.5035946593632318,103.58912067396606,0.20359465936322674,-0.7964053406367733,-2.296405340636773,-2.019889311656871,-5.589622641509448,8.218997912317331,1484,1437,4,9
F6_mean_reversion,H1,EURUSD,"{""sma_len"": 20, ""z"": 2.5}",4,1976,0.24888663967613475,1.3499999999988521,0.5258097165991903,34.15276757360986,-0.7511133603238652,-1.7511133603238653,-3.251113360323865,-1.1339979550102037,-0.27222757955635657,0.8243876464323583,1037,939,2,9
F6_mean_reversion,H1,EURUSD,"{""sma_len"": 20, ""z"": 2.5}",12,1976,0.8375506072874889,0.8500000000000174,0.5121457489878543,52.09475297927922,-0.16244939271251113,-1.162449392712511,-2.662449392712511,-1.0756770567194274,-0.36190935390542184,2.1621938232161875,1037,939,4,9
F6_mean_reversion,H1,EURUSD,"{""sma_len"": 20, ""z"": 2.5}",24,1976,0.516599190283443,3.00000000000189,0.5242914979757085,73.51950818538602,-0.48340080971655697,-1.483400809716557,-2.983400809716557,-1.8818507157463789,-4.639151398264153,6.210436634717795,1037,939,5,9
F6_mean_reversion,H1,EURUSD,"{""sma_len"": 20, ""z"": 2.5}",48,1976,-2.005617408906859,-3.4000000000000696,0.4853238866396761,103.12989991770733,-3.005617408906859,-4.0056174089068595,-5.5056174089068595,-5.372648261758668,-7.909257473481141,4.51416400425984,1037,939,4,9
F6_mean_reversion,H1,EURUSD,"{""sma_len"": 50, ""z"": 1.5}",4,3242,-0.15428747686614294,0.700000000000145,0.5141887723627391,31.539905546813312,-1.1542874768661429,-2.154287476866143,-3.654287476866143,-1.3493923340604665,-0.4898578811369427,0.15236127508851957,1548,1694,2,9
F6_mean_reversion,H1,EURUSD,"{""sma_len"": 50, ""z"": 1.5}",12,3242,0.42504626773594806,0.700000000000145,0.5070943861813695,53.42007379773166,-0.5749537322640519,-1.5749537322640519,-3.074953732264052,-1.6507323153630586,0.9274547803617376,-0.03406139315231811,1548,1694,5,9
F6_mean_reversion,H1,EURUSD,"{""sma_len"": 50, ""z"": 1.5}",24,3242,1.3549660703269557,-1.0999999999983245,0.4922887106724244,73.56877587694085,0.3549660703269557,-0.6450339296730443,-2.145033929673044,-1.1697725148021219,-0.1348191214470139,2.716351829988174,1548,1694,4,9
F6_mean_reversion,H1,EURUSD,"{""sma_len"": 50, ""z"": 1.5}",48,3241,3.0110151187904903,3.8000000000004697,0.5208269052761494,103.23689875442881,2.0110151187904903,1.0110151187904903,-0.48898488120950967,-0.3061097256857946,1.151550387596908,4.711222681630222,1548,1693,5,9
F6_mean_reversion,H1,EURUSD,"{""sma_len"": 50, ""z"": 2.0}",4,3002,0.6497668221185735,1.7000000000000348,0.5309793471019321,32.21219716810379,-0.3502331778814265,-1.3502331778814265,-2.8502331778814263,-0.6209693705823113,0.7496580027359349,0.5549350649350785,1462,1540,3,9
F6_mean_reversion,H1,EURUSD,"{""sma_len"": 50, ""z"": 2.0}",12,3002,2.429313790806101,2.749999999999142,0.5313124583610926,54.22709716958541,1.429313790806101,0.4293137908061011,-1.070686209193899,0.22443621676200795,2.5746922024623107,2.291298701298714,1462,1540,6,9
F6_mean_reversion,H1,EURUSD,"{""sma_len"": 50, ""z"": 2.0}",24,3002,3.126582278481009,1.4500000000006175,0.5103264490339774,74.3742541230002,2.126582278481009,1.126582278481009,-0.3734177215189911,0.34463143722651873,0.8425444596442789,5.2949350649351,1462,1540,6,9
F6_mean_reversion,H1,EURUSD,"{""sma_len"": 50, ""z"": 2.0}",48,3001,4.847850716427865,3.9999999999995595,0.5164945018327224,103.57459702815989,3.847850716427865,2.847850716427865,1.3478507164278648,1.5461124200605936,2.7409712722298005,6.84931773879146,1462,1539,5,9
F6_mean_reversion,H1,EURUSD,"{""sma_len"": 50, ""z"": 2.5}",4,2616,1.3894495412844223,2.149999999999652,0.5378440366972477,32.77200157906179,0.38944954128442233,-0.6105504587155777,-2.1105504587155774,-0.04312741312739662,1.4892802450229683,1.2899236641221772,1306,1310,3,9
F6_mean_reversion,H1,EURUSD,"{""sma_len"": 50, ""z"": 2.5}",12,2616,2.252981651376152,2.60000000000149,0.5301987767584098,53.96052773322226,1.2529816513761518,0.2529816513761518,-1.2470183486238482,0.058323677095409254,2.0560490045941626,2.4493129770992654,1306,1310,6,9
F6_mean_reversion,H1,EURUSD,"{""sma_len"": 50, ""z"": 2.5}",24,2616,2.125344036697266,2.5999999999992696,0.5160550458715596,73.1102194447677,1.1253440366972658,0.1253440366972658,-1.3746559633027342,-0.5699497875627453,1.3046707503828725,2.9435114503816906,1306,1310,4,9
F6_mean_reversion,H1,EURUSD,"{""sma_len"": 50, ""z"": 2.5}",48,2613,2.1526215078454043,0.5000000000010552,0.5036356678147723,101.95589848202346,1.1526215078454043,0.1526215078454043,-1.3473784921545957,-1.2392111368909353,0.14946401225115538,4.154246365723054,1306,1307,4,9
F7_trend_strength,H1,EURUSD,"{""fast"": 20, ""slow"": 100, ""band"": 1.0}",4,2305,-0.06138828633406745,-0.20000000000131024,0.4924078091106291,32.825843606653756,-1.0613882863340673,-2.0613882863340676,-3.5613882863340676,-1.2945199473915094,1.049915397631108,-1.2310774710596573,1182,1123,1,9
F7_trend_strength,H1,EURUSD,"{""fast"": 20, ""slow"": 100, ""band"": 1.0}",12,2304,-1.4862847222222204,-0.700000000000145,0.4904513888888889,53.94809484400695,-2.48628472222222,-3.48628472222222,-4.98628472222222,-3.3044736842105245,0.7822184589330557,-3.871950133570735,1181,1123,1,9
F7_trend_strength,H1,EURUSD,"{""fast"": 20, ""slow"": 100, ""band"": 1.0}",24,2303,-1.149326964828488,0.10000000000065512,0.5006513243595311,74.45615248666586,-2.149326964828488,-3.149326964828488,-4.649326964828488,-3.5489688459850863,0.7147457627118536,-3.1080142475511967,1180,1123,1,9
F7_trend_strength,H1,EURUSD,"{""fast"": 20, ""slow"": 100, ""band"": 1.0}",48,2303,-3.163352149370386,-1.80000000000069,0.4915327833260964,107.99053838216626,-4.163352149370386,-5.163352149370386,-6.663352149370386,-6.5569109258446705,-0.5534745762711902,-5.905699020480849,1180,1123,3,9
F7_trend_strength,H1,EURUSD,"{""fast"": 20, ""slow"": 100, ""band"": 1.5}",4,2438,-0.9445857260049152,-0.7999999999985796,0.47867104183757175,33.028201000945806,-1.9445857260049153,-2.9445857260049153,-4.444585726004915,-2.1578947368421013,-0.7567891373802084,-1.142833052276528,1252,1186,0,9
F7_trend_strength,H1,EURUSD,"{""fast"": 20, ""slow"": 100, ""band"": 1.5}",12,2437,-1.2556011489536196,-0.6999999999979245,0.49487074271645465,54.36693331834929,-2.2556011489536196,-3.2556011489536196,-4.75560114895362,-3.158250414593686,-0.9774580335731728,-1.5489881956154568,1251,1186,2,9
F7_trend_strength,H1,EURUSD,"{""fast"": 20, ""slow"": 100, ""band"": 1.5}",24,2435,-1.9406570841889046,-0.4999999999988347,0.4973305954825462,73.9262584648487,-2.9406570841889046,-3.9406570841889046,-5.440657084188905,-4.190829875518663,-2.351961569255414,-1.5075042158515757,1249,1186,2,9
F7_trend_strength,H1,EURUSD,"{""fast"": 20, ""slow"": 100, ""band"": 1.5}",48,2434,-1.82867707477403,1.100000000000545,0.5057518488085456,106.88688102052183,-2.82867707477403,-3.82867707477403,-5.3286770747740295,-5.167538397675381,-1.6890224358974386,-1.9756323777402904,1248,1186,2,9
F8_breakout_expansion,H1,EURUSD,"{""lookback"": 20, ""ratio"": 0.9}",4,3363,-0.9322033898305152,-1.9999999999997797,0.4608980077311924,34.882290985286204,-1.9322033898305153,-2.9322033898305153,-4.432203389830515,-2.3184439771703302,-0.7391358024691616,-1.1116465863453708,1620,1743,0,9
F8_breakout_expansion,H1,EURUSD,"{""lookback"": 20, ""ratio"": 0.9}",12,3363,-2.35536723163843,-2.4000000000001798,0.4704133214391912,53.02744900701889,-3.35536723163843,-4.35536723163843,-5.85536723163843,-4.248573145088629,-3.152592592592591,-1.6144004589787977,1620,1743,0,9
F8_breakout_expansion,H1,EURUSD,"{""lookback"": 20, ""ratio"": 0.9}",24,3363,-2.1972346119536166,-1.100000000000545,0.49063336306868865,73.95097911723646,-3.1972346119536166,-4.197234611953617,-5.697234611953617,-4.544607990387504,-4.507407407407413,-0.05008605851979591,1620,1743,2,9
F8_breakout_expansion,H1,EURUSD,"{""lookback"": 20, ""ratio"": 0.9}",48,3362,-0.9314991076740162,0.09999999999843467,0.5005948839976204,102.93236990493854,-1.9314991076740162,-2.931499107674016,-4.431499107674016,-4.165955528846167,-5.2782581840642555,3.1060240963855357,1619,1743,2,9
F8_breakout_expansion,H1,EURUSD,"{""lookback"": 40, ""ratio"": 0.9}",4,2440,-0.9774180327868901,-1.500000000000945,0.4651639344262295,35.25823185271652,-1.9774180327868902,-2.97741803278689,-4.47741803278689,-2.3753209109730915,-0.8433476394849859,-1.0999215686274537,1165,1275,1,9
F8_breakout_expansion,H1,EURUSD,"{""lookback"": 40, ""ratio"": 0.9}",12,2440,-2.4713524590164133,-2.5999999999992696,0.4704918032786885,53.6510438000523,-3.4713524590164133,-4.471352459016414,-5.971352459016414,-4.354782608695673,-4.035536480686692,-1.0421176470588656,1165,1275,1,9
F8_breakout_expansion,H1,EURUSD,"{""lookback"": 40, ""ratio"": 0.9}",24,2440,-3.6637704918033043,-3.1999999999998696,0.47622950819672133,73.24159127029273,-4.663770491803304,-5.663770491803304,-7.163770491803304,-6.0048447204969175,-7.16798283261803,-0.46188235294122204,1165,1275,1,9
F8_breakout_expansion,H1,EURUSD,"{""lookback"": 40, ""ratio"": 0.9}",48,2439,-1.5647806478064925,0.8999999999992347,0.5043050430504306,102.9029763659853,-2.5647806478064927,-3.5647806478064927,-5.064780647806493,-4.921665285832658,-7.29432989690723,3.66596078431371,1164,1275,2,9
F4_h4trend_h1entry,H1,EURUSD,"{""ema_h4"": 20}",4,6260,0.01571884984026425,-0.700000000000145,0.48194888178913736,31.194477957919606,-0.9842811501597357,-1.9842811501597357,-3.484281150159736,-1.1754235920606657,-0.24736501778206946,0.2726555099463197,3093,3167,0,9
F4_h4trend_h1entry,H1,EURUSD,"{""ema_h4"": 20}",12,6259,-0.3976354050167769,-1.100000000000545,0.48554082121744685,52.97571478954376,-1.397635405016777,-2.3976354050167767,-3.8976354050167767,-2.20785990961911,-0.8547865459249648,0.048689611619824706,3092,3167,1,9
F4_h4trend_h1entry,H1,EURUSD,"{""ema_h4"": 20}",24,6257,-0.48457727345373314,-1.100000000000545,0.4916093974748282,72.78104247765852,-1.4845772734537332,-2.4845772734537332,-3.9845772734537332,-2.8173555053277353,-1.3593203883494955,0.3688980107356917,3090,3167,2,9
F4_h4trend_h1entry,H1,EURUSD,"{""ema_h4"": 20}",48,6255,-1.5561151079136708,-1.7999999999984695,0.4888888888888889,102.59934147477782,-2.556115107913671,-3.556115107913671,-5.056115107913671,-4.862225452196385,-4.089766839378228,0.9143353331228162,3088,3167,1,9
F4_h4trend_h1entry,H1,EURUSD,"{""ema_h4"": 50}",4,5661,0.0032503091326571494,-0.700000000000145,0.48330683624801274,31.52715952984342,-0.9967496908673429,-1.9967496908673428,-3.4967496908673428,-1.2167380442541094,0.0250734214390672,-0.016990125978906197,2724,2937,0,9
F4_h4trend_h1entry,H1,EURUSD,"{""ema_h4"": 50}",12,5660,-0.45959363957597593,-1.100000000000545,0.48586572438162545,53.3998802229192,-1.4595936395759759,-2.459593639575976,-3.959593639575976,-2.2842227378190287,-0.41182519280205476,-0.5038815117466903,2723,2937,1,9
F4_h4trend_h1entry,H1,EURUSD,"{""ema_h4"": 50}",24,5658,0.11265464828560542,-0.5999999999994898,0.49522799575821846,72.3864572475096,-0.8873453517143945,-1.8873453517143945,-3.3873453517143948,-2.1741653276200763,-0.5866960676221937,0.7605720122573866,2721,2937,1,9
F4_h4trend_h1entry,H1,EURUSD,"{""ema_h4"": 50}",48,5656,0.1596888260254537,-0.40000000000040004,0.4975247524752475,101.50335936656057,-0.8403111739745464,-1.8403111739745464,-3.340311173974546,-3.0465618860510877,-1.8656491357116451,2.0346952672795124,2719,2937,3,9
F1_tsmom,H1,GBPUSD,"{""lookback"": 24}",4,4592,0.852090592334492,0.10000000000065512,0.5023954703832753,38.48069633466699,-0.14790940766550797,-1.1479094076655079,-2.647909407665508,-0.6836339639243332,0.10539599651868728,1.600087183958171,2298,2294,2,9
F1_tsmom,H1,GBPUSD,"{""lookback"": 24}",12,4592,0.628723867595824,0.5000000000010552,0.5054442508710801,56.285584850210725,-0.371276132404176,-1.371276132404176,-2.871276132404176,-1.319357677078745,-0.41727589208006194,1.6765475152571958,2298,2294,1,9
F1_tsmom,H1,GBPUSD,"{""lookback"": 24}",24,4592,0.056293554006978,-0.04999999999921734,0.4993466898954704,78.89932066071512,-0.943706445993022,-1.943706445993022,-3.443706445993022,-2.4777826660800626,-2.104917319408158,2.22127288578901,2298,2294,1,9
F1_tsmom,H1,GBPUSD,"{""lookback"": 24}",48,4587,0.5315892740353066,0.9999999999998899,0.5051231741879224,111.93760842466224,-0.46841072596469335,-1.4684107259646932,-2.9684107259646932,-3.0965205901783857,-3.1329847494553547,4.200959860383939,2295,2292,3,9
F1_tsmom,H1,GBPUSD,"{""lookback"": 48}",4,3215,0.1585692068429328,-0.700000000000145,0.48771384136858476,40.43161019693746,-0.8414307931570673,-1.8414307931570673,-3.341430793157067,-1.4440289126335566,1.3556733167082395,-1.0333333333333257,1604,1611,2,9
F1_tsmom,H1,GBPUSD,"{""lookback"": 48}",12,3215,0.6299222395023185,-0.40000000000040004,0.49704510108864697,58.520325641757545,-0.3700777604976815,-1.3700777604976815,-2.8700777604976815,-1.5641106222501737,1.9478802992518554,-0.6823091247672395,1604,1611,2,9
F1_tsmom,H1,GBPUSD,"{""lookback"": 48}",24,3215,-0.4254121306376454,-0.30000000000196536,0.49891135303265943,83.23229523494741,-1.4254121306376453,-2.4254121306376453,-3.9254121306376453,-3.014802011313651,0.20492518703242027,-1.0530105524519127,1604,1611,1,9
F1_tsmom,H1,GBPUSD,"{""lookback"": 48}",48,3210,-0.06838006230530827,0.3500000000000725,0.5021806853582554,120.93465838546221,-1.0683800623053084,-2.0683800623053084,-3.5683800623053084,-4.197009757632999,-3.116989381636485,2.965071472964557,1601,1609,2,9
F1_tsmom,H1,GBPUSD,"{""lookback"": 96}",4,2190,1.197808219178093,0.2500000000005276,0.5027397260273972,43.07263506028801,0.197808219178093,-0.802191780821907,-2.3021917808219072,-0.5713099630996179,1.2112123974475988,1.1843549862763108,1097,1093,2,9
F1_tsmom,H1,GBPUSD,"{""lookback"": 96}",12,2190,0.4149315068493241,-0.20000000000020002,0.4977168949771689,62.11897205186305,-0.5850684931506759,-1.585068493150676,-3.085068493150676,-1.897416974169735,0.02716499544211254,0.8041171088746771,1097,1093,2,9
F1_tsmom,H1,GBPUSD,"{""lookback"": 96}",24,2190,0.2707305936073538,0.8500000000000174,0.502283105022831,86.81782129806864,-0.7292694063926461,-1.7292694063926461,-3.229269406392646,-2.5407287822877764,-1.8804922515952056,2.429826166514223,1097,1093,2,9
F1_tsmom,H1,GBPUSD,"{""lookback"": 96}",48,2185,-0.43780320366130937,0.5999999999994898,0.5011441647597255,119.75485980001532,-1.4378032036613093,-2.4378032036613093,-3.9378032036613093,-4.2933425797503295,-1.8869287020109575,1.0153070577452126,1094,1091,3,9
F1_tsmom,H1,GBPUSD,"{""lookback"": 192}",4,1484,-0.010849056603759236,-0.5000000000010552,0.488544474393531,35.32745990994252,-1.0108490566037593,-2.0108490566037593,-3.5108490566037593,-1.3228727025187041,0.002024291497976936,-0.02368775235528954,741,743,2,9
F1_tsmom,H1,GBPUSD,"{""lookback"": 192}",12,1484,0.3912398921833063,0.2999999999997449,0.5013477088948787,56.35714338333222,-0.6087601078166938,-1.6087601078166938,-3.1087601078166935,-1.4817562968005238,-0.6740890688259005,1.4537012113055439,741,743,1,9
F1_tsmom,H1,GBPUSD,"{""lookback"": 192}",24,1484,0.24703504043129934,2.00000000000089,0.5080862533692723,76.78658700581416,-0.7529649595687007,-1.7529649595687007,-3.2529649595687005,-2.0243022464261102,-0.0642375168690733,0.5574697173620886,741,743,3,9
F1_tsmom,H1,GBPUSD,"{""lookback"": 192}",48,1484,-0.02681940700803428,-0.6499999999987072,0.49528301886792453,104.96525267973085,-1.0268194070080343,-2.026819407008034,-3.526819407008034,-3.0001361470387504,1.3620782726046814,-1.4119784656796661,741,743,2,9
F2_donchian,H1,GBPUSD,"{""lookback"": 20}",4,3939,-0.5481340441736487,-1.80000000000069,0.46813912160446813,41.70916289768356,-1.5481340441736489,-2.548134044173649,-4.048134044173649,-2.142575019235702,-1.3493553378030003,0.2286500000000077,1939,2000,1,9
F2_donchian,H1,GBPUSD,"{""lookback"": 20}",12,3938,-1.457516505840536,-1.60000000000049,0.484255967496191,60.179041357202905,-2.4575165058405357,-3.4575165058405357,-4.957516505840536,-3.5438429964084213,-2.510784313725511,-0.4368999999999954,1938,2000,2,9
F2_donchian,H1,GBPUSD,"{""lookback"": 20}",24,3937,-1.6377698755397385,-0.4999999999988347,0.49555499110998225,85.27059280527304,-2.6377698755397385,-3.6377698755397385,-5.137769875539739,-4.300025660764677,-4.539235931853374,1.17230000000002,1937,2000,2,9
F2_donchian,H1,GBPUSD,"{""lookback"": 20}",48,3936,-2.926270325203266,1.7999999999995797,0.5076219512195121,120.16005527111285,-3.926270325203266,-4.926270325203266,-6.426270325203266,-6.303542094455868,-6.601962809917377,0.6317999999999908,1936,2000,3,9
F2_donchian,H1,GBPUSD,"{""lookback"": 40}",4,2732,-1.774414348462672,-2.4999999999997247,0.4564421669106881,43.417175626119544,-2.774414348462672,-3.774414348462672,-5.274414348462672,-3.4558431952662785,-2.8977375565611023,-0.7150071123755318,1326,1406,2,9
F2_donchian,H1,GBPUSD,"{""lookback"": 40}",12,2731,-2.855071402416725,-2.80000000000058,0.4683266202856097,61.959272920429186,-3.855071402416725,-4.8550714024167245,-6.3550714024167245,-5.039992600813936,-4.559169811320792,-1.2491465149360088,1325,1406,1,9
F2_donchian,H1,GBPUSD,"{""lookback"": 40}",24,2730,-3.8406959706959674,-2.0999999999993246,0.48315018315018315,87.85099949560791,-4.840695970695967,-5.840695970695967,-7.340695970695967,-6.669837157660986,-6.994939577039251,-0.8704125177809552,1324,1406,1,9
F2_donchian,H1,GBPUSD,"{""lookback"": 40}",48,2729,-5.607914987174798,1.7000000000000348,0.5056797361670942,121.8251905946784,-6.607914987174798,-7.607914987174798,-9.107914987174798,-9.062643465383202,-9.206651549508715,-2.2216216216216194,1323,1406,1,9
F2_donchian,H1,GBPUSD,"{""lookback"": 80}",4,1874,-1.815421558164366,-2.500000000000835,0.45250800426894344,45.2724472692783,-2.815421558164366,-3.815421558164366,-5.315421558164366,-3.6208086253369376,-2.852844638949682,-0.8277083333333461,914,960,1,9
F2_donchian,H1,GBPUSD,"{""lookback"": 80}",12,1873,-2.6568606513614887,-3.60000000000138,0.4671649759743727,63.495053538838015,-3.6568606513614887,-4.656860651361489,-6.156860651361489,-4.953775620280511,-3.75038335158821,-1.6168750000000345,913,960,1,9
F2_donchian,H1,GBPUSD,"{""lookback"": 80}",24,1872,-2.8792735042735167,-1.9999999999997797,0.48344017094017094,91.08875924519712,-3.8792735042735167,-4.879273504273517,-6.379273504273517,-5.950944414463043,-5.466557017543841,-0.4213541666667093,912,960,1,9
F2_donchian,H1,GBPUSD,"{""lookback"": 80}",48,1872,-4.5504807692308,3.249999999999087,0.5138888888888888,125.4434217386144,-5.5504807692308,-6.5504807692308,-8.0504807692308,-8.095736643281198,-7.972587719298292,-1.2994791666666827,912,960,1,9
F3_trend_pullback,H1,GBPUSD,"{""fast"": 20, ""slow"": 100}",4,7020,-0.43152421652419787,-1.0499999999991072,0.48034188034188036,37.55676016614531,-1.431524216524198,-2.4315242165241977,-3.9315242165241977,-1.8632033386098537,-0.17561534058384512,-0.6851106069199984,3494,3526,1,9
F3_trend_pullback,H1,GBPUSD,"{""fast"": 20, ""slow"": 100}",12,7020,-0.9310968660968478,-0.2999999999997449,0.497008547008547,59.702961965136026,-1.9310968660968477,-2.9310968660968477,-4.431096866096848,-2.8491869333716915,-0.9959072696050244,-0.8668746454906178,3494,3526,0,9
F3_trend_pullback,H1,GBPUSD,"{""fast"": 20, ""slow"": 100}",24,7018,-1.0226417782843957,-0.4499999999996174,0.4981476204046737,81.14377178223991,-2.0226417782843957,-3.0226417782843957,-4.522641778284395,-3.552223981574765,-1.8587056128293178,-0.1946398184911832,3492,3526,3,9
F3_trend_pullback,H1,GBPUSD,"{""fast"": 20, ""slow"": 100}",48,7014,-0.8875962360992223,2.5999999999992696,0.5118334759053322,115.74648753632198,-1.8875962360992222,-2.8875962360992222,-4.387596236099222,-4.324182629987028,-3.193524355300854,1.396083995459714,3490,3524,3,9
F3_trend_pullback,H1,GBPUSD,"{""fast"": 50, ""slow"": 200}",4,4067,-0.5045979837718404,-0.7999999999985796,0.4853700516351119,45.31614346823514,-1.5045979837718404,-2.5045979837718404,-4.00459798377184,-2.081246895181338,-0.5065606361829011,-0.5026763990268016,2012,2055,1,9
F3_trend_pullback,H1,GBPUSD,"{""fast"": 50, ""slow"": 200}",12,4067,-1.6747725596262477,-0.5000000000010552,0.49495942955495453,65.86236825610776,-2.6747725596262475,-3.6747725596262475,-5.1747725596262475,-3.6893939393939257,-2.445278330019847,-0.9203892944039012,2012,2055,1,9
F3_trend_pullback,H1,GBPUSD,"{""fast"": 50, ""slow"": 200}",24,4066,-0.9766601082144675,-0.2500000000005276,0.4985243482538121,86.91967763633558,-1.9766601082144675,-2.9766601082144675,-4.4766601082144675,-3.573944361649287,-1.5089010442565984,-0.45581508515815344,2011,2055,3,9
F3_trend_pullback,H1,GBPUSD,"{""fast"": 50, ""slow"": 200}",48,4063,-0.6794979079498045,1.80000000000069,0.5079990155057839,120.86761261384251,-1.6794979079498045,-2.6794979079498047,-4.179497907949805,-4.132347090999516,-2.396565455450487,0.9999513145082612,2009,2054,3,9
F5_vol_compress_breakout,H1,GBPUSD,"{""lookback"": 20, ""ratio"": 0.75}",4,35,-0.4799999999999095,3.4000000000000696,0.6,37.43266739407281,-1.4799999999999094,-2.4799999999999094,-3.9799999999999094,-2.732352941176346,-2.5727272727272723,3.061538461538707,22,13,4,7
F5_vol_compress_breakout,H1,GBPUSD,"{""lookback"": 20, ""ratio"": 0.75}",12,35,1.3342857142857012,4.3999999999999595,0.5142857142857142,64.47893838920022,0.3342857142857012,-0.6657142857142988,-2.165714285714299,-3.261764705882364,-15.9863636363637,30.64615384615392,22,13,5,7
F5_vol_compress_breakout,H1,GBPUSD,"{""lookback"": 20, ""ratio"": 0.75}",24,35,7.677142857142781,6.200000000000649,0.5142857142857142,69.4697864318779,6.677142857142781,5.677142857142781,4.177142857142781,0.5705882352940677,-4.581818181818222,28.423076923076785,22,13,4,7
F5_vol_compress_breakout,H1,GBPUSD,"{""lookback"": 20, ""ratio"": 0.75}",48,35,9.22285714285704,-2.500000000000835,0.4857142857142857,104.31689301387001,8.22285714285704,7.222857142857039,5.722857142857039,2.952941176470471,-13.518181818181864,47.70769230769211,22,13,4,7
F5_vol_compress_breakout,H1,GBPUSD,"{""lookback"": 20, ""ratio"": 0.85}",4,322,-2.6124223602483836,-2.349999999999852,0.4658385093167702,37.19045494024215,-3.6124223602483836,-4.612422360248384,-6.112422360248384,-4.042138364779815,-1.2957575757575197,-3.996178343948975,165,157,3,9
F5_vol_compress_breakout,H1,GBPUSD,"{""lookback"": 20, ""ratio"": 0.85}",12,322,-1.9521739130435305,-1.000000000001,0.48757763975155277,60.850914887217606,-2.9521739130435307,-3.9521739130435307,-5.452173913043531,-4.120125786163575,-1.6454545454546798,-2.2745222929935967,165,157,3,9
F5_vol_compress_breakout,H1,GBPUSD,"{""lookback"": 20, ""ratio"": 0.85}",24,322,0.9257763975155866,2.900000000001235,0.5062111801242236,77.01039004335051,-0.0742236024844134,-1.0742236024844134,-2.5742236024844134,-1.991823899370998,-1.014545454545398,2.964968152866302,165,157,4,9
F5_vol_compress_breakout,H1,GBPUSD,"{""lookback"": 20, ""ratio"": 0.85}",48,322,6.8633540372670945,0.8500000000011276,0.5031055900621118,107.41164981424596,5.8633540372670945,4.8633540372670945,3.3633540372670945,3.0261006289308328,7.0830303030303305,6.632484076433124,165,157,5,9
F5_vol_compress_breakout,H1,GBPUSD,"{""lookback"": 40, ""ratio"": 0.85}",4,176,-3.013636363636236,-3.649999999999487,0.45454545454545453,39.41703237888971,-4.013636363636236,-5.013636363636236,-6.513636363636236,-4.4844827586205644,-2.693333333333288,-3.3488372093021113,90,86,3,9
F5_vol_compress_breakout,H1,GBPUSD,"{""lookback"": 40, ""ratio"": 0.85}",12,176,2.1829545454545007,-0.9499999999995623,0.48295454545454547,63.40784849408898,1.1829545454545007,0.18295454545450074,-1.3170454545454993,0.27643678160915636,-1.993333333333512,6.553488372093122,90,86,4,9
F5_vol_compress_breakout,H1,GBPUSD,"{""lookback"": 40, ""ratio"": 0.85}",24,176,1.1488636363637448,-3.549999999999942,0.4715909090909091,79.39335847619665,0.14886363636374478,-0.8511363636362552,-2.3511363636362552,-1.6827586206895402,-2.167777777777671,4.6197674418605725,90,86,4,9
F5_vol_compress_breakout,H1,GBPUSD,"{""lookback"": 40, ""ratio"": 0.85}",48,176,5.4028409090909415,0.40000000000040004,0.5,107.79642158331987,4.4028409090909415,3.4028409090909415,1.9028409090909415,1.6798850574712956,3.340000000000047,7.561627906976761,90,86,5,9
F6_mean_reversion,H1,GBPUSD,"{""sma_len"": 20, ""z"": 1.5}",4,4086,1.2869554576603037,2.20000000000109,0.5367107195301027,40.63698592897726,0.2869554576603037,-0.7130445423396963,-2.2130445423396963,-0.1486526576019778,0.2957774465970962,2.249445248432246,2013,2073,2,9
F6_mean_reversion,H1,GBPUSD,"{""sma_len"": 20, ""z"": 1.5}",12,4086,2.424571708272164,1.3499999999999623,0.5144395496818405,59.78600064763933,1.4245717082721638,0.42457170827216384,-1.0754282917278362,0.322472187886295,2.0817188276204677,2.757501205981697,2013,2073,5,9
F6_mean_reversion,H1,GBPUSD,"{""sma_len"": 20, ""z"": 1.5}",24,4085,2.8168910648714633,1.4999999999987246,0.5069767441860465,85.4823933772423,1.8168910648714633,0.8168910648714633,-0.6831089351285367,-0.0777695351137672,1.334674615002443,4.256901544401549,2013,2072,5,9
F6_mean_reversion,H1,GBPUSD,"{""sma_len"": 20, ""z"": 1.5}",48,4083,4.769850600048974,1.4999999999987246,0.5045309821209895,120.51358164438024,3.769850600048974,2.769850600048974,1.269850600048974,0.3257482067771369,1.9452558370590878,7.516666666666674,2013,2070,5,9
F6_mean_reversion,H1,GBPUSD,"{""sma_len"": 20, ""z"": 2.0}",4,2842,0.7967276565798709,2.1999999999988695,0.5362420830401126,43.603746579769414,-0.20327234342012912,-1.2032723434201291,-2.703272343420129,-0.7236757909704971,-0.3438535911602302,1.9814921090387416,1448,1394,2,9
F6_mean_reversion,H1,GBPUSD,"{""sma_len"": 20, ""z"": 2.0}",12,2842,1.5209007741027751,1.5500000000001624,0.5182969739619986,61.40947194697296,0.5209007741027751,-0.47909922589722487,-1.9790992258972249,-0.6687877710628906,0.5426795580110642,2.537015781922572,1448,1394,3,9
F6_mean_reversion,H1,GBPUSD,"{""sma_len"": 20, ""z"": 2.0}",24,2841,2.331256599788817,1.7000000000000348,0.5093277015135516,92.24143206979495,1.331256599788817,0.33125659978881705,-1.168743400211183,-1.263726884779507,-1.2859116022099306,6.091241923905245,1448,1393,4,9
F6_mean_reversion,H1,GBPUSD,"{""sma_len"": 20, ""z"": 2.0}",48,2840,4.479823943661979,-2.0500000000001073,0.4915492957746479,130.3121511183779,3.4798239436619793,2.4798239436619793,0.9798239436619793,-1.244254713625036,0.5953038674033174,8.520617816091967,1448,1392,5,9
F6_mean_reversion,H1,GBPUSD,"{""sma_len"": 20, ""z"": 2.5}",4,1849,0.4695511087074052,1.80000000000069,0.5327203893996755,42.63151408710458,-0.5304488912925949,-1.5304488912925949,-3.0304488912925946,-1.1653551912568365,-1.7820295983086534,2.8283499446289904,946,903,2,9
F6_mean_reversion,H1,GBPUSD,"{""sma_len"": 20, ""z"": 2.5}",12,1848,0.8701298701298648,1.4999999999998348,0.5135281385281385,61.38781119116251,-0.12987012987013524,-1.1298701298701352,-2.6298701298701355,-1.4628758884636448,-1.9224101479915612,3.7988913525498966,946,902,3,9
F6_mean_reversion,H1,GBPUSD,"{""sma_len"": 20, ""z"": 2.5}",24,1847,4.2760151597184555,0.9000000000014552,0.5078505684894423,93.74983061731638,3.2760151597184555,2.2760151597184555,0.7760151597184555,0.6396061269146491,-0.9230443974629771,9.734739178690303,946,901,5,9
F6_mean_reversion,H1,GBPUSD,"{""sma_len"": 20, ""z"": 2.5}",48,1847,5.957227937195459,-0.700000000000145,0.4964807796426638,126.44094476904353,4.957227937195459,3.9572279371954586,2.4572279371954586,0.9519146608315153,1.8227272727272952,10.298224195338506,946,901,6,9
F6_mean_reversion,H1,GBPUSD,"{""sma_len"": 50, ""z"": 1.5}",4,3392,0.5566922169811229,1.0499999999991072,0.5191627358490566,41.06039307784412,-0.4433077830188771,-1.4433077830188772,-2.943307783018877,-0.8705777248362214,0.016249999999974528,1.0870327102803812,1680,1712,2,9
F6_mean_reversion,H1,GBPUSD,"{""sma_len"": 50, ""z"": 1.5}",12,3392,0.8361438679245137,-0.10000000000065512,0.4982311320754717,64.27230794894015,-0.16385613207548633,-1.1638561320754863,-2.6638561320754865,-1.6125372245384297,-0.0018452380952529287,1.6584696261682097,1680,1712,2,9
F6_mean_reversion,H1,GBPUSD,"{""sma_len"": 50, ""z"": 1.5}",24,3390,1.050825958702061,-0.40000000000040004,0.4982300884955752,88.67183482450382,0.05082595870206097,-0.949174041297939,-2.449174041297939,-2.117699642431467,-2.1001190476190463,4.146491228070165,1680,1710,3,9
F6_mean_reversion,H1,GBPUSD,"{""sma_len"": 50, ""z"": 1.5}",48,3389,0.26349955739157005,-2.000000000002,0.49365594570669813,126.56220994240844,-0.73650044260843,-1.7365004426084298,-3.23650044260843,-4.709329359165413,-1.9364285714285545,2.4260971328262158,1680,1709,4,9
F6_mean_reversion,H1,GBPUSD,"{""sma_len"": 50, ""z"": 2.0}",4,3040,1.1213815789473531,1.7000000000000348,0.5302631578947369,38.68667052794115,0.12138157894735313,-0.8786184210526469,-2.378618421052647,-0.3147557328016117,0.2880967952910044,1.9645929847782972,1529,1511,2,9
F6_mean_reversion,H1,GBPUSD,"{""sma_len"": 50, ""z"": 2.0}",12,3040,1.400197368421066,1.100000000000545,0.5115131578947368,61.877409346150785,0.400197368421066,-0.599802631578934,-2.099802631578934,-0.8516450648055685,0.8119686069326454,1.9954334877564697,1529,1511,3,9
F6_mean_reversion,H1,GBPUSD,"{""sma_len"": 50, ""z"": 2.0}",24,3039,1.7867390589009529,0.700000000000145,0.5047713063507733,88.46322794071335,0.7867390589009529,-0.21326094109904714,-1.7132609410990471,-1.257413563829788,1.4050359712230223,2.1732450331125808,1529,1510,4,9
F6_mean_reversion,H1,GBPUSD,"{""sma_len"": 50, ""z"": 2.0}",48,3036,2.6202569169960386,-1.9000000000002348,0.49308300395256915,124.02127016940076,1.6202569169960386,0.6202569169960386,-0.8797430830039614,-2.122928452579044,2.111314584695864,3.136629064366286,1529,1507,4,9
F6_mean_reversion,H1,GBPUSD,"{""sma_len"": 50, ""z"": 2.5}",4,2600,1.3877307692307839,1.500000000000945,0.5242307692307693,36.86125008507409,0.38773076923078387,-0.6122692307692161,-2.112269230769216,-0.1806138306138166,0.9368902439024389,1.846972049689471,1312,1288,3,9
F6_mean_reversion,H1,GBPUSD,"{""sma_len"": 50, ""z"": 2.5}",12,2600,1.941230769230773,1.100000000000545,0.5123076923076924,63.20038238807009,0.9412307692307731,-0.05876923076922691,-1.558769230769227,-0.5277389277389216,0.9862804878048572,2.913975155279531,1312,1288,3,9
F6_mean_reversion,H1,GBPUSD,"{""sma_len"": 50, ""z"": 2.5}",24,2599,3.1388611004232527,0.2999999999997449,0.5017314351673721,91.2081948170322,2.1388611004232527,1.1388611004232527,-0.3611388995767473,-0.5385930820054281,-0.7224847560975728,7.075213675213711,1312,1287,4,9
F6_mean_reversion,H1,GBPUSD,"{""sma_len"": 50, ""z"": 2.5}",48,2599,4.824163139669104,-1.9999999999997797,0.49557522123893805,126.38746932679263,3.8241631396691043,2.8241631396691043,1.3241631396691043,-0.5159347065682062,-0.46714939024393337,10.218259518259554,1312,1287,5,9
F7_trend_strength,H1,GBPUSD,"{""fast"": 20, ""slow"": 100, ""band"": 1.0}",4,2320,-0.8606034482758771,-0.0999999999995449,0.4974137931034483,35.625252193596324,-1.860603448275877,-2.860603448275877,-4.360603448275877,-2.120862369337992,-0.45317394888709095,-1.307046070460698,1213,1107,1,9
F7_trend_strength,H1,GBPUSD,"{""fast"": 20, ""slow"": 100, ""band"": 1.0}",12,2320,-0.5556465517241546,-1.6499999999997073,0.484051724137931,57.96418935085936,-1.5556465517241547,-2.5556465517241547,-4.055646551724155,-2.4241289198606446,-1.979719703215182,1.0047877145437911,1213,1107,4,9
F7_trend_strength,H1,GBPUSD,"{""fast"": 20, ""slow"": 100, ""band"": 1.0}",24,2320,-0.27995689655175404,-0.7499999999993623,0.49224137931034484,80.31272924957273,-1.279956896551754,-2.279956896551754,-3.779956896551754,-2.6851045296167566,-2.3880461665292985,2.0299909665763045,1213,1107,4,9
F7_trend_strength,H1,GBPUSD,"{""fast"": 20, ""slow"": 100, ""band"": 1.0}",48,2319,-1.6766278568348745,1.7000000000000348,0.50625269512721,108.82805233720298,-2.6766278568348745,-3.6766278568348745,-5.176627856834875,-4.894291938997857,-1.8279702970297376,-1.51093044263779,1212,1107,4,9
F7_trend_strength,H1,GBPUSD,"{""fast"": 20, ""slow"": 100, ""band"": 1.5}",4,2531,-0.5632951402607509,-1.40000000000029,0.47807190833662583,35.10455675813596,-1.563295140260751,-2.5632951402607507,-4.063295140260751,-1.7799999999999816,-0.021076573161484303,-1.1533828382837976,1319,1212,1,9
F7_trend_strength,H1,GBPUSD,"{""fast"": 20, ""slow"": 100, ""band"": 1.5}",12,2531,0.21580403002767756,-0.700000000000145,0.49427103911497433,58.122285045485064,-0.7841959699723224,-1.7841959699723224,-3.2841959699723224,-1.7307784431137494,-0.7789234268384996,1.2983498349835252,1319,1212,2,9
F7_trend_strength,H1,GBPUSD,"{""fast"": 20, ""slow"": 100, ""band"": 1.5}",24,2529,2.4646105179913085,1.9999999999997797,0.5100830367734283,81.0272507553409,1.4646105179913085,0.4646105179913085,-1.0353894820086915,-0.0067518977227263985,0.5440394836750124,4.551567656765701,1317,1212,5,9
F7_trend_strength,H1,GBPUSD,"{""fast"": 20, ""slow"": 100, ""band"": 1.5}",48,2527,2.067550455085073,4.8000000000003595,0.520379897111199,109.8492058964456,1.067550455085073,0.06755045508507296,-1.432449544914927,-1.124990003998413,3.892471482889726,0.08754125412540122,1315,1212,4,9
F8_breakout_expansion,H1,GBPUSD,"{""lookback"": 20, ""ratio"": 0.9}",4,3267,-0.07493112947659132,-1.7000000000000348,0.46831955922865015,42.30733845297696,-1.0749311294765913,-2.0749311294765915,-3.5749311294765915,-1.7197278911564688,-0.8876893939394103,0.6900178253119446,1584,1683,3,9
F8_breakout_expansion,H1,GBPUSD,"{""lookback"": 20, ""ratio"": 0.9}",12,3266,-1.0235762400489963,-1.7000000000000348,0.4834660134721372,59.341706110569255,-2.023576240048996,-3.023576240048996,-4.523576240048996,-3.1113826167646224,-1.9655085281111984,-0.1376114081996414,1583,1683,1,9
F8_breakout_expansion,H1,GBPUSD,"{""lookback"": 20, ""ratio"": 0.9}",24,3265,-1.7057886676875844,-0.5000000000010552,0.4952526799387443,86.45677526459468,-2.7057886676875844,-3.7057886676875844,-5.205788667687584,-4.399876237623751,-4.078697850821744,0.5247177658942583,1582,1683,2,9
F8_breakout_expansion,H1,GBPUSD,"{""lookback"": 20, ""ratio"": 0.9}",48,3264,-3.2656556372549232,2.4500000000005073,0.5101102941176471,120.76026798171115,-4.265655637254923,-5.265655637254923,-6.765655637254923,-6.603186881188141,-6.912207463630651,0.159893048128336,1581,1683,3,9
F8_breakout_expansion,H1,GBPUSD,"{""lookback"": 40, ""ratio"": 0.9}",4,2341,-1.3918410935497796,-2.4000000000001798,0.45706962836394704,43.885602715600164,-2.39184109354978,-3.39184109354978,-4.89184109354978,-3.1391022874406684,-2.612914798206298,-0.28132137030996096,1115,1226,2,9
F8_breakout_expansion,H1,GBPUSD,"{""lookback"": 40, ""ratio"": 0.9}",12,2340,-2.3594017094017343,-2.60000000000038,0.4700854700854701,61.52968516187141,-3.3594017094017343,-4.359401709401734,-5.859401709401734,-4.601424870466345,-4.091472172351913,-0.7855628058727797,1114,1226,1,9
F8_breakout_expansion,H1,GBPUSD,"{""lookback"": 40, ""ratio"": 0.9}",24,2339,-3.6108593415989754,-1.5999999999993797,0.4878153056861907,89.05420035342037,-4.610859341598975,-5.610859341598975,-7.110859341598975,-6.477235421166307,-6.736657681940682,-0.7731647634584196,1113,1226,2,9
F8_breakout_expansion,H1,GBPUSD,"{""lookback"": 40, ""ratio"": 0.9}",48,2338,-5.900299401197616,2.4000000000001798,0.5081266039349872,123.63347695420961,-6.900299401197616,-7.900299401197616,-9.400299401197616,-9.372947277441671,-10.106025179856147,-2.0856443719412643,1112,1226,2,9
F4_h4trend_h1entry,H1,GBPUSD,"{""ema_h4"": 20}",4,6371,-0.8410296656725458,-0.7999999999985796,0.4839114738659551,35.161338513136606,-1.8410296656725458,-2.841029665672546,-4.341029665672545,-2.1451403202790225,-0.5329974811082868,-1.147230046948316,3176,3195,1,9
F4_h4trend_h1entry,H1,GBPUSD,"{""ema_h4"": 20}",12,6371,-1.1001255689844283,-0.2999999999997449,0.4972531784649192,58.407220580993155,-2.1001255689844283,-3.1001255689844283,-4.600125568984428,-2.9684636118598076,-1.6760705289672162,-0.5276056338027889,3176,3195,2,9
F4_h4trend_h1entry,H1,GBPUSD,"{""ema_h4"": 20}",24,6369,-1.2253100957763938,-0.9999999999998899,0.4936410739519548,81.06968164509561,-2.225310095776394,-3.225310095776394,-4.725310095776393,-3.6981284694686543,-2.6218021424070423,0.162003129890485,3174,3195,4,9
F4_h4trend_h1entry,H1,GBPUSD,"{""ema_h4"": 20}",48,6366,-1.8517593465284081,2.2500000000003073,0.5098963242224317,115.50839033622977,-2.851759346528408,-3.851759346528408,-5.351759346528408,-5.180958425896517,-4.535308953341714,0.8133061991233782,3172,3194,3,9
F4_h4trend_h1entry,H1,GBPUSD,"{""ema_h4"": 50}",4,5794,-0.6019675526406393,-0.700000000000145,0.48532965136347944,35.53172473129389,-1.6019675526406392,-2.601967552640639,-4.101967552640639,-1.9316945606694325,-0.3628630705394092,-0.8402481047553035,2892,2902,1,9
F4_h4trend_h1entry,H1,GBPUSD,"{""ema_h4"": 50}",12,5794,-1.434311356575741,-0.7999999999985796,0.49309630652399034,59.17551950978502,-2.434311356575741,-3.434311356575741,-4.934311356575741,-3.3382845188284263,-2.321369294605782,-0.5503101309441496,2892,2902,2,9
F4_h4trend_h1entry,H1,GBPUSD,"{""ema_h4"": 50}",24,5792,-1.4227037292817521,-1.40000000000029,0.4905041436464088,81.4165263250832,-2.422703729281752,-3.422703729281752,-4.922703729281752,-3.925004359197893,-2.789169550173007,-0.06188835286006934,2890,2902,2,9
F4_h4trend_h1entry,H1,GBPUSD,"{""ema_h4"": 50}",48,5789,-0.4674555190879176,2.60000000000149,0.513214717567801,115.56560309763128,-1.4674555190879177,-2.4674555190879177,-3.9674555190879177,-3.900209387541432,-3.4928324099722863,2.544364012409517,2888,2901,3,9
F1_tsmom,H1,USDJPY,"{""lookback"": 24}",4,5030,-0.0643141153081443,-0.5000000000002558,0.4840954274353877,23.458721141839725,-1.0643141153081443,-2.0643141153081443,-3.5643141153081443,-1.0399678650331332,-0.08306836248011829,-0.0455449482895737,2516,2514,0,9
F1_tsmom,H1,USDJPY,"{""lookback"": 24}",12,5030,0.9254870775348021,0.5000000000009663,0.5071570576540756,41.87764248686687,-0.07451292246519792,-1.074512922465198,-2.574512922465198,-0.6344446676039265,1.311287758346589,0.539379474940349,2516,2514,1,9
F1_tsmom,H1,USDJPY,"{""lookback"": 24}",24,5030,0.6608349900596492,-0.30000000000001137,0.4982107355864811,60.17035936779173,-0.3391650099403508,-1.3391650099403507,-2.8391650099403507,-1.3818236593693434,1.7428457869634517,-0.4220365950676243,2516,2514,1,9
F1_tsmom,H1,USDJPY,"{""lookback"": 24}",48,5030,0.8163419483101494,-0.30000000000001137,0.49681908548707754,83.65666953010103,-0.1836580516898506,-1.1836580516898505,-2.6836580516898505,-2.0030528218517683,3.0570349761526274,-1.4261336515512963,2516,2514,2,9
F1_tsmom,H1,USDJPY,"{""lookback"": 48}",4,3360,0.3977678571428409,-0.6000000000000227,0.4851190476190476,23.521349010236754,-0.6022321428571591,-1.602232142857159,-3.102232142857159,-0.673481659651247,0.48697204045210557,0.3084574151280264,1681,1679,2,9
F1_tsmom,H1,USDJPY,"{""lookback"": 48}",12,3360,0.7751785714285666,0.5000000000009663,0.5059523809523809,40.2332315070898,-0.2248214285714334,-1.2248214285714334,-2.7248214285714334,-0.7441070354780555,0.7556216537775057,0.794758784991064,1681,1679,2,9
F1_tsmom,H1,USDJPY,"{""lookback"": 48}",24,3360,1.0047023809523694,0.10000000000047748,0.500297619047619,59.666336069254825,0.0047023809523694116,-0.9952976190476306,-2.495297619047631,-1.2119061936259898,1.4565139797739244,0.5523525908278707,1681,1679,4,9
F1_tsmom,H1,USDJPY,"{""lookback"": 48}",48,3356,0.7780691299165509,0.20000000000024443,0.5002979737783075,82.64966143479974,-0.22193087008344914,-1.2219308700834492,-2.7219308700834492,-2.0599036724864703,3.2546158427635357,-1.7014311270125397,1679,1677,3,9
F1_tsmom,H1,USDJPY,"{""lookback"": 96}",4,2256,-0.08630319148933722,-0.7999999999995566,0.4796099290780142,24.659122856063387,-1.0863031914893373,-2.0863031914893373,-3.5863031914893373,-1.154052843707991,-0.7257750221434788,0.5543034605146784,1129,1127,0,9
F1_tsmom,H1,USDJPY,"{""lookback"": 96}",12,2256,-0.2354609929077875,-0.10000000000047748,0.4946808510638298,40.76481256836802,-1.2354609929077875,-2.2354609929077873,-3.7354609929077873,-1.7721003134796105,-0.05571302037200608,-0.4155279503105357,1129,1127,0,9
F1_tsmom,H1,USDJPY,"{""lookback"": 96}",24,2256,0.9398936170212827,0.6500000000002615,0.5048758865248227,58.834192245622646,-0.06010638297871729,-1.0601063829787174,-2.5601063829787174,-0.995208240035818,-0.0922940655447175,1.9739130434782608,1129,1127,3,9
F1_tsmom,H1,USDJPY,"{""lookback"": 96}",48,2256,0.6542553191489403,-0.7500000000000284,0.4973404255319149,77.64817189278966,-0.3457446808510597,-1.3457446808510598,-2.84574468085106,-1.819749216300935,-2.645615589016818,3.95998225377107,1129,1127,3,9
F1_tsmom,H1,USDJPY,"{""lookback"": 192}",4,1702,-0.00417156286722818,0.0999999999990564,0.500587544065805,28.71690790726267,-1.004171562867228,-2.0041715628672283,-3.5041715628672283,-1.3919833729216253,-0.9166077738516234,0.9039859320046959,849,853,1,9
F1_tsmom,H1,USDJPY,"{""lookback"": 192}",12,1702,-0.32444183313749564,-0.3999999999997783,0.4964747356051704,38.93824353579644,-1.3244418331374956,-2.3244418331374956,-3.8244418331374956,-1.7820071258907464,-1.5952885747939165,0.9404454865181918,849,853,0,9
F1_tsmom,H1,USDJPY,"{""lookback"": 192}",24,1702,0.015804935370155555,-0.8499999999997954,0.4929494712103408,55.90023933490561,-0.9841950646298444,-1.9841950646298445,-3.4841950646298443,-2.07814726840855,-3.0084805653710447,3.0259085580305065,849,853,1,9
F1_tsmom,H1,USDJPY,"{""lookback"": 192}",48,1702,-0.2548178613396024,-0.24999999999977263,0.49764982373678024,75.92684269220769,-1.2548178613396024,-2.2548178613396024,-3.7548178613396024,-2.953681710213781,-8.665135453474683,8.11606096131302,849,853,1,9
F2_donchian,H1,USDJPY,"{""lookback"": 20}",4,4070,-0.6856019656019836,-1.2999999999991019,0.46633906633906635,25.99392359697537,-1.6856019656019836,-2.6856019656019834,-4.185601965601983,-1.7043186895011355,0.16381609195400687,-1.6605277044855082,2175,1895,0,9
F2_donchian,H1,USDJPY,"{""lookback"": 20}",12,4067,-0.4872387509220522,-1.2000000000000455,0.4836488812392427,42.76221809646978,-1.4872387509220522,-2.487238750922052,-3.987238750922052,-2.066169895678089,0.6118160919540154,-1.7506871035940639,2175,1892,2,9
F2_donchian,H1,USDJPY,"{""lookback"": 20}",24,4066,-1.228061977373344,-0.9499999999995623,0.4879488440727988,59.603998743425294,-2.2280619773733443,-3.2280619773733443,-4.728061977373344,-3.2948571428571474,-0.3730574712643768,-2.211475409836063,2175,1891,1,9
F2_donchian,H1,USDJPY,"{""lookback"": 20}",48,4064,0.22709153543306362,0.5000000000002558,0.5027066929133859,82.46208825762602,-0.7729084645669364,-1.7729084645669364,-3.272908464566936,-2.7679095202585207,2.183724137931023,-2.0257808364213896,2175,1889,3,9
F2_donchian,H1,USDJPY,"{""lookback"": 40}",4,2840,-0.7621126760563453,-1.099999999999568,0.4665492957746479,27.10176069300251,-1.7621126760563453,-2.7621126760563453,-4.262112676056345,-1.8075062255425192,0.02015306122448169,-1.726415094339629,1568,1272,0,9
F2_donchian,H1,USDJPY,"{""lookback"": 40}",12,2837,-0.24698625308424502,-0.7000000000005002,0.4899541769474797,43.497322383798604,-1.246986253084245,-2.246986253084245,-3.746986253084245,-1.8685185185185202,0.8410714285714197,-1.5914105594956576,1568,1269,2,9
F2_donchian,H1,USDJPY,"{""lookback"": 40}",24,2836,-0.5718265162200339,-0.7999999999995566,0.48977433004231313,59.821103019491865,-1.571826516220034,-2.571826516220034,-4.0718265162200336,-2.8074100463127967,-0.5259566326530747,-0.62854889589905,1568,1268,2,9
F2_donchian,H1,USDJPY,"{""lookback"": 40}",48,2835,1.1250793650793525,1.2999999999991019,0.5082892416225749,81.5109997444681,0.12507936507935247,-0.8749206349206475,-2.3749206349206475,-2.0055951532430627,3.0439413265305992,-1.2496448303078254,1568,1267,4,9
F2_donchian,H1,USDJPY,"{""lookback"": 80}",4,1974,-0.8468591691996062,-1.3999999999995794,0.4696048632218845,28.418236682477904,-1.8468591691996061,-2.846859169199606,-4.346859169199607,-1.9568577277379857,-0.4248000000000045,-1.4061248527679826,1125,849,1,9
F2_donchian,H1,USDJPY,"{""lookback"": 80}",12,1971,-0.7672754946727608,-0.7999999999995566,0.4895991882293252,44.40252061755721,-1.7672754946727607,-2.7672754946727607,-4.267275494672761,-2.4102971311475483,0.7859555555555503,-2.8327423167848775,1125,846,2,9
F2_donchian,H1,USDJPY,"{""lookback"": 80}",24,1970,-1.6981218274111884,-1.999999999999602,0.48020304568527916,60.385463033623004,-2.6981218274111884,-3.6981218274111884,-5.198121827411189,-4.090820512820534,-0.5176000000000167,-3.269822485207127,1125,845,2,9
F2_donchian,H1,USDJPY,"{""lookback"": 80}",48,1970,0.6007614213197746,1.6500000000000625,0.5111675126903553,80.70794059693011,-0.3992385786802254,-1.3992385786802255,-2.8992385786802255,-2.4954871794872022,4.065422222222212,-4.011952662721931,1125,845,4,9
F3_trend_pullback,H1,USDJPY,"{""fast"": 20, ""slow"": 100}",4,7097,-0.08526137804706956,-0.20000000000095497,0.4903480343807243,24.633147100365147,-1.0852613780470695,-2.0852613780470697,-3.5852613780470697,-1.1221178479931768,-0.005629045876726327,-0.16509593679459475,3553,3544,1,9
F3_trend_pullback,H1,USDJPY,"{""fast"": 20, ""slow"": 100}",12,7097,0.19754825982809682,-0.49999999999954525,0.49415245878540226,42.19659790177613,-0.8024517401719031,-1.8024517401719031,-3.3024517401719033,-1.4039282664389405,0.5165493948775718,-0.12226297968397534,3553,3544,1,9
F3_trend_pullback,H1,USDJPY,"{""fast"": 20, ""slow"": 100}",24,7096,0.6582299887260512,-0.30000000000001137,0.4967587373167982,59.88561337357058,-0.3417700112739488,-1.3417700112739488,-2.841770011273949,-1.4974519572953662,1.7254151421334232,-0.4119672593847003,3553,3543,2,9
F3_trend_pullback,H1,USDJPY,"{""fast"": 20, ""slow"": 100}",48,7094,0.12029884409360421,0.6999999999997897,0.5043698900479279,82.97809691392149,-0.8797011559063957,-1.8797011559063959,-3.3797011559063956,-2.665014950875691,1.6312693498452073,-1.39579214911042,3553,3541,3,9
F3_trend_pullback,H1,USDJPY,"{""fast"": 50, ""slow"": 200}",4,4156,0.4703801732435014,-0.30000000000001137,0.49085659287776706,25.22141357019425,-0.5296198267564987,-1.5296198267564987,-3.0296198267564987,-0.6921001458434637,-0.09794520547945253,1.0204071969696937,2044,2112,1,9
F3_trend_pullback,H1,USDJPY,"{""fast"": 50, ""slow"": 200}",12,4156,1.0433830606352468,0.49999999999954525,0.5057747834456208,41.33930169644255,0.04338306063524677,-0.9566169393647532,-2.4566169393647534,-0.5745017015070285,0.42808219178083934,1.6388731060606296,2044,2112,2,9
F3_trend_pullback,H1,USDJPY,"{""fast"": 50, ""slow"": 200}",24,4156,1.4649663137632427,0.34999999999953957,0.5031280076997112,59.693931785068045,0.4649663137632427,-0.5350336862367573,-2.0350336862367575,-0.6314292659212363,1.38649706457926,1.540909090909105,2044,2112,4,9
F3_trend_pullback,H1,USDJPY,"{""fast"": 50, ""slow"": 200}",48,4155,-0.19261131167266773,0.10000000000047748,0.5008423586040914,84.23987527997171,-1.1926113116726678,-2.1926113116726675,-3.6926113116726675,-3.050547045951845,-1.0058708414872641,0.5948365703458226,2044,2111,4,9
F5_vol_compress_breakout,H1,USDJPY,"{""lookback"": 20, ""ratio"": 0.75}",4,95,2.5957894736842193,1.5000000000000568,0.5578947368421052,25.221132290160167,1.5957894736842193,0.5957894736842193,-0.9042105263157807,1.6393617021276714,2.773770491803337,2.276470588235213,61,34,4,9
F5_vol_compress_breakout,H1,USDJPY,"{""lookback"": 20, ""ratio"": 0.75}",12,95,5.605263157894739,5.200000000000671,0.5578947368421052,47.00318542492188,4.605263157894739,3.605263157894739,2.105263157894739,4.207446808510636,10.55901639344263,-3.2823529411764696,61,34,6,9
F5_vol_compress_breakout,H1,USDJPY,"{""lookback"": 20, ""ratio"": 0.75}",24,95,11.20421052631577,4.599999999999227,0.5473684210526316,59.57378567398311,10.20421052631577,9.20421052631577,7.704210526315769,9.649999999999968,14.785245901639264,4.779411764705966,61,34,6,9
F5_vol_compress_breakout,H1,USDJPY,"{""lookback"": 20, ""ratio"": 0.75}",48,95,6.410526315789507,12.099999999999511,0.5684210526315789,77.36433626882477,5.410526315789507,4.410526315789507,2.9105263157895074,4.253191489361737,6.727868852459038,5.841176470588289,61,34,5,9
F5_vol_compress_breakout,H1,USDJPY,"{""lookback"": 20, ""ratio"": 0.85}",4,456,0.8958333333333381,0.25000000000048317,0.5087719298245614,23.9756333303157,-0.10416666666666186,-1.1041666666666619,-2.6041666666666616,0.03946784922395563,1.3179104477612245,0.29414893617018106,268,188,3,9
F5_vol_compress_breakout,H1,USDJPY,"{""lookback"": 20, ""ratio"": 0.85}",12,455,2.1186813186813307,0.7000000000005002,0.5142857142857142,44.33921334064174,1.1186813186813307,0.1186813186813307,-1.3813186813186693,0.5940000000000158,4.784328358208951,-1.7016042780748295,268,187,6,9
F5_vol_compress_breakout,H1,USDJPY,"{""lookback"": 20, ""ratio"": 0.85}",24,455,1.7580219780219837,2.7000000000001023,0.5186813186813187,54.51670495753414,0.7580219780219837,-0.24197802197801632,-1.7419780219780163,0.07733333333333285,1.6462686567164098,1.9181818181818426,268,187,5,9
F5_vol_compress_breakout,H1,USDJPY,"{""lookback"": 20, ""ratio"": 0.85}",48,455,1.8912087912088134,2.400000000000091,0.5208791208791209,75.86354177734236,0.8912087912088134,-0.10879120879118664,-1.6087912087911866,-0.5251111111110887,4.0134328358209315,-1.1502673796791423,268,187,4,9
F5_vol_compress_breakout,H1,USDJPY,"{""lookback"": 40, ""ratio"": 0.75}",4,54,5.851851851851925,1.3999999999995794,0.5740740740740741,22.388244394591954,4.851851851851925,3.851851851851925,2.351851851851925,4.216981132075551,7.175000000000114,3.2055555555555455,36,18,5,9
F5_vol_compress_breakout,H1,USDJPY,"{""lookback"": 40, ""ratio"": 0.75}",12,54,9.783333333333466,5.299999999999017,0.5740740740740741,37.03165779769095,8.783333333333466,7.783333333333466,6.283333333333466,7.967924528302019,14.747222222222376,-0.14444444444434465,36,18,7,9
F5_vol_compress_breakout,H1,USDJPY,"{""lookback"": 40, ""ratio"": 0.75}",24,54,17.046296296296298,6.9000000000002615,0.5555555555555556,49.076181491608914,16.046296296296298,15.046296296296298,13.546296296296298,15.022641509433972,24.058333333333263,3.022222222222363,36,18,7,9
F5_vol_compress_breakout,H1,USDJPY,"{""lookback"": 40, ""ratio"": 0.75}",48,54,13.274074074074166,19.400000000000972,0.6481481481481481,69.79435611389293,12.274074074074166,11.274074074074166,9.774074074074166,9.577358490566136,15.291666666666774,9.23888888888895,36,18,6,9
F5_vol_compress_breakout,H1,USDJPY,"{""lookback"": 40, ""ratio"": 0.85}",4,258,2.3507751937984707,0.25000000000048317,0.5116279069767442,22.44585572183546,1.3507751937984707,0.35077519379847066,-1.1492248062015293,1.3843137254902191,3.355952380952418,0.4744444444444361,168,90,4,9
F5_vol_compress_breakout,H1,USDJPY,"{""lookback"": 40, ""ratio"": 0.85}",12,257,4.8645914396887315,1.6999999999995907,0.5447470817120622,38.04887624521694,3.8645914396887315,2.8645914396887315,1.3645914396887315,3.4500000000000193,5.836309523809528,3.0303370786517205,168,89,7,9
F5_vol_compress_breakout,H1,USDJPY,"{""lookback"": 40, ""ratio"": 0.85}",24,257,-0.061867704280202,-0.10000000000047748,0.4980544747081712,52.27640429962694,-1.061867704280202,-2.061867704280202,-3.561867704280202,-1.6267716535433483,-1.2738095238096168,2.2258426966292553,168,89,4,9
F5_vol_compress_breakout,H1,USDJPY,"{""lookback"": 40, ""ratio"": 0.85}",48,257,4.456809338521387,7.500000000000284,0.5525291828793775,77.57357371049385,3.4568093385213867,2.4568093385213867,0.9568093385213867,1.7704724409448647,2.863690476190479,7.464044943820178,168,89,5,9
F6_mean_reversion,H1,USDJPY,"{""sma_len"": 20, ""z"": 1.5}",4,4130,0.17450363196125065,1.100000000000989,0.5234866828087167,26.86636846911844,-0.8254963680387494,-1.8254963680387493,-3.3254963680387495,-0.8423923679060745,0.6275369223439602,-0.2936976858690337,2099,2031,1,9
F6_mean_reversion,H1,USDJPY,"{""sma_len"": 20, ""z"": 1.5}",12,4128,0.2785610465116191,1.2999999999991019,0.5152616279069767,43.552694988585344,-0.7214389534883809,-1.721438953488381,-3.2214389534883807,-1.4728340675477334,0.7568907963757545,-0.2153126538650884,2097,2031,3,9
F6_mean_reversion,H1,USDJPY,"{""sma_len"": 20, ""z"": 1.5}",24,4128,0.8508963178294434,1.2000000000000455,0.5121124031007752,59.533743084990256,-0.14910368217055658,-1.1491036821705567,-2.6491036821705567,-1.4712187958884135,1.0024320457796527,0.6944362383062574,2097,2031,2,9
F6_mean_reversion,H1,USDJPY,"{""sma_len"": 20, ""z"": 1.5}",48,4126,0.670213281628675,1.5000000000000568,0.5075133301017936,83.01586954415814,-0.329786718371325,-1.329786718371325,-2.829786718371325,-2.270176297747329,2.1801431980906636,-0.8872968980797771,2095,2031,5,9
F6_mean_reversion,H1,USDJPY,"{""sma_len"": 20, ""z"": 2.0}",4,2937,0.4592100783111955,1.6999999999995907,0.5386448757235274,26.57704683974238,-0.5407899216888046,-1.5407899216888046,-3.0407899216888046,-0.612418300653601,0.9139959432048617,-0.002126200274354676,1479,1458,0,9
F6_mean_reversion,H1,USDJPY,"{""sma_len"": 20, ""z"": 2.0}",12,2935,-0.5946166950596261,0.7999999999995566,0.5110732538330494,42.7124622222585,-1.594616695059626,-2.594616695059626,-4.094616695059626,-2.1769707401032714,-0.5320243737305526,-0.6580246913580087,1477,1458,0,9
F6_mean_reversion,H1,USDJPY,"{""sma_len"": 20, ""z"": 2.0}",24,2935,0.9156388415672843,1.6999999999995907,0.5161839863713799,58.433889701408646,-0.08436115843271574,-1.0843611584327157,-2.5843611584327157,-1.2580722891566343,0.5633716993906367,1.272496570644725,1477,1458,4,9
F6_mean_reversion,H1,USDJPY,"{""sma_len"": 20, ""z"": 2.0}",48,2934,0.49253578732106895,0.30000000000001137,0.5010224948875256,82.02251910384773,-0.507464212678931,-1.507464212678931,-3.007464212678931,-2.3108471074380135,1.6025067750677433,-0.6311385459533415,1476,1458,2,9
F6_mean_reversion,H1,USDJPY,"{""sma_len"": 20, ""z"": 2.5}",4,1873,-0.6607047517351803,1.6000000000005343,0.5424452749599573,27.359103391594335,-1.6607047517351803,-2.6607047517351803,-4.16070475173518,-1.5001618122977294,0.19739413680782075,-1.4908613445378105,921,952,1,9
F6_mean_reversion,H1,USDJPY,"{""sma_len"": 20, ""z"": 2.5}",12,1871,-1.3086050240513167,0.0,0.4991982896846606,46.96619122759832,-2.3086050240513165,-3.3086050240513165,-4.8086050240513165,-3.2913606911447184,-1.5305767138193846,-1.0943277310924362,919,952,1,9
F6_mean_reversion,H1,USDJPY,"{""sma_len"": 20, ""z"": 2.5}",24,1871,-0.9863709246392228,0.9000000000000341,0.5061464457509354,60.677362870770125,-1.986370924639223,-2.986370924639223,-4.486370924639223,-3.3659287257019384,-0.011860718171927095,-1.9271008403361185,919,952,3,9
F6_mean_reversion,H1,USDJPY,"{""sma_len"": 20, ""z"": 2.5}",48,1871,-2.340032068412606,-1.6999999999995907,0.48743987172634956,83.71853183762303,-3.340032068412606,-4.340032068412606,-5.840032068412606,-5.307937365010793,0.18966267682263696,-4.7820378151260385,919,952,1,9
F6_mean_reversion,H1,USDJPY,"{""sma_len"": 50, ""z"": 1.5}",4,3279,0.237511436413551,0.7999999999995566,0.5221103995120464,26.118251446082105,-0.762488563586449,-1.762488563586449,-3.262488563586449,-0.8957486136783634,1.1139297848244707,-0.7854593522802257,1766,1513,1,9
F6_mean_reversion,H1,USDJPY,"{""sma_len"": 50, ""z"": 1.5}",12,3279,-0.33519365660263106,0.8000000000009777,0.5099115584019518,42.57060043684366,-1.335193656602631,-2.3351936566026312,-3.8351936566026312,-2.2414972273567533,0.3571913929784588,-1.1433575677461898,1766,1513,2,9
F6_mean_reversion,H1,USDJPY,"{""sma_len"": 50, ""z"": 1.5}",24,3278,0.05457596095178475,0.999999999999801,0.5088468578401464,60.52967406390649,-0.9454240390482153,-1.9454240390482151,-3.4454240390482154,-2.457935285053945,1.064079320113294,-1.1230667547918127,1765,1513,3,9
F6_mean_reversion,H1,USDJPY,"{""sma_len"": 50, ""z"": 1.5}",48,3277,0.940768996032954,0.9000000000000341,0.5041196216051267,86.62297182057142,-0.05923100396704595,-1.0592310039670458,-2.559231003967046,-2.4000000000000035,3.6106009070294656,-2.1719762062128147,1764,1513,3,9
F6_mean_reversion,H1,USDJPY,"{""sma_len"": 50, ""z"": 2.0}",4,2946,0.2083842498302676,0.6000000000000227,0.515274949083503,25.150194826269864,-0.7916157501697324,-1.7916157501697323,-3.2916157501697323,-0.7258916323731247,0.5131812420785586,-0.14320175438596305,1578,1368,1,9
F6_mean_reversion,H1,USDJPY,"{""sma_len"": 50, ""z"": 2.0}",12,2946,-0.6887983706721099,-0.20000000000095497,0.4972844534962661,44.07871955881194,-1.68879837067211,-2.68879837067211,-4.18879837067211,-2.55840192043897,-0.4756653992395653,-0.9346491228070185,1578,1368,3,9
F6_mean_reversion,H1,USDJPY,"{""sma_len"": 50, ""z"": 2.0}",24,2945,-0.5869609507640269,0.0,0.499151103565365,59.75896017981967,-1.586960950764027,-2.586960950764027,-4.086960950764027,-2.9674099485420458,-0.985732403297429,-0.1272660818713546,1577,1368,3,9
F6_mean_reversion,H1,USDJPY,"{""sma_len"": 50, ""z"": 2.0}",48,2944,1.3450747282608564,-2.300000000000324,0.4904891304347826,84.23574621700193,0.3450747282608564,-0.6549252717391436,-2.1549252717391436,-1.9189087165408507,2.9108502538070886,-0.45877192982456766,1576,1368,3,9
F6_mean_reversion,H1,USDJPY,"{""sma_len"": 50, ""z"": 2.5}",4,2579,0.012020162853813889,1.100000000000989,0.5304381543233812,25.45698091254942,-0.9879798371461861,-1.987979837146186,-3.4879798371461863,-0.8806502154328283,0.9846612062546318,-1.0448220064724796,1343,1236,0,9
F6_mean_reversion,H1,USDJPY,"{""sma_len"": 50, ""z"": 2.5}",12,2579,0.09515316013959546,0.7999999999995566,0.5106630476929043,42.48776873881274,-0.9048468398604046,-1.9048468398604046,-3.4048468398604044,-1.493419506462979,1.6330603127326648,-1.575889967637502,1343,1236,1,9
F6_mean_reversion,H1,USDJPY,"{""sma_len"": 50, ""z"": 2.5}",24,2577,-0.05091191307723183,1.2000000000000455,0.5087310826542492,58.636139502261315,-1.0509119130772318,-2.0509119130772318,-3.5509119130772318,-2.2417091336730794,1.1389261744966175,-1.3418284789643937,1341,1236,3,9
F6_mean_reversion,H1,USDJPY,"{""sma_len"": 50, ""z"": 2.5}",48,2574,-0.7893162393162445,-1.8999999999998352,0.486013986013986,79.70007428308544,-1.7893162393162445,-2.7893162393162445,-4.2893162393162445,-3.4240580847723754,0.9310911808669586,-2.6516990291262164,1338,1236,3,9
F7_trend_strength,H1,USDJPY,"{""fast"": 20, ""slow"": 100, ""band"": 1.0}",4,2427,0.25451174289243556,-0.49999999999954525,0.4853728883395138,23.735583276538605,-0.7454882571075645,-1.7454882571075645,-3.2454882571075645,-0.6485428809325806,1.006174957118352,-0.4405233941316872,1166,1261,1,9
F7_trend_strength,H1,USDJPY,"{""fast"": 20, ""slow"": 100, ""band"": 1.0}",12,2427,1.8610218376596452,1.5000000000000568,0.5220436753193243,40.531526983102445,0.8610218376596452,-0.13897816234035476,-1.6389781623403548,0.3602830974188016,3.0417667238421835,0.769230769230748,1166,1261,4,9
F7_trend_strength,H1,USDJPY,"{""fast"": 20, ""slow"": 100, ""band"": 1.0}",24,2427,2.340626287597839,1.0000000000005116,0.5088586732591677,59.726276267415656,1.3406262875978392,0.3406262875978392,-1.1593737124021608,0.3798501248959028,3.4713550600343055,1.295083267248181,1166,1261,3,9
F7_trend_strength,H1,USDJPY,"{""fast"": 20, ""slow"": 100, ""band"": 1.0}",48,2426,1.8874690849134266,1.850000000000307,0.5115416323165705,81.88061764547335,0.8874690849134266,-0.11253091508657342,-1.6125309150865734,-0.7980424822990551,3.676586620926234,0.2318253968253834,1166,1260,4,9
F7_trend_strength,H1,USDJPY,"{""fast"": 20, ""slow"": 100, ""band"": 1.5}",4,2551,0.5983927871422877,-0.20000000000095497,0.4915719325754606,24.481005709592665,-0.4016072128577123,-1.4016072128577122,-2.901607212857712,-0.4317227722772372,0.5949752883031207,0.6014958863126307,1214,1337,1,9
F7_trend_strength,H1,USDJPY,"{""fast"": 20, ""slow"": 100, ""band"": 1.5}",12,2551,1.0270090160721326,-0.19999999999953388,0.49901999215993725,41.96649480136806,0.027009016072132574,-0.9729909839278674,-2.4729909839278674,-0.6045544554455409,-0.5882207578253629,2.493642483171279,1214,1337,5,9
F7_trend_strength,H1,USDJPY,"{""fast"": 20, ""slow"": 100, ""band"": 1.5}",24,2551,1.2347706781654344,0.0,0.49941199529596236,59.56960445428145,0.2347706781654344,-0.7652293218345656,-2.265229321834566,-0.7268910891089019,-0.6596375617792161,2.9548990276738905,1214,1337,3,9
F7_trend_strength,H1,USDJPY,"{""fast"": 20, ""slow"": 100, ""band"": 1.5}",48,2550,-0.5835686274509675,-1.8999999999991246,0.48784313725490197,82.67007226312072,-1.5835686274509675,-2.5835686274509673,-4.083568627450967,-3.3854992076069585,-2.9080724876441275,1.528667664670661,1214,1336,2,9
F8_breakout_expansion,H1,USDJPY,"{""lookback"": 20, ""ratio"": 0.9}",4,3208,-0.7511221945137356,-1.3999999999995794,0.4644638403990025,26.95547019129109,-1.7511221945137356,-2.7511221945137354,-4.251122194513735,-1.8501732283464771,0.09908312958433103,-1.6359414758269908,1636,1572,0,9
F8_breakout_expansion,H1,USDJPY,"{""lookback"": 20, ""ratio"": 0.9}",12,3207,-0.8004989086373568,-1.6000000000005343,0.47895229186155286,42.68722980029276,-1.8004989086373568,-2.8004989086373566,-4.300498908637357,-2.455166981726531,0.25531784841074173,-1.8999999999999855,1636,1571,2,9
F8_breakout_expansion,H1,USDJPY,"{""lookback"": 20, ""ratio"": 0.9}",24,3206,-1.483031815346232,-1.5500000000002956,0.4850280723643169,61.00519564822523,-2.483031815346232,-3.483031815346232,-4.983031815346232,-3.694295619287747,-0.244070904645488,-2.774076433121021,1636,1570,1,9
F8_breakout_expansion,H1,USDJPY,"{""lookback"": 20, ""ratio"": 0.9}",48,3204,0.1724406991260789,-0.09999999999976694,0.49968789013732834,84.74549633878894,-0.827559300873921,-1.827559300873921,-3.3275593008739213,-3.041942604856526,2.7047677261613474,-2.4697066326530654,1636,1568,3,9
F8_breakout_expansion,H1,USDJPY,"{""lookback"": 40, ""ratio"": 0.9}",4,2340,-0.9093589743589839,-1.2000000000000455,0.4675213675213675,28.19561020474003,-1.9093589743589838,-2.909358974358984,-4.409358974358984,-2.006044905008646,-0.24505314799674352,-1.6367054610564056,1223,1117,0,9
F8_breakout_expansion,H1,USDJPY,"{""lookback"": 40, ""ratio"": 0.9}",12,2339,-0.47764001710133236,-1.2000000000000455,0.48525010688328346,43.92777667916644,-1.4776400171013324,-2.4776400171013324,-3.9776400171013324,-2.17680345572355,0.7777596075224673,-1.8534050179211417,1223,1116,2,9
F8_breakout_expansion,H1,USDJPY,"{""lookback"": 40, ""ratio"": 0.9}",24,2338,-0.017536355859709543,-0.8000000000002672,0.49101796407185627,61.342338345454664,-1.0175363558597095,-2.0175363558597095,-3.5175363558597095,-2.350777873811583,0.6128372853638575,-0.7089686098654696,1223,1115,3,9
F8_breakout_expansion,H1,USDJPY,"{""lookback"": 40, ""ratio"": 0.9}",48,2337,1.0991014120667402,0.5000000000009663,0.503209242618742,83.0943547077353,0.09910141206674017,-0.9008985879332598,-2.40089858793326,-2.176653696498066,4.009076042518383,-2.095601436265719,1223,1114,4,9
F4_h4trend_h1entry,H1,USDJPY,"{""ema_h4"": 20}",4,6422,-0.3500934288383755,-0.40000000000048885,0.48582995951417,24.44414454007763,-1.3500934288383755,-2.3500934288383757,-3.8500934288383757,-1.3482145666194831,-0.4398315658141042,-0.26063432835821804,3206,3216,0,9
F4_h4trend_h1entry,H1,USDJPY,"{""ema_h4"": 20}",12,6422,-0.03765182186234877,-0.7500000000000284,0.490657116163189,41.95251473475233,-1.0376518218623487,-2.0376518218623487,-3.5376518218623487,-1.614330659115935,0.3307236431690669,-0.40488184079603007,3206,3216,2,9
F4_h4trend_h1entry,H1,USDJPY,"{""ema_h4"": 20}",24,6421,0.0910294346675062,-0.6999999999990791,0.493536832269117,59.463376334714624,-0.9089705653324938,-1.9089705653324938,-3.4089705653324938,-1.9943989930773982,1.0323767935121826,-0.8476827371695174,3206,3215,2,9
F4_h4trend_h1entry,H1,USDJPY,"{""ema_h4"": 20}",48,6419,0.00468920392585073,0.5000000000009663,0.5033494313756037,83.1161865444921,-0.9953107960741493,-1.9953107960741492,-3.495310796074149,-2.828863707900529,1.5186213349968873,-1.5059446000622432,3206,3213,3,9
F4_h4trend_h1entry,H1,USDJPY,"{""ema_h4"": 50}",4,5850,-0.18000000000001698,-0.19999999999953388,0.49230769230769234,24.164371091079314,-1.180000000000017,-2.180000000000017,-3.680000000000017,-1.1507857019513221,-0.3565947242206358,-0.004128283862184774,2919,2931,1,9
F4_h4trend_h1entry,H1,USDJPY,"{""ema_h4"": 50}",12,5850,-0.20784615384616048,-0.5000000000009663,0.4928205128205128,42.0257714488138,-1.2078461538461605,-2.2078461538461607,-3.7078461538461607,-1.784527715420486,-0.4128126070572067,-0.0037188672808092568,2919,2931,1,9
F4_h4trend_h1entry,H1,USDJPY,"{""ema_h4"": 50}",24,5849,0.2171824243460466,-0.6000000000000227,0.4932467088391178,59.6622270026086,-0.7828175756539534,-1.7828175756539535,-3.2828175756539535,-2.0163730569948144,0.3594724220623645,0.07542662116040427,2919,2930,3,9
F4_h4trend_h1entry,H1,USDJPY,"{""ema_h4"": 50}",48,5847,0.22163502650932843,0.30000000000001137,0.5021378484693005,82.35466909192226,-0.7783649734906716,-1.7783649734906715,-3.2783649734906715,-2.560539046302688,1.006920178143211,-0.5612363387978104,2919,2928,3,9
F1_tsmom,H4,EURUSD,"{""lookback"": 6}",3,2480,1.1636693548387167,0.04999999999921734,0.5,49.04906623156377,0.1636693548387167,-0.8363306451612833,-2.3363306451612833,-0.6159201954397314,1.151129032258044,1.1762096774193889,1240,1240,3,9
F1_tsmom,H4,EURUSD,"{""lookback"": 6}",6,2479,0.4205728116175628,0.40000000000040004,0.5014118596208148,71.63784499598329,-0.5794271883824371,-1.5794271883824371,-3.079427188382437,-1.9037082314588682,0.14096774193544112,0.7004035512510035,1240,1239,3,9
F1_tsmom,H4,EURUSD,"{""lookback"": 6}",12,2479,-0.4420734167002925,0.40000000000040004,0.5018152480839048,102.86931419898859,-1.4420734167002924,-2.4420734167002927,-3.9420734167002927,-3.692094539527315,-0.19387096774194856,-0.6904761904761977,1240,1239,3,9
F1_tsmom,H4,EURUSD,"{""lookback"": 6}",24,2477,-0.952079127977395,-1.9999999999997797,0.4961647153815099,143.9942285094079,-1.952079127977395,-2.9520791279773952,-4.452079127977395,-5.104282218597065,-2.9415657788539398,1.0390145395799852,1239,1238,1,9
F1_tsmom,H4,EURUSD,"{""lookback"": 12}",3,1727,-0.636653155761409,-0.2999999999997449,0.49623624782860454,51.36534336823571,-1.636653155761409,-2.636653155761409,-4.136653155761409,-2.4877706260971064,0.4819444444444822,-1.756546929316322,864,863,1,9
F1_tsmom,H4,EURUSD,"{""lookback"": 12}",6,1727,-1.1828604516502415,0.09999999999843467,0.5002895193977996,75.41534691052365,-2.1828604516502415,-3.1828604516502415,-4.6828604516502415,-3.635459332943227,0.6753472222222285,-3.0432213209733168,864,863,2,9
F1_tsmom,H4,EURUSD,"{""lookback"": 12}",12,1727,-1.0550086855819119,0.09999999999843467,0.5008685581933989,107.04768193434786,-2.055008685581912,-3.055008685581912,-4.555008685581912,-4.606260971328241,-2.368749999999969,0.26025492468135697,864,863,2,9
F1_tsmom,H4,EURUSD,"{""lookback"": 12}",24,1726,-1.6731170336037013,-2.2500000000003073,0.4936268829663963,144.33309810061567,-2.6731170336037016,-3.6731170336037016,-5.173117033603702,-6.127751756440276,-5.954113557358046,2.607879490150645,863,863,1,9
F1_tsmom,H4,EURUSD,"{""lookback"": 24}",3,1135,0.05339207048455387,-0.4999999999988347,0.49251101321585905,53.60880926418319,-0.9466079295154461,-1.9466079295154461,-3.446607929515446,-1.8373998219056413,-0.40950704225357704,0.5171075837742508,568,567,2,9
F1_tsmom,H4,EURUSD,"{""lookback"": 24}",6,1135,-3.605198237885468,-3.2999999999994145,0.4713656387665198,74.08404136246018,-4.6051982378854674,-5.6051982378854674,-7.1051982378854674,-6.163223508459491,-6.2982394366197285,-0.907407407407408,568,567,1,9
F1_tsmom,H4,EURUSD,"{""lookback"": 24}",12,1132,-0.5588339222615172,-0.04999999999921734,0.5,105.02952623323957,-1.5588339222615173,-2.5588339222615173,-4.058833922261517,-4.025714285714317,-2.8805653710248023,1.7628975265017712,566,566,1,9
F1_tsmom,H4,EURUSD,"{""lookback"": 24}",24,1129,-1.2751107174490863,-2.900000000001235,0.4951284322409212,142.53149754736668,-2.2751107174490866,-3.2751107174490866,-4.7751107174490866,-5.6692927484333175,-1.5805309734513218,-0.9691489361702501,565,564,2,9
F1_tsmom,H4,EURUSD,"{""lookback"": 48}",3,821,0.21924482338609858,-1.100000000000545,0.4823386114494519,50.64289269388764,-0.7807551766139014,-1.7807551766139014,-3.2807551766139014,-1.6575123152709461,-1.1883211678831849,1.630243902438965,411,410,2,9
F1_tsmom,H4,EURUSD,"{""lookback"": 48}",6,821,2.8869671132764787,5.199999999998539,0.5237515225334958,76.39457801080464,1.8869671132764787,0.8869671132764787,-0.6130328867235213,0.43608374384234705,0.3340632603406325,5.4460975609755815,411,410,6,9
F1_tsmom,H4,EURUSD,"{""lookback"": 48}",12,821,2.7794153471376677,2.80000000000058,0.5188794153471377,102.63053355224625,1.7794153471376677,0.7794153471376677,-0.7205846528623323,-0.578448275862036,1.898296836983011,3.662682926829286,411,410,6,9
F1_tsmom,H4,EURUSD,"{""lookback"": 48}",24,819,-0.22588522588519216,2.2999999999995246,0.5067155067155067,136.37684016016038,-1.2258852258851922,-2.225885225885192,-3.725885225885192,-4.273456790123418,-0.43097560975604915,-0.02029339853298846,410,409,3,9
F2_donchian,H4,EURUSD,"{""lookback"": 20}",3,1103,-2.2406165004533025,-2.5999999999992696,0.47234814143245696,53.277802915164685,-3.2406165004533025,-4.240616500453303,-5.740616500453303,-4.0572868927589285,-5.078326996197703,0.34627383015597735,526,577,2,9
F2_donchian,H4,EURUSD,"{""lookback"": 20}",6,1103,-4.794922937443349,-4.8000000000003595,0.4605621033544878,73.35635080124402,-5.794922937443349,-6.794922937443349,-8.29492293744335,-7.107332722273149,-9.56882129277567,-0.44298093587523657,526,577,2,9
F2_donchian,H4,EURUSD,"{""lookback"": 20}",12,1102,-3.2633393829401,1.5999999999993797,0.5090744101633394,102.57624088592829,-4.263339382940099,-5.263339382940099,-6.763339382940099,-6.569999999999991,-10.339047619047584,3.174696707105704,525,577,2,9
F2_donchian,H4,EURUSD,"{""lookback"": 20}",24,1101,-3.151407811080858,-0.1999999999990898,0.4986376021798365,142.85791819566074,-4.151407811080858,-5.151407811080858,-6.651407811080858,-7.16963302752296,-15.526095238095232,8.127604166666616,525,576,3,9
F2_donchian,H4,EURUSD,"{""lookback"": 40}",3,765,-1.2749019607843173,-1.8999999999991246,0.4718954248366013,49.71487944643818,-2.2749019607843173,-3.2749019607843173,-4.774901960784318,-3.0011889035667134,-3.4028169014084386,0.5675609756097372,355,410,3,9
F2_donchian,H4,EURUSD,"{""lookback"": 40}",6,765,-4.592287581699373,-6.699999999999484,0.45098039215686275,71.28563538447622,-5.592287581699373,-6.592287581699373,-8.092287581699374,-6.8256274768824525,-6.161690140845088,-3.233414634146375,355,410,1,9
F2_donchian,H4,EURUSD,"{""lookback"": 40}",12,765,-6.790326797385633,-3.20000000000098,0.49019607843137253,96.57622053215407,-7.790326797385633,-8.790326797385633,-10.290326797385633,-9.857463672391026,-10.829014084507042,-3.293414634146363,355,410,2,9
F2_donchian,H4,EURUSD,"{""lookback"": 40}",24,765,-9.25686274509808,-3.7999999999982492,0.4849673202614379,135.8081978094069,-10.25686274509808,-11.25686274509808,-12.75686274509808,-13.413870541611667,-18.874929577464773,-0.9290243902439859,355,410,3,9
F3_trend_pullback,H4,EURUSD,"{""fast"": 20, ""slow"": 100}",3,1815,-0.27112947658400405,-0.8999999999992347,0.484297520661157,51.168451010586665,-1.271129476584004,-2.271129476584004,-3.771129476584004,-2.217149220489961,0.16602272727273493,-0.6825668449197575,880,935,1,9
F3_trend_pullback,H4,EURUSD,"{""fast"": 20, ""slow"": 100}",6,1815,1.0020385674931258,0.9000000000014552,0.5079889807162534,73.40983865598642,0.002038567493125809,-0.9979614325068742,-2.497961432506874,-1.3063474387527674,0.1967045454545544,1.7600000000000173,880,935,3,9
F3_trend_pullback,H4,EURUSD,"{""fast"": 20, ""slow"": 100}",12,1815,2.198787878787862,2.8999999999990145,0.5134986225895317,102.10653535904693,1.1987878787878619,0.19878787878786186,-1.3012121212121381,-1.011859688196011,0.9262499999999639,3.3964705882352946,880,935,5,9
F3_trend_pullback,H4,EURUSD,"{""fast"": 20, ""slow"": 100}",24,1813,3.2998345284059605,3.6999999999998145,0.5162713734142306,140.10174194491333,2.2998345284059605,1.2998345284059605,-0.20016547159403952,-0.8376811594202886,0.5208191126279927,5.9152034261242,879,934,5,9
F3_trend_pullback,H4,EURUSD,"{""fast"": 50, ""slow"": 200}",3,1026,1.0743664717349604,0.40000000000151026,0.5058479532163743,50.431848588340245,0.07436647173496036,-0.9256335282650396,-2.4256335282650396,-0.6468965517240663,-0.03893280632409324,2.157692307692424,506,520,5,9
F3_trend_pullback,H4,EURUSD,"{""fast"": 50, ""slow"": 200}",6,1026,1.4937621832358972,2.849999999998687,0.5214424951267057,75.40260356556874,0.49376218323589716,-0.5062378167641028,-2.006237816764103,-1.0479802955664768,-3.315019762845851,6.173076923076982,506,520,5,9
F3_trend_pullback,H4,EURUSD,"{""fast"": 50, ""slow"": 200}",12,1026,-0.9829434697855708,1.4999999999998348,0.5038986354775828,104.16514501319632,-1.9829434697855708,-2.982943469785571,-4.482943469785571,-4.35773399014778,-6.7964426877470805,4.674038461538513,506,520,3,9
F3_trend_pullback,H4,EURUSD,"{""fast"": 50, ""slow"": 200}",24,1022,0.7068493150685506,-1.7499999999992522,0.49510763209393344,140.21275422255502,-0.29315068493144936,-1.2931506849314494,-2.793150684931449,-3.8155291790306056,0.13769841269842958,1.2606177606178572,504,518,4,9
F5_vol_compress_breakout,H4,EURUSD,"{""lookback"": 20, ""ratio"": 0.85}",3,37,-6.554054054054142,-9.799999999999809,0.3783783783783784,54.504386136421125,-7.554054054054142,-8.554054054054141,-10.054054054054141,-9.89166666666677,-22.507692307692533,2.087499999999982,13,24,5,9
F5_vol_compress_breakout,H4,EURUSD,"{""lookback"": 20, ""ratio"": 0.85}",6,37,-6.016216216215962,-9.599999999998499,0.43243243243243246,78.12970879503135,-7.016216216215962,-8.016216216215962,-9.516216216215962,-10.002777777777496,-38.65384615384573,11.66250000000017,13,24,5,9
F5_vol_compress_breakout,H4,EURUSD,"{""lookback"": 20, ""ratio"": 0.85}",12,37,-9.383783783783747,-7.0000000000014495,0.43243243243243246,121.43882436462832,-10.383783783783747,-11.383783783783747,-12.883783783783747,-17.158333333333292,-45.35384615384608,10.100000000000016,13,24,4,9
F5_vol_compress_breakout,H4,EURUSD,"{""lookback"": 20, ""ratio"": 0.85}",24,37,19.518918918919084,24.999999999999467,0.5675675675675675,145.36056479939379,18.518918918919084,17.518918918919084,16.018918918919084,13.319444444444613,26.376923076923187,15.804166666666859,13,24,6,9
F6_mean_reversion,H4,EURUSD,"{""sma_len"": 20, ""z"": 1.5}",3,1058,0.905954631379966,0.8500000000000174,0.5085066162570888,51.50826639102796,-0.09404536862003399,-1.094045368620034,-2.594045368620034,-1.497994269340973,-0.8987060998151458,2.79439071566731,541,517,4,9
F6_mean_reversion,H4,EURUSD,"{""sma_len"": 20, ""z"": 1.5}",6,1058,2.3788279773157015,1.9000000000002348,0.5122873345935728,75.58404424427438,1.3788279773157015,0.3788279773157015,-1.1211720226842985,-0.5123209169054345,-2.5231053604435867,7.508317214700178,541,517,4,9
F6_mean_reversion,H4,EURUSD,"{""sma_len"": 20, ""z"": 1.5}",12,1056,1.480018939393936,-1.3499999999999623,0.4971590909090909,104.13214776203934,0.48001893939393603,-0.519981060606064,-2.0199810606060637,-2.0392344497607717,-5.775415896487982,9.101747572815524,541,515,6,9
F6_mean_reversion,H4,EURUSD,"{""sma_len"": 20, ""z"": 1.5}",24,1055,4.147867298578195,3.1999999999987594,0.5090047393364929,142.94855529793247,3.147867298578195,2.147867298578195,0.6478672985781948,-0.7951149425287386,-3.3492592592592634,12.008932038834947,540,515,6,9
F6_mean_reversion,H4,EURUSD,"{""sma_len"": 20, ""z"": 2.0}",3,781,0.7299615877080695,1.80000000000069,0.5262483994878361,50.55557970801951,-0.2700384122919305,-1.2700384122919304,-2.7700384122919304,-1.4099611901681743,-0.9987684729064124,2.601600000000014,406,375,3,9
F6_mean_reversion,H4,EURUSD,"{""sma_len"": 20, ""z"": 2.0}",6,781,0.14404609475030547,2.8999999999990145,0.5224071702944942,70.78473220875063,-0.8559539052496945,-1.8559539052496945,-3.3559539052496947,-2.300517464424331,-3.5980295566502343,4.195466666666625,406,375,4,9
F6_mean_reversion,H4,EURUSD,"{""sma_len"": 20, ""z"": 2.0}",12,781,-0.028297055057624143,-0.9999999999998899,0.49295774647887325,97.94897013002316,-1.028297055057624,-2.028297055057624,-3.528297055057624,-3.278654592496778,-1.5576354679803115,1.6274666666666704,406,375,5,9
F6_mean_reversion,H4,EURUSD,"{""sma_len"": 20, ""z"": 2.0}",24,781,5.016261203585146,2.9999999999996696,0.5160051216389244,138.46417986984628,4.016261203585146,3.016261203585146,1.5162612035851462,0.20310478654592393,0.2827586206896475,10.141066666666672,406,375,6,9
F6_mean_reversion,H4,EURUSD,"{""sma_len"": 50, ""z"": 1.5}",3,817,2.0955936352509403,1.100000000000545,0.5091799265605875,55.50370112346826,1.0955936352509403,0.09559363525094033,-1.4044063647490597,-0.4564356435643346,-1.6392682926828774,5.857985257985256,410,407,4,9
F6_mean_reversion,H4,EURUSD,"{""sma_len"": 50, ""z"": 1.5}",6,817,-2.4156670746634,-1.80000000000069,0.48225214198286415,75.90048986722746,-3.4156670746634,-4.4156670746634,-5.9156670746634,-5.379084158415843,-7.950731707317027,3.1601965601965203,410,407,2,9
F6_mean_reversion,H4,EURUSD,"{""sma_len"": 50, ""z"": 1.5}",12,816,-5.244730392156849,-5.199999999999649,0.47181372549019607,106.60914023672227,-6.244730392156849,-7.244730392156849,-8.74473039215685,-8.948946716232951,-6.643414634146332,-3.832266009852196,410,406,3,9
F6_mean_reversion,H4,EURUSD,"{""sma_len"": 50, ""z"": 1.5}",24,815,1.0835582822085894,-2.100000000000435,0.49325153374233127,143.01851403183238,0.08355828220858941,-0.9164417177914106,-2.4164417177914106,-3.590322580645159,-1.8092682926829307,4.012098765432104,410,405,3,9
F6_mean_reversion,H4,EURUSD,"{""sma_len"": 50, ""z"": 2.0}",3,743,-1.1620457604306695,0.6000000000017103,0.506056527590848,50.92084933656284,-2.1620457604306695,-3.1620457604306695,-4.6620457604306695,-3.4391836734693695,-3.5807999999999924,1.3027173913043744,375,368,4,9
F6_mean_reversion,H4,EURUSD,"{""sma_len"": 50, ""z"": 2.0}",6,743,-1.6138627187079462,-0.10000000000065512,0.4993270524899058,72.12277611490151,-2.613862718707946,-3.613862718707946,-5.113862718707946,-4.328299319727894,-2.6197333333332997,-0.5888586956522179,375,368,4,9
F6_mean_reversion,H4,EURUSD,"{""sma_len"": 50, ""z"": 2.0}",12,741,0.8198380566801808,-0.7999999999985796,0.4966261808367072,97.84201619420315,-0.18016194331981916,-1.1801619433198192,-2.680161943319819,-2.474079126875839,-0.7127999999999617,2.3901639344262273,375,366,5,9
F6_mean_reversion,H4,EURUSD,"{""sma_len"": 50, ""z"": 2.0}",24,741,11.770040485829965,4.100000000000215,0.5155195681511471,140.581765064969,10.770040485829965,9.770040485829965,8.270040485829965,6.8680763983628985,10.817333333333334,12.746174863387994,375,366,6,9
F7_trend_strength,H4,EURUSD,"{""fast"": 20, ""slow"": 100, ""band"": 1.0}",3,590,5.210847457627125,1.40000000000029,0.5135593220338983,52.525265819084446,4.210847457627125,3.210847457627125,1.7108474576271249,3.6160958904109717,2.9514563106796388,7.6953736654804095,309,281,6,9
F7_trend_strength,H4,EURUSD,"{""fast"": 20, ""slow"": 100, ""band"": 1.0}",6,590,4.414576271186455,1.449999999998397,0.5135593220338983,72.03350138634354,3.414576271186455,2.414576271186455,0.9145762711864549,2.0974315068493263,1.9135922330097344,7.164768683274019,309,281,6,9
F7_trend_strength,H4,EURUSD,"{""fast"": 20, ""slow"": 100, ""band"": 1.0}",12,590,4.794576271186449,-0.8999999999992347,0.4966101694915254,101.80164026353641,3.7945762711864486,2.7945762711864486,1.2945762711864486,1.6801369863013773,-0.3016181229773251,10.39857651245551,309,281,4,9
F7_trend_strength,H4,EURUSD,"{""fast"": 20, ""slow"": 100, ""band"": 1.0}",24,589,3.156027164685965,-0.10000000000065512,0.499151103565365,139.11287989333326,2.156027164685965,1.1560271646859648,-0.3439728353140352,-1.24648370497422,-1.8698051948051375,8.664768683274081,308,281,6,9
F7_trend_strength,H4,EURUSD,"{""fast"": 20, ""slow"": 100, ""band"": 1.5}",3,624,0.5519230769231197,-0.700000000000145,0.49038461538461536,52.92383178317358,-0.4480769230768803,-1.4480769230768802,-2.94807692307688,-1.1656401944894181,-2.2145896656534316,3.6372881355932405,329,295,4,9
F7_trend_strength,H4,EURUSD,"{""fast"": 20, ""slow"": 100, ""band"": 1.5}",6,624,-1.6785256410256562,-1.1499999999997623,0.4935897435897436,73.7231739413932,-2.678525641025656,-3.678525641025656,-5.178525641025656,-3.9406807131280477,-3.9231003039513888,0.824745762711855,329,295,2,9
F7_trend_strength,H4,EURUSD,"{""fast"": 20, ""slow"": 100, ""band"": 1.5}",12,624,0.6100961538461499,0.3500000000000725,0.5032051282051282,105.10317751422288,-0.3899038461538501,-1.38990384615385,-2.88990384615385,-2.865964343598053,0.396656534954408,0.8481355932203322,329,295,3,9
F7_trend_strength,H4,EURUSD,"{""fast"": 20, ""slow"": 100, ""band"": 1.5}",24,623,1.2468699839486483,-1.9999999999997797,0.49759229534510435,141.1153519590098,0.24686998394864834,-0.7531300160513517,-2.253130016051352,-3.471753246753238,2.703963414634122,-0.37322033898299506,328,295,4,9
F8_breakout_expansion,H4,EURUSD,"{""lookback"": 20, ""ratio"": 0.9}",3,978,-2.455112474437608,-2.5500000000000522,0.4754601226993865,54.200734975562106,-3.455112474437608,-4.455112474437608,-5.955112474437608,-4.214669421487581,-5.132051282051254,0.0013725490196210843,468,510,1,9
F8_breakout_expansion,H4,EURUSD,"{""lookback"": 20, ""ratio"": 0.9}",6,978,-5.2376278118609685,-5.549999999999722,0.4560327198364008,74.07600190780656,-6.2376278118609685,-7.2376278118609685,-8.737627811860968,-7.449380165289278,-9.675000000000018,-1.165686274509839,468,510,2,9
F8_breakout_expansion,H4,EURUSD,"{""lookback"": 20, ""ratio"": 0.9}",12,977,-3.4166837256908695,1.7999999999984695,0.510747185261003,102.29911911936298,-4.41668372569087,-5.41668372569087,-6.91668372569087,-6.591209927611149,-9.45396145610273,2.111568627450973,467,510,2,9
F8_breakout_expansion,H4,EURUSD,"{""lookback"": 20, ""ratio"": 0.9}",24,976,-2.585348360655774,1.9500000000005624,0.5040983606557377,141.52168158790465,-3.585348360655774,-4.5853483606557734,-6.0853483606557734,-6.706418219461737,-13.56852248394004,7.491552062868298,467,509,3,9
F1_tsmom,H4,GBPUSD,"{""lookback"": 6}",3,2442,0.25393120393123275,-0.4999999999988347,0.4959049959049959,56.00357097549724,-0.7460687960687673,-1.7460687960687673,-3.246068796068767,-1.9034753827058069,-1.5932676518883442,2.0920751633987527,1218,1224,1,9
F1_tsmom,H4,GBPUSD,"{""lookback"": 6}",6,2442,1.2529893529893978,2.100000000000435,0.5135135135135135,81.47597872909462,0.25298935298939784,-0.7470106470106022,-2.247010647010602,-1.5396772858915606,-0.30090311986861246,2.7992647058824183,1218,1224,4,9
F1_tsmom,H4,GBPUSD,"{""lookback"": 6}",12,2439,0.03780237802377737,-0.10000000000065512,0.4993849938499385,116.00014680378243,-0.9621976219762226,-1.9621976219762227,-3.4621976219762227,-3.7682270091135077,-3.8791940789473958,3.932379394930522,1216,1223,3,9
F1_tsmom,H4,GBPUSD,"{""lookback"": 6}",24,2438,0.12210828547992988,0.5500000000002725,0.5012305168170632,167.99034269676835,-0.8778917145200701,-1.8778917145200702,-3.37789171452007,-5.648528802320736,-5.46134868421049,5.678150572831443,1216,1222,3,9
F1_tsmom,H4,GBPUSD,"{""lookback"": 12}",3,1657,1.0760410380205028,0.6000000000017103,0.5069402534701267,58.450333900752234,0.07604103802050277,-0.9239589619794972,-2.4239589619794972,-1.2364634146341649,0.11640530759950588,2.036835748792249,829,828,3,9
F1_tsmom,H4,GBPUSD,"{""lookback"": 12}",6,1657,0.4728424864212259,3.4000000000000696,0.5184067592033796,87.00943365309756,-0.527157513578774,-1.527157513578774,-3.027157513578774,-2.4664634146341666,-1.95247285886615,2.901086956521751,829,828,2,9
F1_tsmom,H4,GBPUSD,"{""lookback"": 12}",12,1656,-0.5859903381642941,-2.20000000000109,0.49335748792270534,119.84739661046312,-1.5859903381642941,-2.585990338164294,-4.085990338164294,-4.678828553996385,-3.1736714975845897,2.001690821256001,828,828,3,9
F1_tsmom,H4,GBPUSD,"{""lookback"": 12}",24,1653,-0.5813067150635158,-0.1999999999990898,0.499697519661222,157.93425428251243,-1.5813067150635158,-2.5813067150635156,-4.081306715063516,-5.711185819070898,-3.902297460701355,2.743704600484298,827,826,3,9
F1_tsmom,H4,GBPUSD,"{""lookback"": 24}",3,1117,1.2982990152193332,-0.40000000000040004,0.495076096687556,62.04222364668446,0.2982990152193332,-0.7017009847806668,-2.2017009847806666,-1.5525791855203712,-0.3630824372760037,2.9567084078712074,558,559,3,9
F1_tsmom,H4,GBPUSD,"{""lookback"": 24}",6,1117,2.6217547000895323,4.3999999999999595,0.5183527305282005,88.99967480791541,1.6217547000895323,0.6217547000895323,-0.8782452999104677,-0.8768325791855154,-2.6503584229390724,7.884436493738838,558,559,4,9
F1_tsmom,H4,GBPUSD,"{""lookback"": 24}",12,1114,0.9898563734290693,3.20000000000098,0.5062836624775583,119.66456207762616,-0.010143626570930708,-1.0101436265709307,-2.5101436265709305,-3.3959165154265176,-3.0850719424460507,5.05017921146951,556,558,4,9
F1_tsmom,H4,GBPUSD,"{""lookback"": 24}",24,1111,2.2442844284428465,7.500000000000284,0.5184518451845185,160.59667016957442,1.2442844284428465,0.24428442844284648,-1.2557155715571535,-3.10373066424022,-1.25855855855852,5.740827338129464,555,556,4,9
F1_tsmom,H4,GBPUSD,"{""lookback"": 48}",3,755,0.4174834437085887,0.9000000000014552,0.5072847682119205,53.39923440497865,-0.5825165562914113,-1.5825165562914112,-3.082516556291411,-1.3117804551539696,-0.09444444444448727,0.9307692307692322,378,377,3,9
F1_tsmom,H4,GBPUSD,"{""lookback"": 48}",6,755,2.8335099337747836,6.900000000000794,0.5350993377483444,76.41444100016008,1.8335099337747836,0.8335099337747836,-0.6664900662252164,0.6742971887549665,-0.5227513227513687,6.198673740052996,378,377,5,9
F1_tsmom,H4,GBPUSD,"{""lookback"": 48}",12,755,-1.277615894039756,0.4999999999988347,0.5046357615894039,104.52480732866073,-2.277615894039756,-3.277615894039756,-4.777615894039756,-4.214725568942461,-7.297089947089981,4.757824933686996,378,377,3,9
F1_tsmom,H4,GBPUSD,"{""lookback"": 48}",24,751,-1.3748335552596453,3.5000000000007248,0.5086551264980027,140.99316642709647,-2.374833555259645,-3.374833555259645,-4.874833555259645,-5.5570659488559855,2.499468085106375,-5.259466666666645,376,375,4,9
F2_donchian,H4,GBPUSD,"{""lookback"": 20}",3,1076,0.6921933085501414,0.0,0.49907063197026025,61.397131320182346,-0.3078066914498586,-1.3078066914498585,-2.8078066914498585,-2.0676995305164816,-1.563246268656754,2.930925925925875,536,540,5,9
F2_donchian,H4,GBPUSD,"{""lookback"": 20}",6,1076,-0.44721189591077387,1.0500000000002174,0.5027881040892194,93.34110060411055,-1.4472118959107738,-2.447211895910774,-3.947211895910774,-4.159436619718305,-4.463432835820845,3.5392592592592202,536,540,2,9
F2_donchian,H4,GBPUSD,"{""lookback"": 20}",12,1076,-2.230855018587406,6.199999999999539,0.5297397769516728,127.96716590363252,-3.230855018587406,-4.230855018587405,-5.730855018587405,-6.1530516431925415,-8.488619402985117,3.980555555555505,536,540,2,9
F2_donchian,H4,GBPUSD,"{""lookback"": 20}",24,1075,-5.104558139534904,7.199999999998319,0.5153488372093024,172.15601026201313,-6.104558139534904,-7.104558139534904,-8.604558139534904,-10.120770676691748,-19.7528971962617,9.408148148148126,535,540,2,9
F2_donchian,H4,GBPUSD,"{""lookback"": 40}",3,788,-1.0388324873097154,-0.6000000000006,0.49238578680203043,56.588496679534366,-2.0388324873097154,-3.0388324873097154,-4.5388324873097154,-3.0885897435898197,-2.9128865979381997,0.778999999999914,388,400,2,9
F2_donchian,H4,GBPUSD,"{""lookback"": 40}",6,788,-2.3833756345177592,0.5500000000002725,0.501269035532995,87.36186389555067,-3.3833756345177592,-4.383375634517759,-5.883375634517759,-5.201153846153839,-4.8273195876288195,-0.012750000000026844,388,400,1,9
F2_donchian,H4,GBPUSD,"{""lookback"": 40}",12,788,-5.5305837563452265,6.199999999999539,0.5291878172588832,127.59820092960567,-6.5305837563452265,-7.5305837563452265,-9.030583756345226,-8.467948717948776,-13.521907216494906,2.220999999999961,388,400,3,9
F2_donchian,H4,GBPUSD,"{""lookback"": 40}",24,787,-9.762388818297364,7.199999999998319,0.5146124523506989,175.23635259449497,-10.762388818297364,-11.762388818297364,-13.262388818297364,-13.92092426187423,-28.90129198966412,8.754499999999972,387,400,3,9
F3_trend_pullback,H4,GBPUSD,"{""fast"": 20, ""slow"": 100}",3,1847,-2.229940443963163,-0.1999999999990898,0.49810503519220356,58.16109634457512,-3.229940443963163,-4.229940443963163,-5.729940443963163,-3.967560175054682,-1.5515418502202483,-2.8859424920127545,908,939,2,9
F3_trend_pullback,H4,GBPUSD,"{""fast"": 20, ""slow"": 100}",6,1847,-1.4312398484027913,-0.8000000000008001,0.49810503519220356,86.75730918736872,-2.4312398484027913,-3.4312398484027913,-4.931239848402791,-3.922866520787723,-3.1342511013215684,0.21554845580407758,908,939,2,9
F3_trend_pullback,H4,GBPUSD,"{""fast"": 20, ""slow"": 100}",12,1845,-5.429756097560974,-1.8999999999991246,0.4926829268292683,120.27309722299884,-6.429756097560974,-7.429756097560974,-8.929756097560974,-8.588444687842276,-7.5351708930540395,-3.3939232409381455,907,938,2,9
F3_trend_pullback,H4,GBPUSD,"{""fast"": 20, ""slow"": 100}",24,1844,-3.346420824294984,-3.449999999999287,0.4907809110629067,156.71299715103206,-4.346420824294984,-5.346420824294984,-6.846420824294984,-7.6795616438355925,-5.426681367144388,-1.332764140875123,907,937,4,9
F3_trend_pullback,H4,GBPUSD,"{""fast"": 50, ""slow"": 200}",3,1027,-3.4579357351509454,-1.1999999999989797,0.4936708860759494,55.689997411735085,-4.457935735150945,-5.457935735150945,-6.957935735150945,-5.324409448818917,-4.152000000000009,-2.7320717131474437,525,502,1,9
F3_trend_pullback,H4,GBPUSD,"{""fast"": 50, ""slow"": 200}",6,1027,-4.466309639727355,-1.6000000000016001,0.48880233690360275,81.89832196483918,-5.466309639727355,-6.466309639727355,-7.966309639727355,-6.652559055118103,-4.049333333333313,-4.902390438247025,525,502,2,9
F3_trend_pullback,H4,GBPUSD,"{""fast"": 50, ""slow"": 200}",12,1026,-3.0851851851852174,2.849999999999797,0.5107212475633528,113.77619106596009,-4.0851851851852174,-5.0851851851852174,-6.5851851851852174,-6.540886699507418,-3.5634285714286005,-2.5840319361277824,525,501,2,9
F3_trend_pullback,H4,GBPUSD,"{""fast"": 50, ""slow"": 200}",24,1025,-4.272975609756132,-5.5000000000005045,0.4868292682926829,152.57643903134172,-5.272975609756132,-6.272975609756132,-7.772975609756132,-8.970414201183468,-1.0455238095238248,-7.661800000000057,525,500,3,9
F5_vol_compress_breakout,H4,GBPUSD,"{""lookback"": 20, ""ratio"": 0.85}",3,34,2.1882352941176135,-7.199999999999429,0.4411764705882353,59.373628288873874,1.1882352941176135,0.18823529411761353,-1.3117647058823865,-4.0818181818182095,-1.5894736842105381,6.973333333333277,19,15,3,8
F5_vol_compress_breakout,H4,GBPUSD,"{""lookback"": 20, ""ratio"": 0.85}",6,34,2.497058823529507,2.5500000000000522,0.5294117647058824,92.49708426295368,1.4970588235295068,0.4970588235295068,-1.0029411764704932,-4.487878787878719,8.389473684210907,-4.966666666666934,19,15,2,8
F5_vol_compress_breakout,H4,GBPUSD,"{""lookback"": 20, ""ratio"": 0.85}",12,34,12.035294117647082,9.150000000001102,0.5588235294117647,125.19408661210056,11.035294117647082,10.035294117647082,8.535294117647082,6.145454545454569,19.29473684210545,2.839999999999805,19,15,4,8
F5_vol_compress_breakout,H4,GBPUSD,"{""lookback"": 20, ""ratio"": 0.85}",24,34,4.808823529411785,28.74999999999961,0.5588235294117647,179.64032814360925,3.808823529411785,2.808823529411785,1.308823529411785,-3.2818181818181547,2.4368421052632234,7.813333333333306,19,15,3,8
F6_mean_reversion,H4,GBPUSD,"{""sma_len"": 20, ""z"": 1.5}",3,1068,-1.403745318352054,-0.6499999999987072,0.4887640449438202,56.2514526732652,-2.403745318352054,-3.403745318352054,-4.903745318352054,-3.665846736045401,-2.6686486486486167,-0.035282651072148404,555,513,2,9
F6_mean_reversion,H4,GBPUSD,"{""sma_len"": 20, ""z"": 1.5}",6,1068,0.5703183520599293,-0.8500000000000174,0.49719101123595505,89.06832549486383,-0.4296816479400707,-1.4296816479400707,-2.929681647940071,-3.001892147587511,-0.4675675675674979,1.6931773879141634,555,513,2,9
F6_mean_reversion,H4,GBPUSD,"{""sma_len"": 20, ""z"": 1.5}",12,1068,2.7661985018726702,-7.249999999999757,0.47097378277153557,131.80406082378505,1.7661985018726702,0.7661985018726702,-0.7338014981273298,-3.543330179754009,-1.4012612612612385,7.2748538011695905,555,513,5,9
F6_mean_reversion,H4,GBPUSD,"{""sma_len"": 20, ""z"": 1.5}",24,1068,3.6263108614232182,-10.799999999999699,0.46629213483146065,168.4856226868317,2.6263108614232182,1.6263108614232182,0.12631086142321823,-3.3826868495742635,-1.7281081081080567,9.419103313840091,555,513,6,9
F6_mean_reversion,H4,GBPUSD,"{""sma_len"": 20, ""z"": 2.0}",3,777,-1.0875160875160677,-1.40000000000029,0.4800514800514801,56.96434846474548,-2.0875160875160677,-3.0875160875160677,-4.587516087516068,-3.792197659297769,0.042500000000061676,-2.2864721485411392,400,377,3,9
F6_mean_reversion,H4,GBPUSD,"{""sma_len"": 20, ""z"": 2.0}",6,777,-0.26628056628057006,-0.10000000000065512,0.4980694980694981,86.58701433965854,-1.26628056628057,-2.26628056628057,-3.76628056628057,-3.9162548764629452,-0.05324999999997644,-0.49230769230772586,400,377,2,9
F6_mean_reversion,H4,GBPUSD,"{""sma_len"": 20, ""z"": 2.0}",12,777,1.5908622908623429,-6.199999999998429,0.46846846846846846,117.28485427660016,0.5908622908623429,-0.4091377091376571,-1.9091377091376571,-3.151105331599425,1.6932500000000454,1.4822281167109326,400,377,6,9
F6_mean_reversion,H4,GBPUSD,"{""sma_len"": 20, ""z"": 2.0}",24,777,0.8114543114543182,-12.299999999998423,0.47619047619047616,153.69868353262038,-0.18854568854568177,-1.1885456885456818,-2.6885456885456818,-4.749674902470734,-3.744749999999991,5.64562334217507,400,377,2,9
F6_mean_reversion,H4,GBPUSD,"{""sma_len"": 50, ""z"": 1.5}",3,816,1.8573529411764749,-2.4000000000001798,0.47671568627450983,57.497599159078874,0.8573529411764749,-0.14264705882352513,-1.6426470588235251,-0.5947955390334575,1.1193236714975594,2.617412935323418,414,402,5,9
F6_mean_reversion,H4,GBPUSD,"{""sma_len"": 50, ""z"": 1.5}",6,816,1.0327205882353008,-0.14999999999987246,0.4987745098039216,79.290608889772,0.032720588235300774,-0.9672794117646992,-2.4672794117646992,-1.5912019826517905,-1.6123188405796631,3.7567164179104147,414,402,4,9
F6_mean_reversion,H4,GBPUSD,"{""sma_len"": 50, ""z"": 1.5}",12,816,4.665441176470643,3.4999999999996145,0.508578431372549,108.03229842787209,3.665441176470643,2.665441176470643,1.165441176470643,1.247211895910828,7.225362318840661,2.0291044776119653,414,402,4,9
F6_mean_reversion,H4,GBPUSD,"{""sma_len"": 50, ""z"": 1.5}",24,814,5.997911547911568,-2.849999999999797,0.4926289926289926,154.6370271566119,4.997911547911568,3.997911547911568,2.497911547911568,1.9754037267080935,5.551932367149792,6.459500000000007,414,400,6,9
F6_mean_reversion,H4,GBPUSD,"{""sma_len"": 50, ""z"": 2.0}",3,723,0.5410788381742867,0.0,0.49930843706777317,52.34856288336496,-0.4589211618257133,-1.4589211618257134,-2.9589211618257134,-1.6289510489510346,-1.4847222222222036,2.5501377410468384,360,363,2,9
F6_mean_reversion,H4,GBPUSD,"{""sma_len"": 50, ""z"": 2.0}",6,723,0.9518672199170204,1.7999999999984695,0.5062240663900415,74.58475504797771,-0.04813278008297961,-1.0481327800829796,-2.5481327800829794,-1.3955244755244745,0.9222222222223062,0.9812672176307865,360,363,5,9
F6_mean_reversion,H4,GBPUSD,"{""sma_len"": 50, ""z"": 2.0}",12,723,4.409543568464723,-4.699999999999704,0.47994467496542187,106.70659661885838,3.4095435684647226,2.4095435684647226,0.9095435684647226,0.8683916083915907,8.092777777777812,0.7567493112947143,360,363,5,9
F6_mean_reversion,H4,GBPUSD,"{""sma_len"": 50, ""z"": 2.0}",24,723,-1.9969571230982128,-12.699999999998823,0.46749654218533887,148.98936023895234,-2.9969571230982126,-3.9969571230982126,-5.496957123098213,-6.3204195804195935,-2.418333333333322,-1.5790633608815736,360,363,3,9
F7_trend_strength,H4,GBPUSD,"{""fast"": 20, ""slow"": 100, ""band"": 1.0}",3,639,-0.8527386541470791,1.100000000000545,0.513302034428795,58.31568010889741,-1.8527386541470792,-2.852738654147079,-4.352738654147079,-3.0450949367088356,1.0634868421052115,-2.5916417910446814,304,335,3,9
F7_trend_strength,H4,GBPUSD,"{""fast"": 20, ""slow"": 100, ""band"": 1.0}",6,639,-1.8380281690140816,-2.7999999999983594,0.48982785602503914,83.84920845475068,-2.8380281690140814,-3.8380281690140814,-5.338028169014081,-4.414556962025315,1.3437500000000022,-4.725373134328355,304,335,3,9
F7_trend_strength,H4,GBPUSD,"{""fast"": 20, ""slow"": 100, ""band"": 1.0}",12,639,0.6765258215962426,3.8000000000004697,0.5273865414710485,112.81817526741774,-0.32347417840375736,-1.3234741784037574,-2.8234741784037576,-2.309968354430385,5.490460526315725,-3.69194029850741,304,335,3,9
F7_trend_strength,H4,GBPUSD,"{""fast"": 20, ""slow"": 100, ""band"": 1.0}",24,637,-3.558241758241736,2.5999999999992696,0.5039246467817896,156.273822079528,-4.558241758241736,-5.558241758241736,-7.058241758241736,-8.462063492063473,-1.8825657894737386,-5.0879879879878995,304,333,4,9
F7_trend_strength,H4,GBPUSD,"{""fast"": 20, ""slow"": 100, ""band"": 1.5}",3,643,0.9258164852255347,-0.4999999999988347,0.49611197511664074,57.34578902924634,-0.07418351477446528,-1.0741835147744654,-2.5741835147744654,-1.2663522012578305,0.2815047021943845,1.5601851851852153,319,324,3,9
F7_trend_strength,H4,GBPUSD,"{""fast"": 20, ""slow"": 100, ""band"": 1.5}",6,643,-0.10482115085531629,-0.5000000000010552,0.4976671850699845,80.4978778677195,-1.1048211508553163,-2.104821150855316,-3.604821150855316,-2.650314465408757,2.915047021943647,-3.0780864197530615,319,324,3,9
F7_trend_strength,H4,GBPUSD,"{""fast"": 20, ""slow"": 100, ""band"": 1.5}",12,643,-5.304821150855297,1.8999999999991246,0.5085536547433903,111.9403658485862,-6.304821150855297,-7.304821150855297,-8.804821150855297,-8.548427672955908,-2.501880877742868,-8.064506172839446,319,324,3,9
F7_trend_strength,H4,GBPUSD,"{""fast"": 20, ""slow"": 100, ""band"": 1.5}",24,643,-9.575583203732462,-5.699999999999594,0.48989113530326595,157.99893058638986,-10.575583203732462,-11.575583203732462,-13.075583203732462,-14.283962264150901,-6.237617554858903,-12.862037037036982,319,324,1,9
F8_breakout_expansion,H4,GBPUSD,"{""lookback"": 20, ""ratio"": 0.9}",3,977,1.0839303991811218,0.10000000000065512,0.5015353121801432,61.59832568470582,0.08393039918112177,-0.9160696008188782,-2.4160696008188784,-1.734436401241,-0.277366255144074,2.4313645621180777,486,491,5,9
F8_breakout_expansion,H4,GBPUSD,"{""lookback"": 20, ""ratio"": 0.9}",6,977,0.2280450358239536,1.9999999999997797,0.5066530194472876,94.59217158827074,-0.7719549641760464,-1.7719549641760464,-3.2719549641760466,-3.611995863495345,-3.4668724279835037,3.885336048879807,486,491,3,9
F8_breakout_expansion,H4,GBPUSD,"{""lookback"": 20, ""ratio"": 0.9}",12,977,-2.574104401228292,6.399999999999739,0.5332650972364381,129.63896689081483,-3.574104401228292,-4.574104401228292,-6.074104401228292,-6.639917269906976,-8.791769547325156,3.5802443991853017,486,491,2,9
F8_breakout_expansion,H4,GBPUSD,"{""lookback"": 20, ""ratio"": 0.9}",24,976,-6.974692622950842,4.549999999999832,0.5092213114754098,174.12186332303278,-7.974692622950842,-8.974692622950842,-10.474692622950842,-12.16066252587994,-21.98123711340208,7.848472505091628,485,491,2,9
F1_tsmom,H4,USDJPY,"{""lookback"": 6}",3,2509,2.2762455161419095,1.2999999999991019,0.5177361498605022,41.75165290175961,1.2762455161419095,0.2762455161419095,-1.2237544838580905,0.7003624647603899,3.7070916334661512,0.8442583732057679,1255,1254,5,9
F1_tsmom,H4,USDJPY,"{""lookback"": 6}",6,2509,0.7201275408529418,-0.39999999999906777,0.4950179354324432,59.130535973498766,-0.27987245914705816,-1.2798724591470583,-2.7798724591470583,-1.2345952476842392,2.5982470119521954,-1.1594896331738227,1255,1254,2,9
F1_tsmom,H4,USDJPY,"{""lookback"": 6}",12,2509,1.1807094459944272,-1.2000000000000455,0.4894380231167796,84.55233330853466,0.18070944599442718,-0.8192905540055728,-2.3192905540055726,-1.6345549738219831,4.982629482071714,-2.624242424242411,1255,1254,1,9
F1_tsmom,H4,USDJPY,"{""lookback"": 6}",24,2507,0.5147586757080167,1.4000000000010004,0.5065815715995213,117.86378948040812,-0.4852413242919833,-1.4852413242919833,-2.9852413242919833,-3.4986295848448217,4.114593301435394,-3.087948922585781,1254,1253,3,9
F1_tsmom,H4,USDJPY,"{""lookback"": 12}",3,1691,2.0858663512714393,1.4000000000010004,0.5204021289178001,40.81153314924095,1.0858663512714393,0.08586635127143927,-1.4141336487285607,0.5482078853046624,2.1585106382978885,2.0131360946745436,846,845,6,9
F1_tsmom,H4,USDJPY,"{""lookback"": 12}",6,1691,2.0124778237729104,0.30000000000001137,0.5020697811945595,59.750400096295664,1.0124778237729104,0.012477823772910401,-1.4875221762270896,-0.023715651135013064,1.231796690307316,2.794082840236688,846,845,6,9
F1_tsmom,H4,USDJPY,"{""lookback"": 12}",12,1689,1.9670811130846428,2.2999999999996135,0.5097690941385435,84.38421001062481,0.9670811130846428,-0.03291888691535716,-1.5329188869153572,-0.7255382775119852,5.223550295857975,-1.2932464454976613,845,844,5,9
F1_tsmom,H4,USDJPY,"{""lookback"": 12}",24,1685,2.37044510385757,2.600000000001046,0.5103857566765578,121.30178382939671,1.3704451038575698,0.3704451038575698,-1.1295548961424302,-1.9479616306954406,4.654922894424691,0.08325415676958502,843,842,5,9
F1_tsmom,H4,USDJPY,"{""lookback"": 24}",3,1167,-0.06718080548413109,-0.10000000000047748,0.49785775492716366,41.462744990512164,-1.0671808054841312,-2.067180805484131,-3.567180805484131,-1.5437229437229276,0.21589743589743932,-0.35171821305838946,585,582,2,9
F1_tsmom,H4,USDJPY,"{""lookback"": 24}",6,1167,0.7593830334190239,-0.40000000000048885,0.4961439588688946,59.14510092063699,-0.2406169665809761,-1.240616966580976,-2.7406169665809763,-1.19272727272727,-0.4309401709401712,1.9558419243986274,585,582,4,9
F1_tsmom,H4,USDJPY,"{""lookback"": 24}",12,1167,1.8128534704370167,0.39999999999906777,0.50471293916024,77.47477366897091,0.8128534704370167,-0.18714652956298328,-1.6871465295629833,-0.7282251082251086,-2.379145299145291,6.026460481099643,585,582,5,9
F1_tsmom,H4,USDJPY,"{""lookback"": 24}",24,1167,1.8951156812339245,1.6000000000005343,0.5107112253641817,109.38198721483516,0.8951156812339245,-0.10488431876607551,-1.6048843187660755,-1.6880519480519565,-4.171452991452995,7.992955326460466,585,582,7,9
F1_tsmom,H4,USDJPY,"{""lookback"": 48}",3,867,0.5329873125720921,-0.0999999999990564,0.4994232987312572,37.322079178194784,-0.4670126874279079,-1.467012687427908,-2.967012687427908,-0.828904428904425,-0.3341067285382858,1.3901376146789104,431,436,2,9
F1_tsmom,H4,USDJPY,"{""lookback"": 48}",6,867,0.21753171856979503,-0.7000000000005002,0.49596309111880044,54.7511662009775,-0.782468281430205,-1.782468281430205,-3.282468281430205,-1.7572261072260955,-4.985846867749401,5.361238532110102,431,436,2,9
F1_tsmom,H4,USDJPY,"{""lookback"": 48}",12,867,-0.8166089965397971,-1.5999999999991132,0.48327566320645904,73.87782734206135,-1.8166089965397971,-2.816608996539797,-4.316608996539797,-3.1393939393939436,-9.874709976798131,8.13761467889906,431,436,1,9
F1_tsmom,H4,USDJPY,"{""lookback"": 48}",24,867,0.6417531718569912,0.7999999999995566,0.5028835063437139,106.05757972775005,-0.3582468281430088,-1.3582468281430087,-2.8582468281430087,-2.8216783216783057,-4.75545243619488,5.977064220183497,431,436,3,9
F2_donchian,H4,USDJPY,"{""lookback"": 20}",3,1093,-0.8477584629460234,-1.2000000000000455,0.4784995425434584,43.35564387983007,-1.8477584629460235,-2.8477584629460235,-4.3477584629460235,-2.3715341959334593,-0.18156606851549303,-1.6985416666666795,613,480,3,9
F2_donchian,H4,USDJPY,"{""lookback"": 20}",6,1093,-2.3387923147301035,-2.1000000000000796,0.4784995425434584,59.53732442151529,-3.3387923147301035,-4.338792314730103,-5.838792314730103,-4.389741219963034,-2.300978792822184,-2.3870833333333414,613,480,2,9
F2_donchian,H4,USDJPY,"{""lookback"": 20}",12,1093,-0.5366880146386355,1.099999999999568,0.505946935041171,83.34435834840826,-1.5366880146386355,-2.5366880146386355,-4.036688014638635,-3.6444547134935568,2.6827079934746902,-4.648125000000028,613,480,3,9
F2_donchian,H4,USDJPY,"{""lookback"": 20}",24,1093,0.06935041171088056,-0.0999999999990564,0.4986276303751144,115.21857991145384,-0.9306495882891195,-1.9306495882891195,-3.4306495882891195,-3.9617375231053673,6.945840130505732,-8.712500000000045,613,480,4,9
F2_donchian,H4,USDJPY,"{""lookback"": 40}",3,751,0.46338215712380865,-0.9999999999990905,0.48468708388814913,43.32220035977427,-0.5366178428761914,-1.5366178428761914,-3.036617842876191,-1.1468371467025822,2.2366822429906494,-1.8863777089783822,428,323,4,9
F2_donchian,H4,USDJPY,"{""lookback"": 40}",6,751,-0.7825565912117342,-1.5000000000000568,0.48601864181091875,57.0573989533504,-1.7825565912117343,-2.7825565912117343,-4.282556591211734,-3.031359353970407,1.3490654205607182,-3.607120743034054,428,323,3,9
F2_donchian,H4,USDJPY,"{""lookback"": 40}",12,751,3.9419440745671954,0.9999999999990905,0.5046604527296937,83.31819672205788,2.9419440745671954,1.9419440745671954,0.4419440745671954,0.5165545087482726,9.581542056074715,-3.530959752322022,428,323,5,9
F2_donchian,H4,USDJPY,"{""lookback"": 40}",24,751,1.6263648468708123,1.5999999999991132,0.5059920106524634,117.68030454286463,0.6263648468708123,-0.3736351531291877,-1.8736351531291877,-2.7612382234185966,13.436915887850459,-14.023529411764756,428,323,3,9
F3_trend_pullback,H4,USDJPY,"{""fast"": 20, ""slow"": 100}",3,1809,-0.2006080707573286,-0.30000000000001137,0.49695964621337757,42.45980028352431,-1.2006080707573286,-2.200608070757329,-3.700608070757329,-1.9296089385474913,-0.7480477223427244,0.36843291995488664,922,887,3,9
F3_trend_pullback,H4,USDJPY,"{""fast"": 20, ""slow"": 100}",6,1809,0.22868988391377723,-0.10000000000047748,0.498065229408513,58.6210162948008,-0.7713101160862228,-1.7713101160862228,-3.2713101160862226,-1.8380446927374183,0.17017353579174951,0.28951521984219813,922,887,4,9
F3_trend_pullback,H4,USDJPY,"{""fast"": 20, ""slow"": 100}",12,1809,0.2617468214483229,2.200000000000557,0.5146489773355445,82.98929252050004,-0.738253178551677,-1.738253178551677,-3.2382531785516773,-2.549888268156418,-0.4949023861171354,1.0482525366403765,922,887,3,9
F3_trend_pullback,H4,USDJPY,"{""fast"": 20, ""slow"": 100}",24,1806,1.2890919158360974,0.40000000000048885,0.5022148394241418,117.39725917867602,0.2890919158360974,-0.7109080841639026,-2.2109080841639024,-2.7350307778399583,0.13318872017353894,2.494683257918539,922,884,4,9
F3_trend_pullback,H4,USDJPY,"{""fast"": 50, ""slow"": 200}",3,1033,0.003678606001909761,0.7000000000005002,0.5111326234269119,40.19442074869298,-0.9963213939980903,-1.9963213939980902,-3.49632139399809,-1.610763209393373,-2.1663366336633714,2.0791666666666195,505,528,3,9
F3_trend_pullback,H4,USDJPY,"{""fast"": 50, ""slow"": 200}",6,1033,-0.8711519845111334,-0.8000000000009777,0.4888673765730881,56.31882817757906,-1.8711519845111333,-2.8711519845111333,-4.371151984511133,-3.063600782778865,-3.005544554455456,1.1702651515151599,505,528,2,9
F3_trend_pullback,H4,USDJPY,"{""fast"": 50, ""slow"": 200}",12,1033,0.558567279767645,2.5000000000005684,0.5130687318489835,77.84779255009138,-0.441432720232355,-1.441432720232355,-2.941432720232355,-2.295499021526441,-4.0394059405940475,4.956249999999945,505,528,3,9
F3_trend_pullback,H4,USDJPY,"{""fast"": 50, ""slow"": 200}",24,1033,0.6534365924491604,-1.6999999999995907,0.494675701839303,111.2495746455595,-0.3465634075508396,-1.3465634075508395,-2.8465634075508395,-3.5424657534246733,-9.409306930693049,10.277840909090855,505,528,4,9
F5_vol_compress_breakout,H4,USDJPY,"{""lookback"": 20, ""ratio"": 0.85}",3,103,0.6271844660194459,3.0000000000001137,0.5242718446601942,37.72296121435018,-0.3728155339805541,-1.3728155339805541,-2.872815533980554,-0.7742574257425426,-2.4196428571427373,4.257446808510558,56,47,3,9
F5_vol_compress_breakout,H4,USDJPY,"{""lookback"": 20, ""ratio"": 0.85}",6,103,2.1951456310680117,1.8000000000000682,0.5242718446601942,52.40044599915112,1.1951456310680117,0.19514563106801175,-1.3048543689319883,-0.4821782178217348,-6.919642857142654,13.055319148936038,56,47,4,9
F5_vol_compress_breakout,H4,USDJPY,"{""lookback"": 20, ""ratio"": 0.85}",12,103,15.732038834951448,14.700000000000557,0.6407766990291263,67.67332751954133,14.732038834951448,13.732038834951448,12.232038834951448,12.271287128712864,16.376785714285827,14.963829787233891,56,47,6,9
F5_vol_compress_breakout,H4,USDJPY,"{""lookback"": 20, ""ratio"": 0.85}",24,103,22.981553398058306,23.400000000000887,0.6213592233009708,95.46061783975419,21.981553398058306,20.981553398058306,19.481553398058306,19.317821782178267,22.86785714285732,23.117021276595647,56,47,5,9
F6_mean_reversion,H4,USDJPY,"{""sma_len"": 20, ""z"": 1.5}",3,1027,-0.49814995131451234,0.7999999999995566,0.5092502434274586,42.078753864490906,-1.4981499513145122,-2.4981499513145122,-3.9981499513145122,-2.0851377952755934,0.8300781250000167,-1.818640776699054,512,515,2,9
F6_mean_reversion,H4,USDJPY,"{""sma_len"": 20, ""z"": 1.5}",6,1027,0.8849074975657332,0.9000000000000341,0.5053554040895814,59.34460383188321,-0.11509250243426683,-1.1150925024342668,-2.615092502434267,-1.5947834645669199,1.1921875000000242,0.5794174757281458,512,515,3,9
F6_mean_reversion,H4,USDJPY,"{""sma_len"": 20, ""z"": 1.5}",12,1027,2.3006815968841323,-1.2000000000000455,0.4917234664070107,80.77788795685885,1.3006815968841323,0.3006815968841323,-1.1993184031158677,-0.8231299212598397,4.910742187500035,-0.29417475728158143,512,515,5,9
F6_mean_reversion,H4,USDJPY,"{""sma_len"": 20, ""z"": 1.5}",24,1027,1.8442064264849318,0.0,0.49756572541382665,115.47849733189041,0.8442064264849318,-0.15579357351506817,-1.6557935735150682,-2.5982283464566707,6.834960937500044,-3.1174757281553354,512,515,4,9
F6_mean_reversion,H4,USDJPY,"{""sma_len"": 20, ""z"": 2.0}",3,748,-0.05454545454544324,0.20000000000024443,0.5040106951871658,44.40938240631264,-1.0545454545454431,-2.054545454545443,-3.554545454545443,-1.8004054054053968,2.165642458100638,-2.0925641025641535,358,390,3,9
F6_mean_reversion,H4,USDJPY,"{""sma_len"": 20, ""z"": 2.0}",6,748,2.987032085561488,1.6500000000000625,0.516042780748663,60.74912402573843,1.9870320855614878,0.9870320855614878,-0.5129679144385122,0.09878378378377713,6.329329608938558,-0.08102564102566703,358,390,5,9
F6_mean_reversion,H4,USDJPY,"{""sma_len"": 20, ""z"": 2.0}",12,748,1.437700534759367,-0.45000000000001705,0.4946524064171123,86.21601335965238,0.437700534759367,-0.562299465240633,-2.062299465240633,-2.119324324324318,3.2039106145251677,-0.18358974358975297,358,390,5,9
F6_mean_reversion,H4,USDJPY,"{""sma_len"": 20, ""z"": 2.0}",24,748,2.3975935828876835,1.2500000000002842,0.5066844919786097,121.1841570250836,1.3975935828876835,0.39759358288768354,-1.1024064171123165,-2.527027027027044,10.197765363128523,-4.762564102564168,358,390,5,9
F6_mean_reversion,H4,USDJPY,"{""sma_len"": 50, ""z"": 1.5}",3,811,-1.5363748458692927,-0.39999999999906777,0.4932182490752158,40.91323032929367,-2.5363748458692927,-3.5363748458692927,-5.036374845869293,-3.1511221945137144,-1.0526570048308914,-2.0408060453400694,414,397,1,9
F6_mean_reversion,H4,USDJPY,"{""sma_len"": 50, ""z"": 1.5}",6,811,1.1543773119605505,0.9000000000000341,0.5080147965474723,59.981969224509875,0.1543773119605505,-0.8456226880394495,-2.3456226880394495,-1.4387780548628322,0.38913043478262,1.9523929471032795,414,397,2,9
F6_mean_reversion,H4,USDJPY,"{""sma_len"": 50, ""z"": 1.5}",12,811,-1.2488286066584464,-0.9999999999990905,0.4919852034525277,85.87297557329278,-2.2488286066584466,-3.2488286066584466,-4.748828606658447,-4.777805486284291,-4.101932367149734,1.7264483627203775,414,397,3,9
F6_mean_reversion,H4,USDJPY,"{""sma_len"": 50, ""z"": 1.5}",24,811,-3.0615289765721148,0.9000000000000341,0.5067817509247842,112.97848423867804,-4.061528976572115,-5.061528976572115,-6.561528976572115,-7.064339152119684,-7.961835748792222,2.048614609571774,414,397,2,9
F6_mean_reversion,H4,USDJPY,"{""sma_len"": 50, ""z"": 2.0}",3,750,-0.004933333333311566,-0.7999999999995566,0.484,48.62412923217242,-1.0049333333333115,-2.0049333333333115,-3.5049333333333115,-2.5417789757412206,-0.5414698162729106,0.5490514905148922,381,369,2,9
F6_mean_reversion,H4,USDJPY,"{""sma_len"": 50, ""z"": 2.0}",6,750,0.21013333333332898,-0.8500000000005059,0.484,61.92821119466677,-0.789866666666671,-1.789866666666671,-3.289866666666671,-2.689757412398927,0.40892388451441886,0.004878048780496001,381,369,4,9
F6_mean_reversion,H4,USDJPY,"{""sma_len"": 50, ""z"": 2.0}",12,750,-3.711333333333303,-3.6999999999999034,0.47333333333333333,89.91824913177965,-4.711333333333303,-5.711333333333303,-7.211333333333303,-7.141239892183259,-2.786351706036708,-4.666395663956614,381,369,2,9
F6_mean_reversion,H4,USDJPY,"{""sma_len"": 50, ""z"": 2.0}",24,750,-1.9593333333333036,-0.45000000000001705,0.49866666666666665,118.61412248530738,-2.9593333333333036,-3.9593333333333036,-5.459333333333303,-6.2107816711589985,2.8454068241470356,-6.920325203252029,381,369,2,9
F7_trend_strength,H4,USDJPY,"{""fast"": 20, ""slow"": 100, ""band"": 1.0}",3,637,-0.0405023547880906,-0.39999999999906777,0.49293563579277866,38.19014318152301,-1.0405023547880905,-2.0405023547880905,-3.5405023547880905,-1.9168253968254205,0.44799999999997436,-0.47537091988132346,300,337,3,9
F7_trend_strength,H4,USDJPY,"{""fast"": 20, ""slow"": 100, ""band"": 1.0}",6,637,1.829513343799053,0.30000000000001137,0.5039246467817896,54.63491271468643,0.829513343799053,-0.17048665620094705,-1.670486656200947,-0.5092063492063534,1.9406666666666677,1.730563798219575,300,337,4,9
F7_trend_strength,H4,USDJPY,"{""fast"": 20, ""slow"": 100, ""band"": 1.0}",12,637,5.813657770800592,4.800000000000182,0.5290423861852434,75.17120052682212,4.813657770800592,3.8136577708005923,2.3136577708005923,3.075873015872977,2.4746666666666406,8.786053412462863,300,337,4,9
F7_trend_strength,H4,USDJPY,"{""fast"": 20, ""slow"": 100, ""band"": 1.0}",24,637,3.464364207221352,-0.0999999999990564,0.49921507064364207,110.186744579027,2.464364207221352,1.4643642072213519,-0.035635792778648145,-0.991746031746028,-5.3879999999999635,11.344807121661693,300,337,4,9
F7_trend_strength,H4,USDJPY,"{""fast"": 20, ""slow"": 100, ""band"": 1.5}",3,638,-0.22288401253915543,-1.6500000000000625,0.48119122257053293,38.52230991127328,-1.2228840125391554,-2.2228840125391556,-3.7228840125391556,-1.683676703644983,-1.2394039735099085,0.6907738095238427,302,336,4,9
F7_trend_strength,H4,USDJPY,"{""fast"": 20, ""slow"": 100, ""band"": 1.5}",6,638,2.504231974921648,-1.8999999999998352,0.48119122257053293,54.08869247783497,1.5042319749216482,0.5042319749216482,-0.9957680250783518,0.48383518225041144,1.9913907284768535,2.965178571428578,302,336,4,9
F7_trend_strength,H4,USDJPY,"{""fast"": 20, ""slow"": 100, ""band"": 1.5}",12,638,4.522100313479637,3.7999999999996703,0.5235109717868338,81.41420866569807,3.522100313479637,2.522100313479637,1.022100313479637,1.1347068145800414,2.46655629139078,6.3696428571428365,302,336,4,9
F7_trend_strength,H4,USDJPY,"{""fast"": 20, ""slow"": 100, ""band"": 1.5}",24,638,3.7556426332288484,0.10000000000047748,0.5,118.81496936890014,2.7556426332288484,1.7556426332288484,0.2556426332288484,-1.2920760697305813,2.1013245033112957,5.242559523809506,302,336,4,9
F8_breakout_expansion,H4,USDJPY,"{""lookback"": 20, ""ratio"": 0.9}",3,893,-0.9145576707726767,-1.2000000000000455,0.48040313549832026,44.161218741690476,-1.9145576707726768,-2.914557670772677,-4.414557670772677,-2.506447963800903,-0.21717171717171188,-1.7819095477387004,495,398,3,9
F8_breakout_expansion,H4,USDJPY,"{""lookback"": 20, ""ratio"": 0.9}",6,893,-2.700559910414335,-3.7999999999996703,0.47144456886898095,61.23558849143549,-3.700559910414335,-4.700559910414335,-6.200559910414335,-4.836990950226246,-1.936969696969702,-3.650251256281404,495,398,3,9
F8_breakout_expansion,H4,USDJPY,"{""lookback"": 20, ""ratio"": 0.9}",12,893,-3.131131019036979,-1.6999999999995907,0.48600223964165734,84.07380722414865,-4.131131019036979,-5.131131019036979,-6.631131019036979,-6.141063348416314,-0.38828282828285365,-6.542462311557813,495,398,3,9
F8_breakout_expansion,H4,USDJPY,"{""lookback"": 20, ""ratio"": 0.9}",24,893,-2.275475923852194,-2.0999999999986585,0.48824188129899215,115.249332522034,-3.275475923852194,-4.275475923852194,-5.775475923852194,-6.169343891402726,3.881616161616176,-9.933165829145773,495,398,3,9
