mode,entry_time,exit_time,dir,level,lot,entry,sl0,tp,sl_dist,exit,reason,pnl,r_mult,balance_after,be_moved
historical,2010-01-19 09:15:00,2010-01-19 11:00:00,-1,0,0.5,1.43931,1.44128,1.4343850000000007,0.0019699999999998052,1.4343850000000007,tp,246.2499999999701,2.4999999999999436,10246.24999999997,True
historical,2010-02-16 11:30:00,2010-02-16 13:30:00,1,1,1.77,1.36599,1.36368,1.3717650000000001,0.0023100000000000342,1.36368,sl,-408.87000000000603,-1.0,9837.379999999965,False
historical,2010-03-10 08:00:00,2010-03-10 12:30:00,-1,0,0.45,1.35826,1.3604,1.35291,0.0021400000000000308,1.3604,sl,-96.30000000000139,-1.0,9741.079999999964,False
historical,2010-03-11 09:30:00,2010-03-11 14:30:00,1,0,0.25,1.36423,1.36232,1.3690050000000002,0.0019100000000000783,1.36433,sl,2.4999999999997247,0.05235602094240046,9743.579999999964,True
historical,2010-03-16 08:00:00,2010-03-16 11:00:00,-1,1,2.18,1.36831,1.37009,1.3638599999999996,0.0017800000000001148,1.37009,sl,-388.0400000000251,-1.0,9355.539999999939,False
historical,2010-04-05 08:00:00,2010-04-05 15:00:00,-1,0,0.48,1.34992,1.35186,1.3450699999999998,0.0019400000000000528,1.34982,sl,4.7999999999994705,0.05154639175257023,9360.339999999938,True
historical,2010-09-01 10:00:00,2010-09-01 11:15:00,1,1,1.77,1.27198,1.26987,1.2772550000000003,0.0021100000000000563,1.2772550000000003,tp,933.675000000025,2.5,10294.014999999963,True
historical,2010-09-06 15:00:00,2010-09-07 01:00:00,1,2,1.27,1.28848,1.28646,1.2935300000000005,0.002020000000000133,1.28646,sl,-256.54000000001685,-1.0,10037.474999999946,False
historical,2010-09-20 08:45:00,2010-09-20 13:45:00,1,0,0.5,1.3085,1.3065,1.3135,0.0020000000000000018,1.3086,sl,4.999999999999449,0.04999999999999445,10042.474999999946,True
historical,2010-12-22 09:00:00,2010-12-22 09:00:00,-1,1,2.24,1.31278,1.31457,1.3083050000000003,0.0017899999999999583,1.31457,sl,-400.95999999999066,-1.0,9641.514999999956,False
historical,2010-12-27 15:00:00,2010-12-27 19:00:00,1,0,0.42,1.31512,1.31285,1.320795,0.0022699999999999942,1.31285,sl,-95.33999999999976,-1.0,9546.174999999956,False
historical,2011-03-08 08:30:00,2011-03-08 08:30:00,1,0,0.46,1.39828,1.39622,1.4034299999999997,0.0020599999999999508,1.39622,sl,-94.75999999999775,-1.0,9451.414999999957,False
historical,2011-03-23 10:15:00,2011-03-23 11:15:00,-1,0,0.41,1.41753,1.4198,1.411855,0.0022699999999999942,1.4198,sl,-93.06999999999977,-1.0,9358.344999999958,False
historical,2011-04-05 08:15:00,2011-04-05 15:00:00,-1,0,0.61,1.41931,1.42083,1.4155100000000003,0.0015199999999999658,1.4155100000000003,tp,231.79999999998802,2.499999999999927,9590.144999999946,True
historical,2011-08-23 08:30:00,2011-08-23 09:45:00,1,1,1.54,1.43922,1.43673,1.4454449999999996,0.002489999999999881,1.4454449999999996,tp,958.6499999999543,2.5,10548.7949999999,True
historical,2011-12-08 08:15:00,2011-12-08 10:00:00,1,2,0.76,1.34174,1.34001,1.3460649999999998,0.0017300000000000093,1.34001,sl,-131.4800000000007,-1.0,10417.314999999899,False
historical,2011-12-19 08:45:00,2011-12-19 09:00:00,-1,0,0.53,1.30068,1.30264,1.2957800000000002,0.0019599999999999618,1.30264,sl,-103.87999999999798,-1.0,10313.434999999901,False
historical,2012-03-07 08:00:00,2012-03-07 11:15:00,-1,0,0.66,1.31391,1.31547,1.31001,0.0015600000000000058,1.31547,sl,-102.9600000000004,-1.0,10210.4749999999,False
historical,2012-03-08 09:00:00,2012-03-08 10:30:00,1,0,0.33,1.31784,1.31631,1.3216649999999994,0.0015299999999998093,1.3216649999999994,tp,126.22499999998428,2.5,10336.699999999884,True
historical,2012-03-08 10:15:00,2012-03-08 13:15:00,1,1,0.85,1.31878,1.31637,1.324805,0.0024100000000000232,1.324805,tp,512.1249999999955,2.499999999999954,10848.82499999988,True
historical,2012-03-29 08:15:00,2012-03-29 11:00:00,1,2,0.66,1.33279,1.33074,1.3379149999999997,0.0020499999999998852,1.33074,sl,-135.29999999999242,-1.0,10713.524999999889,False
historical,2012-04-03 08:15:00,2012-04-03 13:15:00,1,0,0.54,1.33464,1.33269,1.3395150000000005,0.0019500000000001183,1.33269,sl,-105.30000000000639,-1.0,10608.224999999882,False
historical,2012-04-03 11:15:00,2012-04-03 13:00:00,1,0,0.59,1.33471,1.33292,1.339185,0.0017899999999999583,1.33292,sl,-105.60999999999754,-1.0,10502.614999999885,False
historical,2012-04-09 15:15:00,2012-04-09 16:30:00,-1,0,0.53,1.30563,1.30761,1.3006800000000003,0.0019799999999998708,1.30761,sl,-104.93999999999315,-1.0,10397.674999999892,False
historical,2012-04-12 10:45:00,2012-04-12 11:00:00,1,0,0.21,1.31313,1.31066,1.319305,0.0024699999999999722,1.31066,sl,-51.869999999999415,-1.0,10345.804999999893,False
historical,2012-04-17 09:15:00,2012-04-17 11:00:00,1,0,0.47,1.31098,1.3087900000000001,1.316455,0.0021899999999999142,1.316455,tp,257.32499999999516,2.500000000000051,10603.129999999888,True
historical,2012-04-18 14:45:00,2012-04-18 16:30:00,-1,1,2.07,1.30804,1.31008,1.3029400000000004,0.0020399999999998197,1.31008,sl,-422.2799999999627,-1.0,10180.849999999926,False
historical,2012-04-19 11:30:00,2012-04-19 12:15:00,1,0,0.27,1.31386,1.31203,1.318435,0.0018299999999999983,1.31203,sl,-49.40999999999996,-1.0,10131.439999999926,False
historical,2012-04-24 15:15:00,2012-04-25 12:00:00,1,0,0.4,1.31713,1.31464,1.3233549999999996,0.002489999999999881,1.3233549999999996,tp,248.99999999998812,2.5,10380.439999999913,True
historical,2012-04-26 15:30:00,2012-04-26 23:00:00,1,1,0.96,1.32179,1.31963,1.3271899999999999,0.0021599999999999397,1.32189,sl,9.599999999998941,0.046296296296292484,10390.039999999912,True
historical,2012-04-26 16:15:00,2012-04-26 23:00:00,1,2,0.52,1.32311,1.3206200000000001,1.3293349999999997,0.002489999999999881,1.3206200000000001,sl,-129.47999999999382,-1.0,10260.559999999918,False
historical,2012-05-01 08:15:00,2012-05-01 16:00:00,1,0,0.64,1.32538,1.32378,1.32938,0.0016000000000000458,1.32548,sl,6.399999999999295,0.06249999999999132,10266.959999999917,True
historical,2012-05-10 10:15:00,2012-05-10 15:00:00,-1,1,0.84,1.29446,1.29688,1.2884099999999998,0.0024200000000000887,1.29688,sl,-203.28000000000745,-1.0,10063.67999999991,False
historical,2012-05-17 08:45:00,2012-05-17 13:15:00,-1,0,0.23,1.27264,1.2748,1.2672400000000001,0.0021599999999999397,1.2672400000000001,tp,124.19999999999654,2.5,10187.879999999906,False
historical,2012-05-22 09:15:00,2012-05-22 10:30:00,1,1,2.68,1.27959,1.27807,1.2833899999999998,0.0015199999999999658,1.27807,sl,-407.3599999999909,-1.0,9780.519999999915,False
historical,2012-05-29 11:45:00,2012-05-29 17:45:00,-1,0,0.41,1.25401,1.25635,1.24816,0.0023400000000000087,1.24816,tp,239.85000000000542,2.5000000000000475,10020.36999999992,True
historical,2012-06-19 08:30:00,2012-06-19 09:15:00,-1,1,2.04,1.2596,1.26156,1.2547000000000001,0.0019599999999999618,1.26156,sl,-399.8399999999922,-1.0,9620.529999999928,False
historical,2012-06-26 09:00:00,2012-06-26 09:30:00,-1,0,0.41,1.2501,1.2524,1.24435,0.0022999999999999687,1.2524,sl,-94.29999999999872,-1.0,9526.229999999929,False
historical,2012-06-27 08:45:00,2012-06-27 17:15:00,-1,0,0.61,1.2488,1.25035,1.2449249999999994,0.0015500000000001624,1.2449249999999994,tp,236.37500000003152,2.5000000000000715,9762.60499999996,True
historical,2012-06-27 14:15:00,2012-06-28 05:15:00,-1,1,2.29,1.24788,1.24958,1.2436300000000005,0.0016999999999998128,1.24958,sl,-389.29999999995715,-1.0,9373.305000000002,False
historical,2012-07-11 10:15:00,2012-07-11 10:30:00,-1,0,0.6,1.2262,1.22776,1.2223,0.0015600000000000058,1.22776,sl,-93.60000000000035,-1.0,9279.705000000002,False
historical,2012-07-16 09:30:00,2012-07-16 10:45:00,1,0,0.51,1.22368,1.22188,1.22818,0.0018000000000000238,1.22188,sl,-91.80000000000122,-1.0,9187.905,False
historical,2012-07-18 09:15:00,2012-07-18 10:00:00,1,0,0.57,1.22913,1.22754,1.2331050000000001,0.0015899999999999803,1.22754,sl,-90.62999999999887,-1.0,9097.275000000001,False
historical,2012-07-31 09:45:00,2012-07-31 10:00:00,1,0,0.46,1.22776,1.22579,1.232685,0.0019700000000000273,1.22579,sl,-90.62000000000126,-1.0,9006.655,False
historical,2012-07-31 11:00:00,2012-07-31 11:45:00,-1,0,0.43,1.22571,1.22777,1.2205600000000003,0.0020599999999999508,1.22777,sl,-88.57999999999788,-1.0,8918.075000000003,False
historical,2012-08-08 11:30:00,2012-08-09 12:00:00,-1,0,0.4,1.23711,1.23933,1.2315599999999995,0.0022200000000001108,1.2315599999999995,tp,222.00000000001555,2.50000000000005,9140.075000000019,False
historical,2012-08-09 09:15:00,2012-08-09 13:15:00,-1,1,0.74,1.2362,1.2386599999999999,1.2300500000000003,0.0024599999999999067,1.2300500000000003,tp,455.09999999997456,2.499999999999955,9595.174999999994,True
historical,2012-08-13 09:45:00,2012-08-13 11:00:00,-1,2,1.27,1.22776,1.22964,1.2230599999999998,0.0018800000000001038,1.22964,sl,-238.7600000000132,-1.0,9356.41499999998,False
historical,2012-08-15 10:00:00,2012-08-15 16:00:00,-1,0,0.44,1.23216,1.23425,1.2269349999999997,0.0020900000000001473,1.2269349999999997,tp,229.9000000000113,2.4999999999999463,9586.314999999991,True
historical,2012-08-15 11:45:00,2012-08-15 12:15:00,-1,1,2.29,1.23236,1.23403,1.2281849999999999,0.0016700000000000603,1.2281849999999999,tp,956.0750000000091,2.4999999999999334,10542.390000000001,True
historical,2012-08-20 08:15:00,2012-08-20 12:00:00,1,2,1.26,1.23481,1.23272,1.2400349999999998,0.0020899999999999253,1.23272,sl,-263.3399999999906,-1.0,10279.05000000001,False
historical,2012-08-28 08:15:00,2012-08-28 09:45:00,-1,0,0.63,1.24795,1.24957,1.2438999999999996,0.0016200000000001769,1.24957,sl,-102.06000000001114,-1.0,10176.99,False
historical,2012-08-30 10:00:00,2012-08-30 16:15:00,1,0,0.33,1.25504,1.2535,1.2588899999999996,0.0015399999999998748,1.2535,sl,-50.81999999999587,-1.0,10126.170000000004,False
historical,2012-09-03 09:15:00,2012-09-04 02:00:00,1,0,0.53,1.25798,1.25609,1.2627050000000004,0.0018900000000001693,1.25808,sl,5.299999999999416,0.05291005291004234,10131.470000000003,True
historical,2012-10-02 08:30:00,2012-10-02 08:45:00,1,1,2.51,1.29128,1.28967,1.2953049999999997,0.0016099999999998893,1.28967,sl,-404.1099999999722,-1.0,9727.360000000032,False
historical,2012-10-03 08:15:00,2012-10-03 09:30:00,-1,0,0.5,1.28867,1.29059,1.2838700000000003,0.0019199999999999218,1.29059,sl,-95.99999999999609,-1.0,9631.360000000035,False
historical,2012-10-03 09:15:00,2012-10-03 09:15:00,-1,0,0.5,1.28814,1.29005,1.2833650000000003,0.0019099999999998563,1.29005,sl,-95.49999999999281,-1.0,9535.860000000042,False
historical,2012-10-11 08:00:00,2012-10-11 10:00:00,-1,0,0.23,1.28581,1.28788,1.2806349999999997,0.0020700000000000163,1.28788,sl,-47.610000000000376,-1.0,9488.250000000042,False
historical,2012-10-15 08:15:00,2012-10-15 08:45:00,-1,0,0.56,1.29007,1.2917399999999999,1.2858950000000005,0.0016699999999998383,1.2917399999999999,sl,-93.51999999999096,-1.0,9394.73000000005,False
historical,2012-10-18 10:45:00,2012-10-18 16:15:00,1,0,0.23,1.31031,1.30827,1.3154100000000002,0.0020400000000000418,1.30827,sl,-46.92000000000096,-1.0,9347.81000000005,False
historical,2012-10-18 11:15:00,2012-10-18 16:00:00,1,0,0.26,1.31079,1.30901,1.3152399999999997,0.0017799999999998928,1.30901,sl,-46.279999999997216,-1.0,9301.530000000053,False
historical,2012-10-22 09:15:00,2012-10-22 12:00:00,-1,0,0.41,1.30396,1.30619,1.2983850000000001,0.0022299999999999542,1.30619,sl,-91.42999999999812,-1.0,9210.100000000055,False
historical,2012-10-25 11:30:00,2012-10-25 12:45:00,1,0,0.24,1.30145,1.2996,1.3060749999999999,0.0018499999999999073,1.2996,sl,-44.399999999997775,-1.0,9165.700000000057,False
historical,2012-10-31 08:45:00,2012-10-31 12:15:00,1,0,0.45,1.29641,1.29438,1.301485,0.0020299999999999763,1.301485,tp,228.37499999999733,2.5,9394.075000000055,True
historical,2012-11-01 08:15:00,2012-11-01 13:30:00,-1,1,0.96,1.29467,1.2966199999999999,1.2897950000000002,0.0019499999999998963,1.2966199999999999,sl,-187.19999999999004,-1.0,9206.875000000065,False
historical,2012-11-06 16:15:00,2012-11-06 17:30:00,-1,0,0.59,1.27995,1.28151,1.27605,0.0015600000000000058,1.28151,sl,-92.04000000000033,-1.0,9114.835000000065,False
historical,2012-11-14 08:45:00,2012-11-14 20:00:00,1,0,0.49,1.27215,1.27029,1.2767999999999997,0.0018599999999999728,1.2767999999999997,tp,227.8499999999912,2.49999999999994,9342.685000000056,True
historical,2012-11-14 14:30:00,2012-11-15 01:30:00,1,1,1.62,1.27449,1.27219,1.2802399999999998,0.0022999999999999687,1.27219,sl,-372.59999999999496,-1.0,8970.085000000061,False
historical,2012-11-20 11:15:00,2012-11-20 15:30:00,1,0,0.53,1.28056,1.27888,1.2847599999999997,0.0016799999999999038,1.27888,sl,-89.0399999999949,-1.0,8881.045000000066,False
historical,2012-11-28 10:30:00,2012-11-28 18:30:00,-1,0,0.42,1.29182,1.29392,1.28657,0.0020999999999999908,1.29392,sl,-88.1999999999996,-1.0,8792.845000000067,False
historical,2012-11-29 09:00:00,2012-11-29 17:30:00,1,0,0.19,1.29634,1.29409,1.3019650000000003,0.0022500000000000853,1.29644,sl,1.8999999999997907,0.04444444444443787,8794.745000000066,True
historical,2012-12-11 10:30:00,2012-12-11 19:30:00,1,1,1.6,1.29585,1.29366,1.3013249999999998,0.0021899999999999142,1.3013249999999998,tp,875.9999999999835,2.5000000000000506,9670.74500000005,True
historical,2013-01-09 10:30:00,2013-01-09 17:45:00,-1,2,1.36,1.30796,1.30973,1.3035349999999999,0.0017700000000000493,1.30786,sl,13.599999999998504,0.05649717514123515,9684.345000000048,True
historical,2013-01-09 11:00:00,2013-01-10 10:45:00,-1,2,1.06,1.30676,1.30904,1.3010599999999997,0.0022800000000000598,1.30904,sl,-241.68000000000634,-1.0,9442.665000000043,False
historical,2013-01-21 08:45:00,2013-01-22 05:00:00,-1,0,0.59,1.33176,1.33335,1.327785,0.0015899999999999803,1.33335,sl,-93.80999999999884,-1.0,9348.855000000043,False
historical,2013-01-21 09:45:00,2013-01-22 05:00:00,-1,0,0.55,1.33131,1.33298,1.3271349999999997,0.0016700000000000603,1.33298,sl,-91.85000000000332,-1.0,9257.00500000004,False
historical,2013-01-23 15:45:00,2013-01-23 16:15:00,1,0,0.38,1.3338,1.33139,1.3398250000000003,0.0024100000000000232,1.33139,sl,-91.58000000000088,-1.0,9165.425000000037,False
historical,2013-01-29 09:45:00,2013-01-29 11:45:00,1,0,0.41,1.3454,1.34319,1.3509249999999995,0.0022099999999998232,1.34319,sl,-90.60999999999274,-1.0,9074.815000000044,False
historical,2013-02-12 08:45:00,2013-02-12 10:00:00,-1,0,0.41,1.33733,1.3395299999999999,1.33183,0.0021999999999999797,1.3395299999999999,sl,-90.19999999999916,-1.0,8984.615000000045,False
historical,2013-02-18 08:15:00,2013-02-18 10:15:00,-1,0,0.49,1.33366,1.33549,1.329085,0.0018299999999999983,1.33549,sl,-89.66999999999992,-1.0,8894.945000000045,False
historical,2013-02-19 11:00:00,2013-02-19 11:00:00,-1,0,0.51,1.33427,1.336,1.329945,0.0017300000000000093,1.336,sl,-88.23000000000049,-1.0,8806.715000000044,False
historical,2013-03-05 09:00:00,2013-03-05 11:30:00,1,0,0.38,1.30467,1.3024,1.3103449999999999,0.0022699999999999942,1.3024,sl,-86.25999999999979,-1.0,8720.455000000044,False
historical,2013-03-11 09:30:00,2013-03-11 18:00:00,-1,0,0.53,1.30037,1.30199,1.2963200000000001,0.0016199999999999548,1.30199,sl,-85.85999999999761,-1.0,8634.595000000047,False
historical,2013-03-28 09:45:00,2013-03-28 12:30:00,-1,0,0.2,1.27897,1.28103,1.2738200000000002,0.0020599999999999508,1.28103,sl,-41.199999999999015,-1.0,8593.395000000048,False
historical,2013-04-03 14:00:00,2013-04-04 07:00:00,1,0,0.38,1.28287,1.28061,1.2885199999999997,0.0022599999999999287,1.28297,sl,3.7999999999995815,0.04424778761061599,8597.195000000047,True
historical,2013-04-15 10:00:00,2013-04-15 14:15:00,-1,1,1.68,1.30742,1.30946,1.30232,0.0020400000000000418,1.30946,sl,-342.72000000000696,-1.0,8254.47500000004,False
historical,2013-04-22 08:15:00,2013-04-22 09:00:00,-1,0,0.49,1.30575,1.3074299999999999,1.3015500000000002,0.0016799999999999038,1.3074299999999999,sl,-82.31999999999529,-1.0,8172.155000000045,False
historical,2013-04-22 09:30:00,2013-04-23 09:00:00,-1,0,0.37,1.30554,1.30774,1.30004,0.0021999999999999797,1.30774,sl,-81.39999999999925,-1.0,8090.755000000046,False
historical,2013-04-24 14:30:00,2013-04-24 19:00:00,-1,0,0.37,1.29957,1.3017,1.2942449999999994,0.0021300000000001873,1.3017,sl,-78.81000000000694,-1.0,8011.945000000039,False
historical,2013-04-25 10:15:00,2013-04-25 14:15:00,1,0,0.22,1.30421,1.30246,1.3085850000000003,0.0017500000000001403,1.3085850000000003,tp,96.25000000000527,2.499999999999936,8108.195000000044,True
historical,2013-04-29 08:15:00,2013-04-29 09:45:00,1,1,1.91,1.30575,1.30406,1.309975,0.0016899999999999693,1.309975,tp,806.9749999999854,2.5000000000000004,8915.17000000003,True
historical,2013-04-30 15:15:00,2013-04-30 15:30:00,1,2,1.1,1.30851,1.30649,1.3135600000000003,0.002020000000000133,1.3135600000000003,tp,555.5000000000243,2.499999999999945,9470.670000000053,True
historical,2013-05-02 10:15:00,2013-05-02 13:45:00,1,2,0.6,1.31674,1.31478,1.32164,0.0019599999999999618,1.31478,sl,-117.59999999999769,-1.0,9353.070000000054,False
historical,2013-05-06 10:45:00,2013-05-06 16:15:00,-1,0,0.61,1.31067,1.3122,1.306845,0.0015300000000000313,1.306845,tp,233.324999999998,2.4999999999999276,9586.395000000051,False
historical,2013-05-07 08:15:00,2013-05-07 12:00:00,-1,1,2.45,1.30807,1.30963,1.30417,0.0015600000000000058,1.30963,sl,-382.20000000000147,-1.0,9204.19500000005,False
historical,2013-05-14 09:15:00,2013-05-14 09:30:00,1,0,0.58,1.30123,1.29965,1.3051800000000005,0.0015800000000001369,1.29965,sl,-91.64000000000793,-1.0,9112.555000000042,False
historical,2013-05-14 11:00:00,2013-05-14 11:00:00,-1,0,0.53,1.29949,1.3012,1.2952150000000002,0.0017099999999998783,1.3012,sl,-90.62999999999356,-1.0,9021.925000000048,False
historical,2013-05-21 11:30:00,2013-05-21 12:15:00,1,0,0.38,1.28854,1.28622,1.2943400000000003,0.0023200000000000998,1.28622,sl,-88.16000000000379,-1.0,8933.765000000045,False
historical,2013-05-21 16:00:00,2013-05-21 17:00:00,-1,0,0.59,1.28596,1.28746,1.2822099999999998,0.0015000000000000568,1.28746,sl,-88.50000000000334,-1.0,8845.265000000041,False
historical,2013-05-22 09:00:00,2013-05-22 12:15:00,1,0,0.58,1.29164,1.29013,1.2954149999999998,0.0015099999999999003,1.2954149999999998,tp,218.94999999999197,2.5000000000000737,9064.215000000033,True
historical,2013-05-28 11:15:00,2013-05-28 11:15:00,-1,1,2.17,1.28973,1.2913999999999999,1.2855550000000004,0.0016699999999998383,1.2913999999999999,sl,-362.3899999999649,-1.0,8701.825000000068,False
historical,2013-06-05 16:00:00,2013-06-05 17:30:00,1,0,0.56,1.30734,1.30581,1.311165,0.0015300000000000313,1.30744,sl,5.599999999999384,0.06535947712417448,8707.425000000067,True
historical,2013-06-12 15:45:00,2013-06-12 17:45:00,1,1,1.77,1.32855,1.32659,1.3334499999999998,0.0019599999999999618,1.3334499999999998,tp,867.299999999983,2.4999999999999996,9574.72500000005,True
historical,2013-06-25 10:15:00,2013-06-25 16:00:00,-1,2,1.24,1.31269,1.31462,1.307865,0.0019299999999999873,1.307865,tp,598.2999999999822,2.4999999999999423,10173.025000000032,True
historical,2013-06-25 11:15:00,2013-06-25 13:45:00,-1,2,1.32,1.31224,1.31416,1.3074400000000002,0.0019199999999999218,1.31416,sl,-253.43999999998968,-1.0,9919.585000000043,False
historical,2013-07-04 09:15:00,2013-07-04 11:45:00,-1,0,0.24,1.29863,1.3006199999999999,1.2936550000000002,0.0019899999999999363,1.3006199999999999,sl,-47.75999999999846,-1.0,9871.825000000044,False
historical,2013-07-10 14:15:00,2013-07-10 15:45:00,-1,0,0.57,1.28125,1.28298,1.2769249999999999,0.0017300000000000093,1.28298,sl,-98.61000000000051,-1.0,9773.215000000044,False
historical,2013-07-23 09:15:00,2013-07-23 11:00:00,1,0,0.56,1.31947,1.31773,1.3238199999999996,0.0017399999999998528,1.31773,sl,-97.43999999999177,-1.0,9675.775000000052,False
historical,2013-07-23 16:15:00,2013-07-23 16:30:00,1,0,0.63,1.31934,1.31781,1.323165,0.0015300000000000313,1.31944,sl,6.299999999999306,0.06535947712417446,9682.075000000052,True
historical,2013-08-13 09:30:00,2013-08-13 11:15:00,-1,1,1.65,1.32899,1.33133,1.32314,0.0023400000000000087,1.33133,sl,-386.10000000000144,-1.0,9295.97500000005,False
historical,2013-08-22 16:30:00,2013-08-22 17:00:00,-1,0,0.22,1.333,1.33506,1.3278500000000002,0.0020599999999999508,1.33506,sl,-45.31999999999892,-1.0,9250.65500000005,False
historical,2013-08-28 11:30:00,2013-08-28 12:30:00,1,0,0.56,1.33761,1.33597,1.3417099999999995,0.0016399999999998638,1.33597,sl,-91.83999999999237,-1.0,9158.815000000057,False
historical,2013-09-02 10:00:00,2013-09-03 08:15:00,-1,0,0.52,1.32101,1.32276,1.3166350000000002,0.0017499999999999183,1.3166350000000002,tp,227.4999999999894,2.5000000000000004,9386.315000000046,True
historical,2013-09-04 10:00:00,2013-09-04 11:00:00,-1,1,1.91,1.31597,1.31793,1.3110700000000002,0.0019599999999999618,1.31793,sl,-374.3599999999927,-1.0,9011.955000000053,False
historical,2013-09-11 10:15:00,2013-09-11 15:45:00,1,0,0.57,1.32659,1.32502,1.3305149999999997,0.0015699999999998493,1.32669,sl,5.699999999999371,0.06369426751592266,9017.655000000052,True
historical,2013-09-11 11:00:00,2013-09-11 19:30:00,1,1,1.76,1.32731,1.32527,1.33241,0.0020400000000000418,1.33241,tp,897.6000000000183,2.5,9915.25500000007,True
historical,2013-09-23 14:30:00,2013-09-23 15:15:00,1,2,1.36,1.3515,1.34969,1.3560249999999996,0.0018099999999998673,1.34969,sl,-246.15999999998195,-1.0,9669.095000000088,False
historical,2013-09-23 15:00:00,2013-09-25 11:15:00,-1,0,0.48,1.3507,1.3526799999999999,1.3457500000000002,0.0019799999999998708,1.3506,sl,4.7999999999994705,0.050505050505048235,9673.895000000088,True
historical,2013-09-24 11:00:00,2013-09-25 11:45:00,-1,1,2.08,1.3493,1.35116,1.3446500000000001,0.0018599999999999728,1.35116,sl,-386.87999999999437,-1.0,9287.015000000094,False
historical,2013-09-26 15:30:00,2013-09-26 16:00:00,-1,0,0.3,1.34922,1.35073,1.3454450000000002,0.0015099999999999003,1.35073,sl,-45.299999999997006,-1.0,9241.715000000097,False
historical,2013-10-07 14:00:00,2013-10-07 17:15:00,-1,0,0.55,1.35668,1.35836,1.3524800000000003,0.0016799999999999038,1.35836,sl,-92.3999999999947,-1.0,9149.315000000102,False
historical,2013-10-08 15:45:00,2013-10-08 18:45:00,1,0,0.4,1.35951,1.35724,1.3651849999999999,0.0022699999999999942,1.35724,sl,-90.79999999999978,-1.0,9058.515000000103,False
historical,2013-10-23 15:00:00,2013-10-23 16:00:00,1,0,0.58,1.37628,1.37472,1.38018,0.0015600000000000058,1.37638,sl,5.799999999999361,0.06410256410255681,9064.315000000102,True
historical,2013-11-06 08:45:00,2013-11-06 09:15:00,1,1,2.02,1.35087,1.34908,1.3553449999999998,0.0017899999999999583,1.34908,sl,-361.57999999999157,-1.0,8702.735000000112,False
historical,2013-11-12 09:45:00,2013-11-12 11:45:00,-1,0,0.41,1.33736,1.33944,1.3321600000000005,0.0020799999999998597,1.33944,sl,-85.27999999999425,-1.0,8617.455000000118,False
historical,2013-11-14 09:15:00,2013-11-14 10:30:00,1,0,0.24,1.34683,1.3450900000000001,1.3511799999999996,0.0017399999999998528,1.3450900000000001,sl,-41.75999999999647,-1.0,8575.695000000122,False
historical,2013-11-14 16:00:00,2013-11-14 16:30:00,1,0,0.22,1.34557,1.34368,1.3502949999999998,0.0018899999999999473,1.34368,sl,-41.57999999999884,-1.0,8534.115000000123,False
historical,2013-11-19 10:00:00,2013-11-19 11:00:00,1,0,0.42,1.35194,1.34995,1.3569149999999999,0.0019899999999999363,1.34995,sl,-83.57999999999731,-1.0,8450.535000000125,False
historical,2013-11-19 15:45:00,2013-11-19 15:45:00,1,0,0.47,1.35173,1.34995,1.3561800000000004,0.0017800000000001148,1.34995,sl,-83.6600000000054,-1.0,8366.87500000012,False
historical,2013-11-20 15:30:00,2013-11-20 16:15:00,1,0,0.55,1.35375,1.35225,1.3575000000000002,0.0015000000000000568,1.35225,sl,-82.50000000000313,-1.0,8284.375000000116,False
historical,2013-12-02 08:45:00,2013-12-02 09:30:00,1,0,0.45,1.36122,1.35941,1.3657450000000004,0.0018100000000000893,1.35941,sl,-81.45000000000402,-1.0,8202.925000000112,False
historical,2013-12-11 10:00:00,2013-12-12 10:45:00,1,0,0.34,1.37629,1.37392,1.382215,0.0023699999999999832,1.37639,sl,3.399999999999626,0.042194092826999874,8206.325000000112,True
historical,2013-12-12 16:00:00,2013-12-12 16:00:00,1,1,0.78,1.37752,1.37544,1.3827200000000004,0.002080000000000082,1.37544,sl,-162.2400000000064,-1.0,8044.0850000001055,False
historical,2013-12-16 10:30:00,2013-12-16 18:15:00,1,0,0.32,1.37722,1.37477,1.3833450000000003,0.0024500000000000632,1.37477,sl,-78.40000000000202,-1.0,7965.685000000103,False
historical,2013-12-26 16:45:00,2013-12-27 04:00:00,1,0,0.23,1.36975,1.36809,1.3739,0.0016599999999999948,1.3739,tp,95.44999999999716,2.4999999999999334,8061.1350000001,True
historical,2013-12-31 15:30:00,2014-01-02 12:00:00,-1,1,1.42,1.37694,1.3792,1.3712900000000001,0.0022599999999999287,1.3712900000000001,tp,802.2999999999903,2.500000000000049,8863.43500000009,True
historical,2014-01-14 11:45:00,2014-01-14 14:30:00,1,2,1.11,1.368,1.36601,1.3729750000000005,0.0019900000000001583,1.36601,sl,-220.89000000001758,-1.0,8642.545000000073,False
historical,2014-01-14 15:30:00,2014-01-15 02:30:00,1,0,0.53,1.36734,1.36573,1.3713649999999997,0.0016099999999998893,1.36573,sl,-85.32999999999413,-1.0,8557.215000000078,False
historical,2014-01-16 08:30:00,2014-01-16 10:30:00,-1,0,0.2,1.36069,1.36275,1.35554,0.0020599999999999508,1.36275,sl,-41.199999999999015,-1.0,8516.01500000008,False
historical,2014-01-21 09:00:00,2014-01-21 17:15:00,-1,0,0.47,1.35465,1.35645,1.3501499999999997,0.0018000000000000238,1.35645,sl,-84.60000000000112,-1.0,8431.415000000079,False
historical,2014-01-22 09:00:00,2014-01-22 13:30:00,-1,0,0.36,1.35444,1.35676,1.3486400000000005,0.0023199999999998777,1.35676,sl,-83.51999999999559,-1.0,8347.895000000084,False
historical,2014-01-28 16:45:00,2014-01-29 09:30:00,-1,0,0.46,1.3657,1.3675,1.3611999999999997,0.0018000000000000238,1.3675,sl,-82.8000000000011,-1.0,8265.095000000083,False
historical,2014-02-04 15:15:00,2014-02-05 14:00:00,-1,0,0.43,1.35118,1.3531,1.3463800000000004,0.0019199999999999218,1.3531,sl,-82.55999999999663,-1.0,8182.535000000086,False
historical,2014-02-05 11:15:00,2014-02-05 14:00:00,-1,0,0.38,1.35089,1.35302,1.3455650000000001,0.0021299999999999653,1.35302,sl,-80.93999999999868,-1.0,8101.595000000088,False
historical,2014-02-05 14:00:00,2014-02-05 14:00:00,1,0,0.53,1.35238,1.35086,1.3561799999999997,0.0015199999999999658,1.35248,sl,5.299999999999416,0.06578947368420475,8106.895000000087,True
historical,2014-02-12 11:30:00,2014-02-12 11:45:00,1,1,2.0,1.36506,1.36344,1.3691099999999998,0.0016199999999999548,1.36344,sl,-323.99999999999096,-1.0,7782.895000000096,False
historical,2014-02-17 10:15:00,2014-02-17 14:15:00,1,0,0.4,1.37134,1.3694,1.3761900000000002,0.0019400000000000528,1.3694,sl,-77.60000000000211,-1.0,7705.295000000094,False
historical,2014-02-18 10:00:00,2014-02-18 15:00:00,1,0,0.45,1.37191,1.37021,1.37616,0.0017000000000000348,1.37616,tp,191.25000000000392,2.5,7896.545000000097,True
historical,2014-02-18 11:45:00,2014-02-19 20:15:00,1,1,1.39,1.37276,1.3705,1.3784099999999997,0.0022599999999999287,1.37286,sl,13.899999999998467,0.04424778761061599,7910.445000000096,True
historical,2014-02-19 15:30:00,2014-02-19 20:00:00,1,2,1.17,1.37569,1.374,1.379915,0.0016899999999999693,1.374,sl,-197.7299999999964,-1.0,7712.715000000099,False
historical,2014-02-26 10:15:00,2014-02-26 13:15:00,1,0,0.38,1.37539,1.37337,1.3804399999999997,0.0020199999999999108,1.37337,sl,-76.75999999999661,-1.0,7635.955000000103,False
historical,2014-03-05 10:30:00,2014-03-05 14:15:00,-1,0,0.35,1.37252,1.37466,1.3671699999999998,0.0021400000000000308,1.37466,sl,-74.90000000000107,-1.0,7561.055000000101,False
historical,2014-03-06 09:15:00,2014-03-06 11:45:00,-1,0,0.21,1.37226,1.37401,1.3678850000000002,0.0017499999999999183,1.37401,sl,-36.74999999999828,-1.0,7524.305000000103,False
historical,2014-03-11 11:00:00,2014-03-11 15:30:00,-1,0,0.44,1.38493,1.38661,1.3807300000000002,0.0016799999999999038,1.38661,sl,-73.91999999999577,-1.0,7450.3850000001075,False
historical,2014-03-17 10:00:00,2014-03-18 10:15:00,1,0,0.34,1.39044,1.38826,1.3958899999999996,0.0021799999999998487,1.3905399999999999,sl,3.399999999999626,0.04587155963302566,7453.785000000107,True
historical,2014-03-19 11:45:00,2014-03-19 15:00:00,1,1,1.85,1.39215,1.39054,1.3961749999999997,0.0016099999999998893,1.39054,sl,-297.84999999997956,-1.0,7155.935000000128,False
historical,2014-03-24 15:15:00,2014-03-24 16:45:00,-1,0,0.38,1.37678,1.37863,1.3721549999999996,0.0018500000000001293,1.37863,sl,-70.30000000000491,-1.0,7085.635000000123,False
historical,2014-03-25 16:30:00,2014-03-25 17:30:00,-1,0,0.33,1.37853,1.38062,1.3733050000000002,0.0020899999999999253,1.38062,sl,-68.96999999999754,-1.0,7016.6650000001255,False
historical,2014-03-26 10:00:00,2014-03-27 17:00:00,-1,0,0.28,1.3796,1.38202,1.3735499999999998,0.0024200000000000887,1.3735499999999998,tp,169.40000000000313,2.4999999999999543,7186.065000000129,True
historical,2014-03-27 08:30:00,2014-03-27 17:00:00,-1,1,0.82,1.3772,1.37894,1.3728499999999997,0.0017400000000000748,1.3728499999999997,tp,356.7000000000244,2.500000000000063,7542.765000000153,True
historical,2014-03-27 15:30:00,2014-03-28 09:00:00,-1,2,0.62,1.37613,1.37764,1.3723550000000002,0.0015099999999999003,1.3723550000000002,tp,234.04999999999143,2.5000000000000733,7776.815000000144,True
historical,2014-04-02 15:30:00,2014-04-03 14:30:00,-1,2,1.11,1.37764,1.37939,1.3732650000000002,0.0017499999999999183,1.37939,sl,-194.24999999999096,-1.0,7582.565000000153,False
historical,2014-04-02 16:15:00,2014-04-03 14:30:00,-1,0,0.38,1.37713,1.37908,1.3722549999999996,0.0019500000000001183,1.37908,sl,-74.1000000000045,-1.0,7508.465000000148,False
historical,2014-04-14 10:15:00,2014-04-14 14:30:00,-1,0,0.49,1.38483,1.38634,1.3810550000000004,0.0015099999999999003,1.3810550000000004,tp,184.97499999998234,2.4999999999999263,7693.440000000131,True
historical,2014-05-14 11:45:00,2014-05-15 09:45:00,-1,1,1.98,1.37124,1.37279,1.3673650000000002,0.0015499999999999403,1.3673650000000002,tp,767.2499999999704,2.5,8460.6900000001,True
historical,2014-05-20 16:45:00,2014-05-21 02:30:00,-1,2,1.41,1.36912,1.37062,1.3653699999999998,0.0015000000000000568,1.37062,sl,-211.500000000008,-1.0,8249.190000000093,False
historical,2014-05-22 09:15:00,2014-05-22 09:30:00,-1,0,0.25,1.36629,1.3679,1.3622650000000003,0.0016099999999998893,1.3679,sl,-40.24999999999723,-1.0,8208.940000000097,False
historical,2014-05-29 15:00:00,2014-05-30 15:00:00,-1,0,0.16,1.36023,1.36273,1.3539800000000002,0.0024999999999999467,1.36273,sl,-39.99999999999915,-1.0,8168.940000000098,False
historical,2014-06-11 16:15:00,2014-06-12 16:30:00,-1,0,0.42,1.35313,1.35506,1.3483049999999999,0.0019299999999999873,1.35506,sl,-81.05999999999946,-1.0,8087.880000000098,False
historical,2014-06-17 11:00:00,2014-06-17 14:30:00,1,0,0.38,1.35752,1.35541,1.3627950000000002,0.0021100000000000563,1.35541,sl,-80.18000000000214,-1.0,8007.700000000096,False
historical,2014-08-27 15:45:00,2014-08-27 16:15:00,-1,0,0.49,1.31722,1.31885,1.313145,0.0016300000000000203,1.31885,sl,-79.870000000001,-1.0,7927.830000000095,False
historical,2014-08-28 10:15:00,2014-08-28 11:45:00,1,0,0.24,1.32122,1.31962,1.3252200000000003,0.0016000000000000458,1.31962,sl,-38.40000000000109,-1.0,7889.430000000094,False
historical,2014-09-10 08:45:00,2014-09-10 14:30:00,1,0,0.45,1.29395,1.29221,1.2982999999999996,0.0017399999999998528,1.29221,sl,-78.29999999999337,-1.0,7811.1300000001,False
historical,2014-09-10 10:15:00,2014-09-10 14:30:00,1,0,0.49,1.29398,1.29239,1.297955,0.0015899999999999803,1.29239,sl,-77.90999999999903,-1.0,7733.220000000101,False
historical,2014-09-17 16:00:00,2014-09-17 17:15:00,1,0,0.48,1.29659,1.29501,1.3005399999999998,0.0015799999999999148,1.29501,sl,-75.83999999999591,-1.0,7657.380000000106,False
historical,2014-10-02 11:45:00,2014-10-02 14:30:00,1,0,0.24,1.26411,1.26255,1.26801,0.0015600000000000058,1.26255,sl,-37.44000000000014,-1.0,7619.940000000105,False
historical,2014-10-08 09:15:00,2014-10-08 13:45:00,1,0,0.32,1.26448,1.26215,1.270305,0.0023299999999999432,1.26458,sl,3.1999999999996476,0.04291845493561864,7623.140000000105,True
historical,2014-10-13 10:30:00,2014-10-13 22:30:00,1,1,1.36,1.2679,1.26566,1.2735,0.0022400000000000198,1.2735,tp,761.6000000000068,2.5,8384.740000000113,True
historical,2014-10-13 15:30:00,2014-10-13 17:15:00,1,2,1.2,1.26916,1.26742,1.2735100000000004,0.0017400000000000748,1.26742,sl,-208.800000000009,-1.0,8175.940000000103,False
historical,2014-10-20 15:00:00,2014-10-20 17:30:00,-1,0,0.43,1.2767,1.27859,1.271975,0.0018899999999999473,1.27859,sl,-81.26999999999774,-1.0,8094.670000000106,False
historical,2014-10-20 15:30:00,2014-10-20 16:00:00,-1,0,0.38,1.27584,1.27792,1.2706400000000004,0.0020799999999998597,1.27792,sl,-79.03999999999466,-1.0,8015.630000000111,False
historical,2014-11-04 08:30:00,2014-11-04 11:15:00,-1,0,0.47,1.25028,1.25197,1.2460550000000001,0.0016899999999999693,1.25197,sl,-79.42999999999856,-1.0,7936.200000000113,False
historical,2014-11-04 15:15:00,2014-11-04 16:15:00,-1,0,0.47,1.25106,1.25273,1.2468850000000005,0.0016699999999998383,1.25273,sl,-78.48999999999239,-1.0,7857.71000000012,False
historical,2014-11-06 11:45:00,2014-11-06 14:30:00,1,0,0.22,1.25198,1.25021,1.2564050000000002,0.0017700000000000493,1.25021,sl,-38.940000000001085,-1.0,7818.770000000119,False
historical,2014-11-19 09:00:00,2014-11-19 16:00:00,1,0,0.36,1.25342,1.25125,1.258845,0.0021700000000000053,1.25352,sl,3.5999999999996035,0.04608294930875057,7822.370000000118,True
historical,2014-11-19 11:30:00,2014-11-19 16:00:00,1,1,1.75,1.25396,1.25218,1.2584099999999996,0.0017799999999998928,1.25406,sl,17.499999999998074,0.05617977528089608,7839.870000000116,True
historical,2014-11-25 09:30:00,2014-11-25 10:30:00,-1,2,1.01,1.24171,1.24364,1.236885,0.0019299999999999873,1.24364,sl,-194.92999999999873,-1.0,7644.940000000118,False
historical,2014-11-25 11:30:00,2014-11-25 16:30:00,-1,0,0.49,1.24276,1.2443199999999999,1.2388600000000007,0.0015599999999997838,1.2443199999999999,sl,-76.4399999999894,-1.0,7568.500000000128,False
historical,2014-11-26 10:15:00,2014-11-26 11:00:00,1,0,0.49,1.24783,1.2463,1.251655,0.0015300000000000313,1.2463,sl,-74.97000000000153,-1.0,7493.530000000127,False
historical,2014-11-26 14:15:00,2014-11-26 17:45:00,1,0,0.32,1.24643,1.24409,1.2522799999999998,0.0023400000000000087,1.2522799999999998,tp,187.19999999999715,2.4999999999999525,7680.730000000124,True
historical,2014-12-10 14:45:00,2014-12-10 17:30:00,1,1,1.52,1.23837,1.23635,1.2434199999999997,0.0020199999999999108,1.2434199999999997,tp,767.5999999999661,2.5,8448.33000000009,True
historical,2014-12-15 08:45:00,2014-12-15 10:00:00,1,2,1.24,1.24549,1.2438,1.249715,0.0016899999999999693,1.2438,sl,-209.5599999999962,-1.0,8238.770000000095,False
historical,2014-12-17 09:15:00,2014-12-17 09:45:00,1,0,0.43,1.24921,1.24733,1.2539099999999996,0.0018799999999998818,1.24733,sl,-80.83999999999492,-1.0,8157.9300000001,False
historical,2014-12-22 14:45:00,2014-12-22 21:45:00,-1,0,0.53,1.2257,1.22722,1.2219000000000002,0.0015199999999999658,1.2219000000000002,tp,201.3999999999896,2.4999999999999267,8359.330000000089,False
historical,2014-12-23 10:00:00,2014-12-23 10:30:00,-1,1,2.05,1.2225,1.22413,1.2184249999999999,0.0016300000000000203,1.22413,sl,-334.1500000000041,-1.0,8025.180000000085,False
historical,2014-12-29 09:45:00,2014-12-29 11:15:00,-1,0,0.41,1.21739,1.21932,1.2125650000000001,0.0019299999999999873,1.21932,sl,-79.12999999999948,-1.0,7946.050000000086,False
historical,2015-01-13 09:15:00,2015-01-13 10:30:00,1,0,0.49,1.18382,1.1822300000000001,1.187795,0.0015899999999999803,1.1822300000000001,sl,-77.90999999999903,-1.0,7868.140000000087,False
historical,2015-01-15 10:15:00,2015-01-15 11:30:00,-1,0,0.17,1.17647,1.17875,1.1707699999999996,0.0022800000000000598,1.1707699999999996,tp,96.90000000000444,2.500000000000049,7965.040000000091,False
historical,2015-01-15 10:45:00,2015-01-15 11:30:00,-1,1,0.78,1.17587,1.1779,1.170795,0.0020299999999999763,1.170795,tp,395.8499999999954,2.5,8360.890000000087,False
historical,2015-01-20 10:15:00,2015-01-20 11:30:00,-1,2,1.18,1.15765,1.15941,1.15325,0.0017599999999999838,1.15941,sl,-207.67999999999807,-1.0,8153.210000000088,False
historical,2015-01-21 09:15:00,2015-01-21 14:45:00,-1,0,0.45,1.15688,1.15869,1.1523549999999996,0.0018100000000000893,1.15869,sl,-81.45000000000402,-1.0,8071.760000000084,False
historical,2015-02-02 10:30:00,2015-02-02 13:15:00,1,0,0.42,1.13233,1.1304400000000001,1.137055,0.0018899999999999473,1.13243,sl,4.1999999999995365,0.05291005291004854,8075.960000000084,True
historical,2015-02-03 09:00:00,2015-02-03 10:00:00,1,1,2.15,1.13386,1.13236,1.1376100000000002,0.0015000000000000568,1.13236,sl,-322.50000000001216,-1.0,7753.460000000072,False
historical,2015-02-10 10:30:00,2015-02-10 13:45:00,-1,0,0.43,1.13188,1.13368,1.12738,0.0018000000000000238,1.12738,tp,193.49999999999778,2.4999999999999383,7946.96000000007,True
historical,2015-02-17 08:45:00,2015-02-17 11:00:00,-1,1,1.82,1.13504,1.13678,1.1306900000000004,0.0017399999999998528,1.13678,sl,-316.6799999999732,-1.0,7630.280000000097,False
historical,2015-02-18 15:15:00,2015-02-18 21:00:00,-1,0,0.43,1.13716,1.1389,1.1328099999999997,0.0017400000000000748,1.13706,sl,4.299999999999526,0.05747126436780729,7634.580000000096,True
historical,2015-02-24 16:15:00,2015-02-24 17:15:00,-1,1,1.27,1.13176,1.13416,1.12576,0.0023999999999999577,1.13416,sl,-304.7999999999946,-1.0,7329.780000000102,False
historical,2015-02-25 10:45:00,2015-02-25 12:30:00,1,0,0.43,1.13716,1.13548,1.1413599999999997,0.0016799999999999038,1.13548,sl,-72.23999999999586,-1.0,7257.5400000001055,False
historical,2015-03-02 15:45:00,2015-03-03 11:30:00,-1,0,0.4,1.12167,1.12345,1.1172199999999997,0.0017800000000001148,1.1172199999999997,tp,178.00000000001148,2.5,7435.540000000117,True
historical,2015-03-18 10:45:00,2015-03-18 14:45:00,1,1,1.54,1.06094,1.05901,1.0657649999999999,0.0019299999999999873,1.05901,sl,-297.21999999999804,-1.0,7138.320000000119,False
historical,2015-03-18 16:00:00,2015-03-18 20:00:00,1,0,0.29,1.06112,1.05871,1.067145,0.0024100000000000232,1.067145,tp,174.72499999999846,2.4999999999999543,7313.045000000117,True
historical,2015-04-07 08:00:00,2015-04-07 11:15:00,-1,1,1.3,1.09238,1.09462,1.0867799999999999,0.0022400000000000198,1.0867799999999999,tp,728.0000000000064,2.5,8041.045000000124,False
historical,2015-04-07 11:00:00,2015-04-07 11:15:00,-1,2,0.98,1.09217,1.09421,1.0870700000000006,0.0020399999999998197,1.0870700000000006,tp,499.79999999994493,2.4999999999999454,8540.845000000068,False
historical,2015-04-15 09:30:00,2015-04-15 10:15:00,1,2,0.99,1.06459,1.06244,1.0699649999999996,0.0021499999999998742,1.06244,sl,-212.84999999998752,-1.0,8327.99500000008,False
historical,2015-04-21 08:30:00,2015-04-21 09:45:00,-1,0,0.49,1.07223,1.0739,1.0680549999999998,0.0016700000000000603,1.0680549999999998,tp,204.5750000000128,2.500000000000066,8532.570000000094,True
historical,2015-04-23 08:00:00,2015-04-23 11:15:00,-1,1,0.99,1.07024,1.07196,1.0659400000000003,0.0017199999999999438,1.07196,sl,-170.27999999999443,-1.0,8362.2900000001,False
historical,2015-04-28 11:45:00,2015-04-28 13:45:00,1,0,0.4,1.08816,1.0861100000000001,1.0932849999999998,0.0020499999999998852,1.0932849999999998,tp,204.99999999999298,2.500000000000054,8567.290000000092,True
historical,2015-06-16 09:45:00,2015-06-16 09:45:00,1,1,1.58,1.12782,1.12566,1.13322,0.0021599999999999397,1.12792,sl,15.799999999998262,0.046296296296292484,8583.09000000009,True
historical,2015-06-17 10:00:00,2015-06-17 11:45:00,1,2,1.1,1.12586,1.12391,1.1307350000000005,0.0019500000000001183,1.12596,sl,10.999999999998789,0.05128205128204252,8594.090000000087,True
historical,2015-07-29 16:30:00,2015-07-29 21:00:00,-1,2,0.88,1.10352,1.10594,1.0974700000000004,0.0024199999999998667,1.10594,sl,-212.95999999998827,-1.0,8381.1300000001,False
historical,2015-08-17 14:00:00,2015-08-17 15:00:00,-1,0,0.48,1.10862,1.1103399999999999,1.10432,0.0017199999999999438,1.1103399999999999,sl,-82.5599999999973,-1.0,8298.570000000102,False
historical,2015-08-18 10:30:00,2015-08-18 10:45:00,-1,0,0.49,1.10653,1.10821,1.1023300000000003,0.0016799999999999038,1.10821,sl,-82.31999999999529,-1.0,8216.250000000106,False
historical,2015-08-18 11:45:00,2015-08-18 18:30:00,-1,0,0.36,1.10731,1.10955,1.10171,0.0022400000000000198,1.10171,tp,201.60000000000178,2.5,8417.850000000108,True
historical,2015-09-03 09:30:00,2015-09-03 10:00:00,-1,1,1.1,1.12218,1.1237,1.1183800000000002,0.0015199999999999658,1.1237,sl,-167.19999999999627,-1.0,8250.65000000011,False
historical,2015-09-30 14:30:00,2015-10-01 06:30:00,-1,0,0.39,1.1206,1.1227,1.11535,0.0020999999999999908,1.11535,tp,204.74999999999912,2.5000000000000004,8455.40000000011,True
historical,2015-10-06 09:15:00,2015-10-06 09:30:00,-1,1,2.1,1.11779,1.1194,1.1137650000000003,0.0016099999999998893,1.1194,sl,-338.0999999999768,-1.0,8117.300000000134,False
historical,2015-10-08 10:00:00,2015-10-08 10:15:00,1,0,0.24,1.12615,1.12448,1.130325,0.0016700000000000603,1.130325,tp,100.20000000000095,2.4999999999999334,8217.500000000135,True
historical,2015-10-13 15:30:00,2015-10-13 17:00:00,1,1,1.92,1.13863,1.13692,1.1429050000000003,0.0017100000000001003,1.13692,sl,-328.32000000001926,-1.0,7889.180000000115,False
historical,2015-10-14 15:15:00,2015-10-14 15:30:00,1,0,0.46,1.14094,1.13924,1.1451900000000002,0.0017000000000000348,1.14104,sl,4.599999999999493,0.05882352941175702,7893.780000000114,True
historical,2015-10-19 10:15:00,2015-10-19 17:45:00,-1,1,1.51,1.13584,1.1379299999999999,1.1306150000000001,0.0020899999999999253,1.1306150000000001,tp,788.9749999999718,2.5,8682.755000000087,True
historical,2015-10-27 10:00:00,2015-10-27 14:15:00,-1,2,1.23,1.10549,1.10725,1.1010900000000001,0.0017599999999999838,1.10725,sl,-216.47999999999803,-1.0,8466.275000000089,False
historical,2015-10-28 10:45:00,2015-10-28 11:00:00,-1,0,0.51,1.10362,1.10525,1.099545,0.0016300000000000203,1.10525,sl,-83.13000000000103,-1.0,8383.145000000088,False
historical,2015-11-10 10:15:00,2015-11-10 14:45:00,-1,0,0.46,1.07475,1.07657,1.0702000000000003,0.0018199999999999328,1.0702000000000003,tp,209.29999999999225,2.5,8592.44500000008,False
historical,2015-11-11 10:00:00,2015-11-11 13:15:00,1,1,1.86,1.07487,1.07303,1.0794700000000002,0.0018400000000000638,1.07303,sl,-342.2400000000119,-1.0,8250.205000000067,False
historical,2015-11-18 14:15:00,2015-11-18 16:00:00,1,0,0.54,1.06714,1.06563,1.0709149999999998,0.0015099999999999003,1.06563,sl,-81.53999999999462,-1.0,8168.665000000073,False
historical,2015-11-19 11:00:00,2015-11-19 18:00:00,1,0,0.17,1.0688,1.06647,1.0746249999999997,0.0023299999999999432,1.0746249999999997,tp,99.02499999999571,2.4999999999999525,8267.690000000068,True
historical,2015-11-26 09:45:00,2015-11-27 08:45:00,-1,1,0.91,1.06063,1.06244,1.0561049999999996,0.0018100000000000893,1.06244,sl,-164.71000000000814,-1.0,8102.98000000006,False
historical,2015-12-01 10:15:00,2015-12-01 10:45:00,-1,0,0.46,1.05779,1.05952,1.053465,0.0017300000000000093,1.05952,sl,-79.58000000000042,-1.0,8023.400000000059,False
historical,2015-12-02 10:00:00,2015-12-02 12:00:00,1,0,0.41,1.06259,1.06065,1.0674399999999995,0.0019399999999998307,1.06065,sl,-79.53999999999306,-1.0,7943.860000000066,False
historical,2015-12-14 09:15:00,2015-12-14 13:15:00,-1,0,0.52,1.09585,1.09735,1.0920999999999998,0.0015000000000000568,1.09735,sl,-78.00000000000296,-1.0,7865.860000000063,False
historical,2015-12-14 10:45:00,2015-12-14 13:15:00,-1,0,0.34,1.09462,1.09692,1.08887,0.0022999999999999687,1.09692,sl,-78.19999999999894,-1.0,7787.660000000064,False
historical,2015-12-16 16:30:00,2015-12-16 17:45:00,-1,0,0.5,1.0926,1.09414,1.0887500000000003,0.0015399999999998748,1.09414,sl,-76.99999999999375,-1.0,7710.660000000071,False
historical,2015-12-21 15:15:00,2015-12-21 17:15:00,1,0,0.44,1.08706,1.08534,1.0913599999999999,0.0017199999999999438,1.0913599999999999,tp,189.1999999999987,2.500000000000065,7899.86000000007,True
historical,2015-12-22 10:00:00,2015-12-22 16:30:00,1,1,1.6,1.09204,1.09007,1.0969649999999995,0.0019699999999998052,1.0969649999999995,tp,787.99999999994,2.500000000000057,8687.86000000001,True
historical,2015-12-24 16:45:00,2015-12-29 15:00:00,1,2,0.46,1.09563,1.09327,1.1015300000000003,0.0023600000000001398,1.09573,sl,4.599999999999493,0.04237288135592502,8692.46000000001,True
historical,2015-12-30 15:30:00,2015-12-30 15:45:00,-1,2,1.38,1.0919,1.09347,1.0879750000000006,0.0015699999999998493,1.09347,sl,-216.65999999997916,-1.0,8475.80000000003,False
historical,2015-12-30 16:45:00,2015-12-31 14:30:00,-1,0,0.48,1.09274,1.09448,1.0883900000000004,0.0017399999999998528,1.0883900000000004,tp,208.7999999999823,2.4999999999999996,8684.600000000013,True
historical,2016-01-19 10:45:00,2016-01-19 10:45:00,-1,1,2.19,1.08654,1.08812,1.0825900000000002,0.0015799999999999148,1.08812,sl,-346.01999999998134,-1.0,8338.58000000003,False
historical,2016-01-25 14:30:00,2016-01-25 15:15:00,-1,0,0.54,1.08113,1.08267,1.0772799999999996,0.0015400000000000968,1.08267,sl,-83.16000000000523,-1.0,8255.420000000026,False
historical,2016-01-26 08:45:00,2016-01-26 11:00:00,1,0,0.46,1.08587,1.08408,1.0903449999999997,0.0017899999999999583,1.08408,sl,-82.33999999999808,-1.0,8173.080000000027,False
historical,2016-01-26 09:30:00,2016-01-26 10:45:00,1,0,0.37,1.08677,1.08457,1.09227,0.0021999999999999797,1.08457,sl,-81.39999999999925,-1.0,8091.680000000028,False
historical,2016-01-27 11:00:00,2016-01-27 15:15:00,1,0,0.5,1.08666,1.08505,1.0906849999999997,0.0016099999999998893,1.0906849999999997,tp,201.24999999998616,2.5,8292.930000000013,True
historical,2016-02-03 14:45:00,2016-02-03 15:15:00,1,1,1.58,1.09293,1.09084,1.0981549999999998,0.0020899999999999253,1.09303,sl,15.799999999998262,0.04784688995214956,8308.73000000001,True
historical,2016-02-08 10:15:00,2016-02-08 13:00:00,1,2,1.38,1.11483,1.11333,1.1185800000000001,0.0015000000000000568,1.11493,sl,13.799999999998478,0.0666666666666568,8322.53000000001,True
historical,2016-02-17 15:15:00,2016-02-17 21:00:00,-1,2,1.3,1.11355,1.11515,1.10955,0.0016000000000000458,1.11515,sl,-208.00000000000597,-1.0,8114.530000000003,False
historical,2016-02-18 10:00:00,2016-02-18 16:15:00,-1,0,0.19,1.11271,1.11477,1.1075600000000003,0.0020599999999999508,1.1075600000000003,tp,97.84999999999555,2.4999999999999463,8212.38,True
historical,2016-02-23 10:30:00,2016-02-23 11:30:00,-1,1,1.84,1.10366,1.10544,1.0992100000000002,0.0017799999999998928,1.0992100000000002,tp,818.7999999999711,2.500000000000062,9031.179999999971,True
historical,2016-03-15 09:15:00,2016-03-15 09:30:00,-1,2,1.36,1.10921,1.11087,1.10506,0.0016599999999999948,1.11087,sl,-225.75999999999934,-1.0,8805.419999999971,False
historical,2016-03-15 11:30:00,2016-03-15 14:30:00,-1,0,0.44,1.10961,1.11161,1.10461,0.0020000000000000018,1.11161,sl,-88.00000000000009,-1.0,8717.419999999971,False
historical,2016-03-16 08:45:00,2016-03-16 19:45:00,-1,0,0.56,1.10877,1.1103,1.1049449999999998,0.0015300000000000313,1.10867,sl,5.599999999999384,0.06535947712417448,8723.01999999997,True
historical,2016-03-16 14:45:00,2016-03-16 20:00:00,-1,1,1.82,1.10822,1.11013,1.1034449999999998,0.0019100000000000783,1.11013,sl,-347.6200000000143,-1.0,8375.399999999956,False
historical,2016-04-11 15:30:00,2016-04-11 18:45:00,1,0,0.38,1.14054,1.13839,1.1459150000000005,0.0021500000000000963,1.14064,sl,3.7999999999995815,0.04651162790696954,8379.199999999955,True
historical,2016-04-18 15:30:00,2016-04-18 16:30:00,1,1,1.69,1.13167,1.12969,1.1366199999999997,0.0019799999999998708,1.12969,sl,-334.6199999999782,-1.0,8044.579999999977,False
historical,2016-04-26 09:15:00,2016-04-26 10:00:00,1,0,0.53,1.12719,1.12568,1.1309649999999998,0.0015099999999999003,1.12568,sl,-80.02999999999471,-1.0,7964.549999999983,False
historical,2016-04-26 15:15:00,2016-04-26 15:30:00,1,0,0.42,1.12871,1.12683,1.1334100000000005,0.0018800000000001038,1.12881,sl,4.1999999999995365,0.05319148936169332,7968.749999999983,True
historical,2016-04-27 09:30:00,2016-04-27 12:15:00,1,1,1.99,1.1305,1.1289,1.1345,0.0016000000000000458,1.1306,sl,19.89999999999781,0.06249999999999133,7988.6499999999805,True
historical,2016-04-27 15:30:00,2016-04-27 21:00:00,1,2,0.97,1.13112,1.12908,1.1362199999999993,0.0020399999999998197,1.13122,sl,9.699999999998932,0.04901960784313619,7998.349999999979,True
historical,2016-05-05 10:15:00,2016-05-05 13:00:00,-1,2,0.54,1.14747,1.14931,1.1428699999999998,0.0018400000000000638,1.1428699999999998,tp,248.40000000000865,2.5,8246.749999999987,True
historical,2016-05-09 08:45:00,2016-05-09 09:45:00,-1,2,1.3,1.13988,1.14146,1.13593,0.0015799999999999148,1.14146,sl,-205.39999999998892,-1.0,8041.3499999999985,False
historical,2016-05-09 10:15:00,2016-05-11 16:30:00,-1,0,0.36,1.13993,1.14214,1.1344050000000006,0.0022099999999998232,1.14214,sl,-79.55999999999364,-1.0,7961.7900000000045,False
historical,2016-05-17 11:45:00,2016-05-17 16:45:00,-1,0,0.45,1.1323,1.13405,1.1279250000000003,0.0017499999999999183,1.13405,sl,-78.74999999999632,-1.0,7883.040000000008,False
historical,2016-05-23 15:30:00,2016-05-23 20:00:00,-1,0,0.45,1.12019,1.12192,1.1158649999999999,0.0017300000000000093,1.12192,sl,-77.85000000000042,-1.0,7805.190000000008,False
historical,2016-05-24 10:00:00,2016-05-24 17:30:00,-1,0,0.35,1.12006,1.12225,1.1145850000000004,0.0021899999999999142,1.1145850000000004,tp,191.6249999999886,2.4999999999999494,7996.814999999996,True
historical,2016-05-24 10:30:00,2016-05-24 22:15:00,-1,1,1.41,1.11949,1.12175,1.1138400000000002,0.0022599999999999287,1.1138400000000002,tp,796.6499999999904,2.5000000000000493,8793.464999999986,True
historical,2016-06-13 15:30:00,2016-06-13 17:00:00,-1,2,1.09,1.12597,1.12798,1.1209449999999999,0.0020100000000000673,1.12798,sl,-219.09000000000736,-1.0,8574.374999999978,False
historical,2016-07-04 14:45:00,2016-07-05 10:15:00,1,0,0.45,1.11377,1.1119,1.1184449999999995,0.0018699999999998163,1.11387,sl,4.499999999999504,0.053475935828876366,8578.874999999978,True
historical,2016-07-05 09:45:00,2016-07-05 10:15:00,1,1,1.58,1.11389,1.11173,1.11929,0.0021599999999999397,1.11399,sl,15.799999999998262,0.046296296296292484,8594.674999999976,True
historical,2016-07-05 10:15:00,2016-07-05 10:15:00,1,2,1.15,1.11402,1.11216,1.1186699999999998,0.0018599999999999728,1.11412,sl,11.499999999998733,0.05376344086020993,8606.174999999974,True
historical,2016-07-13 10:15:00,2016-07-13 12:30:00,-1,2,1.07,1.10468,1.10669,1.0996550000000005,0.0020099999999998452,1.10669,sl,-215.06999999998345,-1.0,8391.10499999999,False
historical,2016-07-21 09:45:00,2016-07-21 10:15:00,1,0,0.24,1.10424,1.10252,1.1085400000000005,0.0017200000000001658,1.10252,sl,-41.28000000000398,-1.0,8349.824999999986,False
historical,2016-08-23 10:15:00,2016-08-23 13:00:00,1,0,0.44,1.13448,1.1326,1.1391799999999996,0.0018799999999998818,1.1326,sl,-82.7199999999948,-1.0,8267.104999999992,False
historical,2016-08-25 16:00:00,2016-08-25 18:45:00,1,0,0.21,1.12939,1.12748,1.1341649999999994,0.0019099999999998563,1.12748,sl,-40.10999999999698,-1.0,8226.994999999995,False
historical,2016-09-13 16:15:00,2016-09-13 17:00:00,-1,0,0.39,1.12266,1.12475,1.1174350000000002,0.0020899999999999253,1.12475,sl,-81.50999999999709,-1.0,8145.484999999998,False
historical,2016-09-14 10:30:00,2016-09-14 17:15:00,-1,0,0.41,1.12235,1.1243,1.1174749999999998,0.0019500000000001183,1.1243,sl,-79.95000000000485,-1.0,8065.534999999993,False
historical,2016-09-14 11:45:00,2016-09-14 12:30:00,-1,0,0.47,1.12155,1.12326,1.1172750000000002,0.0017099999999998783,1.12326,sl,-80.36999999999428,-1.0,7985.164999999998,False
historical,2016-09-29 15:45:00,2016-09-29 17:00:00,-1,0,0.19,1.12069,1.1227,1.115665,0.0020100000000000673,1.1227,sl,-38.190000000001284,-1.0,7946.974999999997,False
historical,2016-10-03 10:45:00,2016-10-03 17:00:00,1,0,0.41,1.12375,1.12185,1.1285,0.0019000000000000128,1.12185,sl,-77.90000000000052,-1.0,7869.074999999996,False
historical,2016-10-06 10:30:00,2016-10-06 11:00:00,-1,0,0.25,1.11867,1.12021,1.1148200000000004,0.0015399999999998748,1.12021,sl,-38.499999999996874,-1.0,7830.574999999999,False
historical,2016-10-19 14:00:00,2016-10-20 15:30:00,-1,0,0.4,1.09847,1.10038,1.0936950000000003,0.0019099999999998563,1.10038,sl,-76.39999999999425,-1.0,7754.175000000005,False
historical,2016-10-27 16:15:00,2016-10-27 17:00:00,1,0,0.25,1.09263,1.09111,1.0964299999999998,0.0015199999999999658,1.09111,sl,-37.99999999999915,-1.0,7716.175000000006,False
historical,2016-11-23 14:00:00,2016-11-23 15:30:00,-1,0,0.48,1.06221,1.06381,1.0582100000000005,0.0015999999999998238,1.0582100000000005,tp,191.99999999997885,2.5000000000000004,7908.174999999985,True
historical,2016-11-29 09:30:00,2016-11-29 10:00:00,-1,1,1.89,1.05923,1.0609,1.0550549999999999,0.0016700000000000603,1.0609,sl,-315.6300000000114,-1.0,7592.544999999974,False
historical,2016-11-29 10:00:00,2016-11-29 11:00:00,1,0,0.46,1.06033,1.05871,1.0643799999999999,0.0016199999999999548,1.05871,sl,-74.51999999999792,-1.0,7518.024999999976,False
historical,2016-11-30 10:30:00,2016-11-30 15:15:00,1,0,0.35,1.0638,1.0617,1.06905,0.0020999999999999908,1.0617,sl,-73.49999999999967,-1.0,7444.524999999976,False
historical,2016-12-07 10:45:00,2016-12-07 12:00:00,1,0,0.34,1.07311,1.07097,1.0784600000000002,0.0021400000000000308,1.07097,sl,-72.76000000000106,-1.0,7371.764999999975,False
historical,2016-12-14 14:00:00,2016-12-14 16:00:00,1,0,0.46,1.06482,1.06325,1.0687450000000003,0.0015700000000000713,1.06325,sl,-72.22000000000328,-1.0,7299.544999999972,False
historical,2016-12-19 09:00:00,2016-12-19 11:45:00,1,0,0.36,1.04755,1.04554,1.052575,0.0020100000000000673,1.04554,sl,-72.36000000000242,-1.0,7227.1849999999695,False
historical,2016-12-22 16:15:00,2016-12-22 18:00:00,1,0,0.15,1.04505,1.04268,1.050975,0.0023699999999999832,1.04515,sl,1.4999999999998348,0.042194092826999874,7228.6849999999695,True
historical,2016-12-29 11:15:00,2016-12-30 01:15:00,1,1,0.86,1.04568,1.044,1.0498799999999997,0.0016799999999999038,1.0498799999999997,tp,361.1999999999793,2.5,7589.884999999948,True
historical,2016-12-29 16:00:00,2016-12-30 01:30:00,1,2,0.44,1.04646,1.04431,1.0518349999999996,0.0021499999999998742,1.0518349999999996,tp,236.49999999998616,2.5,7826.384999999935,True
historical,2017-01-11 11:15:00,2017-01-11 14:00:00,-1,2,1.23,1.05446,1.05605,1.0504850000000001,0.0015899999999999803,1.0504850000000001,tp,488.9249999999803,2.4999999999999307,8315.309999999916,True
historical,2017-01-16 09:15:00,2017-01-17 06:00:00,-1,2,0.89,1.06079,1.06311,1.0549899999999997,0.0023200000000000998,1.06311,sl,-206.48000000000889,-1.0,8108.829999999907,False
historical,2017-01-18 10:15:00,2017-01-18 14:45:00,1,0,0.38,1.06944,1.06735,1.0746649999999998,0.0020899999999999253,1.06735,sl,-79.41999999999716,-1.0,8029.40999999991,False
historical,2017-01-26 11:45:00,2017-01-26 16:15:00,-1,0,0.23,1.0728,1.07454,1.06845,0.0017400000000000748,1.06845,tp,100.05000000000175,2.499999999999936,8129.459999999912,True
historical,2017-01-26 15:00:00,2017-01-27 16:00:00,-1,1,0.67,1.07101,1.0734299999999999,1.0649600000000004,0.0024199999999998667,1.07091,sl,6.699999999999263,0.04132231404958451,8136.159999999911,True
historical,2017-01-31 10:00:00,2017-01-31 13:45:00,1,2,1.18,1.06994,1.06823,1.0742149999999997,0.0017099999999998783,1.0742149999999997,tp,504.44999999997714,2.500000000000065,8640.609999999888,True
historical,2017-01-31 11:30:00,2017-01-31 12:00:00,-1,2,1.09,1.06937,1.07134,1.0644449999999999,0.0019700000000000273,1.07134,sl,-214.730000000003,-1.0,8425.879999999885,False
historical,2017-02-02 09:30:00,2017-02-02 18:15:00,1,0,0.21,1.07948,1.07755,1.084305,0.0019299999999999873,1.07958,sl,2.0999999999997683,0.0518134715025853,8427.979999999885,True
historical,2017-02-09 15:30:00,2017-02-10 09:45:00,-1,1,1.06,1.06815,1.06974,1.064175,0.0015899999999999803,1.064175,tp,421.349999999983,2.4999999999999303,8849.329999999867,True
historical,2017-02-20 15:00:00,2017-02-21 10:30:00,-1,2,1.17,1.06094,1.0628199999999999,1.0562400000000003,0.0018799999999998818,1.0562400000000003,tp,549.8999999999653,2.4999999999999996,9399.229999999832,True
historical,2017-02-23 10:15:00,2017-02-23 12:00:00,1,2,0.5,1.05619,1.05386,1.0620149999999997,0.0023299999999999432,1.05386,sl,-116.49999999999716,-1.0,9282.729999999836,False
historical,2017-02-27 10:00:00,2017-02-27 18:45:00,1,0,0.48,1.05812,1.0562,1.0629199999999996,0.0019199999999999218,1.0629199999999996,tp,230.39999999998525,2.499999999999942,9513.129999999821,True
historical,2017-02-28 11:15:00,2017-02-28 21:45:00,1,1,2.14,1.05916,1.05739,1.0635850000000002,0.0017700000000000493,1.05926,sl,21.399999999997643,0.05649717514123513,9534.529999999819,True
historical,2017-02-28 15:15:00,2017-02-28 20:45:00,1,2,1.57,1.05964,1.05813,1.0634149999999996,0.0015099999999999003,1.05974,sl,15.699999999998273,0.06622516556291098,9550.229999999818,True
historical,2017-03-02 11:45:00,2017-03-03 13:45:00,-1,2,0.6,1.05257,1.0545499999999999,1.0476200000000002,0.0019799999999998708,1.0545499999999999,sl,-118.79999999999224,-1.0,9431.429999999826,False
historical,2017-03-06 15:30:00,2017-03-06 18:30:00,1,0,0.53,1.06009,1.05833,1.06449,0.0017599999999999838,1.05833,sl,-93.27999999999915,-1.0,9338.149999999827,False
historical,2017-03-09 09:30:00,2017-03-09 10:00:00,-1,0,0.24,1.05266,1.05453,1.0479849999999997,0.0018700000000000383,1.05453,sl,-44.88000000000092,-1.0,9293.269999999826,False
historical,2017-03-14 10:00:00,2017-03-15 09:30:00,-1,0,0.55,1.06373,1.06539,1.05958,0.0016599999999999948,1.06363,sl,5.499999999999394,0.06024096385541523,9298.769999999826,True
historical,2017-03-22 08:45:00,2017-03-22 09:30:00,1,1,2.25,1.08099,1.07934,1.0851149999999996,0.0016499999999999293,1.07934,sl,-371.2499999999841,-1.0,8927.519999999842,False
historical,2017-03-22 15:00:00,2017-03-23 03:00:00,1,0,0.42,1.08038,1.0783,1.0855799999999995,0.0020799999999998597,1.0783,sl,-87.35999999999412,-1.0,8840.159999999849,False
historical,2017-03-28 15:30:00,2017-03-28 19:00:00,1,0,0.48,1.08647,1.08466,1.0909950000000004,0.0018100000000000893,1.08466,sl,-86.88000000000429,-1.0,8753.279999999844,False
historical,2017-04-05 14:45:00,2017-04-05 15:15:00,1,0,0.45,1.06814,1.06621,1.072965,0.0019299999999999873,1.06621,sl,-86.84999999999943,-1.0,8666.429999999846,False
historical,2017-04-06 15:30:00,2017-04-07 19:30:00,-1,0,0.22,1.06577,1.06772,1.0608950000000004,0.0019499999999998963,1.0608950000000004,tp,107.24999999999429,2.5,8773.67999999984,True
historical,2017-04-27 15:00:00,2017-04-27 15:30:00,-1,1,1.02,1.08862,1.09034,1.0843199999999995,0.0017200000000001658,1.09034,sl,-175.44000000001694,-1.0,8598.239999999823,False
historical,2017-05-08 08:45:00,2017-05-08 10:00:00,1,0,0.41,1.09894,1.09686,1.1041400000000001,0.002080000000000082,1.09686,sl,-85.28000000000335,-1.0,8512.95999999982,False
historical,2017-05-08 09:45:00,2017-05-08 10:00:00,1,0,0.55,1.09875,1.09721,1.1025999999999996,0.0015399999999998748,1.09721,sl,-84.69999999999312,-1.0,8428.259999999827,False
historical,2017-05-25 10:30:00,2017-05-25 12:30:00,1,0,0.27,1.12382,1.1223,1.1276199999999998,0.0015199999999999658,1.1223,sl,-41.039999999999075,-1.0,8387.219999999828,False
historical,2017-05-31 10:00:00,2017-05-31 16:45:00,1,0,0.42,1.11878,1.11681,1.1237050000000002,0.0019700000000000273,1.1237050000000002,tp,206.85000000000286,2.5,8594.06999999983,True
historical,2017-06-05 10:15:00,2017-06-05 13:15:00,1,1,1.93,1.12757,1.12579,1.1320199999999998,0.0017799999999998928,1.12579,sl,-343.53999999997933,-1.0,8250.529999999851,False
historical,2017-06-08 11:30:00,2017-06-08 15:30:00,-1,0,0.27,1.12515,1.12666,1.1213750000000005,0.0015099999999999003,1.1213750000000005,tp,101.92499999999028,2.4999999999999263,8352.454999999842,False
historical,2017-06-12 14:15:00,2017-06-12 16:45:00,1,1,1.83,1.12239,1.12057,1.1269399999999998,0.0018199999999999328,1.12057,sl,-333.0599999999877,-1.0,8019.394999999854,False
historical,2017-06-21 16:30:00,2017-06-21 21:15:00,-1,0,0.38,1.11336,1.11546,1.10811,0.0020999999999999908,1.11546,sl,-79.79999999999966,-1.0,7939.594999999855,False
historical,2017-07-04 08:30:00,2017-07-05 13:00:00,-1,0,0.46,1.13577,1.13749,1.1314700000000002,0.0017199999999999438,1.1314700000000002,tp,197.79999999998844,2.4999999999999356,8137.394999999843,True
historical,2017-07-05 11:30:00,2017-07-05 21:00:00,-1,1,1.89,1.13503,1.13675,1.1307300000000002,0.0017199999999999438,1.13493,sl,18.899999999997917,0.058139534883716426,8156.294999999841,True
historical,2017-07-20 10:30:00,2017-07-20 15:30:00,-1,2,0.51,1.15072,1.1527,1.1457699999999997,0.001980000000000093,1.1527,sl,-100.98000000000474,-1.0,8055.314999999836,False
historical,2017-07-26 11:00:00,2017-07-26 13:15:00,-1,0,0.45,1.16294,1.16473,1.158465,0.0017899999999999583,1.16473,sl,-80.54999999999812,-1.0,7974.7649999998375,False
historical,2017-07-26 16:45:00,2017-07-26 21:00:00,-1,0,0.33,1.16337,1.1657199999999999,1.1574950000000004,0.002349999999999852,1.1657199999999999,sl,-77.54999999999512,-1.0,7897.214999999843,False
historical,2017-07-31 09:00:00,2017-07-31 09:15:00,1,0,0.49,1.17454,1.17293,1.1785649999999996,0.0016099999999998893,1.17293,sl,-78.88999999999457,-1.0,7818.324999999848,False
historical,2017-08-03 10:00:00,2017-08-03 11:00:00,1,0,0.25,1.18509,1.18354,1.1889649999999998,0.0015499999999999403,1.18354,sl,-38.74999999999851,-1.0,7779.57499999985,False
historical,2017-08-07 15:45:00,2017-08-08 04:00:00,-1,0,0.44,1.17887,1.18062,1.1744950000000003,0.0017499999999999183,1.18062,sl,-76.9999999999964,-1.0,7702.574999999853,False
historical,2017-08-16 09:30:00,2017-08-16 10:15:00,-1,0,0.35,1.17245,1.17461,1.1670500000000001,0.0021599999999999397,1.17461,sl,-75.59999999999789,-1.0,7626.974999999856,False
historical,2017-08-22 15:45:00,2017-08-23 10:30:00,-1,0,0.38,1.1755,1.17746,1.1706,0.0019599999999999618,1.17746,sl,-74.47999999999854,-1.0,7552.494999999857,False
historical,2017-09-06 09:00:00,2017-09-07 11:45:00,1,0,0.42,1.19251,1.19072,1.1969849999999997,0.0017899999999999583,1.1969849999999997,tp,187.94999999999095,2.499999999999938,7740.444999999848,True
historical,2017-09-06 15:00:00,2017-09-06 17:15:00,1,1,2.01,1.19322,1.19168,1.1970699999999996,0.0015399999999998748,1.19168,sl,-309.5399999999748,-1.0,7430.904999999873,False
historical,2017-09-07 10:15:00,2017-09-07 15:30:00,1,0,0.16,1.19393,1.19169,1.19953,0.0022400000000000198,1.19403,sl,1.5999999999998238,0.044642857142851836,7432.504999999873,True
historical,2017-09-11 10:45:00,2017-09-11 14:30:00,1,1,1.4,1.20119,1.19908,1.2064650000000001,0.0021100000000000563,1.19908,sl,-295.4000000000079,-1.0,7137.104999999865,False
historical,2017-09-12 11:30:00,2017-09-12 17:15:00,-1,0,0.44,1.19614,1.19776,1.19209,0.0016199999999999548,1.19604,sl,4.399999999999515,0.06172839506172332,7141.504999999865,True
historical,2017-09-13 10:30:00,2017-09-13 12:45:00,1,1,1.47,1.19859,1.19665,1.20344,0.0019400000000000528,1.19665,sl,-285.18000000000774,-1.0,6856.324999999857,False
historical,2017-09-13 14:00:00,2017-09-13 16:00:00,1,0,0.4,1.19864,1.19695,1.2028649999999999,0.0016899999999999693,1.19695,sl,-67.59999999999879,-1.0,6788.7249999998585,False
historical,2017-09-18 15:30:00,2017-09-18 18:45:00,1,0,0.38,1.19574,1.19397,1.2001650000000001,0.0017700000000000493,1.19397,sl,-67.26000000000187,-1.0,6721.464999999856,False
historical,2017-09-28 16:00:00,2017-09-28 16:15:00,-1,0,0.17,1.17668,1.17863,1.1718049999999995,0.0019500000000001183,1.17863,sl,-33.15000000000202,-1.0,6688.314999999854,False
historical,2017-09-28 16:30:00,2017-10-02 03:45:00,1,0,0.15,1.17866,1.17644,1.1842100000000002,0.0022200000000001108,1.17876,sl,1.4999999999998348,0.04504504504503784,6689.814999999854,True
historical,2017-10-03 15:45:00,2017-10-03 16:15:00,-1,1,1.56,1.17382,1.17553,1.1695450000000003,0.0017099999999998783,1.17553,sl,-266.759999999981,-1.0,6423.054999999873,False
historical,2017-10-19 09:45:00,2017-10-19 11:00:00,1,0,0.19,1.18121,1.1795200000000001,1.185435,0.0016899999999999693,1.1795200000000001,sl,-32.10999999999942,-1.0,6390.944999999873,False
historical,2017-10-24 10:15:00,2017-10-24 12:00:00,-1,0,0.31,1.17461,1.17662,1.1695849999999997,0.0020100000000000673,1.17662,sl,-62.310000000002084,-1.0,6328.634999999871,False
historical,2017-10-31 10:30:00,2017-10-31 18:15:00,-1,0,0.37,1.1635,1.16521,1.1592249999999997,0.0017100000000001003,1.16521,sl,-63.27000000000371,-1.0,6265.364999999867,False
historical,2017-11-06 09:15:00,2017-11-08 01:15:00,-1,0,0.33,1.15999,1.16185,1.1553400000000003,0.0018599999999999728,1.15989,sl,3.299999999999637,0.05376344086020992,6268.664999999866,True
historical,2017-11-08 14:15:00,2017-11-09 07:30:00,-1,1,1.53,1.15881,1.16044,1.1547349999999998,0.0016300000000000203,1.16044,sl,-249.3900000000031,-1.0,6019.274999999863,False
historical,2017-11-09 16:45:00,2017-11-10 17:30:00,1,0,0.13,1.16202,1.15982,1.1675200000000001,0.0021999999999999797,1.1675200000000001,tp,71.50000000000078,2.5000000000000506,6090.774999999864,True
historical,2017-11-16 08:30:00,2017-11-16 09:30:00,1,1,0.63,1.17955,1.17763,1.1843500000000005,0.0019200000000001438,1.17763,sl,-120.96000000000906,-1.0,5969.814999999855,False
historical,2017-11-22 16:30:00,2017-11-22 21:30:00,1,0,0.26,1.17669,1.17445,1.18229,0.0022400000000000198,1.18229,tp,145.60000000000127,2.5,6115.414999999856,True
historical,2017-11-28 10:15:00,2017-11-28 12:00:00,1,1,1.24,1.19038,1.18842,1.19528,0.0019599999999999618,1.18842,sl,-243.03999999999525,-1.0,5872.374999999861,False
historical,2017-11-28 16:30:00,2017-11-28 21:15:00,-1,0,0.35,1.18844,1.1901,1.1842899999999998,0.0016599999999999948,1.1842899999999998,tp,145.25000000000344,2.500000000000067,6017.6249999998645,True
historical,2017-12-06 09:45:00,2017-12-08 03:30:00,-1,1,1.11,1.18199,1.18415,1.1765900000000002,0.0021599999999999397,1.1765900000000002,tp,599.3999999999834,2.5,6617.024999999848,True
historical,2017-12-11 10:30:00,2017-12-11 22:45:00,1,2,0.96,1.17904,1.17732,1.1833400000000005,0.0017200000000001658,1.17732,sl,-165.12000000001592,-1.0,6451.9049999998315,False
historical,2017-12-21 15:45:00,2017-12-21 16:00:00,1,0,0.19,1.18693,1.18524,1.191155,0.0016899999999999693,1.18524,sl,-32.10999999999942,-1.0,6419.794999999832,False
historical,2018-02-01 08:15:00,2018-02-01 10:00:00,-1,0,0.16,1.24092,1.24284,1.23612,0.0019199999999999218,1.24284,sl,-30.719999999998745,-1.0,6389.074999999833,False
historical,2018-02-05 14:00:00,2018-02-05 16:30:00,-1,0,0.36,1.24476,1.24651,1.2403850000000003,0.0017499999999999183,1.2403850000000003,tp,157.49999999999264,2.5,6546.574999999826,True
historical,2018-02-07 08:15:00,2018-02-07 08:45:00,-1,1,1.58,1.23774,1.23939,1.2336150000000004,0.0016499999999999293,1.23939,sl,-260.69999999998885,-1.0,6285.874999999837,False
historical,2018-02-12 14:15:00,2018-02-12 17:45:00,-1,0,0.41,1.22619,1.22772,1.222365,0.0015300000000000313,1.22772,sl,-62.73000000000128,-1.0,6223.144999999836,False
historical,2018-02-26 09:45:00,2018-02-26 15:45:00,1,0,0.33,1.2332,1.23134,1.23785,0.0018599999999999728,1.23134,sl,-61.37999999999911,-1.0,6161.764999999837,False
historical,2018-02-27 08:30:00,2018-02-27 13:30:00,1,0,0.41,1.23329,1.23179,1.2370400000000001,0.0015000000000000568,1.23179,sl,-61.50000000000233,-1.0,6100.264999999834,False
historical,2018-03-06 10:30:00,2018-03-06 13:30:00,1,0,0.35,1.23434,1.2326,1.23869,0.0017400000000000748,1.23869,tp,152.25000000000264,2.499999999999936,6252.514999999837,True
historical,2018-03-08 09:45:00,2018-03-08 10:45:00,1,1,0.63,1.24116,1.23919,1.246085,0.0019700000000000273,1.23919,sl,-124.1100000000017,-1.0,6128.404999999835,False
historical,2018-03-13 11:00:00,2018-03-13 14:30:00,1,0,0.38,1.23338,1.2318,1.2373299999999996,0.0015799999999999148,1.23348,sl,3.7999999999995815,0.06329113924050277,6132.204999999834,True
historical,2018-04-03 15:45:00,2018-04-05 15:30:00,-1,1,1.07,1.2294,1.23169,1.2236750000000003,0.0022899999999999032,1.2236750000000003,tp,612.5749999999741,2.5,6744.779999999809,False
historical,2018-04-04 15:15:00,2018-04-04 15:45:00,-1,2,1.06,1.22759,1.22918,1.2236150000000001,0.0015899999999999803,1.22918,sl,-168.53999999999792,-1.0,6576.239999999811,False
historical,2018-04-09 14:45:00,2018-04-09 16:00:00,1,0,0.42,1.22794,1.2264,1.2317900000000002,0.0015400000000000968,1.2317900000000002,tp,161.7000000000055,2.4999999999999276,6737.939999999816,True
historical,2018-04-10 09:45:00,2018-04-10 14:30:00,1,1,1.69,1.23166,1.23007,1.2356349999999998,0.0015899999999999803,1.2356349999999998,tp,671.7749999999729,2.4999999999999303,7409.714999999789,True
historical,2018-04-18 11:15:00,2018-04-18 12:00:00,1,2,1.07,1.23698,1.23525,1.241305,0.0017300000000000093,1.23525,sl,-185.110000000001,-1.0,7224.604999999789,False
historical,2018-05-03 10:15:00,2018-05-03 10:15:00,-1,0,0.15,1.19704,1.19936,1.1912400000000005,0.0023199999999998777,1.19936,sl,-34.799999999998164,-1.0,7189.80499999979,False
historical,2018-05-08 10:00:00,2018-05-08 12:30:00,-1,0,0.41,1.19179,1.19351,1.1874899999999995,0.0017200000000001658,1.1874899999999995,tp,176.30000000001698,2.4999999999999996,7366.104999999807,True
historical,2018-05-10 10:15:00,2018-05-10 12:15:00,-1,1,0.7,1.18604,1.18812,1.18084,0.002080000000000082,1.18812,sl,-145.6000000000057,-1.0,7220.504999999801,False
historical,2018-05-10 11:00:00,2018-05-10 11:45:00,-1,0,0.23,1.18594,1.18746,1.18214,0.0015199999999999658,1.18746,sl,-34.95999999999922,-1.0,7185.544999999802,False
historical,2018-05-15 11:00:00,2018-05-15 14:15:00,-1,0,0.44,1.19231,1.19391,1.18831,0.0016000000000000458,1.18831,tp,176.00000000000017,2.499999999999931,7361.544999999802,True
historical,2018-05-17 09:15:00,2018-05-18 16:00:00,-1,1,0.65,1.18149,1.18374,1.1758649999999997,0.0022500000000000853,1.1758649999999997,tp,365.62500000001387,2.5,7727.169999999815,True
historical,2018-06-05 10:00:00,2018-06-05 13:45:00,1,2,0.92,1.17039,1.16831,1.1755900000000001,0.002080000000000082,1.16831,sl,-191.36000000000755,-1.0,7535.809999999808,False
historical,2018-06-12 15:00:00,2018-06-12 19:45:00,1,0,0.39,1.17933,1.17741,1.1841299999999997,0.0019199999999999218,1.17741,sl,-74.87999999999695,-1.0,7460.92999999981,False
historical,2018-06-12 15:45:00,2018-06-12 20:00:00,1,0,0.36,1.17934,1.17729,1.1844650000000003,0.0020500000000001073,1.17729,sl,-73.80000000000386,-1.0,7387.129999999806,False
historical,2018-06-13 09:15:00,2018-06-13 12:45:00,-1,0,0.48,1.17397,1.17548,1.1701949999999997,0.0015100000000001224,1.17548,sl,-72.48000000000587,-1.0,7314.6499999998005,False
historical,2018-06-20 10:00:00,2018-06-20 10:45:00,-1,0,0.37,1.15667,1.15862,1.1517950000000003,0.0019499999999998963,1.15862,sl,-72.14999999999617,-1.0,7242.4999999998045,False
historical,2018-06-21 11:15:00,2018-06-21 12:00:00,-1,0,0.23,1.15541,1.15697,1.15151,0.0015600000000000058,1.15151,tp,89.70000000000034,2.5,7332.199999999805,True
historical,2018-06-27 08:15:00,2018-06-27 09:00:00,-1,1,1.55,1.16401,1.1659,1.1592850000000001,0.0018899999999999473,1.1659,sl,-292.9499999999918,-1.0,7039.249999999814,False
historical,2018-06-27 10:45:00,2018-06-27 15:45:00,-1,0,0.35,1.16544,1.16741,1.160515,0.0019700000000000273,1.160515,tp,172.37500000000236,2.4999999999999996,7211.624999999816,True
historical,2018-07-05 08:30:00,2018-07-05 09:30:00,1,1,0.89,1.16641,1.16479,1.1704599999999998,0.0016199999999999548,1.1704599999999998,tp,360.4499999999899,2.5,7572.074999999806,True
historical,2018-07-10 09:45:00,2018-07-10 11:30:00,1,2,1.14,1.17463,1.17297,1.1787800000000002,0.0016599999999999948,1.17297,sl,-189.23999999999938,-1.0,7382.834999999806,False
historical,2018-07-10 11:45:00,2018-07-11 15:45:00,-1,0,0.3,1.17264,1.17505,1.1666149999999997,0.0024100000000000232,1.17505,sl,-72.3000000000007,-1.0,7310.534999999805,False
historical,2018-07-24 11:30:00,2018-07-24 13:00:00,-1,0,0.38,1.16796,1.16988,1.1631600000000004,0.0019199999999999218,1.16988,sl,-72.95999999999702,-1.0,7237.574999999808,False
historical,2018-07-24 16:45:00,2018-07-24 18:45:00,1,0,0.41,1.1705,1.16876,1.1748500000000002,0.0017400000000000748,1.16876,sl,-71.34000000000307,-1.0,7166.234999999805,False
historical,2018-07-25 16:00:00,2018-07-25 17:30:00,1,0,0.46,1.16988,1.16834,1.1737300000000004,0.0015400000000000968,1.16834,sl,-70.84000000000445,-1.0,7095.3949999998,False
historical,2018-07-25 16:15:00,2018-07-25 17:30:00,1,0,0.34,1.17075,1.16867,1.1759499999999996,0.0020799999999998597,1.16867,sl,-70.71999999999524,-1.0,7024.674999999806,False
historical,2018-08-01 16:45:00,2018-08-02 09:15:00,-1,0,0.46,1.16783,1.16935,1.16403,0.0015199999999999658,1.16403,tp,174.8000000000012,2.5000000000000733,7199.474999999807,True
historical,2018-08-16 11:30:00,2018-08-16 20:45:00,1,1,0.63,1.13774,1.13548,1.1433899999999997,0.0022599999999999287,1.13548,sl,-142.3799999999955,-1.0,7057.094999999811,False
historical,2018-08-16 11:45:00,2018-08-16 13:45:00,1,0,0.15,1.13859,1.1363400000000001,1.1442149999999995,0.0022499999999998632,1.1363400000000001,sl,-33.74999999999795,-1.0,7023.344999999813,False
historical,2018-08-20 14:15:00,2018-08-20 23:00:00,1,0,0.28,1.1417,1.1392,1.1479499999999998,0.0024999999999999467,1.1479499999999998,tp,174.9999999999963,2.5000000000000004,7198.344999999809,True
historical,2018-09-04 09:15:00,2018-09-04 16:00:00,-1,1,1.57,1.15943,1.16126,1.154855,0.0018299999999999983,1.154855,tp,718.2749999999994,2.5000000000000004,7916.619999999809,True
historical,2018-09-05 09:15:00,2018-09-05 10:15:00,-1,2,1.3,1.15819,1.15971,1.1543900000000002,0.0015199999999999658,1.1543900000000002,tp,493.9999999999745,2.499999999999927,8410.619999999783,False
historical,2018-09-06 10:30:00,2018-09-06 18:00:00,1,2,0.47,1.16335,1.16114,1.1688750000000003,0.0022100000000000453,1.16114,sl,-103.87000000000212,-1.0,8306.74999999978,False
historical,2018-09-06 11:15:00,2018-09-06 18:00:00,1,0,0.19,1.1637,1.16156,1.16905,0.0021400000000000308,1.16156,sl,-40.660000000000586,-1.0,8266.08999999978,False
historical,2018-09-12 11:45:00,2018-09-12 17:00:00,-1,0,0.35,1.15831,1.16064,1.152485,0.0023299999999999432,1.16064,sl,-81.54999999999801,-1.0,8184.539999999782,False
historical,2018-09-12 14:00:00,2018-09-12 15:45:00,-1,0,0.49,1.15804,1.1596899999999999,1.153915,0.0016499999999999293,1.1596899999999999,sl,-80.84999999999654,-1.0,8103.689999999785,False
historical,2018-09-25 11:45:00,2018-09-26 15:15:00,1,0,0.32,1.17558,1.17311,1.1817549999999999,0.0024699999999999722,1.17311,sl,-79.03999999999911,-1.0,8024.649999999786,False
historical,2018-10-10 14:00:00,2018-10-11 04:45:00,1,0,0.46,1.15024,1.14853,1.1545149999999995,0.0017099999999998783,1.1545149999999995,tp,196.6499999999809,2.4999999999999347,8221.299999999766,True
historical,2018-10-10 16:00:00,2018-10-10 18:45:00,1,1,2.02,1.15019,1.14857,1.15424,0.0016199999999999548,1.15424,tp,818.0999999999772,2.4999999999999996,9039.399999999743,True
historical,2018-10-16 10:30:00,2018-10-16 12:15:00,1,2,0.97,1.15909,1.15678,1.164865,0.0023100000000000342,1.15678,sl,-224.0700000000033,-1.0,8815.32999999974,False
historical,2018-10-18 15:15:00,2018-10-18 20:15:00,-1,0,0.26,1.15042,1.15208,1.14627,0.0016599999999999948,1.14627,tp,107.90000000000255,2.5000000000000666,8923.229999999743,True
historical,2018-10-25 16:15:00,2018-10-26 12:45:00,-1,1,0.75,1.14105,1.1434199999999999,1.135125,0.0023699999999999832,1.135125,tp,444.3749999999969,2.5,9367.60499999974,True
historical,2018-10-31 11:30:00,2018-10-31 17:30:00,-1,2,1.36,1.13446,1.13618,1.13016,0.0017199999999999438,1.13436,sl,13.599999999998504,0.05813953488371643,9381.204999999738,True
historical,2018-10-31 11:45:00,2018-11-01 09:00:00,-1,2,0.94,1.13323,1.13572,1.1270049999999996,0.0024900000000001032,1.13572,sl,-234.06000000000972,-1.0,9147.144999999728,False
historical,2018-11-08 09:15:00,2018-11-08 10:00:00,-1,0,0.21,1.14158,1.1436899999999999,1.1363050000000006,0.0021099999999998342,1.1436899999999999,sl,-44.30999999999652,-1.0,9102.834999999732,False
historical,2018-11-08 11:00:00,2018-11-08 17:15:00,-1,0,0.27,1.14295,1.14463,1.1387499999999995,0.0016800000000001258,1.14463,sl,-45.3600000000034,-1.0,9057.474999999728,False
historical,2018-11-21 11:45:00,2018-11-21 13:15:00,-1,0,0.36,1.13826,1.14073,1.132085,0.0024699999999999722,1.14073,sl,-88.91999999999899,-1.0,8968.55499999973,False
historical,2018-11-26 15:00:00,2018-11-26 15:30:00,-1,0,0.59,1.13561,1.13712,1.1318350000000001,0.0015099999999999003,1.13712,sl,-89.08999999999412,-1.0,8879.464999999735,False
historical,2018-12-13 15:30:00,2018-12-13 15:30:00,1,0,0.18,1.13805,1.1357,1.1439250000000003,0.0023500000000000743,1.1357,sl,-42.30000000000134,-1.0,8837.164999999733,False
historical,2018-12-18 10:00:00,2018-12-18 18:00:00,1,0,0.43,1.13575,1.1337300000000001,1.1407999999999998,0.0020199999999999108,1.13585,sl,4.299999999999526,0.04950495049504624,8841.464999999733,True
historical,2018-12-27 09:45:00,2018-12-27 10:15:00,-1,1,1.11,1.13748,1.13907,1.133505,0.0015899999999999803,1.13907,sl,-176.48999999999782,-1.0,8664.974999999735,False
historical,2018-12-31 10:00:00,2018-12-31 22:45:00,1,0,0.41,1.14426,1.14219,1.149435,0.0020700000000000163,1.14596,eod,69.70000000000142,0.8212560386473534,8734.674999999736,False
historical,2018-12-31 15:00:00,2018-12-31 16:30:00,1,1,1.67,1.14568,1.1436,1.1508800000000003,0.002080000000000082,1.1436,sl,-347.36000000001366,-1.0,8387.314999999722,False
realistic,2010-01-19 09:15:00,2010-01-19 11:00:00,-1,0,0.5,1.4392900000000002,1.44128,1.4343850000000007,0.0019699999999998052,1.4343850000000007,tp,241.74999999997465,2.454314720812168,10241.749999999975,True
realistic,2010-02-16 11:30:00,2010-02-16 13:30:00,1,1,1.7,1.3660999999999999,1.36368,1.37208,0.0023999999999999577,1.36366,sl,-426.6999999999618,-1.0458333333332581,9815.050000000012,False
realistic,2010-03-10 08:00:00,2010-03-10 12:30:00,-1,0,0.45,1.3582400000000001,1.3604,1.35291,0.0021400000000000308,1.36042,sl,-101.24999999999321,-1.0514018691587927,9713.80000000002,False
realistic,2010-03-11 09:30:00,2010-03-11 14:30:00,1,0,0.24,1.3643399999999999,1.36232,1.36932,0.0020000000000000018,1.36442,sl,0.24000000000192,0.005000000000039996,9714.04000000002,True
realistic,2010-03-16 08:00:00,2010-03-16 11:00:00,-1,1,2.18,1.36829,1.37009,1.3638599999999996,0.0017800000000001148,1.37011,sl,-412.0199999999853,-1.0617977528088822,9302.020000000035,False
realistic,2010-04-05 08:00:00,2010-04-05 15:00:00,-1,0,0.47,1.3499,1.35186,1.3450699999999998,0.0019400000000000528,1.34982,sl,0.47000000000375985,0.0051546391752988275,9302.490000000038,True
realistic,2010-09-01 10:00:00,2010-09-01 11:15:00,1,1,1.69,1.27209,1.26987,1.2775699999999999,0.0021999999999999797,1.2775699999999999,tp,914.289999999988,2.4590909090908997,10216.780000000026,True
realistic,2010-09-06 15:00:00,2010-09-07 01:00:00,1,2,1.21,1.28858,1.28646,1.2938100000000006,0.002100000000000213,1.28644,sl,-267.4100000000037,-1.0523809523808605,9949.370000000023,False
realistic,2010-09-20 08:45:00,2010-09-20 13:45:00,1,0,0.47,1.30863,1.3065,1.3138850000000002,0.0021100000000000563,1.30871,sl,0.47000000000375985,0.004739336492928783,9949.840000000026,True
realistic,2010-12-22 09:00:00,2010-12-22 09:00:00,-1,1,2.22,1.3127600000000001,1.31457,1.3083050000000003,0.0017899999999999583,1.31459,sl,-421.7999999999504,-1.0614525139663802,9528.040000000075,False
realistic,2010-12-27 15:00:00,2010-12-27 19:00:00,1,0,0.4,1.31522,1.31285,1.3210750000000004,0.0023500000000000743,1.3128300000000002,sl,-98.39999999999569,-1.0468085106382188,9429.64000000008,False
realistic,2011-03-08 08:30:00,2011-03-08 08:30:00,1,0,0.43,1.3983899999999998,1.39622,1.4037449999999996,0.0021499999999998742,1.3962,sl,-97.17999999998676,-1.0511627906975927,9332.460000000092,False
realistic,2011-03-23 10:15:00,2011-03-23 11:15:00,-1,0,0.41,1.41751,1.4198,1.411855,0.0022699999999999942,1.4198199999999999,sl,-97.5799999999923,-1.0484581497796555,9234.8800000001,False
realistic,2011-04-05 08:15:00,2011-04-05 15:00:00,-1,0,0.6,1.4192900000000002,1.42083,1.4155100000000003,0.0015199999999999658,1.4155100000000003,tp,222.59999999999368,2.4407894736841964,9457.480000000092,True
realistic,2011-12-08 08:15:00,2011-12-08 10:00:00,1,1,1.03,1.3418499999999998,1.34001,1.3463799999999997,0.0018199999999999328,1.33999,sl,-198.78999999997433,-1.0604395604394627,9258.690000000119,False
realistic,2011-12-19 08:45:00,2011-12-19 09:00:00,-1,0,0.47,1.3006600000000001,1.30264,1.2957800000000002,0.0019599999999999618,1.30266,sl,-97.28999999998965,-1.0561224489795,9161.400000000129,False
realistic,2012-03-07 08:00:00,2012-03-07 11:15:00,-1,0,0.58,1.31389,1.31547,1.31001,0.0015600000000000058,1.3154899999999998,sl,-96.85999999998978,-1.0705128205127037,9064.54000000014,False
realistic,2012-03-08 09:00:00,2012-03-08 10:30:00,1,0,0.28,1.31794,1.31631,1.3219449999999997,0.0016099999999998893,1.3219449999999997,tp,110.1799999999948,2.44409937888204,9174.720000000134,True
realistic,2012-03-08 10:15:00,2012-03-08 13:15:00,1,1,0.73,1.31888,1.31637,1.3250850000000005,0.0024900000000001032,1.3250850000000005,tp,447.8550000000336,2.46385542168683,9622.575000000168,True
realistic,2012-03-29 08:15:00,2012-03-29 11:00:00,1,2,0.56,1.33289,1.33074,1.3381949999999998,0.0021299999999999653,1.3307200000000001,sl,-125.43999999998786,-1.0516431924881782,9497.13500000018,False
realistic,2012-04-03 08:15:00,2012-04-03 13:15:00,1,0,0.46,1.33474,1.33269,1.3397950000000005,0.0020300000000001983,1.33267,sl,-98.44000000000075,-1.0541871921181316,9398.69500000018,False
realistic,2012-04-03 11:15:00,2012-04-03 13:00:00,1,0,0.5,1.33481,1.33292,1.3394650000000001,0.0018700000000000383,1.3329000000000002,sl,-98.99999999999281,-1.0588235294116661,9299.695000000187,False
realistic,2012-04-09 15:15:00,2012-04-09 16:15:00,-1,0,0.46,1.3056100000000002,1.30761,1.3006800000000003,0.0019799999999998708,1.3076299999999998,sl,-96.13999999998568,-1.0555555555554672,9203.555000000202,False
realistic,2012-04-17 09:15:00,2012-04-17 11:00:00,1,0,0.4,1.31108,1.3087900000000001,1.316735,0.0022699999999999942,1.316735,tp,223.3999999999986,2.4603524229074796,9426.9550000002,True
realistic,2012-04-18 14:45:00,2012-04-18 15:45:00,-1,1,1.84,1.3080200000000002,1.31008,1.3029400000000004,0.0020399999999998197,1.3100999999999998,sl,-395.59999999993335,-1.0539215686273666,9031.355000000267,False
realistic,2012-04-19 11:30:00,2012-04-19 12:15:00,1,0,0.23,1.31396,1.31203,1.3187150000000003,0.0019100000000000783,1.3120100000000001,sl,-46.45999999999761,-1.0575916230365514,8984.89500000027,False
realistic,2012-04-26 15:30:00,2012-04-26 23:00:00,1,0,0.2,1.32189,1.31963,1.3274700000000001,0.0022400000000000198,1.32197,sl,0.2000000000016,0.0044642857143213895,8985.09500000027,True
realistic,2012-05-01 08:15:00,2012-05-01 16:00:00,1,1,2.13,1.32548,1.32378,1.3296600000000005,0.0016800000000001258,1.32556,sl,2.1300000000170414,0.00595238095242813,8987.225000000288,True
realistic,2012-05-10 10:15:00,2012-05-10 15:00:00,-1,2,0.46,1.29444,1.29688,1.2884099999999998,0.0024200000000000887,1.2969,sl,-116.3799999999957,-1.0454545454544684,8870.845000000292,False
realistic,2012-05-17 08:45:00,2012-05-17 13:15:00,-1,0,0.2,1.27262,1.2748,1.2672400000000001,0.0021599999999999397,1.2672400000000001,tp,106.19999999999881,2.4583333333333743,8977.045000000291,False
realistic,2012-05-22 09:15:00,2012-05-22 10:30:00,1,1,2.24,1.27969,1.27807,1.2836700000000003,0.0016000000000000458,1.2780500000000001,sl,-383.0399999999695,-1.0687499999998842,8594.005000000321,False
realistic,2012-05-29 11:45:00,2012-05-29 17:45:00,-1,0,0.36,1.2539900000000002,1.25635,1.24816,0.0023400000000000087,1.24816,tp,207.36000000000806,2.4615384615385483,8801.365000000329,True
realistic,2012-06-19 08:30:00,2012-06-19 09:15:00,-1,1,1.79,1.2595800000000001,1.26156,1.2547000000000001,0.0019599999999999618,1.26158,sl,-370.5299999999605,-1.0561224489795,8430.835000000368,False
realistic,2012-06-26 09:00:00,2012-06-26 09:30:00,-1,0,0.36,1.25008,1.2524,1.24435,0.0022999999999999687,1.2524199999999999,sl,-86.75999999999232,-1.0478260869564433,8344.075000000375,False
realistic,2012-06-27 08:45:00,2012-06-27 17:15:00,-1,0,0.53,1.24878,1.25035,1.2449249999999994,0.0015500000000001624,1.2449249999999994,tp,200.60500000003222,2.441935483871104,8544.680000000408,True
realistic,2012-06-27 14:15:00,2012-06-28 05:15:00,-1,1,2.01,1.2478600000000002,1.24958,1.2436300000000005,0.0016999999999998128,1.2495999999999998,sl,-363.80999999992576,-1.0647058823528412,8180.870000000482,False
realistic,2012-07-11 10:15:00,2012-07-11 10:30:00,-1,0,0.52,1.22618,1.22776,1.2223,0.0015600000000000058,1.2277799999999999,sl,-86.83999999999085,-1.0705128205127037,8094.030000000491,False
realistic,2012-07-16 09:30:00,2012-07-16 10:45:00,1,0,0.43,1.22378,1.22188,1.2284600000000006,0.0018800000000001038,1.2218600000000002,sl,-85.56999999999664,-1.0585106382977723,8008.460000000494,False
realistic,2012-07-18 09:15:00,2012-07-18 10:00:00,1,0,0.47,1.22923,1.22754,1.2333850000000002,0.0016700000000000603,1.2275200000000002,sl,-83.65999999999428,-1.0658682634729426,7924.8000000004995,False
realistic,2012-07-31 09:45:00,2012-07-31 10:00:00,1,0,0.38,1.22786,1.22579,1.2329650000000003,0.0020500000000001073,1.22577,sl,-82.07999999999716,-1.0536585365852742,7842.720000000502,False
realistic,2012-07-31 11:00:00,2012-07-31 11:45:00,-1,0,0.38,1.2256900000000002,1.22777,1.2205600000000003,0.0020599999999999508,1.22779,sl,-82.45999999999121,-1.0533980582523401,7760.260000000511,False
realistic,2012-08-08 11:30:00,2012-08-09 12:00:00,-1,0,0.34,1.23709,1.23933,1.2315599999999995,0.0022200000000001108,1.2315599999999995,tp,185.6400000000163,2.4594594594595525,7945.900000000528,False
realistic,2012-08-09 09:15:00,2012-08-09 13:15:00,-1,1,0.64,1.23618,1.2386599999999999,1.2300500000000003,0.0024599999999999067,1.2300500000000003,tp,387.8399999999838,2.4634146341463317,8333.740000000511,True
realistic,2012-08-13 09:45:00,2012-08-13 11:00:00,-1,2,1.1,1.22774,1.22964,1.2230599999999998,0.0018800000000001038,1.22966,sl,-218.89999999999142,-1.0585106382977723,8114.8400000005195,False
realistic,2012-08-15 10:00:00,2012-08-15 16:00:00,-1,0,0.38,1.23214,1.23425,1.2269349999999997,0.0020900000000001473,1.2269349999999997,tp,195.1300000000132,2.456937799043055,8309.970000000532,True
realistic,2012-08-15 11:45:00,2012-08-15 12:15:00,-1,1,1.99,1.23234,1.23403,1.2281849999999999,0.0016700000000000603,1.2281849999999999,tp,812.9150000000261,2.4461077844311276,9122.885000000559,True
realistic,2012-08-20 08:15:00,2012-08-20 12:00:00,1,2,1.05,1.23491,1.23272,1.240315,0.0021700000000000053,1.2327000000000001,sl,-239.39999999998145,-1.050691244239547,8883.485000000577,False
realistic,2012-08-28 08:15:00,2012-08-28 09:45:00,-1,0,0.54,1.24793,1.24957,1.2438999999999996,0.0016200000000001769,1.24959,sl,-93.41999999999973,-1.0679012345677816,8790.065000000577,False
realistic,2012-08-30 10:00:00,2012-08-30 16:15:00,1,0,0.27,1.25514,1.2535,1.25917,0.0016199999999999548,1.2534800000000001,sl,-46.70999999999387,-1.067901234567791,8743.355000000583,False
realistic,2012-09-03 09:15:00,2012-09-04 14:00:00,1,0,0.44,1.25808,1.25609,1.262985000000001,0.0019700000000002493,1.2581600000000002,sl,0.44000000000352024,0.005076142132019665,8743.795000000588,True
realistic,2012-10-02 08:30:00,2012-10-02 08:45:00,1,1,2.06,1.29138,1.28967,1.295585,0.0016899999999999693,1.2896500000000002,sl,-370.7999999999562,-1.065088757396343,8372.995000000632,False
realistic,2012-10-03 08:15:00,2012-10-03 09:30:00,-1,0,0.43,1.28865,1.29059,1.2838700000000003,0.0019199999999999218,1.2906099999999998,sl,-87.28999999998882,-1.0572916666665744,8285.705000000644,False
realistic,2012-10-03 09:15:00,2012-10-03 09:15:00,-1,0,0.43,1.2881200000000002,1.29005,1.2833650000000003,0.0019099999999998563,1.2900699999999998,sl,-86.85999999998599,-1.0575916230365583,8198.845000000658,False
realistic,2012-10-11 08:00:00,2012-10-11 10:00:00,-1,0,0.19,1.28579,1.28788,1.2806349999999997,0.0020700000000000163,1.2878999999999998,sl,-41.41999999999685,-1.053140096618269,8157.425000000661,False
realistic,2012-10-15 08:15:00,2012-10-15 08:45:00,-1,0,0.48,1.2900500000000001,1.2917399999999999,1.2858950000000005,0.0016699999999998383,1.2917599999999998,sl,-85.4399999999835,-1.0658682634729513,8071.985000000678,False
realistic,2012-10-18 10:45:00,2012-10-18 16:15:00,1,0,0.19,1.31041,1.30827,1.3156900000000005,0.002120000000000122,1.3082500000000001,sl,-42.36999999999885,-1.0518867924527413,8029.615000000679,False
realistic,2012-10-18 11:15:00,2012-10-18 16:00:00,1,0,0.21,1.3108899999999999,1.30901,1.3155199999999998,0.0018599999999999728,1.30899,sl,-41.3699999999956,-1.0591397849461395,7988.245000000684,False
realistic,2012-10-22 09:15:00,2012-10-22 11:30:00,-1,0,0.35,1.30394,1.30619,1.2983850000000001,0.0022299999999999542,1.3062099999999999,sl,-81.89999999999203,-1.0493273542600092,7906.3450000006915,False
realistic,2012-10-25 11:30:00,2012-10-25 12:45:00,1,0,0.2,1.30155,1.2996,1.306355,0.0019299999999999873,1.2995800000000002,sl,-40.7999999999961,-1.0569948186527558,7865.545000000695,False
realistic,2012-10-31 08:45:00,2012-10-31 12:15:00,1,0,0.37,1.29651,1.29438,1.3017650000000003,0.0021100000000000563,1.3017650000000003,tp,191.84500000000858,2.4573459715640253,8057.390000000703,True
realistic,2012-11-01 08:15:00,2012-11-01 13:30:00,-1,1,0.82,1.29465,1.2966199999999999,1.2897950000000002,0.0019499999999998963,1.2966399999999998,sl,-168.91999999997657,-1.056410256410166,7888.470000000727,False
realistic,2012-11-06 16:15:00,2012-11-06 17:30:00,-1,0,0.5,1.27993,1.28151,1.27605,0.0015600000000000058,1.2815299999999998,sl,-83.49999999999119,-1.0705128205127037,7804.970000000736,False
realistic,2012-11-14 08:45:00,2012-11-14 20:00:00,1,0,0.4,1.2722499999999999,1.27029,1.2770800000000002,0.0019400000000000528,1.2770800000000002,tp,190.40000000001336,2.453608247422786,7995.370000000749,True
realistic,2012-11-14 14:30:00,2012-11-15 01:30:00,1,1,1.34,1.27459,1.27219,1.28052,0.0023800000000000487,1.27217,sl,-333.6599999999821,-1.0462184873948803,7661.710000000767,False
realistic,2012-11-20 11:15:00,2012-11-20 15:30:00,1,0,0.43,1.28066,1.27888,1.28504,0.0017599999999999838,1.27886,sl,-80.40999999999148,-1.0624999999998974,7581.300000000775,False
realistic,2012-11-28 10:30:00,2012-11-28 18:30:00,-1,0,0.36,1.2918,1.29392,1.28657,0.0020999999999999908,1.2939399999999999,sl,-79.55999999999311,-1.0523809523808658,7501.740000000782,False
realistic,2012-11-29 09:00:00,2012-11-29 16:30:00,1,0,0.16,1.29644,1.29409,1.3022450000000005,0.0023300000000001653,1.2965200000000001,sl,0.16000000000128,0.004291845493596263,7501.900000000784,True
realistic,2012-12-11 10:30:00,2012-12-12 10:15:00,1,1,1.32,1.29595,1.29366,1.301605,0.0022699999999999942,1.301605,tp,737.2199999999955,2.46035242290748,8239.12000000078,True
realistic,2012-12-26 15:15:00,2012-12-26 15:45:00,1,2,1.34,1.32081,1.31926,1.324615,0.0015300000000000313,1.324615,tp,500.49000000000785,2.4411764705882235,8739.610000000786,True
realistic,2013-01-09 10:30:00,2013-01-09 17:45:00,-1,2,1.23,1.30794,1.30973,1.3035349999999999,0.0017700000000000493,1.30786,sl,1.2300000000098414,0.005649717514169341,8740.840000000797,True
realistic,2013-01-09 11:00:00,2013-01-10 10:45:00,-1,2,0.95,1.30674,1.30904,1.3010599999999997,0.0022800000000000598,1.30906,sl,-227.04999999998836,-1.0482456140350065,8513.790000000809,False
realistic,2013-01-21 08:45:00,2013-01-22 05:00:00,-1,0,0.53,1.3317400000000001,1.33335,1.327785,0.0015899999999999803,1.33337,sl,-90.09999999998931,-1.0691823899369932,8423.690000000819,False
realistic,2013-01-21 09:45:00,2013-01-21 10:30:00,-1,0,0.5,1.33129,1.33298,1.3271349999999997,0.0016700000000000603,1.333,sl,-88.99999999999392,-1.0658682634729426,8334.690000000825,False
realistic,2013-01-23 15:45:00,2013-01-23 16:15:00,1,0,0.34,1.33385,1.33139,1.33993,0.0024399999999999977,1.3313700000000002,sl,-86.69999999999374,-1.0450819672130403,8247.990000000831,False
realistic,2013-01-29 09:45:00,2013-01-29 11:45:00,1,0,0.36,1.3454499999999998,1.34319,1.3510299999999993,0.0022399999999997977,1.3431700000000002,sl,-84.59999999998617,-1.0491071428570662,8163.390000000845,False
realistic,2013-02-12 08:45:00,2013-02-12 10:00:00,-1,0,0.37,1.33731,1.3395299999999999,1.33183,0.0021999999999999797,1.3395499999999998,sl,-85.46999999999252,-1.0499999999999179,8077.920000000853,False
realistic,2013-02-18 08:15:00,2013-02-18 10:15:00,-1,0,0.44,1.3336400000000002,1.33549,1.329085,0.0018299999999999983,1.33551,sl,-85.35999999999191,-1.060109289617387,7992.560000000862,False
realistic,2013-02-19 11:00:00,2013-02-19 11:00:00,-1,0,0.46,1.3342500000000002,1.336,1.329945,0.0017300000000000093,1.33602,sl,-84.63999999999206,-1.0635838150287962,7907.92000000087,False
realistic,2013-03-05 09:00:00,2013-03-05 11:30:00,1,0,0.34,1.3047199999999999,1.3024,1.31045,0.0022999999999999687,1.30238,sl,-81.93999999999275,-1.0478260869564433,7825.980000000877,False
realistic,2013-03-11 09:30:00,2013-03-11 18:00:00,-1,0,0.48,1.3003500000000001,1.30199,1.2963200000000001,0.0016199999999999548,1.30201,sl,-83.03999999998909,-1.0679012345677907,7742.940000000888,False
realistic,2013-03-28 09:45:00,2013-03-28 12:30:00,-1,0,0.18,1.27895,1.28103,1.2738200000000002,0.0020599999999999508,1.2810499999999998,sl,-39.05999999999583,-1.0533980582523401,7703.880000000892,False
realistic,2013-04-03 14:00:00,2013-04-04 07:00:00,1,0,0.33,1.2829199999999998,1.28061,1.2886249999999997,0.0022899999999999032,1.283,sl,0.3300000000026406,0.004366812227109363,7704.210000000895,True
realistic,2013-04-15 10:00:00,2013-04-15 14:15:00,-1,1,1.51,1.3074000000000001,1.30946,1.30232,0.0020400000000000418,1.30948,sl,-324.64999999997883,-1.0539215686273609,7379.560000000916,False
realistic,2013-04-22 08:15:00,2013-04-22 09:00:00,-1,0,0.43,1.30573,1.3074299999999999,1.3015500000000002,0.0016799999999999038,1.3074499999999998,sl,-76.96999999998805,-1.065476190476086,7302.590000000928,False
realistic,2013-04-22 09:30:00,2013-04-23 09:00:00,-1,0,0.33,1.30552,1.30774,1.30004,0.0021999999999999797,1.3077599999999998,sl,-76.22999999999332,-1.0499999999999177,7226.360000000935,False
realistic,2013-04-24 14:30:00,2013-04-24 19:00:00,-1,0,0.33,1.29955,1.3017,1.2942449999999994,0.0021300000000001873,1.30172,sl,-73.92000000000017,-1.0516431924881728,7152.440000000935,False
realistic,2013-04-25 10:15:00,2013-04-25 14:15:00,1,0,0.2,1.30426,1.30246,1.3086900000000004,0.0017800000000001148,1.3086900000000004,tp,87.20000000000756,2.4494382022472454,7239.640000000943,True
realistic,2013-04-29 08:15:00,2013-04-29 14:00:00,1,1,1.67,1.30581,1.30406,1.3101150000000001,0.0017300000000000093,1.3101150000000001,tp,707.2450000000375,2.4479768786128333,7946.88500000098,True
realistic,2013-04-30 15:15:00,2013-04-30 15:30:00,1,2,0.96,1.30856,1.30649,1.3136650000000003,0.0020500000000001073,1.3136650000000003,tp,483.36000000003446,2.4560975609756563,8430.245000001014,True
realistic,2013-05-02 10:15:00,2013-05-02 13:45:00,1,2,0.52,1.31679,1.31478,1.321745,0.0019899999999999363,1.3147600000000002,sl,-109.19999999998721,-1.055276381909458,8321.045000001026,False
realistic,2013-05-06 10:45:00,2013-05-06 16:15:00,-1,0,0.54,1.31065,1.3122,1.306845,0.0015300000000000313,1.306845,tp,201.69000000000315,2.4411764705882235,8522.735000001028,False
realistic,2013-05-07 08:15:00,2013-05-07 12:00:00,-1,1,2.18,1.3080500000000002,1.30963,1.30417,0.0015600000000000058,1.30965,sl,-364.0599999999616,-1.0705128205127035,8158.675000001067,False
realistic,2013-05-14 09:15:00,2013-05-14 09:30:00,1,0,0.5,1.30128,1.29965,1.3052850000000005,0.0016100000000001113,1.29963,sl,-85.99999999999646,-1.0683229813663417,8072.675000001071,False
realistic,2013-05-14 11:00:00,2013-05-14 11:00:00,-1,0,0.47,1.2994700000000001,1.3012,1.2952150000000002,0.0017099999999998783,1.3012199999999998,sl,-85.53999999998572,-1.064327485380015,7987.135000001085,False
realistic,2013-05-21 11:30:00,2013-05-21 12:15:00,1,0,0.33,1.28859,1.28622,1.294445,0.0023500000000000743,1.2862,sl,-81.17999999999645,-1.046808510638219,7905.955000001089,False
realistic,2013-05-21 16:00:00,2013-05-21 17:00:00,-1,0,0.52,1.28594,1.28746,1.2822099999999998,0.0015000000000000568,1.28748,sl,-83.71999999999349,-1.0733333333332091,7822.235000001095,False
realistic,2013-05-22 09:00:00,2013-05-22 14:15:00,1,0,0.5,1.2916899999999998,1.29013,1.2955199999999996,0.0015399999999998748,1.2917699999999999,sl,0.5000000000040004,0.006493506493558974,7822.735000001098,True
realistic,2013-05-28 11:15:00,2013-05-28 11:15:00,-1,1,1.87,1.2897100000000001,1.2913999999999999,1.2855550000000004,0.0016699999999998383,1.2914199999999998,sl,-332.8599999999357,-1.0658682634729513,7489.875000001162,False
realistic,2013-06-05 16:00:00,2013-06-05 17:30:00,1,0,0.48,1.3073899999999998,1.30581,1.31127,0.0015600000000000058,1.30747,sl,0.48000000000384,0.0064102564103076685,7490.355000001166,True
realistic,2013-06-12 15:45:00,2013-06-12 17:45:00,1,1,1.5,1.3285999999999998,1.32659,1.3335549999999996,0.0019899999999999363,1.3335549999999996,tp,732.749999999973,2.454773869346722,8223.10500000114,True
realistic,2013-06-25 10:15:00,2013-06-25 16:00:00,-1,2,1.06,1.31267,1.31462,1.307865,0.0019299999999999873,1.307865,tp,501.90999999999457,2.453367875647658,8725.015000001134,True
realistic,2013-06-25 11:15:00,2013-06-25 13:45:00,-1,2,1.13,1.3122200000000002,1.31416,1.3074400000000002,0.0019199999999999218,1.31418,sl,-229.38999999997057,-1.0572916666665741,8495.625000001164,False
realistic,2013-07-04 09:15:00,2013-07-04 11:45:00,-1,0,0.21,1.29861,1.3006199999999999,1.2936550000000002,0.0019899999999999363,1.3006399999999998,sl,-44.099999999994836,-1.0552763819094582,8451.52500000117,False
realistic,2013-07-10 14:15:00,2013-07-10 15:45:00,-1,0,0.48,1.28123,1.28298,1.2769249999999999,0.0017300000000000093,1.283,sl,-88.31999999999171,-1.0635838150287962,8363.205000001177,False
realistic,2013-07-23 09:15:00,2013-07-23 11:00:00,1,0,0.47,1.3195199999999998,1.31773,1.3239249999999996,0.0017699999999998273,1.3177100000000002,sl,-88.35999999998332,-1.0621468926552704,8274.845000001193,False
realistic,2013-07-23 16:15:00,2013-07-23 20:45:00,1,0,0.53,1.3193899999999998,1.31781,1.32327,0.0015600000000000058,1.32327,tp,201.9300000000056,2.4423076923077507,8476.775000001198,True
realistic,2013-07-25 09:00:00,2013-07-25 10:15:00,1,1,1.13,1.32185,1.32033,1.3255800000000002,0.0015000000000000568,1.32031,sl,-181.92999999998582,-1.0733333333332091,8294.845000001213,False
realistic,2013-08-13 09:30:00,2013-08-13 11:15:00,-1,0,0.35,1.32897,1.33133,1.32314,0.0023400000000000087,1.3313499999999998,sl,-85.74999999999393,-1.0470085470084691,8209.095000001218,False
realistic,2013-08-22 16:30:00,2013-08-22 17:00:00,-1,0,0.19,1.33298,1.33506,1.3278500000000002,0.0020599999999999508,1.3350799999999998,sl,-41.229999999995606,-1.0533980582523401,8167.865000001222,False
realistic,2013-08-28 11:30:00,2013-08-28 12:30:00,1,0,0.48,1.3376599999999998,1.33597,1.3418149999999995,0.0016699999999998383,1.3359500000000002,sl,-85.4399999999835,-1.0658682634729513,8082.425000001239,False
realistic,2013-09-02 10:00:00,2013-09-03 08:30:00,-1,0,0.46,1.32099,1.32276,1.3166350000000002,0.0017499999999999183,1.3166350000000002,tp,197.10999999999478,2.4485714285714777,8279.535000001233,True
realistic,2013-09-04 10:00:00,2013-09-04 11:00:00,-1,1,1.68,1.3159500000000002,1.31793,1.3110700000000002,0.0019599999999999618,1.31795,sl,-347.759999999963,-1.0561224489795,7931.77500000127,False
realistic,2013-09-11 10:15:00,2013-09-11 15:45:00,1,0,0.49,1.3266399999999998,1.32502,1.3306199999999995,0.0015999999999998238,1.32672,sl,0.49000000000392063,0.006250000000050697,7932.2650000012745,True
realistic,2013-09-11 11:00:00,2013-09-12 14:30:00,1,1,1.53,1.3273599999999999,1.32527,1.332515,0.0020700000000000163,1.32744,sl,1.5300000000122385,0.004830917874434739,7933.795000001287,True
realistic,2013-09-23 14:30:00,2013-09-23 15:15:00,1,2,1.07,1.3515499999999998,1.34969,1.3561299999999994,0.0018399999999998418,1.3496700000000001,sl,-208.6499999999636,-1.0597826086955582,7725.145000001324,False
realistic,2013-09-23 15:00:00,2013-09-25 11:15:00,-1,0,0.39,1.35068,1.3526799999999999,1.3457500000000002,0.0019799999999998708,1.3506,sl,0.3900000000031203,0.005050505050545788,7725.535000001327,True
realistic,2013-09-24 11:00:00,2013-09-25 11:45:00,-1,1,1.66,1.34928,1.35116,1.3446500000000001,0.0018599999999999728,1.3511799999999998,sl,-327.01999999996525,-1.0591397849461397,7398.515000001362,False
realistic,2013-09-25 16:30:00,2013-09-26 04:15:00,1,0,0.48,1.3511499999999999,1.34962,1.3549049999999996,0.0015099999999999003,1.35123,sl,0.48000000000384,0.006622516556344808,7398.995000001366,True
realistic,2013-09-26 15:30:00,2013-09-26 16:00:00,-1,1,0.97,1.3492000000000002,1.35073,1.3454450000000002,0.0015099999999999003,1.35075,sl,-157.13999999997264,-1.0728476821190893,7241.855000001393,False
realistic,2013-10-07 14:00:00,2013-10-07 17:15:00,-1,0,0.43,1.3566600000000002,1.35836,1.3524800000000003,0.0016799999999999038,1.35838,sl,-76.96999999998805,-1.065476190476086,7164.8850000014045,False
realistic,2013-10-08 15:45:00,2013-10-08 18:45:00,1,0,0.31,1.3595599999999999,1.35724,1.36529,0.0022999999999999687,1.35722,sl,-74.70999999999339,-1.0478260869564433,7090.175000001411,False
realistic,2013-10-23 15:00:00,2013-10-23 16:00:00,1,0,0.44,1.3763299999999998,1.37472,1.3802849999999998,0.0015899999999999803,1.37641,sl,0.44000000000352024,0.006289308176151026,7090.615000001414,True
realistic,2013-11-06 08:45:00,2013-11-06 09:15:00,1,1,1.55,1.35092,1.34908,1.3554499999999998,0.0018199999999999328,1.3490600000000001,sl,-299.1499999999614,-1.0604395604394625,6791.465000001453,False
realistic,2013-11-12 09:45:00,2013-11-12 11:45:00,-1,0,0.32,1.3373400000000002,1.33944,1.3321600000000005,0.0020799999999998597,1.3394599999999999,sl,-70.07999999998968,-1.0528846153845313,6721.385000001463,False
realistic,2013-11-14 09:15:00,2013-11-14 10:30:00,1,0,0.18,1.3468799999999999,1.3450900000000001,1.3512849999999994,0.0017699999999998273,1.3450700000000002,sl,-33.839999999993616,-1.0621468926552706,6687.545000001469,False
realistic,2013-11-14 16:00:00,2013-11-14 16:30:00,1,0,0.17,1.3456199999999998,1.34368,1.3503999999999996,0.0019199999999999218,1.34366,sl,-34.50999999999558,-1.0572916666665741,6653.035000001473,False
realistic,2013-11-19 10:00:00,2013-11-19 11:00:00,1,0,0.32,1.3519899999999998,1.34995,1.3570199999999997,0.0020199999999999108,1.34993,sl,-68.15999999999131,-1.0544554455444666,6584.875000001482,False
realistic,2013-11-19 15:45:00,2013-11-19 15:45:00,1,0,0.36,1.35178,1.34995,1.3562850000000002,0.0018100000000000893,1.34993,sl,-69.11999999999666,-1.06077348066288,6515.755000001485,False
realistic,2013-11-20 15:30:00,2013-11-20 16:15:00,1,0,0.42,1.3538,1.35225,1.357605,0.0015300000000000313,1.35223,sl,-68.87999999999366,-1.0718954248364807,6446.875000001492,False
realistic,2013-12-02 08:45:00,2013-12-02 09:30:00,1,0,0.35,1.36127,1.35941,1.3658500000000002,0.0018400000000000638,1.35939,sl,-68.24999999999585,-1.059782608695551,6378.625000001496,False
realistic,2013-12-11 10:00:00,2013-12-12 10:45:00,1,0,0.26,1.37634,1.37392,1.38232,0.0023999999999999577,1.37642,sl,0.2600000000020801,0.004166666666700075,6378.885000001498,True
realistic,2013-12-12 16:00:00,2013-12-12 16:00:00,1,1,0.6,1.37757,1.37544,1.3828250000000002,0.0021100000000000563,1.37542,sl,-133.19999999999243,-1.052132701421713,6245.685000001506,False
realistic,2013-12-16 10:30:00,2013-12-16 18:15:00,1,0,0.25,1.37727,1.37477,1.3834500000000003,0.0024800000000000377,1.3747500000000001,sl,-64.74999999999639,-1.0443548387096033,6180.935000001509,False
realistic,2013-12-26 16:45:00,2013-12-27 04:00:00,1,0,0.18,1.3698,1.36809,1.374005,0.0016899999999999693,1.374005,tp,74.43000000000025,2.4467455621302303,6255.3650000015095,True
realistic,2013-12-31 15:30:00,2014-01-02 12:00:00,-1,1,1.1,1.3769200000000001,1.3792,1.3712900000000001,0.0022599999999999287,1.3712900000000001,tp,611.6000000000026,2.4601769911505307,6866.965000001512,True
realistic,2014-01-14 11:45:00,2014-01-14 14:30:00,1,2,0.85,1.36804,1.36601,1.3730450000000003,0.0020100000000000673,1.36599,sl,-180.1999999999902,-1.0547263681591115,6686.765000001522,False
realistic,2014-01-14 15:30:00,2014-01-15 02:30:00,1,0,0.41,1.3673799999999998,1.36573,1.3714349999999995,0.0016299999999997983,1.3657100000000002,sl,-71.33999999998426,-1.067484662576584,6615.425000001537,False
realistic,2014-01-16 08:30:00,2014-01-16 10:30:00,-1,0,0.16,1.36067,1.36275,1.35554,0.0020599999999999508,1.3627699999999998,sl,-34.7199999999963,-1.0533980582523401,6580.705000001541,False
realistic,2014-01-21 09:00:00,2014-01-21 17:15:00,-1,0,0.36,1.35463,1.35645,1.3501499999999997,0.0018000000000000238,1.3564699999999998,sl,-68.75999999999429,-1.061111111111009,6511.945000001547,False
realistic,2014-01-22 09:00:00,2014-01-22 13:30:00,-1,0,0.28,1.3544200000000002,1.35676,1.3486400000000005,0.0023199999999998777,1.3567799999999999,sl,-68.03999999999148,-1.0474137931033722,6443.905000001555,False
realistic,2014-01-28 16:45:00,2014-01-29 09:30:00,-1,0,0.35,1.36568,1.3675,1.3611999999999997,0.0018000000000000238,1.3675199999999998,sl,-66.84999999999445,-1.0611111111110092,6377.055000001561,False
realistic,2014-02-04 15:15:00,2014-02-05 14:00:00,-1,0,0.33,1.3511600000000001,1.3531,1.3463800000000004,0.0019199999999999218,1.3531199999999999,sl,-66.98999999999141,-1.0572916666665741,6310.065000001569,False
realistic,2014-02-05 11:15:00,2014-02-05 14:00:00,-1,0,0.29,1.35087,1.35302,1.3455650000000001,0.0021299999999999653,1.3530399999999998,sl,-64.9599999999937,-1.051643192488178,6245.105000001576,False
realistic,2014-02-05 14:00:00,2014-02-05 14:00:00,1,0,0.4,1.3524199999999997,1.35086,1.3562499999999995,0.0015399999999998748,1.3524999999999998,sl,0.4000000000032,0.00649350649355897,6245.505000001579,True
realistic,2014-02-12 11:30:00,2014-02-12 11:45:00,1,1,1.52,1.3650999999999998,1.36344,1.3691799999999996,0.0016399999999998638,1.36342,sl,-265.9999999999516,-1.067073170731602,5979.505000001627,False
realistic,2014-02-17 10:15:00,2014-02-17 14:15:00,1,0,0.3,1.3713799999999998,1.3694,1.3762599999999998,0.0019599999999999618,1.36938,sl,-62.09999999999339,-1.0561224489795003,5917.405000001634,False
realistic,2014-02-18 10:00:00,2014-02-18 15:00:00,1,0,0.34,1.3719499999999998,1.37021,1.3762299999999996,0.0017199999999999438,1.3762299999999996,tp,143.13999999999456,2.4476744186046377,6060.545000001629,True
realistic,2014-02-18 11:45:00,2014-02-19 20:15:00,1,1,1.06,1.3727999999999998,1.3705,1.3784799999999995,0.0022799999999998377,1.3728799999999999,sl,1.0600000000084808,0.004385964912316105,6061.605000001638,True
realistic,2014-02-19 15:30:00,2014-02-19 20:00:00,1,2,0.88,1.37573,1.374,1.3799849999999996,0.0017099999999998783,1.3739800000000002,sl,-160.15999999997328,-1.0643274853800153,5901.445000001664,False
realistic,2014-02-26 10:15:00,2014-02-26 13:15:00,1,0,0.28,1.3754299999999997,1.37337,1.3805099999999992,0.0020399999999998197,1.37335,sl,-60.199999999989856,-1.0539215686273664,5841.245000001674,False
realistic,2014-03-05 10:30:00,2014-03-05 14:15:00,-1,0,0.27,1.3725,1.37466,1.3671699999999998,0.0021400000000000308,1.37468,sl,-60.74999999999592,-1.0514018691587927,5780.495000001678,False
realistic,2014-03-06 09:15:00,2014-03-06 11:45:00,-1,0,0.16,1.3722400000000001,1.37401,1.3678850000000002,0.0017499999999999183,1.3740299999999999,sl,-29.75999999999578,-1.062857142857042,5750.735000001682,False
realistic,2014-03-11 11:00:00,2014-03-11 15:30:00,-1,0,0.34,1.38491,1.38661,1.3807300000000002,0.0016799999999999038,1.3866299999999998,sl,-60.85999999999055,-1.0654761904760859,5689.875000001692,False
realistic,2014-03-17 10:00:00,2014-03-18 10:15:00,1,0,0.25,1.3904799999999997,1.38826,1.3959599999999992,0.0021999999999997577,1.3905599999999998,sl,0.2500000000020002,0.0045454545454914124,5690.1250000016935,True
realistic,2014-03-19 11:45:00,2014-03-19 15:00:00,1,1,1.39,1.3921899999999998,1.39054,1.3962449999999995,0.0016299999999997983,1.3905200000000002,sl,-241.8599999999466,-1.0674846625765837,5448.265000001747,False
realistic,2014-03-24 15:15:00,2014-03-24 16:45:00,-1,0,0.29,1.37676,1.37863,1.3721549999999996,0.0018500000000001293,1.37865,sl,-56.83999999999847,-1.059459459459357,5391.425000001748,False
realistic,2014-03-25 16:30:00,2014-03-25 17:30:00,-1,0,0.25,1.3785100000000001,1.38062,1.3733050000000002,0.0020899999999999253,1.3806399999999999,sl,-54.99999999999358,-1.052631578947283,5336.425000001755,False
realistic,2014-03-26 10:00:00,2014-03-27 17:00:00,-1,0,0.22,1.37958,1.38202,1.3735499999999998,0.0024200000000000887,1.3735499999999998,tp,131.12000000000447,2.4628099173553655,5467.545000001759,True
realistic,2014-03-27 08:30:00,2014-03-28 09:00:00,-1,1,0.62,1.37718,1.37894,1.3728499999999997,0.0017400000000000748,1.3728499999999997,tp,264.12000000002416,2.4482758620690843,5731.6650000017835,True
realistic,2014-03-27 15:30:00,2014-03-28 09:00:00,-1,2,0.47,1.3761100000000002,1.37764,1.3723550000000002,0.0015099999999999003,1.3723550000000002,tp,173.19499999999778,2.4403973509935075,5904.860000001781,True
realistic,2014-04-02 15:30:00,2014-04-03 14:30:00,-1,2,0.84,1.37762,1.37939,1.3732650000000002,0.0017499999999999183,1.3794099999999998,sl,-156.2399999999778,-1.0628571428570417,5748.620000001803,False
realistic,2014-04-02 16:15:00,2014-04-03 14:30:00,-1,0,0.29,1.37711,1.37908,1.3722549999999996,0.0019500000000001183,1.3791,sl,-59.73999999999815,-1.0564102564101596,5688.8800000018055,False
realistic,2014-04-14 10:15:00,2014-04-14 14:30:00,-1,0,0.37,1.38481,1.38634,1.3810550000000004,0.0015099999999999003,1.3810550000000004,tp,136.34499999999002,2.44039735099336,5825.225000001796,True
realistic,2014-05-14 11:45:00,2014-05-15 09:45:00,-1,1,1.5,1.37122,1.37279,1.3673650000000002,0.0015499999999999403,1.3673650000000002,tp,567.7499999999912,2.441935483871024,6392.975000001787,True
realistic,2014-05-20 16:45:00,2014-05-21 02:30:00,-1,2,1.06,1.3691,1.37062,1.3653699999999998,0.0015000000000000568,1.3706399999999999,sl,-170.65999999998672,-1.0733333333332091,6222.3150000017995,False
realistic,2014-05-22 09:15:00,2014-05-22 09:30:00,-1,0,0.19,1.36627,1.3679,1.3622650000000003,0.0016099999999998893,1.3679199999999998,sl,-32.679999999994436,-1.0683229813663513,6189.635000001805,False
realistic,2014-05-29 15:00:00,2014-05-30 15:00:00,-1,0,0.12,1.3602100000000001,1.36273,1.3539800000000002,0.0024999999999999467,1.36275,sl,-31.319999999997172,-1.043999999999928,6158.315000001808,False
realistic,2014-06-11 16:15:00,2014-06-12 16:30:00,-1,0,0.31,1.35311,1.35506,1.3483049999999999,0.0019299999999999873,1.3550799999999998,sl,-63.23999999999397,-1.0569948186527558,6095.075000001813,False
realistic,2014-06-17 11:00:00,2014-06-17 14:30:00,1,0,0.28,1.3575599999999999,1.35541,1.3628649999999998,0.0021299999999999653,1.35539,sl,-62.71999999999393,-1.0516431924881782,6032.3550000018195,False
realistic,2014-08-27 15:45:00,2014-08-27 16:15:00,-1,0,0.37,1.3172000000000001,1.31885,1.313145,0.0016300000000000203,1.31887,sl,-64.37999999999401,-1.0674846625765744,5967.975000001826,False
realistic,2014-08-28 10:15:00,2014-08-28 11:45:00,1,0,0.18,1.3212599999999999,1.31962,1.3252899999999999,0.0016199999999999548,1.3196,sl,-31.139999999995908,-1.0679012345677907,5936.83500000183,False
realistic,2014-09-10 08:45:00,2014-09-10 14:30:00,1,0,0.33,1.2939999999999998,1.29221,1.2984049999999994,0.0017699999999998273,1.2921900000000002,sl,-62.0399999999883,-1.0621468926552704,5874.795000001842,False
realistic,2014-09-10 10:15:00,2014-09-10 14:30:00,1,0,0.36,1.2940199999999997,1.29239,1.2980249999999995,0.0016099999999998893,1.29237,sl,-61.919999999989464,-1.0683229813663515,5812.875000001853,False
realistic,2014-09-17 16:00:00,2014-09-17 17:15:00,1,0,0.36,1.2966299999999997,1.29501,1.3006099999999994,0.0015999999999998238,1.29499,sl,-61.559999999987106,-1.068749999999894,5751.315000001866,False
realistic,2014-10-02 11:45:00,2014-10-02 14:30:00,1,0,0.18,1.2641499999999999,1.26255,1.2680799999999999,0.0015799999999999148,1.2625300000000002,sl,-30.41999999999519,-1.0696202531644456,5720.89500000187,False
realistic,2014-10-08 09:15:00,2014-10-08 13:45:00,1,0,0.24,1.26453,1.26215,1.2704099999999998,0.0023599999999999177,1.26461,sl,0.24000000000192,0.004237288135627267,5721.135000001872,True
realistic,2014-10-13 10:30:00,2014-10-13 22:30:00,1,1,1.01,1.2679399999999998,1.26566,1.2735699999999999,0.0022599999999999287,1.2735699999999999,tp,561.5600000000023,2.4601769911505302,6282.695000001874,True
realistic,2014-10-13 15:30:00,2014-10-13 17:15:00,1,2,0.89,1.2691999999999999,1.26742,1.27358,0.0017599999999999838,1.2674,sl,-166.42999999998236,-1.0624999999998972,6116.265000001892,False
realistic,2014-10-20 15:00:00,2014-10-20 17:30:00,-1,0,0.32,1.27668,1.27859,1.271975,0.0018899999999999473,1.2786099999999998,sl,-63.9999999999925,-1.0582010582009636,6052.265000001899,False
realistic,2014-10-20 15:30:00,2014-10-20 16:00:00,-1,0,0.29,1.2758200000000002,1.27792,1.2706400000000004,0.0020799999999998597,1.2779399999999999,sl,-63.509999999990654,-1.0528846153845315,5988.755000001909,False
realistic,2014-11-04 08:30:00,2014-11-04 11:15:00,-1,0,0.35,1.2502600000000001,1.25197,1.2460550000000001,0.0016899999999999693,1.25199,sl,-62.99999999999255,-1.0650887573963432,5925.755000001916,False
realistic,2014-11-04 15:15:00,2014-11-04 16:15:00,-1,0,0.35,1.2510400000000002,1.25273,1.2468850000000005,0.0016699999999998383,1.2527499999999998,sl,-62.29999999998797,-1.0658682634729513,5863.455000001928,False
realistic,2014-11-06 11:45:00,2014-11-06 14:30:00,1,0,0.16,1.25202,1.25021,1.256475,0.0017899999999999583,1.2501900000000001,sl,-30.39999999999642,-1.0614525139663802,5833.055000001932,False
realistic,2014-11-19 09:00:00,2014-11-19 16:00:00,1,0,0.26,1.2534599999999998,1.25125,1.2589149999999996,0.0021899999999999142,1.2535399999999999,sl,0.2600000000020801,0.00456621004569881,5833.315000001934,True
realistic,2014-11-19 11:30:00,2014-11-19 16:00:00,1,1,1.29,1.2539999999999998,1.25218,1.2584799999999994,0.0017999999999998018,1.2540799999999999,sl,1.2900000000103198,0.005555555555600611,5834.605000001944,True
realistic,2014-11-25 09:30:00,2014-11-25 10:30:00,-1,2,0.75,1.2416900000000002,1.24364,1.236885,0.0019299999999999873,1.24366,sl,-152.9999999999854,-1.0569948186527558,5681.605000001959,False
realistic,2014-11-25 11:30:00,2014-11-25 16:30:00,-1,0,0.36,1.2427400000000002,1.2443199999999999,1.2388600000000007,0.0015599999999997838,1.2443399999999998,sl,-60.11999999998566,-1.0705128205127135,5621.485000001973,False
realistic,2014-11-26 10:15:00,2014-11-26 11:00:00,1,0,0.36,1.2478699999999998,1.2463,1.2517249999999998,0.0015499999999999403,1.24628,sl,-59.7599999999913,-1.0709677419353691,5561.725000001982,False
realistic,2014-11-26 14:15:00,2014-11-26 17:45:00,1,0,0.23,1.2464699999999997,1.24409,1.2523499999999996,0.0023599999999999177,1.2523499999999996,tp,133.62999999999735,2.4618644067796978,5695.3550000019795,True
realistic,2014-12-10 14:45:00,2014-12-10 17:30:00,1,1,1.11,1.2384099999999998,1.23635,1.2434899999999995,0.0020399999999998197,1.2434899999999995,tp,556.1099999999725,2.4558823529412717,6251.465000001952,True
realistic,2014-12-15 08:45:00,2014-12-15 10:00:00,1,2,0.9,1.2455399999999999,1.2438,1.2498199999999997,0.0017199999999999438,1.24378,sl,-164.6999999999786,-1.0639534883719897,6086.765000001973,False
realistic,2014-12-17 09:15:00,2014-12-17 09:45:00,1,0,0.32,1.2492499999999997,1.24733,1.2539799999999994,0.0018999999999997907,1.2473100000000001,sl,-64.31999999998747,-1.0578947368420157,6022.445000001985,False
realistic,2014-12-22 14:45:00,2014-12-22 21:45:00,-1,0,0.39,1.22568,1.22722,1.2219000000000002,0.0015199999999999658,1.2219000000000002,tp,144.6899999999959,2.4407894736841964,6167.135000001981,False
realistic,2014-12-23 10:00:00,2014-12-23 10:30:00,-1,1,1.51,1.22248,1.22413,1.2184249999999999,0.0016300000000000203,1.2241499999999998,sl,-262.73999999997557,-1.0674846625765744,5904.395000002006,False
realistic,2014-12-29 09:45:00,2014-12-29 11:15:00,-1,0,0.3,1.21737,1.21932,1.2125650000000001,0.0019299999999999873,1.2193399999999999,sl,-61.199999999994155,-1.0569948186527558,5843.1950000020115,False
realistic,2015-01-13 09:15:00,2015-01-13 10:30:00,1,0,0.36,1.18387,1.1822300000000001,1.1879,0.0016199999999999548,1.1822100000000002,sl,-62.279999999991816,-1.0679012345677907,5780.91500000202,False
realistic,2015-01-15 10:15:00,2015-01-15 11:30:00,-1,0,0.12,1.17645,1.17875,1.1707699999999996,0.0022800000000000598,1.1707699999999996,tp,67.32000000000421,2.4605263157895636,5848.235000002024,False
realistic,2015-01-15 10:45:00,2015-01-15 11:30:00,-1,1,0.57,1.17585,1.1779,1.170795,0.0020299999999999763,1.170795,tp,284.14500000000174,2.455665024630586,6132.380000002026,False
realistic,2015-01-20 10:15:00,2015-01-20 11:30:00,-1,2,0.87,1.1576300000000002,1.15941,1.15325,0.0017599999999999838,1.15943,sl,-162.68999999998275,-1.0624999999998972,5969.690000002043,False
realistic,2015-01-21 09:15:00,2015-01-21 14:45:00,-1,0,0.32,1.15686,1.15869,1.1523549999999996,0.0018100000000000893,1.15871,sl,-61.43999999999704,-1.06077348066288,5908.250000002046,False
realistic,2015-02-02 10:30:00,2015-02-02 13:15:00,1,0,0.3,1.13238,1.1304400000000001,1.1371599999999997,0.0019199999999999218,1.13246,sl,0.3000000000024001,0.0052083333333752145,5908.550000002048,True
realistic,2015-02-03 09:00:00,2015-02-03 10:00:00,1,1,1.54,1.13391,1.13236,1.137715,0.0015300000000000313,1.1323400000000001,sl,-252.55999999997678,-1.0718954248364807,5655.990000002072,False
realistic,2015-02-10 10:30:00,2015-02-10 13:45:00,-1,0,0.31,1.13186,1.13368,1.12738,0.0018000000000000238,1.12738,tp,136.71000000000123,2.4499999999999895,5792.700000002073,True
realistic,2015-02-17 08:45:00,2015-02-17 11:00:00,-1,1,1.33,1.1350200000000001,1.13678,1.1306900000000004,0.0017399999999998528,1.1367999999999998,sl,-246.04999999995624,-1.0632183908044985,5546.650000002116,False
realistic,2015-02-18 15:15:00,2015-02-18 21:00:00,-1,0,0.31,1.13714,1.1389,1.1328099999999997,0.0017400000000000748,1.13706,sl,0.3100000000024803,0.005747126436827344,5546.960000002118,True
realistic,2015-02-24 16:15:00,2015-02-24 17:15:00,-1,1,0.92,1.1317400000000002,1.13416,1.12576,0.0023999999999999577,1.13418,sl,-230.91999999997938,-1.0458333333332583,5316.040000002139,False
realistic,2015-02-25 10:45:00,2015-02-25 12:30:00,1,0,0.31,1.1372099999999998,1.13548,1.1414649999999997,0.0017099999999998783,1.1354600000000001,sl,-56.41999999999058,-1.0643274853800149,5259.620000002148,False
realistic,2015-03-02 15:45:00,2015-03-03 11:30:00,-1,0,0.29,1.12165,1.12345,1.1172199999999997,0.0017800000000001148,1.1172199999999997,tp,126.44000000001094,2.4494382022472454,5386.060000002159,True
realistic,2015-03-18 10:45:00,2015-03-18 14:45:00,1,1,1.09,1.0609899999999999,1.05901,1.0658699999999999,0.0019599999999999618,1.05899,sl,-225.629999999976,-1.0561224489795,5160.430000002183,False
realistic,2015-03-18 16:00:00,2015-03-18 20:00:00,1,0,0.21,1.0611599999999999,1.05871,1.0672149999999998,0.002429999999999932,1.0672149999999998,tp,125.68499999999835,2.462962962962999,5286.115000002182,True
realistic,2015-04-07 08:00:00,2015-04-07 08:45:00,-1,1,0.94,1.09236,1.09462,1.0867799999999999,0.0022400000000000198,1.0946399999999998,sl,-220.89999999998474,-1.049107142857061,5065.215000002197,False
realistic,2015-04-07 11:00:00,2015-04-07 11:15:00,-1,0,0.24,1.0921500000000002,1.09421,1.0870700000000006,0.0020399999999998197,1.0870700000000006,tp,120.23999999998868,2.4558823529411624,5185.455000002185,False
realistic,2015-04-15 09:30:00,2015-04-15 10:15:00,1,1,0.95,1.0646399999999998,1.06244,1.0700699999999994,0.0021799999999998487,1.0624200000000001,sl,-217.54999999996832,-1.0504587155962501,4967.905000002217,False
realistic,2015-04-21 08:30:00,2015-04-21 09:45:00,-1,0,0.29,1.07221,1.0739,1.0680549999999998,0.0016700000000000603,1.0680549999999998,tp,118.46500000001024,2.446107784431261,5086.370000002227,True
realistic,2015-04-23 08:00:00,2015-04-23 11:15:00,-1,1,0.59,1.0702200000000002,1.07196,1.0659400000000003,0.0017199999999999438,1.07198,sl,-107.96999999998593,-1.0639534883719892,4978.4000000022415,False
realistic,2015-04-28 11:45:00,2015-04-28 13:45:00,1,0,0.23,1.08821,1.0861100000000001,1.0933899999999996,0.0020799999999998597,1.0933899999999996,tp,117.52999999999403,2.45673076923081,5095.930000002236,True
realistic,2015-06-16 09:45:00,2015-06-16 09:45:00,1,1,0.93,1.12787,1.12566,1.1333249999999997,0.0021899999999999142,1.12795,sl,0.93000000000744,0.004566210045698809,5096.860000002243,True
realistic,2015-06-17 10:00:00,2015-06-17 11:45:00,1,2,0.64,1.12591,1.12391,1.1308400000000003,0.001980000000000093,1.12599,sl,0.64000000000512,0.0050505050505452185,5097.500000002248,True
realistic,2015-07-29 16:30:00,2015-07-29 21:00:00,-1,2,0.52,1.1035000000000001,1.10594,1.0974700000000004,0.0024199999999998667,1.1059599999999998,sl,-131.5599999999836,-1.0454545454544728,4965.940000002264,False
realistic,2015-08-17 14:00:00,2015-08-17 14:45:00,-1,0,0.28,1.1086,1.1103399999999999,1.10432,0.0017199999999999438,1.1103599999999998,sl,-51.23999999999334,-1.0639534883719892,4914.700000002271,False
realistic,2015-08-18 10:30:00,2015-08-18 10:45:00,-1,0,0.29,1.10651,1.10821,1.1023300000000003,0.0016799999999999038,1.1082299999999998,sl,-51.90999999999193,-1.0654761904760859,4862.790000002279,False
realistic,2015-08-18 11:45:00,2015-08-19 09:30:00,-1,0,0.21,1.10729,1.10955,1.10171,0.0022400000000000198,1.10721,sl,0.21000000000167995,0.004464285714321389,4863.000000002281,True
realistic,2015-09-03 09:30:00,2015-09-03 10:00:00,-1,1,0.63,1.12216,1.1237,1.1183800000000002,0.0015199999999999658,1.1237199999999998,sl,-102.68999999998638,-1.0723684210525135,4760.310000002295,False
realistic,2015-09-30 14:30:00,2015-10-01 06:30:00,-1,0,0.22,1.1205800000000001,1.1227,1.11535,0.0020999999999999908,1.11535,tp,113.52000000000147,2.4571428571429,4873.830000002296,True
realistic,2015-10-06 09:15:00,2015-10-06 09:30:00,-1,1,1.21,1.1177700000000002,1.1194,1.1137650000000003,0.0016099999999998893,1.1194199999999999,sl,-208.11999999996456,-1.0683229813663513,4665.710000002332,False
realistic,2015-10-08 10:00:00,2015-10-08 10:15:00,1,0,0.13,1.1261999999999999,1.12448,1.13043,0.0017000000000000348,1.13043,tp,54.08000000000232,2.4470588235294666,4719.790000002335,True
realistic,2015-10-13 15:30:00,2015-10-13 17:00:00,1,1,1.09,1.1386699999999998,1.13692,1.1429749999999999,0.0017300000000000093,1.1369,sl,-200.5599999999812,-1.0635838150287962,4519.230000002353,False
realistic,2015-10-14 15:15:00,2015-10-14 15:30:00,1,0,0.26,1.1409799999999999,1.13924,1.14526,0.0017199999999999438,1.14106,sl,0.2600000000020801,0.005813953488418797,4519.490000002355,True
realistic,2015-10-19 10:15:00,2015-10-19 17:45:00,-1,1,0.86,1.13582,1.1379299999999999,1.1306150000000001,0.0020899999999999253,1.1306150000000001,tp,441.60999999999177,2.4569377990431045,4961.100000002347,True
realistic,2015-10-27 10:00:00,2015-10-27 14:15:00,-1,2,0.7,1.1054700000000002,1.10725,1.1010900000000001,0.0017599999999999838,1.10727,sl,-130.8999999999861,-1.0624999999998972,4830.200000002361,False
realistic,2015-10-28 10:45:00,2015-10-28 11:00:00,-1,0,0.29,1.1036000000000001,1.10525,1.099545,0.0016300000000000203,1.10527,sl,-50.459999999995304,-1.0674846625765746,4779.740000002365,False
realistic,2015-11-10 10:15:00,2015-11-10 14:45:00,-1,0,0.26,1.0747300000000002,1.07657,1.0702000000000003,0.0018199999999999328,1.0702000000000003,tp,115.959999999998,2.4505494505494987,4895.700000002364,False
realistic,2015-11-11 10:00:00,2015-11-11 13:15:00,1,1,1.04,1.0749199999999999,1.07303,1.0795750000000002,0.0018700000000000383,1.07301,sl,-205.91999999998507,-1.0588235294116661,4689.780000002378,False
realistic,2015-11-18 14:15:00,2015-11-18 16:00:00,1,0,0.3,1.0671799999999998,1.06563,1.0709849999999994,0.0015299999999998093,1.0656100000000002,sl,-49.19999999998882,-1.0718954248364916,4640.580000002389,False
realistic,2015-11-19 11:00:00,2015-11-19 18:00:00,1,0,0.09,1.0688499999999999,1.06647,1.0747299999999997,0.0023599999999999177,1.0747299999999997,tp,52.28999999999896,2.4618644067796978,4692.870000002388,True
realistic,2015-11-26 09:45:00,2015-11-27 08:45:00,-1,1,0.51,1.06061,1.06244,1.0561049999999996,0.0018100000000000893,1.06246,sl,-97.91999999999527,-1.0607734806628797,4594.950000002393,False
realistic,2015-12-01 10:15:00,2015-12-01 10:45:00,-1,0,0.26,1.05777,1.05952,1.053465,0.0017300000000000093,1.05954,sl,-47.839999999995506,-1.063583815028796,4547.110000002397,False
realistic,2015-12-02 10:00:00,2015-12-02 12:00:00,1,0,0.23,1.0626399999999998,1.06065,1.0675449999999995,0.0019699999999998052,1.0606300000000002,sl,-47.839999999991335,-1.0558375634516897,4499.270000002406,False
realistic,2015-12-02 11:30:00,2015-12-02 12:00:00,1,0,0.29,1.06252,1.061,1.0662500000000001,0.0015000000000000568,1.06098,sl,-46.68999999999637,-1.0733333333332093,4452.58000000241,False
realistic,2015-12-14 09:15:00,2015-12-14 13:15:00,-1,0,0.29,1.09583,1.09735,1.0920999999999998,0.0015000000000000568,1.09737,sl,-46.68999999999637,-1.0733333333332093,4405.890000002414,False
realistic,2015-12-14 10:45:00,2015-12-14 13:15:00,-1,0,0.19,1.0946,1.09692,1.08887,0.0022999999999999687,1.0969399999999998,sl,-45.78999999999594,-1.047826086956443,4360.100000002418,False
realistic,2015-12-16 16:30:00,2015-12-16 17:45:00,-1,0,0.28,1.09258,1.09414,1.0887500000000003,0.0015399999999998748,1.0941599999999998,sl,-46.1999999999914,-1.0714285714284588,4313.900000002426,False
realistic,2015-12-21 15:15:00,2015-12-21 17:15:00,1,0,0.24,1.0870999999999997,1.08534,1.0914299999999995,0.0017399999999998528,1.0914299999999995,tp,102.23999999999334,2.4482758620690133,4416.14000000242,True
realistic,2015-12-22 10:00:00,2015-12-22 17:00:00,1,1,0.88,1.0920899999999998,1.09007,1.0970699999999993,0.0019999999999997797,1.0970699999999993,tp,432.0799999999595,2.4550000000000405,4848.2200000023795,True
realistic,2015-12-24 16:45:00,2015-12-29 15:30:00,1,2,0.25,1.09567,1.09327,1.1016000000000001,0.0023800000000000487,1.09325,sl,-62.24999999999667,-1.0462184873948805,4785.970000002383,False
realistic,2015-12-30 15:30:00,2015-12-30 15:45:00,-1,0,0.3,1.0918800000000002,1.09347,1.0879750000000006,0.0015699999999998493,1.0934899999999999,sl,-50.39999999999002,-1.0700636942674069,4735.5700000023935,False
realistic,2015-12-30 16:45:00,2015-12-31 14:30:00,-1,0,0.27,1.0927200000000001,1.09448,1.0883900000000004,0.0017399999999998528,1.0883900000000004,tp,115.01999999999254,2.4482758620690133,4850.590000002386,True
realistic,2016-01-19 10:45:00,2016-01-19 10:45:00,-1,1,1.22,1.0865200000000002,1.08812,1.0825900000000002,0.0015799999999999148,1.0881399999999999,sl,-206.17999999996738,-1.0696202531644454,4644.410000002418,False
realistic,2016-01-25 14:30:00,2016-01-25 15:15:00,-1,0,0.3,1.08111,1.08267,1.0772799999999996,0.0015400000000000968,1.08269,sl,-49.49999999999745,-1.0714285714284488,4594.910000002421,False
realistic,2016-01-26 08:45:00,2016-01-26 11:00:00,1,0,0.25,1.0859099999999997,1.08408,1.0904149999999995,0.0018099999999998673,1.08406,sl,-47.99999999999213,-1.0607734806628872,4546.910000002429,False
realistic,2016-01-26 09:30:00,2016-01-26 10:45:00,1,0,0.2,1.0868099999999998,1.08457,1.0923399999999996,0.0022199999999998887,1.0845500000000001,sl,-46.59999999999414,-1.0495495495494702,4500.310000002435,False
realistic,2016-01-27 11:00:00,2016-01-27 15:15:00,1,0,0.27,1.0866999999999998,1.08505,1.0907549999999993,0.0016299999999997983,1.0907549999999993,tp,107.59499999998584,2.4447852760736004,4607.905000002421,True
realistic,2016-02-03 14:45:00,2016-02-03 15:15:00,1,1,0.87,1.0929699999999998,1.09084,1.0982249999999993,0.0021099999999998342,1.0930499999999999,sl,0.8700000000069608,0.004739336492929286,4608.775000002428,True
realistic,2016-02-08 10:15:00,2016-02-08 13:00:00,1,2,0.75,1.1148699999999998,1.11333,1.1186499999999997,0.0015199999999999658,1.1149499999999999,sl,0.7500000000060005,0.006578947368473836,4609.525000002434,True
realistic,2016-02-17 15:15:00,2016-02-17 21:00:00,-1,2,0.72,1.1135300000000001,1.11515,1.10955,0.0016000000000000458,1.11517,sl,-123.11999999999018,-1.0687499999998842,4486.4050000024445,False
realistic,2016-02-18 10:00:00,2016-02-18 16:15:00,-1,0,0.1,1.1126900000000002,1.11477,1.1075600000000003,0.0020599999999999508,1.1075600000000003,tp,50.599999999998566,2.4563106796116396,4537.005000002443,True
realistic,2016-02-23 10:30:00,2016-02-23 11:30:00,-1,1,1.01,1.1036400000000002,1.10544,1.0992100000000002,0.0017799999999998928,1.0992100000000002,tp,440.35999999999336,2.449438202247302,4977.365000002436,True
realistic,2016-03-15 09:15:00,2016-03-15 09:30:00,-1,2,0.74,1.1091900000000001,1.11087,1.10506,0.0016599999999999948,1.11089,sl,-130.97999999998615,-1.0662650602408543,4846.38500000245,False
realistic,2016-03-15 11:30:00,2016-03-15 14:30:00,-1,0,0.24,1.10959,1.11161,1.10461,0.0020000000000000018,1.11163,sl,-50.63999999999567,-1.054999999999909,4795.745000002455,False
realistic,2016-03-16 08:45:00,2016-03-16 20:00:00,-1,0,0.31,1.1087500000000001,1.1103,1.1049449999999998,0.0015300000000000313,1.11032,sl,-50.83999999999533,-1.071895424836481,4744.905000002459,False
realistic,2016-03-16 14:45:00,2016-03-16 20:00:00,-1,0,0.24,1.1082,1.11013,1.1034449999999998,0.0019100000000000783,1.11015,sl,-48.47999999999751,-1.0575916230365516,4696.425000002461,False
realistic,2016-04-11 15:30:00,2016-04-11 18:45:00,1,0,0.21,1.14058,1.13839,1.145985,0.0021700000000000053,1.14066,sl,0.21000000000167995,0.00460829493091243,4696.635000002463,True
realistic,2016-04-18 15:30:00,2016-04-18 16:30:00,1,1,0.93,1.1317099999999998,1.12969,1.1366899999999993,0.0019999999999997797,1.1296700000000002,sl,-196.2299999999626,-1.0549999999999151,4500.405000002501,False
realistic,2016-04-26 09:15:00,2016-04-26 10:00:00,1,0,0.29,1.1272299999999997,1.12568,1.1310349999999993,0.0015299999999998093,1.12566,sl,-47.55999999998919,-1.0718954248364914,4452.845000002511,False
realistic,2016-04-26 15:15:00,2016-04-26 15:30:00,1,0,0.23,1.12875,1.12683,1.13348,0.0019000000000000128,1.12883,sl,0.23000000000184007,0.0052631578947789125,4453.075000002514,True
realistic,2016-04-27 09:30:00,2016-04-27 12:15:00,1,1,1.09,1.1305399999999999,1.1289,1.1345699999999999,0.0016199999999999548,1.13062,sl,1.09000000000872,0.006172839506222393,4454.165000002522,True
realistic,2016-04-27 15:30:00,2016-04-27 21:00:00,1,2,0.54,1.1311599999999997,1.12908,1.1362899999999991,0.0020599999999997287,1.1312399999999998,sl,0.5400000000043201,0.00485436893207831,4454.7050000025265,True
realistic,2016-05-05 10:15:00,2016-05-05 13:00:00,-1,2,0.3,1.14745,1.14931,1.1428699999999998,0.0018400000000000638,1.1428699999999998,tp,135.30000000000751,2.4510869565217903,4590.005000002534,True
realistic,2016-05-09 08:45:00,2016-05-09 09:45:00,-1,2,0.72,1.13986,1.14146,1.13593,0.0015799999999999148,1.1414799999999998,sl,-121.67999999998077,-1.0696202531644456,4468.325000002553,False
realistic,2016-05-09 10:15:00,2016-05-11 16:30:00,-1,0,0.2,1.1399100000000002,1.14214,1.1344050000000006,0.0022099999999998232,1.1421599999999998,sl,-46.39999999999282,-1.0497737556560303,4421.9250000025595,False
realistic,2016-05-17 11:45:00,2016-05-17 16:45:00,-1,0,0.25,1.1322800000000002,1.13405,1.1279250000000003,0.0017499999999999183,1.13407,sl,-46.499999999993406,-1.062857142857042,4375.425000002566,False
realistic,2016-05-23 15:30:00,2016-05-23 20:00:00,-1,0,0.25,1.12017,1.12192,1.1158649999999999,0.0017300000000000093,1.12194,sl,-45.99999999999568,-1.0635838150287962,4329.42500000257,False
realistic,2016-05-24 10:00:00,2016-05-24 17:30:00,-1,0,0.19,1.1200400000000001,1.12225,1.1145850000000004,0.0021899999999999142,1.1145850000000004,tp,102.31499999999555,2.4589041095890303,4431.740000002566,True
realistic,2016-05-24 10:30:00,2016-05-24 22:15:00,-1,1,0.78,1.1194700000000002,1.12175,1.1138400000000002,0.0022599999999999287,1.1138400000000002,tp,433.6800000000019,2.4601769911505307,4865.4200000025685,True
realistic,2016-06-13 15:30:00,2016-06-13 17:00:00,-1,2,0.6,1.12595,1.12798,1.1209449999999999,0.0020100000000000673,1.128,sl,-127.19999999999311,-1.0547263681591117,4738.220000002575,False
realistic,2016-07-04 14:45:00,2016-07-05 10:15:00,1,0,0.25,1.1138099999999997,1.1119,1.118514999999999,0.0018899999999997252,1.1138899999999998,sl,0.2500000000020002,0.0052910052910483925,4738.470000002577,True
realistic,2016-07-05 09:45:00,2016-07-05 10:15:00,1,1,0.86,1.1139299999999999,1.11173,1.1193599999999995,0.0021799999999998487,1.11401,sl,0.8600000000068819,0.004587155963339778,4739.330000002584,True
realistic,2016-07-05 10:15:00,2016-07-05 10:15:00,1,2,0.63,1.1140599999999998,1.11216,1.1187399999999996,0.0018799999999998818,1.11414,sl,0.6300000000050403,0.005319148936213103,4739.9600000025885,True
realistic,2016-07-13 10:15:00,2016-07-13 12:30:00,-1,2,0.58,1.1046600000000002,1.10669,1.0996550000000005,0.0020099999999998452,1.1067099999999999,sl,-122.95999999998045,-1.0547263681591175,4617.000000002608,False
realistic,2016-07-21 09:45:00,2016-07-21 10:15:00,1,0,0.13,1.10428,1.10252,1.10861,0.0017400000000000748,1.1025,sl,-24.049999999998608,-1.0632183908044905,4592.95000000261,False
realistic,2016-08-23 10:15:00,2016-08-23 13:00:00,1,0,0.24,1.1345199999999998,1.1326,1.1392499999999992,0.0018999999999997907,1.1325800000000001,sl,-48.23999999999061,-1.0578947368420157,4544.710000002619,False
realistic,2016-08-25 16:00:00,2016-08-25 18:45:00,1,0,0.11,1.1294299999999997,1.12748,1.1342349999999992,0.0019299999999997652,1.1274600000000001,sl,-22.439999999995415,-1.0569948186527622,4522.270000002624,False
realistic,2016-09-13 16:15:00,2016-09-13 17:00:00,-1,0,0.21,1.12264,1.12475,1.1174350000000002,0.0020899999999999253,1.1247699999999998,sl,-46.1999999999946,-1.052631578947283,4476.07000000263,False
realistic,2016-09-14 10:30:00,2016-09-14 17:15:00,-1,0,0.22,1.12233,1.1243,1.1174749999999998,0.0019500000000001183,1.12432,sl,-45.31999999999859,-1.0564102564101594,4430.750000002631,False
realistic,2016-09-14 11:45:00,2016-09-14 12:15:00,-1,0,0.25,1.1215300000000001,1.12326,1.1172750000000002,0.0017099999999998783,1.1232799999999998,sl,-45.499999999992404,-1.064327485380015,4385.250000002638,False
realistic,2016-09-29 15:45:00,2016-09-29 17:00:00,-1,0,0.1,1.12067,1.1227,1.115665,0.0020100000000000673,1.12272,sl,-21.19999999999885,-1.0547263681591115,4364.0500000026395,False
realistic,2016-10-03 10:45:00,2016-10-03 17:00:00,1,0,0.22,1.1237899999999998,1.12185,1.1285699999999999,0.0019199999999999218,1.12183,sl,-44.65999999999427,-1.0572916666665741,4319.390000002645,False
realistic,2016-10-06 10:30:00,2016-10-06 11:00:00,-1,0,0.14,1.1186500000000001,1.12021,1.1148200000000004,0.0015399999999998748,1.1202299999999998,sl,-23.0999999999957,-1.0714285714284588,4296.290000002649,False
realistic,2016-10-19 14:00:00,2016-10-20 15:30:00,-1,0,0.22,1.0984500000000001,1.10038,1.0936950000000003,0.0019099999999998563,1.1003999999999998,sl,-44.439999999992835,-1.0575916230365583,4251.850000002656,False
realistic,2016-10-27 16:15:00,2016-10-27 17:00:00,1,0,0.13,1.0926699999999998,1.09111,1.0964999999999996,0.0015399999999998748,1.0910900000000001,sl,-21.449999999996006,-1.071428571428459,4230.40000000266,False
realistic,2016-11-01 09:30:00,2016-11-01 13:30:00,1,0,0.28,1.0976499999999998,1.09612,1.1014049999999997,0.0015099999999999003,1.1014049999999997,tp,103.17999999999869,2.4403973509935075,4333.580000002658,True
realistic,2016-11-23 14:00:00,2016-11-23 15:30:00,-1,1,1.08,1.0621900000000002,1.06381,1.0582100000000005,0.0015999999999998238,1.0582100000000005,tp,422.2799999999623,2.4437500000000507,4755.860000002621,True
realistic,2016-11-29 09:30:00,2016-11-29 10:00:00,-1,2,0.71,1.05921,1.0609,1.0550549999999999,0.0016700000000000603,1.0609199999999999,sl,-126.37999999999136,-1.0658682634729426,4629.48000000263,False
realistic,2016-11-29 10:00:00,2016-11-29 11:00:00,1,0,0.28,1.0603699999999998,1.05871,1.0644499999999995,0.0016399999999998638,1.0586900000000001,sl,-48.9999999999911,-1.0670731707316021,4580.480000002639,False
realistic,2016-11-30 10:30:00,2016-11-30 15:15:00,1,0,0.21,1.06384,1.0617,1.0691199999999998,0.0021199999999998997,1.0616800000000002,sl,-46.82999999999407,-1.0518867924527469,4533.650000002644,False
realistic,2016-12-07 10:45:00,2016-12-07 12:00:00,1,0,0.2,1.0731499999999998,1.07097,1.0785299999999998,0.0021599999999999397,1.07095,sl,-45.39999999999515,-1.050925925925843,4488.250000002649,False
realistic,2016-12-14 14:00:00,2016-12-14 16:00:00,1,0,0.28,1.06486,1.06325,1.0688149999999998,0.0015899999999999803,1.0632300000000001,sl,-47.59999999999435,-1.0691823899369932,4440.650000002655,False
realistic,2016-12-19 09:00:00,2016-12-19 11:45:00,1,0,0.21,1.0475899999999998,1.04554,1.0526449999999998,0.0020299999999999763,1.04552,sl,-44.93999999999568,-1.0541871921181374,4395.710000002659,False
realistic,2016-12-19 09:45:00,2016-12-19 10:00:00,1,0,0.29,1.0473299999999999,1.0458,1.0510849999999996,0.0015099999999999003,1.0457800000000002,sl,-46.97999999999183,-1.0728476821190898,4348.730000002668,False
realistic,2016-12-22 16:15:00,2016-12-22 18:00:00,1,0,0.09,1.0450899999999999,1.04268,1.0510449999999998,0.002389999999999892,1.04517,sl,0.09000000000072006,0.004184100418443706,4348.820000002669,True
realistic,2016-12-29 11:15:00,2016-12-30 01:15:00,1,1,0.51,1.0457199999999998,1.044,1.0499499999999995,0.0016999999999998128,1.0499499999999995,tp,212.15999999998644,2.4470588235295248,4560.980000002655,True
realistic,2016-12-29 16:00:00,2016-12-30 01:30:00,1,2,0.26,1.0464999999999998,1.04431,1.0519049999999992,0.002169999999999783,1.0519049999999992,tp,138.7099999999854,2.4585253456221063,4699.690000002641,True
realistic,2017-01-11 11:15:00,2017-01-11 14:00:00,-1,2,0.73,1.05444,1.05605,1.0504850000000001,0.0015899999999999803,1.0504850000000001,tp,283.60499999999496,2.443396226415081,4983.295000002636,False
realistic,2017-01-16 09:15:00,2017-01-17 06:00:00,-1,2,0.53,1.06077,1.06311,1.0549899999999997,0.0023200000000000998,1.06313,sl,-128.78999999999564,-1.0474137931033678,4854.50500000264,False
realistic,2017-01-18 10:15:00,2017-01-18 14:45:00,1,0,0.22,1.0694899999999998,1.06735,1.0747699999999996,0.0021199999999998997,1.0673300000000001,sl,-49.059999999993785,-1.0518867924527466,4805.445000002646,False
realistic,2017-01-26 11:45:00,2017-01-26 16:15:00,-1,0,0.13,1.07278,1.07454,1.06845,0.0017400000000000748,1.06845,tp,55.38000000000218,2.448275862068957,4860.825000002648,True
realistic,2017-01-26 15:00:00,2017-01-27 16:00:00,-1,1,0.4,1.07099,1.0734299999999999,1.0649600000000004,0.0024199999999998667,1.07091,sl,0.4000000000032,0.004132231404991963,4861.2250000026515,True
realistic,2017-01-31 10:00:00,2017-01-31 13:45:00,1,2,0.69,1.0699899999999998,1.06823,1.0743199999999995,0.0017399999999998528,1.0743199999999995,tp,293.9399999999809,2.4482758620690137,5155.165000002632,True
realistic,2017-01-31 11:30:00,2017-01-31 12:00:00,-1,2,0.65,1.06935,1.07134,1.0644449999999999,0.0019700000000000273,1.0713599999999999,sl,-135.19999999998996,-1.0558375634516837,5019.965000002642,False
realistic,2017-02-02 09:30:00,2017-02-02 18:15:00,1,0,0.12,1.0795299999999999,1.07755,1.0844099999999999,0.0019599999999999618,1.07961,sl,0.12000000000096,0.005102040816367446,5020.085000002643,True
realistic,2017-02-09 15:30:00,2017-02-10 09:45:00,-1,1,0.63,1.06813,1.06974,1.064175,0.0015899999999999803,1.064175,tp,244.75499999999565,2.4433962264150813,5264.840000002639,True
realistic,2017-02-20 15:00:00,2017-02-21 10:30:00,-1,2,0.7,1.06092,1.0628199999999999,1.0562400000000003,0.0018799999999998818,1.0562400000000003,tp,322.6999999999857,2.4521276595745145,5587.540000002624,True
realistic,2017-02-23 10:15:00,2017-02-23 12:00:00,1,2,0.29,1.0562399999999998,1.05386,1.0621199999999997,0.0023599999999999177,1.05384,sl,-71.62999999999234,-1.04661016949145,5515.910000002632,False
realistic,2017-02-27 10:00:00,2017-02-27 18:45:00,1,0,0.28,1.0581699999999998,1.0562,1.0630249999999997,0.0019499999999998963,1.0630249999999997,tp,133.97999999999527,2.453846153846198,5649.890000002627,True
realistic,2017-02-28 11:15:00,2017-02-28 21:45:00,1,1,1.25,1.05921,1.05739,1.0636900000000002,0.0018000000000000238,1.05929,sl,1.250000000010001,0.00555555555559993,5651.140000002637,True
realistic,2017-02-28 15:15:00,2017-02-28 20:45:00,1,2,0.92,1.0596799999999997,1.05813,1.0634849999999993,0.0015299999999998093,1.0597599999999998,sl,0.9200000000073603,0.006535947712471405,5652.060000002644,True
realistic,2017-03-02 11:45:00,2017-03-03 13:45:00,-1,2,0.35,1.05255,1.0545499999999999,1.0476200000000002,0.0019799999999998708,1.0545699999999998,sl,-73.1499999999891,-1.0555555555554672,5578.910000002656,False
realistic,2017-03-06 15:30:00,2017-03-06 18:30:00,1,0,0.31,1.0601299999999998,1.05833,1.0645599999999997,0.0017799999999998928,1.05831,sl,-58.58999999999103,-1.06179775280889,5520.3200000026645,False
realistic,2017-03-09 09:30:00,2017-03-09 10:00:00,-1,0,0.14,1.05264,1.05453,1.0479849999999997,0.0018700000000000383,1.0545499999999999,sl,-27.719999999997988,-1.0588235294116661,5492.600000002666,False
realistic,2017-03-14 10:00:00,2017-03-15 09:30:00,-1,0,0.33,1.0637100000000002,1.06539,1.05958,0.0016599999999999948,1.06363,sl,0.3300000000026406,0.006024096385590391,5492.930000002669,True
realistic,2017-03-22 08:45:00,2017-03-22 09:30:00,1,1,1.3,1.0810399999999998,1.07934,1.0852199999999996,0.0016799999999999038,1.07932,sl,-232.69999999996384,-1.065476190476086,5260.230000002705,False
realistic,2017-03-22 15:00:00,2017-03-23 03:00:00,1,0,0.25,1.0804199999999997,1.0783,1.0856499999999993,0.0020999999999997687,1.0782800000000001,sl,-55.24999999998967,-1.0523809523808716,5204.980000002715,False
realistic,2017-03-28 15:30:00,2017-03-28 19:00:00,1,0,0.28,1.08652,1.08466,1.0911000000000002,0.0018400000000000638,1.08464,sl,-54.5999999999967,-1.059782608695551,5150.380000002719,False
realistic,2017-04-05 14:45:00,2017-04-05 15:15:00,1,0,0.26,1.06818,1.06621,1.0730349999999997,0.0019499999999998963,1.0661900000000002,sl,-53.55999999999257,-1.0564102564101658,5096.820000002726,False
realistic,2017-04-06 15:30:00,2017-04-07 19:30:00,-1,0,0.13,1.0657500000000002,1.06772,1.0608950000000004,0.0019499999999998963,1.0608950000000004,tp,62.20499999999782,2.453846153846198,5159.0250000027245,True
realistic,2017-04-27 15:00:00,2017-04-27 15:30:00,-1,1,0.59,1.0886,1.09034,1.0843199999999995,0.0017200000000001658,1.09036,sl,-107.96999999999903,-1.063953488371981,5051.055000002725,False
realistic,2017-05-08 08:45:00,2017-05-08 10:00:00,1,0,0.23,1.09899,1.09686,1.1042450000000001,0.0021100000000000563,1.09684,sl,-51.05999999999711,-1.0521327014217132,4999.995000002728,False
realistic,2017-05-08 09:45:00,2017-05-08 10:00:00,1,0,0.31,1.0987999999999998,1.09721,1.1027049999999994,0.0015699999999998493,1.09719,sl,-52.07999999998968,-1.0700636942674067,4947.915000002738,False
realistic,2017-05-25 10:30:00,2017-05-25 12:30:00,1,0,0.15,1.12387,1.1223,1.1277249999999999,0.0015499999999999403,1.1222800000000002,sl,-24.899999999996375,-1.0709677419353691,4923.015000002742,False
realistic,2017-05-31 10:00:00,2017-05-31 16:45:00,1,0,0.24,1.11883,1.11681,1.1238100000000002,0.0020000000000000018,1.1238100000000002,tp,117.84000000000493,2.4550000000001004,5040.855000002747,True
realistic,2017-06-05 10:15:00,2017-06-05 13:15:00,1,1,1.11,1.1276199999999998,1.12579,1.1321249999999996,0.0018099999999998673,1.1257700000000002,sl,-213.11999999996507,-1.0607734806628872,4827.735000002782,False
realistic,2017-06-08 11:30:00,2017-06-08 15:30:00,-1,0,0.15,1.1251300000000002,1.12666,1.1213750000000005,0.0015099999999999003,1.1213750000000005,tp,55.27499999999596,2.4403973509933605,4883.010000002778,False
realistic,2017-06-12 14:15:00,2017-06-12 16:45:00,1,1,1.06,1.1224299999999998,1.12057,1.1270099999999994,0.0018399999999998418,1.1205500000000002,sl,-206.69999999996392,-1.0597826086955584,4676.3100000028135,False
realistic,2017-06-21 16:30:00,2017-06-21 21:15:00,-1,0,0.22,1.11334,1.11546,1.10811,0.0020999999999999908,1.1154799999999998,sl,-48.61999999999579,-1.0523809523808658,4627.690000002818,False
realistic,2017-07-04 08:30:00,2017-07-05 13:00:00,-1,0,0.26,1.13575,1.13749,1.1314700000000002,0.0017199999999999438,1.1314700000000002,tp,109.45999999999584,2.447674418604638,4737.150000002814,True
realistic,2017-07-05 11:30:00,2017-07-05 21:00:00,-1,1,1.1,1.13501,1.13675,1.1307300000000002,0.0017199999999999438,1.13493,sl,1.1000000000088015,0.005813953488418801,4738.250000002822,True
realistic,2017-07-20 10:30:00,2017-07-20 15:30:00,-1,2,0.29,1.1507,1.1527,1.1457699999999997,0.001980000000000093,1.15272,sl,-60.60999999999741,-1.055555555555461,4677.640000002824,False
realistic,2017-07-26 11:00:00,2017-07-26 13:15:00,-1,0,0.26,1.1629200000000002,1.16473,1.158465,0.0017899999999999583,1.16475,sl,-49.399999999994186,-1.0614525139663802,4628.24000000283,False
realistic,2017-07-26 16:45:00,2017-07-26 21:00:00,-1,0,0.19,1.16335,1.1657199999999999,1.1574950000000004,0.002349999999999852,1.1657399999999998,sl,-46.73999999999373,-1.0468085106382232,4581.500000002837,False
realistic,2017-07-31 09:00:00,2017-07-31 09:15:00,1,0,0.27,1.1745899999999998,1.17293,1.1786699999999994,0.0016399999999998638,1.1729100000000001,sl,-47.24999999999141,-1.067073170731602,4534.250000002845,False
realistic,2017-08-03 10:00:00,2017-08-03 11:00:00,1,0,0.14,1.1851399999999999,1.18354,1.1890699999999996,0.0015799999999999148,1.1835200000000001,sl,-23.659999999996263,-1.0696202531644456,4510.590000002849,False
realistic,2017-08-07 15:45:00,2017-08-08 04:00:00,-1,0,0.25,1.1788500000000002,1.18062,1.1744950000000003,0.0017499999999999183,1.18064,sl,-46.499999999993406,-1.062857142857042,4464.090000002855,False
realistic,2017-08-16 09:30:00,2017-08-16 10:15:00,-1,0,0.2,1.17243,1.17461,1.1670500000000001,0.0021599999999999397,1.1746299999999998,sl,-45.39999999999515,-1.050925925925843,4418.69000000286,False
realistic,2017-08-22 15:45:00,2017-08-23 10:30:00,-1,0,0.22,1.17548,1.17746,1.1706,0.0019599999999999618,1.1774799999999999,sl,-45.53999999999515,-1.0561224489795,4373.1500000028645,False
realistic,2017-09-06 09:00:00,2017-09-07 12:15:00,1,0,0.24,1.1925599999999998,1.19072,1.1970899999999998,0.0018199999999999328,1.1970899999999998,tp,107.03999999999814,2.4505494505494987,4480.190000002863,True
realistic,2017-09-06 15:00:00,2017-09-06 17:15:00,1,1,1.14,1.1932699999999998,1.19168,1.1971749999999997,0.0015699999999998493,1.1916600000000002,sl,-191.51999999996204,-1.0700636942674067,4288.6700000029,False
realistic,2017-09-07 10:15:00,2017-09-07 15:30:00,1,0,0.09,1.1939799999999998,1.19169,1.1996349999999998,0.0022699999999999942,1.19406,sl,0.09000000000072006,0.004405286343647592,4288.7600000029015,True
realistic,2017-09-11 10:45:00,2017-09-11 14:30:00,1,1,0.8,1.2012399999999999,1.19908,1.2065700000000001,0.0021400000000000308,1.19906,sl,-179.9999999999879,-1.0514018691587927,4108.760000002913,False
realistic,2017-09-12 11:30:00,2017-09-12 17:15:00,-1,0,0.25,1.19612,1.19776,1.19209,0.0016199999999999548,1.19604,sl,0.2500000000020002,0.0061728395062223985,4109.010000002915,True
realistic,2017-09-13 10:30:00,2017-09-13 12:45:00,1,1,0.83,1.19864,1.19665,1.203545,0.0019700000000000273,1.19663,sl,-172.63999999998717,-1.0558375634516834,3936.370000002928,False
realistic,2017-09-13 14:00:00,2017-09-13 16:00:00,1,0,0.23,1.1986799999999997,1.19695,1.2029349999999996,0.0017099999999998783,1.19693,sl,-41.859999999993015,-1.0643274853800149,3894.510000002935,False
realistic,2017-09-18 15:30:00,2017-09-18 18:45:00,1,0,0.21,1.19579,1.19397,1.2002700000000002,0.0018000000000000238,1.19395,sl,-40.109999999996674,-1.0611111111110092,3854.4000000029387,False
realistic,2017-09-28 16:00:00,2017-09-28 16:15:00,-1,0,0.09,1.17666,1.17863,1.1718049999999995,0.0019500000000001183,1.17865,sl,-18.539999999999427,-1.0564102564101598,3835.860000002939,False
realistic,2017-09-28 16:30:00,2017-10-02 03:45:00,1,0,0.08,1.1786999999999999,1.17644,1.18428,0.0022400000000000198,1.17878,sl,0.08000000000064,0.0044642857143213895,3835.94000000294,True
realistic,2017-10-03 15:45:00,2017-10-03 16:15:00,-1,1,0.89,1.1738000000000002,1.17553,1.1695450000000003,0.0017099999999998783,1.1755499999999999,sl,-161.97999999997296,-1.064327485380015,3673.960000002967,False
realistic,2017-10-19 09:45:00,2017-10-19 11:00:00,1,0,0.1,1.18126,1.1795200000000001,1.18554,0.0017199999999999438,1.1795000000000002,sl,-18.29999999999762,-1.0639534883719894,3655.6600000029694,False
realistic,2017-10-24 10:15:00,2017-10-24 12:00:00,-1,0,0.18,1.17459,1.17662,1.1695849999999997,0.0020100000000000673,1.17664,sl,-38.15999999999793,-1.0547263681591115,3617.5000000029713,False
realistic,2017-10-31 10:30:00,2017-10-31 18:15:00,-1,0,0.21,1.16348,1.16521,1.1592249999999997,0.0017100000000001003,1.16523,sl,-38.21999999999828,-1.0643274853800067,3579.280000002973,False
realistic,2017-11-06 09:15:00,2017-11-08 01:15:00,-1,0,0.19,1.1599700000000002,1.16185,1.1553400000000003,0.0018599999999999728,1.15989,sl,0.19000000000152006,0.005376344086064596,3579.4700000029743,True
realistic,2017-11-08 14:15:00,2017-11-09 07:30:00,-1,1,0.87,1.15879,1.16044,1.1547349999999998,0.0016300000000000203,1.1604599999999998,sl,-151.37999999998593,-1.0674846625765746,3428.0900000029883,False
realistic,2017-11-09 16:45:00,2017-11-10 17:30:00,1,0,0.07,1.1620599999999999,1.15982,1.1675899999999997,0.0022199999999998887,1.1675899999999997,tp,38.21999999999869,2.4594594594594983,3466.310000002987,True
realistic,2017-11-16 08:30:00,2017-11-16 09:30:00,1,1,0.35,1.1796,1.17763,1.1844550000000003,0.0019500000000001183,1.17761,sl,-72.09999999999776,-1.0564102564101596,3394.2100000029895,False
realistic,2017-11-22 16:30:00,2017-11-22 21:30:00,1,0,0.15,1.1767299999999998,1.17445,1.1823599999999996,0.0022599999999999287,1.1823599999999996,tp,83.39999999999704,2.4601769911504325,3477.6100000029865,True
realistic,2017-11-28 10:15:00,2017-11-28 12:00:00,1,1,0.69,1.1904299999999999,1.18842,1.195385,0.0019899999999999363,1.1884000000000001,sl,-144.89999999998304,-1.055276381909458,3332.710000003003,False
realistic,2017-11-28 16:30:00,2017-11-28 21:15:00,-1,0,0.2,1.18842,1.1901,1.1842899999999998,0.0016599999999999948,1.1842899999999998,tp,81.20000000000378,2.445783132530242,3413.910000003007,True
realistic,2017-12-06 09:45:00,2017-12-08 03:30:00,-1,1,0.63,1.1819700000000002,1.18415,1.1765900000000002,0.0021599999999999397,1.1765900000000002,tp,334.5299999999962,2.4583333333333743,3748.440000003003,True
realistic,2017-12-11 10:30:00,2017-12-11 22:45:00,1,2,0.53,1.17909,1.17732,1.1834450000000003,0.0017500000000001403,1.1773,sl,-98.57999999999778,-1.0628571428570337,3649.8600000030056,False
realistic,2017-12-21 15:45:00,2017-12-21 16:00:00,1,0,0.1,1.1869699999999999,1.18524,1.1912249999999998,0.0017099999999998783,1.1852200000000002,sl,-18.19999999999696,-1.064327485380015,3631.6600000030085,False
realistic,2018-02-01 08:15:00,2018-02-01 10:00:00,-1,0,0.09,1.2409000000000001,1.24284,1.23612,0.0019199999999999218,1.2428599999999999,sl,-18.269999999997655,-1.0572916666665741,3613.3900000030108,False
realistic,2018-02-05 14:00:00,2018-02-05 16:30:00,-1,0,0.2,1.2447400000000002,1.24651,1.2403850000000003,0.0017499999999999183,1.2403850000000003,tp,85.69999999999773,2.448571428571478,3699.0900000030083,True
realistic,2018-02-07 08:15:00,2018-02-07 08:45:00,-1,1,0.89,1.2377200000000002,1.23939,1.2336150000000004,0.0016499999999999293,1.23941,sl,-156.6399999999775,-1.0666666666665592,3542.4500000030307,False
realistic,2018-02-12 14:15:00,2018-02-12 17:45:00,-1,0,0.23,1.22617,1.22772,1.222365,0.0015300000000000313,1.2277399999999998,sl,-37.71999999999653,-1.0718954248364807,3504.730000003034,False
realistic,2018-02-26 09:45:00,2018-02-26 15:45:00,1,0,0.18,1.23325,1.23134,1.237955,0.0018899999999999473,1.2313200000000002,sl,-35.999999999995765,-1.0582010582009633,3468.730000003038,False
realistic,2018-02-27 08:30:00,2018-02-27 13:30:00,1,0,0.22,1.2333399999999999,1.23179,1.237145,0.0015300000000000313,1.23177,sl,-36.07999999999669,-1.0718954248364811,3432.6500000030414,False
realistic,2018-03-06 10:30:00,2018-03-06 13:30:00,1,0,0.19,1.2343899999999999,1.2326,1.238795,0.0017700000000000493,1.238795,tp,82.36500000000407,2.4491525423729343,3515.0150000030453,True
realistic,2018-03-08 09:45:00,2018-03-08 10:45:00,1,1,0.35,1.24121,1.23919,1.24619,0.0020000000000000018,1.23917,sl,-73.8499999999937,-1.0549999999999091,3441.165000003052,False
realistic,2018-03-13 11:00:00,2018-03-13 14:30:00,1,0,0.21,1.2334299999999998,1.2318,1.2374349999999996,0.0016099999999998893,1.2335099999999999,sl,0.21000000000167995,0.006211180124273718,3441.3750000030536,True
realistic,2018-04-03 15:45:00,2018-04-05 15:30:00,-1,1,0.6,1.2293800000000001,1.23169,1.2236750000000003,0.0022899999999999032,1.2236750000000003,tp,338.0999999999909,2.46069868995637,3779.4750000030444,False
realistic,2018-04-04 15:15:00,2018-04-04 15:45:00,-1,2,0.59,1.22757,1.22918,1.2236150000000001,0.0015899999999999803,1.2291999999999998,sl,-100.29999999998809,-1.0691823899369932,3679.1750000030565,False
realistic,2018-04-09 14:45:00,2018-04-09 16:00:00,1,0,0.23,1.22799,1.2264,1.2318950000000002,0.0015700000000000713,1.2318950000000002,tp,88.20500000000621,2.44267515923573,3767.380000003063,True
realistic,2018-04-10 09:45:00,2018-04-10 14:30:00,1,1,0.93,1.2317099999999999,1.23007,1.2357399999999998,0.0016199999999999548,1.2357399999999998,tp,368.279999999998,2.4444444444444993,4135.660000003061,True
realistic,2018-04-18 11:15:00,2018-04-18 12:00:00,1,2,0.58,1.2370299999999999,1.23525,1.24141,0.0017599999999999838,1.23523,sl,-108.45999999998848,-1.062499999999897,4027.2000000030725,False
realistic,2018-05-03 10:15:00,2018-05-03 10:15:00,-1,0,0.08,1.1970200000000002,1.19936,1.1912400000000005,0.0023199999999998777,1.19938,sl,-19.439999999997564,-1.0474137931033722,4007.7600000030748,False
realistic,2018-05-08 10:00:00,2018-05-08 12:30:00,-1,0,0.23,1.19177,1.19351,1.1874899999999995,0.0017200000000001658,1.1874899999999995,tp,96.83000000001164,2.4476744186047092,4104.590000003086,True
realistic,2018-05-10 10:15:00,2018-05-10 12:15:00,-1,1,0.39,1.18602,1.18812,1.18084,0.002080000000000082,1.18814,sl,-85.40999999999609,-1.0528846153845257,4019.18000000309,False
realistic,2018-05-10 11:00:00,2018-05-10 11:45:00,-1,0,0.13,1.18592,1.18746,1.18214,0.0015199999999999658,1.1874799999999999,sl,-21.189999999997188,-1.0723684210525133,3997.9900000030925,False
realistic,2018-05-15 11:00:00,2018-05-15 14:15:00,-1,0,0.24,1.19229,1.19391,1.18831,0.0016000000000000458,1.18831,tp,93.84000000000226,2.4437499999999894,4091.830000003095,True
realistic,2018-05-17 09:15:00,2018-05-18 16:00:00,-1,1,0.36,1.18147,1.18374,1.1758649999999997,0.0022500000000000853,1.1758649999999997,tp,199.26000000001093,2.4600000000000417,4291.090000003106,True
realistic,2018-06-05 10:00:00,2018-06-05 13:45:00,1,2,0.5,1.17044,1.16831,1.1756950000000002,0.0021100000000000563,1.16829,sl,-110.99999999999372,-1.0521327014217134,4180.090000003112,False
realistic,2018-06-12 15:00:00,2018-06-12 19:45:00,1,0,0.21,1.1793799999999999,1.17741,1.1842349999999997,0.0019499999999998963,1.1773900000000002,sl,-43.259999999993994,-1.0564102564101658,4136.830000003119,False
realistic,2018-06-12 15:45:00,2018-06-12 20:00:00,1,0,0.19,1.17939,1.17729,1.1845700000000003,0.002080000000000082,1.17727,sl,-41.609999999998095,-1.0528846153845257,4095.2200000031203,False
realistic,2018-06-13 09:15:00,2018-06-13 12:45:00,-1,0,0.27,1.17395,1.17548,1.1701949999999997,0.0015100000000001224,1.1755,sl,-43.739999999998396,-1.0728476821190789,4051.480000003122,False
realistic,2018-06-20 10:00:00,2018-06-20 10:30:00,-1,0,0.2,1.1566500000000002,1.15862,1.1517950000000003,0.0019499999999998963,1.15864,sl,-41.19999999999429,-1.0564102564101663,4010.2800000031275,False
realistic,2018-06-21 11:15:00,2018-06-21 12:00:00,-1,0,0.12,1.1553900000000001,1.15697,1.15151,0.0015600000000000058,1.15151,tp,45.720000000001264,2.4423076923077507,4056.0000000031287,True
realistic,2018-06-27 08:15:00,2018-06-27 09:00:00,-1,1,0.85,1.16399,1.1659,1.1592850000000001,0.0018899999999999473,1.1659199999999998,sl,-169.99999999998002,-1.0582010582009633,3886.0000000031487,False
realistic,2018-06-27 10:45:00,2018-06-27 15:45:00,-1,0,0.19,1.1654200000000001,1.16741,1.160515,0.0019700000000000273,1.160515,tp,91.86500000000302,2.4543147208122296,3977.8650000031516,True
realistic,2018-07-05 08:30:00,2018-07-05 09:30:00,1,1,0.48,1.1664599999999998,1.16479,1.1705649999999999,0.0016499999999999293,1.1705649999999999,tp,193.68000000000117,2.4454545454546652,4171.545000003152,True
realistic,2018-07-10 09:45:00,2018-07-10 11:30:00,1,2,0.61,1.17468,1.17297,1.178885,0.0016899999999999693,1.1729500000000002,sl,-109.79999999998702,-1.0650887573963432,4061.7450000031654,False
realistic,2018-07-10 11:45:00,2018-07-11 15:45:00,-1,0,0.16,1.17262,1.17505,1.1666149999999997,0.0024100000000000232,1.1750699999999998,sl,-40.31999999999746,-1.0456431535268949,4021.425000003168,False
realistic,2018-07-24 11:30:00,2018-07-24 13:00:00,-1,0,0.2,1.1679400000000002,1.16988,1.1631600000000004,0.0019199999999999218,1.1699,sl,-40.59999999999479,-1.057291666666574,3980.825000003173,False
realistic,2018-07-24 16:45:00,2018-07-24 18:45:00,1,0,0.22,1.17055,1.16876,1.1749550000000002,0.0017700000000000493,1.1687400000000001,sl,-41.35999999999708,-1.0621468926552626,3939.465000003176,False
realistic,2018-07-25 16:00:00,2018-07-25 17:30:00,1,0,0.25,1.16993,1.16834,1.1738350000000002,0.0015700000000000713,1.16832,sl,-41.99999999999723,-1.0700636942673967,3897.465000003179,False
realistic,2018-07-25 16:15:00,2018-07-25 17:30:00,1,0,0.18,1.1707999999999998,1.16867,1.1760549999999994,0.0021099999999998342,1.1686500000000002,sl,-39.959999999993734,-1.0521327014217188,3857.505000003185,False
realistic,2018-08-01 16:45:00,2018-08-02 09:30:00,-1,0,0.25,1.16781,1.16935,1.16403,0.0015199999999999658,1.16403,tp,92.75000000000291,2.440789473684342,3950.255000003188,True
realistic,2018-08-16 11:30:00,2018-08-16 20:45:00,1,1,0.34,1.1377899999999999,1.13548,1.1434949999999997,0.0022899999999999032,1.1354600000000001,sl,-81.59999999999053,-1.048034934497739,3868.6550000031975,False
realistic,2018-08-16 11:45:00,2018-08-16 13:45:00,1,0,0.08,1.1386399999999999,1.1363400000000001,1.1443199999999996,0.0022799999999998377,1.1363200000000002,sl,-19.119999999997244,-1.0482456140350112,3849.5350000032004,False
realistic,2018-08-27 14:15:00,2018-08-27 16:45:00,1,0,0.25,1.1618,1.16026,1.1655799999999998,0.0015199999999999658,1.1655799999999998,tp,92.74999999999736,2.4407894736841955,3942.2850000031976,True
realistic,2018-09-04 09:15:00,2018-09-04 16:00:00,-1,1,0.86,1.15941,1.16126,1.154855,0.0018299999999999983,1.154855,tp,385.7100000000075,2.4508196721311974,4327.995000003205,True
realistic,2018-09-05 09:15:00,2018-09-05 10:15:00,-1,2,0.71,1.1581700000000001,1.15971,1.1543900000000002,0.0015199999999999658,1.1543900000000002,tp,263.40999999999246,2.4407894736841955,4591.4050000031975,False
realistic,2018-09-06 10:30:00,2018-09-06 18:00:00,1,2,0.25,1.1634,1.16114,1.1689800000000001,0.0022400000000000198,1.1611200000000002,sl,-58.74999999999594,-1.049107142857061,4532.655000003201,False
realistic,2018-09-06 11:15:00,2018-09-06 18:00:00,1,0,0.1,1.1637499999999998,1.16156,1.169155,0.0021700000000000053,1.16154,sl,-22.79999999999823,-1.0506912442395473,4509.855000003203,False
realistic,2018-09-12 11:45:00,2018-09-12 17:00:00,-1,0,0.19,1.15829,1.16064,1.152485,0.0023299999999999432,1.1606599999999998,sl,-46.35999999999546,-1.0472103004291073,4463.495000003208,False
realistic,2018-09-12 14:00:00,2018-09-12 15:45:00,-1,0,0.27,1.15802,1.1596899999999999,1.153915,0.0016499999999999293,1.1597099999999998,sl,-47.51999999999318,-1.0666666666665592,4415.9750000032145,False
realistic,2018-09-25 11:45:00,2018-09-26 15:15:00,1,0,0.17,1.17563,1.17311,1.18186,0.0024999999999999467,1.1730900000000002,sl,-44.369999999996,-1.0439999999999279,4371.605000003218,False
realistic,2018-10-10 14:00:00,2018-10-11 04:45:00,1,0,0.25,1.1502899999999998,1.14853,1.1546199999999995,0.0017399999999998528,1.1546199999999995,tp,106.49999999999308,2.4482758620690137,4478.105000003211,True
realistic,2018-10-10 16:00:00,2018-10-10 19:30:00,1,1,1.08,1.15024,1.14857,1.1543449999999997,0.0016499999999999293,1.1543449999999997,tp,435.7799999999788,2.445454545454531,4913.88500000319,True
realistic,2018-10-16 10:30:00,2018-10-16 12:15:00,1,2,0.52,1.1591399999999998,1.15678,1.1649699999999998,0.0023400000000000087,1.15676,sl,-127.399999999991,-1.0470085470084691,4786.485000003198,False
realistic,2018-10-18 15:15:00,2018-10-18 20:15:00,-1,0,0.14,1.1504,1.15208,1.14627,0.0016599999999999948,1.14627,tp,56.840000000002654,2.445783132530242,4843.325000003201,True
realistic,2018-10-25 16:15:00,2018-10-26 12:45:00,-1,1,0.4,1.14103,1.1434199999999999,1.135125,0.0023699999999999832,1.135125,tp,233.40000000000197,2.462025316455734,5076.725000003204,True
realistic,2018-10-31 11:30:00,2018-10-31 17:15:00,-1,2,0.73,1.1344400000000001,1.13618,1.13016,0.0017199999999999438,1.13436,sl,0.7300000000058411,0.005813953488418803,5077.4550000032095,True
realistic,2018-10-31 11:45:00,2018-11-01 09:00:00,-1,2,0.5,1.13321,1.13572,1.1270049999999996,0.0024900000000001032,1.13574,sl,-129.99999999999608,-1.0441767068272345,4947.455000003213,False
realistic,2018-11-08 09:15:00,2018-11-08 10:00:00,-1,0,0.11,1.1415600000000001,1.1436899999999999,1.1363050000000006,0.0021099999999998342,1.1437099999999998,sl,-24.419999999996172,-1.0521327014217188,4923.035000003217,False
realistic,2018-11-08 11:00:00,2018-11-08 17:15:00,-1,0,0.14,1.14293,1.14463,1.1387499999999995,0.0016800000000001258,1.14465,sl,-25.059999999999217,-1.0654761904760772,4897.975000003217,False
realistic,2018-11-21 11:45:00,2018-11-21 13:15:00,-1,0,0.19,1.1382400000000001,1.14073,1.132085,0.0024699999999999722,1.14075,sl,-49.01999999999601,-1.0445344129553922,4848.955000003221,False
realistic,2018-11-26 15:00:00,2018-11-26 15:30:00,-1,0,0.32,1.13559,1.13712,1.1318350000000001,0.0015099999999999003,1.1371399999999998,sl,-51.83999999999099,-1.0728476821190895,4797.11500000323,False
realistic,2018-12-13 15:30:00,2018-12-13 15:30:00,1,0,0.1,1.1381,1.1357,1.14403,0.0023800000000000487,1.13568,sl,-24.89999999999867,-1.0462184873948808,4772.215000003232,False
realistic,2018-12-18 10:00:00,2018-12-18 18:00:00,1,0,0.23,1.1358,1.1337300000000001,1.1409049999999996,0.0020499999999998852,1.13588,sl,0.23000000000184007,0.004878048780527103,4772.445000003234,True
realistic,2018-12-27 09:45:00,2018-12-27 10:15:00,-1,1,0.6,1.1374600000000001,1.13907,1.133505,0.0015899999999999803,1.13909,sl,-101.99999999998789,-1.0691823899369932,4670.445000003246,False
realistic,2018-12-31 10:00:00,2018-12-31 22:45:00,1,0,0.22,1.14431,1.14219,1.14954,0.0020999999999999908,1.1459400000000002,eod,34.32000000000534,0.7428571428572617,4704.765000003251,False
realistic,2018-12-31 15:00:00,2018-12-31 16:30:00,1,1,0.89,1.14573,1.1436,1.1509850000000001,0.0021100000000000563,1.14358,sl,-197.57999999998881,-1.0521327014217132,4507.185000003262,False
