mode,entry_time,exit_time,dir,level,lot,entry,sl0,tp,sl_dist,exit,reason,pnl,r_mult,balance_after,be_moved
historical,2010-01-19 09:15:00,2010-01-19 11:00:00,-1,0,0.5,1.43931,1.44128,1.4343850000000007,0.0019699999999998052,1.4343850000000007,tp,246.2499999999701,2.4999999999999436,10246.24999999997,True
historical,2010-02-16 11:30:00,2010-02-16 13:30:00,1,0,0.44,1.36599,1.36368,1.3717650000000001,0.0023100000000000342,1.36368,sl,-101.64000000000152,-1.0,10144.60999999997,False
historical,2010-03-10 08:00:00,2010-03-10 12:30:00,-1,0,0.47,1.35826,1.3604,1.35291,0.0021400000000000308,1.3604,sl,-100.58000000000143,-1.0,10044.029999999968,False
historical,2010-03-11 09:30:00,2010-03-11 14:30:00,1,0,0.26,1.36423,1.36232,1.3690050000000002,0.0019100000000000783,1.36433,sl,2.599999999999714,0.052356020942400466,10046.629999999968,True
historical,2010-03-16 08:00:00,2010-03-16 11:00:00,-1,0,0.56,1.36831,1.37009,1.3638599999999996,0.0017800000000001148,1.37009,sl,-99.68000000000643,-1.0,9946.949999999963,False
historical,2010-04-05 08:00:00,2010-04-05 15:00:00,-1,0,0.51,1.34992,1.35186,1.3450699999999998,0.0019400000000000528,1.34982,sl,5.099999999999438,0.05154639175257024,9952.049999999961,True
historical,2010-09-01 10:00:00,2010-09-01 11:15:00,1,0,0.47,1.27198,1.26987,1.2772550000000003,0.0021100000000000563,1.2772550000000003,tp,247.9250000000066,2.5000000000000004,10199.974999999968,True
historical,2010-09-06 15:00:00,2010-09-07 01:00:00,1,0,0.5,1.28848,1.28646,1.2935300000000005,0.002020000000000133,1.28646,sl,-101.00000000000664,-1.0,10098.97499999996,False
historical,2010-09-20 08:45:00,2010-09-20 13:45:00,1,0,0.5,1.3085,1.3065,1.3135,0.0020000000000000018,1.3086,sl,4.999999999999449,0.04999999999999445,10103.97499999996,True
historical,2010-12-22 09:00:00,2010-12-22 09:00:00,-1,0,0.56,1.31278,1.31457,1.3083050000000003,0.0017899999999999583,1.31457,sl,-100.23999999999766,-1.0,10003.734999999962,False
historical,2010-12-27 15:00:00,2010-12-27 19:00:00,1,0,0.44,1.31512,1.31285,1.320795,0.0022699999999999942,1.31285,sl,-99.87999999999974,-1.0,9903.854999999963,False
historical,2011-03-08 08:30:00,2011-03-08 08:30:00,1,0,0.48,1.39828,1.39622,1.4034299999999997,0.0020599999999999508,1.39622,sl,-98.87999999999764,-1.0,9804.974999999966,False
historical,2011-03-23 10:15:00,2011-03-23 11:15:00,-1,0,0.43,1.41753,1.4198,1.411855,0.0022699999999999942,1.4198,sl,-97.60999999999976,-1.0,9707.364999999965,False
historical,2011-04-05 08:15:00,2011-04-05 15:00:00,-1,0,0.63,1.41931,1.42083,1.4155100000000003,0.0015199999999999658,1.4155100000000003,tp,239.3999999999876,2.4999999999999267,9946.764999999952,True
historical,2011-08-23 08:30:00,2011-08-23 09:45:00,1,0,0.39,1.43922,1.43673,1.4454449999999996,0.002489999999999881,1.4454449999999996,tp,242.77499999998844,2.5,10189.53999999994,True
historical,2011-12-08 08:15:00,2011-12-08 10:00:00,1,0,0.29,1.34174,1.34001,1.3460649999999998,0.0017300000000000093,1.34001,sl,-50.17000000000027,-1.0,10139.36999999994,False
historical,2011-12-19 08:45:00,2011-12-19 09:00:00,-1,0,0.51,1.30068,1.30264,1.2957800000000002,0.0019599999999999618,1.30264,sl,-99.95999999999805,-1.0,10039.409999999943,False
historical,2012-03-07 08:00:00,2012-03-07 11:15:00,-1,0,0.64,1.31391,1.31547,1.31001,0.0015600000000000058,1.31547,sl,-99.84000000000037,-1.0,9939.569999999943,False
historical,2012-03-08 09:00:00,2012-03-08 10:30:00,1,0,0.32,1.31784,1.31631,1.3216649999999994,0.0015299999999998093,1.3216649999999994,tp,122.39999999998474,2.5000000000000004,10061.969999999928,True
historical,2012-03-08 10:15:00,2012-03-08 13:15:00,1,0,0.2,1.31878,1.31637,1.324805,0.0024100000000000232,1.324805,tp,120.49999999999895,2.4999999999999543,10182.469999999927,True
historical,2012-03-29 08:15:00,2012-03-29 11:00:00,1,0,0.24,1.33279,1.33074,1.3379149999999997,0.0020499999999998852,1.33074,sl,-49.199999999997246,-1.0,10133.26999999993,False
historical,2012-04-03 08:15:00,2012-04-03 13:15:00,1,0,0.51,1.33464,1.33269,1.3395150000000005,0.0019500000000001183,1.33269,sl,-99.45000000000604,-1.0,10033.819999999923,False
historical,2012-04-03 11:15:00,2012-04-03 13:00:00,1,0,0.56,1.33471,1.33292,1.339185,0.0017899999999999583,1.33292,sl,-100.23999999999766,-1.0,9933.579999999925,False
historical,2012-04-09 15:15:00,2012-04-09 16:30:00,-1,0,0.5,1.30563,1.30761,1.3006800000000003,0.0019799999999998708,1.30761,sl,-98.99999999999353,-1.0,9834.579999999933,False
historical,2012-04-12 10:45:00,2012-04-12 11:00:00,1,0,0.19,1.31313,1.31066,1.319305,0.0024699999999999722,1.31066,sl,-46.929999999999474,-1.0,9787.649999999932,False
historical,2012-04-17 09:15:00,2012-04-17 11:00:00,1,0,0.44,1.31098,1.3087900000000001,1.316455,0.0021899999999999142,1.316455,tp,240.89999999999546,2.5000000000000506,10028.549999999928,True
historical,2012-04-18 14:45:00,2012-04-18 16:30:00,-1,0,0.49,1.30804,1.31008,1.3029400000000004,0.0020399999999998197,1.31008,sl,-99.95999999999117,-1.0,9928.589999999936,False
historical,2012-04-19 11:30:00,2012-04-19 12:15:00,1,0,0.27,1.31386,1.31203,1.318435,0.0018299999999999983,1.31203,sl,-49.40999999999996,-1.0,9879.179999999937,False
historical,2012-04-24 15:15:00,2012-04-25 12:00:00,1,0,0.39,1.31713,1.31464,1.3233549999999996,0.002489999999999881,1.3233549999999996,tp,242.77499999998844,2.5,10121.954999999925,True
historical,2012-04-26 15:30:00,2012-04-26 23:00:00,1,0,0.23,1.32179,1.31963,1.3271899999999999,0.0021599999999999397,1.32189,sl,2.2999999999997467,0.04629629629629249,10124.254999999925,True
historical,2012-04-26 16:15:00,2012-04-26 23:00:00,1,0,0.2,1.32311,1.3206200000000001,1.3293349999999997,0.002489999999999881,1.3206200000000001,sl,-49.799999999997624,-1.0,10074.454999999927,False
historical,2012-05-01 08:15:00,2012-05-01 16:00:00,1,0,0.62,1.32538,1.32378,1.32938,0.0016000000000000458,1.32548,sl,6.199999999999317,0.062499999999991326,10080.654999999926,True
historical,2012-05-10 10:15:00,2012-05-10 15:00:00,-1,0,0.2,1.29446,1.29688,1.2884099999999998,0.0024200000000000887,1.29688,sl,-48.400000000001775,-1.0,10032.254999999925,False
historical,2012-05-17 08:45:00,2012-05-17 13:15:00,-1,0,0.23,1.27264,1.2748,1.2672400000000001,0.0021599999999999397,1.2672400000000001,tp,124.19999999999654,2.5,10156.454999999922,False
historical,2012-05-22 09:15:00,2012-05-22 10:30:00,1,0,0.66,1.27959,1.27807,1.2833899999999998,0.0015199999999999658,1.27807,sl,-100.31999999999775,-1.0,10056.134999999924,False
historical,2012-05-29 11:45:00,2012-05-29 17:45:00,-1,0,0.42,1.25401,1.25635,1.24816,0.0023400000000000087,1.24816,tp,245.7000000000056,2.5000000000000475,10301.83499999993,True
historical,2012-06-19 08:30:00,2012-06-19 09:15:00,-1,0,0.52,1.2596,1.26156,1.2547000000000001,0.0019599999999999618,1.26156,sl,-101.91999999999801,-1.0,10199.914999999932,False
historical,2012-06-26 09:00:00,2012-06-26 09:30:00,-1,0,0.44,1.2501,1.2524,1.24435,0.0022999999999999687,1.2524,sl,-101.19999999999862,-1.0,10098.714999999933,False
historical,2012-06-27 08:45:00,2012-06-27 17:15:00,-1,0,0.65,1.2488,1.25035,1.2449249999999994,0.0015500000000001624,1.2449249999999994,tp,251.87500000003362,2.500000000000072,10350.589999999966,True
historical,2012-06-27 14:15:00,2012-06-28 05:15:00,-1,0,0.6,1.24788,1.24958,1.2436300000000005,0.0016999999999998128,1.24958,sl,-101.99999999998876,-1.0,10248.589999999976,False
historical,2012-07-11 10:15:00,2012-07-11 10:30:00,-1,0,0.65,1.2262,1.22776,1.2223,0.0015600000000000058,1.22776,sl,-101.40000000000039,-1.0,10147.189999999977,False
historical,2012-07-16 09:30:00,2012-07-16 10:45:00,1,0,0.56,1.22368,1.22188,1.22818,0.0018000000000000238,1.22188,sl,-100.80000000000135,-1.0,10046.389999999976,False
historical,2012-07-18 09:15:00,2012-07-18 10:00:00,1,0,0.63,1.22913,1.22754,1.2331050000000001,0.0015899999999999803,1.22754,sl,-100.16999999999875,-1.0,9946.219999999978,False
historical,2012-07-31 09:45:00,2012-07-31 10:00:00,1,0,0.5,1.22776,1.22579,1.232685,0.0019700000000000273,1.22579,sl,-98.50000000000136,-1.0,9847.719999999976,False
historical,2012-07-31 11:00:00,2012-07-31 11:45:00,-1,0,0.47,1.22571,1.22777,1.2205600000000003,0.0020599999999999508,1.22777,sl,-96.81999999999768,-1.0,9750.899999999978,False
historical,2012-08-08 11:30:00,2012-08-09 12:00:00,-1,0,0.43,1.23711,1.23933,1.2315599999999995,0.0022200000000001108,1.2315599999999995,tp,238.65000000001666,2.50000000000005,9989.549999999994,False
historical,2012-08-09 09:15:00,2012-08-09 13:15:00,-1,0,0.2,1.2362,1.2386599999999999,1.2300500000000003,0.0024599999999999067,1.2300500000000003,tp,122.99999999999312,2.4999999999999547,10112.549999999987,True
historical,2012-08-13 09:45:00,2012-08-13 11:00:00,-1,0,0.53,1.22776,1.22964,1.2230599999999998,0.0018800000000001038,1.22964,sl,-99.6400000000055,-1.0,10012.909999999982,False
historical,2012-08-15 10:00:00,2012-08-15 16:00:00,-1,0,0.47,1.23216,1.23425,1.2269349999999997,0.0020900000000001473,1.2269349999999997,tp,245.57500000001207,2.499999999999947,10258.484999999993,True
historical,2012-08-15 11:45:00,2012-08-15 12:15:00,-1,0,0.61,1.23236,1.23403,1.2281849999999999,0.0016700000000000603,1.2281849999999999,tp,254.67500000000243,2.4999999999999334,10513.159999999996,True
historical,2012-08-20 08:15:00,2012-08-20 12:00:00,1,0,0.5,1.23481,1.23272,1.2400349999999998,0.0020899999999999253,1.23272,sl,-104.49999999999626,-1.0,10408.66,False
historical,2012-08-28 08:15:00,2012-08-28 09:45:00,-1,0,0.64,1.24795,1.24957,1.2438999999999996,0.0016200000000001769,1.24957,sl,-103.68000000001132,-1.0,10304.979999999989,False
historical,2012-08-30 10:00:00,2012-08-30 16:15:00,1,0,0.33,1.25504,1.2535,1.2588899999999996,0.0015399999999998748,1.2535,sl,-50.81999999999587,-1.0,10254.159999999993,False
historical,2012-09-03 09:15:00,2012-09-04 02:00:00,1,0,0.54,1.25798,1.25609,1.2627050000000004,0.0018900000000001693,1.25808,sl,5.399999999999405,0.05291005291004234,10259.559999999992,True
historical,2012-10-02 08:30:00,2012-10-02 08:45:00,1,0,0.63,1.29128,1.28967,1.2953049999999997,0.0016099999999998893,1.28967,sl,-101.42999999999303,-1.0,10158.13,False
historical,2012-10-03 08:15:00,2012-10-03 09:30:00,-1,0,0.52,1.28867,1.29059,1.2838700000000003,0.0019199999999999218,1.29059,sl,-99.83999999999594,-1.0,10058.290000000003,False
historical,2012-10-03 09:15:00,2012-10-03 09:15:00,-1,0,0.52,1.28814,1.29005,1.2833650000000003,0.0019099999999998563,1.29005,sl,-99.31999999999253,-1.0,9958.97000000001,False
historical,2012-10-11 08:00:00,2012-10-11 10:00:00,-1,0,0.24,1.28581,1.28788,1.2806349999999997,0.0020700000000000163,1.28788,sl,-49.68000000000038,-1.0,9909.29000000001,False
historical,2012-10-15 08:15:00,2012-10-15 08:45:00,-1,0,0.59,1.29007,1.2917399999999999,1.2858950000000005,0.0016699999999998383,1.2917399999999999,sl,-98.52999999999045,-1.0,9810.76000000002,False
historical,2012-10-18 10:45:00,2012-10-18 16:15:00,1,0,0.24,1.31031,1.30827,1.3154100000000002,0.0020400000000000418,1.30827,sl,-48.960000000001,-1.0,9761.80000000002,False
historical,2012-10-18 11:15:00,2012-10-18 16:00:00,1,0,0.27,1.31079,1.30901,1.3152399999999997,0.0017799999999998928,1.30901,sl,-48.05999999999711,-1.0,9713.740000000022,False
historical,2012-10-22 09:15:00,2012-10-22 12:00:00,-1,0,0.43,1.30396,1.30619,1.2983850000000001,0.0022299999999999542,1.30619,sl,-95.88999999999803,-1.0,9617.850000000024,False
historical,2012-10-25 11:30:00,2012-10-25 12:45:00,1,0,0.25,1.30145,1.2996,1.3060749999999999,0.0018499999999999073,1.2996,sl,-46.249999999997684,-1.0,9571.600000000026,False
historical,2012-10-31 08:45:00,2012-10-31 12:15:00,1,0,0.47,1.29641,1.29438,1.301485,0.0020299999999999763,1.301485,tp,238.5249999999972,2.5,9810.125000000024,True
historical,2012-11-01 08:15:00,2012-11-01 13:30:00,-1,0,0.25,1.29467,1.2966199999999999,1.2897950000000002,0.0019499999999998963,1.2966199999999999,sl,-48.74999999999741,-1.0,9761.375000000025,False
historical,2012-11-06 16:15:00,2012-11-06 17:30:00,-1,0,0.62,1.27995,1.28151,1.27605,0.0015600000000000058,1.28151,sl,-96.72000000000035,-1.0,9664.655000000024,False
historical,2012-11-14 08:45:00,2012-11-14 20:00:00,1,0,0.51,1.27215,1.27029,1.2767999999999997,0.0018599999999999728,1.2767999999999997,tp,237.14999999999088,2.4999999999999405,9901.805000000015,True
historical,2012-11-14 14:30:00,2012-11-15 01:30:00,1,0,0.43,1.27449,1.27219,1.2802399999999998,0.0022999999999999687,1.27219,sl,-98.89999999999867,-1.0,9802.905000000017,False
historical,2012-11-20 11:15:00,2012-11-20 15:30:00,1,0,0.58,1.28056,1.27888,1.2847599999999997,0.0016799999999999038,1.27888,sl,-97.43999999999441,-1.0,9705.465000000022,False
historical,2012-11-28 10:30:00,2012-11-28 18:30:00,-1,0,0.46,1.29182,1.29392,1.28657,0.0020999999999999908,1.29392,sl,-96.59999999999958,-1.0,9608.865000000022,False
historical,2012-11-29 09:00:00,2012-11-29 17:30:00,1,0,0.21,1.29634,1.29409,1.3019650000000003,0.0022500000000000853,1.29644,sl,2.0999999999997683,0.044444444444437854,9610.965000000022,True
historical,2012-12-11 10:30:00,2012-12-11 19:30:00,1,0,0.43,1.29585,1.29366,1.3013249999999998,0.0021899999999999142,1.3013249999999998,tp,235.42499999999552,2.5000000000000506,9846.390000000018,True
historical,2013-01-09 10:30:00,2013-01-09 17:45:00,-1,0,0.55,1.30796,1.30973,1.3035349999999999,0.0017700000000000493,1.30786,sl,5.499999999999394,0.05649717514123514,9851.890000000018,True
historical,2013-01-09 11:00:00,2013-01-10 10:45:00,-1,0,0.43,1.30676,1.30904,1.3010599999999997,0.0022800000000000598,1.30904,sl,-98.04000000000258,-1.0,9753.850000000015,False
historical,2013-01-21 08:45:00,2013-01-22 05:00:00,-1,0,0.61,1.33176,1.33335,1.327785,0.0015899999999999803,1.33335,sl,-96.9899999999988,-1.0,9656.860000000017,False
historical,2013-01-21 09:45:00,2013-01-22 05:00:00,-1,0,0.57,1.33131,1.33298,1.3271349999999997,0.0016700000000000603,1.33298,sl,-95.19000000000342,-1.0,9561.670000000013,False
historical,2013-01-23 15:45:00,2013-01-23 16:15:00,1,0,0.39,1.3338,1.33139,1.3398250000000003,0.0024100000000000232,1.33139,sl,-93.99000000000092,-1.0,9467.680000000011,False
historical,2013-01-29 09:45:00,2013-01-29 11:45:00,1,0,0.42,1.3454,1.34319,1.3509249999999995,0.0022099999999998232,1.34319,sl,-92.81999999999258,-1.0,9374.860000000019,False
historical,2013-02-12 08:45:00,2013-02-12 10:00:00,-1,0,0.42,1.33733,1.3395299999999999,1.33183,0.0021999999999999797,1.3395299999999999,sl,-92.39999999999914,-1.0,9282.46000000002,False
historical,2013-02-18 08:15:00,2013-02-18 10:15:00,-1,0,0.5,1.33366,1.33549,1.329085,0.0018299999999999983,1.33549,sl,-91.49999999999991,-1.0,9190.96000000002,False
historical,2013-02-19 11:00:00,2013-02-19 11:00:00,-1,0,0.53,1.33427,1.336,1.329945,0.0017300000000000093,1.336,sl,-91.6900000000005,-1.0,9099.270000000019,False
historical,2013-03-05 09:00:00,2013-03-05 11:30:00,1,0,0.4,1.30467,1.3024,1.3103449999999999,0.0022699999999999942,1.3024,sl,-90.79999999999978,-1.0,9008.47000000002,False
historical,2013-03-11 09:30:00,2013-03-11 18:00:00,-1,0,0.55,1.30037,1.30199,1.2963200000000001,0.0016199999999999548,1.30199,sl,-89.09999999999752,-1.0,8919.370000000023,False
historical,2013-03-28 09:45:00,2013-03-28 12:30:00,-1,0,0.21,1.27897,1.28103,1.2738200000000002,0.0020599999999999508,1.28103,sl,-43.25999999999897,-1.0,8876.110000000024,False
historical,2013-04-03 14:00:00,2013-04-04 07:00:00,1,0,0.39,1.28287,1.28061,1.2885199999999997,0.0022599999999999287,1.28297,sl,3.8999999999995705,0.04424778761061599,8880.010000000024,True
historical,2013-04-15 10:00:00,2013-04-15 14:15:00,-1,0,0.43,1.30742,1.30946,1.30232,0.0020400000000000418,1.30946,sl,-87.72000000000179,-1.0,8792.290000000023,False
historical,2013-04-22 08:15:00,2013-04-22 09:00:00,-1,0,0.52,1.30575,1.3074299999999999,1.3015500000000002,0.0016799999999999038,1.3074299999999999,sl,-87.359999999995,-1.0,8704.930000000028,False
historical,2013-04-22 09:30:00,2013-04-23 09:00:00,-1,0,0.39,1.30554,1.30774,1.30004,0.0021999999999999797,1.30774,sl,-85.79999999999922,-1.0,8619.130000000028,False
historical,2013-04-24 14:30:00,2013-04-24 19:00:00,-1,0,0.4,1.29957,1.3017,1.2942449999999994,0.0021300000000001873,1.3017,sl,-85.20000000000749,-1.0,8533.93000000002,False
historical,2013-04-25 10:15:00,2013-04-25 14:15:00,1,0,0.24,1.30421,1.30246,1.3085850000000003,0.0017500000000001403,1.3085850000000003,tp,105.00000000000576,2.4999999999999365,8638.930000000026,True
historical,2013-04-29 08:15:00,2013-04-29 09:45:00,1,0,0.51,1.30575,1.30406,1.309975,0.0016899999999999693,1.309975,tp,215.4749999999961,2.5,8854.405000000022,True
historical,2013-04-30 15:15:00,2013-04-30 15:30:00,1,0,0.43,1.30851,1.30649,1.3135600000000003,0.002020000000000133,1.3135600000000003,tp,217.15000000000947,2.4999999999999445,9071.555000000031,True
historical,2013-05-02 10:15:00,2013-05-02 13:45:00,1,0,0.23,1.31674,1.31478,1.32164,0.0019599999999999618,1.31478,sl,-45.079999999999124,-1.0,9026.475000000031,False
historical,2013-05-06 10:45:00,2013-05-06 16:15:00,-1,0,0.58,1.31067,1.3122,1.306845,0.0015300000000000313,1.306845,tp,221.8499999999981,2.499999999999927,9248.32500000003,False
historical,2013-05-07 08:15:00,2013-05-07 12:00:00,-1,0,0.59,1.30807,1.30963,1.30417,0.0015600000000000058,1.30963,sl,-92.04000000000033,-1.0,9156.285000000029,False
historical,2013-05-14 09:15:00,2013-05-14 09:30:00,1,0,0.57,1.30123,1.29965,1.3051800000000005,0.0015800000000001369,1.29965,sl,-90.06000000000779,-1.0,9066.22500000002,False
historical,2013-05-14 11:00:00,2013-05-14 11:00:00,-1,0,0.53,1.29949,1.3012,1.2952150000000002,0.0017099999999998783,1.3012,sl,-90.62999999999356,-1.0,8975.595000000027,False
historical,2013-05-21 11:30:00,2013-05-21 12:15:00,1,0,0.38,1.28854,1.28622,1.2943400000000003,0.0023200000000000998,1.28622,sl,-88.16000000000379,-1.0,8887.435000000023,False
historical,2013-05-21 16:00:00,2013-05-21 17:00:00,-1,0,0.59,1.28596,1.28746,1.2822099999999998,0.0015000000000000568,1.28746,sl,-88.50000000000334,-1.0,8798.93500000002,False
historical,2013-05-22 09:00:00,2013-05-22 12:15:00,1,0,0.58,1.29164,1.29013,1.2954149999999998,0.0015099999999999003,1.2954149999999998,tp,218.94999999999197,2.5000000000000737,9017.885000000011,True
historical,2013-05-28 11:15:00,2013-05-28 11:15:00,-1,0,0.53,1.28973,1.2913999999999999,1.2855550000000004,0.0016699999999998383,1.2913999999999999,sl,-88.50999999999144,-1.0,8929.37500000002,False
historical,2013-06-05 16:00:00,2013-06-05 17:30:00,1,0,0.58,1.30734,1.30581,1.311165,0.0015300000000000313,1.30744,sl,5.799999999999361,0.06535947712417448,8935.17500000002,True
historical,2013-06-12 15:45:00,2013-06-12 17:45:00,1,0,0.45,1.32855,1.32659,1.3334499999999998,0.0019599999999999618,1.3334499999999998,tp,220.4999999999957,2.5,9155.675000000016,True
historical,2013-06-25 10:15:00,2013-06-25 16:00:00,-1,0,0.47,1.31269,1.31462,1.307865,0.0019299999999999873,1.307865,tp,226.77499999999327,2.4999999999999423,9382.450000000008,True
historical,2013-06-25 11:15:00,2013-06-25 13:45:00,-1,0,0.48,1.31224,1.31416,1.3074400000000002,0.0019199999999999218,1.31416,sl,-92.15999999999624,-1.0,9290.290000000012,False
historical,2013-07-04 09:15:00,2013-07-04 11:45:00,-1,0,0.23,1.29863,1.3006199999999999,1.2936550000000002,0.0019899999999999363,1.3006199999999999,sl,-45.76999999999854,-1.0,9244.520000000013,False
historical,2013-07-10 14:15:00,2013-07-10 15:45:00,-1,0,0.53,1.28125,1.28298,1.2769249999999999,0.0017300000000000093,1.28298,sl,-91.6900000000005,-1.0,9152.830000000013,False
historical,2013-07-23 09:15:00,2013-07-23 11:00:00,1,0,0.52,1.31947,1.31773,1.3238199999999996,0.0017399999999998528,1.31773,sl,-90.47999999999234,-1.0,9062.35000000002,False
historical,2013-07-23 16:15:00,2013-07-23 16:30:00,1,0,0.59,1.31934,1.31781,1.323165,0.0015300000000000313,1.31944,sl,5.89999999999935,0.06535947712417448,9068.25000000002,True
historical,2013-08-13 09:30:00,2013-08-13 11:15:00,-1,0,0.38,1.32899,1.33133,1.32314,0.0023400000000000087,1.33133,sl,-88.92000000000033,-1.0,8979.33000000002,False
historical,2013-08-22 16:30:00,2013-08-22 17:00:00,-1,0,0.21,1.333,1.33506,1.3278500000000002,0.0020599999999999508,1.33506,sl,-43.25999999999897,-1.0,8936.070000000022,False
historical,2013-08-28 11:30:00,2013-08-28 12:30:00,1,0,0.54,1.33761,1.33597,1.3417099999999995,0.0016399999999998638,1.33597,sl,-88.55999999999266,-1.0,8847.51000000003,False
historical,2013-09-02 10:00:00,2013-09-03 08:15:00,-1,0,0.5,1.32101,1.32276,1.3166350000000002,0.0017499999999999183,1.3166350000000002,tp,218.7499999999898,2.5000000000000004,9066.260000000018,True
historical,2013-09-04 10:00:00,2013-09-04 11:00:00,-1,0,0.46,1.31597,1.31793,1.3110700000000002,0.0019599999999999618,1.31793,sl,-90.15999999999825,-1.0,8976.10000000002,False
historical,2013-09-11 10:15:00,2013-09-11 15:45:00,1,0,0.57,1.32659,1.32502,1.3305149999999997,0.0015699999999998493,1.32669,sl,5.699999999999371,0.06369426751592266,8981.80000000002,True
historical,2013-09-11 11:00:00,2013-09-11 19:30:00,1,0,0.44,1.32731,1.32527,1.33241,0.0020400000000000418,1.33241,tp,224.40000000000458,2.5,9206.200000000024,True
historical,2013-09-23 14:30:00,2013-09-23 15:15:00,1,0,0.5,1.3515,1.34969,1.3560249999999996,0.0018099999999998673,1.34969,sl,-90.49999999999336,-1.0,9115.700000000032,False
historical,2013-09-23 15:00:00,2013-09-25 11:15:00,-1,0,0.46,1.3507,1.3526799999999999,1.3457500000000002,0.0019799999999998708,1.3506,sl,4.599999999999493,0.050505050505048235,9120.300000000032,True
historical,2013-09-24 11:00:00,2013-09-25 11:45:00,-1,0,0.49,1.3493,1.35116,1.3446500000000001,0.0018599999999999728,1.35116,sl,-91.13999999999866,-1.0,9029.160000000033,False
historical,2013-09-26 15:30:00,2013-09-26 16:00:00,-1,0,0.29,1.34922,1.35073,1.3454450000000002,0.0015099999999999003,1.35073,sl,-43.78999999999711,-1.0,8985.370000000035,False
historical,2013-10-07 14:00:00,2013-10-07 17:15:00,-1,0,0.53,1.35668,1.35836,1.3524800000000003,0.0016799999999999038,1.35836,sl,-89.0399999999949,-1.0,8896.33000000004,False
historical,2013-10-08 15:45:00,2013-10-08 18:45:00,1,0,0.39,1.35951,1.35724,1.3651849999999999,0.0022699999999999942,1.35724,sl,-88.52999999999979,-1.0,8807.80000000004,False
historical,2013-10-23 15:00:00,2013-10-23 16:00:00,1,0,0.56,1.37628,1.37472,1.38018,0.0015600000000000058,1.37638,sl,5.599999999999384,0.0641025641025568,8813.400000000038,True
historical,2013-11-06 08:45:00,2013-11-06 09:15:00,1,0,0.49,1.35087,1.34908,1.3553449999999998,0.0017899999999999583,1.34908,sl,-87.70999999999795,-1.0,8725.69000000004,False
historical,2013-11-12 09:45:00,2013-11-12 11:45:00,-1,0,0.41,1.33736,1.33944,1.3321600000000005,0.0020799999999998597,1.33944,sl,-85.27999999999425,-1.0,8640.410000000047,False
historical,2013-11-14 09:15:00,2013-11-14 10:30:00,1,0,0.24,1.34683,1.3450900000000001,1.3511799999999996,0.0017399999999998528,1.3450900000000001,sl,-41.75999999999647,-1.0,8598.65000000005,False
historical,2013-11-14 16:00:00,2013-11-14 16:30:00,1,0,0.22,1.34557,1.34368,1.3502949999999998,0.0018899999999999473,1.34368,sl,-41.57999999999884,-1.0,8557.070000000052,False
historical,2013-11-19 10:00:00,2013-11-19 11:00:00,1,0,0.43,1.35194,1.34995,1.3569149999999999,0.0019899999999999363,1.34995,sl,-85.56999999999726,-1.0,8471.500000000055,False
historical,2013-11-19 15:45:00,2013-11-19 15:45:00,1,0,0.47,1.35173,1.34995,1.3561800000000004,0.0017800000000001148,1.34995,sl,-83.6600000000054,-1.0,8387.84000000005,False
historical,2013-11-20 15:30:00,2013-11-20 16:15:00,1,0,0.55,1.35375,1.35225,1.3575000000000002,0.0015000000000000568,1.35225,sl,-82.50000000000313,-1.0,8305.340000000046,False
historical,2013-12-02 08:45:00,2013-12-02 09:30:00,1,0,0.45,1.36122,1.35941,1.3657450000000004,0.0018100000000000893,1.35941,sl,-81.45000000000402,-1.0,8223.890000000041,False
historical,2013-12-11 10:00:00,2013-12-12 10:45:00,1,0,0.34,1.37629,1.37392,1.382215,0.0023699999999999832,1.37639,sl,3.399999999999626,0.042194092826999874,8227.29000000004,True
historical,2013-12-12 16:00:00,2013-12-12 16:00:00,1,0,0.19,1.37752,1.37544,1.3827200000000004,0.002080000000000082,1.37544,sl,-39.52000000000156,-1.0,8187.7700000000395,False
historical,2013-12-16 10:30:00,2013-12-16 18:15:00,1,0,0.33,1.37722,1.37477,1.3833450000000003,0.0024500000000000632,1.37477,sl,-80.85000000000208,-1.0,8106.920000000037,False
historical,2013-12-26 16:45:00,2013-12-27 04:00:00,1,0,0.24,1.36975,1.36809,1.3739,0.0016599999999999948,1.3739,tp,99.59999999999702,2.499999999999933,8206.520000000035,True
historical,2013-12-31 15:30:00,2014-01-02 12:00:00,-1,0,0.36,1.37694,1.3792,1.3712900000000001,0.0022599999999999287,1.3712900000000001,tp,203.3999999999976,2.500000000000049,8409.920000000033,True
historical,2014-01-14 11:45:00,2014-01-14 14:30:00,1,0,0.42,1.368,1.36601,1.3729750000000005,0.0019900000000001583,1.36601,sl,-83.58000000000665,-1.0,8326.340000000026,False
historical,2014-01-14 15:30:00,2014-01-15 02:30:00,1,0,0.51,1.36734,1.36573,1.3713649999999997,0.0016099999999998893,1.36573,sl,-82.10999999999436,-1.0,8244.23000000003,False
historical,2014-01-16 08:30:00,2014-01-16 10:30:00,-1,0,0.2,1.36069,1.36275,1.35554,0.0020599999999999508,1.36275,sl,-41.199999999999015,-1.0,8203.030000000032,False
historical,2014-01-21 09:00:00,2014-01-21 17:15:00,-1,0,0.45,1.35465,1.35645,1.3501499999999997,0.0018000000000000238,1.35645,sl,-81.00000000000107,-1.0,8122.030000000031,False
historical,2014-01-22 09:00:00,2014-01-22 13:30:00,-1,0,0.35,1.35444,1.35676,1.3486400000000005,0.0023199999999998777,1.35676,sl,-81.19999999999571,-1.0,8040.830000000035,False
historical,2014-01-28 16:45:00,2014-01-29 09:30:00,-1,0,0.44,1.3657,1.3675,1.3611999999999997,0.0018000000000000238,1.3675,sl,-79.20000000000104,-1.0,7961.630000000035,False
historical,2014-02-04 15:15:00,2014-02-05 14:00:00,-1,0,0.41,1.35118,1.3531,1.3463800000000004,0.0019199999999999218,1.3531,sl,-78.71999999999679,-1.0,7882.910000000038,False
historical,2014-02-05 11:15:00,2014-02-05 14:00:00,-1,0,0.37,1.35089,1.35302,1.3455650000000001,0.0021299999999999653,1.35302,sl,-78.80999999999871,-1.0,7804.1000000000395,False
historical,2014-02-05 14:00:00,2014-02-05 14:00:00,1,0,0.51,1.35238,1.35086,1.3561799999999997,0.0015199999999999658,1.35248,sl,5.099999999999438,0.06578947368420475,7809.200000000039,True
historical,2014-02-12 11:30:00,2014-02-12 11:45:00,1,0,0.48,1.36506,1.36344,1.3691099999999998,0.0016199999999999548,1.36344,sl,-77.75999999999783,-1.0,7731.440000000041,False
historical,2014-02-17 10:15:00,2014-02-17 14:15:00,1,0,0.39,1.37134,1.3694,1.3761900000000002,0.0019400000000000528,1.3694,sl,-75.66000000000207,-1.0,7655.78000000004,False
historical,2014-02-18 10:00:00,2014-02-18 15:00:00,1,0,0.45,1.37191,1.37021,1.37616,0.0017000000000000348,1.37616,tp,191.25000000000392,2.5,7847.030000000043,True
historical,2014-02-18 11:45:00,2014-02-19 20:15:00,1,0,0.34,1.37276,1.3705,1.3784099999999997,0.0022599999999999287,1.37286,sl,3.399999999999626,0.04424778761061599,7850.430000000043,True
historical,2014-02-19 15:30:00,2014-02-19 20:00:00,1,0,0.46,1.37569,1.374,1.379915,0.0016899999999999693,1.374,sl,-77.73999999999859,-1.0,7772.690000000044,False
historical,2014-02-26 10:15:00,2014-02-26 13:15:00,1,0,0.38,1.37539,1.37337,1.3804399999999997,0.0020199999999999108,1.37337,sl,-76.75999999999661,-1.0,7695.930000000048,False
historical,2014-03-05 10:30:00,2014-03-05 14:15:00,-1,0,0.35,1.37252,1.37466,1.3671699999999998,0.0021400000000000308,1.37466,sl,-74.90000000000107,-1.0,7621.030000000046,False
historical,2014-03-06 09:15:00,2014-03-06 11:45:00,-1,0,0.21,1.37226,1.37401,1.3678850000000002,0.0017499999999999183,1.37401,sl,-36.74999999999828,-1.0,7584.280000000048,False
historical,2014-03-11 11:00:00,2014-03-11 15:30:00,-1,0,0.45,1.38493,1.38661,1.3807300000000002,0.0016799999999999038,1.38661,sl,-75.59999999999567,-1.0,7508.680000000052,False
historical,2014-03-17 10:00:00,2014-03-18 10:15:00,1,0,0.34,1.39044,1.38826,1.3958899999999996,0.0021799999999998487,1.3905399999999999,sl,3.399999999999626,0.04587155963302566,7512.080000000052,True
historical,2014-03-19 11:45:00,2014-03-19 15:00:00,1,0,0.46,1.39215,1.39054,1.3961749999999997,0.0016099999999998893,1.39054,sl,-74.05999999999491,-1.0,7438.020000000057,False
historical,2014-03-24 15:15:00,2014-03-24 16:45:00,-1,0,0.4,1.37678,1.37863,1.3721549999999996,0.0018500000000001293,1.37863,sl,-74.00000000000519,-1.0,7364.020000000051,False
historical,2014-03-25 16:30:00,2014-03-25 17:30:00,-1,0,0.35,1.37853,1.38062,1.3733050000000002,0.0020899999999999253,1.38062,sl,-73.14999999999738,-1.0,7290.870000000054,False
historical,2014-03-26 10:00:00,2014-03-27 17:00:00,-1,0,0.3,1.3796,1.38202,1.3735499999999998,0.0024200000000000887,1.3735499999999998,tp,181.50000000000333,2.499999999999954,7472.370000000057,True
historical,2014-03-27 08:30:00,2014-03-27 17:00:00,-1,0,0.21,1.3772,1.37894,1.3728499999999997,0.0017400000000000748,1.3728499999999997,tp,91.35000000000626,2.500000000000064,7563.720000000063,True
historical,2014-03-27 15:30:00,2014-03-28 09:00:00,-1,0,0.25,1.37613,1.37764,1.3723550000000002,0.0015099999999999003,1.3723550000000002,tp,94.37499999999655,2.5000000000000737,7658.095000000059,True
historical,2014-04-02 15:30:00,2014-04-03 14:30:00,-1,0,0.43,1.37764,1.37939,1.3732650000000002,0.0017499999999999183,1.37939,sl,-75.24999999999649,-1.0,7582.845000000063,False
historical,2014-04-02 16:15:00,2014-04-03 14:30:00,-1,0,0.38,1.37713,1.37908,1.3722549999999996,0.0019500000000001183,1.37908,sl,-74.1000000000045,-1.0,7508.745000000058,False
historical,2014-04-14 10:15:00,2014-04-14 14:30:00,-1,0,0.49,1.38483,1.38634,1.3810550000000004,0.0015099999999999003,1.3810550000000004,tp,184.97499999998234,2.4999999999999263,7693.72000000004,True
historical,2014-05-14 11:45:00,2014-05-15 09:45:00,-1,0,0.49,1.37124,1.37279,1.3673650000000002,0.0015499999999999403,1.3673650000000002,tp,189.87499999999267,2.4999999999999996,7883.595000000033,True
historical,2014-05-20 16:45:00,2014-05-21 02:30:00,-1,0,0.52,1.36912,1.37062,1.3653699999999998,0.0015000000000000568,1.37062,sl,-78.00000000000296,-1.0,7805.59500000003,False
historical,2014-05-22 09:15:00,2014-05-22 09:30:00,-1,0,0.24,1.36629,1.3679,1.3622650000000003,0.0016099999999998893,1.3679,sl,-38.63999999999734,-1.0,7766.955000000033,False
historical,2014-05-29 15:00:00,2014-05-30 15:00:00,-1,0,0.15,1.36023,1.36273,1.3539800000000002,0.0024999999999999467,1.36273,sl,-37.4999999999992,-1.0,7729.455000000034,False
historical,2014-06-11 16:15:00,2014-06-12 16:30:00,-1,0,0.4,1.35313,1.35506,1.3483049999999999,0.0019299999999999873,1.35506,sl,-77.19999999999949,-1.0,7652.255000000034,False
historical,2014-06-17 11:00:00,2014-06-17 14:30:00,1,0,0.36,1.35752,1.35541,1.3627950000000002,0.0021100000000000563,1.35541,sl,-75.96000000000203,-1.0,7576.295000000032,False
historical,2014-08-27 15:45:00,2014-08-27 16:15:00,-1,0,0.46,1.31722,1.31885,1.313145,0.0016300000000000203,1.31885,sl,-74.98000000000093,-1.0,7501.315000000031,False
historical,2014-08-28 10:15:00,2014-08-28 11:45:00,1,0,0.23,1.32122,1.31962,1.3252200000000003,0.0016000000000000458,1.31962,sl,-36.800000000001056,-1.0,7464.51500000003,False
historical,2014-09-10 08:45:00,2014-09-10 14:30:00,1,0,0.42,1.29395,1.29221,1.2982999999999996,0.0017399999999998528,1.29221,sl,-73.07999999999382,-1.0,7391.435000000037,False
historical,2014-09-10 10:15:00,2014-09-10 14:30:00,1,0,0.46,1.29398,1.29239,1.297955,0.0015899999999999803,1.29239,sl,-73.1399999999991,-1.0,7318.295000000037,False
historical,2014-09-17 16:00:00,2014-09-17 17:15:00,1,0,0.46,1.29659,1.29501,1.3005399999999998,0.0015799999999999148,1.29501,sl,-72.67999999999608,-1.0,7245.615000000042,False
historical,2014-10-02 11:45:00,2014-10-02 14:30:00,1,0,0.23,1.26411,1.26255,1.26801,0.0015600000000000058,1.26255,sl,-35.88000000000014,-1.0,7209.7350000000415,False
historical,2014-10-08 09:15:00,2014-10-08 13:45:00,1,0,0.3,1.26448,1.26215,1.270305,0.0023299999999999432,1.26458,sl,2.9999999999996696,0.04291845493561863,7212.7350000000415,True
historical,2014-10-13 10:30:00,2014-10-13 22:30:00,1,0,0.32,1.2679,1.26566,1.2735,0.0022400000000000198,1.2735,tp,179.20000000000158,2.5,7391.935000000043,True
historical,2014-10-13 15:30:00,2014-10-13 17:15:00,1,0,0.42,1.26916,1.26742,1.2735100000000004,0.0017400000000000748,1.26742,sl,-73.08000000000314,-1.0,7318.85500000004,False
historical,2014-10-20 15:00:00,2014-10-20 17:30:00,-1,0,0.38,1.2767,1.27859,1.271975,0.0018899999999999473,1.27859,sl,-71.81999999999799,-1.0,7247.035000000042,False
historical,2014-10-20 15:30:00,2014-10-20 16:00:00,-1,0,0.34,1.27584,1.27792,1.2706400000000004,0.0020799999999998597,1.27792,sl,-70.71999999999524,-1.0,7176.315000000047,False
historical,2014-11-04 08:30:00,2014-11-04 11:15:00,-1,0,0.42,1.25028,1.25197,1.2460550000000001,0.0016899999999999693,1.25197,sl,-70.97999999999871,-1.0,7105.335000000048,False
historical,2014-11-04 15:15:00,2014-11-04 16:15:00,-1,0,0.42,1.25106,1.25273,1.2468850000000005,0.0016699999999998383,1.25273,sl,-70.13999999999321,-1.0,7035.195000000055,False
historical,2014-11-06 11:45:00,2014-11-06 14:30:00,1,0,0.19,1.25198,1.25021,1.2564050000000002,0.0017700000000000493,1.25021,sl,-33.63000000000093,-1.0,7001.565000000054,False
historical,2014-11-19 09:00:00,2014-11-19 16:00:00,1,0,0.32,1.25342,1.25125,1.258845,0.0021700000000000053,1.25352,sl,3.1999999999996476,0.04608294930875057,7004.765000000054,True
historical,2014-11-19 11:30:00,2014-11-19 16:00:00,1,0,0.39,1.25396,1.25218,1.2584099999999996,0.0017799999999998928,1.25406,sl,3.8999999999995705,0.05617977528089607,7008.665000000054,True
historical,2014-11-25 09:30:00,2014-11-25 10:30:00,-1,0,0.36,1.24171,1.24364,1.236885,0.0019299999999999873,1.24364,sl,-69.47999999999954,-1.0,6939.185000000054,False
historical,2014-11-25 11:30:00,2014-11-25 16:30:00,-1,0,0.44,1.24276,1.2443199999999999,1.2388600000000007,0.0015599999999997838,1.2443199999999999,sl,-68.6399999999905,-1.0,6870.545000000064,False
historical,2014-11-26 10:15:00,2014-11-26 11:00:00,1,0,0.44,1.24783,1.2463,1.251655,0.0015300000000000313,1.2463,sl,-67.32000000000137,-1.0,6803.225000000062,False
historical,2014-11-26 14:15:00,2014-11-26 17:45:00,1,0,0.29,1.24643,1.24409,1.2522799999999998,0.0023400000000000087,1.2522799999999998,tp,169.64999999999742,2.4999999999999525,6972.87500000006,True
historical,2014-12-10 14:45:00,2014-12-10 17:30:00,1,0,0.34,1.23837,1.23635,1.2434199999999997,0.0020199999999999108,1.2434199999999997,tp,171.69999999999243,2.4999999999999996,7144.575000000053,True
historical,2014-12-15 08:45:00,2014-12-15 10:00:00,1,0,0.42,1.24549,1.2438,1.249715,0.0016899999999999693,1.2438,sl,-70.97999999999871,-1.0,7073.595000000054,False
historical,2014-12-17 09:15:00,2014-12-17 09:45:00,1,0,0.37,1.24921,1.24733,1.2539099999999996,0.0018799999999998818,1.24733,sl,-69.55999999999563,-1.0,7004.035000000058,False
historical,2014-12-22 14:45:00,2014-12-22 21:45:00,-1,0,0.46,1.2257,1.22722,1.2219000000000002,0.0015199999999999658,1.2219000000000002,tp,174.79999999999097,2.4999999999999267,7178.835000000049,False
historical,2014-12-23 10:00:00,2014-12-23 10:30:00,-1,0,0.44,1.2225,1.22413,1.2184249999999999,0.0016300000000000203,1.22413,sl,-71.7200000000009,-1.0,7107.115000000048,False
historical,2014-12-29 09:45:00,2014-12-29 11:15:00,-1,0,0.36,1.21739,1.21932,1.2125650000000001,0.0019299999999999873,1.21932,sl,-69.47999999999954,-1.0,7037.635000000048,False
historical,2015-01-13 09:15:00,2015-01-13 10:30:00,1,0,0.44,1.18382,1.1822300000000001,1.187795,0.0015899999999999803,1.1822300000000001,sl,-69.95999999999913,-1.0,6967.675000000049,False
historical,2015-01-15 10:15:00,2015-01-15 11:30:00,-1,0,0.15,1.17647,1.17875,1.1707699999999996,0.0022800000000000598,1.1707699999999996,tp,85.5000000000039,2.5000000000000484,7053.175000000053,False
historical,2015-01-15 10:45:00,2015-01-15 11:30:00,-1,0,0.17,1.17587,1.1779,1.170795,0.0020299999999999763,1.170795,tp,86.274999999999,2.5,7139.450000000052,False
historical,2015-01-20 10:15:00,2015-01-20 11:30:00,-1,0,0.4,1.15765,1.15941,1.15325,0.0017599999999999838,1.15941,sl,-70.39999999999935,-1.0,7069.050000000052,False
historical,2015-01-21 09:15:00,2015-01-21 14:45:00,-1,0,0.39,1.15688,1.15869,1.1523549999999996,0.0018100000000000893,1.15869,sl,-70.59000000000349,-1.0,6998.460000000048,False
historical,2015-02-02 10:30:00,2015-02-02 13:15:00,1,0,0.37,1.13233,1.1304400000000001,1.137055,0.0018899999999999473,1.13243,sl,3.6999999999995925,0.05291005291004856,7002.160000000048,True
historical,2015-02-03 09:00:00,2015-02-03 10:00:00,1,0,0.46,1.13386,1.13236,1.1376100000000002,0.0015000000000000568,1.13236,sl,-69.00000000000261,-1.0,6933.160000000045,False
historical,2015-02-10 10:30:00,2015-02-10 13:45:00,-1,0,0.38,1.13188,1.13368,1.12738,0.0018000000000000238,1.12738,tp,170.99999999999804,2.4999999999999383,7104.1600000000435,True
historical,2015-02-17 08:45:00,2015-02-17 11:00:00,-1,0,0.4,1.13504,1.13678,1.1306900000000004,0.0017399999999998528,1.13678,sl,-69.59999999999411,-1.0,7034.5600000000495,False
historical,2015-02-18 15:15:00,2015-02-18 21:00:00,-1,0,0.4,1.13716,1.1389,1.1328099999999997,0.0017400000000000748,1.13706,sl,3.99999999999956,0.0574712643678073,7038.5600000000495,True
historical,2015-02-24 16:15:00,2015-02-24 17:15:00,-1,0,0.29,1.13176,1.13416,1.12576,0.0023999999999999577,1.13416,sl,-69.59999999999876,-1.0,6968.960000000051,False
historical,2015-02-25 10:45:00,2015-02-25 12:30:00,1,0,0.41,1.13716,1.13548,1.1413599999999997,0.0016799999999999038,1.13548,sl,-68.87999999999604,-1.0,6900.0800000000545,False
historical,2015-03-02 15:45:00,2015-03-03 11:30:00,-1,0,0.38,1.12167,1.12345,1.1172199999999997,0.0017800000000001148,1.1172199999999997,tp,169.1000000000109,2.5,7069.180000000066,True
historical,2015-03-18 10:45:00,2015-03-18 14:45:00,1,0,0.36,1.06094,1.05901,1.0657649999999999,0.0019299999999999873,1.05901,sl,-69.47999999999954,-1.0,6999.700000000066,False
historical,2015-03-18 16:00:00,2015-03-18 20:00:00,1,0,0.29,1.06112,1.05871,1.067145,0.0024100000000000232,1.067145,tp,174.72499999999846,2.4999999999999543,7174.425000000065,True
historical,2015-04-07 08:00:00,2015-04-07 11:15:00,-1,0,0.32,1.09238,1.09462,1.0867799999999999,0.0022400000000000198,1.0867799999999999,tp,179.20000000000158,2.5,7353.625000000066,False
historical,2015-04-07 11:00:00,2015-04-07 11:15:00,-1,0,0.36,1.09217,1.09421,1.0870700000000006,0.0020399999999998197,1.0870700000000006,tp,183.59999999997976,2.499999999999945,7537.225000000046,False
historical,2015-04-15 09:30:00,2015-04-15 10:15:00,1,0,0.35,1.06459,1.06244,1.0699649999999996,0.0021499999999998742,1.06244,sl,-75.2499999999956,-1.0,7461.97500000005,False
historical,2015-04-21 08:30:00,2015-04-21 09:45:00,-1,0,0.44,1.07223,1.0739,1.0680549999999998,0.0016700000000000603,1.0680549999999998,tp,183.70000000001153,2.5000000000000666,7645.675000000062,True
historical,2015-04-23 08:00:00,2015-04-23 11:15:00,-1,0,0.22,1.07024,1.07196,1.0659400000000003,0.0017199999999999438,1.07196,sl,-37.83999999999876,-1.0,7607.835000000064,False
historical,2015-04-28 11:45:00,2015-04-28 13:45:00,1,0,0.37,1.08816,1.0861100000000001,1.0932849999999998,0.0020499999999998852,1.0932849999999998,tp,189.6249999999935,2.500000000000054,7797.460000000057,True
historical,2015-06-16 09:45:00,2015-06-16 09:45:00,1,0,0.36,1.12782,1.12566,1.13322,0.0021599999999999397,1.12792,sl,3.5999999999996035,0.04629629629629249,7801.060000000057,True
historical,2015-06-17 10:00:00,2015-06-17 11:45:00,1,0,0.4,1.12586,1.12391,1.1307350000000005,0.0019500000000001183,1.12596,sl,3.99999999999956,0.05128205128204253,7805.060000000057,True
historical,2015-07-29 16:30:00,2015-07-29 21:00:00,-1,0,0.32,1.10352,1.10594,1.0974700000000004,0.0024199999999998667,1.10594,sl,-77.43999999999573,-1.0,7727.620000000061,False
historical,2015-08-17 14:00:00,2015-08-17 15:00:00,-1,0,0.44,1.10862,1.1103399999999999,1.10432,0.0017199999999999438,1.1103399999999999,sl,-75.67999999999752,-1.0,7651.940000000063,False
historical,2015-08-18 10:30:00,2015-08-18 10:45:00,-1,0,0.45,1.10653,1.10821,1.1023300000000003,0.0016799999999999038,1.10821,sl,-75.59999999999567,-1.0,7576.340000000067,False
historical,2015-08-18 11:45:00,2015-08-18 18:30:00,-1,0,0.33,1.10731,1.10955,1.10171,0.0022400000000000198,1.10171,tp,184.80000000000163,2.5,7761.140000000069,True
historical,2015-09-03 09:30:00,2015-09-03 10:00:00,-1,0,0.25,1.12218,1.1237,1.1183800000000002,0.0015199999999999658,1.1237,sl,-37.99999999999915,-1.0,7723.14000000007,False
historical,2015-09-30 14:30:00,2015-10-01 06:30:00,-1,0,0.36,1.1206,1.1227,1.11535,0.0020999999999999908,1.11535,tp,188.99999999999915,2.4999999999999996,7912.140000000069,True
historical,2015-10-06 09:15:00,2015-10-06 09:30:00,-1,0,0.49,1.11779,1.1194,1.1137650000000003,0.0016099999999998893,1.1194,sl,-78.88999999999457,-1.0,7833.250000000075,False
historical,2015-10-08 10:00:00,2015-10-08 10:15:00,1,0,0.23,1.12615,1.12448,1.130325,0.0016700000000000603,1.130325,tp,96.02500000000092,2.4999999999999334,7929.275000000075,True
historical,2015-10-13 15:30:00,2015-10-13 17:00:00,1,0,0.46,1.13863,1.13692,1.1429050000000003,0.0017100000000001003,1.13692,sl,-78.66000000000463,-1.0,7850.615000000071,False
historical,2015-10-14 15:15:00,2015-10-14 15:30:00,1,0,0.46,1.14094,1.13924,1.1451900000000002,0.0017000000000000348,1.14104,sl,4.599999999999493,0.05882352941175702,7855.21500000007,True
historical,2015-10-19 10:15:00,2015-10-19 17:45:00,-1,0,0.37,1.13584,1.1379299999999999,1.1306150000000001,0.0020899999999999253,1.1306150000000001,tp,193.32499999999308,2.5,8048.540000000064,True
historical,2015-10-27 10:00:00,2015-10-27 14:15:00,-1,0,0.45,1.10549,1.10725,1.1010900000000001,0.0017599999999999838,1.10725,sl,-79.19999999999926,-1.0,7969.340000000065,False
historical,2015-10-28 10:45:00,2015-10-28 11:00:00,-1,0,0.48,1.10362,1.10525,1.099545,0.0016300000000000203,1.10525,sl,-78.24000000000098,-1.0,7891.100000000064,False
historical,2015-11-10 10:15:00,2015-11-10 14:45:00,-1,0,0.43,1.07475,1.07657,1.0702000000000003,0.0018199999999999328,1.0702000000000003,tp,195.6499999999928,2.5000000000000004,8086.750000000056,False
historical,2015-11-11 10:00:00,2015-11-11 13:15:00,1,0,0.43,1.07487,1.07303,1.0794700000000002,0.0018400000000000638,1.07303,sl,-79.12000000000275,-1.0,8007.630000000054,False
historical,2015-11-18 14:15:00,2015-11-18 16:00:00,1,0,0.53,1.06714,1.06563,1.0709149999999998,0.0015099999999999003,1.06563,sl,-80.02999999999471,-1.0,7927.6000000000595,False
historical,2015-11-19 11:00:00,2015-11-19 18:00:00,1,0,0.17,1.0688,1.06647,1.0746249999999997,0.0023299999999999432,1.0746249999999997,tp,99.02499999999571,2.4999999999999525,8026.6250000000555,True
historical,2015-11-26 09:45:00,2015-11-27 08:45:00,-1,0,0.22,1.06063,1.06244,1.0561049999999996,0.0018100000000000893,1.06244,sl,-39.82000000000197,-1.0,7986.805000000054,False
historical,2015-12-01 10:15:00,2015-12-01 10:45:00,-1,0,0.46,1.05779,1.05952,1.053465,0.0017300000000000093,1.05952,sl,-79.58000000000042,-1.0,7907.225000000053,False
historical,2015-12-02 10:00:00,2015-12-02 12:00:00,1,0,0.4,1.06259,1.06065,1.0674399999999995,0.0019399999999998307,1.06065,sl,-77.59999999999323,-1.0,7829.62500000006,False
historical,2015-12-14 09:15:00,2015-12-14 13:15:00,-1,0,0.52,1.09585,1.09735,1.0920999999999998,0.0015000000000000568,1.09735,sl,-78.00000000000296,-1.0,7751.625000000057,False
historical,2015-12-14 10:45:00,2015-12-14 13:15:00,-1,0,0.33,1.09462,1.09692,1.08887,0.0022999999999999687,1.09692,sl,-75.89999999999897,-1.0,7675.725000000059,False
historical,2015-12-16 16:30:00,2015-12-16 17:45:00,-1,0,0.49,1.0926,1.09414,1.0887500000000003,0.0015399999999998748,1.09414,sl,-75.45999999999387,-1.0,7600.265000000065,False
historical,2015-12-21 15:15:00,2015-12-21 17:15:00,1,0,0.44,1.08706,1.08534,1.0913599999999999,0.0017199999999999438,1.0913599999999999,tp,189.1999999999987,2.500000000000065,7789.465000000064,True
historical,2015-12-22 10:00:00,2015-12-22 16:30:00,1,0,0.39,1.09204,1.09007,1.0969649999999995,0.0019699999999998052,1.0969649999999995,tp,192.07499999998535,2.5000000000000564,7981.540000000049,True
historical,2015-12-24 16:45:00,2015-12-29 15:00:00,1,0,0.16,1.09563,1.09327,1.1015300000000003,0.0023600000000001398,1.09573,sl,1.5999999999998238,0.04237288135592503,7983.1400000000485,True
historical,2015-12-30 15:30:00,2015-12-30 15:45:00,-1,0,0.5,1.0919,1.09347,1.0879750000000006,0.0015699999999998493,1.09347,sl,-78.49999999999247,-1.0,7904.640000000056,False
historical,2015-12-30 16:45:00,2015-12-31 14:30:00,-1,0,0.45,1.09274,1.09448,1.0883900000000004,0.0017399999999998528,1.0883900000000004,tp,195.74999999998343,2.5,8100.390000000039,True
historical,2016-01-19 10:45:00,2016-01-19 10:45:00,-1,0,0.51,1.08654,1.08812,1.0825900000000002,0.0015799999999999148,1.08812,sl,-80.57999999999566,-1.0,8019.810000000044,False
historical,2016-01-25 14:30:00,2016-01-25 15:15:00,-1,0,0.52,1.08113,1.08267,1.0772799999999996,0.0015400000000000968,1.08267,sl,-80.08000000000504,-1.0,7939.730000000039,False
historical,2016-01-26 08:45:00,2016-01-26 11:00:00,1,0,0.44,1.08587,1.08408,1.0903449999999997,0.0017899999999999583,1.08408,sl,-78.75999999999816,-1.0,7860.97000000004,False
historical,2016-01-26 09:30:00,2016-01-26 10:45:00,1,0,0.35,1.08677,1.08457,1.09227,0.0021999999999999797,1.08457,sl,-76.99999999999929,-1.0,7783.970000000041,False
historical,2016-01-27 11:00:00,2016-01-27 15:15:00,1,0,0.48,1.08666,1.08505,1.0906849999999997,0.0016099999999998893,1.0906849999999997,tp,193.1999999999867,2.4999999999999996,7977.170000000028,True
historical,2016-02-03 14:45:00,2016-02-03 15:15:00,1,0,0.38,1.09293,1.09084,1.0981549999999998,0.0020899999999999253,1.09303,sl,3.7999999999995815,0.04784688995214955,7980.9700000000275,True
historical,2016-02-08 10:15:00,2016-02-08 13:00:00,1,0,0.53,1.11483,1.11333,1.1185800000000001,0.0015000000000000568,1.11493,sl,5.299999999999416,0.0666666666666568,7986.270000000027,True
historical,2016-02-17 15:15:00,2016-02-17 21:00:00,-1,0,0.49,1.11355,1.11515,1.10955,0.0016000000000000458,1.11515,sl,-78.40000000000224,-1.0,7907.870000000024,False
historical,2016-02-18 10:00:00,2016-02-18 16:15:00,-1,0,0.19,1.11271,1.11477,1.1075600000000003,0.0020599999999999508,1.1075600000000003,tp,97.84999999999555,2.4999999999999463,8005.72000000002,True
historical,2016-02-23 10:30:00,2016-02-23 11:30:00,-1,0,0.44,1.10366,1.10544,1.0992100000000002,0.0017799999999998928,1.0992100000000002,tp,195.79999999999308,2.5000000000000626,8201.520000000013,True
historical,2016-03-15 09:15:00,2016-03-15 09:30:00,-1,0,0.49,1.10921,1.11087,1.10506,0.0016599999999999948,1.11087,sl,-81.33999999999975,-1.0,8120.180000000013,False
historical,2016-03-15 11:30:00,2016-03-15 14:30:00,-1,0,0.4,1.10961,1.11161,1.10461,0.0020000000000000018,1.11161,sl,-80.00000000000009,-1.0,8040.180000000013,False
historical,2016-03-16 08:45:00,2016-03-16 19:45:00,-1,0,0.52,1.10877,1.1103,1.1049449999999998,0.0015300000000000313,1.10867,sl,5.199999999999428,0.06535947712417448,8045.380000000013,True
historical,2016-03-16 14:45:00,2016-03-16 20:00:00,-1,0,0.42,1.10822,1.11013,1.1034449999999998,0.0019100000000000783,1.11013,sl,-80.22000000000328,-1.0,7965.16000000001,False
historical,2016-04-11 15:30:00,2016-04-11 18:45:00,1,0,0.37,1.14054,1.13839,1.1459150000000005,0.0021500000000000963,1.14064,sl,3.6999999999995925,0.04651162790696954,7968.86000000001,True
historical,2016-04-18 15:30:00,2016-04-18 16:30:00,1,0,0.4,1.13167,1.12969,1.1366199999999997,0.0019799999999998708,1.12969,sl,-79.19999999999483,-1.0,7889.660000000014,False
historical,2016-04-26 09:15:00,2016-04-26 10:00:00,1,0,0.52,1.12719,1.12568,1.1309649999999998,0.0015099999999999003,1.12568,sl,-78.51999999999482,-1.0,7811.140000000019,False
historical,2016-04-26 15:15:00,2016-04-26 15:30:00,1,0,0.41,1.12871,1.12683,1.1334100000000005,0.0018800000000001038,1.12881,sl,4.0999999999995485,0.053191489361693337,7815.240000000019,True
historical,2016-04-27 09:30:00,2016-04-27 12:15:00,1,0,0.48,1.1305,1.1289,1.1345,0.0016000000000000458,1.1306,sl,4.7999999999994705,0.062499999999991326,7820.040000000018,True
historical,2016-04-27 15:30:00,2016-04-27 21:00:00,1,0,0.38,1.13112,1.12908,1.1362199999999993,0.0020399999999998197,1.13122,sl,3.7999999999995815,0.04901960784313619,7823.840000000017,True
historical,2016-05-05 10:15:00,2016-05-05 13:00:00,-1,0,0.21,1.14747,1.14931,1.1428699999999998,0.0018400000000000638,1.1428699999999998,tp,96.60000000000335,2.4999999999999996,7920.4400000000205,True
historical,2016-05-09 08:45:00,2016-05-09 09:45:00,-1,0,0.5,1.13988,1.14146,1.13593,0.0015799999999999148,1.14146,sl,-78.99999999999574,-1.0,7841.440000000025,False
historical,2016-05-09 10:15:00,2016-05-11 16:30:00,-1,0,0.35,1.13993,1.14214,1.1344050000000006,0.0022099999999998232,1.14214,sl,-77.34999999999381,-1.0,7764.090000000031,False
historical,2016-05-17 11:45:00,2016-05-17 16:45:00,-1,0,0.44,1.1323,1.13405,1.1279250000000003,0.0017499999999999183,1.13405,sl,-76.9999999999964,-1.0,7687.090000000035,False
historical,2016-05-23 15:30:00,2016-05-23 20:00:00,-1,0,0.44,1.12019,1.12192,1.1158649999999999,0.0017300000000000093,1.12192,sl,-76.1200000000004,-1.0,7610.970000000034,False
historical,2016-05-24 10:00:00,2016-05-24 17:30:00,-1,0,0.34,1.12006,1.12225,1.1145850000000004,0.0021899999999999142,1.1145850000000004,tp,186.14999999998895,2.499999999999949,7797.120000000023,True
historical,2016-05-24 10:30:00,2016-05-24 22:15:00,-1,0,0.34,1.11949,1.12175,1.1138400000000002,0.0022599999999999287,1.1138400000000002,tp,192.09999999999775,2.5000000000000493,7989.22000000002,True
historical,2016-06-13 15:30:00,2016-06-13 17:00:00,-1,0,0.39,1.12597,1.12798,1.1209449999999999,0.0020100000000000673,1.12798,sl,-78.39000000000263,-1.0,7910.830000000017,False
historical,2016-07-04 14:45:00,2016-07-05 10:15:00,1,0,0.42,1.11377,1.1119,1.1184449999999995,0.0018699999999998163,1.11387,sl,4.1999999999995365,0.053475935828876366,7915.030000000017,True
historical,2016-07-05 09:45:00,2016-07-05 10:15:00,1,0,0.36,1.11389,1.11173,1.11929,0.0021599999999999397,1.11399,sl,3.5999999999996035,0.04629629629629249,7918.6300000000165,True
historical,2016-07-05 10:15:00,2016-07-05 10:15:00,1,0,0.42,1.11402,1.11216,1.1186699999999998,0.0018599999999999728,1.11412,sl,4.1999999999995365,0.05376344086020991,7922.830000000016,True
historical,2016-07-13 10:15:00,2016-07-13 12:30:00,-1,0,0.39,1.10468,1.10669,1.0996550000000005,0.0020099999999998452,1.10669,sl,-78.38999999999396,-1.0,7844.440000000022,False
historical,2016-07-21 09:45:00,2016-07-21 10:15:00,1,0,0.22,1.10424,1.10252,1.1085400000000005,0.0017200000000001658,1.10252,sl,-37.84000000000365,-1.0,7806.600000000019,False
historical,2016-08-23 10:15:00,2016-08-23 13:00:00,1,0,0.41,1.13448,1.1326,1.1391799999999996,0.0018799999999998818,1.1326,sl,-77.07999999999515,-1.0,7729.520000000023,False
historical,2016-08-25 16:00:00,2016-08-25 18:45:00,1,0,0.2,1.12939,1.12748,1.1341649999999994,0.0019099999999998563,1.12748,sl,-38.199999999997125,-1.0,7691.320000000026,False
historical,2016-09-13 16:15:00,2016-09-13 17:00:00,-1,0,0.36,1.12266,1.12475,1.1174350000000002,0.0020899999999999253,1.12475,sl,-75.23999999999731,-1.0,7616.080000000029,False
historical,2016-09-14 10:30:00,2016-09-14 17:15:00,-1,0,0.39,1.12235,1.1243,1.1174749999999998,0.0019500000000001183,1.1243,sl,-76.05000000000462,-1.0,7540.030000000024,False
historical,2016-09-14 11:45:00,2016-09-14 12:30:00,-1,0,0.44,1.12155,1.12326,1.1172750000000002,0.0017099999999998783,1.12326,sl,-75.23999999999464,-1.0,7464.79000000003,False
historical,2016-09-29 15:45:00,2016-09-29 17:00:00,-1,0,0.18,1.12069,1.1227,1.115665,0.0020100000000000673,1.1227,sl,-36.18000000000121,-1.0,7428.610000000029,False
historical,2016-10-03 10:45:00,2016-10-03 17:00:00,1,0,0.39,1.12375,1.12185,1.1285,0.0019000000000000128,1.12185,sl,-74.1000000000005,-1.0,7354.510000000028,False
historical,2016-10-06 10:30:00,2016-10-06 11:00:00,-1,0,0.23,1.11867,1.12021,1.1148200000000004,0.0015399999999998748,1.12021,sl,-35.41999999999712,-1.0,7319.090000000031,False
historical,2016-10-19 14:00:00,2016-10-20 15:30:00,-1,0,0.38,1.09847,1.10038,1.0936950000000003,0.0019099999999998563,1.10038,sl,-72.57999999999454,-1.0,7246.510000000037,False
historical,2016-10-27 16:15:00,2016-10-27 17:00:00,1,0,0.23,1.09263,1.09111,1.0964299999999998,0.0015199999999999658,1.09111,sl,-34.95999999999922,-1.0,7211.5500000000375,False
historical,2016-11-23 14:00:00,2016-11-23 15:30:00,-1,0,0.45,1.06221,1.06381,1.0582100000000005,0.0015999999999998238,1.0582100000000005,tp,179.99999999998016,2.5,7391.5500000000175,True
historical,2016-11-29 09:30:00,2016-11-29 10:00:00,-1,0,0.44,1.05923,1.0609,1.0550549999999999,0.0016700000000000603,1.0609,sl,-73.48000000000265,-1.0,7318.070000000015,False
historical,2016-11-29 10:00:00,2016-11-29 11:00:00,1,0,0.45,1.06033,1.05871,1.0643799999999999,0.0016199999999999548,1.05871,sl,-72.89999999999796,-1.0,7245.170000000017,False
historical,2016-11-30 10:30:00,2016-11-30 15:15:00,1,0,0.34,1.0638,1.0617,1.06905,0.0020999999999999908,1.0617,sl,-71.3999999999997,-1.0,7173.770000000018,False
historical,2016-12-07 10:45:00,2016-12-07 12:00:00,1,0,0.33,1.07311,1.07097,1.0784600000000002,0.0021400000000000308,1.07097,sl,-70.62000000000103,-1.0,7103.150000000017,False
historical,2016-12-14 14:00:00,2016-12-14 16:00:00,1,0,0.45,1.06482,1.06325,1.0687450000000003,0.0015700000000000713,1.06325,sl,-70.6500000000032,-1.0,7032.500000000014,False
historical,2016-12-19 09:00:00,2016-12-19 11:45:00,1,0,0.34,1.04755,1.04554,1.052575,0.0020100000000000673,1.04554,sl,-68.34000000000229,-1.0,6964.160000000012,False
historical,2016-12-22 16:15:00,2016-12-22 18:00:00,1,0,0.14,1.04505,1.04268,1.050975,0.0023699999999999832,1.04515,sl,1.399999999999846,0.04219409282699987,6965.560000000011,True
historical,2016-12-29 11:15:00,2016-12-30 01:15:00,1,0,0.2,1.04568,1.044,1.0498799999999997,0.0016799999999999038,1.0498799999999997,tp,83.9999999999952,2.5,7049.560000000007,True
historical,2016-12-29 16:00:00,2016-12-30 01:30:00,1,0,0.16,1.04646,1.04431,1.0518349999999996,0.0021499999999998742,1.0518349999999996,tp,85.99999999999497,2.5,7135.560000000001,True
historical,2017-01-11 11:15:00,2017-01-11 14:00:00,-1,0,0.44,1.05446,1.05605,1.0504850000000001,0.0015899999999999803,1.0504850000000001,tp,174.89999999999296,2.4999999999999307,7310.459999999995,True
historical,2017-01-16 09:15:00,2017-01-17 06:00:00,-1,0,0.31,1.06079,1.06311,1.0549899999999997,0.0023200000000000998,1.06311,sl,-71.92000000000309,-1.0,7238.539999999992,False
historical,2017-01-18 10:15:00,2017-01-18 14:45:00,1,0,0.34,1.06944,1.06735,1.0746649999999998,0.0020899999999999253,1.06735,sl,-71.05999999999747,-1.0,7167.479999999994,False
historical,2017-01-26 11:45:00,2017-01-26 16:15:00,-1,0,0.2,1.0728,1.07454,1.06845,0.0017400000000000748,1.06845,tp,87.00000000000153,2.4999999999999365,7254.479999999996,True
historical,2017-01-26 15:00:00,2017-01-27 16:00:00,-1,0,0.14,1.07101,1.0734299999999999,1.0649600000000004,0.0024199999999998667,1.07091,sl,1.399999999999846,0.04132231404958451,7255.879999999996,True
historical,2017-01-31 10:00:00,2017-01-31 13:45:00,1,0,0.42,1.06994,1.06823,1.0742149999999997,0.0017099999999998783,1.0742149999999997,tp,179.54999999999188,2.5000000000000653,7435.429999999988,True
historical,2017-01-31 11:30:00,2017-01-31 12:00:00,-1,0,0.37,1.06937,1.07134,1.0644449999999999,0.0019700000000000273,1.07134,sl,-72.89000000000101,-1.0,7362.539999999986,False
historical,2017-02-02 09:30:00,2017-02-02 18:15:00,1,0,0.19,1.07948,1.07755,1.084305,0.0019299999999999873,1.07958,sl,1.8999999999997907,0.05181347150258531,7364.439999999986,True
historical,2017-02-09 15:30:00,2017-02-10 09:45:00,-1,0,0.23,1.06815,1.06974,1.064175,0.0015899999999999803,1.064175,tp,91.42499999999632,2.49999999999993,7455.8649999999825,True
historical,2017-02-20 15:00:00,2017-02-21 10:30:00,-1,0,0.39,1.06094,1.0628199999999999,1.0562400000000003,0.0018799999999998818,1.0562400000000003,tp,183.29999999998847,2.4999999999999996,7639.164999999971,True
historical,2017-02-23 10:15:00,2017-02-23 12:00:00,1,0,0.16,1.05619,1.05386,1.0620149999999997,0.0023299999999999432,1.05386,sl,-37.27999999999909,-1.0,7601.884999999972,False
historical,2017-02-27 10:00:00,2017-02-27 18:45:00,1,0,0.39,1.05812,1.0562,1.0629199999999996,0.0019199999999999218,1.0629199999999996,tp,187.19999999998805,2.4999999999999423,7789.08499999996,True
historical,2017-02-28 11:15:00,2017-02-28 21:45:00,1,0,0.44,1.05916,1.05739,1.0635850000000002,0.0017700000000000493,1.05926,sl,4.399999999999515,0.05649717514123514,7793.48499999996,True
historical,2017-02-28 15:15:00,2017-02-28 20:45:00,1,0,0.51,1.05964,1.05813,1.0634149999999996,0.0015099999999999003,1.05974,sl,5.099999999999438,0.06622516556291098,7798.584999999959,True
historical,2017-03-02 11:45:00,2017-03-03 13:45:00,-1,0,0.19,1.05257,1.0545499999999999,1.0476200000000002,0.0019799999999998708,1.0545499999999999,sl,-37.619999999997546,-1.0,7760.964999999962,False
historical,2017-03-06 15:30:00,2017-03-06 18:30:00,1,0,0.44,1.06009,1.05833,1.06449,0.0017599999999999838,1.05833,sl,-77.43999999999929,-1.0,7683.524999999962,False
historical,2017-03-09 09:30:00,2017-03-09 10:00:00,-1,0,0.2,1.05266,1.05453,1.0479849999999997,0.0018700000000000383,1.05453,sl,-37.400000000000766,-1.0,7646.124999999962,False
historical,2017-03-14 10:00:00,2017-03-15 09:30:00,-1,0,0.46,1.06373,1.06539,1.05958,0.0016599999999999948,1.06363,sl,4.599999999999493,0.06024096385541524,7650.724999999961,True
historical,2017-03-22 08:45:00,2017-03-22 09:30:00,1,0,0.46,1.08099,1.07934,1.0851149999999996,0.0016499999999999293,1.07934,sl,-75.89999999999675,-1.0,7574.824999999964,False
historical,2017-03-22 15:00:00,2017-03-23 03:00:00,1,0,0.36,1.08038,1.0783,1.0855799999999995,0.0020799999999998597,1.0783,sl,-74.87999999999495,-1.0,7499.94499999997,False
historical,2017-03-28 15:30:00,2017-03-28 19:00:00,1,0,0.41,1.08647,1.08466,1.0909950000000004,0.0018100000000000893,1.08466,sl,-74.21000000000365,-1.0,7425.734999999966,False
historical,2017-04-05 14:45:00,2017-04-05 15:15:00,1,0,0.38,1.06814,1.06621,1.072965,0.0019299999999999873,1.06621,sl,-73.33999999999952,-1.0,7352.394999999967,False
historical,2017-04-06 15:30:00,2017-04-07 19:30:00,-1,0,0.18,1.06577,1.06772,1.0608950000000004,0.0019499999999998963,1.0608950000000004,tp,87.74999999999532,2.5,7440.144999999962,True
historical,2017-04-27 15:00:00,2017-04-27 15:30:00,-1,0,0.21,1.08862,1.09034,1.0843199999999995,0.0017200000000001658,1.09034,sl,-36.12000000000348,-1.0,7404.024999999959,False
historical,2017-05-08 08:45:00,2017-05-08 10:00:00,1,0,0.35,1.09894,1.09686,1.1041400000000001,0.002080000000000082,1.09686,sl,-72.80000000000285,-1.0,7331.224999999956,False
historical,2017-05-08 09:45:00,2017-05-08 10:00:00,1,0,0.47,1.09875,1.09721,1.1025999999999996,0.0015399999999998748,1.09721,sl,-72.37999999999411,-1.0,7258.844999999962,False
historical,2017-05-25 10:30:00,2017-05-25 12:30:00,1,0,0.23,1.12382,1.1223,1.1276199999999998,0.0015199999999999658,1.1223,sl,-34.95999999999922,-1.0,7223.884999999963,False
historical,2017-05-31 10:00:00,2017-05-31 16:45:00,1,0,0.36,1.11878,1.11681,1.1237050000000002,0.0019700000000000273,1.1237050000000002,tp,177.30000000000246,2.5,7401.184999999965,True
historical,2017-06-05 10:15:00,2017-06-05 13:15:00,1,0,0.41,1.12757,1.12579,1.1320199999999998,0.0017799999999998928,1.12579,sl,-72.9799999999956,-1.0,7328.204999999969,False
historical,2017-06-08 11:30:00,2017-06-08 15:30:00,-1,0,0.24,1.12515,1.12666,1.1213750000000005,0.0015099999999999003,1.1213750000000005,tp,90.59999999999135,2.4999999999999263,7418.80499999996,False
historical,2017-06-12 14:15:00,2017-06-12 16:45:00,1,0,0.4,1.12239,1.12057,1.1269399999999998,0.0018199999999999328,1.12057,sl,-72.79999999999731,-1.0,7346.004999999963,False
historical,2017-06-21 16:30:00,2017-06-21 21:15:00,-1,0,0.34,1.11336,1.11546,1.10811,0.0020999999999999908,1.11546,sl,-71.3999999999997,-1.0,7274.604999999963,False
historical,2017-07-04 08:30:00,2017-07-05 13:00:00,-1,0,0.42,1.13577,1.13749,1.1314700000000002,0.0017199999999999438,1.1314700000000002,tp,180.59999999998942,2.499999999999935,7455.204999999953,True
historical,2017-07-05 11:30:00,2017-07-05 21:00:00,-1,0,0.43,1.13503,1.13675,1.1307300000000002,0.0017199999999999438,1.13493,sl,4.299999999999526,0.05813953488371643,7459.504999999952,True
historical,2017-07-20 10:30:00,2017-07-20 15:30:00,-1,0,0.18,1.15072,1.1527,1.1457699999999997,0.001980000000000093,1.1527,sl,-35.64000000000167,-1.0,7423.864999999951,False
historical,2017-07-26 11:00:00,2017-07-26 13:15:00,-1,0,0.41,1.16294,1.16473,1.158465,0.0017899999999999583,1.16473,sl,-73.38999999999828,-1.0,7350.474999999952,False
historical,2017-07-26 16:45:00,2017-07-26 21:00:00,-1,0,0.31,1.16337,1.1657199999999999,1.1574950000000004,0.002349999999999852,1.1657199999999999,sl,-72.84999999999542,-1.0,7277.624999999956,False
historical,2017-07-31 09:00:00,2017-07-31 09:15:00,1,0,0.45,1.17454,1.17293,1.1785649999999996,0.0016099999999998893,1.17293,sl,-72.44999999999503,-1.0,7205.174999999961,False
historical,2017-08-03 10:00:00,2017-08-03 11:00:00,1,0,0.23,1.18509,1.18354,1.1889649999999998,0.0015499999999999403,1.18354,sl,-35.64999999999863,-1.0,7169.524999999962,False
historical,2017-08-07 15:45:00,2017-08-08 04:00:00,-1,0,0.4,1.17887,1.18062,1.1744950000000003,0.0017499999999999183,1.18062,sl,-69.99999999999673,-1.0,7099.524999999966,False
historical,2017-08-16 09:30:00,2017-08-16 10:15:00,-1,0,0.32,1.17245,1.17461,1.1670500000000001,0.0021599999999999397,1.17461,sl,-69.11999999999807,-1.0,7030.404999999968,False
historical,2017-08-22 15:45:00,2017-08-23 10:30:00,-1,0,0.35,1.1755,1.17746,1.1706,0.0019599999999999618,1.17746,sl,-68.59999999999866,-1.0,6961.804999999969,False
historical,2017-09-06 09:00:00,2017-09-07 11:45:00,1,0,0.38,1.19251,1.19072,1.1969849999999997,0.0017899999999999583,1.1969849999999997,tp,170.04999999999183,2.499999999999938,7131.854999999961,True
historical,2017-09-06 15:00:00,2017-09-06 17:15:00,1,0,0.46,1.19322,1.19168,1.1970699999999996,0.0015399999999998748,1.19168,sl,-70.83999999999423,-1.0,7061.014999999967,False
historical,2017-09-07 10:15:00,2017-09-07 15:30:00,1,0,0.15,1.19393,1.19169,1.19953,0.0022400000000000198,1.19403,sl,1.4999999999998348,0.044642857142851836,7062.514999999967,True
historical,2017-09-11 10:45:00,2017-09-11 14:30:00,1,0,0.33,1.20119,1.19908,1.2064650000000001,0.0021100000000000563,1.19908,sl,-69.63000000000186,-1.0,6992.884999999965,False
historical,2017-09-12 11:30:00,2017-09-12 17:15:00,-1,0,0.43,1.19614,1.19776,1.19209,0.0016199999999999548,1.19604,sl,4.299999999999526,0.06172839506172331,6997.184999999964,True
historical,2017-09-13 10:30:00,2017-09-13 12:45:00,1,0,0.36,1.19859,1.19665,1.20344,0.0019400000000000528,1.19665,sl,-69.8400000000019,-1.0,6927.344999999962,False
historical,2017-09-13 14:00:00,2017-09-13 16:00:00,1,0,0.4,1.19864,1.19695,1.2028649999999999,0.0016899999999999693,1.19695,sl,-67.59999999999879,-1.0,6859.7449999999635,False
historical,2017-09-18 15:30:00,2017-09-18 18:45:00,1,0,0.38,1.19574,1.19397,1.2001650000000001,0.0017700000000000493,1.19397,sl,-67.26000000000187,-1.0,6792.4849999999615,False
historical,2017-09-28 16:00:00,2017-09-28 16:15:00,-1,0,0.17,1.17668,1.17863,1.1718049999999995,0.0019500000000001183,1.17863,sl,-33.15000000000202,-1.0,6759.334999999959,False
historical,2017-09-28 16:30:00,2017-10-02 03:45:00,1,0,0.15,1.17866,1.17644,1.1842100000000002,0.0022200000000001108,1.17876,sl,1.4999999999998348,0.04504504504503784,6760.834999999959,True
historical,2017-10-03 15:45:00,2017-10-03 16:15:00,-1,0,0.39,1.17382,1.17553,1.1695450000000003,0.0017099999999998783,1.17553,sl,-66.68999999999525,-1.0,6694.144999999964,False
historical,2017-10-19 09:45:00,2017-10-19 11:00:00,1,0,0.19,1.18121,1.1795200000000001,1.185435,0.0016899999999999693,1.1795200000000001,sl,-32.10999999999942,-1.0,6662.034999999964,False
historical,2017-10-24 10:15:00,2017-10-24 12:00:00,-1,0,0.33,1.17461,1.17662,1.1695849999999997,0.0020100000000000673,1.17662,sl,-66.33000000000223,-1.0,6595.704999999962,False
historical,2017-10-31 10:30:00,2017-10-31 18:15:00,-1,0,0.38,1.1635,1.16521,1.1592249999999997,0.0017100000000001003,1.16521,sl,-64.98000000000381,-1.0,6530.724999999958,False
historical,2017-11-06 09:15:00,2017-11-08 01:15:00,-1,0,0.35,1.15999,1.16185,1.1553400000000003,0.0018599999999999728,1.15989,sl,3.499999999999614,0.05376344086020992,6534.224999999958,True
historical,2017-11-08 14:15:00,2017-11-09 07:30:00,-1,0,0.4,1.15881,1.16044,1.1547349999999998,0.0016300000000000203,1.16044,sl,-65.20000000000081,-1.0,6469.024999999957,False
historical,2017-11-09 16:45:00,2017-11-10 17:30:00,1,0,0.14,1.16202,1.15982,1.1675200000000001,0.0021999999999999797,1.1675200000000001,tp,77.00000000000085,2.5000000000000506,6546.024999999958,True
historical,2017-11-16 08:30:00,2017-11-16 09:30:00,1,0,0.17,1.17955,1.17763,1.1843500000000005,0.0019200000000001438,1.17763,sl,-32.640000000002445,-1.0,6513.384999999956,False
historical,2017-11-22 16:30:00,2017-11-22 21:30:00,1,0,0.29,1.17669,1.17445,1.18229,0.0022400000000000198,1.18229,tp,162.4000000000014,2.4999999999999996,6675.784999999957,True
historical,2017-11-28 10:15:00,2017-11-28 12:00:00,1,0,0.34,1.19038,1.18842,1.19528,0.0019599999999999618,1.18842,sl,-66.63999999999871,-1.0,6609.144999999959,False
historical,2017-11-28 16:30:00,2017-11-28 21:15:00,-1,0,0.39,1.18844,1.1901,1.1842899999999998,0.0016599999999999948,1.1842899999999998,tp,161.85000000000383,2.500000000000067,6770.994999999963,True
historical,2017-12-06 09:45:00,2017-12-08 03:30:00,-1,0,0.31,1.18199,1.18415,1.1765900000000002,0.0021599999999999397,1.1765900000000002,tp,167.39999999999532,2.5,6938.394999999958,True
historical,2017-12-11 10:30:00,2017-12-11 22:45:00,1,0,0.4,1.17904,1.17732,1.1833400000000005,0.0017200000000001658,1.17732,sl,-68.80000000000663,-1.0,6869.594999999951,False
historical,2017-12-21 15:45:00,2017-12-21 16:00:00,1,0,0.2,1.18693,1.18524,1.191155,0.0016899999999999693,1.18524,sl,-33.79999999999939,-1.0,6835.794999999952,False
historical,2018-02-01 08:15:00,2018-02-01 10:00:00,-1,0,0.17,1.24092,1.24284,1.23612,0.0019199999999999218,1.24284,sl,-32.63999999999867,-1.0,6803.154999999953,False
historical,2018-02-05 14:00:00,2018-02-05 16:30:00,-1,0,0.38,1.24476,1.24651,1.2403850000000003,0.0017499999999999183,1.2403850000000003,tp,166.24999999999224,2.5,6969.404999999945,True
historical,2018-02-07 08:15:00,2018-02-07 08:45:00,-1,0,0.42,1.23774,1.23939,1.2336150000000004,0.0016499999999999293,1.23939,sl,-69.29999999999703,-1.0,6900.104999999948,False
historical,2018-02-12 14:15:00,2018-02-12 17:45:00,-1,0,0.45,1.22619,1.22772,1.222365,0.0015300000000000313,1.22772,sl,-68.8500000000014,-1.0,6831.254999999946,False
historical,2018-02-26 09:45:00,2018-02-26 15:45:00,1,0,0.36,1.2332,1.23134,1.23785,0.0018599999999999728,1.23134,sl,-66.95999999999901,-1.0,6764.294999999947,False
historical,2018-02-27 08:30:00,2018-02-27 13:30:00,1,0,0.45,1.23329,1.23179,1.2370400000000001,0.0015000000000000568,1.23179,sl,-67.50000000000256,-1.0,6696.794999999945,False
historical,2018-03-06 10:30:00,2018-03-06 13:30:00,1,0,0.38,1.23434,1.2326,1.23869,0.0017400000000000748,1.23869,tp,165.3000000000029,2.4999999999999365,6862.0949999999475,True
historical,2018-03-08 09:45:00,2018-03-08 10:45:00,1,0,0.17,1.24116,1.23919,1.246085,0.0019700000000000273,1.23919,sl,-33.490000000000464,-1.0,6828.604999999947,False
historical,2018-03-13 11:00:00,2018-03-13 14:30:00,1,0,0.43,1.23338,1.2318,1.2373299999999996,0.0015799999999999148,1.23348,sl,4.299999999999526,0.06329113924050277,6832.904999999946,True
historical,2018-04-03 15:45:00,2018-04-05 15:30:00,-1,0,0.29,1.2294,1.23169,1.2236750000000003,0.0022899999999999032,1.2236750000000003,tp,166.02499999999299,2.5000000000000004,6998.929999999939,False
historical,2018-04-04 15:15:00,2018-04-04 15:45:00,-1,0,0.44,1.22759,1.22918,1.2236150000000001,0.0015899999999999803,1.22918,sl,-69.95999999999913,-1.0,6928.96999999994,False
historical,2018-04-09 14:45:00,2018-04-09 16:00:00,1,0,0.44,1.22794,1.2264,1.2317900000000002,0.0015400000000000968,1.2317900000000002,tp,169.40000000000578,2.499999999999928,7098.369999999946,True
historical,2018-04-10 09:45:00,2018-04-10 14:30:00,1,0,0.44,1.23166,1.23007,1.2356349999999998,0.0015899999999999803,1.2356349999999998,tp,174.89999999999296,2.4999999999999307,7273.2699999999395,True
historical,2018-04-18 11:15:00,2018-04-18 12:00:00,1,0,0.42,1.23698,1.23525,1.241305,0.0017300000000000093,1.23525,sl,-72.6600000000004,-1.0,7200.609999999939,False
historical,2018-05-03 10:15:00,2018-05-03 10:15:00,-1,0,0.15,1.19704,1.19936,1.1912400000000005,0.0023199999999998777,1.19936,sl,-34.799999999998164,-1.0,7165.80999999994,False
historical,2018-05-08 10:00:00,2018-05-08 12:30:00,-1,0,0.41,1.19179,1.19351,1.1874899999999995,0.0017200000000001658,1.1874899999999995,tp,176.30000000001698,2.4999999999999996,7342.109999999957,True
historical,2018-05-10 10:15:00,2018-05-10 12:15:00,-1,0,0.17,1.18604,1.18812,1.18084,0.002080000000000082,1.18812,sl,-35.36000000000139,-1.0,7306.749999999955,False
historical,2018-05-10 11:00:00,2018-05-10 11:45:00,-1,0,0.24,1.18594,1.18746,1.18214,0.0015199999999999658,1.18746,sl,-36.47999999999918,-1.0,7270.269999999956,False
historical,2018-05-15 11:00:00,2018-05-15 14:15:00,-1,0,0.45,1.19231,1.19391,1.18831,0.0016000000000000458,1.18831,tp,180.00000000000017,2.4999999999999307,7450.269999999956,True
historical,2018-05-17 09:15:00,2018-05-18 16:00:00,-1,0,0.16,1.18149,1.18374,1.1758649999999997,0.0022500000000000853,1.1758649999999997,tp,90.00000000000341,2.5,7540.2699999999595,True
historical,2018-06-05 10:00:00,2018-06-05 13:45:00,1,0,0.36,1.17039,1.16831,1.1755900000000001,0.002080000000000082,1.16831,sl,-74.88000000000294,-1.0,7465.389999999957,False
historical,2018-06-12 15:00:00,2018-06-12 19:45:00,1,0,0.38,1.17933,1.17741,1.1841299999999997,0.0019199999999999218,1.17741,sl,-72.95999999999702,-1.0,7392.429999999959,False
historical,2018-06-12 15:45:00,2018-06-12 20:00:00,1,0,0.36,1.17934,1.17729,1.1844650000000003,0.0020500000000001073,1.17729,sl,-73.80000000000386,-1.0,7318.6299999999555,False
historical,2018-06-13 09:15:00,2018-06-13 12:45:00,-1,0,0.48,1.17397,1.17548,1.1701949999999997,0.0015100000000001224,1.17548,sl,-72.48000000000587,-1.0,7246.14999999995,False
historical,2018-06-20 10:00:00,2018-06-20 10:45:00,-1,0,0.37,1.15667,1.15862,1.1517950000000003,0.0019499999999998963,1.15862,sl,-72.14999999999617,-1.0,7173.999999999954,False
historical,2018-06-21 11:15:00,2018-06-21 12:00:00,-1,0,0.22,1.15541,1.15697,1.15151,0.0015600000000000058,1.15151,tp,85.80000000000032,2.5,7259.799999999954,True
historical,2018-06-27 08:15:00,2018-06-27 09:00:00,-1,0,0.38,1.16401,1.1659,1.1592850000000001,0.0018899999999999473,1.1659,sl,-71.81999999999799,-1.0,7187.979999999956,False
historical,2018-06-27 10:45:00,2018-06-27 15:45:00,-1,0,0.36,1.16544,1.16741,1.160515,0.0019700000000000273,1.160515,tp,177.30000000000246,2.5,7365.279999999959,True
historical,2018-07-05 08:30:00,2018-07-05 09:30:00,1,0,0.22,1.16641,1.16479,1.1704599999999998,0.0016199999999999548,1.1704599999999998,tp,89.09999999999752,2.5,7454.379999999956,True
historical,2018-07-10 09:45:00,2018-07-10 11:30:00,1,0,0.44,1.17463,1.17297,1.1787800000000002,0.0016599999999999948,1.17297,sl,-73.03999999999976,-1.0,7381.3399999999565,False
historical,2018-07-10 11:45:00,2018-07-11 15:45:00,-1,0,0.3,1.17264,1.17505,1.1666149999999997,0.0024100000000000232,1.17505,sl,-72.3000000000007,-1.0,7309.039999999955,False
historical,2018-07-24 11:30:00,2018-07-24 13:00:00,-1,0,0.38,1.16796,1.16988,1.1631600000000004,0.0019199999999999218,1.16988,sl,-72.95999999999702,-1.0,7236.079999999958,False
historical,2018-07-24 16:45:00,2018-07-24 18:45:00,1,0,0.41,1.1705,1.16876,1.1748500000000002,0.0017400000000000748,1.16876,sl,-71.34000000000307,-1.0,7164.739999999955,False
historical,2018-07-25 16:00:00,2018-07-25 17:30:00,1,0,0.46,1.16988,1.16834,1.1737300000000004,0.0015400000000000968,1.16834,sl,-70.84000000000445,-1.0,7093.8999999999505,False
historical,2018-07-25 16:15:00,2018-07-25 17:30:00,1,0,0.34,1.17075,1.16867,1.1759499999999996,0.0020799999999998597,1.16867,sl,-70.71999999999524,-1.0,7023.179999999956,False
historical,2018-08-01 16:45:00,2018-08-02 09:15:00,-1,0,0.46,1.16783,1.16935,1.16403,0.0015199999999999658,1.16403,tp,174.8000000000012,2.5000000000000733,7197.979999999957,True
historical,2018-08-16 11:30:00,2018-08-16 20:45:00,1,0,0.15,1.13774,1.13548,1.1433899999999997,0.0022599999999999287,1.13548,sl,-33.89999999999893,-1.0,7164.079999999958,False
historical,2018-08-16 11:45:00,2018-08-16 13:45:00,1,0,0.15,1.13859,1.1363400000000001,1.1442149999999995,0.0022499999999998632,1.1363400000000001,sl,-33.74999999999795,-1.0,7130.32999999996,False
historical,2018-08-20 14:15:00,2018-08-20 23:00:00,1,0,0.28,1.1417,1.1392,1.1479499999999998,0.0024999999999999467,1.1479499999999998,tp,174.9999999999963,2.5000000000000004,7305.329999999956,True
historical,2018-09-04 09:15:00,2018-09-04 16:00:00,-1,0,0.39,1.15943,1.16126,1.154855,0.0018299999999999983,1.154855,tp,178.42499999999984,2.5,7483.754999999956,True
historical,2018-09-05 09:15:00,2018-09-05 10:15:00,-1,0,0.49,1.15819,1.15971,1.1543900000000002,0.0015199999999999658,1.1543900000000002,tp,186.19999999999035,2.499999999999927,7669.954999999947,False
historical,2018-09-06 10:30:00,2018-09-06 18:00:00,1,0,0.17,1.16335,1.16114,1.1688750000000003,0.0022100000000000453,1.16114,sl,-37.570000000000775,-1.0,7632.384999999947,False
historical,2018-09-06 11:15:00,2018-09-06 18:00:00,1,0,0.17,1.1637,1.16156,1.16905,0.0021400000000000308,1.16156,sl,-36.38000000000053,-1.0,7596.004999999946,False
historical,2018-09-12 11:45:00,2018-09-12 17:00:00,-1,0,0.32,1.15831,1.16064,1.152485,0.0023299999999999432,1.16064,sl,-74.55999999999818,-1.0,7521.444999999948,False
historical,2018-09-12 14:00:00,2018-09-12 15:45:00,-1,0,0.45,1.15804,1.1596899999999999,1.153915,0.0016499999999999293,1.1596899999999999,sl,-74.24999999999682,-1.0,7447.194999999951,False
historical,2018-09-25 11:45:00,2018-09-26 15:15:00,1,0,0.3,1.17558,1.17311,1.1817549999999999,0.0024699999999999722,1.17311,sl,-74.09999999999917,-1.0,7373.094999999951,False
historical,2018-10-10 14:00:00,2018-10-11 04:45:00,1,0,0.43,1.15024,1.14853,1.1545149999999995,0.0017099999999998783,1.1545149999999995,tp,183.82499999998214,2.4999999999999347,7556.919999999934,True
historical,2018-10-10 16:00:00,2018-10-10 18:45:00,1,0,0.46,1.15019,1.14857,1.15424,0.0016199999999999548,1.15424,tp,186.2999999999948,2.5,7743.219999999928,True
historical,2018-10-16 10:30:00,2018-10-16 12:15:00,1,0,0.33,1.15909,1.15678,1.164865,0.0023100000000000342,1.15678,sl,-76.23000000000113,-1.0,7666.989999999927,False
historical,2018-10-18 15:15:00,2018-10-18 20:15:00,-1,0,0.23,1.15042,1.15208,1.14627,0.0016599999999999948,1.14627,tp,95.45000000000226,2.500000000000067,7762.43999999993,True
historical,2018-10-25 16:15:00,2018-10-26 12:45:00,-1,0,0.16,1.14105,1.1434199999999999,1.135125,0.0023699999999999832,1.135125,tp,94.79999999999933,2.5,7857.239999999929,True
historical,2018-10-31 11:30:00,2018-10-31 17:30:00,-1,0,0.45,1.13446,1.13618,1.13016,0.0017199999999999438,1.13436,sl,4.499999999999504,0.05813953488371643,7861.739999999928,True
historical,2018-10-31 11:45:00,2018-11-01 09:00:00,-1,0,0.31,1.13323,1.13572,1.1270049999999996,0.0024900000000001032,1.13572,sl,-77.19000000000321,-1.0,7784.549999999925,False
historical,2018-11-08 09:15:00,2018-11-08 10:00:00,-1,0,0.18,1.14158,1.1436899999999999,1.1363050000000006,0.0021099999999998342,1.1436899999999999,sl,-37.97999999999701,-1.0,7746.569999999928,False
historical,2018-11-08 11:00:00,2018-11-08 17:15:00,-1,0,0.23,1.14295,1.14463,1.1387499999999995,0.0016800000000001258,1.14463,sl,-38.6400000000029,-1.0,7707.929999999925,False
historical,2018-11-21 11:45:00,2018-11-21 13:15:00,-1,0,0.31,1.13826,1.14073,1.132085,0.0024699999999999722,1.14073,sl,-76.56999999999914,-1.0,7631.359999999926,False
historical,2018-11-26 15:00:00,2018-11-26 15:30:00,-1,0,0.5,1.13561,1.13712,1.1318350000000001,0.0015099999999999003,1.13712,sl,-75.49999999999501,-1.0,7555.859999999931,False
historical,2018-12-13 15:30:00,2018-12-13 15:30:00,1,0,0.16,1.13805,1.1357,1.1439250000000003,0.0023500000000000743,1.1357,sl,-37.60000000000119,-1.0,7518.259999999929,False
historical,2018-12-18 10:00:00,2018-12-18 18:00:00,1,0,0.37,1.13575,1.1337300000000001,1.1407999999999998,0.0020199999999999108,1.13585,sl,3.6999999999995925,0.04950495049504624,7521.959999999929,True
historical,2018-12-27 09:45:00,2018-12-27 10:15:00,-1,0,0.23,1.13748,1.13907,1.133505,0.0015899999999999803,1.13907,sl,-36.56999999999955,-1.0,7485.389999999929,False
historical,2018-12-31 10:00:00,2018-12-31 22:45:00,1,0,0.36,1.14426,1.14219,1.149435,0.0020700000000000163,1.14596,eod,61.200000000001246,0.8212560386473532,7546.589999999931,False
historical,2018-12-31 15:00:00,2018-12-31 16:30:00,1,0,0.36,1.14568,1.1436,1.1508800000000003,0.002080000000000082,1.1436,sl,-74.88000000000294,-1.0,7471.709999999928,False
realistic,2010-01-19 09:15:00,2010-01-19 11:00:00,-1,0,0.5,1.4392900000000002,1.44128,1.4343850000000007,0.0019699999999998052,1.4343850000000007,tp,241.74999999997465,2.454314720812168,10241.749999999975,True
realistic,2010-02-16 11:30:00,2010-02-16 13:30:00,1,0,0.42,1.3660999999999999,1.36368,1.37208,0.0023999999999999577,1.36366,sl,-105.41999999999057,-1.0458333333332581,10136.329999999984,False
realistic,2010-03-10 08:00:00,2010-03-10 12:30:00,-1,0,0.47,1.3582400000000001,1.3604,1.35291,0.0021400000000000308,1.36042,sl,-105.74999999999288,-1.0514018691587927,10030.57999999999,False
realistic,2010-03-11 09:30:00,2010-03-11 14:30:00,1,0,0.25,1.3643399999999999,1.36232,1.36932,0.0020000000000000018,1.36442,sl,0.2500000000020002,0.005000000000039999,10030.829999999993,True
realistic,2010-03-16 08:00:00,2010-03-16 11:00:00,-1,0,0.56,1.36829,1.37009,1.3638599999999996,0.0017800000000001148,1.37011,sl,-105.83999999999625,-1.0617977528088827,9924.989999999996,False
realistic,2010-04-05 08:00:00,2010-04-05 15:00:00,-1,0,0.51,1.3499,1.35186,1.3450699999999998,0.0019400000000000528,1.34982,sl,0.5100000000040801,0.005154639175298829,9925.5,True
realistic,2010-09-01 10:00:00,2010-09-01 11:15:00,1,0,0.45,1.27209,1.26987,1.2775699999999999,0.0021999999999999797,1.2775699999999999,tp,243.4499999999968,2.4590909090908992,10168.949999999997,True
realistic,2010-09-06 15:00:00,2010-09-07 01:00:00,1,0,0.48,1.28858,1.28646,1.2938100000000006,0.002100000000000213,1.28644,sl,-106.08000000000148,-1.0523809523808605,10062.869999999995,False
realistic,2010-09-20 08:45:00,2010-09-20 13:45:00,1,0,0.47,1.30863,1.3065,1.3138850000000002,0.0021100000000000563,1.30871,sl,0.47000000000375985,0.004739336492928783,10063.339999999998,True
realistic,2010-12-22 09:00:00,2010-12-22 09:00:00,-1,0,0.56,1.3127600000000001,1.31457,1.3083050000000003,0.0017899999999999583,1.31459,sl,-106.39999999998749,-1.0614525139663804,9956.940000000011,False
realistic,2010-12-27 15:00:00,2010-12-27 19:00:00,1,0,0.42,1.31522,1.31285,1.3210750000000004,0.0023500000000000743,1.3128300000000002,sl,-103.31999999999546,-1.0468085106382188,9853.620000000015,False
realistic,2011-03-08 08:30:00,2011-03-08 08:30:00,1,0,0.45,1.3983899999999998,1.39622,1.4037449999999996,0.0021499999999998742,1.3962,sl,-101.69999999998615,-1.0511627906975927,9751.92000000003,False
realistic,2011-03-23 10:15:00,2011-03-23 11:15:00,-1,0,0.42,1.41751,1.4198,1.411855,0.0022699999999999942,1.4198199999999999,sl,-99.9599999999921,-1.0484581497796555,9651.960000000037,False
realistic,2011-04-05 08:15:00,2011-04-05 15:00:00,-1,0,0.63,1.4192900000000002,1.42083,1.4155100000000003,0.0015199999999999658,1.4155100000000003,tp,233.72999999999337,2.4407894736841964,9885.690000000031,True
realistic,2011-12-08 08:15:00,2011-12-08 10:00:00,1,0,0.27,1.3418499999999998,1.34001,1.3463799999999997,0.0018199999999999328,1.33999,sl,-52.10999999999327,-1.0604395604394625,9833.580000000038,False
realistic,2011-12-19 08:45:00,2011-12-19 09:00:00,-1,0,0.5,1.3006600000000001,1.30264,1.2957800000000002,0.0019599999999999618,1.30266,sl,-103.49999999998899,-1.0561224489795,9730.080000000049,False
realistic,2012-03-07 08:00:00,2012-03-07 11:15:00,-1,0,0.62,1.31389,1.31547,1.31001,0.0015600000000000058,1.3154899999999998,sl,-103.53999999998908,-1.0705128205127037,9626.540000000059,False
realistic,2012-03-08 09:00:00,2012-03-08 10:30:00,1,0,0.29,1.31794,1.31631,1.3219449999999997,0.0016099999999998893,1.3219449999999997,tp,114.11499999999461,2.4440993788820404,9740.655000000053,True
realistic,2012-03-08 10:15:00,2012-03-08 13:15:00,1,0,0.19,1.31888,1.31637,1.3250850000000005,0.0024900000000001032,1.3250850000000005,tp,116.56500000000874,2.4638554216868296,9857.220000000063,True
realistic,2012-03-29 08:15:00,2012-03-29 11:00:00,1,0,0.23,1.33289,1.33074,1.3381949999999998,0.0021299999999999653,1.3307200000000001,sl,-51.519999999995015,-1.0516431924881784,9805.700000000068,False
realistic,2012-04-03 08:15:00,2012-04-03 13:15:00,1,0,0.48,1.33474,1.33269,1.3397950000000005,0.0020300000000001983,1.33267,sl,-102.72000000000077,-1.0541871921181314,9702.980000000067,False
realistic,2012-04-03 11:15:00,2012-04-03 13:00:00,1,0,0.51,1.33481,1.33292,1.3394650000000001,0.0018700000000000383,1.3329000000000002,sl,-100.97999999999266,-1.0588235294116661,9602.000000000075,False
realistic,2012-04-09 15:15:00,2012-04-09 16:15:00,-1,0,0.48,1.3056100000000002,1.30761,1.3006800000000003,0.0019799999999998708,1.3076299999999998,sl,-100.31999999998506,-1.0555555555554674,9501.68000000009,False
realistic,2012-04-17 09:15:00,2012-04-17 11:00:00,1,0,0.41,1.31108,1.3087900000000001,1.316735,0.0022699999999999942,1.316735,tp,228.98499999999856,2.4603524229074796,9730.665000000088,True
realistic,2012-04-18 14:45:00,2012-04-18 15:45:00,-1,0,0.47,1.3080200000000002,1.31008,1.3029400000000004,0.0020399999999998197,1.3100999999999998,sl,-101.04999999998297,-1.0539215686273666,9629.615000000105,False
realistic,2012-04-19 11:30:00,2012-04-19 12:15:00,1,0,0.25,1.31396,1.31203,1.3187150000000003,0.0019100000000000783,1.3120100000000001,sl,-50.49999999999741,-1.0575916230365514,9579.115000000107,False
realistic,2012-04-26 15:30:00,2012-04-26 23:00:00,1,0,0.21,1.32189,1.31963,1.3274700000000001,0.0022400000000000198,1.32197,sl,0.21000000000167995,0.004464285714321389,9579.325000000108,True
realistic,2012-05-01 08:15:00,2012-05-01 16:00:00,1,0,0.57,1.32548,1.32378,1.3296600000000005,0.0016800000000001258,1.32556,sl,0.5700000000045606,0.005952380952428132,9579.895000000113,True
realistic,2012-05-10 10:15:00,2012-05-10 15:00:00,-1,0,0.19,1.29444,1.29688,1.2884099999999998,0.0024200000000000887,1.2969,sl,-48.06999999999823,-1.0454545454544686,9531.825000000115,False
realistic,2012-05-17 08:45:00,2012-05-17 13:15:00,-1,0,0.22,1.27262,1.2748,1.2672400000000001,0.0021599999999999397,1.2672400000000001,tp,116.81999999999869,2.4583333333333743,9648.645000000113,False
realistic,2012-05-22 09:15:00,2012-05-22 10:30:00,1,0,0.6,1.27969,1.27807,1.2836700000000003,0.0016000000000000458,1.2780500000000001,sl,-102.59999999999184,-1.0687499999998844,9546.045000000122,False
realistic,2012-05-29 11:45:00,2012-05-29 17:45:00,-1,0,0.4,1.2539900000000002,1.25635,1.24816,0.0023400000000000087,1.24816,tp,230.40000000000896,2.4615384615385483,9776.44500000013,True
realistic,2012-06-19 08:30:00,2012-06-19 09:15:00,-1,0,0.49,1.2595800000000001,1.26156,1.2547000000000001,0.0019599999999999618,1.26158,sl,-101.4299999999892,-1.0561224489795,9675.015000000141,False
realistic,2012-06-26 09:00:00,2012-06-26 09:30:00,-1,0,0.42,1.25008,1.2524,1.24435,0.0022999999999999687,1.2524199999999999,sl,-101.21999999999105,-1.0478260869564433,9573.795000000151,False
realistic,2012-06-27 08:45:00,2012-06-27 17:15:00,-1,0,0.61,1.24878,1.25035,1.2449249999999994,0.0015500000000001624,1.2449249999999994,tp,230.88500000003708,2.441935483871104,9804.680000000188,True
realistic,2012-06-27 14:15:00,2012-06-28 05:15:00,-1,0,0.57,1.2478600000000002,1.24958,1.2436300000000005,0.0016999999999998128,1.2495999999999998,sl,-103.16999999997893,-1.064705882352841,9701.51000000021,False
realistic,2012-07-11 10:15:00,2012-07-11 10:30:00,-1,0,0.62,1.22618,1.22776,1.2223,0.0015600000000000058,1.2277799999999999,sl,-103.53999999998908,-1.0705128205127037,9597.97000000022,False
realistic,2012-07-16 09:30:00,2012-07-16 10:45:00,1,0,0.51,1.22378,1.22188,1.2284600000000006,0.0018800000000001038,1.2218600000000002,sl,-101.489999999996,-1.0585106382977723,9496.480000000223,False
realistic,2012-07-18 09:15:00,2012-07-18 10:00:00,1,0,0.56,1.22923,1.22754,1.2333850000000002,0.0016700000000000603,1.2275200000000002,sl,-99.67999999999319,-1.0658682634729424,9396.80000000023,False
realistic,2012-07-31 09:45:00,2012-07-31 10:00:00,1,0,0.45,1.22786,1.22579,1.2329650000000003,0.0020500000000001073,1.22577,sl,-97.19999999999665,-1.0536585365852744,9299.600000000233,False
realistic,2012-07-31 11:00:00,2012-07-31 11:45:00,-1,0,0.45,1.2256900000000002,1.22777,1.2205600000000003,0.0020599999999999508,1.22779,sl,-97.64999999998959,-1.0533980582523401,9201.950000000244,False
realistic,2012-08-08 11:30:00,2012-08-09 12:00:00,-1,0,0.41,1.23709,1.23933,1.2315599999999995,0.0022200000000001108,1.2315599999999995,tp,223.86000000001962,2.4594594594595525,9425.810000000263,False
realistic,2012-08-09 09:15:00,2012-08-09 13:15:00,-1,0,0.19,1.23618,1.2386599999999999,1.2300500000000003,0.0024599999999999067,1.2300500000000003,tp,115.1399999999952,2.4634146341463317,9540.950000000259,True
realistic,2012-08-13 09:45:00,2012-08-13 11:00:00,-1,0,0.5,1.22774,1.22964,1.2230599999999998,0.0018800000000001038,1.22966,sl,-99.49999999999609,-1.0585106382977723,9441.450000000263,False
realistic,2012-08-15 10:00:00,2012-08-15 16:00:00,-1,0,0.45,1.23214,1.23425,1.2269349999999997,0.0020900000000001473,1.2269349999999997,tp,231.07500000001568,2.4569377990430556,9672.525000000278,True
realistic,2012-08-15 11:45:00,2012-08-15 12:15:00,-1,0,0.57,1.23234,1.23403,1.2281849999999999,0.0016700000000000603,1.2281849999999999,tp,232.84500000000745,2.446107784431128,9905.370000000285,True
realistic,2012-08-20 08:15:00,2012-08-20 12:00:00,1,0,0.45,1.23491,1.23272,1.240315,0.0021700000000000053,1.2327000000000001,sl,-102.59999999999206,-1.0506912442395475,9802.770000000293,False
realistic,2012-08-28 08:15:00,2012-08-28 09:45:00,-1,0,0.6,1.24793,1.24957,1.2438999999999996,0.0016200000000001769,1.24959,sl,-103.79999999999968,-1.0679012345677814,9698.970000000294,False
realistic,2012-08-30 10:00:00,2012-08-30 16:15:00,1,0,0.29,1.25514,1.2535,1.25917,0.0016199999999999548,1.2534800000000001,sl,-50.16999999999341,-1.0679012345677907,9648.800000000301,False
realistic,2012-09-03 09:15:00,2012-09-04 14:00:00,1,0,0.48,1.25808,1.25609,1.262985000000001,0.0019700000000002493,1.2581600000000002,sl,0.48000000000384,0.005076142132019662,9649.280000000304,True
realistic,2012-10-02 08:30:00,2012-10-02 08:45:00,1,0,0.57,1.29138,1.28967,1.295585,0.0016899999999999693,1.2896500000000002,sl,-102.59999999998787,-1.0650887573963432,9546.680000000317,False
realistic,2012-10-03 08:15:00,2012-10-03 09:30:00,-1,0,0.49,1.28865,1.29059,1.2838700000000003,0.0019199999999999218,1.2906099999999998,sl,-99.46999999998724,-1.0572916666665741,9447.21000000033,False
realistic,2012-10-03 09:15:00,2012-10-03 09:15:00,-1,0,0.49,1.2881200000000002,1.29005,1.2833650000000003,0.0019099999999998563,1.2900699999999998,sl,-98.97999999998405,-1.0575916230365583,9348.230000000347,False
realistic,2012-10-11 08:00:00,2012-10-11 10:00:00,-1,0,0.22,1.28579,1.28788,1.2806349999999997,0.0020700000000000163,1.2878999999999998,sl,-47.95999999999635,-1.053140096618269,9300.270000000352,False
realistic,2012-10-15 08:15:00,2012-10-15 08:45:00,-1,0,0.55,1.2900500000000001,1.2917399999999999,1.2858950000000005,0.0016699999999998383,1.2917599999999998,sl,-97.8999999999811,-1.0658682634729513,9202.37000000037,False
realistic,2012-10-18 10:45:00,2012-10-18 16:15:00,1,0,0.21,1.31041,1.30827,1.3156900000000005,0.002120000000000122,1.3082500000000001,sl,-46.82999999999873,-1.0518867924527413,9155.540000000372,False
realistic,2012-10-18 11:15:00,2012-10-18 16:00:00,1,0,0.24,1.3108899999999999,1.30901,1.3155199999999998,0.0018599999999999728,1.30899,sl,-47.27999999999498,-1.0591397849461395,9108.260000000377,False
realistic,2012-10-22 09:15:00,2012-10-22 11:30:00,-1,0,0.4,1.30394,1.30619,1.2983850000000001,0.0022299999999999542,1.3062099999999999,sl,-93.59999999999089,-1.0493273542600088,9014.660000000385,False
realistic,2012-10-25 11:30:00,2012-10-25 12:45:00,1,0,0.23,1.30155,1.2996,1.306355,0.0019299999999999873,1.2995800000000002,sl,-46.919999999995525,-1.0569948186527558,8967.74000000039,False
realistic,2012-10-31 08:45:00,2012-10-31 12:15:00,1,0,0.42,1.29651,1.29438,1.3017650000000003,0.0021100000000000563,1.3017650000000003,tp,217.77000000000973,2.4573459715640253,9185.5100000004,True
realistic,2012-11-01 08:15:00,2012-11-01 13:30:00,-1,0,0.23,1.29465,1.2966199999999999,1.2897950000000002,0.0019499999999998963,1.2966399999999998,sl,-47.37999999999343,-1.056410256410166,9138.130000000407,False
realistic,2012-11-06 16:15:00,2012-11-06 17:30:00,-1,0,0.58,1.27993,1.28151,1.27605,0.0015600000000000058,1.2815299999999998,sl,-96.85999999998978,-1.0705128205127037,9041.270000000417,False
realistic,2012-11-14 08:45:00,2012-11-14 20:00:00,1,0,0.46,1.2722499999999999,1.27029,1.2770800000000002,0.0019400000000000528,1.2770800000000002,tp,218.96000000001538,2.4536082474227863,9260.230000000432,True
realistic,2012-11-14 14:30:00,2012-11-15 01:30:00,1,0,0.38,1.27459,1.27219,1.28052,0.0023800000000000487,1.27217,sl,-94.61999999999493,-1.0462184873948805,9165.610000000437,False
realistic,2012-11-20 11:15:00,2012-11-20 15:30:00,1,0,0.52,1.28066,1.27888,1.28504,0.0017599999999999838,1.27886,sl,-97.23999999998969,-1.0624999999998972,9068.370000000448,False
realistic,2012-11-28 10:30:00,2012-11-28 18:30:00,-1,0,0.43,1.2918,1.29392,1.28657,0.0020999999999999908,1.2939399999999999,sl,-95.02999999999177,-1.052380952380866,8973.340000000457,False
realistic,2012-11-29 09:00:00,2012-11-29 16:30:00,1,0,0.19,1.29644,1.29409,1.3022450000000005,0.0023300000000001653,1.2965200000000001,sl,0.19000000000152006,0.0042918454935962635,8973.530000000459,True
realistic,2012-12-11 10:30:00,2012-12-12 10:15:00,1,0,0.39,1.29595,1.29366,1.301605,0.0022699999999999942,1.301605,tp,217.8149999999987,2.46035242290748,9191.345000000458,True
realistic,2012-12-26 15:15:00,2012-12-26 15:45:00,1,0,0.6,1.32081,1.31926,1.324615,0.0015300000000000313,1.324615,tp,224.10000000000352,2.441176470588224,9415.445000000462,True
realistic,2013-01-09 10:30:00,2013-01-09 17:45:00,-1,0,0.53,1.30794,1.30973,1.3035349999999999,0.0017700000000000493,1.30786,sl,0.5300000000042404,0.0056497175141693385,9415.975000000466,True
realistic,2013-01-09 11:00:00,2013-01-10 10:45:00,-1,0,0.41,1.30674,1.30904,1.3010599999999997,0.0022800000000000598,1.30906,sl,-97.98999999999499,-1.0482456140350067,9317.985000000472,False
realistic,2013-01-21 08:45:00,2013-01-22 05:00:00,-1,0,0.58,1.3317400000000001,1.33335,1.327785,0.0015899999999999803,1.33337,sl,-98.5999999999883,-1.0691823899369934,9219.385000000484,False
realistic,2013-01-21 09:45:00,2013-01-21 10:30:00,-1,0,0.55,1.33129,1.33298,1.3271349999999997,0.0016700000000000603,1.333,sl,-97.89999999999331,-1.0658682634729426,9121.48500000049,False
realistic,2013-01-23 15:45:00,2013-01-23 16:15:00,1,0,0.37,1.33385,1.33139,1.33993,0.0024399999999999977,1.3313700000000002,sl,-94.34999999999319,-1.0450819672130403,9027.135000000497,False
realistic,2013-01-29 09:45:00,2013-01-29 11:45:00,1,0,0.4,1.3454499999999998,1.34319,1.3510299999999993,0.0022399999999997977,1.3431700000000002,sl,-93.99999999998462,-1.049107142857066,8933.135000000511,False
realistic,2013-02-12 08:45:00,2013-02-12 10:00:00,-1,0,0.4,1.33731,1.3395299999999999,1.33183,0.0021999999999999797,1.3395499999999998,sl,-92.3999999999919,-1.0499999999999177,8840.735000000519,False
realistic,2013-02-18 08:15:00,2013-02-18 10:15:00,-1,0,0.48,1.3336400000000002,1.33549,1.329085,0.0018299999999999983,1.33551,sl,-93.11999999999118,-1.060109289617387,8747.615000000527,False
realistic,2013-02-19 11:00:00,2013-02-19 11:00:00,-1,0,0.5,1.3342500000000002,1.336,1.329945,0.0017300000000000093,1.33602,sl,-91.99999999999136,-1.0635838150287962,8655.615000000536,False
realistic,2013-03-05 09:00:00,2013-03-05 11:30:00,1,0,0.37,1.3047199999999999,1.3024,1.31045,0.0022999999999999687,1.30238,sl,-89.16999999999211,-1.0478260869564433,8566.445000000544,False
realistic,2013-03-11 09:30:00,2013-03-11 18:00:00,-1,0,0.52,1.3003500000000001,1.30199,1.2963200000000001,0.0016199999999999548,1.30201,sl,-89.95999999998818,-1.0679012345677907,8476.485000000555,False
realistic,2013-03-28 09:45:00,2013-03-28 12:30:00,-1,0,0.2,1.27895,1.28103,1.2738200000000002,0.0020599999999999508,1.2810499999999998,sl,-43.39999999999537,-1.0533980582523401,8433.08500000056,False
realistic,2013-04-03 14:00:00,2013-04-04 07:00:00,1,0,0.36,1.2829199999999998,1.28061,1.2886249999999997,0.0022899999999999032,1.283,sl,0.36000000000288024,0.004366812227109358,8433.445000000562,True
realistic,2013-04-15 10:00:00,2013-04-15 14:15:00,-1,0,0.41,1.3074000000000001,1.30946,1.30232,0.0020400000000000418,1.30948,sl,-88.14999999999425,-1.0539215686273606,8345.295000000568,False
realistic,2013-04-22 08:15:00,2013-04-22 09:00:00,-1,0,0.49,1.30573,1.3074299999999999,1.3015500000000002,0.0016799999999999038,1.3074499999999998,sl,-87.70999999998637,-1.0654761904760859,8257.585000000581,False
realistic,2013-04-22 09:30:00,2013-04-23 09:00:00,-1,0,0.37,1.30552,1.30774,1.30004,0.0021999999999999797,1.3077599999999998,sl,-85.46999999999252,-1.0499999999999179,8172.115000000589,False
realistic,2013-04-24 14:30:00,2013-04-24 19:00:00,-1,0,0.38,1.29955,1.3017,1.2942449999999994,0.0021300000000001873,1.30172,sl,-85.1200000000002,-1.0516431924881728,8086.995000000589,False
realistic,2013-04-25 10:15:00,2013-04-25 14:15:00,1,0,0.22,1.30426,1.30246,1.3086900000000004,0.0017800000000001148,1.3086900000000004,tp,95.92000000000832,2.4494382022472454,8182.9150000005975,True
realistic,2013-04-29 08:15:00,2013-04-29 14:00:00,1,0,0.47,1.30581,1.30406,1.3101150000000001,0.0017300000000000093,1.3101150000000001,tp,199.04500000001062,2.4479768786128346,8381.960000000608,True
realistic,2013-04-30 15:15:00,2013-04-30 15:30:00,1,0,0.4,1.30856,1.30649,1.3136650000000003,0.0020500000000001073,1.3136650000000003,tp,201.4000000000144,2.456097560975657,8583.360000000623,True
realistic,2013-05-02 10:15:00,2013-05-02 13:45:00,1,0,0.21,1.31679,1.31478,1.321745,0.0019899999999999363,1.3147600000000002,sl,-44.099999999994836,-1.0552763819094582,8539.260000000628,False
realistic,2013-05-06 10:45:00,2013-05-06 16:15:00,-1,0,0.55,1.31065,1.3122,1.306845,0.0015300000000000313,1.306845,tp,205.42500000000322,2.4411764705882235,8744.68500000063,False
realistic,2013-05-07 08:15:00,2013-05-07 12:00:00,-1,0,0.56,1.3080500000000002,1.30963,1.30417,0.0015600000000000058,1.30965,sl,-93.51999999999015,-1.0705128205127035,8651.165000000641,False
realistic,2013-05-14 09:15:00,2013-05-14 09:30:00,1,0,0.53,1.30128,1.29965,1.3052850000000005,0.0016100000000001113,1.29963,sl,-91.15999999999624,-1.0683229813663415,8560.005000000645,False
realistic,2013-05-14 11:00:00,2013-05-14 11:00:00,-1,0,0.5,1.2994700000000001,1.3012,1.2952150000000002,0.0017099999999998783,1.3012199999999998,sl,-90.99999999998481,-1.064327485380015,8469.00500000066,False
realistic,2013-05-21 11:30:00,2013-05-21 12:15:00,1,0,0.36,1.28859,1.28622,1.294445,0.0023500000000000743,1.2862,sl,-88.55999999999611,-1.0468085106382188,8380.445000000664,False
realistic,2013-05-21 16:00:00,2013-05-21 17:00:00,-1,0,0.55,1.28594,1.28746,1.2822099999999998,0.0015000000000000568,1.28748,sl,-88.54999999999312,-1.0733333333332093,8291.89500000067,False
realistic,2013-05-22 09:00:00,2013-05-22 14:15:00,1,0,0.53,1.2916899999999998,1.29013,1.2955199999999996,0.0015399999999998748,1.2917699999999999,sl,0.5300000000042404,0.0064935064935589745,8292.425000000674,True
realistic,2013-05-28 11:15:00,2013-05-28 11:15:00,-1,0,0.49,1.2897100000000001,1.2913999999999999,1.2855550000000004,0.0016699999999998383,1.2914199999999998,sl,-87.21999999998314,-1.0658682634729513,8205.205000000691,False
realistic,2013-06-05 16:00:00,2013-06-05 17:30:00,1,0,0.52,1.3073899999999998,1.30581,1.31127,0.0015600000000000058,1.30747,sl,0.5200000000041602,0.006410256410307671,8205.725000000695,True
realistic,2013-06-12 15:45:00,2013-06-12 17:45:00,1,0,0.41,1.3285999999999998,1.32659,1.3335549999999996,0.0019899999999999363,1.3335549999999996,tp,200.28499999999264,2.4547738693467225,8406.010000000688,True
realistic,2013-06-25 10:15:00,2013-06-25 16:00:00,-1,0,0.43,1.31267,1.31462,1.307865,0.0019299999999999873,1.307865,tp,203.60499999999777,2.4533678756476576,8609.615000000686,True
realistic,2013-06-25 11:15:00,2013-06-25 13:45:00,-1,0,0.44,1.3122200000000002,1.31416,1.3074400000000002,0.0019199999999999218,1.31418,sl,-89.31999999998854,-1.0572916666665741,8520.295000000697,False
realistic,2013-07-04 09:15:00,2013-07-04 11:45:00,-1,0,0.21,1.29861,1.3006199999999999,1.2936550000000002,0.0019899999999999363,1.3006399999999998,sl,-44.099999999994836,-1.0552763819094582,8476.195000000702,False
realistic,2013-07-10 14:15:00,2013-07-10 15:45:00,-1,0,0.48,1.28123,1.28298,1.2769249999999999,0.0017300000000000093,1.283,sl,-88.31999999999171,-1.0635838150287962,8387.87500000071,False
realistic,2013-07-23 09:15:00,2013-07-23 11:00:00,1,0,0.47,1.3195199999999998,1.31773,1.3239249999999996,0.0017699999999998273,1.3177100000000002,sl,-88.35999999998332,-1.0621468926552704,8299.515000000725,False
realistic,2013-07-23 16:15:00,2013-07-23 20:45:00,1,0,0.53,1.3193899999999998,1.31781,1.32327,0.0015600000000000058,1.32327,tp,201.9300000000056,2.4423076923077507,8501.445000000731,True
realistic,2013-07-25 09:00:00,2013-07-25 10:15:00,1,0,0.28,1.32185,1.32033,1.3255800000000002,0.0015000000000000568,1.32031,sl,-45.0799999999965,-1.0733333333332091,8456.365000000735,False
realistic,2013-08-13 09:30:00,2013-08-13 11:15:00,-1,0,0.36,1.32897,1.33133,1.32314,0.0023400000000000087,1.3313499999999998,sl,-88.19999999999375,-1.047008547008469,8368.165000000741,False
realistic,2013-08-22 16:30:00,2013-08-22 17:00:00,-1,0,0.2,1.33298,1.33506,1.3278500000000002,0.0020599999999999508,1.3350799999999998,sl,-43.39999999999537,-1.0533980582523401,8324.765000000745,False
realistic,2013-08-28 11:30:00,2013-08-28 12:30:00,1,0,0.49,1.3376599999999998,1.33597,1.3418149999999995,0.0016699999999998383,1.3359500000000002,sl,-87.21999999998314,-1.0658682634729513,8237.545000000762,False
realistic,2013-09-02 10:00:00,2013-09-03 08:30:00,-1,0,0.47,1.32099,1.32276,1.3166350000000002,0.0017499999999999183,1.3166350000000002,tp,201.39499999999467,2.4485714285714786,8438.940000000757,True
realistic,2013-09-04 10:00:00,2013-09-04 11:00:00,-1,0,0.43,1.3159500000000002,1.31793,1.3110700000000002,0.0019599999999999618,1.31795,sl,-89.00999999999053,-1.0561224489795,8349.930000000766,False
realistic,2013-09-11 10:15:00,2013-09-11 15:45:00,1,0,0.52,1.3266399999999998,1.32502,1.3306199999999995,0.0015999999999998238,1.32672,sl,0.5200000000041602,0.00625000000005069,8350.45000000077,True
realistic,2013-09-11 11:00:00,2013-09-12 14:30:00,1,0,0.4,1.3273599999999999,1.32527,1.332515,0.0020700000000000163,1.32744,sl,0.4000000000032,0.004830917874434745,8350.850000000773,True
realistic,2013-09-23 14:30:00,2013-09-23 15:15:00,1,0,0.45,1.3515499999999998,1.34969,1.3561299999999994,0.0018399999999998418,1.3496700000000001,sl,-87.7499999999847,-1.0597826086955584,8263.100000000788,False
realistic,2013-09-23 15:00:00,2013-09-25 11:15:00,-1,0,0.41,1.35068,1.3526799999999999,1.3457500000000002,0.0019799999999998708,1.3506,sl,0.41000000000328063,0.005050505050545793,8263.510000000791,True
realistic,2013-09-24 11:00:00,2013-09-25 11:45:00,-1,0,0.44,1.34928,1.35116,1.3446500000000001,0.0018599999999999728,1.3511799999999998,sl,-86.67999999999078,-1.0591397849461395,8176.8300000008,False
realistic,2013-09-25 16:30:00,2013-09-26 04:15:00,1,0,0.54,1.3511499999999999,1.34962,1.3549049999999996,0.0015099999999999003,1.35123,sl,0.5400000000043201,0.00662251655634481,8177.370000000805,True
realistic,2013-09-26 15:30:00,2013-09-26 16:00:00,-1,0,0.27,1.3492000000000002,1.35073,1.3454450000000002,0.0015099999999999003,1.35075,sl,-43.7399999999924,-1.0728476821190895,8133.630000000812,False
realistic,2013-10-07 14:00:00,2013-10-07 17:15:00,-1,0,0.48,1.3566600000000002,1.35836,1.3524800000000003,0.0016799999999999038,1.35838,sl,-85.91999999998664,-1.0654761904760859,8047.710000000826,False
realistic,2013-10-08 15:45:00,2013-10-08 18:45:00,1,0,0.34,1.3595599999999999,1.35724,1.36529,0.0022999999999999687,1.35722,sl,-81.93999999999275,-1.0478260869564433,7965.7700000008335,False
realistic,2013-10-23 15:00:00,2013-10-23 16:00:00,1,0,0.5,1.3763299999999998,1.37472,1.3802849999999998,0.0015899999999999803,1.37641,sl,0.5000000000040004,0.006289308176151026,7966.270000000837,True
realistic,2013-11-06 08:45:00,2013-11-06 09:15:00,1,0,0.43,1.35092,1.34908,1.3554499999999998,0.0018199999999999328,1.3490600000000001,sl,-82.98999999998928,-1.0604395604394627,7883.280000000848,False
realistic,2013-11-12 09:45:00,2013-11-12 11:45:00,-1,0,0.37,1.3373400000000002,1.33944,1.3321600000000005,0.0020799999999998597,1.3394599999999999,sl,-81.02999999998808,-1.0528846153845315,7802.25000000086,False
realistic,2013-11-14 09:15:00,2013-11-14 10:30:00,1,0,0.22,1.3468799999999999,1.3450900000000001,1.3512849999999994,0.0017699999999998273,1.3450700000000002,sl,-41.3599999999922,-1.0621468926552706,7760.890000000868,False
realistic,2013-11-14 16:00:00,2013-11-14 16:30:00,1,0,0.2,1.3456199999999998,1.34368,1.3503999999999996,0.0019199999999999218,1.34366,sl,-40.59999999999479,-1.057291666666574,7720.290000000873,False
realistic,2013-11-19 10:00:00,2013-11-19 11:00:00,1,0,0.38,1.3519899999999998,1.34995,1.3570199999999997,0.0020199999999999108,1.34993,sl,-80.9399999999897,-1.0544554455444668,7639.3500000008835,False
realistic,2013-11-19 15:45:00,2013-11-19 15:45:00,1,0,0.42,1.35178,1.34995,1.3562850000000002,0.0018100000000000893,1.34993,sl,-80.63999999999609,-1.0607734806628797,7558.710000000888,False
realistic,2013-11-20 15:30:00,2013-11-20 16:15:00,1,0,0.49,1.3538,1.35225,1.357605,0.0015300000000000313,1.35223,sl,-80.35999999999262,-1.071895424836481,7478.350000000895,False
realistic,2013-12-02 08:45:00,2013-12-02 09:30:00,1,0,0.4,1.36127,1.35941,1.3658500000000002,0.0018400000000000638,1.35939,sl,-77.99999999999528,-1.0597826086955513,7400.3500000009,False
realistic,2013-12-11 10:00:00,2013-12-12 10:45:00,1,0,0.3,1.37634,1.37392,1.38232,0.0023999999999999577,1.37642,sl,0.3000000000024001,0.004166666666700076,7400.650000000902,True
realistic,2013-12-12 16:00:00,2013-12-12 16:00:00,1,0,0.17,1.37757,1.37544,1.3828250000000002,0.0021100000000000563,1.37542,sl,-37.73999999999786,-1.0521327014217132,7362.910000000904,False
realistic,2013-12-16 10:30:00,2013-12-16 18:15:00,1,0,0.29,1.37727,1.37477,1.3834500000000003,0.0024800000000000377,1.3747500000000001,sl,-75.10999999999582,-1.0443548387096036,7287.800000000908,False
realistic,2013-12-26 16:45:00,2013-12-27 04:00:00,1,0,0.21,1.3698,1.36809,1.374005,0.0016899999999999693,1.374005,tp,86.83500000000029,2.4467455621302303,7374.635000000908,True
realistic,2013-12-31 15:30:00,2014-01-02 12:00:00,-1,0,0.32,1.3769200000000001,1.3792,1.3712900000000001,0.0022599999999999287,1.3712900000000001,tp,177.92000000000075,2.4601769911505307,7552.555000000909,True
realistic,2014-01-14 11:45:00,2014-01-14 14:30:00,1,0,0.37,1.36804,1.36601,1.3730450000000003,0.0020100000000000673,1.36599,sl,-78.43999999999576,-1.0547263681591117,7474.115000000913,False
realistic,2014-01-14 15:30:00,2014-01-15 02:30:00,1,0,0.45,1.3673799999999998,1.36573,1.3714349999999995,0.0016299999999997983,1.3657100000000002,sl,-78.29999999998273,-1.0674846625765837,7395.81500000093,False
realistic,2014-01-16 08:30:00,2014-01-16 10:30:00,-1,0,0.17,1.36067,1.36275,1.35554,0.0020599999999999508,1.3627699999999998,sl,-36.88999999999607,-1.0533980582523401,7358.925000000934,False
realistic,2014-01-21 09:00:00,2014-01-21 17:15:00,-1,0,0.4,1.35463,1.35645,1.3501499999999997,0.0018000000000000238,1.3564699999999998,sl,-76.39999999999368,-1.0611111111110094,7282.525000000941,False
realistic,2014-01-22 09:00:00,2014-01-22 13:30:00,-1,0,0.31,1.3544200000000002,1.35676,1.3486400000000005,0.0023199999999998777,1.3567799999999999,sl,-75.32999999999056,-1.0474137931033722,7207.19500000095,False
realistic,2014-01-28 16:45:00,2014-01-29 09:30:00,-1,0,0.4,1.36568,1.3675,1.3611999999999997,0.0018000000000000238,1.3675199999999998,sl,-76.39999999999368,-1.0611111111110094,7130.795000000957,False
realistic,2014-02-04 15:15:00,2014-02-05 14:00:00,-1,0,0.37,1.3511600000000001,1.3531,1.3463800000000004,0.0019199999999999218,1.3531199999999999,sl,-75.10999999999036,-1.0572916666665741,7055.685000000966,False
realistic,2014-02-05 11:15:00,2014-02-05 14:00:00,-1,0,0.33,1.35087,1.35302,1.3455650000000001,0.0021299999999999653,1.3530399999999998,sl,-73.91999999999285,-1.0516431924881784,6981.7650000009735,False
realistic,2014-02-05 14:00:00,2014-02-05 14:00:00,1,0,0.45,1.3524199999999997,1.35086,1.3562499999999995,0.0015399999999998748,1.3524999999999998,sl,0.4500000000036004,0.006493506493558975,6982.215000000977,True
realistic,2014-02-12 11:30:00,2014-02-12 11:45:00,1,0,0.42,1.3650999999999998,1.36344,1.3691799999999996,0.0016399999999998638,1.36342,sl,-73.49999999998663,-1.0670731707316017,6908.715000000991,False
realistic,2014-02-17 10:15:00,2014-02-17 14:15:00,1,0,0.35,1.3713799999999998,1.3694,1.3762599999999998,0.0019599999999999618,1.36938,sl,-72.4499999999923,-1.0561224489795003,6836.265000000998,False
realistic,2014-02-18 10:00:00,2014-02-18 15:00:00,1,0,0.39,1.3719499999999998,1.37021,1.3762299999999996,0.0017199999999999438,1.3762299999999996,tp,164.18999999999374,2.4476744186046377,7000.455000000992,True
realistic,2014-02-18 11:45:00,2014-02-19 20:15:00,1,0,0.3,1.3727999999999998,1.3705,1.3784799999999995,0.0022799999999998377,1.3728799999999999,sl,0.3000000000024001,0.004385964912316104,7000.755000000994,True
realistic,2014-02-19 15:30:00,2014-02-19 20:00:00,1,0,0.4,1.37573,1.374,1.3799849999999996,0.0017099999999998783,1.3739800000000002,sl,-72.79999999998785,-1.064327485380015,6927.955000001007,False
realistic,2014-02-26 10:15:00,2014-02-26 13:15:00,1,0,0.33,1.3754299999999997,1.37337,1.3805099999999992,0.0020399999999998197,1.37335,sl,-70.94999999998805,-1.0539215686273666,6857.005000001019,False
realistic,2014-03-05 10:30:00,2014-03-05 14:15:00,-1,0,0.32,1.3725,1.37466,1.3671699999999998,0.0021400000000000308,1.37468,sl,-71.99999999999515,-1.0514018691587925,6785.005000001023,False
realistic,2014-03-06 09:15:00,2014-03-06 11:45:00,-1,0,0.19,1.3722400000000001,1.37401,1.3678850000000002,0.0017499999999999183,1.3740299999999999,sl,-35.33999999999499,-1.0628571428570417,6749.665000001029,False
realistic,2014-03-11 11:00:00,2014-03-11 15:30:00,-1,0,0.4,1.38491,1.38661,1.3807300000000002,0.0016799999999999038,1.3866299999999998,sl,-71.59999999998888,-1.065476190476086,6678.06500000104,False
realistic,2014-03-17 10:00:00,2014-03-18 10:15:00,1,0,0.3,1.3904799999999997,1.38826,1.3959599999999992,0.0021999999999997577,1.3905599999999998,sl,0.3000000000024001,0.0045454545454914124,6678.365000001042,True
realistic,2014-03-19 11:45:00,2014-03-19 15:00:00,1,0,0.4,1.3921899999999998,1.39054,1.3962449999999995,0.0016299999999997983,1.3905200000000002,sl,-69.59999999998465,-1.0674846625765837,6608.765000001057,False
realistic,2014-03-24 15:15:00,2014-03-24 16:45:00,-1,0,0.35,1.37676,1.37863,1.3721549999999996,0.0018500000000001293,1.37865,sl,-68.59999999999816,-1.0594594594593572,6540.165000001059,False
realistic,2014-03-25 16:30:00,2014-03-25 17:30:00,-1,0,0.31,1.3785100000000001,1.38062,1.3733050000000002,0.0020899999999999253,1.3806399999999999,sl,-68.19999999999204,-1.0526315789472833,6471.965000001067,False
realistic,2014-03-26 10:00:00,2014-03-27 17:00:00,-1,0,0.26,1.37958,1.38202,1.3735499999999998,0.0024200000000000887,1.3735499999999998,tp,154.96000000000527,2.462809917355365,6626.9250000010725,True
realistic,2014-03-27 08:30:00,2014-03-28 09:00:00,-1,0,0.19,1.37718,1.37894,1.3728499999999997,0.0017400000000000748,1.3728499999999997,tp,80.9400000000074,2.448275862069084,6707.86500000108,True
realistic,2014-03-27 15:30:00,2014-03-28 09:00:00,-1,0,0.22,1.3761100000000002,1.37764,1.3723550000000002,0.0015099999999999003,1.3723550000000002,tp,81.06999999999896,2.440397350993507,6788.935000001079,True
realistic,2014-04-02 15:30:00,2014-04-03 14:30:00,-1,0,0.38,1.37762,1.37939,1.3732650000000002,0.0017499999999999183,1.3794099999999998,sl,-70.67999999998997,-1.0628571428570417,6718.255000001089,False
realistic,2014-04-02 16:15:00,2014-04-03 14:30:00,-1,0,0.34,1.37711,1.37908,1.3722549999999996,0.0019500000000001183,1.3791,sl,-70.03999999999783,-1.0564102564101594,6648.215000001091,False
realistic,2014-04-14 10:15:00,2014-04-14 14:30:00,-1,0,0.44,1.38481,1.38634,1.3810550000000004,0.0015099999999999003,1.3810550000000004,tp,162.13999999998813,2.4403973509933596,6810.355000001079,True
realistic,2014-05-14 11:45:00,2014-05-15 09:45:00,-1,0,0.43,1.37122,1.37279,1.3673650000000002,0.0015499999999999403,1.3673650000000002,tp,162.7549999999975,2.441935483871024,6973.1100000010765,True
realistic,2014-05-20 16:45:00,2014-05-21 02:30:00,-1,0,0.46,1.3691,1.37062,1.3653699999999998,0.0015000000000000568,1.3706399999999999,sl,-74.05999999999423,-1.0733333333332091,6899.0500000010825,False
realistic,2014-05-22 09:15:00,2014-05-22 09:30:00,-1,0,0.21,1.36627,1.3679,1.3622650000000003,0.0016099999999998893,1.3679199999999998,sl,-36.11999999999385,-1.0683229813663513,6862.930000001089,False
realistic,2014-05-29 15:00:00,2014-05-30 15:00:00,-1,0,0.13,1.3602100000000001,1.36273,1.3539800000000002,0.0024999999999999467,1.36275,sl,-33.92999999999694,-1.0439999999999279,6829.000000001092,False
realistic,2014-06-11 16:15:00,2014-06-12 16:30:00,-1,0,0.35,1.35311,1.35506,1.3483049999999999,0.0019299999999999873,1.3550799999999998,sl,-71.39999999999318,-1.0569948186527558,6757.600000001099,False
realistic,2014-06-17 11:00:00,2014-06-17 14:30:00,1,0,0.31,1.3575599999999999,1.35541,1.3628649999999998,0.0021299999999999653,1.35539,sl,-69.43999999999328,-1.0516431924881782,6688.160000001106,False
realistic,2014-08-27 15:45:00,2014-08-27 16:15:00,-1,0,0.41,1.3172000000000001,1.31885,1.313145,0.0016300000000000203,1.31887,sl,-71.33999999999337,-1.0674846625765748,6616.820000001112,False
realistic,2014-08-28 10:15:00,2014-08-28 11:45:00,1,0,0.2,1.3212599999999999,1.31962,1.3252899999999999,0.0016199999999999548,1.3196,sl,-34.599999999995454,-1.0679012345677907,6582.220000001116,False
realistic,2014-09-10 08:45:00,2014-09-10 14:30:00,1,0,0.37,1.2939999999999998,1.29221,1.2984049999999994,0.0017699999999998273,1.2921900000000002,sl,-69.55999999998689,-1.0621468926552708,6512.660000001129,False
realistic,2014-09-10 10:15:00,2014-09-10 14:30:00,1,0,0.4,1.2940199999999997,1.29239,1.2980249999999995,0.0016099999999998893,1.29237,sl,-68.79999999998829,-1.068322981366351,6443.860000001141,False
realistic,2014-09-17 16:00:00,2014-09-17 17:15:00,1,0,0.4,1.2966299999999997,1.29501,1.3006099999999994,0.0015999999999998238,1.29499,sl,-68.39999999998568,-1.068749999999894,6375.460000001155,False
realistic,2014-10-02 11:45:00,2014-10-02 14:30:00,1,0,0.2,1.2641499999999999,1.26255,1.2680799999999999,0.0015799999999999148,1.2625300000000002,sl,-33.799999999994654,-1.0696202531644454,6341.66000000116,False
realistic,2014-10-08 09:15:00,2014-10-08 13:45:00,1,0,0.26,1.26453,1.26215,1.2704099999999998,0.0023599999999999177,1.26461,sl,0.2600000000020801,0.004237288135627269,6341.920000001162,True
realistic,2014-10-13 10:30:00,2014-10-13 22:30:00,1,0,0.28,1.2679399999999998,1.26566,1.2735699999999999,0.0022599999999999287,1.2735699999999999,tp,155.6800000000007,2.4601769911505307,6497.600000001163,True
realistic,2014-10-13 15:30:00,2014-10-13 17:15:00,1,0,0.36,1.2691999999999999,1.26742,1.27358,0.0017599999999999838,1.2674,sl,-67.31999999999286,-1.062499999999897,6430.28000000117,False
realistic,2014-10-20 15:00:00,2014-10-20 17:30:00,-1,0,0.34,1.27668,1.27859,1.271975,0.0018899999999999473,1.2786099999999998,sl,-67.99999999999201,-1.0582010582009633,6362.280000001178,False
realistic,2014-10-20 15:30:00,2014-10-20 16:00:00,-1,0,0.3,1.2758200000000002,1.27792,1.2706400000000004,0.0020799999999998597,1.2779399999999999,sl,-65.69999999999033,-1.0528846153845313,6296.580000001188,False
realistic,2014-11-04 08:30:00,2014-11-04 11:15:00,-1,0,0.37,1.2502600000000001,1.25197,1.2460550000000001,0.0016899999999999693,1.25199,sl,-66.59999999999214,-1.0650887573963435,6229.980000001196,False
realistic,2014-11-04 15:15:00,2014-11-04 16:15:00,-1,0,0.37,1.2510400000000002,1.25273,1.2468850000000005,0.0016699999999998383,1.2527499999999998,sl,-65.85999999998728,-1.0658682634729513,6164.120000001209,False
realistic,2014-11-06 11:45:00,2014-11-06 14:30:00,1,0,0.17,1.25202,1.25021,1.256475,0.0017899999999999583,1.2501900000000001,sl,-32.299999999996196,-1.0614525139663802,6131.820000001212,False
realistic,2014-11-19 09:00:00,2014-11-19 16:00:00,1,0,0.27,1.2534599999999998,1.25125,1.2589149999999996,0.0021899999999999142,1.2535399999999999,sl,0.27000000000216007,0.0045662100456988096,6132.090000001214,True
realistic,2014-11-19 11:30:00,2014-11-19 16:00:00,1,0,0.34,1.2539999999999998,1.25218,1.2584799999999994,0.0017999999999998018,1.2540799999999999,sl,0.3400000000027199,0.00555555555560061,6132.430000001217,True
realistic,2014-11-25 09:30:00,2014-11-25 10:30:00,-1,0,0.31,1.2416900000000002,1.24364,1.236885,0.0019299999999999873,1.24366,sl,-63.23999999999397,-1.0569948186527558,6069.190000001223,False
realistic,2014-11-25 11:30:00,2014-11-25 16:30:00,-1,0,0.38,1.2427400000000002,1.2443199999999999,1.2388600000000007,0.0015599999999997838,1.2443399999999998,sl,-63.45999999998487,-1.0705128205127137,6005.730000001238,False
realistic,2014-11-26 10:15:00,2014-11-26 11:00:00,1,0,0.38,1.2478699999999998,1.2463,1.2517249999999998,0.0015499999999999403,1.24628,sl,-63.07999999999082,-1.0709677419353691,5942.6500000012475,False
realistic,2014-11-26 14:15:00,2014-11-26 17:45:00,1,0,0.25,1.2464699999999997,1.24409,1.2523499999999996,0.0023599999999999177,1.2523499999999996,tp,145.24999999999713,2.461864406779698,6087.900000001245,True
realistic,2014-12-10 14:45:00,2014-12-10 17:30:00,1,0,0.29,1.2384099999999998,1.23635,1.2434899999999995,0.0020399999999998197,1.2434899999999995,tp,145.28999999999277,2.4558823529412717,6233.190000001237,True
realistic,2014-12-15 08:45:00,2014-12-15 10:00:00,1,0,0.36,1.2455399999999999,1.2438,1.2498199999999997,0.0017199999999999438,1.24378,sl,-65.87999999999143,-1.0639534883719894,6167.310000001246,False
realistic,2014-12-17 09:15:00,2014-12-17 09:45:00,1,0,0.32,1.2492499999999997,1.24733,1.2539799999999994,0.0018999999999997907,1.2473100000000001,sl,-64.31999999998747,-1.0578947368420157,6102.9900000012585,False
realistic,2014-12-22 14:45:00,2014-12-22 21:45:00,-1,0,0.4,1.22568,1.22722,1.2219000000000002,0.0015199999999999658,1.2219000000000002,tp,148.39999999999577,2.4407894736841955,6251.3900000012545,False
realistic,2014-12-23 10:00:00,2014-12-23 10:30:00,-1,0,0.38,1.22248,1.22413,1.2184249999999999,0.0016300000000000203,1.2241499999999998,sl,-66.11999999999385,-1.0674846625765746,6185.270000001261,False
realistic,2014-12-29 09:45:00,2014-12-29 11:15:00,-1,0,0.32,1.21737,1.21932,1.2125650000000001,0.0019299999999999873,1.2193399999999999,sl,-65.27999999999376,-1.0569948186527558,6119.990000001268,False
realistic,2015-01-13 09:15:00,2015-01-13 10:30:00,1,0,0.37,1.18387,1.1822300000000001,1.1879,0.0016199999999999548,1.1822100000000002,sl,-64.00999999999159,-1.067901234567791,6055.980000001276,False
realistic,2015-01-15 10:15:00,2015-01-15 11:30:00,-1,0,0.13,1.17645,1.17875,1.1707699999999996,0.0022800000000000598,1.1707699999999996,tp,72.93000000000457,2.460526315789563,6128.91000000128,False
realistic,2015-01-15 10:45:00,2015-01-15 11:30:00,-1,0,0.15,1.17585,1.1779,1.170795,0.0020299999999999763,1.170795,tp,74.77500000000047,2.4556650246305862,6203.685000001281,False
realistic,2015-01-20 10:15:00,2015-01-20 11:30:00,-1,0,0.35,1.1576300000000002,1.15941,1.15325,0.0017599999999999838,1.15943,sl,-65.44999999999305,-1.0624999999998972,6138.2350000012875,False
realistic,2015-01-21 09:15:00,2015-01-21 14:45:00,-1,0,0.33,1.15686,1.15869,1.1523549999999996,0.0018100000000000893,1.15871,sl,-63.35999999999695,-1.06077348066288,6074.875000001291,False
realistic,2015-02-02 10:30:00,2015-02-02 13:15:00,1,0,0.31,1.13238,1.1304400000000001,1.1371599999999997,0.0019199999999999218,1.13246,sl,0.3100000000024803,0.005208333333375217,6075.185000001293,True
realistic,2015-02-03 09:00:00,2015-02-03 10:00:00,1,0,0.39,1.13391,1.13236,1.137715,0.0015300000000000313,1.1323400000000001,sl,-63.95999999999412,-1.0718954248364807,6011.225000001299,False
realistic,2015-02-10 10:30:00,2015-02-10 13:45:00,-1,0,0.33,1.13186,1.13368,1.12738,0.0018000000000000238,1.12738,tp,145.5300000000013,2.449999999999989,6156.755000001301,True
realistic,2015-02-17 08:45:00,2015-02-17 11:00:00,-1,0,0.35,1.1350200000000001,1.13678,1.1306900000000004,0.0017399999999998528,1.1367999999999998,sl,-64.74999999998847,-1.0632183908044983,6092.0050000013125,False
realistic,2015-02-18 15:15:00,2015-02-18 21:00:00,-1,0,0.35,1.13714,1.1389,1.1328099999999997,0.0017400000000000748,1.13706,sl,0.35000000000280007,0.00574712643682734,6092.355000001316,True
realistic,2015-02-24 16:15:00,2015-02-24 17:15:00,-1,0,0.25,1.1317400000000002,1.13416,1.12576,0.0023999999999999577,1.13418,sl,-62.749999999994394,-1.0458333333332583,6029.605000001321,False
realistic,2015-02-25 10:45:00,2015-02-25 12:30:00,1,0,0.35,1.1372099999999998,1.13548,1.1414649999999997,0.0017099999999998783,1.1354600000000001,sl,-63.699999999989366,-1.064327485380015,5965.905000001331,False
realistic,2015-03-02 15:45:00,2015-03-03 11:30:00,-1,0,0.33,1.12165,1.12345,1.1172199999999997,0.0017800000000001148,1.1172199999999997,tp,143.88000000001247,2.4494382022472454,6109.785000001344,True
realistic,2015-03-18 10:45:00,2015-03-18 14:45:00,1,0,0.31,1.0609899999999999,1.05901,1.0658699999999999,0.0019599999999999618,1.05899,sl,-64.16999999999317,-1.0561224489795,6045.615000001351,False
realistic,2015-03-18 16:00:00,2015-03-18 20:00:00,1,0,0.24,1.0611599999999999,1.05871,1.0672149999999998,0.002429999999999932,1.0672149999999998,tp,143.6399999999981,2.462962962962999,6189.25500000135,True
realistic,2015-04-07 08:00:00,2015-04-07 08:45:00,-1,0,0.27,1.09236,1.09462,1.0867799999999999,0.0022400000000000198,1.0946399999999998,sl,-63.44999999999562,-1.049107142857061,6125.8050000013545,False
realistic,2015-04-07 11:00:00,2015-04-07 11:15:00,-1,0,0.3,1.0921500000000002,1.09421,1.0870700000000006,0.0020399999999998197,1.0870700000000006,tp,150.29999999998589,2.455882352941163,6276.10500000134,False
realistic,2015-04-15 09:30:00,2015-04-15 10:15:00,1,0,0.28,1.0646399999999998,1.06244,1.0700699999999994,0.0021799999999998487,1.0624200000000001,sl,-64.11999999999067,-1.0504587155962501,6211.985000001349,False
realistic,2015-04-21 08:30:00,2015-04-21 09:45:00,-1,0,0.37,1.07221,1.0739,1.0680549999999998,0.0016700000000000603,1.0680549999999998,tp,151.14500000001306,2.446107784431261,6363.1300000013625,True
realistic,2015-04-23 08:00:00,2015-04-23 11:15:00,-1,0,0.18,1.0702200000000002,1.07196,1.0659400000000003,0.0017199999999999438,1.07198,sl,-32.93999999999571,-1.0639534883719894,6330.190000001367,False
realistic,2015-04-28 11:45:00,2015-04-28 13:45:00,1,0,0.3,1.08821,1.0861100000000001,1.0933899999999996,0.0020799999999998597,1.0933899999999996,tp,153.2999999999922,2.45673076923081,6483.490000001359,True
realistic,2015-06-16 09:45:00,2015-06-16 09:45:00,1,0,0.29,1.12787,1.12566,1.1333249999999997,0.0021899999999999142,1.12795,sl,0.2900000000023204,0.004566210045698816,6483.780000001361,True
realistic,2015-06-17 10:00:00,2015-06-17 11:45:00,1,0,0.32,1.12591,1.12391,1.1308400000000003,0.001980000000000093,1.12599,sl,0.32000000000256,0.0050505050505452185,6484.100000001364,True
realistic,2015-07-29 16:30:00,2015-07-29 21:00:00,-1,0,0.26,1.1035000000000001,1.10594,1.0974700000000004,0.0024199999999998667,1.1059599999999998,sl,-65.7799999999918,-1.0454545454544728,6418.320000001372,False
realistic,2015-08-17 14:00:00,2015-08-17 14:45:00,-1,0,0.37,1.1086,1.1103399999999999,1.10432,0.0017199999999999438,1.1103599999999998,sl,-67.70999999999118,-1.0639534883719894,6350.610000001381,False
realistic,2015-08-18 10:30:00,2015-08-18 10:45:00,-1,0,0.37,1.10651,1.10821,1.1023300000000003,0.0016799999999999038,1.1082299999999998,sl,-66.2299999999897,-1.0654761904760859,6284.380000001392,False
realistic,2015-08-18 11:45:00,2015-08-19 09:30:00,-1,0,0.28,1.10729,1.10955,1.10171,0.0022400000000000198,1.10721,sl,0.28000000000224046,0.0044642857143213956,6284.660000001394,True
realistic,2015-09-03 09:30:00,2015-09-03 10:00:00,-1,0,0.2,1.12216,1.1237,1.1183800000000002,0.0015199999999999658,1.1237199999999998,sl,-32.59999999999568,-1.0723684210525135,6252.060000001398,False
realistic,2015-09-30 14:30:00,2015-10-01 06:30:00,-1,0,0.29,1.1205800000000001,1.1227,1.11535,0.0020999999999999908,1.11535,tp,149.64000000000198,2.457142857142901,6401.7000000014,True
realistic,2015-10-06 09:15:00,2015-10-06 09:30:00,-1,0,0.39,1.1177700000000002,1.1194,1.1137650000000003,0.0016099999999998893,1.1194199999999999,sl,-67.07999999998859,-1.0683229813663513,6334.620000001411,False
realistic,2015-10-08 10:00:00,2015-10-08 10:15:00,1,0,0.18,1.1261999999999999,1.12448,1.13043,0.0017000000000000348,1.13043,tp,74.88000000000321,2.4470588235294666,6409.500000001414,True
realistic,2015-10-13 15:30:00,2015-10-13 17:00:00,1,0,0.37,1.1386699999999998,1.13692,1.1429749999999999,0.0017300000000000093,1.1369,sl,-68.0799999999936,-1.063583815028796,6341.420000001421,False
realistic,2015-10-14 15:15:00,2015-10-14 15:30:00,1,0,0.36,1.1409799999999999,1.13924,1.14526,0.0017199999999999438,1.14106,sl,0.36000000000288024,0.0058139534884187995,6341.780000001424,True
realistic,2015-10-19 10:15:00,2015-10-19 17:45:00,-1,0,0.3,1.13582,1.1379299999999999,1.1306150000000001,0.0020899999999999253,1.1306150000000001,tp,154.0499999999971,2.4569377990431045,6495.8300000014215,True
realistic,2015-10-27 10:00:00,2015-10-27 14:15:00,-1,0,0.36,1.1054700000000002,1.10725,1.1010900000000001,0.0017599999999999838,1.10727,sl,-67.31999999999286,-1.062499999999897,6428.510000001429,False
realistic,2015-10-28 10:45:00,2015-10-28 11:00:00,-1,0,0.39,1.1036000000000001,1.10525,1.099545,0.0016300000000000203,1.10527,sl,-67.8599999999937,-1.0674846625765748,6360.650000001436,False
realistic,2015-11-10 10:15:00,2015-11-10 14:45:00,-1,0,0.34,1.0747300000000002,1.07657,1.0702000000000003,0.0018199999999999328,1.0702000000000003,tp,151.6399999999974,2.4505494505494987,6512.290000001433,False
realistic,2015-11-11 10:00:00,2015-11-11 13:15:00,1,0,0.34,1.0749199999999999,1.07303,1.0795750000000002,0.0018700000000000383,1.07301,sl,-67.31999999999512,-1.0588235294116661,6444.970000001438,False
realistic,2015-11-18 14:15:00,2015-11-18 16:00:00,1,0,0.42,1.0671799999999998,1.06563,1.0709849999999994,0.0015299999999998093,1.0656100000000002,sl,-68.87999999998434,-1.0718954248364911,6376.0900000014535,False
realistic,2015-11-19 11:00:00,2015-11-19 18:00:00,1,0,0.13,1.0688499999999999,1.06647,1.0747299999999997,0.0023599999999999177,1.0747299999999997,tp,75.52999999999851,2.461864406779698,6451.620000001452,True
realistic,2015-11-26 09:45:00,2015-11-27 08:45:00,-1,0,0.17,1.06061,1.06244,1.0561049999999996,0.0018100000000000893,1.06246,sl,-32.63999999999843,-1.06077348066288,6418.980000001454,False
realistic,2015-12-01 10:15:00,2015-12-01 10:45:00,-1,0,0.37,1.05777,1.05952,1.053465,0.0017300000000000093,1.05954,sl,-68.0799999999936,-1.063583815028796,6350.90000000146,False
realistic,2015-12-02 10:00:00,2015-12-02 12:00:00,1,0,0.32,1.0626399999999998,1.06065,1.0675449999999995,0.0019699999999998052,1.0606300000000002,sl,-66.55999999998794,-1.0558375634516897,6284.340000001473,False
realistic,2015-12-02 11:30:00,2015-12-02 12:00:00,1,0,0.41,1.06252,1.061,1.0662500000000001,0.0015000000000000568,1.06098,sl,-66.00999999999487,-1.0733333333332093,6218.330000001478,False
realistic,2015-12-14 09:15:00,2015-12-14 13:15:00,-1,0,0.41,1.09583,1.09735,1.0920999999999998,0.0015000000000000568,1.09737,sl,-66.00999999999487,-1.0733333333332093,6152.320000001483,False
realistic,2015-12-14 10:45:00,2015-12-14 13:15:00,-1,0,0.26,1.0946,1.09692,1.08887,0.0022999999999999687,1.0969399999999998,sl,-62.659999999994454,-1.0478260869564433,6089.660000001489,False
realistic,2015-12-16 16:30:00,2015-12-16 17:45:00,-1,0,0.39,1.09258,1.09414,1.0887500000000003,0.0015399999999998748,1.0941599999999998,sl,-64.34999999998801,-1.071428571428459,6025.310000001501,False
realistic,2015-12-21 15:15:00,2015-12-21 17:15:00,1,0,0.34,1.0870999999999997,1.08534,1.0914299999999995,0.0017399999999998528,1.0914299999999995,tp,144.8399999999906,2.4482758620690137,6170.150000001491,True
realistic,2015-12-22 10:00:00,2015-12-22 17:00:00,1,0,0.3,1.0920899999999998,1.09007,1.0970699999999993,0.0019999999999997797,1.0970699999999993,tp,147.2999999999862,2.4550000000000405,6317.450000001478,True
realistic,2015-12-24 16:45:00,2015-12-29 15:30:00,1,0,0.13,1.09567,1.09327,1.1016000000000001,0.0023800000000000487,1.09325,sl,-32.369999999998264,-1.0462184873948805,6285.08000000148,False
realistic,2015-12-30 15:30:00,2015-12-30 15:45:00,-1,0,0.4,1.0918800000000002,1.09347,1.0879750000000006,0.0015699999999998493,1.0934899999999999,sl,-67.19999999998669,-1.0700636942674064,6217.880000001493,False
realistic,2015-12-30 16:45:00,2015-12-31 14:30:00,-1,0,0.35,1.0927200000000001,1.09448,1.0883900000000004,0.0017399999999998528,1.0883900000000004,tp,149.0999999999903,2.4482758620690133,6366.980000001483,True
realistic,2016-01-19 10:45:00,2016-01-19 10:45:00,-1,0,0.4,1.0865200000000002,1.08812,1.0825900000000002,0.0015799999999999148,1.0881399999999999,sl,-67.59999999998931,-1.0696202531644454,6299.3800000014935,False
realistic,2016-01-25 14:30:00,2016-01-25 15:15:00,-1,0,0.4,1.08111,1.08267,1.0772799999999996,0.0015400000000000968,1.08269,sl,-65.99999999999659,-1.0714285714284486,6233.380000001497,False
realistic,2016-01-26 08:45:00,2016-01-26 11:00:00,1,0,0.34,1.0859099999999997,1.08408,1.0904149999999995,0.0018099999999998673,1.08406,sl,-65.2799999999893,-1.0607734806628875,6168.100000001507,False
realistic,2016-01-26 09:30:00,2016-01-26 10:45:00,1,0,0.27,1.0868099999999998,1.08457,1.0923399999999996,0.0022199999999998887,1.0845500000000001,sl,-62.90999999999208,-1.04954954954947,6105.190000001516,False
realistic,2016-01-27 11:00:00,2016-01-27 15:15:00,1,0,0.37,1.0866999999999998,1.08505,1.0907549999999993,0.0016299999999997983,1.0907549999999993,tp,147.4449999999806,2.444785276073601,6252.635000001496,True
realistic,2016-02-03 14:45:00,2016-02-03 15:15:00,1,0,0.29,1.0929699999999998,1.09084,1.0982249999999993,0.0021099999999998342,1.0930499999999999,sl,0.2900000000023204,0.004739336492929289,6252.925000001499,True
realistic,2016-02-08 10:15:00,2016-02-08 13:00:00,1,0,0.41,1.1148699999999998,1.11333,1.1186499999999997,0.0015199999999999658,1.1149499999999999,sl,0.41000000000328063,0.006578947368473842,6253.3350000015025,True
realistic,2016-02-17 15:15:00,2016-02-17 21:00:00,-1,0,0.39,1.1135300000000001,1.11515,1.10955,0.0016000000000000458,1.11517,sl,-66.6899999999947,-1.0687499999998844,6186.6450000015075,False
realistic,2016-02-18 10:00:00,2016-02-18 16:15:00,-1,0,0.15,1.1126900000000002,1.11477,1.1075600000000003,0.0020599999999999508,1.1075600000000003,tp,75.89999999999786,2.45631067961164,6262.545000001505,True
realistic,2016-02-23 10:30:00,2016-02-23 11:30:00,-1,0,0.35,1.1036400000000002,1.10544,1.0992100000000002,0.0017799999999998928,1.0992100000000002,tp,152.5999999999977,2.449438202247302,6415.145000001503,True
realistic,2016-03-15 09:15:00,2016-03-15 09:30:00,-1,0,0.38,1.1091900000000001,1.11087,1.10506,0.0016599999999999948,1.11089,sl,-67.25999999999289,-1.0662650602408545,6347.88500000151,False
realistic,2016-03-15 11:30:00,2016-03-15 14:30:00,-1,0,0.31,1.10959,1.11161,1.10461,0.0020000000000000018,1.11163,sl,-65.40999999999441,-1.054999999999909,6282.475000001516,False
realistic,2016-03-16 08:45:00,2016-03-16 20:00:00,-1,0,0.41,1.1087500000000001,1.1103,1.1049449999999998,0.0015300000000000313,1.11032,sl,-67.23999999999383,-1.071895424836481,6215.235000001522,False
realistic,2016-03-16 14:45:00,2016-03-16 20:00:00,-1,0,0.32,1.1082,1.11013,1.1034449999999998,0.0019100000000000783,1.11015,sl,-64.63999999999668,-1.0575916230365514,6150.5950000015255,False
realistic,2016-04-11 15:30:00,2016-04-11 18:45:00,1,0,0.28,1.14058,1.13839,1.145985,0.0021700000000000053,1.14066,sl,0.28000000000224046,0.004608294930912438,6150.875000001528,True
realistic,2016-04-18 15:30:00,2016-04-18 16:30:00,1,0,0.3,1.1317099999999998,1.12969,1.1366899999999993,0.0019999999999997797,1.1296700000000002,sl,-63.299999999987925,-1.054999999999915,6087.57500000154,False
realistic,2016-04-26 09:15:00,2016-04-26 10:00:00,1,0,0.39,1.1272299999999997,1.12568,1.1310349999999993,0.0015299999999998093,1.12566,sl,-63.95999999998546,-1.0718954248364914,6023.615000001554,False
realistic,2016-04-26 15:15:00,2016-04-26 15:30:00,1,0,0.31,1.12875,1.12683,1.13348,0.0019000000000000128,1.12883,sl,0.3100000000024803,0.005263157894778918,6023.925000001556,True
realistic,2016-04-27 09:30:00,2016-04-27 12:15:00,1,0,0.37,1.1305399999999999,1.1289,1.1345699999999999,0.0016199999999999548,1.13062,sl,0.3700000000029604,0.006172839506222402,6024.295000001559,True
realistic,2016-04-27 15:30:00,2016-04-27 21:00:00,1,0,0.29,1.1311599999999997,1.12908,1.1362899999999991,0.0020599999999997287,1.1312399999999998,sl,0.2900000000023204,0.004854368932078316,6024.585000001562,True
realistic,2016-05-05 10:15:00,2016-05-05 13:00:00,-1,0,0.16,1.14745,1.14931,1.1428699999999998,0.0018400000000000638,1.1428699999999998,tp,72.160000000004,2.4510869565217903,6096.745000001566,True
realistic,2016-05-09 08:45:00,2016-05-09 09:45:00,-1,0,0.38,1.13986,1.14146,1.13593,0.0015799999999999148,1.1414799999999998,sl,-64.21999999998984,-1.0696202531644454,6032.525000001576,False
realistic,2016-05-09 10:15:00,2016-05-11 16:30:00,-1,0,0.27,1.1399100000000002,1.14214,1.1344050000000006,0.0022099999999998232,1.1421599999999998,sl,-62.639999999990316,-1.0497737556560303,5969.8850000015855,False
realistic,2016-05-17 11:45:00,2016-05-17 16:45:00,-1,0,0.34,1.1322800000000002,1.13405,1.1279250000000003,0.0017499999999999183,1.13407,sl,-63.23999999999104,-1.062857142857042,5906.645000001595,False
realistic,2016-05-23 15:30:00,2016-05-23 20:00:00,-1,0,0.34,1.12017,1.12192,1.1158649999999999,0.0017300000000000093,1.12194,sl,-62.55999999999413,-1.0635838150287962,5844.085000001601,False
realistic,2016-05-24 10:00:00,2016-05-24 17:30:00,-1,0,0.26,1.1200400000000001,1.12225,1.1145850000000004,0.0021899999999999142,1.1145850000000004,tp,140.0099999999939,2.4589041095890303,5984.095000001595,True
realistic,2016-05-24 10:30:00,2016-05-24 22:15:00,-1,0,0.26,1.1194700000000002,1.12175,1.1138400000000002,0.0022599999999999287,1.1138400000000002,tp,144.56000000000063,2.4601769911505307,6128.655000001595,True
realistic,2016-06-13 15:30:00,2016-06-13 17:00:00,-1,0,0.3,1.12595,1.12798,1.1209449999999999,0.0020100000000000673,1.128,sl,-63.599999999996555,-1.0547263681591117,6065.055000001598,False
realistic,2016-07-04 14:45:00,2016-07-05 10:15:00,1,0,0.32,1.1138099999999997,1.1119,1.118514999999999,0.0018899999999997252,1.1138899999999998,sl,0.32000000000256,0.005291005291048388,6065.375000001601,True
realistic,2016-07-05 09:45:00,2016-07-05 10:15:00,1,0,0.27,1.1139299999999999,1.11173,1.1193599999999995,0.0021799999999998487,1.11401,sl,0.27000000000216007,0.004587155963339769,6065.645000001603,True
realistic,2016-07-05 10:15:00,2016-07-05 10:15:00,1,0,0.32,1.1140599999999998,1.11216,1.1187399999999996,0.0018799999999998818,1.11414,sl,0.32000000000256,0.005319148936213101,6065.965000001605,True
realistic,2016-07-13 10:15:00,2016-07-13 12:30:00,-1,0,0.3,1.1046600000000002,1.10669,1.0996550000000005,0.0020099999999998452,1.1067099999999999,sl,-63.5999999999899,-1.0547263681591177,6002.365000001616,False
realistic,2016-07-21 09:45:00,2016-07-21 10:15:00,1,0,0.17,1.10428,1.10252,1.10861,0.0017400000000000748,1.1025,sl,-31.449999999998177,-1.0632183908044903,5970.915000001618,False
realistic,2016-08-23 10:15:00,2016-08-23 13:00:00,1,0,0.31,1.1345199999999998,1.1326,1.1392499999999992,0.0018999999999997907,1.1325800000000001,sl,-62.309999999987866,-1.0578947368420157,5908.60500000163,False
realistic,2016-08-25 16:00:00,2016-08-25 18:45:00,1,0,0.15,1.1294299999999997,1.12748,1.1342349999999992,0.0019299999999997652,1.1274600000000001,sl,-30.59999999999375,-1.0569948186527625,5878.005000001636,False
realistic,2016-09-13 16:15:00,2016-09-13 17:00:00,-1,0,0.28,1.12264,1.12475,1.1174350000000002,0.0020899999999999253,1.1247699999999998,sl,-61.59999999999282,-1.0526315789472833,5816.405000001643,False
realistic,2016-09-14 10:30:00,2016-09-14 17:15:00,-1,0,0.29,1.12233,1.1243,1.1174749999999998,0.0019500000000001183,1.12432,sl,-59.73999999999815,-1.0564102564101596,5756.665000001645,False
realistic,2016-09-14 11:45:00,2016-09-14 12:15:00,-1,0,0.33,1.1215300000000001,1.12326,1.1172750000000002,0.0017099999999998783,1.1232799999999998,sl,-60.059999999989984,-1.064327485380015,5696.605000001655,False
realistic,2016-09-29 15:45:00,2016-09-29 17:00:00,-1,0,0.14,1.12067,1.1227,1.115665,0.0020100000000000673,1.12272,sl,-29.679999999998394,-1.0547263681591115,5666.925000001656,False
realistic,2016-10-03 10:45:00,2016-10-03 17:00:00,1,0,0.29,1.1237899999999998,1.12185,1.1285699999999999,0.0019199999999999218,1.12183,sl,-58.86999999999245,-1.0572916666665741,5608.055000001664,False
realistic,2016-10-06 10:30:00,2016-10-06 11:00:00,-1,0,0.18,1.1186500000000001,1.12021,1.1148200000000004,0.0015399999999998748,1.1202299999999998,sl,-29.69999999999447,-1.071428571428459,5578.355000001669,False
realistic,2016-10-19 14:00:00,2016-10-20 15:30:00,-1,0,0.29,1.0984500000000001,1.10038,1.0936950000000003,0.0019099999999998563,1.1003999999999998,sl,-58.57999999999055,-1.0575916230365583,5519.775000001679,False
realistic,2016-10-27 16:15:00,2016-10-27 17:00:00,1,0,0.17,1.0926699999999998,1.09111,1.0964999999999996,0.0015399999999998748,1.0910900000000001,sl,-28.049999999994778,-1.071428571428459,5491.725000001684,False
realistic,2016-11-01 09:30:00,2016-11-01 13:30:00,1,0,0.36,1.0976499999999998,1.09612,1.1014049999999997,0.0015099999999999003,1.1014049999999997,tp,132.6599999999983,2.440397350993507,5624.385000001682,True
realistic,2016-11-23 14:00:00,2016-11-23 15:30:00,-1,0,0.35,1.0621900000000002,1.06381,1.0582100000000005,0.0015999999999998238,1.0582100000000005,tp,136.84999999998777,2.443750000000051,5761.2350000016695,True
realistic,2016-11-29 09:30:00,2016-11-29 10:00:00,-1,0,0.34,1.05921,1.0609,1.0550549999999999,0.0016700000000000603,1.0609199999999999,sl,-60.51999999999587,-1.0658682634729426,5700.715000001674,False
realistic,2016-11-29 10:00:00,2016-11-29 11:00:00,1,0,0.34,1.0603699999999998,1.05871,1.0644499999999995,0.0016399999999998638,1.0586900000000001,sl,-59.499999999989186,-1.067073170731602,5641.2150000016845,False
realistic,2016-11-30 10:30:00,2016-11-30 15:15:00,1,0,0.26,1.06384,1.0617,1.0691199999999998,0.0021199999999998997,1.0616800000000002,sl,-57.97999999999266,-1.0518867924527469,5583.235000001692,False
realistic,2016-12-07 10:45:00,2016-12-07 12:00:00,1,0,0.25,1.0731499999999998,1.07097,1.0785299999999998,0.0021599999999999397,1.07095,sl,-56.749999999993946,-1.0509259259258432,5526.485000001699,False
realistic,2016-12-14 14:00:00,2016-12-14 16:00:00,1,0,0.34,1.06486,1.06325,1.0688149999999998,0.0015899999999999803,1.0632300000000001,sl,-57.799999999993155,-1.0691823899369937,5468.685000001706,False
realistic,2016-12-19 09:00:00,2016-12-19 11:45:00,1,0,0.26,1.0475899999999998,1.04554,1.0526449999999998,0.0020299999999999763,1.04552,sl,-55.63999999999465,-1.0541871921181376,5413.045000001711,False
realistic,2016-12-19 09:45:00,2016-12-19 10:00:00,1,0,0.35,1.0473299999999999,1.0458,1.0510849999999996,0.0015099999999999003,1.0457800000000002,sl,-56.69999999999014,-1.0728476821190898,5356.345000001721,False
realistic,2016-12-22 16:15:00,2016-12-22 18:00:00,1,0,0.11,1.0450899999999999,1.04268,1.0510449999999998,0.002389999999999892,1.04517,sl,0.11000000000088006,0.0041841004184437055,5356.455000001722,True
realistic,2016-12-29 11:15:00,2016-12-30 01:15:00,1,0,0.15,1.0457199999999998,1.044,1.0499499999999995,0.0016999999999998128,1.0499499999999995,tp,62.39999999999601,2.447058823529525,5418.855000001718,True
realistic,2016-12-29 16:00:00,2016-12-30 01:30:00,1,0,0.12,1.0464999999999998,1.04431,1.0519049999999992,0.002169999999999783,1.0519049999999992,tp,64.01999999999325,2.4585253456221063,5482.875000001711,True
realistic,2017-01-11 11:15:00,2017-01-11 14:00:00,-1,0,0.34,1.05444,1.05605,1.0504850000000001,0.0015899999999999803,1.0504850000000001,tp,132.08999999999764,2.4433962264150813,5614.965000001708,False
realistic,2017-01-16 09:15:00,2017-01-17 06:00:00,-1,0,0.24,1.06077,1.06311,1.0549899999999997,0.0023200000000000998,1.06313,sl,-58.319999999998025,-1.0474137931033678,5556.64500000171,False
realistic,2017-01-18 10:15:00,2017-01-18 14:45:00,1,0,0.26,1.0694899999999998,1.06735,1.0747699999999996,0.0021199999999998997,1.0673300000000001,sl,-57.97999999999266,-1.0518867924527469,5498.665000001718,False
realistic,2017-01-26 11:45:00,2017-01-26 16:15:00,-1,0,0.15,1.07278,1.07454,1.06845,0.0017400000000000748,1.06845,tp,63.90000000000251,2.448275862068956,5562.56500000172,True
realistic,2017-01-26 15:00:00,2017-01-27 16:00:00,-1,0,0.11,1.07099,1.0734299999999999,1.0649600000000004,0.0024199999999998667,1.07091,sl,0.11000000000088006,0.004132231404991965,5562.675000001721,True
realistic,2017-01-31 10:00:00,2017-01-31 13:45:00,1,0,0.31,1.0699899999999998,1.06823,1.0743199999999995,0.0017399999999998528,1.0743199999999995,tp,132.05999999999142,2.4482758620690137,5694.735000001712,True
realistic,2017-01-31 11:30:00,2017-01-31 12:00:00,-1,0,0.28,1.06935,1.07134,1.0644449999999999,0.0019700000000000273,1.0713599999999999,sl,-58.239999999995675,-1.0558375634516837,5636.495000001717,False
realistic,2017-02-02 09:30:00,2017-02-02 18:15:00,1,0,0.14,1.0795299999999999,1.07755,1.0844099999999999,0.0019599999999999618,1.07961,sl,0.14000000000112023,0.005102040816367454,5636.635000001718,True
realistic,2017-02-09 15:30:00,2017-02-10 09:45:00,-1,0,0.17,1.06813,1.06974,1.064175,0.0015899999999999803,1.064175,tp,66.04499999999882,2.4433962264150813,5702.680000001717,True
realistic,2017-02-20 15:00:00,2017-02-21 10:30:00,-1,0,0.3,1.06092,1.0628199999999999,1.0562400000000003,0.0018799999999998818,1.0562400000000003,tp,138.29999999999384,2.4521276595745136,5840.980000001711,True
realistic,2017-02-23 10:15:00,2017-02-23 12:00:00,1,0,0.12,1.0562399999999998,1.05386,1.0621199999999997,0.0023599999999999177,1.05384,sl,-29.639999999996828,-1.0466101694914498,5811.3400000017145,False
realistic,2017-02-27 10:00:00,2017-02-27 18:45:00,1,0,0.29,1.0581699999999998,1.0562,1.0630249999999997,0.0019499999999998963,1.0630249999999997,tp,138.7649999999951,2.4538461538461975,5950.105000001709,True
realistic,2017-02-28 11:15:00,2017-02-28 21:45:00,1,0,0.33,1.05921,1.05739,1.0636900000000002,0.0018000000000000238,1.05929,sl,0.3300000000026406,0.005555555555599936,5950.435000001712,True
realistic,2017-02-28 15:15:00,2017-02-28 20:45:00,1,0,0.38,1.0596799999999997,1.05813,1.0634849999999993,0.0015299999999998093,1.0597599999999998,sl,0.38000000000304013,0.006535947712471405,5950.815000001715,True
realistic,2017-03-02 11:45:00,2017-03-03 13:45:00,-1,0,0.15,1.05255,1.0545499999999999,1.0476200000000002,0.0019799999999998708,1.0545699999999998,sl,-31.349999999995333,-1.0555555555554674,5919.46500000172,False
realistic,2017-03-06 15:30:00,2017-03-06 18:30:00,1,0,0.33,1.0601299999999998,1.05833,1.0645599999999997,0.0017799999999998928,1.05831,sl,-62.369999999990455,-1.0617977528088902,5857.095000001729,False
realistic,2017-03-09 09:30:00,2017-03-09 10:00:00,-1,0,0.15,1.05264,1.05453,1.0479849999999997,0.0018700000000000383,1.0545499999999999,sl,-29.699999999997846,-1.0588235294116664,5827.395000001731,False
realistic,2017-03-14 10:00:00,2017-03-15 09:30:00,-1,0,0.35,1.0637100000000002,1.06539,1.05958,0.0016599999999999948,1.06363,sl,0.35000000000280007,0.006024096385590381,5827.745000001734,True
realistic,2017-03-22 08:45:00,2017-03-22 09:30:00,1,0,0.34,1.0810399999999998,1.07934,1.0852199999999996,0.0016799999999999038,1.07932,sl,-60.85999999999055,-1.0654761904760859,5766.885000001744,False
realistic,2017-03-22 15:00:00,2017-03-23 03:00:00,1,0,0.27,1.0804199999999997,1.0783,1.0856499999999993,0.0020999999999997687,1.0782800000000001,sl,-59.66999999998885,-1.0523809523808716,5707.215000001755,False
realistic,2017-03-28 15:30:00,2017-03-28 19:00:00,1,0,0.31,1.08652,1.08466,1.0911000000000002,0.0018400000000000638,1.08464,sl,-60.449999999996336,-1.059782608695551,5646.765000001758,False
realistic,2017-04-05 14:45:00,2017-04-05 15:15:00,1,0,0.28,1.06818,1.06621,1.0730349999999997,0.0019499999999998963,1.0661900000000002,sl,-57.679999999992006,-1.0564102564101663,5589.085000001766,False
realistic,2017-04-06 15:30:00,2017-04-07 19:30:00,-1,0,0.14,1.0657500000000002,1.06772,1.0608950000000004,0.0019499999999998963,1.0608950000000004,tp,66.98999999999764,2.453846153846198,5656.075000001764,True
realistic,2017-04-27 15:00:00,2017-04-27 15:30:00,-1,0,0.16,1.0886,1.09034,1.0843199999999995,0.0017200000000001658,1.09036,sl,-29.279999999999742,-1.063953488371981,5626.7950000017645,False
realistic,2017-05-08 08:45:00,2017-05-08 10:00:00,1,0,0.26,1.09899,1.09686,1.1042450000000001,0.0021100000000000563,1.09684,sl,-57.71999999999673,-1.0521327014217132,5569.075000001768,False
realistic,2017-05-08 09:45:00,2017-05-08 10:00:00,1,0,0.35,1.0987999999999998,1.09721,1.1027049999999994,0.0015699999999998493,1.09719,sl,-58.79999999998836,-1.0700636942674069,5510.2750000017795,False
realistic,2017-05-25 10:30:00,2017-05-25 12:30:00,1,0,0.17,1.12387,1.1223,1.1277249999999999,0.0015499999999999403,1.1222800000000002,sl,-28.219999999995892,-1.0709677419353691,5482.055000001784,False
realistic,2017-05-31 10:00:00,2017-05-31 16:45:00,1,0,0.27,1.11883,1.11681,1.1238100000000002,0.0020000000000000018,1.1238100000000002,tp,132.5700000000056,2.455000000000101,5614.625000001789,True
realistic,2017-06-05 10:15:00,2017-06-05 13:15:00,1,0,0.31,1.1276199999999998,1.12579,1.1321249999999996,0.0018099999999998673,1.1257700000000002,sl,-59.51999999999025,-1.0607734806628875,5555.1050000017985,False
realistic,2017-06-08 11:30:00,2017-06-08 15:30:00,-1,0,0.18,1.1251300000000002,1.12666,1.1213750000000005,0.0015099999999999003,1.1213750000000005,tp,66.32999999999515,2.44039735099336,5621.435000001794,False
realistic,2017-06-12 14:15:00,2017-06-12 16:45:00,1,0,0.3,1.1224299999999998,1.12057,1.1270099999999994,0.0018399999999998418,1.1205500000000002,sl,-58.49999999998979,-1.0597826086955584,5562.935000001804,False
realistic,2017-06-21 16:30:00,2017-06-21 21:15:00,-1,0,0.26,1.11334,1.11546,1.10811,0.0020999999999999908,1.1154799999999998,sl,-57.459999999995034,-1.0523809523808658,5505.475000001808,False
realistic,2017-07-04 08:30:00,2017-07-05 13:00:00,-1,0,0.32,1.13575,1.13749,1.1314700000000002,0.0017199999999999438,1.1314700000000002,tp,134.71999999999485,2.4476744186046377,5640.195000001803,True
realistic,2017-07-05 11:30:00,2017-07-05 21:00:00,-1,0,0.32,1.13501,1.13675,1.1307300000000002,0.0017199999999999438,1.13493,sl,0.32000000000256,0.005813953488418795,5640.515000001806,True
realistic,2017-07-20 10:30:00,2017-07-20 15:30:00,-1,0,0.14,1.1507,1.1527,1.1457699999999997,0.001980000000000093,1.15272,sl,-29.25999999999875,-1.055555555555461,5611.255000001807,False
realistic,2017-07-26 11:00:00,2017-07-26 13:15:00,-1,0,0.31,1.1629200000000002,1.16473,1.158465,0.0017899999999999583,1.16475,sl,-58.89999999999307,-1.0614525139663802,5552.355000001814,False
realistic,2017-07-26 16:45:00,2017-07-26 21:00:00,-1,0,0.23,1.16335,1.1657199999999999,1.1574950000000004,0.002349999999999852,1.1657399999999998,sl,-56.57999999999242,-1.0468085106382234,5495.775000001821,False
realistic,2017-07-31 09:00:00,2017-07-31 09:15:00,1,0,0.33,1.1745899999999998,1.17293,1.1786699999999994,0.0016399999999998638,1.1729100000000001,sl,-57.7499999999895,-1.067073170731602,5438.025000001832,False
realistic,2017-08-03 10:00:00,2017-08-03 11:00:00,1,0,0.17,1.1851399999999999,1.18354,1.1890699999999996,0.0015799999999999148,1.1835200000000001,sl,-28.72999999999546,-1.0696202531644456,5409.295000001837,False
realistic,2017-08-07 15:45:00,2017-08-08 04:00:00,-1,0,0.3,1.1788500000000002,1.18062,1.1744950000000003,0.0017499999999999183,1.18064,sl,-55.79999999999209,-1.0628571428570417,5353.495000001845,False
realistic,2017-08-16 09:30:00,2017-08-16 10:15:00,-1,0,0.24,1.17243,1.17461,1.1670500000000001,0.0021599999999999397,1.1746299999999998,sl,-54.479999999994185,-1.0509259259258432,5299.015000001851,False
realistic,2017-08-22 15:45:00,2017-08-23 10:30:00,-1,0,0.27,1.17548,1.17746,1.1706,0.0019599999999999618,1.1774799999999999,sl,-55.88999999999406,-1.0561224489795003,5243.125000001857,False
realistic,2017-09-06 09:00:00,2017-09-07 12:15:00,1,0,0.28,1.1925599999999998,1.19072,1.1970899999999998,0.0018199999999999328,1.1970899999999998,tp,124.87999999999786,2.4505494505494987,5368.0050000018555,True
realistic,2017-09-06 15:00:00,2017-09-06 17:15:00,1,0,0.34,1.1932699999999998,1.19168,1.1971749999999997,0.0015699999999998493,1.1916600000000002,sl,-57.11999999998869,-1.0700636942674067,5310.8850000018665,False
realistic,2017-09-07 10:15:00,2017-09-07 15:30:00,1,0,0.11,1.1939799999999998,1.19169,1.1996349999999998,0.0022699999999999942,1.19406,sl,0.11000000000088006,0.004405286343647591,5310.995000001867,True
realistic,2017-09-11 10:45:00,2017-09-11 14:30:00,1,0,0.24,1.2012399999999999,1.19908,1.2065700000000001,0.0021400000000000308,1.19906,sl,-53.99999999999637,-1.0514018691587927,5256.995000001871,False
realistic,2017-09-12 11:30:00,2017-09-12 17:15:00,-1,0,0.32,1.19612,1.19776,1.19209,0.0016199999999999548,1.19604,sl,0.32000000000256,0.006172839506222396,5257.315000001873,True
realistic,2017-09-13 10:30:00,2017-09-13 12:45:00,1,0,0.26,1.19864,1.19665,1.203545,0.0019700000000000273,1.19663,sl,-54.07999999999598,-1.0558375634516832,5203.235000001877,False
realistic,2017-09-13 14:00:00,2017-09-13 16:00:00,1,0,0.3,1.1986799999999997,1.19695,1.2029349999999996,0.0017099999999998783,1.19693,sl,-54.59999999999089,-1.0643274853800153,5148.635000001886,False
realistic,2017-09-18 15:30:00,2017-09-18 18:45:00,1,0,0.28,1.19579,1.19397,1.2002700000000002,0.0018000000000000238,1.19395,sl,-53.47999999999557,-1.061111111111009,5095.15500000189,False
realistic,2017-09-28 16:00:00,2017-09-28 16:15:00,-1,0,0.13,1.17666,1.17863,1.1718049999999995,0.0019500000000001183,1.17865,sl,-26.77999999999917,-1.0564102564101596,5068.375000001891,False
realistic,2017-09-28 16:30:00,2017-10-02 03:45:00,1,0,0.11,1.1786999999999999,1.17644,1.18428,0.0022400000000000198,1.17878,sl,0.11000000000088006,0.004464285714321391,5068.485000001891,True
realistic,2017-10-03 15:45:00,2017-10-03 16:15:00,-1,0,0.29,1.1738000000000002,1.17553,1.1695450000000003,0.0017099999999998783,1.1755499999999999,sl,-52.77999999999119,-1.064327485380015,5015.7050000019,False
realistic,2017-10-19 09:45:00,2017-10-19 11:00:00,1,0,0.14,1.18126,1.1795200000000001,1.18554,0.0017199999999999438,1.1795000000000002,sl,-25.61999999999667,-1.0639534883719892,4990.085000001904,False
realistic,2017-10-24 10:15:00,2017-10-24 12:00:00,-1,0,0.24,1.17459,1.17662,1.1695849999999997,0.0020100000000000673,1.17664,sl,-50.879999999997246,-1.0547263681591115,4939.205000001906,False
realistic,2017-10-31 10:30:00,2017-10-31 18:15:00,-1,0,0.28,1.16348,1.16521,1.1592249999999997,0.0017100000000001003,1.16523,sl,-50.95999999999772,-1.0643274853800069,4888.245000001909,False
realistic,2017-11-06 09:15:00,2017-11-08 01:15:00,-1,0,0.26,1.1599700000000002,1.16185,1.1553400000000003,0.0018599999999999728,1.15989,sl,0.2600000000020801,0.005376344086064597,4888.505000001911,True
realistic,2017-11-08 14:15:00,2017-11-09 07:30:00,-1,0,0.29,1.15879,1.16044,1.1547349999999998,0.0016300000000000203,1.1604599999999998,sl,-50.459999999995304,-1.0674846625765746,4838.0450000019155,False
realistic,2017-11-09 16:45:00,2017-11-10 17:30:00,1,0,0.1,1.1620599999999999,1.15982,1.1675899999999997,0.0022199999999998887,1.1675899999999997,tp,54.59999999999813,2.4594594594594987,4892.645000001914,True
realistic,2017-11-16 08:30:00,2017-11-16 09:30:00,1,0,0.12,1.1796,1.17763,1.1844550000000003,0.0019500000000001183,1.17761,sl,-24.71999999999923,-1.0564102564101594,4867.925000001915,False
realistic,2017-11-22 16:30:00,2017-11-22 21:30:00,1,0,0.21,1.1767299999999998,1.17445,1.1823599999999996,0.0022599999999999287,1.1823599999999996,tp,116.75999999999584,2.4601769911504325,4984.68500000191,True
realistic,2017-11-28 10:15:00,2017-11-28 12:00:00,1,0,0.25,1.1904299999999999,1.18842,1.195385,0.0019899999999999363,1.1884000000000001,sl,-52.499999999993854,-1.055276381909458,4932.185000001917,False
realistic,2017-11-28 16:30:00,2017-11-28 21:15:00,-1,0,0.29,1.18842,1.1901,1.1842899999999998,0.0016599999999999948,1.1842899999999998,tp,117.74000000000548,2.4457831325302424,5049.925000001922,True
realistic,2017-12-06 09:45:00,2017-12-08 03:30:00,-1,0,0.23,1.1819700000000002,1.18415,1.1765900000000002,0.0021599999999999397,1.1765900000000002,tp,122.12999999999865,2.458333333333375,5172.05500000192,True
realistic,2017-12-11 10:30:00,2017-12-11 22:45:00,1,0,0.29,1.17909,1.17732,1.1834450000000003,0.0017500000000001403,1.1773,sl,-53.93999999999878,-1.0628571428570337,5118.1150000019215,False
realistic,2017-12-21 15:45:00,2017-12-21 16:00:00,1,0,0.14,1.1869699999999999,1.18524,1.1912249999999998,0.0017099999999998783,1.1852200000000002,sl,-25.479999999995748,-1.064327485380015,5092.635000001926,False
realistic,2018-02-01 08:15:00,2018-02-01 10:00:00,-1,0,0.13,1.2409000000000001,1.24284,1.23612,0.0019199999999999218,1.2428599999999999,sl,-26.38999999999662,-1.0572916666665741,5066.245000001929,False
realistic,2018-02-05 14:00:00,2018-02-05 16:30:00,-1,0,0.28,1.2447400000000002,1.24651,1.2403850000000003,0.0017499999999999183,1.2403850000000003,tp,119.97999999999685,2.448571428571478,5186.225000001926,True
realistic,2018-02-07 08:15:00,2018-02-07 08:45:00,-1,0,0.31,1.2377200000000002,1.23939,1.2336150000000004,0.0016499999999999293,1.23941,sl,-54.559999999992165,-1.0666666666665592,5131.665000001934,False
realistic,2018-02-12 14:15:00,2018-02-12 17:45:00,-1,0,0.33,1.22617,1.22772,1.222365,0.0015300000000000313,1.2277399999999998,sl,-54.11999999999503,-1.071895424836481,5077.545000001938,False
realistic,2018-02-26 09:45:00,2018-02-26 15:45:00,1,0,0.26,1.23325,1.23134,1.237955,0.0018899999999999473,1.2313200000000002,sl,-51.9999999999939,-1.0582010582009636,5025.545000001945,False
realistic,2018-02-27 08:30:00,2018-02-27 13:30:00,1,0,0.32,1.2333399999999999,1.23179,1.237145,0.0015300000000000313,1.23177,sl,-52.47999999999519,-1.0718954248364811,4973.06500000195,False
realistic,2018-03-06 10:30:00,2018-03-06 13:30:00,1,0,0.28,1.2343899999999999,1.2326,1.238795,0.0017700000000000493,1.238795,tp,121.38000000000604,2.4491525423729343,5094.445000001956,True
realistic,2018-03-08 09:45:00,2018-03-08 10:45:00,1,0,0.12,1.24121,1.23919,1.24619,0.0020000000000000018,1.23917,sl,-25.319999999997837,-1.054999999999909,5069.125000001958,False
realistic,2018-03-13 11:00:00,2018-03-13 14:30:00,1,0,0.31,1.2334299999999998,1.2318,1.2374349999999996,0.0016099999999998893,1.2335099999999999,sl,0.3100000000024803,0.006211180124273725,5069.43500000196,True
realistic,2018-04-03 15:45:00,2018-04-05 15:30:00,-1,0,0.22,1.2293800000000001,1.23169,1.2236750000000003,0.0022899999999999032,1.2236750000000003,tp,123.96999999999666,2.4606986899563696,5193.405000001957,False
realistic,2018-04-04 15:15:00,2018-04-04 15:45:00,-1,0,0.32,1.22757,1.22918,1.2236150000000001,0.0015899999999999803,1.2291999999999998,sl,-54.39999999999355,-1.0691823899369932,5139.005000001964,False
realistic,2018-04-09 14:45:00,2018-04-09 16:00:00,1,0,0.32,1.22799,1.2264,1.2318950000000002,0.0015700000000000713,1.2318950000000002,tp,122.72000000000864,2.44267515923573,5261.725000001972,True
realistic,2018-04-10 09:45:00,2018-04-10 14:30:00,1,0,0.32,1.2317099999999999,1.23007,1.2357399999999998,0.0016199999999999548,1.2357399999999998,tp,126.7199999999993,2.4444444444444997,5388.4450000019715,True
realistic,2018-04-18 11:15:00,2018-04-18 12:00:00,1,0,0.3,1.2370299999999999,1.23525,1.24141,0.0017599999999999838,1.23523,sl,-56.09999999999405,-1.062499999999897,5332.3450000019775,False
realistic,2018-05-03 10:15:00,2018-05-03 10:15:00,-1,0,0.11,1.1970200000000002,1.19936,1.1912400000000005,0.0023199999999998777,1.19938,sl,-26.72999999999665,-1.0474137931033722,5305.615000001981,False
realistic,2018-05-08 10:00:00,2018-05-08 12:30:00,-1,0,0.3,1.19177,1.19351,1.1874899999999995,0.0017200000000001658,1.1874899999999995,tp,126.30000000001516,2.447674418604709,5431.915000001995,True
realistic,2018-05-10 10:15:00,2018-05-10 12:15:00,-1,0,0.13,1.18602,1.18812,1.18084,0.002080000000000082,1.18814,sl,-28.469999999998695,-1.0528846153845257,5403.445000001997,False
realistic,2018-05-10 11:00:00,2018-05-10 11:45:00,-1,0,0.17,1.18592,1.18746,1.18214,0.0015199999999999658,1.1874799999999999,sl,-27.709999999996324,-1.0723684210525133,5375.735000002001,False
realistic,2018-05-15 11:00:00,2018-05-15 14:15:00,-1,0,0.33,1.19229,1.19391,1.18831,0.0016000000000000458,1.18831,tp,129.03000000000313,2.4437499999999894,5504.765000002004,True
realistic,2018-05-17 09:15:00,2018-05-18 16:00:00,-1,0,0.12,1.18147,1.18374,1.1758649999999997,0.0022500000000000853,1.1758649999999997,tp,66.42000000000365,2.4600000000000426,5571.185000002008,True
realistic,2018-06-05 10:00:00,2018-06-05 13:45:00,1,0,0.26,1.17044,1.16831,1.1756950000000002,0.0021100000000000563,1.16829,sl,-57.71999999999673,-1.0521327014217132,5513.465000002011,False
realistic,2018-06-12 15:00:00,2018-06-12 19:45:00,1,0,0.28,1.1793799999999999,1.17741,1.1842349999999997,0.0019499999999998963,1.1773900000000002,sl,-57.679999999992006,-1.0564102564101663,5455.785000002019,False
realistic,2018-06-12 15:45:00,2018-06-12 20:00:00,1,0,0.26,1.17939,1.17729,1.1845700000000003,0.002080000000000082,1.17727,sl,-56.93999999999739,-1.0528846153845257,5398.845000002021,False
realistic,2018-06-13 09:15:00,2018-06-13 12:45:00,-1,0,0.35,1.17395,1.17548,1.1701949999999997,0.0015100000000001224,1.1755,sl,-56.699999999997914,-1.0728476821190789,5342.145000002023,False
realistic,2018-06-20 10:00:00,2018-06-20 10:30:00,-1,0,0.27,1.1566500000000002,1.15862,1.1517950000000003,0.0019499999999998963,1.15864,sl,-55.61999999999229,-1.056410256410166,5286.5250000020305,False
realistic,2018-06-21 11:15:00,2018-06-21 12:00:00,-1,0,0.16,1.1553900000000001,1.15697,1.15151,0.0015600000000000058,1.15151,tp,60.9600000000017,2.442307692307751,5347.485000002032,True
realistic,2018-06-27 08:15:00,2018-06-27 09:00:00,-1,0,0.28,1.16399,1.1659,1.1592850000000001,0.0018899999999999473,1.1659199999999998,sl,-55.999999999993435,-1.0582010582009636,5291.485000002039,False
realistic,2018-06-27 10:45:00,2018-06-27 15:45:00,-1,0,0.26,1.1654200000000001,1.16741,1.160515,0.0019700000000000273,1.160515,tp,125.71000000000416,2.4543147208122296,5417.195000002043,True
realistic,2018-07-05 08:30:00,2018-07-05 09:30:00,1,0,0.16,1.1664599999999998,1.16479,1.1705649999999999,0.0016499999999999293,1.1705649999999999,tp,64.5600000000004,2.4454545454546652,5481.755000002044,True
realistic,2018-07-10 09:45:00,2018-07-10 11:30:00,1,0,0.32,1.17468,1.17297,1.178885,0.0016899999999999693,1.1729500000000002,sl,-57.599999999993194,-1.0650887573963432,5424.155000002051,False
realistic,2018-07-10 11:45:00,2018-07-11 15:45:00,-1,0,0.22,1.17262,1.17505,1.1666149999999997,0.0024100000000000232,1.1750699999999998,sl,-55.43999999999651,-1.045643153526895,5368.715000002054,False
realistic,2018-07-24 11:30:00,2018-07-24 13:00:00,-1,0,0.27,1.1679400000000002,1.16988,1.1631600000000004,0.0019199999999999218,1.1699,sl,-54.80999999999298,-1.0572916666665744,5313.905000002061,False
realistic,2018-07-24 16:45:00,2018-07-24 18:45:00,1,0,0.3,1.17055,1.16876,1.1749550000000002,0.0017700000000000493,1.1687400000000001,sl,-56.39999999999602,-1.0621468926552629,5257.505000002065,False
realistic,2018-07-25 16:00:00,2018-07-25 17:30:00,1,0,0.33,1.16993,1.16834,1.1738350000000002,0.0015700000000000713,1.16832,sl,-55.43999999999635,-1.0700636942673967,5202.065000002069,False
realistic,2018-07-25 16:15:00,2018-07-25 17:30:00,1,0,0.24,1.1707999999999998,1.16867,1.1760549999999994,0.0021099999999998342,1.1686500000000002,sl,-53.279999999991645,-1.0521327014217188,5148.785000002077,False
realistic,2018-08-01 16:45:00,2018-08-02 09:30:00,-1,0,0.33,1.16781,1.16935,1.16403,0.0015199999999999658,1.16403,tp,122.43000000000384,2.440789473684342,5271.215000002081,True
realistic,2018-08-16 11:30:00,2018-08-16 20:45:00,1,0,0.11,1.1377899999999999,1.13548,1.1434949999999997,0.0022899999999999032,1.1354600000000001,sl,-26.399999999996933,-1.048034934497739,5244.815000002084,False
realistic,2018-08-16 11:45:00,2018-08-16 13:45:00,1,0,0.11,1.1386399999999999,1.1363400000000001,1.1443199999999996,0.0022799999999998377,1.1363200000000002,sl,-26.289999999996212,-1.0482456140350114,5218.525000002088,False
realistic,2018-08-27 14:15:00,2018-08-27 16:45:00,1,0,0.34,1.1618,1.16026,1.1655799999999998,0.0015199999999999658,1.1655799999999998,tp,126.13999999999643,2.4407894736841964,5344.6650000020845,True
realistic,2018-09-04 09:15:00,2018-09-04 16:00:00,-1,0,0.29,1.15941,1.16126,1.154855,0.0018299999999999983,1.154855,tp,130.06500000000253,2.4508196721311974,5474.730000002087,True
realistic,2018-09-05 09:15:00,2018-09-05 10:15:00,-1,0,0.36,1.1581700000000001,1.15971,1.1543900000000002,0.0015199999999999658,1.1543900000000002,tp,133.5599999999962,2.440789473684196,5608.290000002083,False
realistic,2018-09-06 10:30:00,2018-09-06 18:00:00,1,0,0.12,1.1634,1.16114,1.1689800000000001,0.0022400000000000198,1.1611200000000002,sl,-28.199999999998052,-1.049107142857061,5580.090000002085,False
realistic,2018-09-06 11:15:00,2018-09-06 18:00:00,1,0,0.12,1.1637499999999998,1.16156,1.169155,0.0021700000000000053,1.16154,sl,-27.35999999999788,-1.0506912442395473,5552.730000002087,False
realistic,2018-09-12 11:45:00,2018-09-12 17:00:00,-1,0,0.23,1.15829,1.16064,1.152485,0.0023299999999999432,1.1606599999999998,sl,-56.11999999999451,-1.0472103004291076,5496.610000002092,False
realistic,2018-09-12 14:00:00,2018-09-12 15:45:00,-1,0,0.33,1.15802,1.1596899999999999,1.153915,0.0016499999999999293,1.1597099999999998,sl,-58.07999999999166,-1.0666666666665592,5438.530000002101,False
realistic,2018-09-25 11:45:00,2018-09-26 15:15:00,1,0,0.21,1.17563,1.17311,1.18186,0.0024999999999999467,1.1730900000000002,sl,-54.80999999999505,-1.043999999999928,5383.720000002106,False
realistic,2018-10-10 14:00:00,2018-10-11 04:45:00,1,0,0.3,1.1502899999999998,1.14853,1.1546199999999995,0.0017399999999998528,1.1546199999999995,tp,127.79999999999168,2.4482758620690137,5511.520000002098,True
realistic,2018-10-10 16:00:00,2018-10-10 19:30:00,1,0,0.33,1.15024,1.14857,1.1543449999999997,0.0016499999999999293,1.1543449999999997,tp,133.15499999999352,2.445454545454531,5644.675000002091,True
realistic,2018-10-16 10:30:00,2018-10-16 12:15:00,1,0,0.24,1.1591399999999998,1.15678,1.1649699999999998,0.0023400000000000087,1.15676,sl,-58.79999999999584,-1.0470085470084691,5585.8750000020955,False
realistic,2018-10-18 15:15:00,2018-10-18 20:15:00,-1,0,0.16,1.1504,1.15208,1.14627,0.0016599999999999948,1.14627,tp,64.96000000000302,2.4457831325302415,5650.835000002098,True
realistic,2018-10-25 16:15:00,2018-10-26 12:45:00,-1,0,0.11,1.14103,1.1434199999999999,1.135125,0.0023699999999999832,1.135125,tp,64.18500000000054,2.4620253164557346,5715.020000002099,True
realistic,2018-10-31 11:30:00,2018-10-31 17:15:00,-1,0,0.33,1.1344400000000001,1.13618,1.13016,0.0017199999999999438,1.13436,sl,0.3300000000026406,0.005813953488418805,5715.350000002101,True
realistic,2018-10-31 11:45:00,2018-11-01 09:00:00,-1,0,0.22,1.13321,1.13572,1.1270049999999996,0.0024900000000001032,1.13574,sl,-57.19999999999826,-1.044176706827234,5658.150000002103,False
realistic,2018-11-08 09:15:00,2018-11-08 10:00:00,-1,0,0.13,1.1415600000000001,1.1436899999999999,1.1363050000000006,0.0021099999999998342,1.1437099999999998,sl,-28.85999999999548,-1.0521327014217188,5629.290000002108,False
realistic,2018-11-08 11:00:00,2018-11-08 17:15:00,-1,0,0.16,1.14293,1.14463,1.1387499999999995,0.0016800000000001258,1.14465,sl,-28.6399999999991,-1.0654761904760772,5600.650000002109,False
realistic,2018-11-21 11:45:00,2018-11-21 13:15:00,-1,0,0.22,1.1382400000000001,1.14073,1.132085,0.0024699999999999722,1.14075,sl,-56.75999999999538,-1.0445344129553922,5543.890000002113,False
realistic,2018-11-26 15:00:00,2018-11-26 15:30:00,-1,0,0.36,1.13559,1.13712,1.1318350000000001,0.0015099999999999003,1.1371399999999998,sl,-58.319999999989854,-1.0728476821190895,5485.570000002123,False
realistic,2018-12-13 15:30:00,2018-12-13 15:30:00,1,0,0.11,1.1381,1.1357,1.14403,0.0023800000000000487,1.13568,sl,-27.389999999998533,-1.0462184873948803,5458.180000002125,False
realistic,2018-12-18 10:00:00,2018-12-18 18:00:00,1,0,0.26,1.1358,1.1337300000000001,1.1409049999999996,0.0020499999999998852,1.13588,sl,0.2600000000020801,0.004878048780527105,5458.440000002127,True
realistic,2018-12-27 09:45:00,2018-12-27 10:15:00,-1,0,0.17,1.1374600000000001,1.13907,1.133505,0.0015899999999999803,1.13909,sl,-28.899999999996577,-1.0691823899369937,5429.54000000213,False
realistic,2018-12-31 10:00:00,2018-12-31 22:45:00,1,0,0.25,1.14431,1.14219,1.14954,0.0020999999999999908,1.1459400000000002,eod,39.00000000000606,0.7428571428572616,5468.540000002136,False
realistic,2018-12-31 15:00:00,2018-12-31 16:30:00,1,0,0.25,1.14573,1.1436,1.1509850000000001,0.0021100000000000563,1.14358,sl,-55.49999999999686,-1.0521327014217134,5413.040000002139,False
