sig_i,entry_i,exit_i,year,close_hour_utc,atr14_pips,atr_pctile,prior_day_range_pips,dayopen_below_pdh_pips,travelled_dayopen_to_close_pips,close_above_pdh_pips,high_above_pdh_pips,gap_vs_prevclose_pips,sig_range_atr,bars_into_day,ema20_dist_pips,sig_body_ratio,sig_close_loc,session,ret_1d_pips,ret_3d_pips,ret_5d_pips,consec_higher_high_days,her24,mfe_r,mae_r,time_to_05r_bars,time_to_1r_bars,time_to_2r_bars,net_r,net_pips,stop_pips,reason,duration_bars
31,32,36,2020,8,3.612374417567404,,18.39999999999975,3.700000000000614,6.200000000001182,2.5000000000005684,4.099999999999682,-0.10000000000047748,2.9620406865812594,7,9.632919575138033,0.6822429906542801,0.8504672897197081,London,-17.900000000000205,-17.900000000000205,-17.900000000000205,0,0.49196141479102673,1.9101010034964108,-1.0796223063240582,0.0,1.0,,-0.9999999999998385,-3.6123744175668207,3.612374417567404,stop,5
111,112,117,2020,16,10.632572978770819,,59.199999999999875,9.199999999999875,19.299999999999784,10.099999999999909,12.400000000000944,0.0,2.0126831052772904,15,19.41362568916105,0.8504672897195753,0.8925233644859323,NYpm,-41.70000000000016,-54.80000000000018,-72.70000000000039,0,0.26810912511759866,0.12226579611502555,-2.4923412284976005,,,,-1.0000000000000413,-10.63257297877126,10.632572978770819,stop,6
130,131,179,2020,11,17.30753317273463,,80.1000000000002,63.30000000000098,68.20000000000022,4.899999999999238,13.400000000000034,0.0,1.9586846757228307,10,28.326837135251992,0.6814159292035264,0.7492625368731318,London,104.1000000000011,99.00000000000091,31.400000000000716,1,0.1267336202773816,5.592940312978428,-0.42755948673602984,1.0,5.0,5.0,5.408049724119657,93.59999999999931,17.30753317273463,time,49
200,201,223,2020,9,5.74005170005909,,25.69999999999908,13.799999999999102,13.700000000000045,-0.0999999999990564,0.9000000000000341,10.000000000000853,1.4285585615744454,8,10.5006408240925,0.743902439024534,0.8780487804879064,London,55.90000000000117,97.2999999999999,159.70000000000084,4,0.1542699724517881,8.919780286904555,-0.3310074715844435,0.0,0.0,0.0,4.938385842286728,28.34659004956567,5.74005170005909,stop,23
272,273,273,2020,9,6.28128727422798,0.13127413127413126,21.300000000000807,11.599999999999966,15.200000000000102,3.6000000000001364,6.599999999998829,0.20000000000095497,1.8785958172005137,8,9.943030147263698,0.5508474576272432,0.7457627118645068,London,29.700000000001125,17.00000000000017,68.40000000000117,0,0.18654434250763396,-0.12736242828494165,-1.512428835882042,,,,-1.0000000000000735,-6.281287274228442,6.28128727422798,stop,1
288,289,289,2020,1,7.029356859452471,0.23636363636363636,36.299999999999955,5.700000000000216,8.199999999999363,2.4999999999991473,5.400000000000205,-0.10000000000047748,1.9347431453437858,0,16.67324164106674,0.6029411764704976,0.7867647058822907,Asia,-7.800000000000296,25.0,65.10000000000105,1,0.5943562610229008,-0.113808420314269,-1.6786741996363268,,,,-0.9999999999999577,-7.029356859452173,7.029356859452471,stop,1
447,448,463,2020,16,11.728537338626746,0.8709677419354839,34.39999999999941,20.600000000000307,21.20000000000033,0.6000000000000227,6.60000000000025,-0.10000000000047748,1.6711376222036816,15,14.843472167434868,0.6632653061224327,0.6938775510203934,NYpm,20.300000000000296,-43.09999999999974,-103.90000000000015,0,0.170588235294119,0.9719882088328005,-1.0060930582654495,6.0,,,-0.9999999999999903,-11.728537338626632,11.728537338626746,stop,16
504,505,513,2020,1,12.610574588189316,0.9164969450101833,46.30000000000081,15.600000000000591,16.200000000000614,0.6000000000000227,2.39999999999867,0.0,1.4353033538179658,0,17.04086960829585,0.8950276243094392,0.9005524861879186,Asia,-58.19999999999936,-82.69999999999982,-95.8999999999989,0,0.0558842866535221,0.6026688115478316,-1.078459978559337,0.0,,,-0.9999999999999472,-12.61057458818865,12.610574588189316,stop,9
557,558,606,2020,6,11.188303331816138,0.7757352941176471,43.200000000000216,17.900000000000205,19.499999999999318,1.5999999999991132,5.5999999999997385,0.0,1.188741456640561,5,15.57973250830571,0.5789473684210582,0.6992481203006948,Asia,82.3999999999998,55.29999999999973,30.799999999999272,0,0.23151909017060196,10.341156882204418,-0.30388879342684727,0.0,1.0,2.0,9.635062332771211,107.80000000000032,11.188303331816138,time,49
674,675,685,2020,3,7.469126366394509,0.2556732223903177,27.200000000000557,11.400000000000432,11.299999999999955,-0.10000000000047748,2.1000000000000796,-0.30000000000001137,0.8836374799729352,2,10.104217082775335,0.4393939393938676,0.6666666666665949,Asia,7.600000000000762,-11.999999999999034,40.00000000000057,0,0.05422446406051833,0.8166952466415254,-1.8074402999446402,3.0,,,-1.000000000000071,-7.46912636639504,7.469126366394509,stop,11
704,705,705,2020,9,7.672254708523026,0.3053545586107091,23.700000000000898,12.100000000000932,26.500000000000057,14.399999999999125,17.099999999999227,-0.20000000000095497,3.4670381798520657,8,24.372690752859683,0.8533834586466061,0.8984962406014966,London,2.7000000000001023,17.100000000000648,5.100000000000193,1,0.24675324675325036,-0.026067956239429334,-2.0202666085604966,,,,-0.999999999999931,-7.672254708522496,7.672254708523026,stop,1
782,783,789,2020,15,4.6584071359555566,0.0494148244473342,21.400000000001285,11.899999999999977,12.299999999999045,0.39999999999906777,1.8999999999991246,6.400000000000716,1.4597264261241805,14,7.366158745111306,0.661764705882399,0.779411764705867,Overlap,10.699999999999932,-3.4000000000006025,6.9000000000002615,0,0.3787575150300496,0.772796343241962,-1.4167932959441563,0.0,,,-1.0000000000001117,-4.658407135956077,4.6584071359555566,stop,7
816,817,840,2020,1,6.527109609134511,0.1780821917808219,29.000000000000625,2.599999999999625,-0.9000000000000341,-3.499999999999659,0.30000000000001137,0.10000000000047748,0.7966772907756005,0,7.19804840341709,-0.1730769230769073,0.26923076923092687,Asia,127.7000000000001,146.80000000000035,132.69999999999982,0,0.18632075471698284,25.600918324727893,-0.8732808764270209,0.0,1.0,1.0,18.325210316348237,119.61065634524746,6.527109609134511,stop,24
847,848,871,2020,8,16.330230250898502,0.9724220623501199,172.79999999999944,39.30000000000007,48.800000000001376,9.500000000001307,26.10000000000099,0.0999999999990564,2.0881518188100627,7,52.07093403694216,0.41348973607038697,0.5131964809384374,London,77.40000000000009,213.5000000000005,220.00000000000028,1,0.6099649669131947,3.239390944722842,-0.4898889897502262,1.0,1.0,2.0,0.5851014893886031,9.554842041859535,16.330230250898502,stop,24
1157,1158,1159,2020,6,54.83638730116499,0.9938811188811189,308.4999999999994,118.39999999999975,162.0999999999995,43.69999999999976,74.50000000000045,0.0,1.4825921983790684,5,147.78591511953323,0.5904059040590437,0.6211562115621082,Asia,195.90000000000032,-122.2999999999999,-202.79999999999916,0,0.38795003673769274,0.18236066400728052,-1.6503640092657499,,,,-1.000000000000004,-54.83638730116521,54.83638730116499,stop,2
1214,1215,1223,2020,15,50.57051900763204,0.95503746877602,123.90000000000043,79.80000000000018,52.7000000000001,-27.10000000000008,17.099999999999227,0.10000000000047748,1.7638735324535157,14,87.07166111685325,0.382286995515706,0.5044843049327409,Overlap,13.300000000000978,158.40000000000032,-159.7999999999999,0,0.08102268635217971,2.0328049230518306,-1.1251614797825782,0.0,0.0,2.0,-1.0000000000000122,-50.57051900763266,50.57051900763204,stop,9
1232,1233,1248,2020,9,49.87340214637339,0.9417555373256767,301.90000000000055,143.39999999999975,117.99999999999926,-25.40000000000049,12.699999999999534,0.0,0.936370850798189,8,70.23643403075681,0.03640256959313908,0.18415417558886243,London,323.39999999999947,285.89999999999947,261.59999999999997,1,0.37423971377459797,5.3114483592385655,-0.18647213945232358,0.0,1.0,2.0,1.2872592852514677,64.19999999999962,49.87340214637339,stop,16
1287,1288,1301,2020,16,46.1090726181304,0.8877551020408163,242.09999999999923,134.99999999999943,119.20000000000073,-15.799999999998704,2.5000000000005684,0.30000000000001137,0.982453071116161,15,66.96067067240676,0.25607064017659803,0.5960264900662439,NYpm,116.59999999999968,271.4999999999989,233.99999999999892,0,0.34188709040663023,0.9629341359283913,-1.0345035649501315,1.0,,,-1.0000000000000147,-46.10907261813107,46.1090726181304,stop,14
1309,1310,1345,2020,14,35.45356894885207,0.8672839506172839,178.90000000000015,47.79999999999944,57.099999999999795,9.300000000000352,23.100000000000875,0.40000000000048885,1.3849099387098445,13,60.57280828787128,0.6415478615071242,0.7189409368635329,Overlap,97.89999999999992,45.999999999999375,382.6999999999998,1,0.265693430656934,9.578725360200888,-0.6656593595428296,1.0,1.0,10.0,6.120276544971264,216.98564647318082,35.45356894885207,stop,36
1359,1360,1364,2020,16,46.52070863148296,0.8959881129271917,316.9000000000011,4.999999999999716,-1.4000000000010004,-6.400000000000716,3.3999999999991815,0.0,1.3047952575451767,15,95.98530200012618,0.6672158154859993,0.8385502471169702,NYpm,-65.2000000000001,327.90000000000106,276.0000000000005,3,0.21154510888351097,0.4191681634617806,-1.5004070671606988,,,,-1.0000000000000084,-46.52070863148335,46.52070863148296,stop,5
1384,1385,1391,2020,17,44.61141400110505,0.8657913931436907,217.40000000000066,111.40000000000043,83.5000000000008,-27.899999999999636,9.300000000000352,-27.000000000001023,0.9437046760938312,16,61.222479057929036,-0.29928741092633876,0.11638954869360058,NYpm,15.59999999999917,245.6000000000003,460.0999999999999,4,0.04439428141459554,0.7509288990295075,-1.010952040185998,1.0,,,-0.9999999999999931,-44.61141400110474,44.61141400110505,stop,7
1408,1409,1414,2020,17,37.39544113178513,0.8136200716845878,192.9000000000002,78.30000000000013,66.59999999999968,-11.700000000000443,3.09999999999917,-0.19999999999953388,0.7594508619356796,16,60.025364703751904,0.09154929577463732,0.4788732394366183,NYpm,30.700000000000216,-18.900000000000716,374.20000000000044,5,0.07229940459313704,0.6016776194912976,-1.1552210294233263,2.0,,,-1.000000000000006,-37.395441131785354,37.39544113178513,stop,6
1512,1513,1516,2020,1,32.35374699583654,0.7885256837891927,117.30000000000018,22.20000000000084,45.40000000000077,23.199999999999932,42.69999999999925,0.0,2.4664840214726684,0,53.06457419831361,0.5689223057644194,0.75563909774437,Asia,-56.19999999999976,-161.89999999999998,-361.29999999999995,0,0.2383188541911264,0.5192597939942206,-1.0848820695951158,0.0,,,-1.0000000000000049,-32.353746995836694,32.35374699583654,stop,4
1574,1575,1575,2020,15,25.66361684645857,0.6777706598334401,102.39999999999867,64.69999999999914,64.60000000000008,-0.0999999999990564,9.500000000001307,0.0,3.0821844198050536,14,54.83423931064948,0.8546144121365266,0.8786346396965837,Overlap,73.69999999999948,-4.200000000000159,-109.90000000000038,0,0.3366133661336536,0.2766562500709854,-1.2819705108923243,,,,-0.9999999999999813,-25.66361684645809,25.66361684645857,stop,1
1591,1592,1633,2020,8,21.505055354837214,0.6406844106463878,118.59999999999928,17.199999999999704,19.40000000000026,2.200000000000557,9.499999999999886,-0.19999999999953388,1.571723459544438,7,34.21334544311492,0.7159763313609728,0.7840236686390691,London,48.0000000000004,100.0,60.899999999999466,1,0.35092348284959873,5.352229887383654,-0.49755742654218005,1.0,1.0,5.0,2.951581870068159,63.473931500149696,21.505055354837214,stop,42
1789,1790,1790,2020,14,16.029983964057216,0.5365990990990991,77.79999999999916,64.60000000000008,72.70000000000039,8.100000000000307,11.200000000000898,0.19999999999953388,2.014973943356682,13,49.601086788388216,0.894736842105247,0.9040247678018415,Overlap,50.499999999999545,-72.2999999999999,-131.8000000000012,0,0.2901554404145122,-0.05614478479941302,-2.894575571880731,,,,-0.999999999999999,-16.0299839640572,16.029983964057216,stop,1
1801,1802,1806,2020,2,17.344002258642917,0.5816554809843401,94.40000000000026,25.40000000000049,27.50000000000057,2.1000000000000796,2.2999999999996135,0.10000000000047748,1.1300736535728173,1,40.65210177245717,0.9846938775510922,0.9897959183673706,Asia,31.60000000000025,30.59999999999974,-61.50000000000091,1,0.31758326878389037,1.0493541068889862,-1.0608854707010908,1.0,2.0,,-1.0000000000000226,-17.344002258643307,17.344002258642917,stop,5
1909,1910,1913,2020,14,12.733639778881923,0.4572784810126582,61.099999999999,17.600000000000193,13.2000000000005,-4.399999999999693,2.600000000001046,0.0,1.5863492568324327,13,16.285339479036054,0.6188118811880808,0.6534653465346382,Overlap,11.400000000000432,32.39999999999981,21.50000000000034,0,0.14162348877374897,0.6439635597042769,-1.1151564082682432,0.0,,,-1.000000000000033,-12.733639778882344,12.733639778881923,stop,4
1933,1934,1934,2020,14,15.03719230960223,0.528125,42.40000000000066,10.999999999999943,0.0,-10.999999999999943,10.39999999999992,-0.19999999999953388,4.62187345676363,13,14.996449444635118,0.6071942446043058,0.6920863309352571,Overlap,-17.39999999999924,-1.8999999999991246,-27.499999999999147,1,0.015290519877672718,-0.02660071054255672,-2.1347070210375545,,,,-0.999999999999964,-15.037192309601688,15.03719230960223,stop,1
2040,2041,2042,2020,1,12.617418607965867,0.4706462752836704,41.500000000000625,16.30000000000109,17.80000000000115,1.5000000000000568,10.39999999999992,-0.20000000000095497,2.3776654268299358,0,14.587992936468197,0.5933333333333491,0.7033333333333491,Asia,67.00000000000017,-1.3999999999995794,-37.5,0,0.1598101265822924,0.16643657987798288,-1.26808822764267,,,,-0.9999999999999439,-12.617418607965158,12.617418607965867,stop,2
2169,2170,2176,2020,10,12.018201664194773,0.43738404452690166,46.299999999999386,23.399999999999466,23.499999999999943,0.10000000000047748,7.399999999999807,0.10000000000047748,1.381238263745834,9,19.54705752819308,0.3253012048192957,0.5602409638554536,London,15.500000000000114,-32.69999999999982,-91.20000000000061,0,0.10142954390742104,1.6391803491442065,-1.739028898330658,0.0,0.0,,-0.9999999999999999,-12.018201664194772,12.018201664194773,stop,7
2196,2197,2197,2020,13,11.809529789967833,0.4196060467246908,51.9999999999996,28.300000000000125,29.399999999999693,1.099999999999568,4.099999999999682,0.30000000000001137,3.5733852871812477,12,28.201978868581534,0.7132701421801043,0.9289099526066319,Overlap,23.900000000000432,15.900000000000603,-26.299999999999102,1,0.14927768860352955,0.4064514070727668,-1.0584672059186233,,,,-0.9999999999999388,-11.80952978996711,11.809529789967833,stop,1
2208,2209,2210,2020,1,12.111718292474428,0.4428246013667426,52.7000000000001,-17.70000000000067,4.999999999999716,22.700000000000387,25.600000000000023,31.60000000000025,0.883441947840575,0,39.87425946696135,0.46728971962614463,0.7289719626168547,Asia,98.89999999999901,138.29999999999956,90.09999999999962,2,0.43157894736843816,0.23118107046300354,-1.6925756944609114,,,,-1.0000000000000366,-12.11171829247487,12.111718292474428,stop,2
2297,2298,2310,2020,18,12.566093211016218,0.4912434325744308,52.49999999999915,33.499999999999375,32.59999999999934,-0.9000000000000341,6.100000000000705,-0.10000000000047748,1.4881315684978509,17,23.585005768988765,0.3315508021390289,0.6256684491978166,NYpm,42.199999999999704,-24.199999999999022,98.60000000000042,0,0.19713831478536448,1.3289731119740462,-1.0186141217525535,1.0,6.0,,-1.0000000000000193,-12.56609321101646,12.566093211016218,stop,13
2340,2341,2341,2020,13,9.989265006100897,0.2599914052428019,57.800000000000296,21.90000000000083,23.699999999999477,1.7999999999986471,1.7999999999986471,17.99999999999926,1.9120525872858105,12,23.246297592559984,0.9162303664921879,1.0,Overlap,34.899999999998954,44.99999999999886,-21.399999999999864,2,0.3863965267727937,0.3904191146814346,-1.3614615281197797,,,,-0.9999999999999891,-9.989265006100789,9.989265006100897,stop,1
2358,2359,2359,2020,7,10.074885534975019,0.2690831556503198,43.69999999999976,11.999999999999034,12.5,0.5000000000009663,1.7000000000010118,0.20000000000095497,1.4491479778421406,6,15.077066582567511,0.8356164383561591,0.9178082191780795,London,43.900000000000716,46.699999999999875,65.30000000000058,3,0.20534458509143028,-0.08933103972999785,-1.1513778454088142,,,,-0.9999999999999902,-10.07488553497492,10.074885534975019,stop,1
2448,2449,2480,2020,1,7.877461202191492,0.13100616016427105,43.99999999999977,1.3999999999995794,-7.500000000000284,-8.899999999999864,1.6999999999995907,15.100000000001046,1.6629723287441431,0,9.286969955343238,-0.5725190839694864,0.1908396946565316,Asia,9.100000000000819,9.499999999999886,30.500000000000682,0,0.04244482173174693,3.0466668618212607,-0.7108889344249427,2.0,23.0,24.0,0.6224145581165387,4.903046533242195,7.877461202191492,stop,32
2509,2510,2513,2020,14,10.684188739767155,0.344150641025641,51.9999999999996,42.69999999999925,27.10000000000008,-15.59999999999917,2.5000000000005684,0.0,2.124634874289491,13,12.42888259952224,-0.5462555066078992,0.20264317180619248,Overlap,31.499999999999773,21.300000000000807,21.699999999999875,2,0.12745936698032462,0.8985239996995392,-1.1886723746024266,0.0,,,-1.000000000000059,-10.684188739767785,10.684188739767155,stop,4
2603,2604,2617,2020,12,9.522469684357448,0.23667953667953667,47.99999999999898,29.699999999999704,34.499999999999886,4.800000000000182,8.00000000000125,0.0,1.8062541095043387,11,19.786865755912686,0.8023255813952441,0.8139534883720431,Overlap,127.10000000000008,118.80000000000024,133.49999999999937,0,0.17731958762886835,9.808379873703124,-0.16802363809347198,0.0,0.0,0.0,5.545983476839584,52.81145952815226,9.522469684357448,stop,14
2644,2645,2650,2020,5,11.698975366922364,0.4549600912200684,61.80000000000092,3.900000000000148,1.999999999999602,-1.9000000000005457,1.2999999999991019,0.0,1.1966859969278678,4,17.309192468565016,0.7642857142857064,0.7714285714285976,Asia,14.499999999999602,158.70000000000033,150.4000000000005,2,0.3639626704953298,1.136851697081432,-1.393284410708841,0.0,1.0,,-1.0000000000000546,-11.698975366923003,11.698975366922364,stop,6
2664,2665,2688,2020,1,13.164938344248403,0.5801584307808374,58.500000000000796,5.400000000000205,-9.000000000000341,-14.400000000000546,3.6000000000001364,0.0,1.4508233537109425,0,3.1514538624435318,-0.4712041884816871,0.05759162303662584,Asia,43.50000000000023,75.10000000000048,181.40000000000072,3,0.106703146374821,5.962808024413979,-0.15191867578132626,1.0,2.0,5.0,3.5534584473599673,46.78106136834263,13.164938344248403,stop,24
2788,2789,2808,2020,5,16.83601362163964,0.6897297297297297,66.29999999999967,42.69999999999925,33.499999999999375,-9.199999999999875,4.100000000001103,0.19999999999953388,1.2473261469098067,4,23.90726885152361,0.3523809523809298,0.3666666666666441,Asia,57.39999999999981,-41.89999999999969,-220.19999999999982,0,0.028705882352937997,2.3996179207216954,-0.5048701070824846,0.0,0.0,4.0,0.11364241430107447,1.9132852351689054,16.83601362163964,stop,20
2834,2835,2835,2020,3,14.723830825009445,0.6214108472172988,49.89999999999952,1.5000000000000568,13.500000000000512,12.000000000000455,14.000000000000057,0.0,2.2548479668488763,2,25.356083691458764,0.8463855421687088,0.9397590361445891,Asia,-8.699999999998909,59.199999999999875,-40.099999999999625,0,0.2921646746347926,0.0203751322305633,-1.324383594986518,,,,-1.0000000000000044,-14.72383082500951,14.723830825009445,stop,1
2954,2955,2960,2020,3,9.956803422123379,0.2543352601156069,24.2999999999995,11.399999999999011,26.999999999999602,15.600000000000591,19.10000000000025,0.0,2.761930595003604,2,23.06696255745493,0.756363636363654,0.8727272727272812,Asia,-47.20000000000084,-57.69999999999982,-97.20000000000084,0,0.3001083423618594,0.46199566316431867,-1.4060737574564295,,,,-1.0000000000000115,-9.956803422123494,9.956803422123379,stop,6
3002,3003,3007,2020,3,11.570690672850974,0.4242221478755437,76.50000000000006,11.7999999999995,16.59999999999968,4.800000000000182,11.10000000000042,0.30000000000001137,1.5902248638599255,2,27.97974307290616,0.5597826086956295,0.6576086956521563,Asia,13.2000000000005,26.200000000000045,15.700000000001069,0,0.6003600360036072,0.44941137456917346,-1.3655191765754002,,,,-0.9999999999999565,-11.57069067285047,11.570690672850974,stop,5
3049,3050,3050,2020,2,9.071187080165544,0.1808300395256917,55.999999999998806,12.899999999999068,3.699999999999193,-9.199999999999875,1.300000000000523,2.400000000000091,1.4110611860257676,1,9.443529846464571,-0.015625000000074593,0.17968749999996964,Asia,37.699999999999534,55.59999999999974,68.59999999999928,0,0.053245805981031034,0.07716740861068258,-1.3118459463833272,,,,-0.9999999999999963,-9.07118708016551,9.071187080165544,stop,1
3086,3087,3087,2020,15,11.892024101214279,0.470875366091767,84.39999999999941,30.100000000000193,28.79999999999967,-1.300000000000523,1.2000000000000455,0.0,2.3965642650429513,14,18.91037794508179,0.6771929824561409,0.9122807017543649,Overlap,40.99999999999966,83.3999999999989,156.79999999999978,1,0.12783171521035655,0.5549938297993284,-1.152032646704875,0.0,,,-1.0000000000000424,-11.892024101214782,11.892024101214279,stop,1
3096,3097,3097,2020,1,11.00479423947782,0.3629581576386636,47.2999999999999,0.30000000000001137,9.900000000000375,9.600000000000364,17.00000000000017,-0.19999999999953388,1.771954983951251,0,23.500027846151283,0.5076923076923077,0.6205128205128448,Asia,-62.19999999999999,16.499999999999204,34.39999999999941,2,0.28994082840237656,-0.07269558908526562,-2.789693231143678,,,,-0.9999999999999387,-11.004794239477144,11.00479423947782,stop,1
3168,3169,3174,2020,1,4.874840552457469,0.01838351822503962,13.100000000000023,-1.8999999999991246,7.600000000000762,9.499999999999886,11.10000000000042,9.099999999999397,2.1334031109506895,0,14.406952129201045,0.7307692307692097,0.8461538461538146,Asia,-13.500000000000512,-1.2000000000000455,-22.400000000000375,0,0.315463917525767,2.112889619499145,-1.3949174186983033,0.0,0.0,1.0,-1.000000000000046,-4.874840552457693,4.874840552457469,stop,6
3201,3202,3204,2020,10,8.44600641448009,0.15338770388958595,51.50000000000006,41.30000000000109,37.5,-3.8000000000010914,1.8000000000000682,0.0,1.2905507603349196,9,23.12230898048,0.45871559633021186,0.48623853211002716,London,21.50000000000034,7.599999999999341,-41.89999999999969,1,0.16193656093488462,-0.047359660929775844,-1.740467539167201,,,,-1.0000000000000657,-8.446006414480644,8.44600641448009,stop,3
3301,3302,3302,2020,14,7.435631623331718,0.10523114355231143,62.5,34.900000000000375,34.99999999999943,0.0999999999990564,2.7999999999991587,-0.30000000000001137,1.3179781485205915,13,25.5082666042739,0.6836734693876915,0.724489795918354,Overlap,36.40000000000043,-0.19999999999953388,-7.7999999999988745,0,0.6152125279641891,0.25552637573346904,-1.1969393389625722,,,,-1.0000000000000373,-7.435631623331995,7.435631623331718,stop,1
3312,3313,3313,2020,1,7.954866075614296,0.14307365868444982,52.99999999999869,3.5999999999987153,-3.4000000000006025,-6.999999999999318,5.000000000001137,0.0,1.772499985037359,0,7.255858349162736,-0.24113475177308324,0.14893617021276595,Asia,-3.50000000000108,1.099999999999568,-32.800000000000296,1,0.39839034205230905,-0.05028368751884987,-1.3576595630073387,,,,-1.0000000000000309,-7.954866075614541,7.954866075614296,stop,1
3377,3378,3388,2020,18,10.008121175739861,0.31272294887039237,64.30000000000007,40.99999999999966,40.99999999999966,0.0,0.7000000000005002,-0.10000000000047748,1.3788801871676322,17,22.943043262819174,0.8478260869565217,0.9492753623188063,NYpm,38.400000000000034,0.30000000000001137,4.900000000000659,0,0.34842519685041057,0.8293264893833836,-1.5287584683815052,0.0,,,-0.9999999999999964,-10.008121175739825,10.008121175739861,stop,11
3408,3409,3412,2020,1,9.433938980485168,0.26332842415316643,42.200000000001125,25.900000000000034,28.39999999999918,2.4999999999991473,17.69999999999925,8.400000000000318,5.077412531402288,0,27.825306756588475,0.592901878914389,0.6826722338204566,Asia,17.199999999999704,28.999999999999204,-9.100000000000819,0,0.10258697591435546,0.33920083717103916,-1.3568033486837048,,,,-1.000000000000067,-9.4339389804858,9.433938980485168,stop,4
3605,3606,3607,2020,6,13.073000566992157,0.6135857461024499,46.999999999999886,19.599999999999795,22.89999999999992,3.300000000000125,4.899999999999238,-0.0999999999990564,1.453377126592698,5,21.702101249829298,0.8894736842105956,0.9157894736842562,Asia,-35.99999999999994,-58.80000000000081,-215.80000000000013,0,0.12308634415187059,0.06119482638281726,-2.1035721569105523,,,,-0.9999999999999675,-13.073000566991732,13.073000566992157,stop,2
3637,3638,3650,2020,14,21.999866988608556,0.8474061810154525,63.7999999999991,60.69999999999993,99.20000000000044,38.50000000000051,50.200000000000955,0.0,3.104564224654911,13,89.0758595498184,0.7964860907759757,0.8286969253294242,Overlap,113.2000000000005,70.90000000000032,-30.400000000000205,1,0.23344947735192242,3.3818386283209803,-0.9181873695172474,1.0,2.0,10.0,0.5663130635821932,12.458812072719672,21.999866988608556,stop,13
3754,3755,3756,2020,11,10.366515130576149,0.34161988773055335,39.60000000000008,11.599999999999966,7.9999999999998295,-3.6000000000001364,3.6000000000001364,0.10000000000047748,0.9357049961168324,10,8.496755004955503,0.1443298969071606,0.2577319587629228,London,33.10000000000031,28.10000000000059,9.199999999999875,0,0.10472972972973095,1.9582279815639514,-1.1382803045543504,1.0,1.0,,-1.000000000000002,-10.36651513057617,10.366515130576149,stop,2
3778,3779,3780,2020,11,10.29620532782048,0.3343957503320053,57.60000000000076,20.300000000000296,30.59999999999974,10.299999999999443,12.099999999999511,-5.89999999999975,2.0007371011083896,10,27.83082456762571,0.7669902912621306,0.912621359223299,London,8.29999999999984,43.29999999999927,-3.7999999999996703,1,0.3885848318999099,0.3010817967686532,-1.92303857291005,,,,-0.9999999999999961,-10.29620532782044,10.29620532782048,stop,2
3798,3799,3800,2020,7,10.253073704664528,0.3310435931307794,49.2999999999995,20.699999999999363,17.499999999999716,-3.1999999999996476,2.200000000000557,0.0,1.3264315064674108,6,16.369231486012836,0.33823529411760095,0.6029411764705606,London,49.59999999999951,90.99999999999966,85.99999999999994,2,0.1686586985391736,0.624203061866968,-1.1703807410007383,0.0,,,-1.0000000000000357,-10.253073704664894,10.253073704664528,stop,2
3818,3819,3840,2020,3,12.4834582739868,0.5584756898817346,75.50000000000097,19.300000000001205,22.299999999999898,2.9999999999986926,5.3999999999987836,0.0,0.9372402857611694,2,28.689970924041575,0.7094017094017551,0.79487179487177,Asia,35.20000000000039,93.09999999999974,128.09999999999917,3,0.4026763990267612,2.3390954140366307,-0.4085406373830096,1.0,7.0,8.0,-0.15854758037081368,-1.979222104000621,12.4834582739868,stop,22
3858,3859,3870,2020,19,12.110795518201748,0.5240572171651495,55.79999999999927,17.199999999999704,7.600000000000762,-9.599999999998943,3.50000000000108,0.0,1.255078576560514,18,7.414539036670931,-0.4078947368420868,0.13815789473684642,NYpm,13.599999999999568,98.39999999999947,139.7999999999996,4,0.04468412942989987,0.933051836521951,-1.0734224667951315,0.0,,,-0.999999999999952,-12.110795518201167,12.110795518201748,stop,12
3954,3955,3972,2020,19,15.420881840847203,0.7282415630550622,80.4000000000002,76.9999999999996,66.40000000000015,-10.599999999999454,1.3999999999995794,0.30000000000001137,2.431767546565923,18,34.64872840111184,0.5333333333333409,0.6800000000000258,NYpm,85.09999999999991,-49.799999999999045,-75.79999999999956,0,0.2742382271468202,1.9778376045403283,-0.9013751705937416,0.0,0.0,,-0.6496929464434696,-10.018838159936616,15.420881840847203,stop,18
4032,4033,4033,2020,1,7.847866502858516,0.12167205772580243,31.999999999999318,0.9000000000000341,-0.39999999999906777,-1.2999999999991019,4.400000000001114,0.0999999999990564,1.5418203145521925,0,9.346934737477852,-0.03305785123958983,0.5289256198347292,Asia,39.699999999999136,71.69999999999987,116.19999999999919,0,0.31700288184439707,0.48420803266920426,-1.1213238651287025,,,,-0.9999999999999785,-7.847866502858347,7.847866502858516,stop,1
4095,4096,4109,2020,16,16.92423425765275,0.7785399314061734,71.80000000000035,68.59999999999928,54.699999999999704,-13.89999999999958,2.1000000000000796,-0.19999999999953388,1.2999111017416929,15,28.183883308859947,-0.10454545454543751,0.2727272727272845,NYpm,78.10000000000059,65.50000000000011,97.50000000000085,0,0.23349436392914538,3.09615189687569,-1.8907797843515228,0.0,0.0,8.0,0.49634957492860526,8.400336479778082,16.92423425765275,stop,14
4166,4167,4175,2020,15,14.949674238453705,0.7158680471947989,80.4000000000002,9.900000000000375,1.0000000000005116,-8.899999999999864,5.5999999999997385,0.0,1.7993703120839977,14,19.286949156712296,0.4609665427509551,0.4609665427509551,Overlap,-10.099999999999909,-75.7000000000005,-49.89999999999952,0,0.02222222222221729,0.48161584561356924,-1.1037029795310962,,,,-1.0000000000000333,-14.949674238454202,14.949674238453705,stop,9
4184,4185,4214,2020,9,11.566380503984428,0.47230879884919685,56.19999999999976,25.600000000000023,29.599999999999227,3.999999999999204,7.599999999999341,0.0,1.5821717082275844,8,19.41430180303172,0.6775956284153014,0.8032786885245748,London,31.30000000000024,88.10000000000002,33.70000000000033,1,0.47589098532492985,3.043302957902393,-0.9942609095420428,2.0,20.0,25.0,0.49144337961426293,5.6842211247826295,11.566380503984428,stop,30
4320,4321,4323,2020,1,8.295294185742677,0.1513814720222893,48.29999999999899,3.7999999999996703,-5.19999999999925,-8.99999999999892,2.9000000000010573,0.19999999999953388,1.5309884997000773,0,3.0923236986296843,-0.4094488188975479,0.06299212598432422,Asia,-8.599999999999852,-15.699999999999648,5.8000000000006935,0,0.22026431718061268,0.48220110226760865,-1.2778329210095227,,,,-1.000000000000013,-8.295294185742785,8.295294185742677,stop,3
4501,4502,4522,2020,14,16.107880042526837,0.7704991087344029,59.7999999999999,33.59999999999985,6.099999999999284,-27.50000000000057,2.1000000000000796,-2.9999999999986926,4.743020173871134,13,27.03367792338014,0.5680628272251201,0.6125654450261746,Overlap,12.600000000000477,-37.19999999999999,-103.79999999999967,0,0.1085011185682326,1.4464969901988372,-1.2416283177673137,1.0,3.0,,-0.7478791698425876,-12.046747954128955,16.107880042526837,stop,21
4526,4527,4575,2020,15,14.431487430914133,0.7152670064258808,89.20000000000101,19.900000000001228,28.80000000000109,8.899999999999864,10.599999999999454,0.19999999999953388,1.8501211415536212,14,36.95073187180924,0.7378277153558268,0.9363295880149957,Overlap,36.599999999999966,36.299999999999955,-34.40000000000083,1,0.2791430371770617,3.7626059170922974,-0.9008080464493109,0.0,9.0,23.0,2.9865251386128047,43.099999999999774,14.431487430914133,time,49
4584,4585,4587,2020,1,8.817409324639877,0.19623714723255306,32.60000000000076,9.40000000000083,7.200000000000273,-2.200000000000557,1.2000000000000455,-0.19999999999953388,1.213508368053101,0,9.81718679872614,0.6728971962617121,0.6822429906541473,Asia,9.600000000000364,47.89999999999992,97.10000000000036,4,0.11178247734139293,0.17011799552147028,-1.4516735617831593,,,,-0.9999999999999436,-8.81740932463938,8.817409324639877,stop,3
4638,4639,4639,2020,7,9.06291210529971,0.22875675675675675,40.30000000000058,22.20000000000084,21.20000000000033,-1.0000000000005116,3.8999999999987267,0.0,1.4564854923706176,6,14.891427583961558,0.6136363636364297,0.6287878787879106,London,23.199999999999932,23.60000000000042,61.89999999999998,0,0.2348877374784156,0.4634272021178169,-1.290975777328641,,,,-1.0000000000000127,-9.062912105299825,9.06291210529971,stop,1
4656,4657,4657,2020,1,8.5253880136284,0.17704070643980185,39.399999999999125,5.699999999998795,11.599999999999966,5.900000000001171,6.200000000001182,0.20000000000095497,1.7477210393452414,0,15.29781925872129,0.7785234899328789,0.9798657718120799,Asia,-22.59999999999991,-8.599999999999852,13.89999999999958,1,0.36193029490615813,0.011729671404890868,-1.5483166254602632,,,,-0.9999999999999295,-8.525388013627799,8.5253880136284,stop,1
4736,4737,4741,2020,9,8.64993359004317,0.1884395511327546,72.30000000000132,15.100000000001046,12.300000000000466,-2.80000000000058,1.2000000000000455,22.399999999998954,1.0404704159070224,8,15.784158462196274,0.36666666666666664,0.555555555555503,London,41.799999999999216,25.900000000000034,26.500000000000057,0,0.46268656716418227,0.1849725183835254,-1.2485644990884268,,,,-0.9999999999999458,-8.649933590042702,8.64993359004317,stop,5
4781,4782,4824,2020,6,6.79162025161075,0.057466442953020135,27.600000000001046,10.39999999999992,10.599999999999454,0.19999999999953388,2.599999999999625,-0.0999999999990564,0.9128896743791475,5,8.931052962097397,0.35483870967752285,0.6129032258064221,Asia,32.69999999999982,67.89999999999878,51.9999999999996,0,0.0945273631840745,5.153409452140464,-0.588961080244726,1.0,1.0,1.0,2.6081005537861635,17.71322853933132,6.79162025161075,stop,43
4968,4969,4978,2020,1,6.668925225790395,0.05872855701311806,25.100000000000477,1.0000000000005116,-5.100000000000193,-6.100000000000705,6.099999999999284,6.999999999999318,1.9193497552647947,0,2.695509443742594,-0.39843750000001477,0.046875000000001735,Asia,9.69999999999942,31.799999999999784,12.000000000000455,0,0.0966767371601093,1.3195529567446662,-1.2445783569294904,0.0,6.0,,-0.9999999999999643,-6.668925225790156,6.668925225790395,stop,10
4992,4993,5000,2020,1,7.073104127307545,0.08696525406708175,20.199999999999818,4.399999999999693,9.799999999999898,5.400000000000205,11.400000000000432,0.0,2.332780587281066,0,12.83157273875446,0.5939393939393652,0.6363636363636364,Asia,1.9000000000005457,12.100000000000932,0.9000000000000341,1,0.25287356321838916,0.5655225666134578,-1.1310451332273175,1.0,,,-1.0000000000000275,-7.073104127307738,7.073104127307545,stop,8
5092,5093,5095,2020,5,7.584264031779209,0.1309312856861587,36.999999999999034,22.100000000000364,20.300000000000296,-1.8000000000000682,1.4000000000010004,1.3999999999995794,0.8438524783925971,4,13.239451330706231,0.4531249999998925,0.499999999999889,Asia,15.000000000000568,15.000000000000568,-62.699999999999534,0,0.2033023735810154,0.9229636482417098,-1.5031122271367023,2.0,,,-0.9999999999999399,-7.584264031778753,7.584264031779209,stop,3
5175,5176,5183,2020,16,12.095828162589427,0.6003487020534677,43.80000000000024,23.400000000000887,36.9000000000014,13.500000000000512,15.800000000000125,0.0,2.099897556296216,15,32.67180558098204,0.9094488188976547,0.9094488188976547,NYpm,24.100000000001387,-27.299999999999613,-34.59999999999894,0,0.26378539493294895,0.2728213360541204,-1.347572053843699,,,,-0.9999999999999514,-12.09582816258884,12.095828162589427,stop,8
5199,5200,5220,2020,16,13.492171917696933,0.7123023524874662,70.29999999999887,16.99999999999875,-0.6000000000000227,-17.599999999998772,1.4000000000010004,0.0,1.6528102470107298,15,8.503681970903187,-0.3901345291479349,0.14798206278027534,NYpm,6.499999999999773,7.699999999999818,-5.799999999999272,1,0.11858407079645947,2.868329890552164,-0.6596417577756809,1.0,2.0,15.0,0.7390418479676948,9.971279667152578,13.492171917696933,stop,21
5258,5259,5259,2020,3,18.05648007909396,0.8512869399428027,38.7999999999991,27.599999999999625,65.30000000000058,37.700000000000955,52.40000000000009,0.0999999999990564,4.4582332573890335,2,52.94648548596541,0.7316770186335454,0.8173913043478351,Asia,-10.400000000001342,-18.40000000000117,12.199999999999989,0,0.25012946659762214,0.4818214824756077,-1.40669720171029,,,,-0.9999999999999594,-18.056480079093227,18.05648007909396,stop,1
5339,5340,5353,2020,12,16.28319762183757,0.7994742771310552,58.29999999999984,50.30000000000001,94.70000000000027,44.40000000000026,47.19999999999942,-7.299999999999329,3.5926604441344128,11,65.37450347117328,0.8974358974359168,0.952136752136766,Overlap,180.90000000000117,69.90000000000123,41.500000000000625,0,0.4644067796610126,8.812765362962299,-0.4790213925512783,0.0,0.0,0.0,4.988868589369421,81.2347331500803,16.28319762183757,stop,14
5384,5385,5386,2020,9,14.472974142915248,0.7421336808787935,66.70000000000016,22.799999999999443,24.899999999999523,2.1000000000000796,5.300000000001148,-0.19999999999953388,1.2506068083360322,8,26.737872808769225,0.5635359116021167,0.823204419889455,London,15.400000000001057,208.60000000000127,97.60000000000133,0,0.20111731843575423,0.07600372868346873,-1.0225956222857242,,,,-0.9999999999999496,-14.472974142914518,14.472974142915248,stop,2
5530,5531,5531,2020,11,11.871703124189379,0.5778502809497915,52.300000000001035,27.900000000001057,22.400000000000375,-5.500000000000682,4.199999999998738,0.0999999999990564,1.7183718112385244,10,21.917939693362598,0.31372549019605384,0.524509803921582,London,-8.400000000000318,-72.10000000000036,-128.79999999999967,0,0.19383259911893835,0.1768912158628016,-1.0360771214821236,,,,-1.0000000000000488,-11.871703124189958,11.871703124189379,stop,1
5582,5583,5585,2020,15,8.499837265767193,0.2115281019931765,20.90000000000032,9.300000000000352,22.400000000000375,13.100000000000023,18.69999999999976,0.49999999999954525,4.764797105364886,14,25.078127794870397,0.8024691358024739,0.8617283950617353,Overlap,71.69999999999987,63.59999999999957,-0.10000000000047748,0,0.3713490959666177,6.858954845500527,-0.10588438011922341,0.0,0.0,0.0,2.640196109071225,22.44123727681714,8.499837265767193,stop,3
5592,5593,5597,2020,1,12.670404628489726,0.6510127262950349,95.59999999999889,10.799999999998988,7.699999999999818,-3.09999999999917,1.0000000000005116,-0.19999999999953388,1.0023357874020267,0,36.57203741338151,0.6062992125984331,0.6771653543307219,Asia,-2.200000000000557,69.79999999999933,33.3999999999989,1,0.4999999999999956,-0.07103166997337727,-2.099380468102002,,,,-1.000000000000016,-12.670404628489928,12.670404628489726,stop,5
5697,5698,5699,2020,10,10.510085112843162,0.4385995777621393,36.39999999999901,18.09999999999974,-5.499999999999261,-23.599999999999,7.800000000000296,6.399999999999295,3.0922680122053228,9,2.2406014424319665,-0.556923076923064,0.03384615384618398,London,28.000000000000114,-9.599999999998943,-22.49999999999943,0,0.0016025641025603616,0.03805868322718861,-1.2749658881092636,,,,-0.9999999999999489,-10.510085112842626,10.510085112843162,stop,2
5715,5716,5719,2020,4,10.68400138754423,0.4559803577692038,57.800000000000296,10.500000000000398,12.800000000000011,2.2999999999996135,5.299999999999727,-0.10000000000047748,1.113814905890353,3,16.749267164195203,0.6638655462185536,0.7478991596638556,Asia,-0.7000000000005002,4.099999999999682,-20.999999999999375,1,0.33775713337756724,0.03743915650042888,-1.3103704775180702,,,,-0.9999999999999875,-10.684001387544095,10.68400138754423,stop,4
5743,5744,5750,2020,8,9.184297991271979,0.28900523560209423,39.60000000000008,28.000000000000114,26.39999999999958,-1.6000000000005343,0.49999999999954525,0.0,1.4045711509208014,7,16.562115157582014,0.5736434108526764,0.8372093023255814,London,14.999999999999147,42.29999999999876,4.699999999999704,2,0.1948936170212811,1.970754870671719,-1.1759200333290432,0.0,1.0,,-1.0000000000000717,-9.184297991272638,9.184297991271979,stop,7
5816,5817,5821,2020,9,10.014416250336298,0.38704118559365847,50.40000000000049,3.6000000000001364,1.6999999999995907,-1.9000000000005457,4.299999999999216,7.500000000000284,1.5577543024013307,8,14.211752195053862,0.5833333333333257,0.6025641025640968,London,-12.5,-44.19999999999931,-29.90000000000066,0,0.207135777998018,0.7888627557032152,-2.086991341037823,0.0,,,-1.0000000000000588,-10.014416250336888,10.014416250336298,stop,5
5863,5864,5864,2020,8,5.91784084305572,0.024102564102564103,25.100000000000477,6.700000000000728,7.9999999999998295,1.2999999999991019,3.6000000000001364,-0.10000000000047748,1.013883299521466,7,7.553846978981937,0.5833333333332544,0.6166666666665088,London,14.499999999999602,15.399999999999636,-16.29999999999967,0,0.26996197718629866,0.35485915483251307,-1.132169684465477,,,,-0.9999999999999477,-5.91784084305541,5.91784084305572,stop,1
5882,5883,5893,2020,3,8.135584840572871,0.18026921110921793,35.39999999999992,12.000000000000455,14.300000000000068,2.2999999999996135,5.100000000000193,0.0,2.2125022789060123,2,18.448244491796117,0.8277777777777514,0.8444444444444181,Asia,-10.599999999999454,17.300000000000182,34.600000000000364,1,0.28848114169214956,1.7577101437973213,-1.4750015192706747,0.0,5.0,,-1.0000000000000768,-8.135584840573495,8.135584840572871,stop,11
5952,5953,5962,2020,1,10.000565749288832,0.39417410338440817,59.00000000000034,9.40000000000083,9.600000000000364,0.19999999999953388,1.5000000000000568,0.0,1.2799275881877237,0,12.451003330014032,0.7500000000000278,0.8984374999999593,Asia,-36.099999999999,-53.19999999999965,-49.2999999999995,0,0.05042567125081691,0.39997737130872585,-1.3899213652975628,,,,-0.999999999999976,-10.000565749288592,10.000565749288832,stop,10
6032,6033,6035,2020,9,10.81270160613091,0.48928393420834027,68.80000000000024,41.200000000000614,31.000000000000227,-10.200000000000387,3.3999999999991815,0.10000000000047748,1.4519960479717289,8,15.708877859518111,-0.05095541401271176,0.13375796178344757,London,13.300000000000978,-36.599999999999966,-71.49999999999892,0,0.20422535211268023,1.0080736893561417,-1.2670283985486115,0.0,0.0,,-0.9999999999999408,-10.81270160613027,10.81270160613091,stop,3
6055,6056,6056,2020,8,10.684317987030976,0.47434624296590533,47.400000000000375,11.700000000000443,12.000000000000455,0.30000000000001137,0.9000000000000341,19.69999999999885,1.82510479598877,7,22.194116523053253,0.8871794871795275,0.969230769230767,London,5.699999999998795,-13.700000000000045,-67.00000000000017,1,0.11381407471763881,0.514773147586658,-1.1792984835620606,0.0,,,-1.000000000000001,-10.684317987030989,10.684317987030976,stop,1
6129,6130,6141,2020,10,7.363239921882762,0.10317200784826684,29.699999999999704,12.000000000000455,12.000000000000455,0.0,2.5000000000005684,-0.10000000000047748,1.2087070493997398,9,9.133921602338546,0.5505617977528036,0.7191011235954823,London,10.39999999999992,29.90000000000066,48.90000000000043,0,0.2404181184669069,1.4395836768128913,-1.7247842165588672,4.0,5.0,,-0.9999999999999362,-7.3632399218822915,7.363239921882762,stop,12
6179,6180,6180,2020,12,6.413622819200325,0.04573467401881284,22.799999999999443,12.5,16.29999999999967,3.7999999999996703,5.5999999999997385,10.299999999999443,2.229629088444438,11,18.10801497704375,0.8041958041957645,0.87412587412587,Overlap,26.800000000000068,15.800000000000125,35.300000000000864,0,0.41562500000001346,-0.015591811807156564,-1.824241981454379,,,,-0.9999999999999154,-6.413622819199782,6.413622819200325,stop,1
6288,6289,6290,2021,1,3.1264128873409436,0.005418326693227091,0.0,1.2000000000000455,-18.39999999999975,-19.599999999999795,0.40000000000048885,-1.2000000000000455,8.476167721576488,0,-17.25426061721862,-0.6943396226414985,0.24528301886791543,Asia,-12.399999999999523,0.8000000000009777,-55.59999999999974,0,1.0,1.663248005743522,-3.326496011486589,0.0,0.0,,-0.9999999999997767,-3.1264128873402455,3.1264128873409436,stop,2
6349,6350,6355,2021,14,11.650468874026513,0.6017992424242424,58.59999999999985,50.60000000000002,49.00000000000091,-1.5999999999991132,1.099999999999568,-0.10000000000047748,2.635087079494388,13,32.91771031136932,0.7947882736156656,0.9120521172638831,Overlap,33.799999999999386,-23.60000000000042,-10.39999999999992,0,0.19969040247678752,2.240253184847071,-0.9699180455469504,0.0,1.0,1.0,-0.8881832849764248,-10.347751716048458,11.650468874026513,stop,6
6368,6369,6397,2021,9,11.687119567967079,0.6036191974822974,85.30000000000086,42.30000000000018,36.89999999999998,-5.400000000000205,1.2999999999991019,-0.19999999999953388,1.1037792438913983,8,24.79417439999594,0.19379844961246118,0.4806201550387759,London,77.80000000000058,66.59999999999968,54.20000000000016,1,0.3555695405915659,5.921048347076707,-0.12834642370831625,0.0,0.0,1.0,2.9154458235313974,34.073163933541686,11.687119567967079,stop,29
6408,6409,6449,2021,1,13.120322727564112,0.7188428459734167,48.90000000000043,0.6000000000000227,-2.7999999999991587,-3.3999999999991815,1.2000000000000455,20.09999999999934,0.5411452254206832,0,17.340116291653374,-0.3943661971829915,0.35211267605642826,Asia,25.499999999999545,111.70000000000044,100.49999999999955,3,0.12603062426384787,2.515182033645489,-0.2515182033645597,0.0,1.0,13.0,0.046772884266518475,0.6136753364757283,13.120322727564112,stop,41
6482,6483,6495,2021,3,11.884690474129613,0.6231256763023652,47.19999999999942,17.00000000000017,20.79999999999984,3.7999999999996703,19.899999999999807,0.10000000000047748,3.0291070750529103,2,15.365849201856463,0.5333333333333149,0.5527777777777733,Asia,1.4000000000010004,-29.999999999999716,3.900000000000148,0,0.4109972041006518,0.9676314267530911,-2.069889834619451,10.0,,,-0.9999999999999409,-11.884690474128911,11.884690474129613,stop,13
6528,6529,6529,2021,1,9.2554304167536,0.3122026093630084,29.600000000000648,-0.39999999999906777,-10.200000000000387,-9.800000000001319,1.8999999999991246,16.59999999999968,1.4586031542695452,0,2.240056782856925,-0.7555555555556351,0.1333333333332421,Asia,-4.5000000000001705,-12.099999999999511,-43.50000000000023,0,0.031319910514532784,0.06482680685643105,-1.2749272015097084,,,,-0.9999999999999901,-9.255430416753507,9.2554304167536,stop,1
6554,6555,6555,2021,3,7.807929335772591,0.15288182235132242,29.399999999999693,22.59999999999991,34.600000000000364,12.000000000000455,13.2000000000005,0.0,3.009760845597436,2,29.147508763222163,0.9234042553191458,0.9489361702127639,Asia,19.40000000000026,5.89999999999975,15.200000000000102,1,0.4203980099502503,0.26895735215959976,-1.0502144227192085,,,,-1.0000000000000695,-7.807929335773133,7.807929335772591,stop,1
6631,6632,6632,2021,8,7.056157998041548,0.08627984285282563,34.10000000000082,15.900000000000603,16.29999999999967,0.39999999999906777,2.7999999999991587,-0.10000000000047748,1.0770733878278713,7,11.436595103050706,0.6710526315790311,0.6842105263157501,London,21.699999999999875,-17.199999999999704,-2.2999999999996135,0,0.22686567164180163,0.05668807304364637,-1.0912454060888332,,,,-1.0000000000000688,-7.056157998042034,7.056157998041548,stop,1
6649,6650,6650,2021,2,6.791617981712515,0.07082579867389995,39.4999999999996,9.799999999999898,4.999999999999716,-4.800000000000182,0.30000000000001137,6.199999999999761,1.3987830330828543,1,9.760691678370392,0.2842105263158036,0.46315789473681535,Asia,3.3999999999991815,20.299999999998875,5.5999999999997385,1,0.31456548347614643,-0.029448063854307604,-1.472403192718728,,,,-1.0000000000000984,-6.791617981713182,6.791617981712515,stop,1
6707,6708,6739,2021,12,6.594030563756473,0.061995817149686286,27.40000000000009,22.89999999999992,23.699999999999477,0.7999999999995566,3.900000000000148,-0.19999999999953388,1.9411496316614183,11,11.983150780855567,0.757812499999954,0.757812499999954,Overlap,54.09999999999968,41.499999999999204,58.3999999999989,0,0.06739130434782337,9.372113065365417,-0.5914440283966448,0.0,1.0,1.0,5.027327622503289,33.15035199680384,6.594030563756473,stop,32
6744,6745,6756,2021,1,9.447400823843022,0.35774773436339324,32.800000000000296,16.100000000000136,15.699999999999648,-0.40000000000048885,3.900000000000148,-0.19999999999953388,2.286343133180873,0,18.922563427219075,0.726851851851808,0.800925925925904,Asia,33.500000000000796,103.70000000000061,91.10000000000014,2,0.16963448922211222,4.996083142876472,-0.33871750121193106,0.0,0.0,7.0,1.6426035825475047,15.518334439006798,9.447400823843022,stop,12
6778,6779,6817,2021,11,9.100608071116902,0.31204730229120475,65.50000000000011,22.49999999999943,18.80000000000024,-3.699999999999193,1.0000000000005116,7.699999999999818,0.9999331834629805,10,18.03336649740288,0.30769230769234374,0.48351648351656246,London,24.499999999999034,74.09999999999997,112.19999999999999,3,0.17860746720485043,2.856951952751172,-0.9340035230147192,1.0,7.0,27.0,0.16372399932168863,1.4899879496624977,9.100608071116902,stop,39
6843,6844,6872,2021,4,6.066107085689122,0.0335285505124451,18.200000000000216,10.80000000000041,11.80000000000092,1.0000000000005116,2.599999999999625,0.0,1.2693478521283115,3,6.893133100324178,0.7272727272727105,0.7922077922079025,Asia,57.90000000000077,69.20000000000073,127.20000000000056,0,0.1962616822430254,8.555734224085924,-0.44509600009696776,1.0,1.0,3.0,5.2217716333362345,31.67582590483139,6.066107085689122,stop,29
6875,6876,6877,2021,12,8.438543283459536,0.2401632177207811,66.90000000000111,7.000000000000739,4.099999999999682,-2.9000000000010573,2.7000000000001023,-0.10000000000047748,1.2442905898914498,11,13.831279676854535,0.17142857142857143,0.4666666666665764,Overlap,-25.600000000000023,28.79999999999967,68.09999999999974,1,0.2513464991023276,1.7420068258480297,-1.9553137841151353,0.0,1.0,,-0.9999999999999811,-8.438543283459376,8.438543283459536,stop,2
6984,6985,6994,2021,1,6.618109704450123,0.06527040596757998,25.499999999999545,5.299999999999727,-0.20000000000095497,-5.500000000000682,0.40000000000048885,0.10000000000047748,1.072813887510366,0,3.446030130054112,-0.02816901408463672,0.1690140845070197,Asia,15.900000000000603,32.500000000000284,-40.99999999999966,0,0.21526717557249583,6.391553160800128,-0.31731114982696734,0.0,0.0,6.0,2.6172351659689337,17.321149450727127,6.618109704450123,stop,10
7015,7016,7041,2021,8,7.991543167654212,0.19380177092259354,44.40000000000026,11.599999999999966,11.400000000000432,-0.19999999999953388,2.400000000000091,15.59999999999917,1.4890741062583823,7,17.171515892887612,0.5714285714285544,0.7815126050420479,London,46.19999999999891,75.30000000000001,15.699999999999648,1,0.23578751164958844,5.530846680388379,-0.7883333503721162,0.0,0.0,1.0,2.2503265123900125,17.983581465081535,7.991543167654212,stop,26
7135,7136,7137,2021,8,10.955976659861184,0.5544790789104185,50.200000000000955,20.79999999999984,28.39999999999918,7.599999999999341,8.29999999999984,14.800000000001035,1.5425370575966362,7,23.68607850757911,0.9053254437869489,0.9585798816567744,London,-37.89999999999907,-84.49999999999989,-36.39999999999901,0,0.11810154525386161,0.18254876421258667,-1.816360203915581,,,,-0.9999999999999588,-10.955976659860733,10.955976659861184,stop,2
7177,7178,7226,2021,2,11.057927069332251,0.5647682858738136,50.7000000000005,13.299999999999557,12.299999999999045,-1.0000000000005116,5.799999999999272,0.0,1.2389302184850943,1,15.0880793384232,0.007299270072923801,0.5036496350365137,Asia,65.89999999999918,56.90000000000026,10.299999999999443,0,0.3780290791599514,9.07945941137983,-0.41599116825052684,0.0,1.0,6.0,4.9225430793430185,54.433122367021305,11.057927069332251,stop,49
7250,7251,7252,2021,3,13.354972835646892,0.7605361337570816,84.39999999999941,21.19999999999891,16.400000000000148,-4.799999999998761,0.9000000000000341,-2.899999999999636,0.8011996828207433,2,17.11294975818447,0.12149532710285339,0.46728971962627747,Asia,33.59999999999985,89.00000000000006,183.7999999999994,3,0.37111716621253876,-0.02995139001192079,-1.1755920579706043,,,,-1.0000000000000102,-13.354972835647027,13.354972835646892,stop,2
7272,7273,7274,2021,1,10.744979817227575,0.5218349634935942,52.40000000000009,4.400000000001114,3.4000000000006025,-1.0000000000005116,0.39999999999906777,-0.10000000000047748,0.977200532583987,0,15.84984651348833,0.32380952380961275,0.8666666666666938,Asia,-8.599999999999852,36.7999999999995,146.2999999999994,4,0.35537190082644715,0.33504018260026946,-1.4425341195288939,,,,-1.0000000000000628,-10.74497981722825,10.744979817227575,stop,2
7306,7307,7309,2021,11,8.070997620228571,0.19717537364596188,28.39999999999918,19.899999999999807,19.50000000000074,-0.39999999999906777,1.0000000000005116,-0.10000000000047748,1.0779336594270914,10,11.80124551276549,0.7241379310344828,0.8390804597701694,London,31.000000000000227,56.00000000000023,111.40000000000043,5,0.08775981524250018,0.854912902304245,-2.0319668982301446,0.0,,,-0.9999999999999972,-8.070997620228548,8.070997620228571,stop,3
7327,7328,7358,2021,8,8.296022204428537,0.22149302707136997,45.40000000000077,8.400000000000318,9.000000000000341,0.6000000000000227,1.8999999999991246,0.0,0.8317239069486749,7,14.147840696780634,0.5072463768117315,0.811594202898688,London,87.99999999999955,110.39999999999992,155.79999999999927,6,0.33014354066985946,17.791659226901405,-0.40983496864143315,0.0,0.0,0.0,11.858440655935764,98.3778869915412,8.296022204428537,stop,31
7380,7381,7381,2021,13,11.15670168215832,0.5729604995249084,82.50000000000028,24.00000000000091,27.900000000001057,3.900000000000148,5.3999999999987836,7.500000000000284,1.1562557077804287,12,25.34821164477279,0.8372093023256736,0.8837209302326555,Overlap,59.70000000000084,185.69999999999993,208.1000000000003,8,0.3506276150627645,0.4033450143419271,-1.1741821528623828,,,,-0.9999999999999812,-11.15670168215811,11.15670168215832,stop,1
7392,7393,7399,2021,1,11.34456150242258,0.5950670822604689,64.30000000000007,2.4999999999991473,13.999999999998636,11.499999999999488,22.800000000000864,0.10000000000047748,2.5562909587830083,0,30.44912048943189,0.48275862068959774,0.6103448275861678,Asia,-34.900000000000375,62.80000000000001,181.79999999999978,9,0.5704918032786608,1.3310342578491472,-2.961771593624374,0.0,0.0,,-1.0000000000000595,-11.344561502423256,11.34456150242258,stop,7
7470,7471,7497,2021,7,11.190799040197307,0.5715435161593134,45.60000000000031,23.900000000000432,28.600000000000136,4.699999999999704,8.799999999999386,-0.0999999999990564,1.3761305108493946,6,22.986324058834384,0.7272727272728028,0.7337662337662482,London,42.60000000000019,42.199999999999704,67.00000000000017,0,0.05765407554671968,4.423276642016057,-0.41998788318129227,0.0,0.0,1.0,1.2458562835150992,13.942127301784558,11.190799040197307,stop,27
7552,7553,7554,2021,17,9.180094123344038,0.32550736171906086,51.600000000000534,25.7000000000005,21.299999999999386,-4.400000000001114,3.7999999999996703,0.0,1.32896240889041,16,9.766162604535111,0.20491803278681556,0.3278688524589515,NYpm,-13.100000000000023,-9.999999999999432,44.89999999999981,0,0.2918395573997103,0.3921528419676772,-5.087093811080495,,,,-1.0000000000000377,-9.180094123344384,9.180094123344038,stop,2
7669,7670,7672,2021,14,11.12845691910587,0.5637408568443051,46.80000000000035,35.5000000000004,36.19999999999948,0.6999999999990791,8.29999999999984,-0.40000000000048885,2.3543246103616235,13,23.478981168142354,0.7061068702290151,0.7099236641221088,Overlap,26.800000000000068,-4.699999999999704,-10.899999999999466,0,0.18496240601503416,0.485242476944652,-1.1951342487714445,,,,-0.9999999999999767,-11.128456919105611,11.12845691910587,stop,3
7681,7682,7730,2021,2,9.239583436160965,0.3304642670839854,50.60000000000002,16.800000000000637,13.2000000000005,-3.6000000000001364,2.599999999999625,-0.20000000000095497,1.3420518452671397,1,16.78417047767624,0.3467741935484518,0.5,Asia,38.7999999999991,39.99999999999915,24.59999999999951,1,0.3936170212765881,9.946335853230199,-0.6818489213857762,0.0,5.0,6.0,7.016843597334282,64.83271187606195,9.239583436160965,stop,49
7751,7752,7784,2021,0,8.262238311601273,0.20741793745153786,71.79999999999893,5.5999999999997385,4.399999999999693,-1.2000000000000455,3.700000000000614,17.799999999999727,0.9198475901291708,23,10.951388772133441,0.3157894736840629,0.3552631578945941,Asia,22.19999999999942,104.49999999999875,105.6999999999988,3,0.21223709369023594,13.543545438876727,-0.7261954658915412,1.0,1.0,6.0,8.755778200154296,72.34232609319807,8.262238311601273,stop,33
7956,7957,7957,2021,13,12.478364795787915,0.7099332745813924,90.60000000000059,57.10000000000122,54.400000000001114,-2.7000000000001023,5.699999999998795,0.19999999999953388,2.2278560095777196,12,36.432377339779976,0.5863309352518555,0.6978417266187356,Overlap,32.00000000000074,-14.60000000000008,-98.79999999999995,0,0.733210671573126,0.552957067125329,-1.1299557458650356,0.0,,,-1.0000000000000335,-12.478364795788332,12.478364795787915,stop,1
8071,8072,8073,2021,8,9.843856560581777,0.40903449987589974,34.59999999999894,26.69999999999959,20.199999999999818,-6.499999999999773,0.7000000000005002,0.0,1.2190344227538448,7,8.1613023009254,-0.03333333333337281,0.4,London,6.000000000000227,-17.40000000000066,-90.00000000000057,0,0.07200000000000273,0.35555170663663427,-1.0768137400991333,,,,-0.9999999999999988,-9.843856560581765,9.843856560581777,stop,2
8220,8221,8222,2021,13,11.516285709242203,0.6177653222858536,67.00000000000017,26.500000000000057,19.10000000000025,-7.399999999999807,1.9000000000005457,1.6999999999995907,1.5195871691474971,12,22.515501566363127,0.35999999999999027,0.46857142857144296,Overlap,33.3999999999989,15.59999999999917,8.99999999999892,0,0.34234787953287893,0.19103381555000704,-1.6324707874268167,,,,-1.0000000000000557,-11.516285709242846,11.516285709242203,stop,2
8232,8233,8270,2021,1,9.765089519268132,0.39688526584742667,56.90000000000026,1.0000000000005116,-6.799999999999784,-7.800000000000296,1.2999999999991019,0.10000000000047748,1.2595890673330865,0,9.056452801344506,-0.5528455284553099,0.2601626016260078,Asia,55.20000000000067,76.39999999999958,61.7999999999995,1,0.21428571428570997,9.595406147082851,-0.12288673827641289,0.0,0.0,0.0,6.313776049148388,61.65458832454508,9.765089519268132,stop,38
8293,8294,8294,2021,14,14.156183717828865,0.8099033816425121,57.69999999999982,57.20000000000027,68.6000000000007,11.400000000000432,14.60000000000008,-0.10000000000047748,2.3382007933616205,13,35.99157443090348,0.845921450151053,0.9033232628398907,Overlap,40.00000000000057,70.80000000000126,92.00000000000017,3,0.1686678101772442,0.13421696396943544,-1.977934205864704,,,,-0.9999999999999857,-14.156183717828663,14.156183717828865,stop,1
8318,8319,8340,2021,15,13.592681952156646,0.7886815171583383,78.79999999999967,31.90000000000026,38.2000000000005,6.300000000000239,10.099999999999909,-0.20000000000095497,2.5013459536295426,14,35.58868697342916,0.8264705882353032,0.8882352941176579,Overlap,39.00000000000006,54.60000000000065,143.20000000000022,4,0.2977375565611034,2.9574737451737314,-0.4119863923624896,5.0,10.0,13.0,0.6777058137344738,9.211839583220216,13.592681952156646,stop,22
8508,8509,8541,2021,13,12.552407081033428,0.724072984108299,63.29999999999956,26.69999999999959,28.39999999999918,1.6999999999995907,22.799999999999443,-0.0999999999990564,3.9593999524677805,12,22.409011657941846,0.4969818913480884,0.5754527162977896,Overlap,94.60000000000122,109.70000000000084,44.20000000000073,0,0.3676092544987159,6.182081213511147,-0.8763259452141926,0.0,0.0,0.0,3.321206098909735,41.68913095352597,12.552407081033428,stop,33
8627,8628,8628,2021,12,9.77659597038684,0.3921523101927095,45.300000000000296,41.500000000000625,31.400000000000716,-10.099999999999909,5.19999999999925,0.0999999999990564,1.657018460113187,11,14.425057845349443,-0.4012345679012405,0.05555555555556043,Overlap,39.4999999999996,-6.000000000000227,-40.00000000000057,0,0.19097502014506035,0.2045701802608568,-1.841131622348147,,,,-0.9999999999999496,-9.776595970386348,9.77659597038684,stop,1
8724,8725,8726,2021,13,10.336861261159894,0.4703248765928137,29.600000000000648,14.400000000000546,13.300000000000978,-1.099999999999568,5.89999999999975,-0.40000000000048885,2.0702609292444523,12,17.217695941981503,0.5140186915887857,0.6728971962617121,Overlap,-6.000000000000227,-7.000000000000739,-7.600000000000762,0,0.07029876977152455,0.812625785310805,-1.1899163284910228,0.0,,,-1.0000000000000437,-10.336861261160346,10.336861261159894,stop,2
8751,8752,8799,2021,16,9.274327517790368,0.32330052643625545,51.09999999999957,27.599999999999625,31.000000000000227,3.4000000000006025,7.400000000001228,0.30000000000001137,1.563455676132482,15,21.512629924150417,0.4206896551723347,0.7241379310344591,NYpm,37.90000000000049,24.099999999999966,-9.199999999999875,1,0.16461366181411324,11.731308797462143,-0.7979015174744309,1.0,8.0,20.0,7.950756954851458,73.73792401364202,9.274327517790368,stop,48
8861,8862,8869,2021,6,8.102388732282465,0.17518083182640146,37.60000000000048,21.099999999999852,21.89999999999941,0.7999999999995566,2.1000000000000796,0.0,0.7528643961127643,5,15.256159792681956,0.3278688524589133,0.7868852459015783,Asia,10.099999999999909,-21.299999999999386,42.60000000000019,0,0.2735426008968533,1.9870683241662637,-1.246545967334094,0.0,2.0,,-1.0000000000000446,-8.102388732282828,8.102388732282465,stop,8
8892,8893,8915,2021,13,8.842182004483568,0.2666967000788377,40.30000000000058,28.900000000000148,36.599999999999966,7.699999999999818,10.099999999999909,-0.10000000000047748,2.4993830695629438,12,22.62876821044557,0.7466063348415807,0.8914027149321244,Overlap,69.40000000000026,79.80000000000018,48.100000000000875,1,0.292499999999984,4.048774384178705,-0.463686451819326,0.0,0.0,0.0,1.3866951076678489,12.261410526726058,8.842182004483568,stop,23
8990,8991,9006,2021,15,10.495914725252064,0.5050685084103821,36.000000000001364,8.800000000000807,12.5,3.699999999999193,8.799999999999386,0.0,3.5156535629260084,14,15.007968918823167,0.8373983739837336,0.8617886178861736,Overlap,14.300000000000068,13.700000000000045,1.6999999999995907,0,0.17167381974249307,0.7050362158713225,-1.46723753032681,7.0,,,-0.9999999999999439,-10.495914725251476,10.495914725252064,stop,16
9038,9039,9043,2021,15,10.221763363334892,0.4690304709141274,48.89999999999901,40.099999999999625,37.000000000000455,-3.09999999999917,4.800000000000182,0.0,1.8685621375770918,14,23.75352952809351,0.23036649214665217,0.5863874345550132,Overlap,22.799999999999443,15.099999999999625,14.499999999999602,2,0.1623578076525377,0.5967659182837053,-1.1250505016824774,0.0,,,-0.999999999999953,-10.221763363334412,10.221763363334892,stop,5
9061,9062,9103,2021,14,8.698257688104784,0.2514367816091954,52.50000000000057,12.699999999999534,19.599999999999795,6.9000000000002615,10.899999999999466,9.40000000000083,2.4142766003262603,13,19.938319964768425,0.7523809523809807,0.8095238095238417,Overlap,42.10000000000065,42.900000000000205,76.90000000000055,3,0.21857304643261474,2.8166560337139432,-0.3563932124291932,0.0,2.0,4.0,0.7348606538198985,6.392007331774641,8.698257688104784,stop,42
9114,9115,9115,2021,19,11.17010652582553,0.5950994396220196,17.99999999999926,8.499999999999375,42.39999999999924,33.899999999999864,33.899999999999864,-0.0999999999990564,4.780616897120652,18,49.00978255735282,1.0,1.0,NYpm,68.80000000000024,114.90000000000009,115.69999999999965,5,0.3014705882352886,1.1459156607330585,-1.0116286692408982,0.0,0.0,,-1.0000000000000329,-11.170106525825895,11.17010652582553,stop,1
9120,9121,9122,2021,1,11.616810227059625,0.6477434940155924,99.69999999999999,2.7999999999991587,-2.3000000000010346,-5.100000000000193,2.200000000000557,0.20000000000095497,1.0415940144925315,0,42.26211489533398,-0.19008264462817004,0.3966942148760175,Asia,-44.49999999999932,28.300000000000125,93.20000000000022,6,0.38948701709942135,-0.04304107497898777,-1.308448679362427,,,,-0.9999999999999609,-11.61681022705917,11.616810227059625,stop,2
9192,9193,9227,2021,1,10.987959348261732,0.5702146203290118,66.59999999999968,0.19999999999953388,-11.7999999999995,-11.999999999999034,2.200000000000557,0.10000000000047748,1.7382663508872391,0,4.241090280235937,-0.6178010471203845,0.25654450261783224,Asia,27.600000000001046,32.800000000000296,57.10000000000122,0,0.019833653230970024,7.608328111736704,-0.25482438651755046,1.0,1.0,5.0,5.078641544551754,55.803906835927855,10.987959348261732,stop,35
9240,9241,9245,2021,1,9.84212751070068,0.4170369567573426,46.000000000000796,9.199999999999875,0.39999999999906777,-8.800000000000807,0.9000000000000341,0.10000000000047748,1.3614942486196324,0,11.852831966541544,0.02985074626858707,0.2761194029850137,Asia,-9.300000000000352,54.20000000000016,59.39999999999941,2,0.23362974939368855,0.25401012101103815,-2.2556098745788735,,,,-0.9999999999999315,-9.842127510700005,9.84212751070068,stop,5
9326,9327,9368,2021,15,10.939493290870153,0.567915816600451,32.800000000000296,22.400000000000375,43.900000000000716,21.50000000000034,26.800000000000068,0.0999999999990564,3.1628521614320766,14,38.22072777849712,0.8468208092485644,0.8468208092485644,Overlap,59.59999999999894,21.099999999999852,47.699999999998965,0,0.4499532273152311,6.179445263375917,-0.7038717237868832,0.0,1.0,15.0,4.16033016574183,45.51190393593746,10.939493290870153,stop,42
9511,9512,9558,2021,8,9.763368410874183,0.4120867551063382,49.60000000000093,4.000000000000625,-16.899999999999693,-20.90000000000032,1.999999999999602,12.300000000000466,2.755196656313822,7,-6.431207456253674,-0.4981412639405116,0.14869888475838455,London,23.400000000000887,-30.700000000000216,-58.799999999999386,0,0.04,6.565357088093307,-0.82963170691979,0.0,2.0,3.0,3.935025854084677,38.419107119743536,9.763368410874183,stop,47
9648,9649,9654,2021,1,11.598565864799447,0.6521017125064867,62.80000000000001,3.900000000000148,4.299999999999216,0.39999999999906777,1.5999999999991132,-0.19999999999953388,0.9570148697164752,0,19.109819056335198,0.3873873873873516,0.891891891891878,Asia,32.90000000000077,46.80000000000035,-34.899999999998954,0,0.3153153153153084,0.12070457816241292,-1.439833182366372,,,,-1.000000000000048,-11.598565864800003,11.598565864799447,stop,6
9679,9680,9697,2021,8,8.412734076093635,0.21518725429339955,58.70000000000033,24.59999999999951,19.39999999999884,-5.200000000000671,2.7000000000001023,-10.699999999999932,1.6522571466390505,7,11.700826183611923,0.30935251798556446,0.43165467625892,London,25.99999999999909,97.99999999999898,51.200000000000045,1,0.24260355029585418,2.9241385472892856,-0.4398094562996897,0.0,0.0,3.0,0.3067451633759727,2.5805654886099547,8.412734076093635,stop,18
9878,9879,9898,2021,15,15.25444556700335,0.8658895083628991,45.79999999999984,34.39999999999941,57.39999999999981,23.000000000000398,29.20000000000016,-0.19999999999953388,5.2050400423433665,14,47.26792754045732,0.9219143576826223,0.9219143576826223,Overlap,54.30000000000064,-13.799999999999102,-35.69999999999993,0,0.3207744636316108,1.179983888692407,-0.9505425770022297,0.0,15.0,,-0.8373033276675305,-12.772598034975113,15.25444556700335,stop,20
9912,9913,9918,2021,1,8.849050737233721,0.2778058389736337,38.59999999999957,3.6000000000001364,11.10000000000042,7.500000000000284,9.199999999999875,0.19999999999953388,1.5933912482468486,0,17.313435732042137,0.7872340425531915,0.8794326241135088,Asia,44.79999999999933,120.79999999999984,52.7000000000001,2,0.19520174482006733,0.16950970726030304,-1.638593836849489,,,,-1.0000000000000464,-8.849050737234132,8.849050737233721,stop,6
9960,9961,9996,2021,1,8.260742222747432,0.20066351663818235,32.60000000000076,3.0000000000001137,0.39999999999906777,-2.600000000001046,5.299999999999727,0.10000000000047748,1.258966775571529,0,8.31637474275908,0.03846153846144912,0.24038461538453523,Asia,27.700000000000102,84.69999999999942,160.69999999999993,0,0.08148148148146536,5.653245040306798,-0.3389525934231768,5.0,6.0,8.0,3.435121754130627,28.37665531462509,8.260742222747432,stop,36
10094,10095,10125,2021,15,12.524700033691518,0.7541910524749529,51.39999999999958,32.799999999998875,29.399999999999693,-3.3999999999991815,0.30000000000001137,-0.0999999999990564,1.6367657464733452,14,22.979219163296705,0.7658536585365745,0.8195121951219891,Overlap,23.799999999999955,-86.29999999999995,-106.00000000000023,0,0.4108108108108243,3.6887110969301165,-0.9900436710376191,13.0,19.0,21.0,1.215611746257647,15.225172479308958,12.524700033691518,stop,31
10129,10130,10134,2021,2,10.418933104906184,0.5179913009094503,58.59999999999985,22.399999999998954,26.800000000000068,4.400000000001114,5.400000000000205,0.0,1.4972742259620868,1,28.59811355319266,0.8076923076923813,0.9358974358974907,Asia,-7.099999999999795,46.90000000000083,-63.19999999999908,2,0.44574780058650254,1.0749661109471462,-1.8523969590429161,0.0,1.0,,-0.9999999999999453,-10.418933104905614,10.418933104906184,stop,5
10176,10177,10189,2021,1,8.48670624889349,0.23339565089048508,31.60000000000025,4.400000000001114,2.5000000000005684,-1.9000000000005457,4.699999999999704,14.099999999999113,1.1665303015868083,0,11.382684327190873,0.2525252525253004,0.3333333333333333,Asia,-2.400000000000091,-16.400000000000148,37.60000000000048,0,0.02155576382380129,3.1932294114142827,-1.602506272886817,4.0,5.0,8.0,-0.019336032649549834,-0.16409922911574315,8.48670624889349,stop,13
10235,10236,10276,2021,12,8.850585996366133,0.28751711993738993,46.89999999999941,15.399999999999636,15.999999999999659,0.6000000000000227,5.89999999999975,-0.30000000000001137,1.276751619004606,11,12.1860349128184,0.5132743362832493,0.5309734513274559,Overlap,24.799999999999045,27.79999999999916,13.799999999999102,0,0.18681318681318088,3.7737614225446388,-0.29376585923995663,0.0,0.0,2.0,0.7785409922418054,6.890544003532318,8.850585996366133,stop,41
10285,10286,10286,2021,14,9.765594302228207,0.4287383177570093,30.299999999999727,18.09999999999974,10.599999999999454,-7.500000000000284,3.7999999999996703,0.0,2.048006437809617,13,8.037283141554497,0.3649999999999613,0.4350000000000103,Overlap,-28.600000000000136,3.1999999999996476,6.199999999999761,2,0.014736842105274747,0.8601627038800596,-3.2358501717391746,0.0,,,-0.999999999999924,-9.765594302227464,9.765594302228207,stop,1
10335,10336,10337,2021,16,11.516230710118972,0.6612090680100756,28.000000000000114,3.6000000000001364,10.500000000000398,6.9000000000002615,9.69999999999942,0.10000000000047748,2.031914832987722,15,18.16735521867372,0.837606837606848,0.8803418803419135,NYpm,11.10000000000042,0.7999999999995566,32.59999999999934,0,0.1167593328038143,0.04341698361081026,-1.1114747804377545,,,,-0.9999999999999727,-11.516230710118657,11.516230710118972,stop,2
10344,10345,10356,2021,1,9.082551074024094,0.32775142774174815,49.39999999999998,2.2999999999996135,12.5,10.200000000000387,12.300000000000466,0.0,1.662528498538842,0,21.594070614276006,0.8278145695364444,0.8609271523178721,Asia,3.700000000000614,33.10000000000031,11.50000000000091,1,0.22696629213482322,2.5103079315685837,-1.9157613161971963,4.0,6.0,6.0,-0.4024708882633741,-3.65546239845994,9.082551074024094,stop,12
10446,10447,10471,2021,7,6.301821994094069,0.034026646218729036,20.000000000000284,12.300000000000466,9.600000000000364,-2.7000000000001023,0.19999999999953388,-0.10000000000047748,1.9994217564075125,6,9.33724803774112,0.7301587301587749,0.7698412698412814,London,47.2999999999999,35.09999999999991,24.099999999999966,0,0.1731843575419086,8.219844998564845,-0.8727634650984655,0.0,1.0,5.0,5.194904535048677,32.73736365618877,6.301821994094069,stop,25
10541,10542,10549,2021,6,6.30232487068582,0.034954407294832825,29.600000000000648,7.500000000000284,11.50000000000091,4.000000000000625,4.399999999999693,2.400000000000091,1.3169743182560871,5,10.517047119040512,0.7108433734941306,0.9518072289157741,Asia,10.300000000000864,-22.49999999999943,17.100000000000648,0,0.16778523489932143,1.8247234530053758,-1.5391145647090843,0.0,0.0,,-0.99999999999995,-6.302324870685505,6.30232487068582,stop,8
10571,10572,10572,2021,12,6.120881063036002,0.02775146808107596,26.999999999999602,16.29999999999967,11.7999999999995,-4.5000000000001705,0.30000000000001137,0.0,0.9802510354651758,11,6.577461685056107,-0.3333333333332544,0.2,Overlap,-28.000000000000114,-5.700000000000216,-58.19999999999936,1,0.025036818851246787,0.3267503451549812,-4.231416969757854,,,,-1.000000000000021,-6.120881063036132,6.120881063036002,stop,1
10621,10622,10658,2021,14,10.72159558859367,0.5728695324283559,63.10000000000002,36.099999999999,28.600000000000136,-7.499999999998863,8.400000000000318,-0.0999999999990564,1.6042388334715945,13,24.443719720596846,-0.13372093023253798,0.07558139534886892,Overlap,31.400000000000716,-29.800000000000182,-7.500000000000284,0,0.3487031700288,3.7587688947037803,-0.6528878973431709,2.0,10.0,11.0,1.7603626074237413,18.873895966079637,10.72159558859367,stop,37
10722,10723,10723,2021,19,11.259770108948551,0.6440377252778037,57.20000000000027,55.29999999999973,70.19999999999982,14.900000000000091,18.80000000000024,0.0,3.374846878072542,18,31.296487257351657,0.6736842105263244,0.8973684210526265,NYpm,67.09999999999923,-7.30000000000075,43.99999999999977,0,0.5150528885272427,0.3108411598225706,-1.2344834632949335,,,,-0.9999999999999863,-11.259770108948397,11.259770108948551,stop,1
10729,10730,10731,2021,2,9.576725269444282,0.4174132138857783,78.10000000000059,7.800000000000296,6.199999999999761,-1.6000000000005343,0.19999999999953388,-0.0999999999990564,0.6891708610518839,1,20.35558614401225,0.515151515151587,0.7272727272727273,Asia,50.500000000000966,89.19999999999959,63.10000000000002,1,0.4761459307764257,0.31325948229631084,-1.023314308834566,,,,-1.000000000000004,-9.576725269444319,9.576725269444282,stop,2
10752,10753,10760,2021,1,8.536969871495232,0.25495856224974395,59.30000000000035,1.999999999999602,4.200000000000159,2.200000000000557,7.000000000000739,0.0,1.253372116929569,0,23.157319815582866,0.39252336448599867,0.5514018691588587,Asia,35.80000000000041,153.4000000000006,79.00000000000063,2,0.5082926829268484,2.2490415556118704,-0.7731080347416376,2.0,4.0,5.0,-0.6864381474973509,-5.860101783829885,8.536969871495232,stop,8
10776,10777,10777,2021,1,8.019347416171438,0.18758710396729536,48.29999999999899,2.7999999999991587,-3.100000000000591,-5.89999999999975,1.0000000000005116,7.9999999999998295,1.920355759739841,0,12.374391914730154,-0.20129870129874444,0.5519480519480244,Asia,27.69999999999868,114.00000000000006,152.69999999999868,3,0.342723004694827,-0.06234921297868824,-1.4839112688899094,,,,-1.0000000000000333,-8.019347416171707,8.019347416171438,stop,1
10801,10802,10814,2021,2,9.18060653656497,0.3582684464219503,53.09999999999917,10.099999999999909,12.700000000000955,2.600000000001046,6.9000000000002615,0.0,1.3942433922006725,1,15.990902438852572,0.4531250000000538,0.6640625000000616,Asia,56.500000000001194,120.00000000000028,237.60000000000048,4,0.33333333333331877,5.860179257843566,-0.4792711660689473,0.0,1.0,4.0,1.77460476937606,16.291948145553228,9.18060653656497,stop,13
10824,10825,10826,2021,1,12.352378845224761,0.7565442604754417,70.40000000000077,11.200000000000898,12.100000000000932,0.9000000000000341,4.200000000000159,-0.20000000000095497,1.5300696519122035,0,22.326475011652747,0.6402116402116653,0.8253968253968254,Asia,40.800000000000125,125.0,211.30000000000138,5,0.36202830188678936,0.19429455897297823,-1.9996148360968242,,,,-0.999999999999986,-12.352378845224587,12.352378845224761,stop,2
10855,10856,10861,2021,8,11.484456543267516,0.6699870872532743,84.40000000000083,11.199999999999477,-6.400000000000716,-17.600000000000193,1.2000000000000455,0.0,1.6544100217905444,7,3.940746103415904,-0.5315789473684226,0.010526315789449278,London,-47.20000000000084,50.10000000000048,113.59999999999957,6,0.3714285714285751,1.7327768122964162,-1.5150912831135215,0.0,2.0,,-1.0000000000000078,-11.484456543267607,11.484456543267516,stop,6
10931,10932,10953,2021,12,10.581379197064196,0.555596263051841,48.0000000000004,33.29999999999984,25.0,-8.29999999999984,1.2000000000000455,-0.0999999999990564,1.1057159735137938,11,10.830957797951157,-0.07692307692307693,0.18803418803422853,Overlap,51.70000000000101,2.200000000000557,-4.200000000000159,0,0.11820534943917003,5.292315770664133,-0.9072541321138821,0.0,1.0,2.0,2.16096817284647,22.866023669675464,10.581379197064196,stop,22
10992,10993,11003,2021,1,8.887609270704333,0.30521905455870296,44.70000000000027,1.3999999999995794,5.499999999999261,4.099999999999682,8.200000000000784,0.0,1.1364135947438534,0,15.959618797239727,0.5445544554454763,0.5940594059404812,Asia,55.400000000000205,72.89999999999992,121.80000000000035,0,0.2677857713828846,3.0604405719835373,-0.33754859249819014,0.0,0.0,3.0,0.007631977495049656,0.06783003393881015,8.887609270704333,stop,11
11016,11017,11046,2021,1,9.72096211150432,0.4349722802871944,74.19999999999902,-2.1000000000000796,2.7000000000001023,4.800000000000182,5.200000000000671,5.799999999999272,1.337316188550373,0,24.204259423272845,0.20769230769232283,0.9692307692307306,Asia,117.49999999999972,198.39999999999947,242.10000000000065,1,0.4055555555555504,12.128429125391905,-0.12344457125081267,0.0,0.0,1.0,8.48337644036609,82.46658095442714,9.72096211150432,stop,30
11076,11077,11077,2021,13,12.096567811660355,0.7290065985718159,78.60000000000014,24.899999999999523,12.299999999999045,-12.600000000000477,1.8000000000000682,0.0,2.397374234702044,12,13.79027699714186,0.40344827586202653,0.5034482758620609,Overlap,-23.000000000000398,109.19999999999987,190.09999999999962,3,0.001821493624781036,0.4133403852934235,-2.719779735230945,,,,-1.0000000000000062,-12.09656781166043,12.096567811660355,stop,1
11111,11112,11126,2021,0,11.950870264072984,0.7145431609298972,59.40000000000083,49.69999999999999,52.49999999999915,2.7999999999991587,8.199999999999363,0.0,1.4057553658250155,23,23.22621704565364,0.5892857142856796,0.6785714285714014,Asia,52.49999999999915,44.19999999999931,217.09999999999923,4,0.3465346534653408,5.204641890138096,-0.2510277438973454,0.0,4.0,5.0,1.8316962557890093,21.890364316122692,11.950870264072984,stop,15
11183,11184,11185,2021,0,10.097782507919463,0.4819158460161146,43.69999999999976,16.499999999999204,25.900000000000034,9.40000000000083,12.900000000000489,-0.19999999999953388,1.9113107243955023,23,25.696192767475168,0.8186528497409483,0.8186528497409483,Asia,25.7000000000005,71.30000000000081,100.79999999999956,0,0.16194076874606603,1.4557651631406872,-1.0992512456368455,0.0,0.0,,-1.0000000000000315,-10.097782507919783,10.097782507919463,stop,2
11282,11283,11307,2021,3,10.912637806446076,0.5868311296477061,40.89999999999918,15.899999999999181,16.100000000000136,0.20000000000095497,1.9000000000005457,0.0,1.1546245942990685,2,17.89616684704356,0.698412698412736,0.8650793650794026,Asia,42.00000000000017,33.40000000000032,-36.19999999999948,0,0.11530398322851611,3.4913648446661005,-0.568148609893149,4.0,4.0,9.0,0.6569903237111682,7.16949744499974,10.912637806446076,stop,25
11363,11364,11364,2021,12,12.08030483253726,0.7172687224669604,61.10000000000042,24.899999999999523,25.0,0.10000000000047748,2.2999999999996135,0.30000000000001137,1.249968457693971,11,21.688557526047703,0.807947019867569,0.854304635761643,Overlap,35.09999999999991,-21.800000000000352,47.89999999999992,0,0.21753794266442517,0.4966762083552514,-1.043020037546028,,,,-0.9999999999999823,-12.080304832537047,12.08030483253726,stop,1
11376,11377,11393,2021,1,11.630159370545249,0.6705095485347179,70.3000000000003,-14.100000000000534,-16.600000000001103,-2.5000000000005684,15.000000000000568,27.10000000000008,1.5820935391994646,0,17.325856892595937,-0.9021739130435504,0.048913043478186154,Asia,12.5,31.90000000000026,32.69999999999982,1,0.5072744907856523,3.138392075042415,-0.45571172596504594,0.0,2.0,4.0,-0.004784032151393296,-0.05563905635451649,11.630159370545249,stop,17
11438,11439,11439,2021,15,10.540527796476919,0.5335667396061269,67.10000000000065,16.800000000000637,10.699999999999932,-6.100000000000705,1.6999999999995907,-0.10000000000047748,1.878463809622392,14,18.469758575038497,0.6060606060606061,0.6060606060606061,Overlap,10.299999999999443,10.299999999999443,29.699999999999704,0,0.27676767676767516,0.4079492111805306,-1.1100013420495953,,,,-0.9999999999999419,-10.540527796476306,10.540527796476919,stop,1
11449,11450,11456,2021,2,11.889973215233614,0.6977964323189927,49.69999999999999,14.900000000000091,14.100000000000534,-0.7999999999995566,2.2999999999996135,0.0,1.076537328410501,1,21.291436652661844,0.5781249999999843,0.7578125000000651,Asia,-23.399999999999466,-25.600000000000023,21.999999999999886,1,0.28114478114478664,0.4962164248141939,-2.5399552592185803,,,,-1.0000000000000555,-11.889973215234273,11.889973215233614,stop,7
11556,11557,11581,2021,13,11.509695912009551,0.6524300441826215,53.700000000000614,34.600000000000364,35.20000000000039,0.6000000000000227,7.699999999999818,0.10000000000047748,1.3119373539872452,12,23.108228812574794,0.2649006622517036,0.5298013245033131,Overlap,99.30000000000092,58.900000000001285,-16.199999999999193,0,0.17270429654590885,7.637039299038567,-0.5734295719414809,0.0,0.0,1.0,4.649937460672232,53.51936618219927,11.509695912009551,stop,25
11592,11593,11599,2021,1,10.009135422475433,0.45539338457552464,34.99999999999943,11.299999999999955,20.600000000000307,9.300000000000352,9.499999999999886,-0.19999999999953388,2.1180650580864255,0,23.495138096232893,0.9716981132075465,0.9905660377358712,Asia,-19.79999999999933,93.3000000000007,52.90000000000106,2,0.2374798061389374,0.4395984082820508,-2.357846008058479,,,,-1.000000000000041,-10.009135422475845,10.009135422475433,stop,7
11641,11642,11642,2021,2,9.926453601056249,0.44203646370829036,46.299999999999386,8.499999999999375,16.100000000000136,7.600000000000762,9.199999999999875,-0.19999999999953388,1.722669614672823,1,23.55415531732774,0.6081871345029468,0.9064327485380593,Asia,77.29999999999961,85.99999999999994,199.09999999999997,0,0.4460999123575904,0.12088909576652394,-1.6823732494174106,,,,-1.000000000000027,-9.926453601056517,9.926453601056249,stop,1
11721,11722,11722,2021,10,13.573104836639246,0.8253331055688418,60.899999999999466,20.300000000000296,-27.599999999999625,-47.89999999999992,5.299999999999727,-0.20000000000095497,4.729942100402708,9,-27.991158068006428,-0.6978193146417385,0.17133956386292856,London,-33.60000000000127,-95.6000000000003,10.199999999998965,0,0.12625538020086302,0.22102533179452885,-1.4956047451429437,,,,-1.0000000000000173,-13.573104836639482,13.573104836639246,stop,1
11750,11751,11767,2021,15,15.452834670770457,0.8877055465621538,95.3000000000003,39.60000000000008,46.60000000000082,7.000000000000739,20.400000000000773,19.40000000000026,3.856897538206095,14,45.002611227340594,0.76510067114094,0.7751677852349002,Overlap,84.10000000000082,60.00000000000085,65.80000000000013,1,0.4928813559322079,3.4621479579534142,-0.8800974248256105,0.0,1.0,3.0,0.974286982550012,15.055495663229157,15.452834670770457,stop,17
11784,11785,11786,2021,1,14.356231157535992,0.8558321298105513,73.7000000000009,7.699999999999818,5.799999999999272,-1.9000000000005457,0.6000000000000227,-0.0999999999990564,0.8985645228503383,0,19.067130461850468,0.4496124031007018,0.8062015503875601,Asia,26.600000000000534,146.0000000000008,121.90000000000083,3,0.24811156304473245,0.202002877229987,-1.4418826064341648,,,,-1.000000000000038,-14.356231157536536,14.356231157535992,stop,2
11958,11959,11965,2021,7,15.064153312450376,0.8681456676433654,62.5,30.89999999999975,32.500000000000284,1.6000000000005343,2.599999999999625,-0.10000000000047748,1.1683364896089143,6,20.440893447464248,0.7556818181819265,0.9431818181818659,London,-31.100000000000705,-58.899999999999864,-54.30000000000064,0,0.10261080752883987,0.8828906427158595,-2.4163322853277247,1.0,,,-0.9999999999999692,-15.064153312449912,15.064153312450376,stop,7
12001,12002,12024,2021,2,11.993165089955827,0.6914414414414415,70.49999999999983,8.499999999999375,8.599999999999852,0.10000000000047748,3.499999999999659,0.20000000000095497,0.9005129103945959,1,19.837826340999243,0.6296296296296686,0.6851851851852315,Asia,6.100000000000705,50.499999999999545,22.700000000000387,0,0.43973941368078884,1.7843496557820404,-1.7343211607602302,2.0,3.0,,-1.0000000000000064,-11.993165089955903,11.993165089955827,stop,23
12035,12036,12054,2021,12,15.928808194984631,0.8862086175345201,38.000000000000966,25.100000000000477,16.499999999999204,-8.600000000001273,2.1000000000000796,0.0,3.06990952502003,11,16.080716558857944,0.615541922290358,0.7811860940695039,Overlap,15.500000000000114,97.10000000000036,79.99999999999972,1,0.07039337474119903,1.5569275300714345,-0.7659078978577506,0.0,1.0,,-0.6845958246245198,-10.904795581531312,15.928808194984631,stop,19
12127,12128,12129,2021,8,9.549401641449395,0.376093775796599,35.39999999999992,14.60000000000008,13.100000000000023,-1.5000000000000568,1.999999999999602,0.10000000000047748,1.5079478841372655,7,11.636979366822686,0.548611111111144,0.7569444444444774,London,16.100000000000136,29.999999999999716,21.099999999999852,0,0.14798206278027534,0.3560432504213484,-2.0839002009951497,,,,-0.9999999999999709,-9.549401641449117,9.549401641449395,stop,2
12144,12145,12145,2021,1,8.310344967512826,0.20023081361800346,32.99999999999983,1.8000000000000682,1.5000000000000568,-0.30000000000001137,4.099999999999682,0.10000000000047748,0.7460580787244186,0,7.897027710913562,0.24193548387098623,0.29032258064518346,Asia,40.500000000000114,76.90000000000055,46.09999999999985,1,0.1504854368932157,-0.10829875336323035,-1.022821559541677,,,,-0.9999999999999146,-8.310344967512117,8.310344967512826,stop,1
12245,12246,12247,2021,6,10.068496715883276,0.4471059516023545,40.59999999999917,6.6999999999993065,6.399999999999295,-0.30000000000001137,1.5000000000000568,0.0,0.8144214803252289,5,10.548673926535912,0.6219512195120936,0.7804878048780234,Asia,32.69999999999982,32.69999999999982,25.30000000000001,0,0.21684867394695911,0.37741483234597545,-1.11238055849303,,,,-0.9999999999999396,-10.068496715882668,10.068496715883276,stop,2
12272,12273,12275,2021,9,9.47869102783613,0.3641406313728689,66.69999999999874,22.59999999999991,30.30000000000115,7.700000000001239,9.900000000000375,0.19999999999953388,1.8145965460302862,8,23.421638290433577,0.8255813953489102,0.872093023255862,London,13.500000000000512,45.40000000000077,-1.6999999999995907,1,0.5165662650602341,0.2953994377259268,-1.1815977509034072,,,,-0.999999999999967,-9.478691027835817,9.47869102783613,stop,3
12300,12301,12301,2021,13,7.684342653223812,0.12704484414421746,37.60000000000048,24.2999999999995,23.399999999999466,-0.9000000000000341,2.2999999999996135,0.0,1.3664148612105307,12,13.556198566740818,0.6571428571429461,0.6952380952380991,Overlap,33.499999999999375,79.6999999999997,79.6999999999997,2,0.15375982042647932,0.5725928942217565,-1.1061453638371228,0.0,,,-0.9999999999999619,-7.684342653223519,7.684342653223812,stop,1
12312,12313,12333,2021,1,7.831548184168706,0.14375152451418816,36.89999999999998,1.300000000000523,-9.999999999999432,-11.299999999999955,3.7999999999996703,0.0,1.991943308417055,0,0.9895876539033566,-0.6410256410255804,0.032051282051342785,Asia,-18.69999999999976,28.300000000000125,60.20000000000039,3,0.22046285018269757,0.9704339194851109,-1.2258112667181877,0.0,,,-0.9324159555914907,-7.302260483902467,7.831548184168706,stop,21
12344,12345,12373,2021,9,6.553510897856281,0.04468412942989214,23.799999999999955,17.199999999999704,28.699999999999193,11.499999999999488,13.89999999999958,6.60000000000025,2.9144683357813674,8,21.294499490346652,0.8481675392669623,0.8743455497382168,London,51.69999999999959,66.4999999999992,112.69999999999953,4,0.34463276836158235,4.776065911516037,-0.4730288921947488,0.0,3.0,5.0,1.5406597241089632,10.096730291836343,6.553510897856281,stop,29
12392,12393,12395,2021,9,6.808140962372527,0.06099038694563373,24.500000000000455,18.200000000000216,22.20000000000084,4.000000000000625,4.399999999999693,-0.10000000000047748,1.601024429464955,8,14.335030923014358,0.9449541284404925,0.9633027522936617,London,17.900000000000205,67.30000000000018,82.0999999999998,6,0.20222222222223293,0.6169084957571922,-2.452945685510671,2.0,,,-1.0000000000000628,-6.8081409623729545,6.808140962372527,stop,3
12409,12410,12441,2021,2,8.255968051136508,0.1983704420780897,37.10000000000093,8.800000000000807,8.100000000000307,-0.7000000000005002,2.199999999999136,0.19999999999953388,0.9205461979656198,1,8.730367967865504,0.4736842105263748,0.6184210526315937,Asia,11.7999999999995,27.40000000000009,60.39999999999992,7,0.2435233160621783,2.022779145529912,-0.7146345484207103,3.0,3.0,5.0,-0.19197464650628476,-1.5849365481841118,8.255968051136508,stop,32
12456,12457,12457,2022,1,7.487346477147542,0.11283452543598811,19.199999999999307,5.5999999999997385,13.89999999999958,8.29999999999984,9.499999999999886,4.900000000000659,2.2704973052718493,0,16.997736743718406,0.8176470588234964,0.9294117647058804,Asia,23.900000000000432,38.29999999999956,53.90000000000015,0,0.3146067415730238,-0.12020279851439537,-1.4157218491696089,,,,-0.9999999999999402,-7.487346477147094,7.487346477147542,stop,1
12480,12481,12505,2022,1,8.848589279555117,0.2798588273040828,42.00000000000017,3.6000000000001364,5.89999999999975,2.2999999999996135,6.700000000000728,0.0,1.6273780537279652,0,11.841982359739234,0.40972222222218935,0.6944444444443787,Asia,84.19999999999987,110.69999999999993,140.39999999999964,1,0.10869565217391701,10.792680842431563,-0.632869243116538,0.0,1.0,1.0,6.920862884983283,61.23987312933398,8.848589279555117,stop,25
12696,12697,12729,2022,1,14.02342597474271,0.8353701805566507,78.49999999999966,-4.399999999999693,1.999999999999602,6.399999999999295,15.999999999999659,12.199999999999989,1.0767696871788612,0,27.393062720805972,0.13245033112580476,0.3642384105959866,Asia,38.59999999999957,-9.900000000000375,-70.40000000000077,0,0.2649350649350432,5.120004207910235,-0.39933180451665506,0.0,0.0,14.0,2.013378275324779,28.23446120317218,14.02342597474271,stop,33
12839,12840,12841,2022,0,13.213848981410939,0.7892561983471075,42.900000000000205,24.499999999999034,22.59999999999991,-1.8999999999991246,6.300000000000239,13.100000000000023,1.0670622934949703,23,16.66839558568114,0.37588652482276225,0.41843971631212395,Asia,35.69999999999993,-33.3999999999989,-55.999999999998806,0,0.20135363790185484,0.21189889516215762,-1.6422164375063721,,,,-1.0000000000000058,-13.213848981411013,13.213848981410939,stop,2
12849,12850,12853,2022,10,13.591855477024955,0.8138049236522281,62.90000000000049,8.29999999999984,4.099999999999682,-4.200000000000159,1.2000000000000455,-0.10000000000047748,1.5450429145230984,9,18.821480629932807,0.7380952380952654,0.7428571428571255,London,-12.100000000000932,-10.000000000000853,-66.40000000000015,1,0.2715151515151395,0.6842332907174185,-1.4126106647068237,0.0,,,-1.0000000000000495,-13.591855477025627,13.591855477024955,stop,4
12873,12874,12922,2022,10,10.183051510894622,0.4600311041990669,48.799999999999955,26.00000000000051,22.89999999999992,-3.100000000000591,2.5000000000005684,0.30000000000001137,1.0507655773471891,9,18.08060832480436,-0.18691588785053928,0.4766355140186494,London,82.90000000000077,106.49999999999977,37.400000000000944,2,0.058629232039634355,15.231190752012022,-0.3437083664219008,0.0,3.0,4.0,14.150964457543093,144.10000000000028,10.183051510894622,time,49
13019,13020,13022,2022,12,9.927437646926453,0.4209595571274796,65.2000000000001,42.40000000000066,45.60000000000031,3.1999999999996476,4.599999999999227,-0.10000000000047748,0.9166514385327585,11,26.159319111987145,0.6923076923077643,0.8461538461538822,Overlap,57.799999999998875,-16.30000000000109,-39.30000000000007,0,0.32455562870310817,1.3195751477780167,-1.1181132931554592,0.0,0.0,,-1.0000000000000278,-9.927437646926728,9.927437646926453,stop,3
13032,13033,13033,2022,1,9.953522273618766,0.4245333742991013,66.10000000000014,3.0000000000001137,0.49999999999954525,-2.5000000000005684,6.399999999999295,-0.0999999999990564,1.245790149369033,0,13.426827666688723,0.04032258064512617,0.2822580645161124,Asia,19.700000000000273,42.09999999999923,-2.7000000000001023,1,0.6198547215496636,-0.020093389506048866,-1.5371442972054568,,,,-1.0000000000000544,-9.953522273619308,9.953522273618766,stop,1
13082,13083,13090,2022,3,10.63901381790631,0.5148825464840462,46.30000000000081,31.30000000000024,31.999999999999318,0.6999999999990791,3.999999999999204,0.0,1.1937196639997232,2,22.37021342043164,0.7007874015748181,0.7401574803149412,Asia,47.19999999999942,57.800000000000296,80.19999999999925,0,0.06607275426874394,1.4381032172596164,-1.532096891590221,2.0,3.0,,-1.0000000000000215,-10.63901381790654,10.63901381790631,stop,8
13128,13129,13129,2022,1,8.488843868297579,0.21875714830346932,28.10000000000059,0.30000000000001137,-2.5000000000005684,-2.80000000000058,3.300000000000125,0.0,0.9777538765905457,0,8.255848616398964,-0.3012048192771827,0.2650602409637564,Asia,45.300000000000296,98.79999999999995,109.40000000000083,0,0.0584269662921273,0.0,-1.18979688597164,,,,-1.0000000000000564,-8.488843868298057,8.488843868297579,stop,1
13214,13215,13216,2022,15,14.659962311314226,0.8600106052571775,73.599999999999,20.699999999999363,27.599999999999625,6.9000000000002615,9.700000000000841,0.10000000000047748,1.8212870833504502,14,26.53074627960308,0.6104868913857323,0.8951310861423044,Overlap,10.099999999999909,-41.200000000000614,10.39999999999992,0,0.16543490619670484,0.3410649968821714,-1.2892256882142668,,,,-1.0000000000000302,-14.659962311314667,14.659962311314226,stop,2
13333,13334,13336,2022,14,12.742222765750219,0.7483483483483484,62.5,51.50000000000006,51.2999999999991,-0.20000000000095497,3.7999999999996703,0.0,1.0516218595720876,13,25.815354132038237,0.2835820895522135,0.7014925373133869,Overlap,49.099999999999966,23.799999999999955,-53.999999999999204,0,0.18996415770609026,0.8946633730688225,-1.5852807136832778,0.0,,,-1.000000000000016,-12.742222765750421,12.742222765750219,stop,3
13383,13384,13384,2022,16,19.651680481121673,0.9401645474943904,32.59999999999934,30.400000000000205,70.79999999999984,40.399999999999636,42.10000000000065,-0.30000000000001137,2.315323620476593,15,68.64247896807711,0.9560439560439334,0.9626373626373402,NYpm,65.10000000000105,94.10000000000025,68.80000000000024,0,0.21859393008067574,0.20354493366830448,-1.267067212084973,,,,-0.9999999999999662,-19.651680481121012,19.651680481121673,stop,1
13409,13410,13411,2022,18,15.123932047492245,0.8727232009555091,128.79999999999967,14.60000000000008,20.09999999999934,5.499999999999261,6.499999999999773,-0.10000000000047748,1.0380898268187422,17,30.242102105350455,0.7643312101910384,0.9363057324840424,NYpm,-4.800000000000182,40.2000000000001,51.00000000000051,1,0.24578313253011963,-0.05950833402146014,-1.124046309294216,,,,-1.0000000000000393,-15.123932047492838,15.123932047492245,stop,2
13474,13475,13506,2022,11,11.801792340324816,0.6526261050442018,59.10000000000082,45.10000000000076,43.80000000000024,-1.300000000000523,0.10000000000047748,-0.20000000000095497,0.788015898926111,10,22.102717143461348,0.8279569892472609,0.849462365591296,London,67.49999999999972,1.3999999999995794,61.70000000000044,0,0.32810047095760375,4.414583691833214,-0.643969981918032,1.0,2.0,3.0,1.795949457059245,21.19542254593231,11.801792340324816,stop,32
13560,13561,13598,2022,1,12.344034856780883,0.70886543146084,64.00000000000006,10.600000000000875,7.900000000000773,-2.7000000000001023,0.19999999999953388,0.0,1.2232629099961445,0,18.909810258875837,0.523178807947084,0.807947019867569,Asia,35.90000000000089,24.399999999999977,88.40000000000003,0,0.35895196506550014,3.953326490583661,-0.8263100451628953,5.0,8.0,10.0,1.3503876655246556,16.669232413403314,12.344034856780883,stop,38
13608,13609,13616,2022,1,11.239975845956225,0.5844795880838544,39.30000000000007,4.099999999999682,6.099999999999284,1.999999999999602,6.499999999999773,-0.19999999999953388,1.174379747866578,0,13.422983192928939,0.4621212121211403,0.6590909090909091,Asia,27.200000000000557,81.5000000000012,70.00000000000028,2,0.12444046553267572,1.9395059472341551,-1.459077868561464,0.0,0.0,,-0.9042773096982093,-10.164055119054149,11.239975845956225,stop,8
13632,13633,13681,2022,1,11.716547511524606,0.641897349291431,40.99999999999966,4.199999999998738,13.49999999999909,9.300000000000352,15.900000000000603,0.0,2.0227801728015637,0,23.385817059320857,0.5696202531645311,0.7215189873417555,Asia,104.3999999999997,150.0,243.50000000000023,3,0.23262032085561946,18.11113724339668,-0.8961684309880884,2.0,2.0,3.0,17.044270063648998,199.70000000000002,11.716547511524606,time,49
13704,13705,13705,2022,1,17.556611310753635,0.9213351836973194,75.40000000000049,-41.89999999999969,1.7000000000010118,43.600000000000705,57.500000000000284,55.59999999999974,1.1049968388898332,0,62.40064963502192,0.08762886597943242,0.2835051546392066,Asia,17.40000000000066,126.20000000000005,257.8000000000003,6,0.27986906710311743,0.11391719988552562,-1.1049968388898332,,,,-0.999999999999994,-17.55661131075353,17.556611310753635,stop,1
13738,13739,13763,2022,11,13.331797179451257,0.7894353369763206,65.9000000000006,53.700000000000614,58.59999999999985,4.899999999999238,10.299999999999443,0.0999999999990564,1.6126858000163389,10,31.692982956552385,0.6790697674418322,0.7488372093023035,London,62.999999999999545,89.79999999999961,293.5999999999993,7,0.29440389294403724,2.3702730828148497,-0.5925682707036591,1.0,1.0,2.0,0.4878976218745554,6.504552139168174,13.331797179451257,stop,25
13769,13770,13788,2022,18,10.69957865018272,0.5095231171852282,93.00000000000068,13.599999999999568,10.599999999999454,-3.0000000000001137,6.60000000000025,14.700000000000557,1.8785786484832752,17,17.81192042060411,0.5124378109452264,0.5223880597014925,NYpm,47.59999999999991,128.0000000000001,236.7999999999995,8,0.2574257425742668,15.430514172366978,-0.2056155734658754,0.0,1.0,5.0,10.22636113460414,109.41775526486882,10.69957865018272,stop,19
13829,13830,13849,2022,6,16.00794842370008,0.8923711638679791,75.30000000000001,22.299999999999898,31.700000000000728,9.40000000000083,14.200000000001012,0.19999999999953388,1.6741683125566638,5,32.509573595002905,0.8097014925373067,0.8208955223880534,Asia,123.09999999999945,275.79999999999956,386.399999999999,0,0.21883360085607434,6.159440135003258,-0.5309862185348111,0.0,1.0,7.0,2.845394039649808,45.54892103181775,16.00794842370008,stop,20
13873,13874,13881,2022,2,23.121101170770004,0.9571428571428572,117.9000000000002,8.899999999999864,70.19999999999982,61.299999999999955,62.000000000000455,26.900000000000546,3.4859931369486548,1,89.56998584350515,0.9205955334987678,0.9913151364764206,Asia,160.30000000000086,248.3000000000004,401.0000000000005,0,0.31941031941031417,9.160463354909748,-0.9558368278730371,0.0,3.0,5.0,4.669854073943375,107.97216849637724,23.121101170770004,stop,8
13970,13971,13973,2022,3,27.23795286685839,0.9590169807265172,117.1999999999997,71.0000000000008,91.10000000000014,20.09999999999934,23.699999999999477,0.0,1.5419661016853954,2,75.77381953437197,0.7619047619047425,0.9142857142857114,Asia,73.40000000000089,-64.90000000000009,47.800000000000864,0,0.12809587217043714,0.2569943502809253,-1.2042020984590767,,,,-0.9999999999999843,-27.23795286685796,27.23795286685839,stop,3
14023,14024,14025,2022,8,16.667005251016068,0.8931477516059957,69.5999999999998,16.199999999999193,10.899999999999466,-5.299999999999727,3.700000000000614,-0.19999999999953388,2.531948563310646,7,24.806649261390135,0.770142180094773,0.7867298578199028,London,85.89999999999947,191.40000000000015,53.09999999999917,0,0.14814814814814753,0.22199549014803546,-1.3199731846642757,,,,-0.9999999999999704,-16.667005251015574,16.667005251016068,stop,2
14040,14041,14042,2022,1,17.0331516884757,0.8999786126755542,134.19999999999987,5.5999999999997385,17.199999999999704,11.599999999999966,17.69999999999925,-0.0999999999990564,1.8434638858552481,0,49.801076872638816,0.5477707006369456,0.8057324840764516,Asia,6.700000000000728,124.69999999999999,170.49999999999983,1,0.6413373860182385,1.238760764061985,-1.1506972026357738,0.0,1.0,,-1.0000000000000044,-17.033151688475776,17.0331516884757,stop,2
14086,14087,14088,2022,23,13.72620537144346,0.7970581965465785,59.7999999999999,32.59999999999934,40.29999999999916,7.699999999999818,17.900000000000205,0.0,2.076320383439125,22,23.487191124262097,0.6421052631578769,0.6421052631578769,Late,37.09999999999951,129.6999999999997,235.2000000000004,2,0.1714836223506762,0.3059840565068337,-3.037984561032031,,,,-1.000000000000016,-13.726205371443678,13.72620537144346,stop,2
14100,14101,14103,2022,13,13.635161400789567,0.7905870660893022,76.00000000000051,13.299999999999557,29.999999999999716,16.70000000000016,17.300000000000182,0.10000000000047748,1.804159061775023,12,36.148248685735496,0.9105691056910903,0.9756097560975596,Overlap,18.39999999999975,62.19999999999999,180.19999999999925,3,0.2555831265508776,1.9875085599229363,-1.004755249850341,0.0,0.0,,-0.999999999999977,-13.635161400789253,13.635161400789567,stop,3
14113,14114,14136,2022,2,14.757020744570301,0.8438297872340426,101.30000000000052,28.10000000000059,35.5000000000004,7.399999999999807,27.899999999999636,11.599999999999966,2.9613023357765993,1,43.44205389969744,0.3684210526315841,0.5308924485125871,Asia,120.3000000000003,175.79999999999956,268.39999999999975,4,0.5005347593582913,6.850976342036946,-0.11519940436656828,0.0,0.0,3.0,3.7766013370324667,55.73138427456005,14.757020744570301,stop,23
14166,14167,14171,2022,7,20.11038703423747,0.9346428319084293,99.59999999999951,32.89999999999935,70.3000000000003,37.400000000000944,46.60000000000082,0.10000000000047748,3.2570233426382034,6,61.26737091532135,0.8152671755725268,0.8595419847328266,London,-6.6999999999993065,108.20000000000078,163.70000000000005,0,0.1672433679354104,0.8602519668342201,-2.6056186741105627,0.0,,,-1.000000000000021,-20.110387034237895,20.11038703423747,stop,5
14208,14209,14227,2022,1,18.29922123609271,0.91595632264882,112.69999999999953,3.499999999999659,13.100000000000023,9.600000000000364,15.099999999999625,0.19999999999953388,1.6558081685048498,0,46.61225641358868,0.43234323432343696,0.8184818481848413,Asia,18.09999999999974,92.40000000000066,207.30000000000075,0,0.33222314737718434,2.0110145412864093,-0.4207829339104673,0.0,0.0,5.0,0.016795953097068984,0.30735286159430186,18.29922123609271,stop,19
14232,14233,14233,2022,1,12.022295926401313,0.6499050566143892,62.5,7.099999999999795,-4.699999999999704,-11.7999999999995,10.900000000000887,25.799999999999557,1.9463836311510019,0,20.38059319421137,-0.2008547008546806,0.029914529914550157,Asia,78.9999999999992,178.09999999999917,165.99999999999966,1,0.22502172024326775,0.5822515135921013,-2.7532178714143725,0.0,,,-0.9999999999999901,-12.022295926401194,12.022295926401313,stop,1
14256,14257,14282,2022,1,14.322727517283855,0.8201221652741698,98.29999999999899,7.899999999999352,16.70000000000016,8.800000000000807,13.500000000000512,0.10000000000047748,2.5902887529787417,0,44.14725419105707,0.4501347708894981,0.873315363881408,Asia,218.6000000000007,315.69999999999965,390.00000000000057,2,0.5249472944483321,14.571246974303811,-0.41891462312326805,0.0,0.0,1.0,9.108602968684863,130.46003838359613,14.322727517283855,stop,26
14343,14344,14345,2022,16,30.837718499727906,0.9692951849267272,90.40000000000106,26.600000000001955,34.80000000000132,8.199999999999363,40.19999999999868,0.2999999999985903,2.415872626914919,15,41.75337974399724,0.5530201342281927,0.57046979865773,NYpm,1.300000000000523,-87.89999999999907,209.70000000000084,0,0.05726600985221809,0.4539894869370769,-1.1771298839867237,,,,-1.000000000000059,-30.837718499729725,30.837718499727906,stop,2
14413,14414,14453,2022,14,24.942949678892635,0.9465277777777777,125.99999999999909,93.8999999999993,86.7999999999995,-7.099999999999795,3.499999999999659,-0.19999999999953388,0.8098480837289896,13,32.2377429508407,0.30693069306922754,0.47524752475249754,Overlap,117.49999999999972,-1.0000000000019327,45.999999999999375,0,0.3886217948717974,12.488498914929865,-0.9060676580334286,0.0,1.0,10.0,9.080603596522364,226.4970385620288,24.942949678892635,stop,40
14538,14539,14587,2022,19,24.801744292811392,0.9422375215146299,59.00000000000034,16.500000000002046,-134.79999999999848,-151.30000000000052,9.099999999997976,0.0,7.096275081386572,18,-113.73539622404394,-0.6920454545454521,0.08863636363636745,NYpm,-89.19999999999959,-59.30000000000177,79.20000000000016,0,0.6932153392330491,8.136524496726238,-0.5120607587136167,0.0,0.0,0.0,7.0680512600401855,175.30000000000004,24.801744292811392,time,49
14592,14593,14604,2022,1,19.81175749604671,0.9132999519857329,66.4999999999992,6.999999999999318,10.900000000000887,3.900000000001569,14.900000000000091,23.499999999998522,1.2063543582525003,0,35.125748133384604,0.45606694560677763,0.5397489539749109,Asia,-12.300000000001887,114.79999999999961,27.79999999999916,3,0.13807531380753618,2.473278809806677,-1.8625303690176453,2.0,2.0,5.0,-0.37162832325851425,-7.362610219060139,19.81175749604671,stop,12
14664,14665,14665,2022,1,22.036157533316487,0.9249198006961982,110.69999999999993,4.4999999999987494,7.499999999998863,3.0000000000001137,18.700000000001182,22.500000000002274,1.4113168302132795,0,19.177582987072128,0.24115755627005445,0.49517684887457514,Asia,-23.399999999998045,-143.09999999999832,-137.19999999999857,0,0.24859392575928138,0.2405138006473903,-2.250846134359305,,,,-1.0000000000000298,-22.036157533317144,22.036157533316487,stop,1
14701,14702,14702,2022,14,21.338032682235955,0.9191857298474946,94.10000000000025,69.10000000000025,64.30000000000007,-4.800000000000182,14.099999999999113,0.0,1.3543891524759992,13,26.912244647354555,0.04844290657443122,0.3460207612456703,Overlap,47.399999999998954,-94.40000000000168,-108.00000000000125,1,0.2563840653728382,0.2811880593376007,-2.479141389826402,,,,-1.0000000000000013,-21.338032682235983,21.338032682235955,stop,1
14785,14786,14786,2022,2,20.637093439769586,0.9097617113457893,80.39999999999878,13.799999999999102,14.300000000000068,0.5000000000009663,12.900000000000489,-0.0999999999990564,2.073935466005119,1,16.32955589102778,0.3574766355140345,0.710280373831785,Asia,-108.29999999999984,-111.50000000000091,-221.40000000000128,0,0.308977035490603,0.05814772334594049,-1.0757328818998302,,,,-1.0000000000000022,-20.637093439769636,20.637093439769586,stop,1
14832,14833,14833,2022,1,19.433867498846833,0.8957419528983063,84.30000000000035,34.39999999999941,30.099999999998772,-4.300000000000637,1.8000000000000682,0.0,1.9913689337593983,0,23.132688436321303,0.7777777777777451,0.8423772609818941,Asia,-4.7000000000011255,-71.39999999999986,-74.60000000000093,0,0.2635585156993295,0.6226243953097601,-1.0702964811936724,0.0,,,-1.0000000000000187,-19.4338674988472,19.433867498846833,stop,1
14880,14881,14881,2022,1,15.25132477902808,0.8198022465863994,57.89999999999935,-1.300000000000523,-21.50000000000034,-20.199999999999818,6.300000000000239,18.09999999999974,2.31455303138912,0,-1.0778028436263298,-0.6090651558073847,0.24929178470253613,Asia,69.1999999999993,62.89999999999907,-3.7999999999996703,0,0.02954545454544996,0.44586290689648056,-1.3441455281438333,,,,-1.0000000000000024,-15.251324779028119,15.25132477902808,stop,1
14904,14905,14906,2022,1,17.27913691831793,0.8640118192196629,101.59999999999911,9.499999999999886,41.30000000000109,31.800000000001205,39.50000000000102,0.0,3.020984221999096,0,64.74380388932843,0.791187739463614,0.8524904214559438,Asia,95.79999999999984,163.40000000000003,200.3,1,0.5526443474041757,0.7986510012181736,-1.1111666103905022,0.0,,,-1.0000000000001261,-17.279136918320113,17.27913691831793,stop,2
14928,14929,14961,2022,1,19.099349746204005,0.8896413007039893,125.40000000000049,15.100000000001046,17.69999999999925,2.5999999999982037,6.60000000000025,0.0,1.1518716758601892,0,44.57504076416399,0.8045454545454246,0.8181818181817242,Asia,138.70000000000005,303.6999999999992,297.39999999999895,2,0.2862807295796949,6.885051153437212,-0.29320369930977974,0.0,0.0,5.0,4.145218875232659,79.17098507263492,19.099349746204005,stop,33
14976,14977,14977,2022,1,20.10567537741448,0.9000200494553231,70.79999999999984,-50.200000000000955,10.80000000000041,61.000000000001364,62.20000000000141,78.39999999999918,0.8952696023442619,0,88.92192247518551,0.6,0.9333333333333333,Asia,223.69999999999948,343.6000000000007,508.59999999999985,0,0.32644628099173395,-0.044763480117142415,-1.5319057640111984,,,,-1.0000000000000422,-20.10567537741533,20.10567537741448,stop,1
15000,15001,15038,2022,1,20.471988349801425,0.9040501768199106,187.19999999999857,12.79999999999859,4.599999999999227,-8.199999999999363,3.6000000000001364,0.0,1.2065266733232658,0,77.70184799225888,0.18623481781374468,0.5222672064777253,Asia,64.79999999999961,269.7000000000003,504.20000000000016,1,0.4641307974641213,10.951549804011908,-0.04396251036394044,0.0,0.0,0.0,6.809511443501247,139.40423893919703,20.471988349801425,stop,38
15048,15049,15051,2022,1,25.772259067397695,0.9395410708347189,181.29999999999882,7.599999999999341,-18.10000000000116,-25.7000000000005,2.5000000000005684,-0.1999999999981128,1.129121041500457,0,31.468526765863203,-0.621993127147813,0.030927835051499066,Asia,-6.60000000000025,221.69999999999845,426.5999999999991,3,0.40226817878585863,0.7061856685673673,-1.7771045945263955,1.0,,,-1.0000000000000595,-25.772259067399226,25.772259067397695,stop,3
15096,15097,15097,2022,1,24.38487029620461,0.9284625074587284,111.7999999999995,-30.60000000000116,17.300000000000182,47.90000000000134,51.30000000000052,40.20000000000152,1.340995445240872,0,66.9194631280078,0.5290519877675927,0.8960244648318287,Asia,-14.799999999999613,-21.999999999999886,206.29999999999882,0,0.331254331254341,0.11892620156568999,-1.1851611121547312,,,,-1.0000000000000917,-24.38487029620685,24.38487029620461,stop,1
15138,15139,15144,2022,19,31.135653799567493,0.9667438016528925,160.59999999999945,96.09999999999843,100.39999999999907,4.300000000000637,4.300000000000637,-0.09999999999763531,1.3328771018315884,18,62.53669313994408,0.7445783132530203,1.0,NYpm,103.80000000000109,88.40000000000146,245.3000000000003,1,0.32892446919596113,1.0695134335179837,-1.2429480443585479,0.0,2.0,,-1.0000000000000095,-31.135653799567784,31.135653799567493,stop,6
15201,15202,15250,2022,10,57.19276865571899,0.9982881222017382,318.3000000000021,226.1000000000024,236.20000000000232,10.099999999999909,23.699999999999477,-0.10000000000047748,0.8724879241356638,9,113.56851005273825,0.517034068136297,0.7274549098196453,London,246.2999999999994,-39.6000000000015,49.39999999999998,0,0.3201953848745169,1.8533811614906597,-0.9092058528066806,4.0,5.0,,1.7816937769423695,101.89999999999915,57.19276865571899,time,49
15347,15348,15349,2022,12,22.587080207386027,0.902373809834355,104.9999999999983,34.29999999999893,38.10000000000002,3.8000000000010914,7.699999999999818,-10.699999999999932,1.133391291169576,11,36.84418091495445,0.8085937499999745,0.8476562500000498,Overlap,27.50000000000057,-55.19999999999925,34.00000000000034,0,0.06615330766538081,0.46929483150000384,-1.9258797330420614,,,,-1.0000000000001084,-22.587080207388475,22.587080207386027,stop,2
15360,15361,15361,2022,1,18.68532033774224,0.8616667752655242,103.20000000000107,11.50000000000091,0.7000000000005002,-10.80000000000041,3.999999999999204,-0.20000000000095497,1.2897825439643176,0,14.338428710311746,0.029045643153546054,0.385892116182624,Asia,60.599999999999454,122.49999999999943,-27.09999999999866,1,0.3258426966292232,0.22477538110581027,-1.8410174071522494,,,,-1.0000000000000087,-18.685320337742404,18.68532033774224,stop,1
15393,15394,15413,2022,10,23.58957088245406,0.9115734720416124,127.40000000000009,33.899999999999864,47.79999999999802,13.899999999998158,15.000000000000568,0.0,1.746534526011459,9,44.316801990677845,0.825242718446529,0.9733009708737284,London,57.800000000000296,145.90000000000032,63.2000000000005,2,0.27396593673966785,2.009362537207404,-1.0597903677253842,3.0,3.0,4.0,-0.4162589693151959,-9.819370462118082,23.58957088245406,stop,20
15480,15481,15488,2022,1,18.506893803865943,0.8535591905346868,119.3000000000012,11.100000000001842,18.500000000000227,7.399999999998386,17.499999999998295,-0.10000000000047748,1.9560278663531092,0,42.56961362177094,0.5110497237569197,0.72099447513812,Asia,-32.49999999999886,-25.899999999998613,-50.499999999999545,0,0.571717171717169,1.6426311363851198,-2.7179061236895046,0.0,0.0,,-1.000000000000046,-18.506893803866795,18.506893803865943,stop,8
15535,15536,15538,2022,8,25.38000016309585,0.9217884293261178,117.89999999999736,17.799999999999727,17.900000000000205,0.10000000000047748,4.600000000002069,-0.10000000000047748,1.7100078692318583,7,35.40089241437272,0.6566820276497655,0.8963133640552623,London,-3.299999999998704,5.500000000000682,12.100000000000932,0,0.2607407407407424,0.3191489341193799,-1.1938534202239695,,,,-1.0000000000000757,-25.38000016309777,25.38000016309585,stop,3
15564,15565,15566,2022,13,27.98929717143136,0.9408398173750884,67.09999999999923,30.099999999998772,50.60000000000002,20.50000000000125,34.600000000000364,0.0,2.7510515726202236,12,54.68165919818375,0.7701298701298829,0.8168831168831309,Overlap,10.200000000000387,48.19999999999993,80.60000000000116,1,0.18484090096531683,0.29654192276294955,-2.029347134088599,,,,-1.000000000000015,-27.98929717143178,27.98929717143136,stop,2
15577,15578,15578,2022,2,24.83165129601688,0.9163454124903624,123.79999999999995,27.09999999999866,81.00000000000023,53.90000000000157,71.10000000000127,27.40000000000009,3.386806579934975,1,94.70951203047946,0.7705112960761216,0.7954815695600531,Asia,139.30000000000007,146.20000000000175,155.00000000000114,2,0.290958904109585,0.29397964368058555,-1.3047863637323027,,,,-1.0000000000000726,-24.831651296018684,24.83165129601688,stop,1
15636,15637,15638,2022,13,21.72527302764551,0.8861294245663445,106.20000000000118,79.80000000000018,84.99999999999943,5.19999999999925,18.899999999999295,0.20000000000095497,3.3923624299780206,12,51.81955343406344,0.734056987788332,0.814111261872454,Overlap,89.79999999999961,160.99999999999852,167.9000000000002,0,0.3849372384937327,1.2704098109551911,-2.278452378343353,1.0,1.0,,-1.0000000000000044,-21.725273027645606,21.72527302764551,stop,2
15648,15649,15678,2022,1,22.95284801447944,0.8994563479373201,117.69999999999925,23.799999999999955,28.49999999999966,4.699999999999704,10.099999999999909,-0.10000000000047748,1.6555679703027637,0,57.48193879213375,0.75,0.8578947368420982,Asia,134.4999999999999,156.19999999999834,305.6999999999988,1,0.305100463678516,6.378293443482421,-0.6883677350205746,1.0,3.0,4.0,3.4088306940914523,78.24237282857356,22.95284801447944,stop,30
15767,15768,15769,2022,0,15.77915607445624,0.7888790148533705,101.09999999999957,20.699999999999363,23.199999999999932,2.5000000000005684,8.00000000000125,-0.20000000000095497,1.6667558059442564,23,21.381729274074246,0.589353612167293,0.7908745247148071,Asia,22.999999999998977,-3.700000000000614,78.60000000000014,0,0.1592797783933272,0.811196742056595,-1.400581874956776,0.0,,,-1.0000000000000482,-15.779156074457001,15.77915607445624,stop,2
15850,15851,15852,2022,11,18.267540883473842,0.8343751973227252,90.10000000000105,37.90000000000191,23.900000000000432,-14.000000000001478,5.49999999999784,0.10000000000047748,1.4889798344234855,10,7.898225001500236,0.23161764705878743,0.28308823529411997,London,55.30000000000257,-11.699999999999022,-122.49999999999943,0,0.14175257731958757,0.5638416284766057,-1.379496023068758,0.0,,,-1.0000000000000844,-18.267540883475384,18.267540883473842,stop,2
15864,15865,15867,2022,1,18.101784868466638,0.8301053561289509,71.19999999999891,2.899999999999636,10.999999999998522,8.099999999998886,13.100000000000023,-0.20000000000095497,1.773305794608027,0,32.501974510265086,0.3426791277258128,0.8442367601245742,Asia,-84.80000000000132,11.400000000000432,-230.29999999999973,1,0.37094017094017967,0.37565356396687843,-1.0551445693772254,,,,-1.0000000000000466,-18.101784868467483,18.101784868466638,stop,3
15983,15984,15987,2022,0,37.444650196000644,0.9767689417658109,203.69999999999777,200.7000000000005,193.80000000000166,-6.89999999999884,19.200000000000728,0.1999999999981128,1.6477654264904582,23,107.8297027099211,0.5607779578606307,0.5769854132901138,Asia,193.99999999999977,-106.1000000000007,-362.10000000000093,0,0.3930307941653128,1.471505267416991,-2.1364867766488804,0.0,0.0,,-1.0000000000000047,-37.444650196000815,37.444650196000644,stop,4
16044,16045,16067,2022,13,39.46986008989377,0.9787287131183332,190.39999999999964,180.50000000000068,205.70000000000164,25.200000000000955,43.50000000000023,0.0,4.507236650822352,12,133.90813520244365,0.8611579539066969,0.8971332209106279,Overlap,233.60000000000127,161.29999999999995,174.39999999999998,0,0.25016300804173236,2.275153745046988,-0.21535419635739658,0.0,1.0,2.0,0.1121688476448445,4.4272887229866225,39.46986008989377,stop,23
16104,16105,16105,2022,1,16.638919106451098,0.7887017587471257,53.5000000000025,-0.699999999997658,0.7000000000005002,1.3999999999981583,10.099999999999909,1.3999999999981583,1.1839711386277707,0,16.66850166259337,0.03553299492388277,0.5583756345176838,Asia,-238.2000000000005,-214.30000000000007,-111.59999999999854,0,0.21257861635219694,0.10818010403705779,-1.0517510114712527,,,,-1.000000000000166,-16.638919106453862,16.638919106451098,stop,1
16152,16153,16176,2022,1,28.74397516677395,0.934692360121445,157.69999999999982,30.099999999998772,26.300000000000523,-3.7999999999982492,13.400000000001455,0.20000000000095497,1.8925705190172777,0,35.74159068340634,0.4834558823529409,0.6838235294117766,Asia,38.30000000000098,-180.4000000000002,-156.49999999999977,0,0.12230919765166615,2.136099813743737,-1.2767893023516694,1.0,9.0,10.0,0.12176464736318135,3.499999999998272,28.74397516677395,stop,24
16207,16208,16224,2022,8,20.865029664926578,0.8577250833642089,98.60000000000184,40.60000000000059,53.39999999999918,12.79999999999859,25.799999999998136,0.0,1.945839553166217,7,34.661825108224775,0.6157635467980206,0.6798029556650405,London,114.79999999999961,127.50000000000057,-91.20000000000061,0,0.05713204691638746,4.835842633361361,-0.1869156221021098,0.0,0.0,1.0,2.321502823873653,48.43822528733458,20.865029664926578,stop,17
16231,16232,16242,2022,8,21.204241731776236,0.8606486619805155,173.39999999999804,40.29999999999916,51.400000000001,11.100000000001842,17.10000000000207,-0.10000000000047748,2.145797080393396,7,59.25718981258683,0.8241758241758015,0.8681318681318667,London,67.30000000000018,156.49999999999977,214.30000000000007,1,0.4463366336633741,3.2776460898316824,-0.7451339312134493,2.0,3.0,4.0,0.12476480712473746,2.645543129891371,21.204241731776236,stop,11
16264,16265,16303,2022,17,25.978870518047852,0.9123130884253277,159.40000000000225,54.30000000000064,68.39999999999975,14.099999999999113,19.69999999999743,0.10000000000047748,1.6205477436269533,16,50.86243608251095,0.8123515439430385,0.8669833729216527,NYpm,84.99999999999943,267.0999999999992,279.8000000000002,2,0.08271735304470548,6.87096846169634,-0.046191384616447825,0.0,7.0,7.0,4.568744901778246,118.69083223328832,25.978870518047852,stop,39
16320,16321,16333,2022,1,22.05363636599503,0.8680934567976942,94.99999999999886,6.999999999999318,-33.40000000000032,-40.399999999999636,5.800000000002115,0.20000000000095497,2.298940599119332,0,-5.253148499679128,-0.6587771203155817,0.0887573964496786,Asia,-83.59999999999843,93.6000000000007,245.90000000000032,5,0.008358408559012227,1.759347046268844,-2.7750525575167755,5.0,9.0,,-1.0000000000001068,-22.053636365997384,22.05363636599503,stop,13
16406,16407,16407,2022,15,27.914731816196618,0.927347038370036,87.89999999999907,63.39999999999861,73.599999999999,10.200000000000387,14.400000000000546,0.20000000000095497,4.108941499249804,14,47.08660764189858,0.5239755884917207,0.9633827375762843,Overlap,119.20000000000073,101.30000000000052,87.40000000000236,0,0.22619954303122108,0.5194389863916897,-1.450846824059347,0.0,,,-1.0000000000000304,-27.914731816197467,27.914731816196618,stop,1
16416,16417,16428,2022,1,25.096322196654103,0.9017862586112296,156.19999999999834,-40.500000000000114,21.700000000001296,62.20000000000141,63.900000000001,40.799999999998704,1.2392254034795196,0,100.63542014140126,0.697749196141505,0.9453376205787926,Asia,88.89999999999816,154.6999999999997,106.60000000000025,1,0.5240161140377969,2.4465736261621003,-0.5458967211469161,0.0,1.0,3.0,-0.4759742299094655,-11.945202631112261,25.096322196654103,stop,12
16454,16455,16455,2022,15,25.9119776262071,0.9099203211483486,91.59999999999968,35.599999999999454,24.399999999999977,-11.199999999999477,7.699999999999818,0.20000000000095497,2.666720425465065,14,40.633682619167644,0.7264833574529779,0.7264833574529779,Overlap,11.700000000001864,219.80000000000075,201.90000000000055,2,0.07784431137724772,0.21225705267814218,-1.0998774547865873,,,,-1.000000000000097,-25.911977626209612,25.9119776262071,stop,1
16485,16486,16524,2022,22,20.922184940335704,0.8475594949004371,102.5999999999982,31.799999999998363,31.099999999997863,-0.7000000000005002,1.500000000001478,0.0,1.1471077264846996,21,32.54175914127302,0.5583333333332544,0.9083333333332544,Late,57.099999999999795,157.69999999999982,223.50000000000136,3,0.1289910600255422,8.225718322000406,-0.29633616267525936,1.0,1.0,2.0,4.082147827870134,85.40745180848862,20.922184940335704,stop,39
16564,16565,16601,2022,5,15.46599485853928,0.7445471572714639,54.39999999999827,22.799999999998022,49.099999999998545,26.300000000000523,30.299999999999727,0.20000000000095497,2.541058648955987,4,41.4564919433019,0.844783715012705,0.8982188295165598,Asia,272.8999999999985,307.3999999999984,439.9999999999977,0,0.33764705882351653,26.238208644945118,-0.5237296452045962,0.0,0.0,2.0,19.436437694996492,300.60384545913485,15.46599485853928,stop,37
16692,16693,16693,2022,13,44.00031752024357,0.9861502488158762,133.5000000000008,91.39999999999873,182.8000000000003,91.40000000000157,95.3000000000003,-0.10000000000047748,6.4522261656267315,12,181.74608063697804,0.8355054596689029,0.9862627685804906,Overlap,187.29999999999905,57.90000000000077,129.5000000000016,0,0.38345558272208174,0.6045410919537352,-1.4340805602361644,0.0,,,-1.0000000000000293,-44.000317520244856,44.00031752024357,stop,1
16808,16809,16811,2022,9,19.044680351927973,0.8052396546591247,96.39999999999986,46.50000000000034,47.800000000000864,1.300000000000523,10.599999999999454,0.0,1.527985739968262,8,34.259736615626935,0.6597938144330219,0.6804123711340538,London,40.20000000000152,24.300000000002342,-87.29999999999905,0,0.09371980676329604,0.76661827503571,-1.0344095902876689,0.0,,,-1.0000000000000702,-19.04468035192931,19.044680351927973,stop,3
16828,16829,16830,2022,5,17.37423108489206,0.7721082366934285,98.99999999999807,33.899999999999864,43.600000000000705,9.700000000000841,13.300000000000978,0.09999999999763531,1.513736053785422,4,34.28632305630117,0.7072243346007732,0.863117870722431,Asia,65.99999999999966,136.70000000000186,132.30000000000075,1,0.4671009771986794,0.27051556854734593,-3.5224580415081825,,,,-1.0000000000000902,-17.37423108489363,17.37423108489206,stop,2
16850,16851,16856,2022,3,41.493769704316136,0.9818851339312229,135.99999999999852,45.999999999997954,31.89999999999884,-14.099999999999113,68.10000000000116,0.0,4.5428506819998935,2,43.97295986616143,0.07267904509283879,0.5639257294429673,Asia,-197.20000000000084,-90.99999999999966,-106.89999999999884,2,0.20493066255778436,3.2125304822843552,-9.37008140669261,0.0,2.0,3.0,0.04796213206313907,1.9901296623558893,41.493769704316136,stop,6
16896,16897,16945,2022,1,34.319841731151335,0.9620328140733282,169.80000000000075,-6.100000000000705,27.600000000001046,33.70000000000175,62.60000000000048,22.20000000000084,1.9405683896131836,0,67.0974275214121,0.4144144144144321,0.5660660660660831,Asia,116.90000000000111,22.49999999999943,128.7000000000006,0,0.43238388503976943,3.2051429858475995,-0.8828712042834717,0.0,2.0,14.0,2.6078208839396404,89.49999999999963,34.319841731151335,time,49
17016,17017,17021,2022,1,15.277324103375364,0.7194612715403164,60.80000000000041,0.2999999999985903,-2.600000000001046,-2.899999999999636,5.100000000001614,10.699999999999932,2.362979259700717,0,12.691071088934791,-0.07202216066484524,0.7783933518005307,Asia,-17.600000000001614,11.199999999999477,5.699999999998795,0,0.07142857142857013,3.469193926984449,-0.9294821464750002,3.0,3.0,3.0,-0.022985016785631786,-0.35114955095561984,15.277324103375364,stop,5
17101,17102,17124,2022,14,15.59815047282711,0.7249531835205992,132.20000000000027,40.99999999999966,34.30000000000177,-6.699999999997885,2.400000000000091,-0.30000000000143245,1.1026948374400611,13,15.520244956869078,0.2325581395350067,0.4709302325582481,Overlap,60.599999999999454,52.00000000000102,62.299999999999045,0,0.11506675143039462,3.5965802546739774,-1.5194109097282669,0.0,1.0,5.0,-0.3569852541978824,-5.568309711559005,15.59815047282711,stop,23
17136,17137,17137,2022,1,15.350829383114739,0.7180984640541961,88.89999999999816,-2.200000000001978,3.099999999997749,5.299999999999727,22.700000000000387,24.300000000002342,1.4331473206391672,0,31.79310267957476,0.14090909090898932,0.20909090909087502,Asia,45.000000000001705,123.19999999999993,114.6000000000015,2,0.35626216742372424,0.08468597803780346,-1.087889102485202,,,,-1.0000000000001192,-15.35082938311657,15.350829383114739,stop,1
17164,17165,17166,2022,5,12.19608700229383,0.5544866188560433,56.89999999999884,13.299999999998136,11.099999999999,-2.199999999999136,3.2000000000010687,0.0,1.0741150007814952,4,13.966338185835525,0.38931297709914225,0.5877862595419698,Asia,21.999999999999886,84.60000000000036,203.60000000000014,3,0.3394123606889272,0.5903532828725266,-1.000320840422342,0.0,,,-1.000000000000175,-12.196087002295963,12.19608700229383,stop,2
17184,17185,17221,2022,1,16.46309253024151,0.7427639624949042,52.29999999999961,6.000000000000227,23.699999999999477,17.69999999999925,28.20000000000107,-0.10000000000047748,2.526864252483932,0,35.658841251850504,0.5697115384614914,0.7475961538461254,Asia,88.49999999999909,155.50000000000068,233.6999999999989,4,0.28535980148882956,9.336034509777846,-0.8382386222180358,0.0,0.0,9.0,5.03493427809503,82.89058890396322,16.46309253024151,stop,37
17240,17241,17289,2022,9,21.035767323542505,0.8316015556974516,122.8999999999985,36.40000000000043,37.60000000000048,1.2000000000000455,6.999999999999318,0.1999999999981128,1.2740205568829635,8,39.62786996853538,0.7499999999999735,0.7835820895522665,London,141.89999999999827,283.6999999999989,350.7000000000005,6,0.31249999999999034,7.577570028624878,-0.9222387613256698,2.0,4.0,5.0,5.212349229203382,109.64576559456847,21.035767323542505,stop,49
17309,17310,17335,2022,6,14.332062571899423,0.6810823311748381,117.40000000000066,9.799999999998477,8.399999999997476,-1.4000000000010004,2.7999999999991587,0.0,0.5093474831955357,5,13.468215942253892,0.04109589041077757,0.4246575342463887,Asia,61.39999999999759,109.99999999999943,305.19999999999925,9,0.2509270704573196,5.4353656083486115,-0.5512116598965523,0.0,0.0,4.0,2.4883790968612867,35.663604918822536,14.332062571899423,stop,26
17355,17356,17365,2022,4,13.774244018720013,0.6563833467881444,73.40000000000089,11.299999999999955,18.39999999999975,7.099999999999795,9.399999999999409,0.0,1.132548543411633,3,28.964469035656748,0.6474358974359851,0.8525641025641061,Asia,-260.30000000000086,-164.20000000000243,-115.60000000000059,11,0.24522119060621117,11.419864479402335,-0.5590143451455529,2.0,4.0,4.0,6.157311028328363,84.81230460335073,13.774244018720013,stop,10
17479,17480,17521,2022,8,38.145210746094506,0.9710294286041452,183.10000000000173,65.50000000000011,79.09999999999968,13.599999999999568,20.199999999999818,0.40000000000190994,1.578179772048158,7,69.29432294488151,0.7807308970099599,0.8903654485049799,London,118.70000000000118,-51.400000000001,-10.499999999998977,0,0.3111671634946058,4.632298433902186,-0.09961932115913953,0.0,0.0,1.0,2.9743041210338177,113.45545751981237,38.145210746094506,stop,42
17575,17576,17598,2022,8,33.967991404707405,0.9561553353832137,233.0999999999989,10.999999999998522,0.899999999998613,-10.099999999999909,4.200000000000159,-0.10000000000047748,1.4042631909459902,7,42.43160271710167,0.700209643605871,0.700209643605871,London,49.89999999999952,-34.499999999999886,211.10000000000184,0,0.1448598130841112,1.5985637582467827,-0.8772965008424829,0.0,1.0,,-0.5857850929821738,-19.89794300342421,33.967991404707405,stop,23
17820,17821,17821,2022,13,36.655235086297246,0.9614758241141125,142.60000000000161,96.20000000000175,97.90000000000134,1.6999999999995907,6.999999999999318,0.1999999999981128,1.9124144159753238,12,67.31930715684484,0.5991440798859057,0.9243937232524996,Overlap,109.59999999999752,32.69999999999982,-131.40000000000214,0,0.23761118170267223,0.7666026403553243,-1.3858866238451326,0.0,,,-1.000000000000044,-36.65523508629885,36.655235086297246,stop,1
17860,17861,17888,2022,5,22.049478394298703,0.8243402252479408,86.69999999999902,23.699999999999477,17.00000000000159,-6.699999999997885,7.30000000000075,-8.00000000000125,1.2562655453636955,4,19.66401883944968,0.3068592057762166,0.49458483754515153,Asia,174.79999999999905,276.49999999999864,199.60000000000093,0,0.25355341586429947,8.195205200261107,-0.15873391367410525,1.0,1.0,2.0,4.903565298486986,108.12105710402167,22.049478394298703,stop,28
17961,17962,17968,2022,10,31.246878731022903,0.9326944506351683,144.20000000000073,88.900000000001,78.79999999999825,-10.100000000002751,3.3999999999991815,0.0,2.3170314265059937,9,63.03375670582909,0.7748618784529899,0.8135359116021879,London,46.999999999999886,-208.6999999999989,-126.90000000000055,0,0.23273657289002003,0.6336632906742994,-1.1041102792051731,1.0,,,-1.0000000000000258,-31.246878731023706,31.246878731022903,stop,7
18037,18038,18038,2022,14,32.50762077854716,0.9409121171770972,148.599999999999,60.09999999999991,63.59999999999957,3.499999999999659,7.900000000000773,0.0,2.353294340460817,13,67.03120042921569,0.7228758169934465,0.9424836601307055,Overlap,-139.40000000000055,-171.7000000000013,-189.10000000000196,0,0.2643142476697762,0.18457210513418515,-1.0643658062737718,,,,-0.9999999999999991,-32.50762077854713,32.50762077854716,stop,1
18111,18112,18131,2022,16,39.48082095818891,0.9674549673997127,236.29999999999995,150.1999999999981,184.09999999999798,33.899999999999864,41.70000000000016,20.800000000002683,1.3930814675369732,15,117.01301570801093,0.8472727272727167,0.8581818181818084,NYpm,231.00000000000023,-77.40000000000009,-213.900000000001,0,0.17273652085452612,2.7810971842830225,-0.316609424440159,0.0,3.0,10.0,0.18367544606482314,7.251657400500767,39.48082095818891,stop,20
18148,18149,18157,2022,5,29.764688081371176,0.9098428453267163,146.59999999999798,54.299999999997794,52.29999999999961,-1.999999999998181,6.700000000000728,-0.2999999999985903,1.2128465751533577,4,51.109745381114635,0.753462603878192,0.759002770083126,Asia,-50.60000000000002,210.9000000000009,-97.49999999999943,2,0.13066538090645965,1.4782617536496507,-2.96660256471031,1.0,1.0,,-1.0000000000000595,-29.764688081372945,29.764688081371176,stop,9
18217,18218,18253,2022,2,28.16746444481598,0.8896945726214018,130.6999999999988,19.39999999999884,13.900000000001,-5.49999999999784,18.300000000002115,17.199999999999704,1.1964158174771031,1,36.98974896116454,0.16320474777449248,0.29376854599410335,Asia,96.69999999999845,112.99999999999955,92.9000000000002,0,0.2204678362573145,3.919415615711185,-6.823475374453517,3.0,11.0,13.0,1.2480391712544179,35.15409898204641,28.16746444481598,stop,36
18296,18297,18314,2022,9,32.67021912903724,0.9351856916261008,147.80000000000086,62.39999999999952,108.69999999999891,46.299999999999386,49.10000000000139,0.0,2.28648604115447,8,88.88166072356967,0.787148594377487,0.9625167336010448,London,238.40000000000146,23.70000000000232,110.90000000000089,0,0.28475503606067987,5.2310637809008345,-0.8754150037083926,0.0,1.0,6.0,2.404523335390179,78.55630426808065,32.67021912903724,stop,18
18360,18361,18362,2022,1,25.314994394313487,0.8492941625333842,140.99999999999966,18.799999999998818,35.09999999999991,16.30000000000109,19.400000000001683,-0.10000000000047748,1.5089871008852118,0,56.50811609945947,0.9188481675392526,0.9188481675392526,Asia,-508.4000000000003,-585.9000000000009,-368.5000000000002,0,0.36053628679685545,0.5490816937776356,-1.2127199999260099,0.0,,,-1.00000000000003,-25.314994394314247,25.314994394313487,stop,2
18422,18423,18456,2022,15,28.849549409081572,0.891629094464664,103.49999999999966,13.2000000000005,-6.60000000000025,-19.80000000000075,19.499999999999318,0.10000000000047748,1.663804148874818,14,23.355918808141496,-0.08750000000000518,0.18124999999998112,Overlap,-2.000000000001023,-459.9000000000018,-537.4000000000024,0,0.03426351112681273,2.773006914791462,-0.6481903663324375,2.0,9.0,22.0,1.095609992369823,31.60785460795669,28.849549409081572,stop,34
18466,18467,18469,2022,11,19.799794258289545,0.762423454180892,84.49999999999989,38.2000000000005,40.00000000000057,1.8000000000000682,5.400000000000205,-11.800000000002342,1.828301826158809,10,41.51664016445409,0.31215469613259994,0.9005524861878401,London,-10.900000000000887,37.000000000000455,-420.9000000000003,2,0.25733207190158924,-0.01515167259240534,-1.19698213480562,,,,-1.0000000000001006,-19.799794258291534,19.799794258289545,stop,3
18488,18489,18516,2022,9,17.617395172754275,0.7196211096075779,88.49999999999909,42.79999999999973,33.19999999999936,-9.600000000000364,1.300000000000523,-0.10000000000047748,1.95261556334956,8,21.728447522409056,0.630813953488338,0.6831395348836897,London,72.29999999999848,111.29999999999995,159.79999999999848,3,0.13499205929062685,7.356365610759052,-0.11920036869277696,0.0,1.0,4.0,3.2878735966983452,57.92376843109967,17.617395172754275,stop,28
18623,18624,18624,2023,0,33.82060989885464,0.94003224073079,86.7999999999995,61.40000000000043,50.40000000000191,-10.999999999998522,6.30000000000166,-0.10000000000047748,1.4695181473260344,23,54.19244466920645,0.6156941649899456,0.6519114688128835,Asia,50.30000000000143,-162.39999999999952,-219.29999999999836,0,0.08835411909362696,-0.0029567769563204086,-1.4369936008056694,,,,-1.0000000000000104,-33.82060989885499,33.82060989885464,stop,1
18639,18640,18685,2023,16,41.908067009596245,0.9725652313969719,195.90000000000032,17.00000000000159,71.60000000000082,54.59999999999923,62.000000000000455,0.2999999999985903,2.6725164864882536,15,119.34851828850981,0.8991071428571437,0.9339285714285608,NYpm,95.59999999999889,117.69999999999925,-177.89999999999964,1,0.2532325442609891,6.56914097080551,-0.8089134722494953,1.0,1.0,16.0,4.089547036687031,171.38501125237585,41.908067009596245,stop,46
18745,18746,18749,2023,2,26.09131633890736,0.8512171684817424,109.70000000000084,37.39999999999952,28.600000000000136,-8.799999999999386,4.699999999999704,0.10000000000047748,1.1229789873157334,1,23.469077609502165,0.4436860068260104,0.5392491467577203,Asia,-20.400000000000773,-13.2000000000005,-35.09999999999991,0,0.2657918828196537,0.6898847021052399,-1.019496281999893,0.0,,,-1.0000000000000113,-26.091316338907653,26.09131633890736,stop,4
18841,18842,18846,2023,2,28.48071743108895,0.8786913108136818,164.4999999999996,52.600000000001046,46.90000000000225,-5.699999999998795,8.699999999998909,0.0,2.292779321939378,1,37.86670859934986,0.6140888208269765,0.7794793261868623,Asia,-5.400000000000205,-89.10000000000196,-381.9000000000017,0,0.32472748135398977,1.204323594831941,-1.0041881869442704,0.0,0.0,,-1.0000000000000315,-28.48071743108985,28.48071743108895,stop,5
18866,18867,18871,2023,3,48.049919532643095,0.9853073781361057,116.8999999999997,86.69999999999902,224.2999999999995,137.60000000000048,165.10000000000105,0.5000000000023874,5.073889870603721,2,189.3842232909975,0.8105004101722665,0.8872026251025416,Asia,26.900000000000546,69.8999999999998,-334.60000000000036,1,0.25561426684279914,2.1477663439142978,-1.0135292727579854,0.0,0.0,1.0,-1.0000000000000577,-48.049919532645866,48.049919532643095,stop,5
18913,18914,18930,2023,2,28.092487191519282,0.8697883597883598,105.89999999999975,44.49999999999932,46.399999999999864,1.9000000000005457,7.200000000000273,0.0,1.2992797594304764,1,33.47992364613219,0.5643835616438689,0.8547945205479563,Asia,109.29999999999893,118.10000000000116,161.10000000000042,0,0.10652085864722674,6.289937903872847,-0.5161522331983308,2.0,3.0,7.0,2.3971623656871297,67.34225305405775,28.092487191519282,stop,17
18949,18950,18962,2023,14,31.71454867916415,0.9131812420785805,227.09999999999866,122.199999999998,110.59999999999945,-11.599999999998545,2.5000000000005684,-7.499999999998863,1.3211602165262963,13,65.58224218921396,0.6181384248210626,0.6634844868735157,Overlap,112.99999999999955,204.20000000000016,225.7000000000005,1,0.027713027713026996,1.198188263198108,-1.1571976120886822,0.0,0.0,,-1.0000000000000555,-31.714548679165908,31.71454867916415,stop,13
18974,18975,18975,2023,15,30.20505413297777,0.8949949897157323,184.699999999998,29.20000000000016,47.500000000002274,18.300000000002115,23.100000000002296,-0.10000000000047748,2.575727878436749,14,75.5714468880285,0.8213367609254416,0.9383033419023129,Overlap,-38.39999999999861,183.89999999999986,192.7000000000021,2,0.1749305831019456,0.09932112641787072,-3.426578861416399,,,,-1.0000000000000433,-30.20505413297908,30.20505413297777,stop,1
19024,19025,19026,2023,17,33.68592454193728,0.9308295197517227,135.69999999999993,132.39999999999839,114.19999999999959,-18.199999999998795,3.700000000000614,0.10000000000047748,0.9024540787697167,16,55.90326410572004,-0.14473684210529883,0.27960526315791906,NYpm,54.699999999999704,-79.09999999999968,143.1999999999988,0,0.26988636363636287,0.02671739048993595,-1.0597898227656595,,,,-1.0000000000000082,-33.68592454193756,33.68592454193728,stop,2
19057,19058,19058,2023,2,20.33273227362766,0.7513127494223902,76.8999999999977,42.99999999999784,38.49999999999909,-4.4999999999987494,2.400000000000091,3.4000000000020236,1.1459355135570524,1,29.099141490124225,0.5922746781116722,0.7038626609442249,Asia,68.10000000000116,122.59999999999991,-11.199999999999477,0,0.26104023552502476,0.1475453450933435,-1.0229810593126927,,,,-1.000000000000042,-20.332732273628515,20.33273227362766,stop,1
19165,19166,19203,2023,14,31.81329403484323,0.9140559732664996,105.29999999999973,37.000000000000455,118.00000000000068,81.00000000000023,106.69999999999789,0.0,5.758598898917891,13,123.23487453714961,0.8269650655021944,0.8597161572052525,Overlap,239.30000000000007,104.50000000000159,135.50000000000182,0,0.4134563212154123,9.269709690452506,-0.320620681053302,0.0,0.0,1.0,6.90753439828025,219.75142286828347,31.81329403484323,stop,38
19248,19249,19253,2023,1,23.9814573810166,0.80083181700026,94.5999999999998,14.900000000000091,11.899999999999977,-3.0000000000001137,3.0000000000001137,0.0,1.3927427123940894,0,21.602949549341588,0.3562874251496965,0.8203592814371207,Asia,12.699999999998113,-110.90000000000089,275.1999999999981,0,0.25490196078432903,1.2843256150221705,-3.1566054888692294,0.0,0.0,,-1.0000000000001115,-23.981457381019275,23.9814573810166,stop,5
19273,19274,19279,2023,2,26.554252826394986,0.8423156801661474,148.50000000000136,31.100000000000705,10.699999999999932,-20.400000000000773,6.099999999997863,-0.1999999999981128,1.2314411636352256,1,30.846058334086024,0.18042813455656828,0.18960244648321764,Asia,-16.799999999997794,29.20000000000016,19.10000000000025,1,0.033552404012455454,0.6552622705582218,-4.729939148396994,1.0,,,-1.0000000000000522,-26.55425282639637,26.554252826394986,stop,6
19297,19298,19320,2023,2,28.24684384104284,0.8663658991910392,208.40000000000032,33.59999999999843,12.699999999998113,-20.90000000000032,4.900000000000659,20.199999999999818,1.0125024997817333,1,32.155732119534264,-0.06293706293706502,0.09790209790206802,Asia,98.599999999999,94.49999999999932,-29.09999999999968,2,0.013799901429271384,4.32260682599134,-0.12036743004395274,0.0,1.0,4.0,1.746857982657488,49.34322464860518,28.24684384104284,stop,23
19334,19335,19335,2023,15,36.59350551915797,0.9508307023445991,146.30000000000223,57.20000000000027,40.099999999998204,-17.10000000000207,22.299999999998477,0.20000000000095497,2.803776204121344,14,52.926911174648694,0.45614035087719057,0.6159844054580776,Overlap,65.70000000000107,147.50000000000227,193.50000000000023,3,0.055555555555548766,0.5684068717907651,-1.2105973279003228,0.0,,,-1.0000000000000522,-36.59350551915988,36.59350551915797,stop,1
19350,19351,19376,2023,7,29.108171391717224,0.8779541811035838,181.49999999999977,32.49999999999886,32.59999999999934,0.10000000000047748,7.599999999999341,-0.10000000000047748,1.470377490362673,6,46.38400672601506,0.5210280373831453,0.8247663551402123,London,91.39999999999873,255.6999999999988,251.5999999999991,4,0.44687806472704045,3.555702575993956,-0.46035183109481087,2.0,5.0,6.0,1.2242039129420634,35.63433731632845,29.108171391717224,stop,26
19382,19383,19383,2023,15,25.252103289419004,0.8179565284733337,181.49999999999977,45.19999999999982,44.20000000000073,-0.9999999999990905,10.400000000001342,0.10000000000047748,1.4018634247720052,14,42.27206568826034,0.24576271186444693,0.6779661016949152,Overlap,17.00000000000159,174.1000000000014,255.9000000000026,5,0.08390204737053569,0.3682861539654705,-1.195939983844969,,,,-1.0000000000000135,-25.252103289419345,25.252103289419004,stop,1
19393,19394,19407,2023,2,25.843503611161562,0.8284313725490197,85.90000000000089,38.700000000000045,55.79999999999927,17.099999999999227,20.79999999999984,0.0,1.7644666406728045,1,60.25453607228144,0.8706140350876673,0.9188596491227966,Asia,1.8000000000000682,110.20000000000039,274.50000000000045,6,0.2880978865405969,1.8379860840341895,-2.2171916340031617,2.0,6.0,,-0.8661115283569204,-22.383356410760733,25.843503611161562,stop,14
19447,19448,19464,2023,8,17.22750406047741,0.6774210147164763,61.80000000000234,20.400000000000773,24.899999999999523,4.4999999999987494,16.29999999999825,0.0,1.3815117916356134,7,26.728964965184332,0.34033613445373534,0.504201680672289,London,65.99999999999966,91.99999999999875,200.39999999999907,0,0.27731958762888004,3.6801616634327763,-0.9403567657350379,0.0,0.0,6.0,0.34775941736480015,5.9910267747213535,17.22750406047741,stop,17
19500,19501,19502,2023,13,14.883685065546212,0.624672858828963,69.80000000000075,12.90000000000191,4.900000000000659,-8.00000000000125,1.300000000000523,0.0,1.310159407037046,12,13.21470301814145,0.2461538461538282,0.5230769230768849,Overlap,-30.999999999997385,28.80000000000109,54.80000000000018,0,0.3992031872510103,2.4859434902751754,-0.994377396110032,0.0,0.0,0.0,-0.9346942003878421,-13.911694111165184,14.883685065546212,stop,2
19523,19524,19549,2023,12,23.73251334871265,0.7932342388518708,109.00000000000034,74.10000000000139,77.60000000000105,3.499999999999659,8.29999999999984,0.09999999999763531,1.2977976477855848,11,51.398361140323345,0.7272727272727105,0.8441558441558346,Overlap,177.99999999999727,140.7999999999987,230.99999999999739,1,0.16642857142858045,4.824604891930334,-0.9354255772999372,0.0,0.0,1.0,2.2432467476850015,53.23788338389054,23.73251334871265,stop,26
19567,19568,19575,2023,8,18.81752620578238,0.7072721693771096,64.00000000000148,23.30000000000041,42.600000000001614,19.300000000001205,22.700000000000387,0.10000000000047748,2.4711005841836693,7,47.159408657637414,0.8881720430107697,0.9268817204301256,London,2.400000000000091,172.199999999998,134.99999999999943,3,0.27586206896550663,0.8449569739467754,-3.199145272426876,5.0,,,-1.0000000000000824,-18.817526205783928,18.81752620578238,stop,8
19612,19613,19617,2023,5,21.041283115425724,0.7486096229399459,121.29999999999939,27.79999999999916,24.799999999999045,-3.0000000000001137,1.300000000000523,0.10000000000047748,0.603575358514497,4,25.79303721149131,0.44881889763776706,0.6614173228345452,Asia,52.899999999999636,39.79999999999961,209.59999999999752,0,0.01844262295082021,2.019838798178924,-1.0170482419063274,0.0,0.0,2.0,-1.00000000000007,-21.0412831154272,21.041283115425724,stop,5
19692,19693,19715,2023,13,19.504388534375348,0.7168047156867727,82.59999999999934,19.499999999999318,16.499999999999204,-3.0000000000001137,6.89999999999884,0.0,1.1074430742563006,12,20.410142099223094,0.5416666666666722,0.5416666666666722,Overlap,139.1999999999996,66.90000000000111,104.30000000000064,0,0.10174255199549384,8.921069209287749,-0.6665166650617016,1.0,2.0,2.0,5.523491838642941,107.73233088734318,19.504388534375348,stop,23
19831,19832,19833,2023,8,32.3874185030316,0.9172469472196992,187.60000000000048,46.60000000000082,43.70000000000118,-2.899999999999636,15.999999999999659,0.20000000000095497,1.5777731712460006,7,51.779247180101606,0.36594911937380314,0.6301369863013805,London,-153.39999999999918,-206.29999999999882,-432.4000000000012,0,0.3351912845198926,0.7132399267276333,-2.7912073323021347,0.0,,,-1.000000000000055,-32.38741850303338,32.3874185030316,stop,2
19944,19945,19946,2023,1,27.11046641815423,0.84215543625508,160.2000000000004,22.999999999998977,12.399999999999523,-10.599999999999454,6.800000000001205,0.0,1.4533132478169672,0,31.745643242598476,0.31472081218272463,0.5583756345177558,Asia,-121.7000000000013,-61.89999999999998,-171.50000000000034,0,0.4779852060584569,0.8815783406808545,-1.0438772820613635,0.0,,,-1.0000000000000273,-27.110466418154964,27.11046641815423,stop,2
20017,20018,20019,2023,2,25.851983709482536,0.8193361327734453,130.09999999999877,9.000000000000341,2.7000000000015234,-6.299999999998818,11.199999999999477,15.199999999998681,1.4621701926159543,1,24.965955289158615,0.2592592592593038,0.5370370370370648,Asia,54.09999999999968,5.400000000000205,-15.799999999998704,0,0.09470934030045337,-0.030945400901853992,-1.346124939233727,,,,-1.000000000000101,-25.851983709485147,25.851983709482536,stop,2
20064,20065,20095,2023,1,24.74294898938026,0.797915315944342,88.80000000000052,24.600000000000932,25.800000000000978,1.2000000000000455,6.299999999998818,0.0,1.7499935039507113,0,36.184855963580276,0.595842956120125,0.8822170900693105,Asia,150.20000000000095,185.2000000000004,136.5000000000009,0,0.18434163701067438,6.353325145982953,-0.15357910658221133,0.0,0.0,4.0,3.664128747087189,90.66135067970012,24.74294898938026,stop,31
20098,20099,20105,2023,11,23.346017833170144,0.7726163803833707,196.60000000000082,34.30000000000177,3.0000000000001137,-31.30000000000166,0.2999999999985903,-0.30000000000143245,1.563435797095191,10,9.166239396284936,-0.5068493150684867,0.13424657534248047,London,64.69999999999914,195.79999999999984,233.19999999999936,1,0.2421874999999955,1.627686583277247,-1.1479473797848148,1.0,1.0,,-1.000000000000101,-23.346017833172503,23.346017833170144,stop,7
20112,20113,20114,2023,1,24.972590466237705,0.8015324145479875,106.8000000000012,7.099999999999795,3.999999999999204,-3.100000000000591,24.099999999998545,0.10000000000047748,1.4055410089495601,0,53.50116313969693,0.11396011396009158,0.2250712250712477,Asia,-39.90000000000009,175.0,209.99999999999943,2,0.23905182804339004,0.16418000389449455,-1.609764916232781,,,,-1.000000000000026,-24.97259046623835,24.972590466237705,stop,2
20142,20143,20145,2023,7,24.87619664190814,0.79854935664961,97.30000000000132,24.200000000001864,23.400000000000887,-0.8000000000009777,16.29999999999825,55.29999999999973,1.2140119502481446,6,45.34741887335656,0.33443708609272055,0.43377483443709763,London,-47.70000000000039,-22.90000000000134,108.19999999999936,3,0.1537878787878785,0.32159256960221577,-1.0089966871268135,,,,-0.9999999999999996,-24.87619664190813,24.87619664190814,stop,3
20222,20223,20263,2023,15,26.402100433079873,0.827255183334158,123.1000000000023,90.50000000000011,81.89999999999884,-8.600000000001273,6.099999999997863,0.0,0.7537279107939898,14,33.220965466625785,-0.18090452261308687,0.26130653266330006,Overlap,73.599999999999,-64.69999999999914,-152.2999999999996,0,0.4058577405857891,3.920142651617395,-0.9014434309998108,8.0,21.0,21.0,1.9076099975068799,50.36491074132389,26.402100433079873,stop,41
20306,20307,20308,2023,3,18.60298553224328,0.6791504459665895,83.40000000000032,20.600000000001728,28.600000000000136,7.999999999998408,12.600000000000477,0.0,1.8437900701772807,2,33.0251576252806,0.7988338192419439,0.865889212827935,Asia,-51.29999999999768,94.90000000000123,214.9000000000001,0,0.20060218291305845,0.7955712256159437,-1.1181001008653038,0.0,,,-1.0000000000000653,-18.602985532244496,18.60298553224328,stop,2
20366,20367,20408,2023,15,27.810946806360526,0.8511767307030904,137.39999999999952,90.39999999999964,97.30000000000132,6.900000000001683,8.200000000002206,0.0,1.531770935258441,14,74.09924901918714,0.9600938967135594,0.9694835680751063,Overlap,126.20000000000005,14.900000000000091,161.099999999999,0,0.4024767801857594,4.444293136101853,-0.09708407336139939,0.0,0.0,10.0,2.533424356011319,70.45693000296896,27.810946806360526,stop,42
20430,20431,20436,2023,7,16.049917152975507,0.6233530881128472,84.29999999999893,66.20000000000061,56.800000000001205,-9.399999999999409,3.299999999998704,0.0,1.8380157180144523,6,37.28403834261371,0.5593220338983982,0.5694915254237746,London,67.30000000000018,96.60000000000082,162.7999999999986,3,0.15047021943573444,3.2149698660865544,-1.538948753727331,0.0,0.0,2.0,-0.4225705652988489,-6.782222564332551,16.049917152975507,stop,6
20506,20507,20510,2023,11,18.9331310655332,0.6830137119992192,94.3000000000012,52.70000000000152,62.299999999999045,9.599999999997522,17.99999999999784,-10.499999999998977,1.5792422234074766,10,33.96627642140686,0.6020066889631824,0.7190635451504706,London,1.700000000002433,-62.79999999999859,-36.7999999999995,0,0.29265619291194045,0.7077540399218738,-1.383817600444113,0.0,,,-1.0000000000000064,-18.933131065533324,18.9331310655332,stop,4
20576,20577,20578,2023,9,20.309206134358533,0.7113747993969751,92.69999999999925,47.800000000000864,40.900000000002024,-6.89999999999884,0.6000000000000227,0.09999999999763531,0.9158408200177631,8,20.869974045535855,0.47311827956999436,0.5967741935484635,London,34.099999999997976,-28.400000000002024,-19.50000000000216,0,0.12083183936895504,0.07385813064666377,-1.5067058651903735,,,,-1.0000000000001241,-20.309206134361055,20.309206134358533,stop,2
20593,20594,20594,2023,2,24.400916936881426,0.7899416909620991,99.2999999999995,39.30000000000007,38.999999999998636,-0.30000000000143245,8.500000000000796,0.20000000000095497,2.7867805204164373,1,29.28315156804331,0.2323529411764492,0.8705882352940861,Asia,244.10000000000025,253.60000000000014,217.40000000000066,1,0.26081682167405934,0.36064218499515605,-1.0204534552699902,,,,-1.0000000000000346,-24.400916936882275,24.400916936881426,stop,1
20616,20617,20654,2023,1,26.672866863814388,0.83332524389652,322.49999999999943,15.600000000000591,25.499999999999545,9.899999999998954,21.999999999999886,16.100000000000136,1.9720414857752158,0,76.59667104963717,0.48479087452469655,0.7699619771862987,Asia,127.89999999999964,406.09999999999786,343.59999999999786,2,0.600916380297828,4.131539386548008,-1.0610033088865958,1.0,2.0,13.0,1.7967918229053967,47.925589074346,26.672866863814388,stop,38
20724,20725,20725,2023,13,26.039058929378815,0.8216889575587852,137.9000000000019,71.60000000000082,80.89999999999975,9.299999999998931,24.399999999999977,0.0,3.6560461058978406,12,71.20037776981576,0.7584033613445481,0.8413865546218374,Overlap,62.10000000000093,-168.69999999999834,-146.09999999999843,0,0.04623179227358682,0.33795384172173537,-1.0177019097299158,,,,-1.0000000000000668,-26.039058929380552,26.039058929378815,stop,1
20736,20737,20741,2023,1,19.204348616063733,0.6831057279351446,123.90000000000043,-7.099999999999795,-29.800000000000182,-22.700000000000387,7.099999999999795,40.99999999999966,1.6871178839619592,0,25.151188769442,-0.9197530864197239,0.08024691358027615,Asia,30.400000000000205,53.5000000000025,-243.59999999999786,1,0.37274059599414083,0.5623726279873197,-1.1299524099373617,0.0,,,-1.0000000000000242,-19.204348616064202,19.204348616063733,stop,5
20760,20761,20761,2023,1,17.1924172422574,0.6367667614594881,58.500000000000796,14.099999999999113,12.5,-1.5999999999991132,9.900000000001796,-0.20000000000095497,1.4192303302194758,0,22.791473795959405,0.5122950819672136,0.5286885245901263,Asia,20.49999999999841,112.99999999999955,-117.79999999999973,2,0.1557093425605506,0.017449553240486727,-1.6809736288254542,,,,-1.0000000000000222,-17.192417242257783,17.1924172422574,stop,1
20789,20790,20792,2023,6,14.918008468694248,0.5870716211012706,63.59999999999957,6.499999999999773,4.300000000000637,-2.199999999999136,1.6999999999995907,0.10000000000047748,1.1931887582282446,5,17.677169276169025,0.573033707865199,0.7808988764045626,Asia,-118.99999999999977,-68.10000000000116,-44.99999999999886,3,0.22266009852215712,0.8312101461814545,-1.5283541397531137,0.0,,,-1.000000000000121,-14.918008468696053,14.918008468694248,stop,3
20838,20839,20868,2023,7,17.90260396076384,0.6524849939975991,109.9000000000018,35.09999999999991,30.399999999997362,-4.700000000002547,0.899999999998613,0.0,0.9719256504883473,6,25.669058607030593,0.5632183908044888,0.6781609195401754,London,113.49999999999909,33.500000000000796,84.39999999999941,0,0.15833045877888519,8.49597077237204,-0.9663398708878131,0.0,5.0,7.0,5.52083782751523,98.837373157609,17.90260396076384,stop,30
20894,20895,20898,2023,15,18.415513561077955,0.6646233417939754,61.60000000000139,29.300000000000637,44.49999999999932,15.199999999998681,18.69999999999834,0.0,1.3358302454292765,14,46.902108867652714,0.8089430894309135,0.8577235772357916,Overlap,39.400000000000546,193.39999999999975,113.40000000000146,2,0.20812807881772355,1.0643200329435998,-1.1457730966892101,0.0,0.0,,-1.0000000000000777,-18.415513561079386,18.415513561077955,stop,4
20909,20910,20958,2023,6,15.22642950466318,0.5921228943338438,100.89999999999861,25.699999999997658,36.39999999999759,10.699999999999932,12.000000000000455,0.0,1.5302339916829912,5,40.80390159950582,0.9098712446351304,0.9442060085836695,Asia,117.79999999999973,197.7000000000004,350.20000000000095,3,0.43544428080511055,12.786976745951842,-0.7684007597718815,1.0,1.0,3.0,9.019783025062637,137.33909037847386,15.22642950466318,stop,49
20991,20992,20993,2023,16,24.17992127995972,0.7842978358280103,124.00000000000091,96.99999999999989,96.4999999999975,-0.5000000000023874,0.1999999999981128,-15.399999999999636,0.7237409831645013,15,51.329399204385595,0.34285714285702684,0.9599999999999675,NYpm,81.60000000000025,106.00000000000023,263.2000000000005,0,0.41370558375633604,0.07857759245789037,-1.6666720926589507,,,,-1.0000000000000928,-24.179921279961967,24.17992127995972,stop,2
21001,21002,21003,2023,2,21.809506844886357,0.7381837240327807,130.50000000000068,13.399999999998613,14.799999999999613,1.4000000000010004,3.999999999999204,0.0,1.458079736793978,1,37.698594384136186,0.8553459119497918,0.9182389937107441,Asia,-5.200000000002092,-1.300000000000523,218.59999999999786,1,0.551813471502592,0.2521836022757323,-1.568123490514288,,,,-1.0000000000000504,-21.80950684488746,21.809506844886357,stop,2
21038,21039,21046,2023,15,21.602812535407253,0.7333650416171225,66.89999999999827,29.800000000000182,37.80000000000143,8.00000000000125,9.300000000001774,0.0,0.990611753211533,14,39.43104972878757,0.7149532710280027,0.9392523364485733,Overlap,68.10000000000116,144.49999999999932,168.8999999999993,2,0.1920641620937157,2.2126748506314224,-0.8656280273389786,0.0,1.0,5.0,-0.7758235816050565,-16.759971393962267,21.602812535407253,stop,8
21049,21050,21055,2023,2,24.504574855814855,0.791737972998669,124.60000000000093,18.299999999999272,30.299999999999727,12.000000000000455,17.900000000000205,0.20000000000095497,1.1589672608933248,1,50.268535564288186,0.7042253521127564,0.7922535211267634,Asia,72.99999999999898,135.89999999999804,139.7999999999996,3,0.3989672977624931,0.38768271051009756,-1.2365038029953674,,,,-1.0000000000000255,-24.504574855815484,24.504574855814855,stop,6
21084,21085,21101,2023,13,22.17159958738537,0.7450524417445779,104.50000000000159,20.50000000000125,5.19999999999925,-15.300000000002001,9.000000000000341,0.10000000000047748,3.035414731118039,12,30.476940183990564,0.46953937592868,0.6389301634472173,Overlap,55.100000000001614,196.20000000000175,272.5999999999999,4,0.16643092880715638,3.761568923852076,-0.2841472928089154,0.0,0.0,2.0,1.197625899602274,26.553281901463812,22.17159958738537,stop,17
21126,21127,21127,2023,7,20.11016993584275,0.7003741770473169,80.50000000000068,44.599999999999795,-8.899999999999864,-53.49999999999966,1.4999999999986358,0.10000000000047748,2.9437841743189415,6,4.055189547241866,-0.4915540540540615,0.07094594594595048,London,-67.69999999999925,-22.8999999999985,118.20000000000164,6,0.02103907256333492,0.2287399865179934,-1.3724399191081018,,,,-1.0000000000000207,-20.110169935843167,20.11016993584275,stop,1
21209,21210,21230,2023,18,24.98491848174194,0.8016606906963578,151.6999999999996,120.59999999999889,124.89999999999952,4.300000000000637,4.699999999999704,0.0,0.5363235429321428,17,71.82007255951532,0.7462686567166649,0.9701492537314098,NYpm,116.99999999999875,11.7999999999995,-66.20000000000061,0,0.4816947758124516,1.817096182770315,-3.0058132891200264,6.0,6.0,,-0.35422314810112127,-8.850236479652517,24.98491848174194,stop,21
21279,21280,21292,2023,16,24.6333091812746,0.7949778989936989,89.69999999999914,46.79999999999893,45.599999999998886,-1.2000000000000455,5.60000000000116,0.20000000000095497,1.32341131108689,15,50.95054576986797,0.7791411042944657,0.7914110429447441,NYpm,39.100000000001955,0.20000000000095497,77.60000000000105,0,0.10153444335618016,1.047362325952262,-1.1488509234281603,0.0,3.0,,-1.000000000000048,-24.633309181275784,24.6333091812746,stop,13
21349,21350,21359,2023,14,20.101006920910898,0.6974596925384327,86.10000000000184,35.09999999999991,28.79999999999825,-6.30000000000166,1.999999999998181,3.100000000000591,2.7909049641508443,13,27.215891840216955,0.8146167557932048,0.852049910873445,Overlap,11.499999999998067,-45.700000000002206,4.099999999999682,0,0.07677356656948209,0.4726131400968337,-1.2636182903641346,,,,-1.0000000000000457,-20.10100692091182,20.101006920910898,stop,10
21372,21373,21396,2023,13,20.880607135942856,0.7161383959923218,70.29999999999745,30.699999999998795,-30.699999999998795,-61.39999999999759,21.60000000000082,0.20000000000095497,4.51136307420149,12,-33.09528530498085,-0.38747346072184485,0.1188959660297477,Overlap,69.3000000000012,126.59999999999911,62.700000000000955,1,0.023298309730465303,5.478767894784095,-0.7279481818243755,0.0,0.0,0.0,2.999732192972342,62.636229434495796,20.880607135942856,stop,24
21408,21409,21420,2023,1,23.028607254614133,0.7628885253563917,91.99999999999875,23.30000000000041,39.50000000000102,16.200000000000614,18.299999999999272,0.0,1.928036702745131,0,47.308723396650976,0.889639639639686,0.9527027027027317,Asia,29.699999999999704,80.89999999999975,138.19999999999766,0,0.1342554922701435,4.911282681992795,-0.07382122510509052,0.0,0.0,0.0,1.582316179076002,36.43853784056294,23.028607254614133,stop,12
21446,21447,21482,2023,15,32.25455660856734,0.9146643027107731,156.29999999999882,123.79999999999995,123.00000000000182,-0.7999999999981355,6.700000000000728,0.0,2.0431221795960157,14,62.44205762904187,0.38694992412746376,0.8861911987860553,Overlap,153.0000000000001,164.59999999999866,245.39999999999793,1,0.3234200743494592,2.3128515113485064,-0.33483641183062335,0.0,0.0,33.0,0.8872319699546893,28.617273799834244,32.25455660856734,stop,36
21517,21518,21518,2023,14,22.91910746846902,0.7602771577380952,104.00000000000205,91.70000000000016,91.4999999999992,-0.20000000000095497,11.599999999998545,-0.39999999999906777,2.1335909379226328,13,45.55713799778118,0.7566462167689187,0.7586912065439796,Overlap,34.70000000000084,-10.899999999998045,171.80000000000177,4,0.255005666792606,0.27487981408826195,-1.4093044436584043,,,,-1.0000000000000078,-22.9191074684692,22.91910746846902,stop,1
21541,21542,21559,2023,14,22.10456736898657,0.7418710516536603,103.60000000000014,68.39999999999975,60.80000000000041,-7.599999999999341,7.200000000000273,-0.20000000000095497,1.3481376722989185,13,34.43205099284796,0.16778523489936598,0.5033557046980026,Overlap,134.29999999999893,113.10000000000002,276.400000000001,5,0.020192307692307784,5.193496804695242,-0.04071556728413253,0.0,0.0,0.0,2.3268652064445616,51.434348714404656,22.10456736898657,stop,18
21608,21609,21611,2023,9,17.476344251606726,0.6268117619819402,77.60000000000105,24.900000000002365,24.600000000000932,-0.30000000000143245,6.19999999999834,0.1999999999981128,1.4820033084217508,8,23.00240549571697,0.7413127413128091,0.7490347490347444,London,41.59999999999968,84.70000000000084,253.7000000000006,0,0.26743075453677356,1.2817325910676314,-1.2874546115633334,0.0,0.0,,-1.0000000000001585,-17.476344251609497,17.476344251606726,stop,3
21631,21632,21633,2023,8,17.64440148280619,0.6304005920991766,89.30000000000007,30.100000000001614,20.100000000002183,-9.999999999999432,1.999999999998181,-0.30000000000143245,1.4112125041058285,7,17.264953147832784,0.3493975903615228,0.5180722891567131,London,51.30000000000052,74.20000000000186,270.3000000000003,1,0.2731731240804413,0.9861484968450931,-1.4735552251707214,0.0,,,-1.000000000000091,-17.6444014828078,17.64440148280619,stop,2
21654,21655,21655,2023,7,17.134791076453475,0.6160528626218752,88.70000000000005,22.700000000000387,22.20000000000084,-0.49999999999954525,8.29999999999984,-0.10000000000047748,1.2139045003345896,6,25.117110225073702,0.38942307692316297,0.5769230769231032,London,40.29999999999916,133.19999999999936,176.30000000000052,2,0.3094883258817596,0.42603379098302563,-2.7721376810523704,,,,-1.0000000000000189,-17.1347910764538,17.134791076453475,stop,1
21672,21673,21676,2023,1,17.827101484031235,0.6344706588485156,76.39999999999816,10.499999999998977,8.799999999999386,-1.6999999999995907,2.400000000000091,0.0,1.2845610387370798,0,20.952666689115063,0.38427947598253115,0.8209606986899585,Asia,-56.89999999999884,34.70000000000084,57.60000000000218,3,0.2287581699346373,1.0040891962183034,-1.3294365335400202,0.0,0.0,,-1.0000000000000393,-17.827101484031935,17.827101484031235,stop,4
21750,21751,21751,2023,7,12.126408722265126,0.433132446979804,46.999999999999886,26.900000000000546,25.0,-1.9000000000005457,5.099999999998772,0.10000000000047748,1.1215191827592617,6,13.654636238112516,0.051470588235332536,0.4852941176470926,London,9.299999999998931,27.499999999997726,10.899999999998045,0,0.21140142517814792,0.5360201976425268,-2.0203838218823607,0.0,,,-1.0000000000000346,-12.126408722265547,12.126408722265126,stop,1
21925,21926,21936,2023,14,31.1510493056732,0.9037970062066447,106.3999999999993,89.19999999999959,59.29999999999893,-29.90000000000066,3.8999999999987267,-0.6000000000000227,1.1973914468815663,13,37.079293248521594,-0.38873994638073445,0.09383378016085117,Overlap,67.59999999999877,-137.70000000000095,-334.00000000000034,0,0.16135204081632976,1.5858213800523933,-0.956629091610413,0.0,0.0,,-0.5767659448100589,-17.966864384611334,31.1510493056732,stop,11
21949,21950,21952,2023,14,30.024993587054855,0.8889496717724289,191.9000000000011,47.100000000000364,45.49999999999841,-1.6000000000019554,24.899999999999523,-5.799999999999272,1.85845168753199,13,56.746781786020506,0.3870967741935172,0.5250896057347344,Overlap,-2.0999999999986585,39.79999999999961,-258.4000000000003,1,0.1396551724137895,0.1598668118308116,-1.2023316473100103,,,,-1.0000000000000153,-30.024993587055313,30.024993587054855,stop,3
21986,21987,22009,2023,3,27.08676277079437,0.8438538205980066,151.09999999999957,16.900000000001114,22.700000000000387,5.799999999999272,13.49999999999909,0.0,0.8601987693088305,2,42.055299110742794,0.6695278969956815,0.6695278969956815,Asia,58.60000000000127,86.40000000000043,128.2999999999987,0,0.22606382978723466,2.7024270349104254,-0.5242413100509149,1.0,3.0,6.0,0.20696544914120443,5.606024022638712,27.08676277079437,stop,23
22022,22023,22028,2023,15,26.812136091625504,0.8386114771229951,114.3999999999977,38.700000000000045,70.50000000000125,31.800000000001205,35.90000000000089,-0.20000000000095497,2.107254707604105,14,69.98731883275866,0.7893805309734508,0.9274336283185894,Overlap,24.199999999999022,112.69999999999811,178.19999999999823,1,0.25707980875322317,0.6638784742541352,-1.0256549461789084,1.0,,,-1.000000000000101,-26.81213609162821,26.812136091625504,stop,6
22039,22040,22063,2023,8,28.10304310665876,0.860573867247798,139.00000000000148,65.40000000000248,152.70000000000152,87.29999999999905,89.79999999999961,-0.6000000000000227,4.213066875022725,7,121.05769456069595,0.9341216216216189,0.9788851351351303,London,189.30000000000007,272.10000000000036,299.8999999999995,2,0.47572285870157877,2.0389251008345086,-0.5835666955267523,0.0,0.0,0.0,-0.16977393877703545,-4.771164319838272,28.10304310665876,stop,24
22142,22143,22145,2023,15,30.95342917492167,0.9015771160016268,126.09999999999957,81.60000000000025,88.30000000000098,6.700000000000728,13.599999999999568,0.0,1.8673213773299662,14,88.59700611887718,0.8564013840830484,0.8806228373702629,Overlap,-149.89999999999952,-267.0999999999992,-97.99999999999898,0,0.20155393053016676,-0.003230659822385593,-6.655159234082552,,,,-1.0000000000000888,-30.953429174924416,30.95342917492167,stop,3
22177,22178,22221,2023,2,42.63301026291753,0.9713950550442159,311.7999999999995,42.600000000001614,79.70000000000255,37.10000000000093,46.79999999999893,-38.10000000000002,1.9257378142826314,1,91.69725230674999,0.7965895249695815,0.8818514007308401,Asia,119.00000000000261,195.60000000000173,78.40000000000202,0,0.3533428616801737,4.6536709178279745,-0.2978912331472755,1.0,4.0,6.0,3.127631979507015,133.34036628095166,42.63301026291753,stop,44
22252,22253,22254,2023,5,22.421579580916262,0.7391969063357166,124.50000000000045,12.5,34.200000000001296,21.700000000001296,25.900000000001455,-0.40000000000190994,2.1675546909891614,4,44.678178402449475,0.9074074074073781,0.9135802469135802,Asia,-75.10000000000048,27.899999999999636,373.4000000000009,0,0.23664638269100424,0.8295579681563457,-1.2710968866911116,0.0,,,-1.000000000000042,-22.421579580917204,22.421579580916262,stop,2
22320,22321,22369,2023,1,18.87581798495345,0.6476442372349487,107.20000000000027,4.699999999999704,47.399999999998954,42.69999999999925,46.299999999999386,-0.10000000000047748,2.7495497170703693,0,60.716212040037476,0.9132947976878315,0.9306358381502872,Asia,72.199999999998,65.59999999999775,29.899999999997817,0,0.5217071376011495,4.603773996405016,-0.9747921925642729,0.0,0.0,3.0,4.005124443362655,75.60000000000147,18.87581798495345,time,49
22392,22393,22393,2023,1,17.28293811726636,0.6034228517806872,158.89999999999986,1.9000000000005457,-3.3999999999991815,-5.299999999999727,2.199999999999136,-0.10000000000047748,0.775331133461125,0,41.15770953484912,-0.25373134328354724,0.4402985074627135,Asia,2.400000000000091,161.70000000000186,317.9000000000002,3,0.515028018339276,-0.005786053234648292,-1.1514245937221443,,,,-1.0000000000001503,-17.282938117268962,17.28293811726636,stop,1
22416,22417,22417,2023,1,14.803081209965116,0.5444360130339687,58.19999999999936,14.599999999998658,13.599999999999568,-0.9999999999990905,22.20000000000084,-2.2999999999996135,2.952088107885491,0,18.18156320028379,0.3112128146452906,0.4691075514874301,Asia,55.89999999999975,171.7000000000013,289.7999999999996,4,0.11748633879781457,0.006755350361326102,-2.3508619257301557,,,,-1.0000000000000744,-14.803081209966217,14.803081209965116,stop,1
22440,22441,22453,2023,1,15.6594876407088,0.5673964417889151,92.69999999999925,14.400000000000546,0.49999999999954525,-13.900000000001,1.500000000001478,-0.20000000000095497,1.1366910852005936,0,14.00963047602204,0.028089887640419836,0.13483146067414295,Asia,18.500000000000227,76.80000000000007,236.10000000000184,5,0.2576018359150762,2.6629223737562544,-1.232479659795867,1.0,5.0,6.0,-0.9130078671799841,-14.297235411974862,15.6594876407088,stop,13
22476,22477,22477,2023,13,15.57191858210729,0.5648399590437608,76.09999999999957,24.70000000000141,24.800000000001887,0.10000000000047748,1.9000000000005457,-0.30000000000143245,1.2394105388001204,12,30.416740530660036,0.5284974093264119,0.9067357512953391,Overlap,71.19999999999891,145.5999999999989,261.40000000000043,6,0.13001912045889613,0.3853089757929566,-1.4320650266963248,,,,-1.0000000000001619,-15.571918582109811,15.57191858210729,stop,1
22488,22489,22495,2023,1,16.05447729694791,0.5749054505005562,109.89999999999895,7.200000000000273,5.799999999999272,-1.4000000000010004,15.399999999999636,0.10000000000047748,1.4388509555767948,0,38.21839517024728,0.25108225108222554,0.27272727272722797,Asia,-62.19999999999857,27.50000000000057,85.80000000000041,7,0.4962871287128624,0.6104216175175247,-1.2395296110812368,0.0,,,-1.000000000000049,-16.054477296948697,16.05447729694791,stop,7
22545,22546,22563,2023,10,18.25321774395752,0.6307917628262028,86.60000000000139,46.999999999999886,44.70000000000027,-2.2999999999996135,0.6000000000000227,-0.49999999999954525,0.94777809823296,9,31.61107842616957,0.5491329479768663,0.8323699421965546,London,91.80000000000064,-8.599999999998431,81.1000000000007,0,0.08490945674044925,3.407618364745135,-0.1314836668067325,0.0,0.0,2.0,0.7868109117476481,14.361830895451567,18.25321774395752,stop,18
22620,22621,22621,2023,13,19.760732906640147,0.6726235236873535,127.49999999999773,113.39999999999861,121.69999999999845,8.29999999999984,14.200000000002433,0.0,1.5788888067768543,12,62.74270344778756,0.7596153846153391,0.81089743589736,Overlap,137.00000000000045,-19.700000000000273,33.899999999999864,0,0.14635854341736387,0.2783297576049182,-1.0677741609932014,,,,-1.0000000000001368,-19.76073290664285,19.760732906640147,stop,1
22632,22633,22644,2023,1,16.992230762607054,0.5941907246120518,146.0000000000008,2.3000000000024556,-1.2999999999976808,-3.6000000000001364,3.299999999998704,0.1999999999981128,1.165238412579262,0,33.68777389989077,-0.06565656565644604,0.6515151515152233,Asia,34.00000000000034,61.40000000000043,106.1000000000007,1,0.5295116772824053,1.2358589224325507,-1.0357674778481216,0.0,5.0,,-1.0000000000001414,-16.99223076260946,16.992230762607054,stop,12
22669,22670,22671,2023,14,15.063458487908113,0.5464777542372882,91.4999999999992,8.699999999998909,0.20000000000095497,-8.499999999997954,4.500000000001592,15.799999999998704,1.8256099701191222,13,11.927648756699227,0.43272727272726297,0.5272727272727535,Overlap,7.299999999997908,178.2999999999987,21.599999999997976,2,0.28270580727505934,1.2148604528428333,-1.307800596776235,0.0,1.0,,-1.0000000000000286,-15.063458487908543,15.063458487908113,stop,2
22690,22691,22694,2023,11,13.603162531402585,0.49631785509547116,47.100000000000364,28.199999999998226,32.099999999999795,3.900000000001569,4.600000000002069,-0.1999999999981128,2.036291188615641,10,29.277768162978646,0.8628158844765025,0.9747292418772396,London,-47.99999999999898,-6.700000000000728,20.699999999999363,3,0.14736203759854655,4.28576809733881,-4.484251353990768,0.0,0.0,0.0,0.7058242213677507,9.60144160186619,13.603162531402585,stop,4
22768,22769,22817,2023,17,27.816124696087,0.8569984618765106,87.89999999999907,74.19999999999902,66.39999999999873,-7.800000000000296,6.499999999999773,-0.09999999999763531,0.6039662312257306,16,54.24899609037652,-0.32142857142857145,0.148809523809552,NYpm,67.60000000000161,18.000000000000682,-22.700000000000387,0,0.20888316704215745,5.9066459399037985,-0.4421895621473588,14.0,14.0,33.0,5.8167700126380995,161.80000000000095,27.816124696087,time,49
22824,22825,22826,2023,1,17.559089141694482,0.6097058436719127,131.49999999999977,34.499999999999886,31.60000000000025,-2.899999999999636,1.500000000001478,-0.10000000000047748,2.1071708048991598,0,35.587873812295356,0.8540540540540503,0.8810810810810524,Asia,25.600000000000023,155.09999999999877,162.6999999999981,3,0.48909657320869887,-0.028475281147097832,-1.5718355193300624,,,,-1.0000000000000007,-17.559089141694493,17.559089141694482,stop,2
22848,22849,22849,2023,1,16.899879014069857,0.5898839500766367,80.00000000000114,10.300000000000864,4.699999999999704,-5.60000000000116,5.60000000000116,0.0,1.1242684035894173,0,19.451407123059994,0.24736842105258197,0.41052631578943277,Asia,-37.89999999999907,79.59999999999923,184.80000000000132,4,0.00511508951406693,0.21301927646972074,-1.349122084306998,,,,-1.0000000000001203,-16.899879014071892,16.899879014069857,stop,1
22932,22933,22961,2023,13,18.971204415646184,0.6492866180897945,124.39999999999998,47.20000000000084,44.599999999999795,-2.600000000001046,1.5999999999991132,0.10000000000047748,1.4021250004591805,12,33.704531215536804,0.8345864661654729,0.8421052631578835,Overlap,48.799999999999955,-17.500000000001137,-29.800000000000182,0,0.4243041412084308,3.2364840236164345,-0.7801296995036099,0.0,12.0,23.0,0.3752586234800209,7.119108054773482,18.971204415646184,stop,29
22997,22998,23021,2023,6,15.32862192064071,0.5498607727114514,54.80000000000018,10.3999999999985,-6.000000000000227,-16.399999999998727,12.700000000000955,0.0,2.1136929443326604,5,1.424273368357376,-0.024691358024632876,0.10185185185189571,Asia,35.899999999998045,65.99999999999966,2.0999999999986585,0,0.20400858983534786,3.5228215738875823,-0.14352236041758798,0.0,0.0,1.0,1.5683590511592065,24.04078293103428,15.32862192064071,stop,24
23046,23047,23047,2023,7,9.821917810131843,0.23340424608170884,34.00000000000034,25.99999999999909,22.49999999999943,-3.499999999999659,1.9000000000005457,0.0,1.0792189677116801,6,13.079382003857631,0.49056603773580354,0.49056603773580354,London,14.500000000001023,29.800000000000182,59.900000000001796,0,0.15700934579441617,0.13235704321027245,-2.1177126913585718,,,,-1.0000000000001275,-9.821917810133096,9.821917810131843,stop,1
23069,23070,23074,2023,6,9.844264083033224,0.23547015961138099,41.70000000000016,16.29999999999825,14.400000000000546,-1.8999999999977035,2.600000000001046,-0.10000000000047748,1.310407755337696,5,11.013303297613675,0.5271317829458679,0.6511627906977462,Asia,56.09999999999786,50.0,98.79999999999995,1,0.11176470588234982,2.6309737103295103,-0.8837633698788643,0.0,1.0,1.0,-0.8151907081413869,-8.024952608978674,9.844264083033224,stop,5
23088,23089,23090,2023,1,15.916337797193055,0.5661971830985916,88.39999999999861,3.7999999999982492,8.599999999998431,4.800000000000182,10.099999999999909,-0.09999999999763531,0.9047307353919112,0,38.01074761700818,0.5972222222220906,0.6319444444444774,Asia,-67.39999999999782,3.2000000000010687,18.500000000000227,2,0.29133858267717105,0.24503124083539857,-1.413641774049772,,,,-1.0000000000001208,-15.916337797194979,15.916337797193055,stop,2
23136,23137,23167,2023,1,12.9387282857473,0.45833153137568655,91.20000000000061,-1.4999999999986358,-10.200000000000387,-8.70000000000175,6.299999999998818,9.199999999998454,1.2365975733198225,0,9.161878030570847,-0.6375000000000377,0.06249999999994449,Asia,47.99999999999898,50.200000000000955,120.79999999999984,0,0.45203761755482763,6.530780934095663,-0.4328091506618171,0.0,7.0,8.0,3.7329497947461316,48.299623098556346,12.9387282857473,stop,31
23193,23194,23205,2023,10,11.301210727220356,0.3536238136324418,48.40000000000089,12.600000000000477,11.199999999999477,-1.4000000000010004,0.7000000000005002,0.7000000000005002,1.1591678375173609,9,16.07095392648432,0.8320610687021394,0.8396946564884353,London,44.20000000000073,115.29999999999916,117.50000000000114,2,0.22276879831340277,4.6632171784096625,-0.6194026612687574,1.0,3.0,4.0,1.1292487883412763,12.761878520503023,11.301210727220356,stop,12
23256,23257,23294,2023,1,15.916242074416395,0.5668803510734415,97.49999999999943,-2.7999999999991587,15.000000000000568,17.799999999999727,22.399999999998954,19.39999999999884,1.6963803310957242,0,33.89620073155015,0.5555555555556141,0.8296296296296468,Asia,52.69999999999868,36.69999999999902,103.9999999999992,0,0.13617606602475366,2.934109683784365,-15.17317962813495,1.0,12.0,37.0,-0.08870450617166223,-1.411842393319739,15.916242074416395,stop,38
23364,23365,23365,2023,13,17.867632559996682,0.6195452014903002,85.90000000000089,64.70000000000198,94.70000000000027,29.999999999998295,41.89999999999827,-0.10000000000047748,3.1957227578005667,12,56.02898204809037,0.6409807355516406,0.7915936952714533,Overlap,79.80000000000018,9.200000000001296,-6.60000000000025,0,0.23018867924527614,0.18469150789399033,-1.1976964451299974,,,,-1.000000000000152,-17.8676325599994,17.867632559996682,stop,1
23438,23439,23439,2023,15,16.7747641588306,0.5879615795090715,93.6000000000007,47.20000000000084,50.99999999999909,3.7999999999982492,4.699999999999704,-0.10000000000047748,1.1684217920692452,14,31.96964538750251,0.9030612244897671,0.9540816326529865,Overlap,40.89999999999918,-23.30000000000041,5.500000000000682,0,0.16240266963292876,0.2384534269530317,-1.090924428309349,,,,-1.0000000000000848,-16.77476415883202,16.7747641588306,stop,1
23460,23461,23484,2023,13,15.688208342135976,0.5607966904081546,90.10000000000105,28.90000000000157,40.99999999999966,12.09999999999809,15.799999999998704,-0.10000000000047748,2.8683963788991877,12,32.107120698319136,0.6600000000000101,0.917777777777762,Overlap,74.89999999999952,145.09999999999934,131.3999999999993,1,0.2761811982464625,2.3712076732234784,-0.4206981355717263,0.0,1.0,2.0,0.24599655310587829,3.8592451765723355,15.688208342135976,stop,24
23532,23533,23534,2023,13,16.953712004707494,0.5940728772481824,39.100000000001955,18.500000000000227,18.999999999999773,0.49999999999954525,2.6999999999986812,-0.10000000000047748,2.01135892779896,12,18.098502402085614,0.9032258064515699,0.9354838709677689,Overlap,17.99999999999784,-2.400000000000091,113.39999999999861,0,0.21616161616160867,0.0707809593362024,-1.0912064564303403,,,,-1.0000000000000375,-16.95371200470813,16.953712004707494,stop,2
23558,23559,23568,2023,15,11.3446546251132,0.35468252282862606,111.099999999999,9.000000000000341,2.200000000001978,-6.799999999998363,3.499999999999659,0.0,1.824647879026358,14,6.490714820273524,0.3236714975845862,0.5024154589372783,Overlap,1.0000000000019327,26.400000000001,73.50000000000136,1,0.11666666666666667,1.2693202636708476,-1.1370994028712007,0.0,4.0,,-1.0000000000001932,-11.34465462511539,11.3446546251132,stop,10
23584,23585,23600,2023,17,10.885231301740431,0.31831487845233547,45.50000000000125,16.900000000001114,-3.1999999999982265,-20.09999999999934,2.2999999999996135,-0.30000000000143245,2.6182264032775135,16,-8.222461928033908,-0.6456140350877182,0.21403508771932553,NYpm,3.3999999999991815,22.399999999998954,2.000000000001023,2,0.07692307692307288,2.2875030681266533,-0.9554229682134224,0.0,1.0,14.0,-0.32435367912982904,-3.530664820898687,10.885231301740431,stop,16
23673,23674,23681,2023,10,7.319968881913745,0.05228233305156382,60.90000000000089,7.30000000000075,7.800000000000296,0.49999999999954525,1.4000000000010004,0.10000000000047748,0.6557404925395341,9,8.204960514854065,0.43749999999970396,0.8124999999997039,London,24.00000000000091,29.20000000000016,32.49999999999886,0,0.3654822335025469,1.407109806907815,-1.1065620811602697,7.0,7.0,,-1.0000000000000935,-7.319968881914429,7.319968881913745,stop,8
23690,23691,23694,2023,3,10.847043385014409,0.3171432191578325,52.199999999999136,22.100000000000364,33.60000000000127,11.50000000000091,12.100000000000932,-0.10000000000047748,1.7147529828909225,2,35.02383751639968,0.9032258064516129,0.967741935483871,Asia,26.800000000000068,58.899999999999864,55.89999999999975,1,0.6474226804123108,3.1160564957911183,-5.605214051599998,2.0,3.0,3.0,-1.0000000000002571,-10.847043385017196,10.847043385014409,stop,4
23763,23764,23795,2023,4,20.661938616715073,0.7058105263157894,104.90000000000066,75.7000000000005,79.80000000000018,4.099999999999682,25.0,0.0,3.760537742433513,3,51.13371781929743,0.5855855855855902,0.7310167310167321,Asia,222.39999999999895,95.69999999999936,146.50000000000034,0,0.12847790507364448,8.774588065678106,-0.23231121188778883,0.0,0.0,4.0,6.062632308840504,125.26573662097607,20.661938616715073,stop,32
23881,23882,23930,2023,2,13.224099465925448,0.4722641193229429,70.50000000000125,9.499999999999886,10.199999999997544,0.699999999997658,7.299999999997908,0.0,0.9376819973224352,1,22.218294681522366,0.4677419354838303,0.4677419354838303,Asia,41.099999999997294,-9.800000000001319,-92.40000000000066,0,0.32662721893491276,7.1989779149275615,-0.2571063541044867,1.0,2.0,4.0,6.306667627152669,83.39999999999893,13.224099465925448,time,49
23934,23935,23983,2023,7,12.52025490097696,0.43380293465992226,70.7000000000022,20.50000000000125,-0.6000000000000227,-21.100000000001273,3.3999999999991815,-0.10000000000047748,2.571832622791705,6,-2.328616689752039,-0.5807453416149386,0.23913043478260101,London,49.39999999999998,136.099999999999,85.20000000000039,2,0.11773255813953894,7.539782596010535,-0.6788999159541629,0.0,1.0,3.0,7.1084814729335415,89.00000000000009,12.52025490097696,time,49
24055,24056,24057,2023,8,15.121212525457288,0.5463771732800932,137.29999999999905,21.09999999999843,16.59999999999968,-4.4999999999987494,0.6000000000000227,0.10000000000047748,0.6480961750586935,7,20.565773496886663,0.3673469387755812,0.47959183673473826,London,-50.39999999999907,-94.49999999999932,-64.19999999999959,0,0.2553983618763981,0.3042084087012035,-1.6004007588185907,,,,-1.0000000000000988,-15.121212525458782,15.121212525457288,stop,2
24149,24150,24170,2023,6,26.03996485707881,0.83207656612529,144.49999999999932,44.80000000000075,60.6000000000023,15.800000000001546,20.90000000000032,-0.10000000000047748,1.6705091669190562,5,55.546328406694556,0.8643678160919605,0.882758620689684,Asia,131.40000000000214,-4.4999999999987494,-174.69999999999857,0,0.30312499999999803,3.7826471940582347,-0.6643634158090822,0.0,0.0,2.0,1.3472189895374165,35.08153514234355,26.03996485707881,stop,21
24192,24193,24196,2023,1,15.541793443176521,0.5573845072170065,80.4000000000002,5.299999999999727,-14.900000000000091,-20.199999999999818,2.000000000001023,-0.1999999999981128,1.9495819520948208,0,4.41679002942692,-0.49174917491745307,0.2673267326733017,Asia,-25.399999999999068,123.90000000000043,-12.000000000000455,0,0.13788968824941555,0.9587053163767685,-1.0487850105326557,0.0,,,-1.0000000000001035,-15.54179344317813,15.541793443176521,stop,4
24302,24303,24303,2023,15,31.112145345569306,0.9099180699081889,123.19999999999993,84.49999999999989,130.70000000000164,46.20000000000175,61.80000000000234,0.09999999999763531,2.0474319367073663,14,91.2837030922077,0.7535321821036387,0.7551020408163174,Overlap,94.29999999999836,-41.499999999999204,-164.0999999999991,0,0.3619909502262453,0.16713730095567914,-1.8481528471062976,,,,-1.0000000000000142,-31.11214534556975,31.112145345569306,stop,1
24386,24387,24391,2023,3,22.217919305731733,0.7427070939153981,83.00000000000125,20.199999999999818,15.600000000000591,-4.599999999999227,0.899999999998613,0.20000000000095497,0.9406821454522332,2,17.760797481545865,0.3779904306220408,0.7368421052632652,Asia,-0.39999999999906777,40.800000000001546,12.399999999999523,0,0.03183133526251602,0.09901917320558576,-1.8948669054322973,,,,-1.0000000000000504,-22.217919305732856,22.217919305731733,stop,5
24456,24457,24480,2023,1,38.68178716135988,0.9603976598617191,271.69999999999845,22.700000000000387,35.50000000000182,12.800000000001432,15.500000000000114,8.500000000000796,1.3003535692436778,0,65.05610371609123,0.7057654075547279,0.9463220675944581,Asia,114.70000000000198,-113.10000000000002,-125.29999999999859,0,0.6157635467980358,3.1978874058736935,-0.139600581986408,0.0,6.0,6.0,1.197959946616751,46.33923168286319,38.68178716135988,stop,24
24584,24585,24600,2023,9,25.974346159620325,0.8244271702413414,103.60000000000014,13.599999999999568,5.19999999999925,-8.400000000000318,7.800000000000296,18.700000000001182,0.9047388471527504,8,21.291438267425633,-0.008510638297912484,0.3106382978723543,London,55.00000000000114,-9.600000000000364,-335.8000000000004,0,0.2431644185198723,2.9529135990048565,-0.5697929760790216,1.0,1.0,5.0,0.5948608965882156,15.451122844804422,25.974346159620325,stop,16
24602,24603,24603,2023,3,30.049451301016067,0.8929195981943145,108.5000000000008,46.999999999999886,97.59999999999991,50.60000000000002,58.29999999999984,-0.49999999999954525,4.279612253540608,2,90.22297837013298,0.8654743390357685,0.940124416796269,Asia,122.80000000000086,164.00000000000148,-137.7999999999986,1,0.4602858092389497,0.3727189520968315,-1.4409580915886862,,,,-1.0000000000000593,-30.049451301017847,30.049451301016067,stop,1
24729,24730,24730,2023,10,10.661914494722922,0.29175432917947886,37.80000000000143,24.00000000000091,26.300000000000523,2.2999999999996135,4.399999999998272,-0.10000000000047748,1.6788729649688852,9,18.110419567696567,0.6983240223463607,0.8826815642458864,London,24.699999999998568,41.70000000000016,-143.20000000000164,0,0.29885057471265997,0.13130850005379127,-1.8476981793230363,,,,-1.0000000000000169,-10.661914494723101,10.661914494722922,stop,1
24744,24745,24746,2023,1,13.959852357277786,0.4938336500748049,54.30000000000064,14.6000000000015,22.20000000000084,7.599999999999341,21.50000000000034,0.0,2.750745424609174,0,27.087784804197668,0.578125,0.638020833333321,Asia,-104.6999999999997,-97.20000000000084,-208.5000000000008,1,0.3060070671377996,0.32235297944648933,-2.020078671197158,,,,-1.0000000000000584,-13.959852357278601,13.959852357277786,stop,2
24801,24802,24802,2023,10,24.089837575853995,0.7780377602065516,141.80000000000064,22.999999999998977,45.999999999997954,22.999999999998977,24.399999999999977,-0.10000000000047748,1.7849850529129736,9,47.731137166226745,0.9116279069767202,0.9674418604650935,London,-46.20000000000175,-151.20000000000005,-143.70000000000118,0,0.36828806064434555,0.02075564015024963,-1.054386519627608,,,,-1.0000000000000886,-24.08983757585613,24.089837575853995,stop,1
24840,24841,24854,2024,1,8.264699606499534,0.10420107141418616,31.699999999997885,1.799999999997226,2.9999999999972715,1.2000000000000455,25.0,0.0,3.4121022351279597,0,12.89666232209754,0.10638297872331419,0.15602836879427479,Asia,106.29999999999882,73.599999999999,-31.399999999999295,0,0.4520547945205501,12.8861307816014,-0.12099653316046352,0.0,0.0,0.0,5.644324085415309,46.648643047687735,8.264699606499534,stop,14
24871,24872,24888,2024,8,20.932673455217092,0.7004586048756939,112.00000000000045,4.200000000000159,24.399999999999977,20.199999999999818,25.199999999998113,0.10000000000047748,2.068536543725977,7,46.12453659200355,0.7644341801386209,0.8845265588914925,London,82.20000000000027,202.00000000000102,155.50000000000068,1,0.29113924050632384,6.234272955109606,-0.1433166196576968,0.0,0.0,3.0,2.4597301307440183,51.488727614822984,20.932673455217092,stop,17
24893,24894,24895,2024,6,27.396573810577955,0.8516881028938906,187.29999999999905,73.599999999999,78.00000000000011,4.400000000001114,16.200000000000614,0.0,1.1972299976917569,5,57.812887868303164,0.6310975609755847,0.6402439024390428,Asia,177.69999999999868,366.1999999999978,333.49999999999795,2,0.48817966903073934,0.07665192058397755,-2.2156055140208997,,,,-1.0000000000000249,-27.396573810578637,27.396573810577955,stop,2
24912,24913,24926,2024,1,22.67360411803327,0.7446483794529901,199.69999999999857,7.800000000000296,2.600000000001046,-5.19999999999925,5.000000000001137,0.0,1.062909975606112,0,47.13463502695561,0.10788381742742308,0.5767634854771867,Asia,-16.899999999998272,243.00000000000068,362.80000000000143,3,0.4808537350910255,5.151364529078316,-0.6615622254809697,2.0,5.0,5.0,1.3728169297625612,31.126707591970195,22.67360411803327,stop,14
24984,24985,25021,2024,1,23.802953767261467,0.7690921468903928,120.39999999999793,19.199999999997885,10.099999999999909,-9.099999999997976,8.899999999999864,0.0,1.2435431455028496,0,24.608248399903232,0.34121621621622206,0.391891891891949,Asia,129.20000000000016,112.00000000000045,272.80000000000086,0,0.21282593375616723,7.2427985906992935,-0.050413911304172804,0.0,0.0,5.0,2.966758528689784,70.61761609703157,23.802953767261467,stop,37
25065,25066,25114,2024,10,21.448915730418676,0.7088855181223056,121.19999999999891,41.70000000000016,51.400000000001,9.700000000000841,19.599999999999795,24.500000000000455,1.5618505112820864,9,47.51428261872661,0.6776119402985029,0.7044776119403368,London,88.59999999999957,6.699999999997885,156.60000000000025,0,0.20369657296881458,10.699841562365158,-0.5967667625196427,0.0,2.0,15.0,9.706784371609537,208.19999999999797,21.448915730418676,time,49
25153,25154,25154,2024,2,20.218552002104435,0.6744630071599045,64.50000000000102,17.69999999999925,22.8999999999985,5.19999999999925,9.299999999998931,0.0,1.9140836592042785,1,25.766086474229155,0.8372093023256122,0.894056847545228,Asia,-8.200000000002206,79.80000000000018,313.59999999999957,0,0.1451536643025961,0.53910883424635,-1.088109573707711,0.0,,,-1.00000000000001,-20.218552002104637,20.218552002104435,stop,1
25203,25204,25206,2024,4,21.491852015583014,0.7099642715363239,68.69999999999834,15.799999999998704,-25.300000000001432,-41.100000000000136,24.600000000000932,-0.10000000000047748,3.243089518272467,3,-13.887326242576137,-0.4734576757532442,0.057388809182197825,Asia,10.299999999998022,12.599999999997635,100.60000000000002,0,0.010250102501027132,1.4191424721278634,-4.308609603902802,0.0,0.0,,-1.000000000000082,-21.491852015584776,21.491852015583014,stop,3
25281,25282,25282,2024,10,20.124833474494626,0.6689884438815894,85.50000000000182,21.50000000000034,11.199999999999477,-10.300000000000864,15.199999999998681,0.0,1.4807575942313989,9,12.448095232184642,0.09395973154359535,0.1442953020134433,London,42.79999999999973,-9.899999999998954,10.900000000000887,0,0.08882783882783361,-0.044720866939805266,-1.038517910048064,,,,-1.000000000000068,-20.124833474495993,20.124833474494626,stop,1
25296,25297,25297,2024,1,17.314340634241937,0.5843847644662421,81.60000000000025,3.100000000000591,3.100000000000591,0.0,12.399999999999523,2.899999999999636,0.9876206296982043,0,23.894664388103593,0.1812865497076451,0.2748538011695858,Asia,-66.39999999999873,-10.099999999999909,-65.99999999999966,1,0.35946248600223707,-0.051980033141932995,-1.1146829329341863,,,,-1.0000000000001592,-17.314340634244694,17.314340634241937,stop,1
25405,25406,25406,2024,14,28.46448331889717,0.8692501575299307,121.80000000000177,65.39999999999964,150.39999999999907,84.99999999999943,87.29999999999905,0.10000000000047748,5.030830821542801,13,128.83234374868948,0.9650837988826931,0.983938547486036,Overlap,184.89999999999895,97.59999999999991,15.899999999999181,0,0.4215622982569458,0.27051255115837275,-1.0328661044229412,,,,-1.000000000000019,-28.464483318897713,28.46448331889717,stop,1
25416,25417,25417,2024,1,25.042003244076245,0.7978191552178876,234.29999999999893,7.099999999999795,18.000000000000682,10.900000000000887,23.699999999999477,20.400000000000773,1.725101605448353,0,88.59250145287376,0.41666666666669405,0.703703703703728,Asia,35.599999999999454,165.7999999999987,117.89999999999736,1,0.655211587617156,-0.03194632602674779,-1.3337591116198415,,,,-1.0000000000000366,-25.042003244077158,25.042003244076245,stop,1
25489,25490,25525,2024,2,19.348308574410325,0.6431543413408698,63.900000000001,17.099999999999227,20.39999999999793,3.299999999998704,10.599999999999454,0.10000000000047748,2.23792171979658,1,19.553690511850164,0.5450346420323187,0.8314087759815041,Asia,117.59999999999877,59.70000000000084,280.19999999999925,0,0.19520000000000426,6.594891719308332,-0.19639959665642562,0.0,2.0,4.0,4.199840910112983,81.25981789229829,19.348308574410325,stop,36
25562,25563,25572,2024,3,12.536668350841042,0.4120317820658343,55.20000000000209,7.400000000001228,6.000000000000227,-1.4000000000010004,0.6000000000000227,0.0,1.0130283137903184,2,15.572141494027392,0.7795275590549772,0.8425196850393013,Asia,131.90000000000168,146.20000000000175,290.5000000000001,0,0.16618413433700377,1.7468755962211486,-1.2283965379818396,1.0,4.0,,-1.0000000000001672,-12.536668350843138,12.536668350841042,stop,10
25645,25646,25647,2024,14,15.54739658502346,0.5323813982521848,103.20000000000107,59.70000000000084,56.00000000000023,-3.700000000000614,9.000000000000341,-0.10000000000047748,2.3283640963319323,13,30.377971578352003,0.6325966850828695,0.6491712707182281,Overlap,22.20000000000084,-54.20000000000016,92.50000000000114,0,0.3372262773722535,0.7075139519241103,-2.669257182258761,0.0,,,-1.0000000000000868,-15.547396585024808,15.54739658502346,stop,2
25680,25681,25690,2024,1,9.216477769262113,0.16901079206763547,42.99999999999784,3.099999999997749,-0.10000000000047748,-3.1999999999982265,2.9000000000024784,-0.09999999999763531,1.3671166269204005,0,14.397330071042802,-0.007936507936545531,0.5158730158729783,Asia,-30.699999999998795,0.49999999999954525,-75.90000000000146,0,0.3662280701754739,1.7143208496304463,-1.7902717733479894,0.0,4.0,,-1.0000000000002538,-9.216477769264452,9.216477769262113,stop,10
25728,25729,25732,2024,1,12.367880733525457,0.40198327824227104,53.999999999999204,5.299999999999727,5.400000000000205,0.10000000000047748,4.500000000001592,-0.10000000000047748,0.79237504073245,0,18.867764853749236,0.5510204081632121,0.5510204081632121,Asia,13.400000000001455,20.20000000000266,51.400000000001,0,0.27285921625545456,0.45278573756143287,-1.3745281318825355,,,,-1.000000000000213,-12.367880733528091,12.367880733525457,stop,4
25761,25762,25764,2024,10,11.369368894429469,0.3350551499145565,67.30000000000018,21.4999999999975,27.299999999999613,5.800000000002115,7.200000000000273,0.0,1.178605437507096,9,22.500355424020313,0.8955223880598281,0.8955223880598281,London,0.0,50.900000000001455,29.20000000000016,1,0.3999999999999841,0.09675119263115155,-3.148811541996932,,,,-1.0000000000001248,-11.369368894430886,11.369368894429469,stop,3
25791,25792,25798,2024,16,11.487514881979413,0.3437815191248351,47.49999999999943,26.599999999999113,24.799999999999045,-1.8000000000000682,3.999999999999204,2.7999999999991587,1.2187144168109487,15,17.549577478879996,0.31428571428562146,0.5857142857142973,NYpm,9.899999999998954,23.30000000000041,30.100000000001614,2,0.17581543357199902,0.6964082381778618,-1.1751889019246313,0.0,,,-1.000000000000223,-11.487514881981975,11.487514881979413,stop,7
25828,25829,25849,2024,5,11.831655779304691,0.367964361805152,53.600000000000136,9.300000000001774,10.500000000001819,1.2000000000000455,3.099999999997749,0.2999999999985903,1.0649397037088326,4,14.774890819808206,0.7142857142858754,0.8492063492065032,Asia,14.499999999998181,18.499999999997385,31.89999999999884,0,0.11155913978493986,1.7833514085922175,-3.735740865392064,2.0,2.0,,-0.9013502254121222,-10.664465603674921,11.831655779304691,stop,21
25880,25881,25881,2024,9,16.82586949996578,0.5704179069857347,144.80000000000075,58.60000000000127,57.800000000000296,-0.8000000000009777,2.899999999999636,0.1999999999981128,1.164872935692248,8,40.58852244361901,0.7653061224490166,0.8112244897958851,London,-0.40000000000190994,-44.90000000000123,-40.900000000002024,0,0.33175515725398524,0.0118864585275288,-1.248078145384443,,,,-1.000000000000039,-16.825869499966437,16.82586949996578,stop,1
26042,26043,26046,2024,3,20.171029816029154,0.6722886011756118,66.10000000000014,40.70000000000107,67.50000000000114,26.800000000000068,28.10000000000059,0.1999999999981128,2.444099307256266,2,45.39087999063156,0.9655172413792626,0.9736308316429927,Asia,88.49999999999909,-24.399999999999977,-242.9000000000002,0,0.15175789942144968,0.8180048391426262,-1.0906731188565533,2.0,,,-1.0000000000000768,-20.171029816030703,20.171029816029154,stop,4
26101,26102,26118,2024,14,20.574844800369526,0.6849509352959215,81.29999999999882,45.69999999999936,40.800000000001546,-4.899999999997817,10.099999999999909,-0.10000000000047748,3.479977647205,13,19.164581165560435,0.21089385474862393,0.7905027932961152,Overlap,71.39999999999986,156.79999999999836,43.899999999999295,0,0.05947748749304734,3.1834991046359544,-0.39368462209996397,0.0,1.0,10.0,0.8019908206044328,16.500836665257204,20.574844800369526,stop,17
26136,26137,26138,2024,1,15.350160216393963,0.5261264020212074,113.30000000000098,20.79999999999984,32.19999999999743,11.39999999999759,12.399999999999523,-2.6999999999986812,2.312679444354453,0,40.95795170445626,0.9070422535210079,0.9718309859154399,Asia,17.199999999999704,156.49999999999977,241.89999999999827,2,0.4162918540729617,0.24103982941161853,-2.501602553893049,,,,-1.0000000000001068,-15.350160216395603,15.350160216393963,stop,2
26161,26162,26163,2024,2,13.506209353434109,0.45927030748049563,42.09999999999923,17.500000000001137,14.6000000000015,-2.899999999999636,6.499999999999773,-0.10000000000047748,1.3771443573300928,1,16.492853986937916,0.4946236559140294,0.4946236559140294,Asia,186.89999999999998,271.9999999999999,340.29999999999916,3,0.0624290578887705,4.546057179573392,-2.265624587865426,1.0,1.0,1.0,-1.0000000000001263,-13.506209353435816,13.506209353434109,stop,2
26184,26185,26202,2024,1,20.225578492454083,0.6744488173932979,206.3999999999993,4.400000000001114,13.2000000000005,8.799999999999386,27.50000000000057,-0.20000000000095497,1.6760954458062864,0,54.92069313795582,0.38938053097346764,0.44837758112090687,Asia,-28.49999999999966,175.60000000000002,314.9000000000001,4,0.6354132636393358,3.2236407984239785,-2.2199612246814118,2.0,3.0,4.0,0.9217128131272359,18.64217484940557,20.225578492454083,stop,18
26233,26234,26234,2024,2,19.775716975361185,0.6603356216628528,148.90000000000043,12.300000000001887,15.100000000001046,2.7999999999991587,10.999999999998522,-0.40000000000190994,1.8861515891672391,1,31.305020811538498,0.6729222520107538,0.7801608579088586,Asia,-20.199999999999818,40.800000000001546,244.90000000000123,0,0.5895075931891263,0.015170120020184665,-1.8709814691470543,,,,-1.0000000000000135,-19.775716975361455,19.775716975361185,stop,1
26295,26296,26297,2024,16,12.065372650151659,0.3781295183014991,49.200000000001864,16.70000000000016,20.39999999999793,3.6999999999977717,5.799999999999272,-0.1999999999981128,1.9228581389658372,15,19.987333003155072,0.8577586206895881,0.9094827586206247,NYpm,14.100000000001955,-11.299999999999955,49.70000000000141,0,0.1408695652173747,-0.049729089800842646,-1.2266508817540402,,,,-1.0000000000002256,-12.065372650154382,12.065372650151659,stop,2
26305,26306,26307,2024,2,11.736025020758241,0.35676251331203407,39.6000000000015,8.100000000001728,20.800000000002683,12.700000000000955,20.400000000000773,0.09999999999763531,2.6414394946473436,1,23.22052006182389,0.6870967741936153,0.7516129032258141,Asia,-22.700000000000387,-13.800000000000523,55.50000000000068,1,0.3083956774729912,1.976819234703798,-1.2184704765631262,0.0,0.0,,-1.0000000000001177,-11.736025020759621,11.736025020758241,stop,2
26389,26390,26400,2024,14,8.261509668230563,0.09834698210494389,32.90000000000077,9.499999999999886,16.99999999999875,7.499999999998863,15.699999999998226,9.400000000002251,2.5661169509397297,13,19.551745003596466,0.5566037735849108,0.6132075471698214,Overlap,28.700000000000614,30.099999999998772,21.50000000000034,0,0.4112256586483403,2.2514044946926055,-1.0167633201834132,0.0,0.0,0.0,-0.6540089464734589,-5.403101234399765,8.261509668230563,stop,11
26401,26402,26402,2024,2,9.277932157506106,0.17045626800060634,52.29999999999961,17.69999999999925,18.000000000000682,0.30000000000143245,1.1000000000024102,0.0,1.6382960924869772,1,19.634039175733164,0.5921052631578578,0.9473684210525726,Asia,-4.900000000000659,10.199999999997544,2.4999999999977263,1,0.5276595744680803,0.0,-1.3472829707950764,,,,-1.0000000000000433,-9.277932157506507,9.277932157506106,stop,1
26436,26437,26438,2024,13,8.499825913828891,0.11296976119290013,33.9999999999975,25.600000000000023,30.400000000000205,4.800000000000182,11.20000000000232,0.0,1.9294512812691136,12,18.11411411780739,0.4756097560975335,0.6097560975608827,Overlap,3.6000000000001364,27.40000000000009,28.79999999999825,2,0.2,1.1294348963525866,-2.5059336762821345,0.0,0.0,,-1.000000000000323,-8.499825913831637,8.499825913828891,stop,2
26496,26497,26534,2024,1,11.262555033249512,0.32534078465430655,93.99999999999977,7.099999999999795,3.0000000000001137,-4.099999999999682,2.899999999999636,6.200000000001182,0.9678088113950799,0,16.450129146491577,0.27522935779815316,0.3577981651377295,Asia,21.50000000000034,25.100000000000477,23.799999999999955,0,0.5231874591769878,1.9622545625532,-1.3496049480002517,0.0,5.0,,-0.17410923316345123,-1.9609148203002404,11.262555033249512,stop,38
26556,26557,26580,2024,13,11.164415210566135,0.31902949930301777,36.69999999999902,15.800000000001546,60.50000000000182,44.70000000000027,58.29999999999984,0.09999999999763531,6.681944248132101,12,52.954767836686756,0.7292225201072444,0.8176943699731984,Overlap,117.4999999999983,133.40000000000032,137.00000000000045,0,0.4987794955247765,8.01654169179412,-0.2328827754039041,0.0,0.0,0.0,4.008562054261187,44.753251171091826,11.164415210566135,stop,24
26599,26600,26604,2024,8,13.694596738530064,0.4690814714511397,55.90000000000259,12.300000000001887,5.299999999999727,-7.00000000000216,6.499999999999773,0.10000000000047748,1.1099268047255435,7,9.216975354576107,-0.17105263157899903,0.11184210526311976,London,4.600000000002069,146.39999999999986,162.3000000000019,2,0.05686965274282586,0.6864021029222636,-3.3881976144249935,1.0,,,-1.0000000000000038,-13.694596738530118,13.694596738530064,stop,5
26616,26617,26630,2024,1,13.240562093176683,0.44758109987595385,79.30000000000064,7.800000000000296,15.500000000000114,7.699999999999818,7.800000000000296,6.499999999999773,1.3745640005253796,0,26.269967653647086,0.8516483516482813,0.9945054945054688,Asia,97.29999999999848,126.20000000000005,238.10000000000002,3,0.31494547787045063,7.371288266553015,-0.1434984396153152,0.0,0.0,1.0,3.1994092799160474,42.36197723221412,13.240562093176683,stop,14
26646,26647,26653,2024,7,15.494087915606242,0.5335110577103593,116.59999999999968,22.8999999999985,29.09999999999968,6.200000000001182,15.900000000002024,0.30000000000143245,2.071757961801048,6,30.204873323265247,0.5109034267912842,0.6978193146417432,London,48.60000000000184,150.5000000000024,292.3000000000002,4,0.3914110429447964,1.6135186618386899,-3.995072206712595,3.0,4.0,,-1.000000000000153,-15.494087915608612,15.494087915606242,stop,7
26736,26737,26773,2024,1,11.87651990675427,0.366949818508401,108.59999999999843,3.499999999999659,3.499999999999659,0.0,6.399999999999295,7.499999999998863,1.0777567924353941,0,12.24525684859259,0.2734375000000035,0.5,Asia,25.099999999997635,47.399999999998954,59.99999999999943,0,0.022134776192811866,1.6250551635942734,-0.9093572936172591,4.0,15.0,,-0.24789783328778003,-2.944163551883571,11.87651990675427,stop,37
26789,26790,26791,2024,6,7.507201594777209,0.05605766357932477,32.49999999999886,12.79999999999859,12.599999999997635,-0.20000000000095497,0.8000000000009777,-0.09999999999763531,0.6393860534316225,5,7.019562419759495,0.708333333333136,0.791666666666272,Asia,52.00000000000102,70.59999999999889,92.9000000000002,2,0.119726339794738,1.172207764624515,-1.5052213341202147,0.0,1.0,,-1.0000000000001308,-7.50720159477819,7.507201594777209,stop,2
26808,26809,26820,2024,1,11.289343019404816,0.32819555887292406,63.30000000000098,10.400000000001342,10.599999999999454,0.1999999999981128,4.399999999998272,0.0,1.5324186686739767,0,24.76776015959956,0.6127167630057424,0.7572254335260049,Asia,35.300000000000864,80.80000000000211,100.80000000000098,3,0.6171122994651996,3.2154218308016795,-0.69977499898966,0.0,2.0,3.0,0.26856313253488456,3.0319013255521896,11.289343019404816,stop,12
26835,26836,26840,2024,4,16.051037921141354,0.5518231302661993,50.40000000000191,12.600000000000477,32.099999999999795,19.499999999999318,39.3999999999977,0.0,4.5542226215612525,3,34.867733414520785,0.5212038303693612,0.7277701778385973,Asia,266.99999999999875,354.30000000000064,372.8999999999985,4,0.33472512178148267,5.407749980184916,-6.1491350581134965,0.0,0.0,2.0,1.4650513968947028,23.515595527977986,16.051037921141354,stop,5
26857,26858,26860,2024,2,37.77935723728984,0.9586499776486366,347.39999999999895,23.799999999999955,96.29999999999939,72.49999999999943,176.400000000001,-9.000000000000341,5.325659691250836,1,155.89775563715023,0.48359840954273586,0.48359840954273586,Asia,-195.90000000000032,106.3999999999993,151.90000000000055,5,0.830697674418613,1.1064243294944747,-10.55867619701762,0.0,2.0,,-1.0000000000000262,-37.77935723729083,37.77935723728984,stop,3
26904,26905,26918,2024,1,24.906561692476274,0.8020155442341304,167.60000000000161,9.499999999999886,-0.30000000000143245,-9.800000000001319,1.3999999999981583,0.0,0.6865660628365561,0,34.13940609787005,-0.01754385964920737,0.34502923976608285,Asia,-202.00000000000102,-256.3999999999993,45.90000000000032,0,0.5160575858250177,0.9354964481926732,-1.4815372934893625,1.0,,,-1.0000000000000162,-24.90656169247668,24.906561692476274,stop,14
26976,26977,27025,2024,1,30.67981750558789,0.9028298038052146,158.89999999999986,-21.19999999999891,-24.699999999998568,-3.499999999999659,30.89999999999975,64.99999999999773,1.4243891767621828,0,31.605116660114163,-0.5652173913043366,0.21281464530890812,Asia,123.09999999999945,-148.79999999999995,-209.29999999999893,0,0.06997623448640464,5.746448784054533,-0.26401721583003507,0.0,1.0,22.0,5.589994137636662,171.49999999999895,30.67981750558789,time,49
27048,27049,27049,2024,1,18.852186491878566,0.6344738302200851,99.50000000000045,30.799999999999272,24.799999999999045,-6.000000000000227,1.099999999999568,-0.10000000000047748,2.874998081699927,0,21.25117469043687,0.4575645756457375,0.8690036900369045,Asia,1.8000000000000682,115.50000000000011,226.00000000000193,3,0.3610286844708124,0.16974158415946147,-1.0714937500060824,,,,-1.0000000000000615,-18.852186491879728,18.852186491878566,stop,1
27096,27097,27097,2024,1,10.868589111443196,0.2926559096111952,54.49999999999875,7.299999999997908,9.899999999998954,2.600000000001046,5.200000000002092,6.900000000001683,1.2789148487880664,0,16.471936441419643,0.7122302158272116,0.812949640287708,Asia,46.700000000001296,85.20000000000039,198.90000000000043,0,0.2964899178491476,0.14721322000455106,-3.9931585926182827,,,,-1.0000000000000089,-10.868589111443294,10.868589111443196,stop,1
27120,27121,27133,2024,1,11.189812870653181,0.3173350057180802,74.50000000000045,1.9000000000005457,6.799999999998363,4.899999999997817,15.099999999998204,0.0,1.5639224893469348,0,21.848193831479534,0.3885714285713729,0.41714285714277827,Asia,29.299999999997794,112.69999999999811,175.0,1,0.3239187996469598,4.28961597078049,-0.6613157954951955,0.0,0.0,5.0,1.0030819942355567,11.224299809417493,11.189812870653181,stop,13
27192,27193,27206,2024,1,21.84316740226235,0.7239780713050517,193.39999999999975,13.500000000001933,4.800000000000182,-8.70000000000175,5.699999999998795,-0.20000000000095497,1.1033198416774688,0,27.54351068441281,0.19917012448134738,0.4024896265559579,Asia,20.400000000000773,-91.7999999999978,-15.799999999998704,0,0.6432432432432539,2.3943413991592455,-0.5127461504889911,0.0,0.0,1.0,-0.08365207688844391,-1.8272263190212015,21.84316740226235,stop,14
27228,27229,27230,2024,13,16.17261664491593,0.5510931471614918,72.99999999999898,21.399999999999864,38.700000000000045,17.300000000000182,25.399999999999068,15.999999999999659,3.0916456562221266,12,40.40578004529891,0.8079999999999927,0.8380000000000223,Overlap,79.80000000000018,210.0999999999999,17.300000000000182,1,0.1978260869565115,0.1483989914986677,-1.014059775240779,,,,-1.000000000000156,-16.172616644918456,16.17261664491593,stop,2
27240,27241,27245,2024,1,12.77991500351123,0.4189591214603151,90.89999999999918,0.1999999999981128,2.5000000000005684,2.3000000000024556,6.30000000000166,-0.10000000000047748,0.9780972718962274,0,32.37222440100709,0.20000000000004547,0.6800000000000637,Asia,-13.000000000002387,87.19999999999857,-25.0,2,0.38365650969528026,0.8372512647431654,-1.1189432790492895,3.0,,,-1.00000000000014,-12.77991500351302,12.77991500351123,stop,5
27275,27276,27277,2024,12,12.885509719611097,0.42484043723864723,70.39999999999793,27.40000000000009,31.200000000001182,3.8000000000010914,7.00000000000216,0.0,1.5831736923028354,11,24.74732613801507,0.7843137254901497,0.8431372549019144,Overlap,46.10000000000127,112.89999999999907,243.1999999999988,3,0.2579250720461062,0.06984589818994126,-1.9013605618340303,,,,-1.0000000000002,-12.885509719613674,12.885509719611097,stop,2
27289,27290,27294,2024,2,12.794552211704069,0.41985628391259716,70.09999999999934,10.699999999999932,1.099999999999568,-9.600000000000364,6.19999999999834,0.10000000000047748,1.2974271959916273,1,15.854918330401802,-0.31927710843372464,0.04819277108439717,Asia,25.900000000001455,59.00000000000034,159.2000000000013,4,0.3426573426573474,0.35952801816652313,-1.3755854608103304,,,,-1.0000000000001432,-12.7945522117059,12.794552211704069,stop,5
27369,27370,27370,2024,10,10.798408344574199,0.28607983623336747,29.49999999999875,11.7999999999995,10.400000000001342,-1.3999999999981583,3.6000000000001364,0.1999999999981128,1.148317381999178,9,9.848810588658807,0.5967741935485091,0.5967741935485091,London,43.499999999997385,27.99999999999727,100.0,0,0.03805175038052718,-0.027781872145011925,-1.21314175033789,,,,-1.0000000000000047,-10.79840834457425,10.798408344574199,stop,1
27384,27385,27385,2024,1,11.170518923009785,0.3145665120017537,70.69999999999936,1.4000000000010004,10.000000000002274,8.600000000001273,11.899999999999977,0.10000000000047748,1.2891075248383008,0,32.4508705519861,0.694444444444576,0.7708333333334321,Asia,35.50000000000182,68.29999999999927,89.40000000000055,1,0.304792332268368,0.017904271178394545,-1.4771023722104257,,,,-1.0000000000000857,-11.170518923010741,11.170518923009785,stop,1
27459,27460,27462,2024,4,16.97500168842803,0.5764410114406471,80.70000000000164,18.200000000001637,23.70000000000232,5.500000000000682,10.599999999999454,-9.700000000000841,1.5670101534147418,3,25.295907721189792,0.6992481203008016,0.8082706766917691,Asia,-118.99999999999977,-153.7000000000006,-74.70000000000141,0,0.24127108670067257,0.18262148404478354,-1.119292966724672,,,,-1.000000000000076,-16.975001688429323,16.97500168842803,stop,3
27518,27519,27525,2024,15,29.55274934109724,0.8891474277404109,193.6000000000007,137.10000000000093,120.09999999999934,-17.00000000000159,0.10000000000047748,-0.30000000000143245,2.629197003066946,14,55.37404380073667,0.7799227799227576,0.7799227799227576,Overlap,79.6999999999997,-136.59999999999854,-171.2999999999994,0,0.41929824561402196,-0.030454019340496245,-1.2316958933285536,,,,-1.000000000000095,-29.552749341100046,29.55274934109724,stop,7
27564,27565,27567,2024,13,32.5487757700806,0.9244310551341149,109.09999999999798,76.90000000000055,110.00000000000227,33.10000000000173,43.10000000000116,-0.20000000000095497,4.814313174384951,12,104.14094579694222,0.7568602425015963,0.9361837906828374,Overlap,102.19999999999914,158.39999999999748,-57.90000000000077,0,0.15880654475457512,0.8909705300393924,-1.1152493186353478,0.0,,,-1.0000000000000644,-32.54877577008269,32.5487757700806,stop,3
27579,27580,27583,2024,4,21.415841841380324,0.7124356090836538,195.69999999999936,25.499999999999545,33.00000000000125,7.500000000001705,11.700000000001864,12.100000000000932,1.031946358386813,3,57.131847597068486,0.7692307692308286,0.8099547511312176,Asia,34.40000000000225,113.10000000000002,95.50000000000125,1,0.43219029966016875,0.10739713232091244,-1.0646324421365116,,,,-1.0000000000000615,-21.415841841381642,21.415841841380324,stop,4
27600,27601,27611,2024,1,14.442499973902958,0.49244209228984664,47.400000000001796,15.100000000001046,17.300000000000182,2.199999999999136,6.999999999999318,-0.20000000000095497,1.6063700911837588,0,25.0471553537011,0.7456896551724238,0.7931034482758537,Asia,6.799999999998363,143.39999999999975,199.5999999999981,2,0.26718639262933663,1.1770815323330406,-1.1978535593739155,2.0,7.0,,-1.0000000000000013,-14.442499973902978,14.442499973902958,stop,11
27673,27674,27675,2024,2,18.356272843517697,0.6186189443239335,73.19999999999993,18.80000000000166,13.100000000000023,-5.700000000001637,1.6999999999995907,0.09999999999763531,0.7844729767723918,1,21.704940670534256,0.3333333333333333,0.4861111111110453,Asia,23.799999999999955,24.800000000001887,66.0000000000025,0,0.20423892100191413,3.9005739678404003,-2.554984903515508,1.0,1.0,1.0,-0.9999999999999997,-18.356272843517694,18.356272843517697,stop,2
27726,27727,27732,2024,7,13.867691310212457,0.46931043192725436,80.4000000000002,26.400000000001,26.800000000000068,0.39999999999906777,2.6999999999986812,0.0,1.182604921983043,6,25.475127518959084,0.768292682926918,0.8597560975609883,London,16.900000000001114,74.19999999999902,75.20000000000095,0,0.4362989323843498,1.8460174391933928,-2.5166409620250105,0.0,0.0,,-1.0000000000001468,-13.867691310214491,13.867691310212457,stop,6
27771,27772,27799,2024,4,10.397582539886166,0.2521075005403848,52.899999999999636,17.599999999998772,12.299999999999045,-5.299999999999727,0.8000000000009777,-0.09999999999763531,0.750174376599437,3,10.56459094893114,0.012820512820573551,0.21794871794865722,Asia,97.90000000000134,124.00000000000091,181.29999999999882,0,0.2344900105152696,9.983089780899927,-0.34623432766127865,0.0,1.0,4.0,6.4133948361303945,66.68380216954549,10.397582539886166,stop,28
27816,27817,27817,2024,1,13.362384210766345,0.4471459914397727,116.59999999999968,-6.19999999999834,-10.099999999999909,-3.900000000001569,9.199999999998454,13.2000000000005,1.122554161248766,0,38.620953941256175,-0.6733333333333018,0.12666666666669824,Asia,-6.799999999998363,174.1000000000014,200.20000000000095,2,0.33921568627450077,0.20205974902488422,-1.2273258829651756,,,,-1.0000000000000255,-13.362384210766686,13.362384210766345,stop,1
27864,27865,27889,2024,1,11.48045228610944,0.3323040465333381,56.99999999999932,5.60000000000116,1.8000000000000682,-3.8000000000010914,0.39999999999906777,0.09999999999763531,0.8449144474677478,0,8.81083329254011,0.18556701030932365,0.5670103092782448,Asia,92.79999999999973,86.20000000000232,267.10000000000207,0,0.31968810916178414,9.91250145586107,-0.2961555795245198,0.0,0.0,7.0,5.922252629105093,67.9901387347272,11.48045228610944,stop,25
27912,27913,27913,2024,1,15.428641677828494,0.5280476002724112,54.20000000000016,11.7999999999995,41.59999999999968,29.800000000000182,32.20000000000027,0.10000000000047748,3.2083187252403245,0,44.27458288091657,0.8404040404040263,0.9515151515151501,Asia,9.899999999998954,110.29999999999802,103.70000000000061,0,0.2254335260115695,0.9851806994678256,-1.192587162513548,0.0,,,-1.0000000000001286,-15.428641677830479,15.428641677828494,stop,1
27948,27949,27950,2024,13,15.68987579363467,0.5362448541256488,102.1000000000015,36.000000000001364,43.00000000000068,6.999999999999318,10.699999999999932,12.000000000000455,1.8483256579868688,12,35.852688762591356,0.868965517241351,0.8724137931034361,Overlap,71.10000000000127,88.59999999999957,181.60000000000025,1,0.4638720353005852,1.943928709261958,-2.568535310926345,0.0,1.0,,-1.0000000000000875,-15.689875793636043,15.68987579363467,stop,2
27964,27965,27972,2024,5,14.812935513196773,0.5052055382633895,99.10000000000139,21.50000000000034,16.399999999998727,-5.100000000001614,1.3999999999981583,0.0,0.9991267420839283,4,23.519698663869804,0.11486486486484021,0.5608108108108147,Asia,-2.5000000000005684,78.49999999999966,178.89999999999873,2,0.38266919671091115,0.27678511098288744,-1.383925554913478,,,,-1.000000000000115,-14.812935513198477,14.812935513196773,stop,8
27989,27990,27990,2024,6,12.048525645954237,0.36931655704889904,47.59999999999991,25.29999999999859,37.89999999999907,12.600000000000477,15.100000000001046,0.10000000000047748,1.61845528432329,5,28.83620659600581,0.7897435897435987,0.8717948717948382,Asia,9.800000000001319,78.40000000000202,95.90000000000032,3,0.1167883211678779,0.514585782708034,-1.7014529912115914,0.0,,,-1.0000000000001417,-12.048525645955943,12.048525645954237,stop,1
28082,28083,28086,2024,3,14.8772901813181,0.5066799672236275,85.69999999999993,25.799999999998136,14.399999999997704,-11.400000000000432,1.4000000000010004,0.0,1.183011138822826,2,17.425381997193767,0.15340909090902669,0.2727272727271406,Asia,47.100000000000364,-3.0000000000001137,-15.799999999998704,0,0.32986472424558055,0.578062261016016,-1.4585989609349592,0.0,,,-1.0000000000000495,-14.877290181318836,14.8772901813181,stop,4
28105,28106,28107,2024,2,13.371191541263698,0.44471735725473444,77.5999999999982,18.599999999997863,20.79999999999984,2.200000000001978,6.900000000001683,-0.10000000000047748,0.9946757518921913,1,29.661238777489984,0.5338345864661108,0.6466165413534316,Asia,26.200000000000045,87.30000000000189,0.6000000000000227,1,0.35718849840254835,0.3365444273320387,-1.0769421674621837,,,,-1.000000000000178,-13.37119154126608,13.371191541263698,stop,2
28200,28201,28221,2024,1,24.279353059805125,0.7877745059779331,120.19999999999982,21.50000000000034,21.50000000000034,0.0,2.7999999999991587,0.0,1.1903117817353692,0,32.16815098091672,0.7439446366782453,0.9031141868512359,Asia,21.000000000000796,8.70000000000175,-296.9999999999999,0,0.11423390752493838,1.9893446040769804,-0.4901283807144674,0.0,0.0,,-0.3495743300624392,-8.48743858023081,24.279353059805125,stop,21
28272,28273,28278,2024,1,24.748136759737637,0.798294348703068,193.99999999999977,22.100000000000364,3.300000000001546,-18.799999999998818,1.9000000000005457,0.0,1.430410715104428,0,25.50443921111878,0.09322033898309848,0.41525423728812877,Asia,29.90000000000066,-88.50000000000193,-22.49999999999943,0,0.4969615124915597,2.5941346867149035,-0.35558232465871814,0.0,0.0,4.0,-0.33897024976249607,-8.388882098604677,24.748136759737637,stop,6
28400,28401,28405,2024,9,41.65678787364237,0.9701976256737239,237.70000000000095,61.89999999999998,59.99999999999943,-1.9000000000005457,11.299999999999955,-0.09999999999763531,1.3659238482956626,8,55.4546259717597,0.6731107205623874,0.7680140597539524,London,1.8000000000000682,-204.20000000000016,-375.7000000000005,0,0.3316708229426394,1.0346453051237767,-1.531563119881503,1.0,2.0,,-1.0000000000000482,-41.65678787364438,41.65678787364237,stop,5
28444,28445,28453,2024,5,26.238331163390725,0.8302205339242377,133.6999999999989,51.80000000000007,60.40000000000134,8.600000000001273,9.100000000000819,-0.20000000000095497,1.4520740577113913,4,46.175959981741244,0.9553805774278323,0.9868766404199595,Asia,-117.70000000000209,-104.20000000000016,-310.2000000000004,0,0.4995121951219489,2.9270154234182386,-0.5869275718833303,0.0,0.0,1.0,-0.2601593855983528,-6.826148114593844,26.238331163390725,stop,9
28560,28561,28573,2024,1,88.33946582030426,0.9997197603951379,426.400000000001,13.999999999998636,-76.00000000000193,-90.00000000000057,42.50000000000114,0.6000000000000227,1.7296912380115606,0,77.53119590921926,-0.4973821989528857,0.13285340314136146,Asia,-105.60000000000116,-446.9999999999999,-791.9999999999987,0,0.042203147353362495,1.396884154258019,-1.138788864816497,2.0,4.0,,-1.0000000000000024,-88.33946582030447,88.33946582030426,stop,13
28585,28586,28607,2024,2,79.76641019224432,0.998390032199356,232.00000000000216,162.2000000000014,198.60000000000184,36.40000000000043,112.29999999999905,0.49999999999954525,3.6694643684549115,1,176.54347349904924,0.6836351212845951,0.7406901264092969,Asia,154.49999999999875,-21.50000000000034,-350.30000000000143,1,0.24570118456247908,1.452992553139468,-1.4717974610748552,1.0,2.0,,-0.5727540738530481,-45.68653639424124,79.76641019224432,stop,22
28669,28670,28671,2024,14,25.260048611034012,0.8010538805136795,150.10000000000048,69.70000000000027,70.3000000000003,0.6000000000000227,45.40000000000077,43.70000000000118,2.181310133185294,13,54.45043906589717,0.10526315789472056,0.18693284936480148,Overlap,38.80000000000052,73.90000000000043,122.79999999999802,0,0.6266094420601165,0.629452470374653,-2.137763106932862,0.0,,,-1.0000000000000497,-25.260048611035266,25.260048611034012,stop,2
28729,28730,28732,2024,2,28.260922735628153,0.8605655383758184,150.9999999999991,30.500000000000682,24.500000000000455,-6.000000000000227,3.100000000000591,0.10000000000047748,1.4578434110383929,1,33.82160166656263,0.7014563106795703,0.7791262135922165,Asia,195.50000000000125,220.50000000000125,153.30000000000155,0,0.16556627729811563,0.20523038310741834,-1.0403057350613008,,,,-1.0000000000000764,-28.26092273563031,28.260922735628153,stop,3
28920,28921,28925,2024,1,27.956746719100188,0.8502438855640503,120.79999999999984,14.799999999999613,34.00000000000034,19.200000000000728,20.700000000002206,0.0,1.4629742298326485,0,41.24974905405452,0.8312958435207496,0.9633251833740488,Asia,-53.89999999999873,-224.2999999999995,-135.69999999999993,0,0.3451111787998828,0.4149266764317827,-1.0051241041147212,,,,-1.0000000000000961,-27.956746719102874,27.956746719100188,stop,5
28980,28981,28983,2024,13,29.5165300415738,0.8755825594642179,112.80000000000143,60.09999999999991,96.09999999999843,35.99999999999852,38.700000000000045,0.0,3.072854426731422,12,75.85876726823528,0.8875413450936813,0.9702315325247907,Overlap,45.599999999998886,38.700000000000045,-131.70000000000073,0,0.20645354048401254,0.5115777491030556,-1.443259080250863,1.0,,,-1.0000000000000273,-29.516530041574605,29.5165300415738,stop,3
29004,29005,29006,2024,13,23.120251473598746,0.741333517298472,128.39999999999918,66.30000000000109,74.39999999999998,8.099999999998886,19.300000000001205,-0.10000000000047748,2.1582810228937537,12,58.87996244567546,0.4248496993987798,0.7755511022043602,Overlap,122.20000000000084,214.7999999999996,176.09999999999957,1,0.11829025844930392,0.328716147775376,-1.4229949028698767,,,,-1.0000000000001035,-23.120251473601137,23.120251473598746,stop,2
29016,29017,29018,2024,1,20.487162121285966,0.6704823638933903,159.30000000000177,-15.500000000000114,-21.20000000000175,-5.700000000001637,29.800000000000182,28.80000000000109,1.8889878339856114,0,42.14377190023413,-0.5478036175711041,0.08268733850124607,Asia,63.49999999999909,231.29999999999882,224.39999999999998,2,0.7360762669342641,0.4002506521624331,-1.449688337709733,,,,-1.0000000000001368,-20.48716212128877,20.487162121285966,stop,2
29040,29041,29041,2024,1,20.120508017216906,0.6581114135115582,139.9000000000001,42.09999999999923,37.299999999999045,-4.800000000000182,3.499999999999659,0.30000000000143245,2.6987390156121656,0,39.30924380602221,0.6869244935543022,0.8471454880294707,Asia,-138.4999999999991,47.20000000000084,139.7999999999996,3,0.3956834532374111,0.06958074810054672,-2.6987390156121656,,,,-1.0000000000000873,-20.12050801721866,20.120508017216906,stop,1
29208,29209,29209,2024,1,33.39032555642677,0.9195410172974825,196.7000000000013,3.700000000000614,4.599999999999227,0.899999999998613,27.50000000000057,0.20000000000095497,1.0152641351972382,0,50.7301578608093,0.13569321533921078,0.21533923303828725,Asia,-112.60000000000048,-167.20000000000255,-187.60000000000048,0,0.08395009515753804,0.035938553458310825,-1.3117572012282601,,,,-1.0000000000000793,-33.39032555642941,33.39032555642677,stop,1
29293,29294,29304,2024,14,31.851218905251894,0.9017418032786885,166.40000000000157,44.50000000000216,78.5000000000025,34.00000000000034,42.199999999999704,-0.10000000000047748,2.492840234346855,13,84.92902692337623,0.7707808564231922,0.8967254408060548,Overlap,121.0000000000008,49.70000000000141,-22.30000000000132,0,0.3877973112719662,2.7377288216000784,-0.1977946281660204,0.0,2.0,5.0,-0.050970276787111,-1.6234654436075515,31.851218905251894,stop,11
29323,29324,29326,2024,20,44.62029961923898,0.9727737973387922,214.40000000000055,45.599999999998886,43.09999999999832,-2.5000000000005684,24.70000000000141,0.20000000000095497,3.5499537509089882,19,68.64167978617957,0.8257575757575695,0.8282828282828162,NYpm,69.3000000000012,191.9000000000011,6.400000000002137,1,0.04292527821939224,0.09636869399571318,-1.2819277433837413,,,,-1.0000000000000482,-44.62029961924113,44.62029961923898,stop,3
29328,29329,29331,2024,1,46.12296291449643,0.9767354596622889,231.60000000000025,5.299999999999727,78.79999999999825,73.49999999999852,84.00000000000034,-0.10000000000047748,1.936128868510594,0,140.13327426938815,0.8824188129899013,0.8824188129899013,Asia,16.29999999999825,206.60000000000025,135.30000000000086,2,0.31482433590402664,0.9669803755383206,-1.192464588668301,0.0,,,-1.0000000000000044,-46.12296291449663,46.12296291449643,stop,3
29362,29363,29364,2024,11,45.09972374664368,0.9732529217349825,190.5000000000001,108.39999999999748,139.49999999999818,31.100000000000705,32.30000000000075,-0.1999999999981128,1.0997850070798307,10,121.45553488342955,0.6411290322580194,0.9758064516129028,London,94.5999999999998,180.19999999999925,302.79999999999916,3,0.2588961510530151,0.3614212825685908,-1.5343774695549124,,,,-1.000000000000003,-45.099723746643825,45.09972374664368,stop,2
29406,29407,29410,2024,7,30.655324046463466,0.8845643520566121,129.6999999999997,82.69999999999982,79.39999999999827,-3.300000000001546,0.7000000000005002,-0.10000000000047748,1.2885200606632607,6,65.03431035009726,0.8481012658227111,0.8987341772151407,London,-68.70000000000118,8.400000000000318,93.99999999999977,0,0.1228956228956208,0.7861603408097612,-1.8398109220608891,0.0,,,-1.0000000000000548,-30.655324046465147,30.655324046463466,stop,4
29441,29442,29458,2024,18,28.17600565355511,0.8446037787141498,179.20000000000016,173.4000000000009,160.59999999999945,-12.800000000001432,6.100000000000705,-0.10000000000047748,0.9085744911741932,17,53.719319959529344,0.07421874999991022,0.2617187499999172,NYpm,176.80000000000007,90.60000000000059,201.49999999999864,1,0.35418038183014466,2.260788870617136,-0.8021009179896126,0.0,7.0,13.0,-0.7359879825967982,-20.737201558596006,28.17600565355511,stop,17
29472,29473,29474,2024,1,30.554519784695998,0.88244679045453,110.29999999999802,13.100000000000023,38.10000000000002,25.0,25.900000000001455,-0.10000000000047748,1.7542412833746137,0,67.46664394691777,0.7108208955223867,0.9832089552238535,Asia,-293.1999999999988,-79.59999999999923,-165.7999999999987,3,0.2437610284849983,0.3469208508166026,-1.6560561369170759,,,,-1.000000000000024,-30.55451978469673,30.554519784695998,stop,2
29520,29521,29529,2024,1,33.469057160371975,0.9161554885281459,227.2999999999996,20.09999999999934,24.899999999999523,4.800000000000182,20.400000000000773,0.0,1.299707959849705,0,71.22116688981919,0.5724137931034343,0.6413793103448159,Asia,0.9000000000014552,-135.89999999999804,77.70000000000152,0,0.29487771112136185,1.6612359210952812,-1.0487298710510482,2.0,2.0,,-1.000000000000029,-33.46905716037295,33.469057160371975,stop,9
29554,29555,29594,2024,11,35.85799759535887,0.9352086930029451,156.00000000000023,80.50000000000068,106.70000000000073,26.200000000000045,32.59999999999934,0.09999999999763531,2.1808245090105007,10,81.62110716046413,0.6777493606138275,0.9181585677749432,London,285.19999999999754,442.4999999999983,186.099999999999,1,0.27505219206680886,6.796252338182528,-0.5075576223016546,1.0,1.0,2.0,4.6683499510889686,167.39768132044193,35.85799759535887,stop,40
29604,29605,29618,2024,13,37.28378271639374,0.9435639214626069,93.80000000000166,39.79999999999961,179.9999999999983,140.19999999999868,145.19999999999982,-0.10000000000047748,6.1393985084929135,12,194.99784329487397,0.8951507208387786,0.978156400174744,Overlap,178.89999999999873,490.7999999999987,648.0999999999995,3,0.439024390243901,0.9306995554596234,-1.1801377648478264,3.0,,,-1.000000000000067,-37.28378271639624,37.28378271639374,stop,14
29665,29666,29695,2024,2,22.847674520296653,0.7195804667476056,103.90000000000157,24.100000000001387,3.4000000000020236,-20.699999999999363,4.900000000000659,0.0,1.1904931495692899,1,3.182906921188078,-0.18382352941168864,0.05882352941183232,Asia,101.90000000000055,52.899999999999636,258.5000000000008,0,0.12633181126332582,5.956842560895984,-0.4770726224375731,1.0,3.0,4.0,3.3231123415340798,75.92538917375154,22.847674520296653,stop,30
29736,29737,29760,2024,1,16.594500348604278,0.5335598694613599,88.10000000000002,-2.400000000000091,-8.899999999999864,-6.499999999999773,8.499999999997954,21.50000000000034,1.3679230783173069,0,18.9063109171002,-0.39207048458148513,0.3392070484582612,Asia,62.39999999999952,55.50000000000068,158.7999999999994,0,0.4236149972020092,4.5557261991535976,-0.48811352133781816,1.0,6.0,10.0,2.0444599820506983,33.92679188484781,16.594500348604278,stop,24
29800,29801,29806,2024,17,23.024329049848806,0.723872830429382,90.99999999999966,66.90000000000111,65.50000000000011,-1.4000000000010004,1.4999999999986358,0.10000000000047748,0.343115318709044,16,33.93373105876378,0.3544303797466943,0.6329113924051453,NYpm,47.400000000001796,47.100000000000364,40.20000000000152,0,0.10364145658262848,0.22584805788450277,-1.0032865648326523,,,,-1.0000000000000797,-23.024329049850643,23.024329049848806,stop,6
29816,29817,29817,2024,9,17.514453045353854,0.5620575109888266,94.40000000000168,24.200000000001864,27.200000000001978,3.0000000000001137,6.399999999999295,0.09999999999763531,0.7765015535901824,8,26.26738845716261,0.4632352941177838,0.7500000000000523,London,53.89999999999873,38.59999999999957,139.40000000000055,1,0.1605682307361247,-0.05138613222280216,-1.3303298675477893,,,,-1.0000000000000682,-17.514453045355047,17.514453045353854,stop,1
29870,29871,29919,2024,15,19.225124407985113,0.6159024684328633,79.20000000000016,55.19999999999925,63.299999999998136,8.099999999998886,12.100000000000932,10.000000000002274,0.9518794059091368,14,44.52352370815049,0.6010928961747132,0.7814207650272358,Overlap,111.70000000000186,105.79999999999927,90.50000000000011,0,0.3075808788025156,15.292488816243516,-0.2704793940286076,0.0,0.0,2.0,13.39393153123359,257.50000000000034,19.225124407985113,time,49
29976,29977,29983,2024,1,24.634368755734638,0.7646430597737209,92.59999999999877,-57.70000000000266,50.799999999998136,108.5000000000008,110.10000000000275,71.10000000000127,2.8902709343192363,0,123.3387377884327,0.713483146067372,0.9775280898876135,Asia,89.79999999999961,37.299999999999045,252.19999999999914,0,0.5619930475086847,1.648103931648312,-1.2746419569890415,0.0,0.0,,-1.0000000000000968,-24.63436875573702,24.634368755734638,stop,7
30048,30049,30050,2024,1,24.2789324466031,0.7551190278008989,71.20000000000175,25.200000000000955,28.600000000000136,3.3999999999991815,8.899999999999864,-0.10000000000047748,1.7340136388860188,0,26.256890304350122,0.6793349168645779,0.8693586698337195,Asia,-125.99999999999909,-116.29999999999825,19.000000000002615,0,0.08009422850412094,0.31714738763471195,-1.4786482098812737,,,,-1.0000000000000573,-24.278932446604493,24.2789324466031,stop,2
30120,30121,30133,2024,1,22.833895507701314,0.7175075563822367,75.89999999999861,1.3999999999981583,0.2999999999985903,-1.099999999999568,10.900000000000887,0.0,1.2525239064159708,0,16.647436791060954,0.01048951048946115,0.5804195804195665,Asia,-83.60000000000127,-53.90000000000157,-182.20000000000027,0,0.09035355739851328,1.112381371432444,-1.4452198920183512,0.0,4.0,,-1.0000000000000948,-22.83389550770348,22.833895507701314,stop,13
30144,30145,30175,2024,1,35.16616888522345,0.9310344827586207,120.90000000000032,110.40000000000134,147.7000000000004,37.299999999999045,37.39999999999952,-0.10000000000047748,4.646511268637536,0,97.45115691305841,0.903916768665845,0.9993880048959579,Asia,287.00000000000045,136.40000000000043,107.0999999999998,1,0.161061946902651,5.073057590727897,-0.8019070855297986,0.0,1.0,1.0,2.2936155473104813,80.65767169449461,35.16616888522345,stop,31
30218,30219,30245,2024,3,26.27006648169158,0.8009269988412514,122.70000000000039,45.60000000000173,47.70000000000039,2.0999999999986585,6.499999999999773,30.19999999999925,1.1343709396688708,2,56.28543852491816,0.5536912751677552,0.8523489932885541,Asia,91.29999999999825,-78.90000000000157,124.49999999999761,0,0.07705882352941112,2.5275916239602125,-0.3578217058015654,1.0,2.0,10.0,0.1574553556545139,4.136362660942472,26.27006648169158,stop,27
30264,30265,30265,2024,1,20.41541542921464,0.6464249115731712,152.00000000000102,26.69999999999959,27.50000000000057,0.8000000000009777,0.8000000000009777,0.0,1.3715126247165104,0,52.32006098920294,0.9821428571428734,1.0,Asia,75.99999999999909,280.7999999999993,110.59999999999945,2,0.4170243204578113,-0.009796518748021812,-1.685001224651677,,,,-1.00000000000011,-20.415415429216885,20.41541542921464,stop,1
30288,30289,30302,2024,1,24.197255928393325,0.7492650701899257,128.40000000000202,20.600000000001728,30.000000000001137,9.399999999999409,14.999999999997726,0.0,1.5208336064593992,0,51.34610909334185,0.8152173913043897,0.8478260869565654,Asia,106.49999999999977,296.0000000000008,330.89999999999975,3,0.21982637916550252,2.124207809022166,-0.8596016036509698,0.0,1.0,9.0,-0.8119933877174341,-19.648011814761865,24.197255928393325,stop,14
30312,30313,30313,2024,1,26.67251724143637,0.8098617116076439,113.10000000000002,5.500000000000682,14.900000000000091,9.399999999999409,21.100000000001273,-0.10000000000047748,1.1734925397808493,0,57.87896974530611,0.4760383386581246,0.6261980830670529,Asia,-223.3000000000004,-40.800000000001546,163.99999999999864,4,0.322273208612772,0.026244242103848982,-1.1584958300071146,,,,-1.0000000000000688,-26.672517241438207,26.67251724143637,stop,1
30384,30385,30399,2024,1,32.933264151408885,0.9077080109314807,151.80000000000007,7.699999999999818,19.900000000001228,12.20000000000141,14.000000000001478,0.20000000000095497,1.0718645998073875,0,44.88500489654825,0.5637393767705592,0.9490084985835687,Asia,55.400000000000205,102.40000000000009,-14.400000000000546,0,0.11910506690063682,2.9119494368704326,-0.7074913647453811,3.0,5.0,6.0,0.4552781264148302,14.993794799578131,32.933264151408885,stop,15
30631,30632,30640,2024,8,31.759108724963397,0.8926775099614606,158.80000000000223,62.10000000000093,76.80000000000007,14.699999999999136,20.199999999999818,0.0,1.4421059607381228,7,58.05382137442052,0.8187772925764221,0.8799126637554432,London,93.39999999999975,82.30000000000075,-78.9999999999992,0,0.08944246737841323,2.635464386763839,-1.0642616042128348,1.0,1.0,3.0,-0.573095398180629,-18.20099906059479,31.759108724963397,stop,9
30682,30683,30685,2024,11,25.41394854434829,0.771332615996609,104.09999999999968,57.399999999998386,44.99999999999886,-12.399999999999523,0.30000000000143245,0.30000000000143245,0.7790997123272289,10,39.265411331848554,-0.020202020201972353,0.35858585858583464,London,-12.899999999999068,37.60000000000048,26.500000000001478,0,0.1770670826833128,0.2951135273967335,-3.6633425867505527,,,,-1.0000000000000762,-25.413948544350227,25.41394854434829,stop,3
30708,30709,30725,2024,13,21.711442498366566,0.6748656132920671,133.7999999999994,80.80000000000211,87.5,6.699999999997885,14.300000000000068,-9.900000000001796,1.856164094257391,12,54.23185149284677,0.6799007444167714,0.8114143920595086,Overlap,139.7999999999996,84.00000000000034,187.2000000000014,1,0.1398601398601319,3.5511228701548516,-0.3546517003914538,0.0,2.0,2.0,0.6106883513617117,13.258925025012081,21.711442498366566,stop,17
30753,30754,30757,2024,10,32.022720012534,0.8954131424853611,128.60000000000014,34.10000000000082,83.89999999999986,49.799999999999045,54.20000000000016,0.10000000000047748,5.364940889866869,9,90.68078055084356,0.6135040745052335,0.9743888242141964,London,41.59999999999968,226.49999999999864,170.69999999999936,3,0.3474630700064169,0.5277502970823931,-1.986089875410518,3.0,,,-1.0000000000000582,-32.02272001253586,32.022720012534,stop,4
30792,30793,30841,2024,1,25.99542904137957,0.7854056337112967,97.29999999999848,17.599999999998772,22.59999999999991,5.000000000001137,18.000000000000682,0.6000000000000227,1.531038396659886,0,37.09413329676181,0.5678391959799027,0.6733668341708625,Asia,109.39999999999941,184.4999999999999,369.39999999999884,0,0.17426273458445576,6.331882414327185,-0.7193572366215478,2.0,7.0,8.0,4.866240130087377,126.50000000000009,25.99542904137957,time,49
30883,30884,30884,2024,20,25.0050273408026,0.7605766115970197,118.30000000000211,77.30000000000246,107.8000000000003,30.49999999999784,31.89999999999884,0.09999999999763531,3.835228759918731,19,83.51499951060646,0.9593326381647387,0.9854014598540042,NYpm,109.699999999998,98.19999999999993,241.10000000000014,0,0.4035846724351011,0.4799034944633708,-1.311736218199418,,,,-1.0000000000000373,-25.00502734080353,25.0050273408026,stop,1
30888,30889,30890,2024,1,26.97126572344986,0.8078056680161944,153.20000000000107,20.09999999999934,15.899999999999181,-4.200000000000159,2.5000000000005684,-0.1999999999981128,1.312507924654912,0,64.19154057972776,0.4491525423728412,0.8107344632768227,Asia,298.19999999999993,355.2999999999997,505.7999999999993,1,0.35863377609108227,1.6387810810662675,-1.3681226672249827,1.0,1.0,,-1.0000000000000298,-26.971265723450664,26.97126572344986,stop,2
30912,30913,30913,2024,1,32.05130928401511,0.8957571442441503,334.1000000000008,15.700000000001069,9.000000000000341,-6.700000000000728,12.000000000000455,0.0,1.010879141095182,0,78.20487657291437,0.2777777777777778,0.4228395061728249,Asia,-123.99999999999807,283.89999999999986,272.4000000000018,2,0.583817344281997,0.09983991516992408,-1.8844783988316407,,,,-1.0000000000000226,-32.05130928401584,32.05130928401511,stop,1
30960,30961,30961,2024,1,18.20169361161399,0.5638672569231267,92.9000000000002,8.499999999997954,12.999999999999545,4.500000000001592,12.700000000000955,0.0,1.2746066654586834,0,29.81556134863297,0.560344827586189,0.6465517241379575,Asia,-12.5,-59.099999999997976,348.79999999999995,0,0.32593619972260734,-0.0494459482289246,-1.4449204871362291,,,,-1.0000000000000089,-18.201693611614154,18.20169361161399,stop,1
31008,31009,31031,2024,1,9.789160208224802,0.18470721084045813,41.70000000000016,22.49999999999943,20.300000000000296,-2.199999999999136,2.5000000000005684,0.0,3.0850450250705066,0,23.110599042317403,0.6721854304635394,0.8443708609271728,Asia,64.30000000000007,58.29999999999984,11.700000000001864,0,0.09568162574089392,7.651320277409677,-0.9704611833827372,0.0,0.0,10.0,4.01624145683881,39.315631055909286,9.789160208224802,stop,23
31056,31057,31057,2024,1,15.773773578687988,0.4914151338465999,59.80000000000132,5.100000000001614,4.600000000002069,-0.49999999999954525,3.999999999999204,13.299999999998136,1.8321551184838636,0,14.765296652782922,0.15916955017308898,0.8442906574394827,Asia,-76.10000000000241,-11.800000000002342,-17.80000000000257,0,0.015137180700100039,0.03803782252907987,-1.420078707752195,,,,-1.0000000000000064,-15.773773578688088,15.773773578687988,stop,1
31127,31128,31128,2025,0,8.1900047935593,0.08272803239699171,152.5999999999982,36.19999999999948,51.59999999999911,15.399999999999636,23.00000000000182,0.0,6.6910827748349355,23,47.32542814646479,0.8302919708028879,0.8613138686130993,Asia,51.59999999999911,-6.400000000002137,57.89999999999793,0,1.0,0.7692303190049463,-5.103782116570887,0.0,,,-1.0000000000001412,-8.190004793560457,8.1900047935593,stop,1
31145,31146,31152,2025,18,29.01403099065951,0.8477129641526404,62.5,7.600000000002183,-13.700000000000045,-21.30000000000223,7.299999999997908,0.0,1.2476722042398503,17,39.82103699487425,-0.2651933701657597,0.20994475138120028,NYpm,-34.699999999998,35.000000000002274,-41.100000000000136,1,0.09670834396529601,0.34466082990059443,-1.3855365362000291,,,,-1.00000000000008,-29.01403099066183,29.01403099065951,stop,7
31176,31177,31187,2025,1,21.169523053064495,0.6574463305843469,62.000000000000455,-1.4999999999986358,7.900000000000773,9.399999999999409,33.59999999999843,26.300000000000523,1.5493972121045105,0,30.735906175473815,0.24085365853660676,0.262195121951256,Asia,49.500000000000455,3.700000000000614,73.40000000000089,0,0.17775665399239204,1.7194530036769617,-2.04066949886928,1.0,9.0,,-1.0000000000000278,-21.169523053065085,21.169523053064495,stop,11
31200,31201,31205,2025,1,27.95975503861688,0.8267226729085837,171.8999999999994,22.20000000000084,36.40000000000043,14.19999999999959,26.200000000000045,0.0,1.7382126536114015,0,54.837355038722535,0.7489711934156622,0.753086419753072,Asia,48.60000000000184,87.00000000000045,103.90000000000157,1,0.14246348856434315,1.087277050818786,-1.1659615742331628,0.0,0.0,,-1.0000000000000582,-27.959755038618503,27.95975503861688,stop,5
31235,31236,31238,2025,12,21.92214894666049,0.6784639036576773,106.1000000000007,20.300000000000296,15.200000000001523,-5.099999999998772,12.700000000000955,-0.30000000000143245,1.076536796525915,11,27.88971241753302,0.19915254237297372,0.2457627118644772,Overlap,-3.500000000002501,94.5999999999998,48.799999999999955,2,0.26859000406338185,0.7526634382490853,-1.0947831829075365,0.0,,,-1.0000000000000644,-21.9221489466619,21.92214894666049,stop,3
31276,31277,31280,2025,5,16.749178083986532,0.5166490739852222,75.0,28.400000000002024,34.499999999999886,6.099999999997863,8.199999999999363,-0.10000000000047748,1.0507978308994477,4,26.469597342253337,0.8579545454543647,0.8806818181817438,Asia,-38.39999999999861,-56.60000000000025,41.500000000002046,0,0.23770067322631133,0.2865812266090945,-3.862876116999268,,,,-1.0000000000000957,-16.749178083988134,16.749178083986532,stop,4
31321,31322,31349,2025,2,35.65717261373308,0.934297943017759,105.4000000000002,65.50000000000011,12.600000000000477,-52.899999999999636,6.299999999998818,0.39999999999906777,2.790462414893658,1,-3.696631074024026,-0.1025125628140767,0.40502512562814197,Asia,73.99999999999807,0.39999999999906777,-17.80000000000257,0,0.0014807502467917874,2.1061681141559805,-0.7011212097722926,0.0,7.0,15.0,0.16017138271419276,5.711258641220274,35.65717261373308,stop,28
31426,31427,31429,2025,11,22.14495183110966,0.6824244739439086,139.50000000000102,5.900000000002592,5.900000000002592,0.0,3.1999999999982265,7.199999999997431,0.7857321222779452,10,31.085734445008484,0.5114942528736993,0.8160919540230974,London,-97.00000000000273,-94.80000000000075,-203.40000000000202,0,0.2321981424148743,0.3612561481738107,-2.993910327989909,,,,-1.0000000000000322,-22.14495183111037,22.14495183110966,stop,3
31479,31480,31501,2025,16,27.290030035591084,0.8114154960910189,146.0000000000008,49.19999999999902,65.7999999999987,16.59999999999968,19.10000000000025,0.0,1.381456889231467,15,54.92947344942252,0.6604774535808725,0.9336870026525065,NYpm,69.10000000000025,18.999999999999773,21.20000000000175,0,0.3356293049467743,1.2641979490315163,-1.117624273781318,0.0,1.0,,-0.8819997303025948,-24.06979913134105,27.290030035591084,stop,22
31650,31651,31665,2025,19,29.090891584018614,0.84631918323482,141.4999999999992,111.50000000000091,104.80000000000018,-6.700000000000728,1.4000000000010004,0.1999999999981128,1.591563457801947,18,44.72638889288589,0.8142548596112126,0.8250539956803167,NYpm,109.59999999999752,-37.80000000000143,-73.79999999999995,0,0.2363409303777743,2.530001522553361,-0.5362503227150237,5.0,5.0,5.0,-0.2993600384187817,-8.708650422228425,29.090891584018614,stop,15
31784,31785,31786,2025,9,29.206886839047556,0.8470303106606654,149.39999999999998,54.59999999999923,51.200000000000045,-3.3999999999991815,11.50000000000091,49.799999999999045,1.4072023569815157,8,53.19177329726301,0.5352798053527935,0.6374695863746949,London,41.100000000000136,-86.19999999999948,-347.999999999999,0,0.17624625442658204,0.03766235018693562,-1.1195989555546266,,,,-1.0000000000000868,-29.206886839050092,29.206886839047556,stop,2
31815,31816,31816,2025,16,21.55705105979104,0.6584805987044839,96.89999999999941,75.0,70.50000000000125,-4.4999999999987494,5.799999999999272,-0.20000000000095497,1.6792649374719426,15,38.435369670554564,0.5497237569061192,0.715469613259719,NYpm,97.69999999999754,159.89999999999895,-136.6000000000014,1,0.4398009950248724,0.16699872306351685,-1.173629914862939,,,,-1.000000000000014,-21.55705105979134,21.55705105979104,stop,1
31824,31825,31854,2025,1,23.022067320051594,0.6999779950331646,112.00000000000045,0.20000000000095497,42.00000000000159,41.80000000000064,46.000000000000796,0.0,2.176172943268424,0,77.61555118912611,0.838323353293437,0.9161676646706564,Asia,146.7000000000013,285.499999999999,158.19999999999936,2,0.5682565789473534,6.975915662453181,-0.5299263454664951,0.0,0.0,2.0,3.504558884309894,80.68219056166728,23.022067320051594,stop,30
31924,31925,31926,2025,5,18.387477794199643,0.5578013851023158,88.30000000000098,67.79999999999973,70.79999999999984,3.0000000000001137,8.00000000000125,-0.10000000000047748,0.8647189232781943,4,42.95301832183611,0.4025157232703447,0.6855345911949371,Asia,48.399999999998045,-106.50000000000261,-84.49999999999989,0,0.21596244131456682,0.3698168980057871,-1.462952140640156,,,,-1.000000000000143,-18.387477794202276,18.387477794199643,stop,2
31946,31947,31948,2025,3,20.939901106765053,0.638085992546895,80.59999999999832,29.90000000000066,10.900000000000887,-18.999999999999773,8.70000000000175,0.0,1.6141432487034268,2,9.791785964895894,-0.31065088757391374,0.18047337278107403,Asia,-70.19999999999982,-103.60000000000014,-301.400000000001,1,0.08477585441633435,0.2340030153445957,-1.4183448072924127,,,,-1.0000000000001112,-20.939901106767387,20.939901106765053,stop,2
32040,32041,32042,2025,1,24.267788397252996,0.7294158054141818,106.89999999999884,0.10000000000047748,23.699999999999477,23.599999999999,27.700000000001523,0.10000000000047748,1.1496721309454236,0,48.085912265261754,0.8494623655913036,0.8530465949820014,Asia,-85.89999999999804,-42.900000000000205,-287.0999999999981,0,0.5045342126957938,0.5892584757176145,-1.421637581276351,0.0,,,-1.0000000000000695,-24.267788397254684,24.267788397252996,stop,2
32097,32098,32100,2025,10,28.397179416931305,0.8296035407056477,126.59999999999911,100.69999999999766,96.09999999999843,-4.599999999999227,8.100000000001728,0.10000000000047748,1.1867375807017204,9,51.68033310531541,0.36201780415424134,0.623145400593463,London,120.79999999999984,17.600000000001614,60.599999999999454,0,0.13967789165446937,0.41201275057007775,-1.0388355676764822,,,,-1.0000000000000164,-28.39717941693177,28.397179416931305,stop,3
32119,32120,32143,2025,8,34.32851681315395,0.9231919267426649,137.99999999999955,7.499999999998863,34.59999999999752,27.09999999999866,40.60000000000059,0.20000000000095497,1.8468610323329766,7,67.11178805775546,0.61671924290218,0.7870662460567568,London,46.09999999999843,149.5999999999981,128.2999999999987,1,0.26945278226737224,1.5905143906211676,-0.8506047656800745,0.0,5.0,,-0.8282373138004431,-28.432158552079976,34.32851681315395,stop,24
32147,32148,32150,2025,12,31.794672882626738,0.8913611750793552,188.89999999999816,18.000000000000682,40.00000000000057,21.999999999999886,24.70000000000141,26.200000000000045,1.4027507112479256,11,73.37663198867119,0.8340807174887609,0.9394618834080373,Overlap,-123.89999999999759,43.00000000000068,-60.199999999997544,2,0.2886852308776934,0.2673403821885323,-1.9814640091617735,,,,-1.0000000000000115,-31.794672882627104,31.794672882626738,stop,3
32185,32186,32190,2025,2,39.99520594110974,0.9591259480293423,187.39999999999952,14.599999999998658,14.999999999997726,0.39999999999906777,21.19999999999891,-0.2999999999985903,1.0001198658382968,1,62.01306118550178,0.14499999999999005,0.47999999999997445,Asia,-94.49999999999932,-166.29999999999825,0.6000000000000227,0,0.21378744357816792,0.28753446142854944,-1.0326237614780565,,,,-1.0000000000000564,-39.995205941112,39.99520594110974,stop,5
32292,32293,32294,2025,13,34.83843131255546,0.9260509929056042,116.20000000000061,71.39999999999986,69.20000000000073,-2.199999999999136,14.6000000000015,0.0,1.7365879495899739,12,48.57139039820879,0.2743801652892427,0.7223140495867747,Overlap,97.30000000000132,-9.600000000000364,-177.79999999999916,0,0.20568927789934582,0.9845449036518577,-1.46103019229958,0.0,,,-1.0000000000000668,-34.83843131255778,34.83843131255546,stop,2
32304,32305,32322,2025,1,34.21875801766459,0.9191105880895606,157.9999999999984,6.999999999999318,8.199999999999363,1.2000000000000455,3.300000000001546,-0.10000000000047748,0.6107761125991542,0,51.444755409630716,0.3923444976076191,0.8995215311004082,Asia,24.099999999998545,27.199999999999136,-59.200000000001296,1,0.34898989898990207,3.080181926696172,-0.8650226283700582,5.0,6.0,11.0,-0.040913232422895934,-1.3999999999995452,34.21875801766459,stop,18
32353,32354,32388,2025,2,26.525856808038668,0.7808905380333951,95.90000000000032,44.80000000000075,25.0,-19.80000000000075,5.799999999999272,-1.4000000000010004,1.0404941940136259,1,22.05294995461884,-0.4420289855072807,0.07246376811597635,Asia,66.99999999999875,55.699999999998795,58.799999999999386,0,0.01874595992242854,3.4456945410450524,-0.09424766250114494,1.0,2.0,4.0,0.8946264103038108,23.730732056408534,26.525856808038668,stop,35
32400,32401,32417,2025,1,23.137924537935746,0.6933337450211504,113.59999999999957,0.1999999999981128,6.700000000000728,6.500000000002615,9.000000000000341,-0.10000000000047748,1.007004753680432,0,46.11482295104281,0.2875536480686957,0.8927038626610436,Asia,4.2999999999977945,150.1999999999981,138.89999999999816,2,0.2186684073107127,2.0096875985467646,-1.1150524740323096,1.0,1.0,11.0,-1.0000000000000016,-23.13792453793578,23.137924537935746,stop,17
32430,32431,32431,2025,7,24.682309518960444,0.7329796094641701,84.00000000000034,49.500000000000455,21.999999999999886,-27.50000000000057,8.500000000000796,0.10000000000047748,1.8677344583410316,6,17.69953669160884,-0.2451193058568252,0.21908893709326746,London,-98.19999999999993,-15.000000000000568,16.59999999999968,3,0.029081039162472917,0.0283603930768965,-2.1594413585590417,,,,-1.0000000000000282,-24.68230951896114,24.682309518960444,stop,1
32472,32473,32483,2025,1,22.865747169423617,0.6856341846637296,78.10000000000059,33.799999999999386,36.7999999999995,3.0000000000001137,7.099999999999795,0.20000000000095497,1.9373956893584374,0,23.54590494966544,0.8306997742663318,0.9074492099322896,Asia,65.00000000000057,-16.899999999998272,66.30000000000109,0,0.2835453426343895,2.8951601497861454,-0.6297629328838892,0.0,2.0,3.0,-0.25916087615329997,-5.925907070327662,22.865747169423617,stop,11
32496,32497,32502,2025,1,20.79732880588256,0.623495366807253,107.30000000000075,-0.39999999999906777,7.400000000001228,7.800000000000296,11.7999999999995,39.49999999999818,1.55789237658415,0,52.67487851256192,0.22839506172844434,0.8765432098765616,Asia,150.79999999999814,232.0999999999998,138.19999999999766,1,0.24169086802194406,0.9857035098758832,-1.0193616785056767,0.0,,,-1.0000000000001266,-20.797328805885194,20.79732880588256,stop,6
32520,32521,32521,2025,1,19.21061153149736,0.5725843664441504,140.5000000000001,7.500000000001705,14.900000000000091,7.399999999998386,8.29999999999984,0.7000000000005002,0.8901330377726513,0,59.16102743640579,0.871345029239666,0.9473684210525528,Asia,-83.59999999999843,132.20000000000027,50.30000000000143,2,0.5380459252588884,-0.02602728180619105,-1.7750606191838867,,,,-1.0000000000000575,-19.210611531498465,19.21061153149736,stop,1
32577,32578,32580,2025,10,21.837207931727814,0.655693403758752,90.50000000000011,27.299999999999613,45.69999999999936,18.39999999999975,18.500000000000227,-0.20000000000095497,1.5157615434850114,9,50.20468092098156,0.9093655589123802,0.9969788519637317,London,37.79999999999859,7.30000000000075,223.09999999999945,0,0.30763416477702743,0.6914803415899102,-1.2272631228216153,2.0,,,-1.000000000000057,-21.83720793172906,21.837207931727814,stop,3
32592,32593,32593,2025,1,21.158789529801584,0.6351944504128426,109.80000000000132,30.700000000001637,11.20000000000232,-19.499999999999318,5.19999999999925,-0.10000000000047748,1.7912177795718387,0,9.99537850217962,0.29551451187341937,0.3482849604221854,Asia,-103.19999999999823,-12.299999999999045,54.90000000000066,1,0.19294023265143578,0.028357009702986026,-1.2666131000666645,,,,-1.0000000000000364,-21.158789529802355,21.158789529801584,stop,1
32670,32671,32672,2025,7,21.42481405487397,0.6418532014575742,102.00000000000102,24.100000000001387,0.9000000000014552,-23.199999999999932,0.9999999999990905,-0.10000000000047748,1.283558397732957,6,4.774537746942542,-0.4581818181817227,0.12000000000005374,London,-187.2000000000014,-194.00000000000261,-259.40000000000225,0,0.06700842182350535,0.25204419446393045,-1.1668712706663003,,,,-1.0000000000000338,-21.424814054874695,21.42481405487397,stop,2
32750,32751,32770,2025,15,62.68603002962749,0.9953569355774812,287.89999999999907,200.0,213.70000000000005,13.700000000000045,55.00000000000114,-152.09999999999866,1.6893716183645822,14,111.0071246066326,0.4815864022662686,0.6100094428706319,Overlap,84.00000000000034,-8.799999999999386,-215.6000000000006,0,0.2552290836653388,0.9124840091638545,-1.1469860185118932,0.0,,,-1.0000000000000175,-62.68603002962859,62.68603002962749,stop,20
32802,32803,32808,2025,19,73.282847051864,0.9976516514684803,236.49999999999807,211.49999999999807,159.59999999999752,-51.900000000000546,31.399999999999295,-0.09999999999763531,1.687980270641697,18,177.38925030488133,0.2958771220695125,0.32659660468876156,NYpm,155.10000000000161,45.000000000001705,-47.79999999999802,0,0.1280377221617708,0.9442864569798477,-1.0548170971754494,0.0,,,-1.0000000000000004,-73.28284705186402,73.282847051864,stop,6
33019,33020,33025,2025,20,31.01684326388745,0.869569169241956,112.19999999999857,71.69999999999845,73.69999999999948,2.000000000001023,4.4999999999987494,0.10000000000047748,0.6319147255974901,19,74.90867565271913,0.6020408163265114,0.8724489795919514,NYpm,182.9999999999984,32.89999999999793,-45.60000000000173,0,0.17942583732057144,5.161711610620365,-0.5319690292019486,1.0,1.0,1.0,1.1592996414346681,35.95781527426002,31.01684326388745,stop,6
33041,33042,33049,2025,18,44.539247662729025,0.9687235073271164,333.29999999999984,51.69999999999959,53.600000000000136,1.9000000000005457,7.099999999999795,0.0,0.7992950457892435,17,105.01372797430122,0.6151685393258355,0.8539325842696818,NYpm,49.2999999999995,109.79999999999848,126.8999999999977,1,0.2998731143380728,0.729693510903151,-1.2124138335005386,0.0,,,-1.0000000000000318,-44.53924766273044,44.539247662729025,stop,8
33075,33076,33079,2025,4,28.53236156101414,0.8202165628213659,106.19999999999834,48.49999999999852,79.09999999999968,30.60000000000116,32.800000000000296,0.20000000000095497,2.7162140026255135,3,80.72847469003932,0.8761290322580607,0.9716129032258178,Asia,77.19999999999914,92.1999999999997,152.69999999999868,0,0.2733006306937677,0.6904440755061028,-1.5035558801629227,0.0,,,-1.0000000000000397,-28.53236156101527,28.53236156101414,stop,4
33151,33152,33158,2025,8,22.20672153822454,0.6572816705896554,78.80000000000109,49.70000000000141,54.20000000000016,4.4999999999987494,13.2000000000005,0.0,1.3959737346478531,7,33.73459687155673,0.719354838709623,0.719354838709623,London,76.00000000000193,-60.3999999999985,-17.499999999998295,0,0.16454689984101487,1.522061684874072,-1.008703601810007,0.0,1.0,,-1.0000000000000984,-22.206721538226724,22.20672153822454,stop,7
33169,33170,33171,2025,2,22.81259025929214,0.6749004705030763,101.80000000000007,16.99999999999875,18.199999999998795,1.2000000000000455,5.100000000001614,-0.10000000000047748,1.091502530707013,1,33.96749501237366,0.7911646586345643,0.8433734939758376,Asia,238.4999999999991,322.49999999999943,255.29999999999973,1,0.3575814832309682,2.3846480992154158,-1.0827354421069146,1.0,1.0,1.0,-1.0000000000000617,-22.81259025929355,22.81259025929214,stop,2
33192,33193,33193,2025,1,31.845135208091385,0.8819433979324272,285.6000000000023,32.800000000000296,46.399999999999864,13.599999999999568,18.999999999999773,0.20000000000095497,1.893538828017898,0,92.44104824843475,0.7694859038142488,0.9104477611940277,Asia,-49.89999999999952,264.6000000000015,128.20000000000107,2,0.5337057728119287,-0.018841182368337737,-1.4130886776252412,,,,-1.0000000000000866,-31.845135208094142,31.845135208091385,stop,1
33293,33294,33318,2025,6,28.45495365413324,0.8166165865384616,125.20000000000095,13.700000000000045,6.399999999999295,-7.30000000000075,6.999999999999318,-0.09999999999763531,1.0226690351953092,5,33.064887877040405,0.49828178694162134,0.5085910652920885,Asia,208.89999999999986,224.79999999999905,54.59999999999923,0,0.2912751677852259,7.914263461374128,-0.31277506574701763,0.0,0.0,1.0,4.750503409380013,135.17535434771023,28.45495365413324,stop,25
33337,33338,33338,2025,2,25.224538527462318,0.7354159164566079,136.19999999999948,34.899999999998954,25.600000000000023,-9.299999999998931,9.799999999998477,53.700000000000614,1.740368806041971,1,68.88284507464846,0.40774487471527315,0.5649202733485714,Asia,295.69999999999936,439.500000000001,455.4000000000002,2,0.13925081433225348,0.003964393635649906,-1.5223271560822402,,,,-1.0000000000000406,-25.224538527463345,25.224538527462318,stop,1
33480,33481,33481,2025,1,22.51835182784461,0.6599934263602952,68.20000000000164,36.60000000000139,29.400000000001114,-7.200000000000273,16.99999999999875,0.10000000000047748,2.389162422334826,0,23.42617895697856,0.5464684014869985,0.5501858736059753,Asia,-65.69999999999823,-125.09999999999764,-320.29999999999745,0,0.17339667458432118,-0.039967401117062935,-2.469097224568952,,,,-1.0000000000000426,-22.51835182784557,22.51835182784461,stop,1
33605,33606,33606,2025,6,22.724992144515056,0.6650690640628721,80.70000000000164,40.500000000000114,63.19999999999766,22.699999999997544,40.399999999999636,-0.09999999999763531,2.565457432471378,5,55.44296667263211,0.6963979416809238,0.6963979416809238,Asia,150.5000000000024,27.600000000001046,-18.500000000000227,0,0.29067499024580096,0.9680971443289447,-1.302530703278623,0.0,,,-1.0000000000000584,-22.724992144516385,22.724992144515056,stop,1
33625,33626,33631,2025,2,23.617164551690124,0.6887718671902892,234.80000000000132,32.69999999999982,20.599999999998886,-12.100000000000932,30.699999999998795,0.0,2.8792618119406876,1,33.548939402146516,0.3161764705882371,0.370588235294128,Asia,158.40000000000032,317.9000000000002,202.4000000000001,1,0.6951672862453551,1.7698991726341378,-1.1982810187928958,0.0,0.0,,-1.0000000000000124,-23.617164551690415,23.617164551690124,stop,6
33648,33649,33649,2025,1,30.88940233944046,0.8646945146424855,217.1999999999997,29.90000000000066,37.000000000000455,7.099999999999795,7.599999999999341,0.699999999997658,1.5927792794222853,0,122.44168011353906,0.7520325203252275,0.9898373983739928,Asia,-196.60000000000082,112.30000000000189,-10.599999999999454,2,0.4415060510981659,0.5859614828769468,-1.2010591720846526,0.0,,,-1.000000000000035,-30.88940233944154,30.88940233944046,stop,1
33734,33735,33756,2025,15,25.935662157292455,0.7519943062186768,142.0000000000016,137.29999999999905,134.4999999999999,-2.7999999999991587,13.900000000001,0.0,1.5577007348024472,14,66.20782524895219,0.586633663366358,0.586633663366358,Overlap,139.30000000000007,6.700000000000728,-31.499999999999773,0,0.3730534867975594,2.3596852715323644,-1.0603160942341863,0.0,1.0,14.0,-0.7543530998578951,-19.56464714522067,25.935662157292455,stop,22
33797,33798,33817,2025,6,26.23633852412342,0.7588503433578025,140.6000000000006,42.09999999999923,31.399999999999295,-10.699999999999932,0.30000000000143245,0.10000000000047748,0.6288987308511383,5,27.891803075479515,0.18181818181816617,0.3333333333333333,Asia,126.30000000000052,99.79999999999905,81.00000000000023,0,0.214114832535888,4.619547041160582,-0.2782400445583765,0.0,1.0,6.0,2.2892138299128306,60.06058899569812,26.23633852412342,stop,20
33841,33842,33843,2025,2,21.46003526641711,0.6235662764573726,97.30000000000132,38.30000000000098,44.599999999999795,6.299999999998818,10.900000000000887,0.10000000000047748,2.9263698414455726,1,46.31562279794821,0.7834394904458264,0.9267515923566566,Asia,27.700000000001523,128.7000000000006,102.19999999999914,0,0.19780683256010506,1.2441731650732821,-1.0997186028361625,0.0,0.0,,-1.0000000000000955,-21.460035266419162,21.46003526641711,stop,2
33875,33876,33876,2025,12,19.51465902474648,0.5607465595652944,88.50000000000193,45.09999999999934,44.49999999999932,-0.6000000000000227,4.800000000000182,-0.39999999999906777,1.152979407504238,11,28.159710379938474,0.6311111111111088,0.7599999999999848,Overlap,-65.89999999999918,-63.49999999999909,145.7000000000022,1,0.3814997263273144,0.8916374084700005,-4.960373628729415,0.0,,,-1.0000000000001241,-19.5146590247489,19.51465902474648,stop,1
33922,33923,33926,2025,11,31.634873636120062,0.8780559733404111,126.99999999999818,125.0,125.90000000000146,0.9000000000014552,5.500000000000682,0.0,1.3592594203032993,10,65.75379733571367,0.5581395348837332,0.8930232558139731,London,94.40000000000168,-80.19999999999925,-77.79999999999916,0,0.23156384505021899,0.3761671418978831,-1.0874075362426034,,,,-1.0000000000000169,-31.634873636120595,31.634873636120062,stop,4
33936,33937,33941,2025,1,23.921664602305718,0.69277481354833,169.10000000000025,-8.70000000000175,-20.300000000000296,-11.599999999998545,12.20000000000141,53.000000000000114,1.057618707586213,0,37.341854902095406,-0.8023715415019426,0.05928853754946217,Asia,64.3999999999977,50.099999999997635,11.899999999999977,1,0.43191420214494114,0.443112976300895,-1.7055669276487617,,,,-1.0000000000000986,-23.921664602308077,23.921664602305718,stop,5
33960,33961,33961,2025,1,24.130671028194197,0.6982649424102277,122.39999999999895,19.300000000001205,38.00000000000239,18.700000000001182,23.599999999999,0.0,1.8275496752027307,0,61.48525786502148,0.8616780045351966,0.888888888888939,Asia,70.0000000000017,228.8000000000011,54.20000000000016,2,0.2155892360037085,-0.037296932146936815,-1.1562048965566902,,,,-1.0000000000000775,-24.13067102819607,24.130671028194197,stop,1
33984,33985,33987,2025,1,24.22288212178889,0.700774189750081,104.89999999999782,4.800000000000182,-6.799999999998363,-11.599999999998545,0.8000000000009777,0.1999999999981128,1.0444669578456487,0,24.02530273269292,-0.2687747035572625,0.5098814229248928,Asia,-42.900000000000205,91.4999999999992,77.19999999999914,3,0.07224118316268123,0.06605324634605428,-1.1683167947443538,,,,-1.0000000000000142,-24.222882121789233,24.22288212178889,stop,3
34017,34018,34031,2025,10,20.86518590001373,0.6026643924244206,111.29999999999995,48.69999999999948,48.49999999999852,-0.20000000000095497,3.300000000001546,0.0,1.0783512837039935,9,31.849388401093393,0.6888888888888244,0.844444444444349,London,27.899999999999636,55.00000000000114,213.80000000000052,4,0.21900647948163962,1.5336551590456282,-1.2221314548643807,0.0,0.0,,-1.0000000000000198,-20.865185900014147,20.86518590001373,stop,14
34045,34046,34069,2025,14,18.68696244135144,0.5335272684532205,103.60000000000014,54.20000000000016,51.499999999998636,-2.7000000000015234,5.19999999999925,-0.39999999999906777,1.4020470197993968,13,30.213691086882477,0.5877862595419698,0.6984732824427191,Overlap,82.20000000000027,67.1999999999997,201.5999999999991,5,0.1568627450980343,12.147506621926105,-0.11772913906707848,0.0,0.0,5.0,7.968518117509565,148.90739877512974,18.68696244135144,stop,24
34117,34118,34118,2025,14,22.43449387603823,0.6503342716396904,142.50000000000114,100.30000000000143,92.69999999999925,-7.600000000002183,1.2000000000000455,0.10000000000047748,0.8647398112565571,13,50.23925831689269,-0.005154639175281897,0.546391752577244,Overlap,-2.0999999999986585,-114.19999999999959,-4.099999999999682,0,0.2915472779369541,0.013372265122586768,-1.3416839339597448,,,,-1.0000000000001228,-22.43449387604098,22.43449387603823,stop,1
34231,34232,34236,2025,8,23.090729239330646,0.6691507393769361,125.39999999999907,56.09999999999786,52.69999999999868,-3.3999999999991815,11.700000000001864,0.10000000000047748,1.0567011438702958,7,30.46463498075127,0.3811475409835631,0.3811475409835631,London,14.799999999999613,-109.49999999999989,-139.30000000000007,0,0.2906162464986073,1.4594601864111003,-1.8405655169871233,1.0,1.0,,-1.000000000000082,-23.09072923933254,23.090729239330646,stop,5
34260,34261,34261,2025,13,27.026021886130614,0.7802435249802903,92.50000000000114,72.49999999999943,148.79999999999995,76.30000000000052,98.79999999999995,0.0,5.576107376621999,12,111.17295826045961,0.759124087591242,0.8506967485069717,Overlap,118.79999999999882,90.19999999999868,3.3999999999991815,1,0.444575009792398,0.20720770609880262,-1.4911554563892575,,,,-1.0000000000000127,-27.026021886130955,27.026021886130614,stop,1
34298,34299,34347,2025,3,15.461574795507266,0.4381799620825434,60.899999999998045,30.299999999999727,32.90000000000077,2.600000000001046,4.900000000000659,6.999999999999318,2.2313380400309994,2,32.42742586467102,0.8231884057970804,0.9333333333333443,Asia,146.1999999999989,235.99999999999852,207.39999999999839,0,0.09756097560975771,15.24424278363212,-0.7567146396626261,1.0,1.0,3.0,14.73329871069753,227.8000000000006,15.461574795507266,time,49
34393,34394,34416,2025,2,20.10611732789607,0.5753344968004653,103.30000000000155,50.99999999999909,49.099999999998545,-1.9000000000005457,5.19999999999925,-0.1999999999981128,1.586581808897506,1,40.14867145970982,0.6739811912226057,0.7774294670846378,Asia,110.09999999999991,51.09999999999957,296.1999999999989,0,0.3710904480135302,3.6854455184737205,-0.2884694197995209,0.0,0.0,2.0,1.342020522495213,26.98282208173314,20.10611732789607,stop,23
34431,34432,34476,2025,16,20.134955732519803,0.57618106804579,127.50000000000057,22.800000000000864,39.79999999999961,16.99999999999875,18.099999999998317,-8.699999999998909,1.3161191090774886,15,35.988684058960985,0.8603773584906429,0.9584905660377501,NYpm,40.399999999999636,167.79999999999973,190.39999999999964,1,0.19155064810369457,7.36530052363027,-0.7400065934058759,7.0,19.0,20.0,4.352504726773845,87.63748999917456,20.134955732519803,stop,45
34630,34631,34637,2025,23,22.091913965711612,0.6391368402807869,110.80000000000041,86.50000000000091,70.3000000000003,-16.200000000000614,1.5999999999991132,0.39999999999906777,0.9143616995499714,22,30.498409270336424,-0.18316831683171522,0.11881188118812439,Late,66.10000000000014,-39.09999999999911,-143.6000000000007,0,0.2113168005588529,1.9373604327098455,-1.1633215682393532,1.0,1.0,,-1.0000000000001121,-22.09191396571409,22.091913965711612,stop,7
34658,34659,34660,2025,3,18.195275539592263,0.511935344205513,113.10000000000002,15.799999999998704,5.099999999998772,-10.699999999999932,8.00000000000125,16.900000000001114,1.0772027033803857,2,23.442165995788855,-0.1734693877552071,0.045918367346868494,Asia,84.49999999999989,211.099999999999,105.89999999999975,2,0.1581342434584744,0.15388610048302384,-1.203609143062602,,,,-1.0000000000000173,-18.19527553959258,18.195275539592263,stop,2
34680,34681,34681,2025,1,18.874592396962473,0.5331006432630455,111.7999999999995,17.69999999999925,22.49999999999943,4.800000000000182,7.30000000000075,0.20000000000095497,1.4410907228055685,0,35.17236029969695,0.8272058823529466,0.9080882352940939,Asia,-3.299999999998704,141.70000000000016,166.3000000000011,3,0.4143133462282469,0.04238502125904045,-1.2079731058810719,,,,-1.000000000000123,-18.874592396964793,18.874592396962473,stop,1
34716,34717,34722,2025,13,25.015253395155227,0.7246923897069417,65.00000000000057,38.00000000000239,42.50000000000114,4.4999999999987494,7.899999999997931,0.1999999999981128,2.4904804686913486,12,58.78704989600294,0.8699839486356499,0.9454253611557105,Overlap,80.09999999999877,161.29999999999995,287.89999999999907,4,0.04885343968095587,1.962802423960683,-1.3591707212760982,0.0,2.0,,-1.0000000000001015,-25.015253395157764,25.015253395155227,stop,6
34735,34736,34764,2025,8,30.936321662361905,0.8682967570992455,173.00000000000182,30.89999999999975,17.29999999999734,-13.60000000000241,18.999999999999773,-0.1999999999981128,2.8154607697258824,7,44.874191768155924,0.5993111366245532,0.6257175660160524,London,158.5000000000008,235.30000000000086,380.2999999999997,5,0.31166982922201963,4.887458879248553,-2.721719825613231,0.0,1.0,2.0,2.7745319722845814,85.83381355710318,30.936321662361905,stop,29
34832,34833,34834,2025,9,19.625016389802088,0.5554438668543037,121.7000000000013,31.000000000000227,28.299999999998704,-2.7000000000015234,0.8000000000009777,-0.20000000000095497,1.457323623681751,8,26.819879913315958,0.8601398601397893,0.8776223776222908,London,-32.90000000000077,-17.799999999999727,-202.79999999999916,0,0.13267095265925266,0.33630545161887676,-1.329935195038213,,,,-1.000000000000037,-19.625016389802816,19.625016389802088,stop,2
34881,34882,34899,2025,10,25.234060217004988,0.7300963634277848,102.00000000000102,91.40000000000157,91.20000000000061,-0.20000000000095497,1.2999999999976808,-0.39999999999906777,0.7252102849333409,9,39.13517518282106,0.34972677595625956,0.9180327868853172,London,86.60000000000139,14.099999999999113,29.20000000000016,0,0.13150289017340924,0.7252102849334536,-1.1452774445122111,1.0,,,-1.0000000000000593,-25.23406021700648,25.234060217004988,stop,18
34907,34908,34932,2025,12,16.297198857533015,0.45334441451252366,118.30000000000211,24.70000000000141,21.20000000000175,-3.499999999999659,4.399999999998272,-1.300000000000523,1.3990134255163262,11,25.124274585147077,0.5833333333334269,0.6535087719298852,Overlap,48.19999999999993,95.19999999999982,135.8000000000004,1,0.03590425531914916,3.9393272771120773,-0.5522421416512502,2.0,2.0,7.0,0.9501066485216516,15.484076986821583,16.297198857533015,stop,25
35028,35029,35047,2025,13,19.021664823703297,0.5341139511637869,99.00000000000091,49.69999999999857,49.49999999999761,-0.20000000000095497,6.800000000001205,5.200000000002092,1.4667485868658405,12,34.89976064988127,0.6272401433690588,0.7491039426522746,Overlap,74.10000000000139,79.6999999999997,-23.099999999999454,0,0.4577387486278825,1.9924649262442014,-1.0619470055441904,0.0,1.0,,-0.8701997199764608,-16.552647403072704,19.021664823703297,stop,19
35098,35099,35100,2025,11,17.70890593057819,0.49197662818868465,94.29999999999836,51.200000000000045,54.70000000000255,3.500000000002501,7.699999999999818,0.09999999999763531,1.3044284096688545,10,36.458018467365605,0.7619047619048498,0.81818181818193,London,108.39999999999748,46.599999999997976,70.19999999999982,0,0.1754308440123813,0.45175009858669757,-1.535950335194483,,,,-1.0000000000000995,-17.708905930579952,17.70890593057819,stop,2
35112,35113,35126,2025,1,17.51621530708317,0.48616769708538704,120.0000000000017,6.900000000001683,8.800000000002228,1.9000000000005457,5.099999999998772,0.10000000000047748,1.2731060682372892,0,38.01976629415549,0.39461883408084436,0.8565022421525361,Asia,-150.8999999999986,-86.40000000000043,-30.19999999999925,1,0.5564681724846072,1.6727357757558716,-9.59111298044289,0.0,0.0,,-1.0000000000000646,-17.516215307084302,17.51621530708317,stop,14
35188,35189,35190,2025,5,17.376747572588418,0.4810803127221038,92.30000000000018,43.20000000000164,46.60000000000082,3.3999999999991815,4.999999999998295,0.10000000000047748,0.7423713756623042,4,36.26947148850945,0.8682170542635881,0.8759689922481217,Asia,-13.79999999999768,46.10000000000127,3.6000000000001364,0,0.1020408163265334,0.10358670358079804,-1.7091806090830859,,,,-1.0000000000001465,-17.376747572590965,17.376747572588418,stop,2
35281,35282,35294,2025,2,15.177728679832278,0.41740387887036406,59.29999999999893,28.39999999999918,44.90000000000123,16.500000000002046,20.400000000000773,0.1999999999981128,2.5695544322004316,1,34.65991265115633,0.6051282051282735,0.9000000000000291,Asia,149.09999999999854,175.20000000000095,110.90000000000089,0,0.13375130616509828,9.158155540407085,-0.13836062327224738,0.0,0.0,2.0,3.987151313966675,60.51590084882296,15.177728679832278,stop,13
35311,35312,35313,2025,8,23.78516523242933,0.6907756813417191,184.99999999999943,35.69999999999993,15.300000000002001,-20.39999999999793,19.700000000000273,-0.10000000000047748,2.1988495555495406,7,22.273703566526137,0.2313575525812815,0.23326959847039197,London,-60.99999999999852,98.1000000000023,63.700000000000045,1,0.02726354762706738,0.11772043509630802,-1.3159462923269316,,,,-1.000000000000006,-23.78516523242947,23.78516523242933,stop,2
35376,35377,35378,2025,1,24.38498270590516,0.7085937279077001,162.19999999999857,12.299999999999045,2.400000000000091,-9.899999999998954,13.800000000000523,92.30000000000018,1.148247687426882,0,67.5684163259092,0.08571428571428862,0.15357142857145067,Asia,-1.9000000000005457,-60.000000000002274,28.09999999999775,0,0.04903677758318861,0.16403538391820927,-1.4066034170978812,,,,-1.0000000000000562,-24.38498270590653,24.38498270590516,stop,2
35424,35425,35436,2025,1,19.87777616677117,0.56301714156618,115.99999999999966,7.800000000000296,3.100000000000591,-4.699999999999704,0.7000000000005002,-0.20000000000095497,0.5332588470192668,0,16.03922886529574,0.29245283018875007,0.49056603773580354,Asia,-4.200000000000159,-4.099999999999682,-62.20000000000141,0,0.024081878386509336,1.0816099255580196,-1.750698856251946,0.0,11.0,,-1.000000000000079,-19.87777616677274,19.87777616677117,stop,12
35454,35455,35460,2025,7,14.755160128729033,0.40249992946022967,56.29999999999882,29.20000000000016,36.80000000000234,7.600000000002183,14.300000000000068,0.39999999999906777,1.55199942258919,6,27.43117592639237,0.6200873362446884,0.7074235807860993,London,-12.199999999998568,-14.399999999997704,-119.29999999999836,1,0.10786360473208703,3.0226713645190615,-2.527929190505445,0.0,2.0,5.0,-1.0000000000000928,-14.755160128730404,14.755160128729033,stop,6
35569,35570,35595,2025,2,23.692788731705473,0.6896726290921363,156.70000000000073,16.800000000000637,14.500000000001023,-2.2999999999996135,9.899999999998954,-0.30000000000143245,1.2746494446888763,1,34.192408210969916,0.3675496688742423,0.5960264900662625,Asia,107.99999999999841,56.19999999999834,73.39999999999804,0,0.2610203070827174,5.208335810417628,-0.7597248345827017,2.0,3.0,4.0,2.821943061174582,66.85970076131159,23.692788731705473,stop,26
35604,35605,35605,2025,13,24.364520662008072,0.7090837571296115,142.1999999999997,30.099999999998772,19.39999999999884,-10.699999999999932,1.4000000000010004,0.30000000000143245,1.095855747395567,12,30.42338341492723,-0.011235955056233598,0.5468164794007072,Overlap,-7.099999999999795,147.99999999999898,24.699999999998568,1,0.17266851338873532,-0.0369389577773223,-1.4898712970208436,,,,-1.0000000000000249,-24.36452066200868,24.364520662008072,stop,1
35618,35619,35622,2025,3,16.540674702901708,0.45386883864625754,108.40000000000032,17.600000000001614,24.300000000002342,6.700000000000728,7.200000000000273,21.299999999999386,1.039860846606356,2,37.24719881974465,0.9069767441860964,0.9709302325581655,Asia,-16.200000000000614,84.699999999998,32.89999999999793,2,0.1486710963455157,0.09068553894831961,-2.206681447740153,,,,-1.0000000000000417,-16.5406747029024,16.540674702901708,stop,4
35668,35669,35717,2025,5,14.109369974354566,0.3805917823587155,46.699999999998454,32.49999999999886,30.19999999999925,-2.2999999999996135,3.500000000002501,-0.10000000000047748,0.6236990039950232,4,17.057777433402066,0.3409090909090175,0.3409090909090175,Asia,117.69999999999925,88.70000000000005,189.59999999999866,0,0.06804925469862834,14.47265188815379,-0.6874864021305619,1.0,1.0,3.0,12.7362171611225,179.70000000000115,14.109369974354566,time,49
35833,35834,35840,2025,2,19.479846161968343,0.5507537688442211,91.50000000000205,35.90000000000089,35.599999999999454,-0.30000000000143245,16.99999999999875,-0.10000000000047748,2.597556447791123,1,30.71663317250568,0.31225296442685174,0.6581027667984155,Asia,24.2999999999995,-62.60000000000048,-209.00000000000034,0,0.2267818574514149,1.5041186545510181,-1.247443116231679,0.0,1.0,,-1.000000000000071,-19.479846161969725,19.479846161968343,stop,7
35856,35857,35905,2025,1,30.728272416073164,0.8676450073933544,74.69999999999857,-176.60000000000196,12.699999999998113,189.30000000000007,204.6999999999997,218.10000000000116,1.347293444923492,0,208.40736552603687,0.3067632850241184,0.6280193236714949,Asia,296.39999999999986,325.49999999999955,174.60000000000093,1,0.594546831608171,9.39525646254657,-0.416554495048776,1.0,2.0,3.0,9.388747798561356,288.50000000000057,30.728272416073164,time,49
35934,35935,35937,2025,7,23.633119487127722,0.6896244536622032,94.19999999999789,28.39999999999918,26.599999999999113,-1.8000000000000682,13.800000000000523,0.6000000000000227,2.132600396974699,6,40.16248464926093,0.6884920634920365,0.690476190476173,London,31.800000000001205,266.3000000000011,587.0000000000005,4,0.21315877811345077,0.9774418486135189,-2.1706825469206175,0.0,,,-1.0000000000000246,-23.633119487128305,23.633119487127722,stop,3
36000,36001,36003,2025,1,18.595919587650005,0.5185205768749827,73.90000000000043,0.20000000000095497,0.9000000000014552,0.7000000000005002,15.199999999998681,0.10000000000047748,0.984086853771552,0,21.86427077706128,0.049180327868933935,0.20765027322411161,Asia,-75.49999999999955,-132.40000000000123,-35.40000000000134,0,0.3590778097982731,0.13443809477757035,-2.2962026588003392,,,,-1.0000000000001095,-18.59591958765204,18.595919587650005,stop,3
36096,36097,36099,2025,1,19.94884697680238,0.5647534850206468,125.80000000000098,-28.10000000000059,-0.8000000000009777,27.299999999999613,33.799999999999386,33.40000000000032,1.0476795989414323,0,46.49952089194471,-0.038277511961768686,0.6889952153110204,Asia,23.699999999999477,-16.70000000000016,-163.70000000000005,0,0.26877470355730965,1.418628356461421,-1.3334103986525248,0.0,0.0,,-1.000000000000089,-19.948846976804155,19.94884697680238,stop,3
36124,36125,36125,2025,5,21.793419847487247,0.6293373210379108,92.69999999999925,37.89999999999907,25.499999999999545,-12.399999999999523,3.700000000000614,0.10000000000047748,1.6289320468486308,4,27.076221754632,0.08450704225352676,0.5464788732394197,Asia,105.79999999999927,172.99999999999898,17.599999999998772,1,0.22914669223393905,1.9960153250117705,-1.0461873427646937,0.0,0.0,,-1.0000000000000275,-21.793419847487847,21.793419847487247,stop,1
36168,36169,36204,2025,1,18.351429478691212,0.507647628267183,55.79999999999927,5.89999999999975,16.70000000000016,10.80000000000041,21.700000000001296,0.0,1.5857075348701954,0,27.649260775615403,0.5738831615120392,0.6254295532645703,Asia,62.30000000000189,178.90000000000157,246.10000000000127,0,0.23468931604827606,4.893351774273162,-0.2452125053922328,0.0,0.0,3.0,2.443600450219295,44.84356133629749,18.351429478691212,stop,36
36216,36217,36217,2025,1,15.241488292041394,0.41195481037483084,81.00000000000023,-1.6999999999995907,-18.700000000001182,-17.00000000000159,9.199999999998454,26.800000000000068,2.1388987332045515,0,7.884729289261827,-0.5736196319018884,0.19631901840489033,Asia,-11.400000000000432,71.0000000000008,187.60000000000048,2,0.14754098360655002,0.6101766324787278,-1.5943324913150485,0.0,,,-1.0000000000001639,-15.241488292043892,15.241488292041394,stop,1
36282,36283,36288,2025,19,28.226518731668648,0.8163169649011552,101.20000000000005,99.80000000000189,108.79999999999939,8.999999999997499,31.999999999999318,0.10000000000047748,3.0822079345686757,18,63.139699928004234,0.622988505747125,0.7356321839080264,NYpm,98.90000000000043,-8.500000000000796,73.90000000000043,0,0.20371412492965205,0.7971227416988718,-1.1655705867506037,0.0,,,-1.000000000000033,-28.22651873166958,28.226518731668648,stop,6
36291,36292,36292,2025,4,31.54572890716671,0.8837587518606318,152.19999999999914,33.19999999999936,23.699999999999477,-9.499999999999886,7.900000000000773,0.20000000000095497,3.093921217899856,3,48.86022758046522,0.6444672131147452,0.821721311475403,Asia,118.10000000000116,121.0000000000008,129.6999999999997,1,0.25319267073848006,0.16484006488808345,-1.293360509122031,,,,-1.0000000000000646,-31.545728907168744,31.54572890716671,stop,1
36360,36361,36362,2025,1,11.6788033313348,0.2671197072660742,39.699999999999136,8.499999999997954,12.699999999998113,4.200000000000159,10.099999999999909,0.30000000000143245,1.703941699797762,0,16.5785828160665,0.6381909547738263,0.703517587939687,Asia,-65.99999999999966,-35.80000000000041,181.20000000000118,0,0.1812080536912867,1.138815306900188,-2.097817670605251,0.0,0.0,,-1.0000000000001814,-11.678803331336917,11.6788033313348,stop,2
36456,36457,36493,2025,1,21.329794695738386,0.613368822544796,73.90000000000043,-23.30000000000041,2.600000000001046,25.900000000001455,31.89999999999884,45.000000000001705,2.4003981627741413,0,48.79646570861951,0.05078125000002038,0.8828125000000512,Asia,77.20000000000198,6.200000000001182,-5.799999999999272,0,0.2251767081790656,2.95361492685097,-0.9142141440252749,2.0,5.0,23.0,0.8499570360337052,18.129409078797245,21.329794695738386,stop,37
36508,36509,36509,2025,5,16.161223237339453,0.4374297849020414,82.49999999999886,40.799999999998704,65.50000000000011,24.70000000000141,25.100000000000477,0.30000000000143245,2.4874354750028576,4,50.720914583445165,0.9800995024876079,0.990049751243804,Asia,62.700000000000955,133.00000000000125,62.000000000000455,2,0.1938053097345287,0.24750601741317854,-1.1385276801008322,,,,-1.000000000000034,-16.161223237340003,16.161223237339453,stop,1
36579,36580,36604,2025,4,17.34578117573812,0.4725154515123339,114.79999999999961,17.099999999999227,12.299999999999045,-4.800000000000182,2.2999999999996135,8.400000000000318,0.5649788787667152,3,15.77573835189412,0.2346938775509494,0.27551020408175103,Asia,76.99999999999818,56.99999999999932,112.79999999999859,0,0.06039807824297139,3.764604161577659,-0.7782872309539912,4.0,9.0,11.0,1.3095269493060537,22.71476790639472,17.34578117573812,stop,25
36633,36634,36676,2025,10,18.287468631509608,0.5048607318405243,91.70000000000016,20.50000000000125,42.70000000000209,22.20000000000084,23.199999999999932,-0.5000000000023874,2.241972403406122,9,48.53311377093803,0.7682926829268301,0.9756097560975829,London,146.50000000000034,248.90000000000043,228.90000000000157,2,0.3354988399072029,10.548206746757193,-0.14217385972809604,0.0,0.0,4.0,6.6714409125912235,122.00376641598186,18.287468631509608,stop,43
36792,36793,36794,2025,1,14.910429490085056,0.3965850077489872,68.39999999999975,11.299999999999955,15.700000000001069,4.400000000001114,17.799999999999727,0.20000000000095497,2.7363396894186955,0,14.631393930278591,0.3848039215686659,0.671568627451004,Asia,-15.199999999998681,-6.100000000000705,-24.099999999998545,0,0.2976878612716715,0.006706714925078059,-2.4479509476416736,,,,-1.000000000000005,-14.91042949008513,14.910429490085056,stop,2
36848,36849,36855,2025,9,16.96047595703087,0.458612732455545,132.90000000000077,43.10000000000116,43.50000000000023,0.39999999999906777,1.2999999999976808,-0.10000000000047748,1.415054628231055,8,38.501229938756865,0.9541666666667994,0.9625000000000548,London,20.300000000000296,-52.499999999997726,-43.39999999999975,0,0.24262607040913267,1.0553949102225932,-1.0612909711732494,5.0,6.0,,-1.0000000000001434,-16.960475957033303,16.96047595703087,stop,7
36945,36946,36994,2025,10,16.056761387140412,0.43165818260587024,114.90000000000009,18.199999999998795,16.59999999999968,-1.5999999999991132,4.800000000000182,1.2000000000000455,0.9092742706939364,9,26.59182650278069,0.5616438356164464,0.5616438356164464,London,54.699999999999704,73.30000000000041,28.39999999999918,0,0.3987206823027577,9.148793860613258,-0.5729673486564094,1.0,2.0,4.0,8.009087069263863,128.6000000000016,16.056761387140412,time,49
37108,37109,37141,2025,5,21.64076439949685,0.6279552500336972,72.70000000000039,34.900000000001796,36.40000000000043,1.4999999999986358,2.899999999999636,-0.10000000000047748,1.270749937125139,4,30.27692853702888,0.8945454545453666,0.9490909090908738,Asia,71.7000000000013,-31.100000000000705,-26.200000000000045,0,0.1340640809443495,3.8307334468244663,-0.35118907353272794,1.0,1.0,3.0,1.7024800959558595,36.842970651413545,21.64076439949685,stop,33
37155,37156,37189,2025,4,19.759173961941553,0.5585590436702386,69.19999999999789,39.49999999999818,29.399999999998272,-10.099999999999909,18.900000000002137,0.40000000000190994,2.9505282008393854,3,19.549210066026035,0.07890222984561303,0.5025728987992775,Asia,216.2000000000006,296.50000000000034,193.69999999999834,2,0.06563245823388299,9.595542828115839,-0.7642019868382426,0.0,0.0,2.0,7.020703215623764,138.72329617267243,19.759173961941553,stop,34
37272,37273,37273,2025,1,12.07854123819766,0.28100593145280334,66.4999999999992,2.5999999999982037,30.19999999999925,27.600000000001046,35.90000000000089,0.10000000000047748,3.1957501521731277,0,36.592841649166985,0.7823834196891085,0.7849740932642504,Asia,45.90000000000032,39.19999999999959,-117.59999999999877,0,0.534843205574892,0.15730376396711798,-2.094623804403537,,,,-1.0000000000000018,-12.078541238197682,12.07854123819766,stop,1
