group,kind,sig_i,entry_i,exit_i,reason,entry_fill,exit_px,net_pips,stop_pips,r_mult,lot,pnl_eur
0,BASE,31,32,36,stop,108.795,108.758876,-3.612374417566855,3.612374417566855,-1.0,0.06,-2.234293045425271
1,BASE,111,112,117,stop,108.615,108.508674,-10.632572978771293,10.632572978771293,-1.0,0.02,-2.18329479843999
2,BASE,130,131,179,time,108.686,109.622,93.59999999999928,17.30753317273468,5.408049724119639,0.01,9.582377483443636
2,ADD1,144,145,189,stop,109.194,109.453179,25.917888480918805,16.554716088965904,1.5655894273048674,0.01,2.6369166666596673
2,ADD2,168,169,189,stop,109.496,109.453179,-4.282111519080445,9.704695355132742,-0.4412412097836402,0.02,-0.8683060907251046
3,BASE,200,201,223,stop,109.7,109.983466,28.346590049565634,5.740051700058757,4.9383858422870075,0.04,11.491609752451176
3,ADD1,216,217,217,stop,110.165,110.09122,-7.377964554812877,7.377964554812877,-1.0,0.03,-2.239612595752388
4,BASE,272,273,273,stop,110.046,109.983187,-6.281287274228475,6.281287274228475,-1.0,0.03,-1.9111956146850684
5,BASE,288,289,289,stop,110.27,110.199706,-7.029356859452207,7.029356859452207,-1.0,0.03,-2.131678736565331
6,BASE,447,448,463,stop,109.151,109.033715,-11.728537338626666,11.728537338626666,-1.0,0.02,-2.3640141706886197
7,BASE,504,505,513,stop,109.06,108.933894,-12.610574588188683,12.610574588188683,-1.0,0.01,-1.275882137298193
8,BASE,557,558,606,time,108.823,109.901,107.8000000000003,11.188303331816485,9.63506233277091,0.02,21.895730576418153
8,ADD1,576,577,583,stop,109.426,109.319787,-10.621283888217192,10.621283888217192,-1.0,0.02,-2.142688927607007
8,ADD2,600,601,633,stop,109.85,109.785725,-6.42750191797461,10.022956582200493,-0.6412780366013999,0.02,-1.287279428484448
9,BASE,674,675,685,stop,109.885,109.810309,-7.4691263663950735,7.4691263663950735,-1.0,0.03,-2.225687355851865
10,BASE,704,705,705,stop,110.116,110.039277,-7.67225470852253,7.67225470852253,-1.0,0.03,-2.2851031370572232
11,BASE,782,783,789,stop,109.924,109.877416,-4.658407135956111,4.658407135956111,-1.0,0.05,-2.2963653590262902
12,BASE,816,817,840,stop,109.92,111.116107,119.61065634524743,6.5271096091350955,18.325210316346595,0.03,35.23450685961361
13,BASE,847,848,871,stop,111.695,111.790548,9.554842041859501,16.330230250898126,0.5851014893886145,0.01,0.9228867800222351
13,ADD1,864,865,866,stop,112.127,111.953175,-17.382466723633172,17.382466723633172,-1.0,0.01,-1.6744626445129052
14,BASE,1157,1158,1159,stop,104.711,104.162636,-54.836387301165246,54.836387301165246,-1.0,0.01,-5.950837663844839
15,BASE,1214,1215,1223,stop,105.071,104.565295,-50.5705190076327,50.5705190076327,-1.0,0.01,-5.3343381314744756
16,BASE,1232,1233,1248,stop,105.852,106.494,64.19999999999959,49.87340214637328,1.28725928525147,0.01,6.769450226797871
17,BASE,1287,1288,1301,stop,107.418,106.956909,-46.10907261813111,46.10907261813111,-1.0,0.01,-4.703368885037279
18,BASE,1309,1310,1345,stop,107.965,110.134856,216.9856464731808,35.453568948851455,6.120276544971369,0.01,21.909581195802264
18,ADD1,1322,1323,1326,stop,109.077,108.638047,-43.89526810288942,43.89526810288942,-1.0,0.01,-4.3760711216113055
18,ADD2,1344,1345,1345,stop,111.151,110.742285,-40.871451175605955,40.871451175605955,-1.0,0.01,-3.9488563045119407
19,BASE,1359,1360,1364,stop,111.308,110.842793,-46.52070863148339,46.52070863148339,-1.0,0.01,-4.467382063853242
20,BASE,1384,1385,1391,stop,111.232,110.785886,-44.61141400110478,44.61141400110478,-1.0,0.01,-4.315741770761964
21,BASE,1408,1409,1414,stop,111.488,111.114046,-37.39544113178539,37.39544113178539,-1.0,0.01,-3.617290302545307
22,BASE,1512,1513,1516,stop,108.533,108.209463,-32.35374699583673,32.35374699583673,-1.0,0.01,-3.2864642724117226
23,BASE,1574,1575,1575,stop,107.946,107.689364,-25.663616846458126,25.663616846458126,-1.0,0.01,-2.5829228481864646
24,BASE,1591,1592,1633,stop,108.23,108.864739,63.47393150014966,21.5050553548366,2.9515818700682415,0.01,6.32775212449119
24,ADD1,1608,1609,1633,stop,108.943,108.864739,-7.826068499849725,19.543323913111976,-0.4004471570262964,0.01,-0.7775106114736172
24,ADD2,1632,1633,1633,stop,109.021,108.848913,-17.208689499949514,17.208689499949514,-1.0,0.01,-1.7057285525728976
25,BASE,1789,1790,1790,stop,107.847,107.6867,-16.029983964057237,16.029983964057237,-1.0,0.01,-1.6218916130241314
26,BASE,1801,1802,1806,stop,107.9,107.72656,-17.344002258643343,17.344002258643343,-1.0,0.01,-1.750000966033368
27,BASE,1909,1910,1913,stop,107.856,107.728664,-12.733639778882377,12.733639778882377,-1.0,0.01,-1.2820101671356212
28,BASE,1933,1934,1934,stop,107.839,107.688628,-15.037192309601721,15.037192309601721,-1.0,0.01,-1.5080089444219693
29,BASE,2040,2041,2042,stop,106.796,106.669826,-12.617418607965192,12.617418607965192,-1.0,0.01,-1.2839384705355448
30,BASE,2169,2170,2176,stop,106.458,106.337818,-12.018201664194805,12.018201664194805,-1.0,0.02,-2.4369931978057355
31,BASE,2196,2197,2197,stop,106.675,106.556905,-11.809529789967144,11.809529789967144,-1.0,0.02,-2.4003177766721313
32,BASE,2208,2209,2210,stop,106.982,106.860883,-12.111718292474905,12.111718292474905,-1.0,0.02,-2.4580203583964604
33,BASE,2297,2298,2310,stop,107.266,107.140339,-12.566093211016494,12.566093211016494,-1.0,0.01,-1.2636993408657642
33,ADD1,2304,2305,2305,stop,107.38,107.264894,-11.51055794782252,11.51055794782252,-1.0,0.02,-2.3184632770295313
34,BASE,2340,2341,2341,stop,107.458,107.358107,-9.989265006100823,9.989265006100823,-1.0,0.02,-2.014990626049209
35,BASE,2358,2359,2359,stop,107.52,107.419251,-10.074885534974953,10.074885534974953,-1.0,0.02,-2.052718418488059
36,BASE,2448,2449,2480,stop,107.682,107.73103,4.903046533242161,7.877461202191682,0.6224145581165194,0.03,1.4894843460785991
36,ADD1,2472,2473,2480,stop,107.759,107.73103,-2.7969534667576568,5.317991025221147,-0.5259417425664696,0.04,-1.1313507988230884
37,BASE,2509,2510,2513,stop,107.776,107.669158,-10.68418873976782,10.68418873976782,-1.0,0.02,-2.1775984887779685
38,BASE,2603,2604,2617,stop,107.914,108.442115,52.81145952815223,9.522469684357304,5.545983476839664,0.02,10.901296408487957
38,ADD1,2616,2617,2617,stop,108.707,108.571705,-13.529513490615841,13.529513490615841,-1.0,0.01,-1.3969595026959374
39,BASE,2644,2645,2650,stop,109.03,108.91301,-11.698975366923037,11.698975366923037,-1.0,0.02,-2.406658009790789
40,BASE,2664,2665,2688,stop,109.064,109.531811,46.78106136834259,13.1649383442479,3.5534584473601,0.01,4.860419571542286
41,BASE,2788,2789,2808,stop,107.148,107.167133,1.9132852351688712,16.836013621639268,0.11364241430107497,0.01,0.20148651819189417
42,BASE,2834,2835,2835,stop,107.627,107.479762,-14.723830825009543,14.723830825009543,-1.0,0.01,-1.5545346230706605
43,BASE,2954,2955,2960,stop,107.175,107.075432,-9.956803422123528,9.956803422123528,-1.0,0.02,-2.0946709278222477
44,BASE,3002,3003,3007,stop,107.205,107.089293,-11.570690672850503,11.570690672850503,-1.0,0.02,-2.426968713852004
45,BASE,3049,3050,3050,stop,107.278,107.187288,-9.071187080165544,9.071187080165544,-1.0,0.02,-1.901674419773099
46,BASE,3086,3087,3087,stop,107.879,107.76008,-11.892024101214815,11.892024101214815,-1.0,0.02,-2.4797393684304936
47,BASE,3096,3097,3097,stop,108.099,107.988952,-11.004794239477178,11.004794239477178,-1.0,0.02,-2.2925651106178204
48,BASE,3168,3169,3174,stop,107.669,107.620252,-4.8748405524577265,4.8748405524577265,-1.0,0.04,-2.0389243148770655
49,BASE,3201,3202,3204,stop,107.744,107.65954,-8.446006414480678,8.446006414480678,-1.0,0.02,-1.768027016593141
50,BASE,3301,3302,3302,stop,107.272,107.197644,-7.4356316233320285,7.4356316233320285,-1.0,0.03,-2.3618967289000246
51,BASE,3312,3313,3313,stop,107.256,107.176451,-7.954866075614575,7.954866075614575,-1.0,0.02,-1.6835236024353573
52,BASE,3377,3378,3388,stop,107.317,107.216919,-10.00812117573986,10.00812117573986,-1.0,0.02,-2.1208428828374473
53,BASE,3408,3409,3412,stop,107.392,107.297661,-9.433938980485834,9.433938980485834,-1.0,0.02,-2.006673134238339
54,BASE,3605,3606,3607,stop,105.286,105.15527,-13.073000566991766,13.073000566991766,-1.0,0.01,-1.461423879018099
55,BASE,3637,3638,3650,stop,105.687,105.811588,12.458812072719638,21.99986698860812,0.566313063582203,0.01,1.3943951308615257
55,ADD1,3648,3649,3649,stop,106.17,105.974955,-19.50452899953632,19.50452899953632,-1.0,0.01,-2.1640452550288587
56,BASE,3754,3755,3756,stop,105.67,105.566335,-10.366515130576204,10.366515130576204,-1.0,0.02,-2.3201327592190912
57,BASE,3778,3779,3780,stop,106.17,106.067038,-10.296205327820473,10.296205327820473,-1.0,0.02,-2.279344621963287
58,BASE,3798,3799,3800,stop,106.176,106.073469,-10.253073704664928,10.253073704664928,-1.0,0.02,-2.2677991225933396
59,BASE,3818,3819,3840,stop,106.722,106.702208,-1.9792221040006552,12.483458273986514,-0.15854758037082003,0.01,-0.21729224732896738
60,BASE,3858,3859,3870,stop,106.926,106.804892,-12.1107955182012,12.1107955182012,-1.0,0.01,-1.3363987953933587
61,BASE,3954,3955,3972,stop,105.91,105.809812,-10.01883815993665,15.420881840847755,-0.6496929464434485,0.01,-1.1195980327541069
61,ADD1,3960,3961,3968,stop,106.095,105.94829,-14.670969002251866,14.670969002251866,-1.0,0.01,-1.6383206788546152
62,BASE,4032,4033,4033,stop,106.003,105.924521,-7.8478665028583805,7.8478665028583805,-1.0,0.02,-1.7481868154651476
63,BASE,4095,4096,4109,stop,106.422,106.506003,8.400336479778048,16.924234257652415,0.4963495749286131,0.01,0.9309340747853504
63,ADD1,4104,4105,4109,stop,106.662,106.5178,-14.419976819122837,14.419976819122837,-1.0,0.01,-1.5961419356954274
64,BASE,4166,4167,4175,stop,106.015,105.865503,-14.949674238454236,14.949674238454236,-1.0,0.01,-1.6866161714652097
65,BASE,4184,4185,4214,stop,106.2,106.256842,5.684221124782596,11.56638050398442,0.49144337961426043,0.01,0.6353784856286983
65,ADD1,4203,4204,4207,stop,106.274,106.187723,-8.62766838354645,8.62766838354645,-1.0,0.02,-1.9194350242924656
66,BASE,4320,4321,4323,stop,106.191,106.108047,-8.295294185742819,8.295294185742819,-1.0,0.02,-1.8457533572843685
67,BASE,4501,4502,4522,stop,104.605,104.484533,-12.046747954128989,16.107880042527256,-0.7478791698425702,0.01,-1.3544395068661261
68,BASE,4526,4527,4575,time,104.988,105.419,43.09999999999974,14.431487430914558,2.986525138612714,0.01,4.801803617325054
68,ADD1,4536,4537,4543,stop,105.116,104.992964,-12.303637655121236,12.303637655121236,-1.0,0.01,-1.3662897786218906
68,ADD2,4560,4561,4566,stop,105.409,105.291829,-11.717122181912032,11.717122181912032,-1.0,0.01,-1.2969699218263806
69,BASE,4584,4585,4587,stop,105.52,105.431826,-8.817409324639414,8.817409324639414,-1.0,0.02,-1.9503458519612082
70,BASE,4638,4639,4639,stop,105.665,105.574371,-9.062912105299858,9.062912105299858,-1.0,0.02,-2.005242280517085
71,BASE,4656,4657,4657,stop,105.802,105.716746,-8.525388013627833,8.525388013627833,-1.0,0.02,-1.8941488704911102
72,BASE,4736,4737,4741,stop,105.646,105.559501,-8.649933590042735,8.649933590042735,-1.0,0.02,-1.9251159840337133
73,BASE,4781,4782,4824,stop,105.757,105.934132,17.713228539331283,6.791620251610198,2.60810055378637,0.03,5.899288646454933
73,ADD1,4800,4801,4804,stop,106.053,105.970853,-8.21471153374489,8.21471153374489,-1.0,0.02,-1.8228228816662082
74,BASE,4968,4969,4978,stop,105.389,105.322311,-6.66892522579019,6.66892522579019,-1.0,0.03,-2.224415456992096
75,BASE,4992,4993,5000,stop,105.564,105.493269,-7.073104127307772,7.073104127307772,-1.0,0.03,-2.3656015410050077
76,BASE,5092,5093,5095,stop,104.906,104.830157,-7.584264031778787,7.584264031778787,-1.0,0.02,-1.711508376383964
77,BASE,5175,5176,5183,stop,104.695,104.574042,-12.095828162588873,12.095828162588873,-1.0,0.01,-1.3474430806712094
78,BASE,5199,5200,5220,stop,104.561,104.660713,9.971279667152544,13.492171917697249,0.739041847967675,0.01,1.1108200662473864
78,ADD1,5208,5209,5210,stop,104.755,104.650087,-10.491251171623617,10.491251171623617,-1.0,0.02,-2.332909906017566
79,BASE,5258,5259,5259,stop,105.204,105.023435,-18.056480079093262,18.056480079093262,-1.0,0.01,-1.9984416396487377
80,BASE,5339,5340,5353,stop,104.212,105.024347,81.23473315008027,16.283197621837076,4.98886858936957,0.01,9.188652744081933
80,ADD1,5352,5353,5353,stop,105.146,104.938449,-20.755088949972844,20.755088949972844,-1.0,0.01,-2.33718251206687
81,BASE,5384,5385,5386,stop,105.517,105.37227,-14.472974142914552,14.472974142914552,-1.0,0.01,-1.6188257059631268
82,BASE,5530,5531,5531,stop,104.126,104.007283,-11.871703124189992,11.871703124189992,-1.0,0.01,-1.3494965404544883
83,BASE,5582,5583,5585,stop,104.053,104.277412,22.441237276817105,8.49983726576653,2.6401961090714265,0.02,5.090452013733505
84,BASE,5592,5593,5597,stop,104.611,104.484296,-12.670404628489962,12.670404628489962,-1.0,0.01,-1.4354638238221438
85,BASE,5697,5698,5699,stop,104.042,103.936899,-10.51008511284266,10.51008511284266,-1.0,0.02,-2.4217463959550964
86,BASE,5715,5716,5719,stop,104.441,104.33416,-10.684001387544129,10.684001387544129,-1.0,0.02,-2.4483717744659876
87,BASE,5743,5744,5750,stop,104.57,104.478157,-9.184297991272672,9.184297991272672,-1.0,0.02,-2.118801168310977
88,BASE,5816,5817,5821,stop,104.233,104.132856,-10.014416250336922,10.014416250336922,-1.0,0.02,-2.3207088587640365
89,BASE,5863,5864,5864,stop,104.229,104.169822,-5.917840843055444,5.917840843055444,-1.0,0.03,-2.0673642093481734
90,BASE,5882,5883,5893,stop,104.436,104.354644,-8.135584840573529,8.135584840573529,-1.0,0.02,-1.8835274930904191
91,BASE,5952,5953,5962,stop,104.112,104.011994,-10.000565749288626,10.000565749288626,-1.0,0.02,-2.33641502078687
92,BASE,6032,6033,6035,stop,103.47,103.361873,-10.812701606130304,10.812701606130304,-1.0,0.01,-1.2801506083144643
93,BASE,6055,6056,6056,stop,103.607,103.500157,-10.684317987031022,10.684317987031022,-1.0,0.01,-1.2570137931332124
94,BASE,6129,6130,6141,stop,103.661,103.587368,-7.363239921882325,7.363239921882325,-1.0,0.02,-1.732451806223558
95,BASE,6179,6180,6180,stop,103.701,103.636864,-6.413622819199816,6.413622819199816,-1.0,0.03,-2.2651416179277137
96,BASE,6288,6289,6290,stop,103.071,103.039736,-3.1264128873402797,3.1264128873402797,-1.0,0.06,-2.228242664279504
97,BASE,6349,6350,6355,stop,103.183,103.079522,-10.347751716048492,11.650468874026387,-0.8881832849764374,0.01,-1.2346774273390972
98,BASE,6368,6369,6397,stop,103.4,103.740732,34.07316393354165,11.68711956796642,2.9154458235315586,0.01,4.0434308165343555
98,ADD1,6384,6385,6397,stop,103.853,103.740732,-11.226836066457224,12.078742808670029,-0.9294705785438769,0.01,-1.324483526469596
99,BASE,6408,6409,6449,stop,104.067,104.073137,0.6136753364756942,13.120322727563405,0.0467728842665184,0.01,0.07180694216203183
99,ADD1,6432,6433,6439,stop,104.224,104.11433,-10.966964978322835,10.966964978322835,-1.0,0.01,-1.2789689603299712
100,BASE,6482,6483,6495,stop,104.044,103.925153,-11.884690474128945,11.884690474128945,-1.0,0.01,-1.3877731935763506
101,BASE,6528,6529,6529,stop,103.823,103.730446,-9.25543041675354,9.25543041675354,-1.0,0.02,-2.154698750724805
102,BASE,6554,6555,6555,stop,104.061,103.982921,-7.807929335773167,7.807929335773167,-1.0,0.02,-1.8159368434687733
103,BASE,6631,6632,6632,stop,103.682,103.611438,-7.0561579980420674,7.0561579980420674,-1.0,0.03,-2.4833473886794835
104,BASE,6649,6650,6650,stop,103.847,103.779084,-6.791617981713216,6.791617981713216,-1.0,0.03,-2.388509237644092
105,BASE,6707,6708,6739,stop,103.844,104.175504,33.150351996803806,6.594030563756803,5.02732762250303,0.03,11.606198531030518
105,ADD1,6720,6721,6739,stop,104.285,104.186071,-9.892932467006688,9.892932467006688,-1.0,0.02,-2.2943619766417087
106,BASE,6744,6745,6756,stop,104.468,104.623183,15.518334439006765,9.447400823843566,1.6426035825474068,0.02,3.596918313123572
107,BASE,6778,6779,6817,stop,104.913,104.9279,1.4899879496624635,9.100608071116767,0.1637239993216873,0.02,0.3431846428417951
107,ADD1,6796,6797,6800,stop,104.988,104.912313,-7.568656500745874,7.568656500745874,-1.0,0.02,-1.7414493022322244
108,BASE,6843,6844,6872,stop,105.125,105.441758,31.675825904831356,6.066107085689509,5.221771633335895,0.03,10.863653407721698
108,ADD1,6864,6865,6872,stop,105.494,105.413761,-8.023897851258255,8.023897851258255,-1.0,0.02,-1.8202711535264628
109,BASE,6875,6876,6877,stop,105.622,105.537615,-8.43854328345941,8.43854328345941,-1.0,0.02,-1.9131687238289157
110,BASE,6984,6985,6994,stop,104.758,104.931211,17.32114945072709,6.618109704450603,2.6172351659687383,0.03,6.013657705377854
111,BASE,7015,7016,7041,stop,105.19,105.369836,17.9835814650815,7.991543167653958,2.2503265123900795,0.02,4.147410514160696
111,ADD1,7032,7033,7037,stop,105.495,105.421754,-7.324558652302926,7.324558652302926,-1.0,0.02,-1.685082388817189
112,BASE,7135,7136,7137,stop,105.825,105.71544,-10.955976659860767,10.955976659860767,-1.0,0.01,-1.2550844511159587
113,BASE,7177,7178,7226,stop,105.426,105.970331,54.43312236702127,11.057927069332152,4.92254307934306,0.01,6.27506124382693
113,ADD1,7200,7201,7204,stop,106.033,105.920211,-11.278928679446665,11.278928679446665,-1.0,0.01,-1.2926553560607448
113,ADD2,7224,7225,7226,stop,106.25,106.097298,-15.270161201583221,15.270161201583221,-1.0,0.01,-1.749559409520118
114,BASE,7250,7251,7252,stop,106.654,106.52045,-13.354972835647061,13.354972835647061,-1.0,0.01,-1.514258715687815
115,BASE,7272,7273,7274,stop,106.888,106.78055,-10.744979817228284,10.744979817228284,-1.0,0.02,-2.42059093463274
116,BASE,7306,7307,7309,stop,106.96,106.87929,-8.070997620228582,8.070997620228582,-1.0,0.02,-1.822327605931853
117,BASE,7327,7328,7358,stop,107.168,108.151779,98.37788699154117,8.296022204429221,11.858440655934784,0.02,22.097474711303953
117,ADD1,7344,7345,7358,stop,107.889,108.151779,26.277886991542232,11.08779408742322,2.3699833153782133,0.02,5.827344227236464
118,BASE,7380,7381,7381,stop,108.692,108.580433,-11.156701682158143,11.156701682158143,-1.0,0.02,-2.43433316239363
119,BASE,7392,7393,7399,stop,109.082,108.968554,-11.34456150242329,11.34456150242329,-1.0,0.02,-2.4613197870454107
120,BASE,7470,7471,7497,stop,108.869,109.008421,13.942127301784524,11.190799040197419,1.245856283515084,0.02,3.055100387452063
120,ADD1,7488,7489,7489,stop,109.069,108.960678,-10.832248849257553,10.832248849257553,-1.0,0.02,-2.3746522275611537
121,BASE,7552,7553,7554,stop,109.251,109.159199,-9.180094123344418,9.180094123344418,-1.0,0.02,-2.000219182739029
122,BASE,7669,7670,7672,stop,108.888,108.776715,-11.128456919105645,11.128456919105645,-1.0,0.02,-2.4170616858990774
123,BASE,7681,7682,7730,stop,108.928,109.576327,64.83271187606192,9.23958343616107,7.0168435973342,0.02,14.066027448667649
123,ADD1,7704,7705,7705,stop,109.281,109.191538,-8.946154182640953,8.946154182640953,-1.0,0.02,-1.9300172382999337
123,ADD2,7728,7729,7730,stop,109.676,109.586989,-8.901077788080158,8.901077788080158,-1.0,0.02,-1.913164171724021
124,BASE,7751,7752,7784,stop,109.846,110.569423,72.34232609319804,8.262238311601777,8.755778200153758,0.02,15.49978197144301
124,ADD1,7776,7777,7777,stop,110.702,110.589095,-11.29052365229768,11.29052365229768,-1.0,0.02,-2.3929928273280874
125,BASE,7956,7957,7957,stop,109.885,109.760216,-12.478364795788366,12.478364795788366,-1.0,0.01,-1.3499280574452537
126,BASE,8071,8072,8073,stop,108.901,108.802561,-9.843856560581798,9.843856560581798,-1.0,0.02,-2.1675620140921703
127,BASE,8220,8221,8222,stop,108.082,107.966837,-11.51628570924288,11.51628570924288,-1.0,0.01,-1.2875871649753596
128,BASE,8232,8233,8270,stop,108.14,108.756546,61.654588324545045,9.7650895192686,6.313776049148083,0.02,13.749845226630509
128,ADD1,8256,8257,8258,stop,108.924,108.819439,-10.456129855657537,10.456129855657537,-1.0,0.02,-2.320054938667548
129,BASE,8293,8294,8294,stop,109.201,109.059438,-14.156183717828696,14.156183717828696,-1.0,0.01,-1.5732817522135454
130,BASE,8318,8319,8340,stop,109.294,109.386118,9.211839583220183,13.592681952157193,0.6777058137344442,0.01,1.014042118830076
130,ADD1,8329,8330,8340,stop,109.439,109.386118,-5.2881604167808405,9.443010570022636,-0.560007889175556,0.02,-1.1615745359704037
131,BASE,8508,8509,8541,stop,109.008,109.424891,41.68913095352593,12.552407081032868,3.3212060989098804,0.01,4.6354036089701
131,ADD1,8520,8521,8521,stop,109.616,109.487468,-12.853219397149473,12.853219397149473,-1.0,0.01,-1.4176123986999272
132,BASE,8627,8628,8628,stop,109.191,109.093234,-9.776595970386381,9.776595970386381,-1.0,0.02,-2.1893477211445944
133,BASE,8724,8725,8726,stop,108.986,108.882631,-10.33686126116038,10.33686126116038,-1.0,0.02,-2.3257985290103833
134,BASE,8751,8752,8799,stop,109.11,109.847379,73.73792401364199,9.274327517790937,7.950756954850966,0.02,16.498682218139127
134,ADD1,8760,8761,8762,stop,109.168,109.094468,-7.353176677783324,7.353176677783324,-1.0,0.03,-2.462802791791187
134,ADD2,8784,8785,8788,stop,109.933,109.833315,-9.968462866537209,9.968462866537209,-1.0,0.02,-2.2102310692945353
135,BASE,8861,8862,8869,stop,109.723,109.641976,-8.102388732282861,8.102388732282861,-1.0,0.02,-1.8033596442814384
136,BASE,8892,8893,8915,stop,109.971,110.093614,12.261410526726024,8.84218200448288,1.3866951076679532,0.02,2.708250660220199
136,ADD1,8904,8905,8905,stop,110.239,110.151537,-8.746269265776618,8.746269265776618,-1.0,0.02,-1.9249807384444015
137,BASE,8990,8991,9006,stop,109.604,109.499041,-10.49591472525151,10.49591472525151,-1.0,0.02,-2.333540449123772
138,BASE,9038,9039,9043,stop,109.771,109.668782,-10.221763363334446,10.221763363334446,-1.0,0.02,-2.255286966343301
139,BASE,9061,9062,9103,stop,109.921,109.98492,6.392007331774607,8.69825768810415,0.7348606538199483,0.02,1.408782514944745
139,ADD1,9072,9073,9079,stop,110.09,110.02511,-6.489004024486178,6.489004024486178,-1.0,0.03,-2.1422534522006935
139,ADD2,9096,9097,9100,stop,110.144,110.077192,-6.680807463973792,6.680807463973792,-1.0,0.03,-2.206668884967039
140,BASE,9114,9115,9115,stop,110.514,110.402299,-11.170106525825929,11.170106525825929,-1.0,0.02,-2.428219935685954
141,BASE,9120,9121,9122,stop,110.759,110.642832,-11.616810227059204,11.616810227059204,-1.0,0.01,-1.259224433297522
142,BASE,9192,9193,9227,stop,110.269,110.827039,55.80390683592782,10.987959348261711,5.078641544551761,0.02,12.042923407403228
142,ADD1,9216,9217,9227,stop,110.738,110.827039,8.90390683592841,8.96957493282855,0.992678794993975,0.02,1.917920283614864
143,BASE,9240,9241,9245,stop,111.028,110.929579,-9.842127510700038,9.842127510700038,-1.0,0.02,-2.116232573186033
144,BASE,9326,9327,9368,stop,110.981,111.436119,45.511903935937426,10.939493290869962,4.160330165741899,0.02,9.72956302244299
144,ADD1,9336,9337,9368,stop,111.088,111.436119,34.811903935937494,8.826469655215874,3.944034851506673,0.02,7.429423258505228
144,ADD2,9360,9361,9361,stop,111.655,111.571408,-8.359179554801699,8.359179554801699,-1.0,0.02,-1.7742384636439728
145,BASE,9511,9512,9558,stop,110.057,110.441191,38.4191071197435,9.763368410874307,3.9350258540846235,0.02,8.289358925984988
145,ADD1,9528,9529,9537,stop,110.392,110.305745,-8.625495437837571,8.625495437837571,-1.0,0.02,-1.8545979805973027
145,ADD2,9552,9553,9553,stop,110.637,110.543664,-9.333617953504358,9.333617953504358,-1.0,0.02,-1.9894758989201733
146,BASE,9648,9649,9654,stop,109.967,109.851014,-11.598565864800037,11.598565864800037,-1.0,0.02,-2.4853436646869844
147,BASE,9679,9680,9697,stop,110.346,110.371806,2.5805654886099205,8.412734076092931,0.3067451633759943,0.02,0.5500930464274837
147,ADD1,9696,9697,9697,stop,110.462,110.388602,-7.3398115037960565,7.3398115037960565,-1.0,0.03,-2.3467745624909844
148,BASE,9878,9879,9898,stop,109.572,109.444274,-12.772598034975147,15.254445567003927,-0.8373033276675009,0.01,-1.3823908398876716
148,ADD1,9888,9889,9895,stop,109.695,109.577231,-11.776917682898613,11.776917682898613,-1.0,0.01,-1.2705606240879923
149,BASE,9912,9913,9918,stop,109.872,109.783509,-8.849050737234165,8.849050737234165,-1.0,0.02,-1.9051477177220442
150,BASE,9960,9961,9996,stop,110.334,110.617767,28.376655314625054,8.260742222746842,3.4351217541308676,0.02,6.037449435907221
150,ADD1,9984,9985,9986,stop,110.682,110.615679,-6.632089413237452,6.632089413237452,-1.0,0.03,-2.1061157665771217
151,BASE,10094,10095,10125,stop,109.602,109.754252,15.225172479308924,12.52470003369126,1.2156117462576694,0.01,1.6275050254945223
151,ADD1,10114,10115,10125,stop,109.755,109.754252,-0.0748275206902349,8.750452240165885,-0.008551274681183378,0.02,-0.015973122869604325
152,BASE,10129,10130,10134,stop,110.116,110.011811,-10.418933104905648,10.418933104905648,-1.0,0.02,-2.2106866723069705
153,BASE,10176,10177,10189,stop,109.875,109.873359,-0.16409922911577723,8.486706248893938,-0.01933603264955283,0.02,-0.03495965352086266
154,BASE,10235,10236,10276,stop,109.895,109.963905,6.890544003532284,8.850585996366078,0.7785409922418065,0.02,1.47064515659394
154,ADD1,10248,10249,10251,stop,110.055,109.968427,-8.657281612374845,8.657281612374845,-1.0,0.02,-1.851461829343105
154,ADD2,10272,10273,10273,stop,110.064,109.971842,-9.215846951040874,9.215846951040874,-1.0,0.02,-1.9678000201512518
155,BASE,10285,10286,10286,stop,110.175,110.077344,-9.765594302227498,9.765594302227498,-1.0,0.02,-2.091245977825275
156,BASE,10335,10336,10337,stop,110.06,109.944838,-11.516230710118691,11.516230710118691,-1.0,0.02,-2.472272899077115
157,BASE,10344,10345,10356,stop,110.191,110.154445,-3.6554623984599743,9.082551074024536,-0.4024708882633583,0.02,-0.7830371102010403
158,BASE,10446,10447,10471,stop,109.928,110.255374,32.737363656188734,6.301821994094325,5.194904535048459,0.03,10.60841070314413
158,ADD1,10464,10465,10471,stop,110.266,110.255374,-1.0626363438120734,6.5886370205547,-0.1612831820142688,0.03,-0.34241992432537527
159,BASE,10541,10542,10549,stop,110.043,109.979977,-6.302324870685538,6.302324870685538,-1.0,0.03,-2.025201472881794
160,BASE,10571,10572,10572,stop,110.122,110.060791,-6.120881063036165,6.120881063036165,-1.0,0.03,-1.973705049905087
161,BASE,10621,10622,10658,stop,109.677,109.865739,18.8738959660796,10.721595588593402,1.7603626074237821,0.02,4.046968394725718
161,ADD1,10632,10633,10658,stop,109.807,109.865739,5.873895966080056,8.322965196437337,0.7057455879539649,0.02,1.2572770413932775
161,ADD2,10656,10657,10657,stop,110.027,109.958086,-6.891421960894206,6.891421960894206,-1.0,0.03,-2.20468827602123
162,BASE,10722,10723,10723,stop,109.865,109.752402,-11.25977010894843,11.25977010894843,-1.0,0.02,-2.3976463694348724
163,BASE,10729,10730,10731,stop,109.893,109.797233,-9.576725269444353,9.576725269444353,-1.0,0.02,-2.038231310896031
164,BASE,10752,10753,10760,stop,110.378,110.319399,-5.8601017838299185,8.536969871495614,-0.6864381474973241,0.02,-1.2475464967997894
165,BASE,10776,10777,10777,stop,110.745,110.664807,-8.01934741617174,8.01934741617174,-1.0,0.02,-1.6982991543165467
166,BASE,10801,10802,10814,stop,111.1,111.262919,16.291948145553192,9.18060653656454,1.7746047693761393,0.02,3.42573602350366
167,BASE,10824,10825,10826,stop,111.658,111.534476,-12.35237884522462,12.35237884522462,-1.0,0.01,-1.293600549360378
168,BASE,10855,10856,10861,stop,111.879,111.764155,-11.48445654326764,11.48445654326764,-1.0,0.02,-2.381793416215216
169,BASE,10931,10932,10953,stop,111.227,111.45566,22.866023669675428,10.581379197064678,2.1609681728463683,0.02,4.768685448576664
169,ADD1,10944,10945,10952,stop,111.647,111.544103,-10.289728960714228,10.289728960714228,-1.0,0.02,-2.1385034536781635
170,BASE,10992,10993,11003,stop,111.726,111.726678,0.06783003393877607,8.887609270703933,0.007631977495046164,0.02,0.014018425339320104
171,BASE,11016,11017,11046,stop,112.307,113.131666,82.46658095442712,9.72096211150415,8.483376440366236,0.02,16.988554551151758
171,ADD1,11040,11041,11041,stop,113.46,113.341023,-11.897744876029037,11.897744876029037,-1.0,0.02,-2.4246204050985023
172,BASE,11076,11077,11077,stop,113.67,113.549034,-12.096567811660464,12.096567811660464,-1.0,0.02,-2.462613097981815
173,BASE,11111,11112,11126,stop,113.84,114.058904,21.890364316122657,11.950870264072933,1.8316962557890142,0.02,4.456267152133313
174,BASE,11183,11184,11185,stop,114.553,114.452022,-10.097782507919817,10.097782507919817,-1.0,0.02,-2.049597364901657
175,BASE,11282,11283,11307,stop,113.931,114.002695,7.169497444999706,10.912637806445957,0.6569903237111723,0.02,1.4600195964503397
175,ADD1,11304,11305,11305,stop,114.175,114.076545,-9.845519725404017,9.845519725404017,-1.0,0.02,-2.003216228603766
176,BASE,11363,11364,11364,stop,113.876,113.755197,-12.080304832537081,12.080304832537081,-1.0,0.02,-2.4712665465668864
177,BASE,11376,11377,11393,stop,114.077,114.076444,-0.055639056354550576,11.630159370545812,-0.004784032151395995,0.02,-0.01126555028650992
178,BASE,11438,11439,11439,stop,114.081,113.975595,-10.54052779647634,10.54052779647634,-1.0,0.02,-2.139100044951649
179,BASE,11449,11450,11456,stop,114.218,114.0991,-11.889973215234306,11.889973215234306,-1.0,0.02,-2.4164256593693256
180,BASE,11556,11557,11581,stop,113.276,113.811194,53.519366182199235,11.509695912009477,4.64993746067226,0.02,10.902487999342299
180,ADD1,11568,11569,11581,stop,113.962,113.836287,-12.571292855268723,12.571292855268723,-1.0,0.01,-1.2649213864260902
181,BASE,11592,11593,11599,stop,114.256,114.155909,-10.009135422475879,10.009135422475879,-1.0,0.02,-2.00391159117224
182,BASE,11641,11642,11642,stop,114.3,114.200735,-9.92645360105655,9.92645360105655,-1.0,0.02,-1.979203485526171
183,BASE,11721,11722,11722,stop,114.013,113.877269,-13.573104836639516,13.573104836639516,-1.0,0.01,-1.3449120717803211
184,BASE,11750,11751,11767,stop,114.617,114.767555,15.055495663229124,15.452834670770699,0.9742869825499946,0.01,1.476287821683914
184,ADD1,11760,11761,11767,stop,114.78,114.767555,-1.2445043367705466,13.175683307258623,-0.09445463341433959,0.01,-0.12183414368771049
185,BASE,11784,11785,11786,stop,115.207,115.063438,-14.35623115753657,14.35623115753657,-1.0,0.01,-1.4014264746480838
186,BASE,11958,11959,11965,stop,113.354,113.203358,-15.064153312449946,15.064153312449946,-1.0,0.01,-1.499346888621384
187,BASE,12001,12002,12024,stop,113.564,113.444068,-11.993165089955937,11.993165089955937,-1.0,0.02,-2.3846824386604375
188,BASE,12035,12036,12054,stop,113.706,113.596952,-10.904795581531346,15.928808194985322,-0.6845958246244922,0.01,-1.0810278022824358
189,BASE,12127,12128,12129,stop,113.72,113.624506,-9.549401641449151,9.549401641449151,-1.0,0.02,-1.893111516166406
190,BASE,12144,12145,12145,stop,113.763,113.679897,-8.310344967512151,8.310344967512151,-1.0,0.03,-2.469472177549819
191,BASE,12245,12246,12247,stop,113.737,113.636315,-10.068496715882702,10.068496715882702,-1.0,0.02,-1.9969332689899029
192,BASE,12272,12273,12275,stop,114.306,114.211213,-9.47869102783585,9.47869102783585,-1.0,0.02,-1.8696637606440643
193,BASE,12300,12301,12301,stop,114.368,114.291157,-7.684342653223553,7.684342653223553,-1.0,0.03,-2.2803946670365196
194,BASE,12312,12313,12333,stop,114.37,114.296977,-7.302260483902501,7.831548184168469,-0.9324159555915231,0.03,-2.1694706182209993
195,BASE,12344,12345,12373,stop,114.636,114.736967,10.096730291836309,6.55351089785654,1.5406597241088973,0.03,2.986674211150355
195,ADD1,12360,12361,12365,stop,114.901,114.824647,-7.63533877500322,7.63533877500322,-1.0,0.03,-2.2589383717731497
196,BASE,12392,12393,12395,stop,114.995,114.926919,-6.808140962372988,6.808140962372988,-1.0,0.03,-2.003315177900029
197,BASE,12409,12410,12441,stop,115.039,115.023151,-1.584936548184146,8.25596805113662,-0.1919746465062863,0.03,-0.46897477443479213
197,ADD1,12435,12436,12441,stop,115.098,115.030537,-6.746284214075615,6.746284214075615,-1.0,0.03,-1.9899278708556905
198,BASE,12456,12457,12457,stop,115.287,115.212127,-7.487346477147128,7.487346477147128,-1.0,0.03,-2.215633796086106
199,BASE,12480,12481,12505,stop,115.397,116.009399,61.239873129333944,8.84858927955463,6.920862884983659,0.02,11.998700321421504
199,ADD1,12504,12505,12505,stop,116.206,116.0918,-11.420042290221488,11.420042290221488,-1.0,0.02,-2.2210062162721784
200,BASE,12696,12697,12729,stop,114.338,114.620345,28.234461203172145,14.02342597474302,2.013378275324732,0.01,2.813678629589115
200,ADD1,12720,12721,12729,stop,114.538,114.620345,8.234461203171861,8.797209795289973,0.9360310137858248,0.02,1.6424611275324583
201,BASE,12839,12840,12841,stop,114.021,113.888862,-13.213848981411047,13.213848981411047,-1.0,0.01,-1.3122623858175404
202,BASE,12849,12850,12853,stop,114.062,113.926081,-13.59185547702566,13.59185547702566,-1.0,0.01,-1.3445820485177367
203,BASE,12873,12874,12922,time,114.134,115.575,144.10000000000025,10.183051510894359,14.150964457543456,0.02,28.488535414586334
203,ADD1,12888,12889,12889,stop,114.68,114.55334,-12.665986264069318,12.665986264069318,-1.0,0.02,-2.4828666348192283
203,ADD2,12912,12913,12917,stop,115.458,115.319293,-13.870718534312232,13.870718534312232,-1.0,0.01,-1.339179227565845
204,BASE,13019,13020,13022,stop,114.843,114.743726,-9.927437646926762,9.927437646926762,-1.0,0.02,-1.9511682411136861
205,BASE,13032,13033,13033,stop,114.968,114.868465,-9.953522273619342,9.953522273619342,-1.0,0.02,-1.9843949931708365
206,BASE,13082,13083,13090,stop,115.392,115.28561,-10.639013817906573,10.639013817906573,-1.0,0.02,-2.108562572831531
207,BASE,13128,13129,13129,stop,115.582,115.497112,-8.48884386829809,8.48884386829809,-1.0,0.02,-1.6784687641374918
208,BASE,13214,13215,13216,stop,115.823,115.6764,-14.6599623113147,14.6599623113147,-1.0,0.01,-1.4348131759580658
209,BASE,13333,13334,13336,stop,115.128,115.000578,-12.742222765750455,12.742222765750455,-1.0,0.01,-1.2541192149623699
210,BASE,13383,13384,13384,stop,115.612,115.415483,-19.651680481121048,19.651680481121048,-1.0,0.01,-1.89106407040927
211,BASE,13409,13410,13411,stop,115.759,115.607761,-15.123932047492872,15.123932047492872,-1.0,0.01,-1.4701411575382566
212,BASE,13474,13475,13506,stop,115.285,115.496954,21.195422545932274,11.801792340324369,1.7959494570593102,0.02,4.080957476136055
212,ADD1,13488,13489,13506,stop,115.608,115.496954,-11.104577454068476,11.300282415034246,-0.9826814097402204,0.02,-2.1328243318069844
213,BASE,13560,13561,13598,stop,115.454,115.620692,16.66923241340328,12.34403485678115,1.3503876655246236,0.02,3.13498840208708
213,ADD1,13584,13585,13590,stop,115.838,115.719714,-11.828557287013552,11.828557287013552,-1.0,0.02,-2.228959584446574
214,BASE,13608,13609,13616,stop,115.976,115.874359,-10.164055119054183,11.239975845955996,-0.9042773096982307,0.02,-1.936205686441994
215,BASE,13632,13633,13681,time,116.327,118.324,199.7,11.716547511524311,17.044270063649424,0.02,37.777284547252556
215,ADD1,13656,13657,13687,stop,117.538,118.076603,53.8602875326319,13.874619615532424,3.881928948332114,0.01,5.002243835346733
215,ADD2,13680,13681,13687,stop,118.21,118.0822,-12.780025903427372,12.780025903427372,-1.0,0.02,-2.365218546056708
216,BASE,13704,13705,13705,stop,118.894,118.718434,-17.556611310753567,17.556611310753567,-1.0,0.01,-1.6332560100256128
217,BASE,13738,13739,13763,stop,119.083,119.148046,6.5045521391681405,13.331797179451144,0.48789762187455704,0.02,1.2064895096844133
217,ADD1,13752,13753,13788,stop,119.189,120.473178,128.41775526486856,10.15096967477831,12.650787006481044,0.02,23.805869780788157
218,BASE,13769,13770,13788,stop,119.379,120.473178,109.41775526486879,10.699578650182673,10.226361134604184,0.02,20.19436774801089
218,ADD1,13776,13777,13777,stop,119.953,119.828986,-12.401378448853961,12.401378448853961,-1.0,0.02,-2.2747449015682535
219,BASE,13829,13830,13849,stop,121.447,121.902489,45.54892103181771,16.007948423700213,2.8453940396497823,0.01,4.113230799158857
219,ADD1,13848,13849,13849,stop,122.062,121.885163,-17.683692989393762,17.683692989393762,-1.0,0.01,-1.5966954910861375
220,BASE,13873,13874,13881,stop,122.979,124.058722,107.97216849637721,23.121101170769975,4.669854073943379,0.01,9.626908501693277
221,BASE,13970,13971,13973,stop,122.663,122.39062,-27.237952866857995,27.237952866857995,-1.0,0.01,-2.4574063440123037
222,BASE,14023,14024,14025,stop,122.914,122.74733,-16.66700525101561,16.66700525101561,-1.0,0.01,-1.4903048978510038
223,BASE,14040,14041,14042,stop,123.839,123.668668,-17.03315168847581,17.03315168847581,-1.0,0.01,-1.4971763212363551
224,BASE,14086,14087,14088,stop,124.136,123.998738,-13.726205371443712,13.726205371443712,-1.0,0.02,-2.4054236107152756
225,BASE,14100,14101,14103,stop,124.405,124.268648,-13.635161400789286,13.635161400789286,-1.0,0.02,-2.3759854293239226
226,BASE,14113,14114,14136,stop,124.759,125.316314,55.731384274560014,14.757020744569616,3.77660133703264,0.01,4.858845204327191
227,BASE,14166,14167,14171,stop,126.14,125.938896,-20.11038703423793,20.11038703423793,-1.0,0.01,-1.7272122057842105
228,BASE,14208,14209,14227,stop,126.313,126.316074,0.3073528615942678,18.299221236092933,0.016795953097066916,0.01,0.026276496307099394
229,BASE,14232,14233,14233,stop,126.57,126.449777,-12.022295926401227,12.022295926401227,-1.0,0.02,-2.0527647241848106
230,BASE,14256,14257,14282,stop,127.318,128.6226,130.4600383835961,14.32272751728334,9.10860296868519,0.02,22.0627095279976
230,ADD1,14280,14281,14281,stop,129.3,129.058062,-24.193832375118518,24.193832375118518,-1.0,0.01,-2.0249766773165527
231,BASE,14343,14344,14345,stop,128.795,128.486623,-30.83771849972834,30.83771849972834,-1.0,0.01,-2.5813702011973203
232,BASE,14413,14414,14453,stop,128.136,130.40097,226.49703856203018,24.942949678892035,9.080603596522637,0.01,18.61721777032941
232,ADD1,14424,14425,14453,stop,128.827,130.40097,157.39703856202993,23.408858029830526,6.723823877331168,0.01,12.903988912039988
232,ADD2,14448,14449,14454,stop,130.58,130.272866,-30.71338382877684,30.71338382877684,-1.0,0.01,-2.4722683936466536
233,BASE,14538,14539,14587,time,128.789,130.542,175.30000000000143,24.801744292810213,7.068051260040578,0.01,14.386920902642375
233,ADD1,14544,14545,14545,stop,129.105,128.827589,-27.741088556882687,27.741088556882687,-1.0,0.01,-2.2838120546526666
233,ADD2,14568,14569,14578,stop,130.492,130.242426,-24.957418063877412,24.957418063877412,-1.0,0.01,-2.0117024955234486
234,BASE,14592,14593,14604,stop,130.855,130.781374,-7.362610219058752,19.81175749604631,-0.3716283232584517,0.01,-0.5920331056167611
235,BASE,14664,14665,14665,stop,129.49,129.269638,-22.03615753331576,22.03615753331576,-1.0,0.01,-1.7770874535573773
236,BASE,14701,14702,14702,stop,129.598,129.38462,-21.338032682234598,21.338032682234598,-1.0,0.01,-1.7391820237033722
237,BASE,14785,14786,14786,stop,127.969,127.762629,-20.63709343976967,20.63709343976967,-1.0,0.01,-1.7225196065339934
238,BASE,14832,14833,14833,stop,127.459,127.264661,-19.433867498847235,19.433867498847235,-1.0,0.01,-1.6339135356428975
239,BASE,14880,14881,14881,stop,127.063,126.910487,-15.251324779028153,15.251324779028153,-1.0,0.01,-1.2888583903185737
240,BASE,14904,14905,14906,stop,128.201,128.028209,-17.279136918318727,17.279136918318727,-1.0,0.01,-1.4485477361784946
241,BASE,14928,14929,14961,stop,128.923,129.71471,79.17098507263631,19.099349746204553,4.1452188752326125,0.01,6.578591388489241
241,ADD1,14952,14953,14958,stop,130.047,129.858045,-18.895461915332135,18.895461915332135,-1.0,0.01,-1.5488545825330022
242,BASE,14976,14977,14977,stop,130.836,130.634943,-20.105675377413945,20.105675377413945,-1.0,0.01,-1.6500485814532788
243,BASE,15000,15001,15038,stop,132.233,133.627042,139.40423893919842,20.471988349800085,6.809511443501761,0.01,11.2285331837007
243,ADD1,15024,15025,15038,stop,133.079,133.627042,54.80423893919806,21.53359596687494,2.545057454570209,0.01,4.400724396910034
244,BASE,15048,15049,15051,stop,134.281,134.023277,-25.77225906739784,25.77225906739784,-1.0,0.01,-2.0549440837599913
245,BASE,15096,15097,15097,stop,134.969,134.725151,-24.384870296205463,24.384870296205463,-1.0,0.01,-1.8946867780191017
246,BASE,15138,15139,15144,stop,135.253,134.941643,-31.1356537995664,31.1356537995664,-1.0,0.01,-2.3979348063308
247,BASE,15201,15202,15250,time,134.782,135.801,101.90000000000055,57.19276865571885,1.7816937769423986,0.01,7.964117642691182
247,ADD1,15216,15217,15217,stop,135.19,134.84306,-34.69400135948604,34.69400135948604,-1.0,0.01,-2.69982822060046
247,ADD2,15240,15241,15273,stop,135.107,135.9919,88.49004351099836,19.69984779103413,4.491915087347643,0.01,6.898929614164526
248,BASE,15347,15348,15349,stop,135.444,135.218129,-22.58708020738709,22.58708020738709,-1.0,0.01,-1.7631186316547858
249,BASE,15360,15361,15361,stop,135.452,135.265147,-18.685320337741018,18.685320337741018,-1.0,0.01,-1.4624748818819842
250,BASE,15393,15394,15413,stop,136.528,136.429806,-9.819370462116694,23.589570882452904,-0.41625896931515743,0.01,-0.7558662964750765
251,BASE,15480,15481,15488,stop,136.055,135.869931,-18.50689380386541,18.50689380386541,-1.0,0.01,-1.4162056694744038
252,BASE,15535,15536,15538,stop,136.138,135.8842,-25.380000163096383,25.380000163096383,-1.0,0.01,-1.9008198469257493
253,BASE,15564,15565,15566,stop,136.432,136.152107,-27.989297171430394,27.989297171430394,-1.0,0.01,-2.0841411066012925
254,BASE,15577,15578,15578,stop,137.114,136.865683,-24.8316512960173,24.8316512960173,-1.0,0.01,-1.8373849051022195
255,BASE,15636,15637,15638,stop,137.591,137.373747,-21.72527302764422,21.72527302764422,-1.0,0.01,-1.5834556557513446
256,BASE,15648,15649,15678,stop,137.923,138.705424,78.24237282857496,22.952848014480765,3.4088306940913164,0.01,5.68696547875243
256,ADD1,15672,15673,15679,stop,138.867,138.612281,-25.471866671196608,25.471866671196608,-1.0,0.01,-1.8383007634841249
257,BASE,15767,15768,15769,stop,138.426,138.268208,-15.779156074455614,15.779156074455614,-1.0,0.02,-2.3203374307622786
258,BASE,15850,15851,15852,stop,136.653,136.470325,-18.267540883474,18.267540883474,-1.0,0.01,-1.3568752459939204
259,BASE,15864,15865,15867,stop,137.073,136.891982,-18.101784868466098,18.101784868466098,-1.0,0.01,-1.3396578660155662
260,BASE,15983,15984,15987,stop,133.35,132.975553,-37.44465019599943,37.44465019599943,-1.0,0.01,-2.8439484979047163
261,BASE,16044,16045,16067,stop,134.682,134.726273,4.42728872298801,39.46986008989484,0.11216884764487661,0.01,0.33362886043775525
261,ADD1,16056,16057,16063,stop,135.345,135.043764,-30.123552448341684,30.123552448341684,-1.0,0.01,-2.2656068969607506
262,BASE,16104,16105,16105,stop,135.224,135.057611,-16.638919106452477,16.638919106452477,-1.0,0.01,-1.2579537335912525
263,BASE,16152,16153,16176,stop,133.278,133.313,3.499999999999659,28.74397516677334,0.1217646473632322,0.01,0.27081639236040755
264,BASE,16207,16208,16224,stop,133.673,134.157382,48.43822528733597,20.865029664926737,2.3215028238737014,0.01,3.6726124538244043
265,BASE,16231,16232,16242,stop,134.802,134.828455,2.645543129892758,21.20424173177753,0.12476480712479525,0.01,0.19928754785195313
266,BASE,16264,16265,16303,stop,135.648,136.834908,118.69083223328971,25.978870518048325,4.568744901778217,0.01,8.80800707662416
266,ADD1,16272,16273,16303,stop,136.283,136.834908,55.19083223329062,22.12130990288017,2.494917004264057,0.01,4.083945773127738
266,ADD2,16296,16297,16302,stop,137.282,137.086614,-19.53855348529885,19.53855348529885,-1.0,0.01,-1.4266069250050357
267,BASE,16320,16321,16333,stop,137.253,137.032464,-22.053636365996,22.053636365996,-1.0,0.01,-1.5988468244251608
268,BASE,16406,16407,16407,stop,137.306,137.026853,-27.91473181619608,27.91473181619608,-1.0,0.01,-2.0385065372479603
269,BASE,16416,16417,16428,stop,138.385,138.265548,-11.945202631110874,25.09632219665434,-0.47597422990940563,0.01,-0.8565872922883503
270,BASE,16454,16455,16455,stop,138.897,138.63788,-25.911977626208227,25.911977626208227,-1.0,0.01,-1.8669564376503067
271,BASE,16485,16486,16524,stop,139.077,139.931075,85.40745180849001,20.922184940334887,4.08214782787036,0.01,6.174095553070742
271,ADD1,16488,16489,16495,stop,139.482,139.26041,-22.159016149387867,22.159016149387867,-1.0,0.01,-1.5928416029965784
271,ADD2,16512,16513,16524,stop,140.091,139.931075,-15.992548191508149,21.95023287088418,-0.7285821651906672,0.01,-1.1364261605063979
272,BASE,16564,16565,16601,stop,140.931,143.937038,300.6038454591362,15.465994858539034,19.436437694996894,0.02,42.39370799454475
272,ADD1,16584,16585,16601,stop,143.108,143.937038,82.90384545913696,27.309287214669098,3.035738165095917,0.01,5.726458533631604
273,BASE,16692,16693,16693,stop,144.416,143.975997,-44.00031752024347,44.00031752024347,-1.0,0.01,-3.0614372514501276
274,BASE,16808,16809,16811,stop,143.668,143.477553,-19.044680351927923,19.044680351927923,-1.0,0.01,-1.3267271317984792
275,BASE,16828,16829,16830,stop,144.027,143.853258,-17.374231084892244,17.374231084892244,-1.0,0.02,-2.4045096758362607
276,BASE,16850,16851,16856,stop,144.568,144.587901,1.9901296623572762,41.493769704317174,0.04796213206317129,0.01,0.13492080796552372
277,BASE,16896,16897,16945,time,143.802,144.697,89.50000000000102,34.31984173115268,2.6078208839395787,0.01,5.978121152682497
277,ADD1,16920,16921,16927,stop,144.445,144.173136,-27.186400401487276,27.186400401487276,-1.0,0.01,-1.812809098964941
277,ADD2,16944,16945,16945,stop,144.746,144.549442,-19.65579069785406,19.65579069785406,-1.0,0.01,-1.300012319243199
278,BASE,17016,17017,17021,stop,144.788,144.784489,-0.35114955095423284,15.277324103374212,-0.022985016785542732,0.02,-0.04757693149133567
279,BASE,17101,17102,17124,stop,144.787,144.731317,-5.5683097115576174,15.598150472825978,-0.35698525419781935,0.02,-0.7552294606887686
279,ADD1,17112,17113,17120,stop,144.952,144.800781,-15.121905911740896,15.121905911740896,-1.0,0.02,-2.042220651494998
280,BASE,17136,17137,17137,stop,145.5,145.346492,-15.350829383115183,15.350829383115183,-1.0,0.02,-2.0572044022252687
281,BASE,17164,17165,17166,stop,145.788,145.666039,-12.196087002294576,12.196087002294576,-1.0,0.03,-2.4288437326470533
282,BASE,17184,17185,17221,stop,146.135,146.963906,82.89058890396461,16.463092530241852,5.03493427809501,0.02,10.997028579656007
282,ADD1,17208,17209,17219,stop,146.788,146.630008,-15.799164629197548,15.799164629197548,-1.0,0.02,-2.0898765586159738
283,BASE,17240,17241,17289,stop,147.694,148.790458,109.64576559456987,21.03576732354213,5.212349229203541,0.01,7.239242560982595
283,ADD1,17256,17257,17289,stop,148.559,148.790458,23.145765594568957,20.159355873389018,1.148140136021017,0.01,1.517201827523061
283,ADD2,17280,17281,17289,stop,148.774,148.790458,1.6457655945714578,15.483367165677464,0.10629248644440116,0.02,0.2175637962114398
284,BASE,17309,17310,17335,stop,149.305,149.661636,35.66360491882392,14.332062571898518,2.4883790968615402,0.02,4.692367324602241
284,ADD1,17328,17329,17335,stop,149.933,149.805498,-12.750214138984006,12.750214138984006,-1.0,0.03,-2.4912669940758048
285,BASE,17355,17356,17365,stop,150.368,151.216123,84.81230460335212,13.774244018719628,6.157311028328636,0.02,11.017901437330375
286,BASE,17479,17480,17521,stop,147.081,148.215555,113.45545751981376,38.14521074609445,2.974304121033859,0.01,7.640598210167332
286,ADD1,17496,17497,17499,stop,148.229,147.927782,-30.121787872215577,30.121787872215577,-1.0,0.01,-2.0256181807418834
286,ADD2,17520,17521,17521,stop,148.738,148.527185,-21.081514160061943,21.081514160061943,-1.0,0.01,-1.4051027466701125
287,BASE,17575,17576,17598,stop,147.906,147.707021,-19.897943003422824,33.96799140470819,-0.5857850929821196,0.01,-1.3133289871746021
287,ADD1,17592,17593,17596,stop,148.208,147.932665,-27.533514230788114,27.533514230788114,-1.0,0.01,-1.8134188930708066
288,BASE,17820,17821,17821,stop,140.314,139.947448,-36.655235086297466,36.655235086297466,-1.0,0.01,-2.691986217732503
289,BASE,17860,17861,17888,stop,140.444,141.525211,108.12105710402307,22.049478394299626,4.903565298486844,0.01,7.906613388839461
289,ADD1,17880,17881,17882,stop,141.981,141.730817,-25.018265407936724,25.018265407936724,-1.0,0.01,-1.8088200774197525
290,BASE,17961,17962,17968,stop,139.396,139.083531,-31.24687873102232,31.24687873102232,-1.0,0.01,-2.3317300886790786
291,BASE,18037,18038,18038,stop,139.392,139.066924,-32.50762077854574,32.50762077854574,-1.0,0.01,-2.4185552236126187
292,BASE,18111,18112,18131,stop,136.328,136.400517,7.251657400502154,39.48082095818961,0.18367544606485503,0.01,0.5594779039018575
292,ADD1,18122,18123,18128,stop,136.983,136.635573,-34.74271924316383,34.74271924316383,-1.0,0.01,-2.664619261794652
293,BASE,18148,18149,18157,stop,137.414,137.116353,-29.76468808137156,29.76468808137156,-1.0,0.01,-2.2676815609666434
294,BASE,18217,18218,18253,stop,136.865,137.216541,35.1540989820478,28.16746444481737,1.2480391712544054,0.01,2.699132207754176
294,ADD1,18240,18241,18246,stop,137.781,137.524141,-25.685934672847566,25.685934672847566,-1.0,0.01,-1.9672863990108014
295,BASE,18296,18297,18314,stop,136.462,137.247563,78.55630426808204,32.67021912903658,2.40452333539027,0.01,6.103262155625882
295,ADD1,18312,18313,18314,stop,137.565,137.254356,-31.064403596073475,31.064403596073475,-1.0,0.01,-2.407528032604351
296,BASE,18360,18361,18362,stop,137.333,137.07985,-25.314994394312862,25.314994394312862,-1.0,0.01,-1.955123442495028
297,BASE,18422,18423,18456,stop,132.336,132.652079,31.607854607958075,28.849549409082442,1.095609992369838,0.01,2.5351189921001405
297,ADD1,18432,18433,18456,stop,132.596,132.652079,5.607854607958984,25.283422957517132,0.22179965969725182,0.01,0.44767123525872443
298,BASE,18466,18467,18469,stop,133.164,132.966002,-19.79979425829015,19.79979425829015,-1.0,0.01,-1.5802678533002437
299,BASE,18488,18489,18516,stop,133.104,133.683238,57.92376843110105,17.61739517275487,3.2878735966983132,0.01,4.633231649498154
299,ADD1,18504,18505,18516,stop,133.709,133.683238,-2.5762315688979243,19.30108120299394,-0.13347602353480098,0.01,-0.2048606826421874
300,BASE,18623,18624,18624,stop,131.305,130.966794,-33.820609898853604,33.820609898853604,-1.0,0.01,-2.7237654084737044
301,BASE,18639,18640,18685,stop,132.02,133.73385,171.38501125237724,41.90806700959513,4.089547036687173,0.01,13.761099042157095
301,ADD1,18651,18652,18685,stop,132.353,133.73385,138.0850112523774,36.95746962415001,3.736322119903609,0.01,11.073978099378532
301,ADD2,18672,18673,18685,stop,133.545,133.73385,18.88501125237667,32.52920134948454,0.5805556382857806,0.01,1.4865079931263758
302,BASE,18745,18746,18749,stop,132.398,132.137087,-26.091316338906267,26.091316338906267,-1.0,0.01,-2.1123697565387585
303,BASE,18841,18842,18846,stop,128.812,128.527193,-28.480717431088465,28.480717431088465,-1.0,0.01,-2.390222510315673
304,BASE,18866,18867,18871,stop,130.54,130.059501,-48.04991953264448,48.04991953264448,-1.0,0.01,-3.949803853696873
305,BASE,18913,18914,18930,stop,128.844,129.517423,67.34225305405914,28.092487191520377,2.3971623656870857,0.01,5.66614497421858
306,BASE,18949,18950,18962,stop,130.505,130.187855,-31.714548679164523,31.714548679164523,-1.0,0.01,-2.6345069485824686
307,BASE,18974,18975,18975,stop,131.076,130.773949,-30.205054132977693,30.205054132977693,-1.0,0.01,-2.5182681132920495
308,BASE,19024,19025,19026,stop,130.407,130.070141,-33.685924541936174,33.685924541936174,-1.0,0.01,-2.807694517776128
309,BASE,19057,19058,19058,stop,130.234,130.030673,-20.33273227362713,20.33273227362713,-1.0,0.01,-1.6995425428776931
310,BASE,19165,19166,19203,stop,129.951,132.148514,219.75142286828486,31.813294034841988,6.907534398280562,0.01,18.276057128047547
310,ADD1,19176,19177,19178,stop,132.298,131.971085,-32.69152039435426,32.69152039435426,-1.0,0.01,-2.6662295905639377
310,ADD2,19200,19201,19201,stop,132.545,132.289934,-25.506550528237426,25.506550528237426,-1.0,0.01,-2.070150224703786
311,BASE,19248,19249,19253,stop,131.516,131.276185,-23.98145738101789,23.98145738101789,-1.0,0.01,-1.9538825985075727
312,BASE,19273,19274,19279,stop,131.633,131.367457,-26.554252826394986,26.554252826394986,-1.0,0.01,-2.1643311091252118
313,BASE,19297,19298,19320,stop,131.686,132.179432,49.343224648606565,28.2468438410433,1.7468579826575084,0.01,3.995798136253774
314,BASE,19334,19335,19335,stop,132.745,132.379065,-36.5935055191585,36.5935055191585,-1.0,0.01,-2.963295654914879
315,BASE,19350,19351,19376,stop,133.322,133.678343,35.634337316329834,29.108171391717974,1.2242039129420792,0.01,2.86194977679813
315,ADD1,19368,19369,19369,stop,134.11,133.87033,-23.967026269684766,23.967026269684766,-1.0,0.01,-1.9139243001898654
316,BASE,19382,19383,19383,stop,134.357,134.104479,-25.25210328941796,25.25210328941796,-1.0,0.01,-2.004990318405607
317,BASE,19393,19394,19407,stop,134.641,134.417166,-22.383356410759347,25.843503611162078,-0.8661115283568496,0.01,-1.7711876604393264
318,BASE,19447,19448,19464,stop,134.593,134.65291,5.991026774722741,17.227504060477372,0.3477594173648815,0.01,0.47449736190621866
319,BASE,19500,19501,19502,stop,134.994,134.854883,-13.911694111163797,14.88368506554707,-0.934694200387695,0.02,-2.1826193476976368
320,BASE,19523,19524,19549,stop,135.409,135.941379,53.237883383891926,23.73251334871327,2.2432467476850015,0.01,4.149815699859688
320,ADD1,19536,19537,19538,stop,136.278,136.056557,-22.144323191866988,22.144323191866988,-1.0,0.01,-1.7168922517909964
321,BASE,19567,19568,19575,stop,136.758,136.569825,-18.817526205782542,18.817526205782542,-1.0,0.01,-1.4589880094419767
322,BASE,19612,19613,19617,stop,136.447,136.236587,-21.041283115425813,21.041283115425813,-1.0,0.01,-1.6396825052693347
323,BASE,19692,19693,19715,stop,136.17,137.247323,107.73233088734457,19.50438853437504,5.5234918386431,0.01,8.438688363086838
323,ADD1,19704,19705,19715,stop,137.3,137.247323,-5.267669112654971,22.720099973182073,-0.2318506132839523,0.01,-0.4046263462304888
324,BASE,19831,19832,19833,stop,134.881,134.557126,-32.387418503031995,32.387418503031995,-1.0,0.01,-2.5831338806652417
325,BASE,19944,19945,19946,stop,132.535,132.263895,-27.110466418153578,27.110466418153578,-1.0,0.01,-2.2020659361174686
326,BASE,20017,20018,20019,stop,130.884,130.62548,-25.85198370948376,25.85198370948376,-1.0,0.01,-2.1289008013777204
327,BASE,20064,20065,20095,stop,131.317,132.223614,90.66135067970151,24.742948989378988,3.6641287470874335,0.01,7.48063718642298
327,ADD1,20088,20089,20093,stop,132.653,132.416024,-23.69760595102548,23.69760595102548,-1.0,0.01,-1.9356099365768713
328,BASE,20098,20099,20105,stop,132.585,132.35154,-23.346017833171118,23.346017833171118,-1.0,0.01,-1.9156935129316044
329,BASE,20112,20113,20114,stop,133.246,132.996274,-24.972590466236966,24.972590466236966,-1.0,0.01,-2.047657101568345
330,BASE,20142,20143,20145,stop,133.595,133.346238,-24.876196641906745,24.876196641906745,-1.0,0.01,-2.0145067695513568
331,BASE,20222,20223,20263,stop,131.762,132.265649,50.364910741325275,26.402100433080022,1.9076099975069216,0.01,4.179857285666439
331,ADD1,20244,20245,20263,stop,132.128,132.265649,13.764910741323888,21.617309409501217,0.636754115906485,0.01,1.1351511922917377
331,ADD2,20256,20257,20263,stop,132.606,132.428871,-17.712882633668414,17.712882633668414,-1.0,0.01,-1.456278320328841
332,BASE,20306,20307,20308,stop,133.895,133.70897,-18.60298553224311,18.60298553224311,-1.0,0.01,-1.5174466501416908
333,BASE,20366,20367,20408,stop,133.467,134.171569,70.45693000297035,27.810946806360448,2.533424356011376,0.01,5.796361008827671
333,ADD1,20376,20377,20408,stop,133.851,134.171569,32.0569300029689,19.194915735880613,1.6700740156439249,0.01,2.625173611522169
333,ADD2,20400,20401,20407,stop,134.393,134.22451,-16.84899167154299,16.84899167154299,-1.0,0.01,-1.368787982987279
334,BASE,20430,20431,20436,stop,134.617,134.549178,-6.782222564331164,16.049917152975013,-0.42257056529877546,0.01,-0.5518178931272301
335,BASE,20506,20507,20510,stop,134.595,134.405669,-18.93313106553194,18.93313106553194,-1.0,0.01,-1.548836555329683
336,BASE,20576,20577,20578,stop,133.882,133.678908,-20.30920613435967,20.30920613435967,-1.0,0.01,-1.6770201401814584
337,BASE,20593,20594,20594,stop,134.203,133.958991,-24.40091693688089,24.40091693688089,-1.0,0.01,-2.0053813284163584
338,BASE,20616,20617,20654,stop,136.67,137.149256,47.925589074347386,26.672866863813738,1.7967918229054922,0.01,3.85935841833587
338,ADD1,20640,20641,20651,stop,137.433,137.25755,-17.54495086149177,17.54495086149177,-1.0,0.01,-1.4024621676839062
339,BASE,20724,20725,20725,stop,134.979,134.718609,-26.039058929379166,26.039058929379166,-1.0,0.01,-2.1201512280413133
340,BASE,20736,20737,20741,stop,134.903,134.710957,-19.204348616062816,19.204348616062816,-1.0,0.01,-1.569357009724728
341,BASE,20760,20761,20761,stop,135.218,135.046076,-17.192417242256397,17.192417242256397,-1.0,0.01,-1.3991554328146416
342,BASE,20789,20790,20792,stop,135.345,135.19582,-14.918008468694666,14.918008468694666,-1.0,0.02,-2.4169148330109085
343,BASE,20838,20839,20868,stop,134.803,135.791374,98.83737315761039,17.902603960763486,5.520837827515417,0.01,8.009580376745909
343,ADD1,20856,20857,20868,stop,135.881,135.791374,-8.96262684238991,16.76597888556728,-0.5345722372408116,0.01,-0.71614581868363
344,BASE,20894,20895,20898,stop,136.486,136.301845,-18.415513561078,18.415513561078,-1.0,0.01,-1.4645493334484998
345,BASE,20909,20910,20958,stop,136.798,138.171391,137.33909037847525,15.226429504662065,9.01978302506339,0.02,21.787936682804084
345,ADD1,20928,20929,20958,stop,137.45,138.171391,72.13909037847372,17.203474497520688,4.193286093973063,0.01,5.692924685358857
345,ADD2,20952,20953,20958,stop,138.416,138.217027,-19.89729984701114,19.89729984701114,-1.0,0.01,-1.5475342498790368
346,BASE,20991,20992,20993,stop,138.666,138.424201,-24.17992127996058,24.17992127996058,-1.0,0.01,-1.8860048886796108
347,BASE,21001,21002,21003,stop,138.82,138.601905,-21.809506844886073,21.809506844886073,-1.0,0.01,-1.6988754232435368
348,BASE,21038,21039,21046,stop,138.999,138.8314,-16.759971393960882,21.60281253540859,-0.7758235816049445,0.01,-1.296406546617951
349,BASE,21049,21050,21055,stop,139.607,139.361954,-24.5045748558141,24.5045748558141,-1.0,0.01,-1.885908510892951
350,BASE,21084,21085,21101,stop,140.083,140.348533,26.553281901465198,22.17159958738648,1.1976258996022766,0.01,2.033359595330189
350,ADD1,21096,21097,21097,stop,140.762,140.581276,-18.072402022261258,18.072402022261258,-1.0,0.01,-1.378502712223769
351,BASE,21126,21127,21127,stop,140.392,140.190898,-20.110169935841782,20.110169935841782,-1.0,0.01,-1.5322498507796518
352,BASE,21209,21210,21230,stop,139.999,139.910498,-8.85023647965113,24.984918481740692,-0.35422314810108346,0.01,-0.6771831268812845
352,ADD1,21217,21218,21229,stop,140.14,139.95307,-18.69298125249088,18.69298125249088,-1.0,0.01,-1.4279093849860067
353,BASE,21279,21280,21292,stop,139.987,139.740667,-24.6333091812744,24.6333091812744,-1.0,0.01,-1.8806207010835976
354,BASE,21349,21350,21359,stop,139.67,139.46899,-20.101006920910436,20.101006920910436,-1.0,0.01,-1.5489889087515605
355,BASE,21372,21373,21396,stop,139.162,139.788362,62.63622943449718,20.880607135941887,2.9997321929725476,0.01,4.84754899174746
355,ADD1,21384,21385,21396,stop,140.041,139.840388,-20.061166686198817,20.061166686198817,-1.0,0.01,-1.5454430794823124
356,BASE,21408,21409,21420,stop,140.372,140.736385,36.43853784056432,23.028607254613576,1.5823161790761004,0.01,2.800209273019112
357,BASE,21446,21447,21482,stop,141.506,141.792173,28.61727379983563,32.25455660856653,0.8872319699547545,0.01,2.204766802097713
357,ADD1,21456,21457,21459,stop,141.962,141.747243,-21.4756523738572,21.4756523738572,-1.0,0.01,-1.6556583088398764
357,ADD2,21480,21481,21482,stop,142.107,141.956626,-15.037388892366721,15.037388892366721,-1.0,0.02,-2.3112482812147337
358,BASE,21517,21518,21518,stop,142.259,142.029809,-22.919107468467814,22.919107468467814,-1.0,0.01,-1.762501919135352
359,BASE,21541,21542,21559,stop,142.301,142.815343,51.43434871440604,22.104567368987205,2.3268652064445576,0.01,3.9555462558418677
359,ADD1,21552,21553,21553,stop,143.093,142.900897,-19.21026802029644,19.21026802029644,-1.0,0.01,-1.4724036959204139
360,BASE,21608,21609,21611,stop,143.718,143.543237,-17.47634425160811,17.47634425160811,-1.0,0.01,-1.3286604937012207
361,BASE,21631,21632,21633,stop,144.082,143.905556,-17.644401482806416,17.644401482806416,-1.0,0.01,-1.3409353219632643
362,BASE,21654,21655,21655,stop,144.62,144.448652,-17.134791076452416,17.134791076452416,-1.0,0.01,-1.2949262123119412
363,BASE,21672,21673,21676,stop,144.888,144.709729,-17.82710148403055,17.82710148403055,-1.0,0.01,-1.3388948208700604
364,BASE,21750,21751,21751,stop,144.669,144.547736,-12.12640872226416,12.12640872226416,-1.0,0.02,-1.8278179100717034
365,BASE,21925,21926,21936,stop,138.662,138.482331,-17.96686438460995,31.151049305674405,-0.5767659448099921,0.01,-1.4556866304581058
366,BASE,21949,21950,21952,stop,139.149,138.84875,-30.024993587053928,30.024993587053928,-1.0,0.01,-2.4229969519987384
367,BASE,21986,21987,22009,stop,139.26,139.31606,5.606024022640099,27.086762770795758,0.20696544914124504,0.01,0.4516858241101895
367,ADD1,22008,22009,22009,stop,139.447,139.221687,-22.53132532578661,22.53132532578661,-1.0,0.01,-1.8160392286151845
368,BASE,22022,22023,22028,stop,140.319,140.050879,-26.812136091626826,26.812136091626826,-1.0,0.01,-2.1297113270073242
369,BASE,22039,22040,22063,stop,141.379,141.331288,-4.771164319836885,28.103043106659698,-0.1697739387769804,0.01,-0.3741425816211626
369,ADD1,22056,22057,22057,stop,141.703,141.49093,-21.206980740839754,21.206980740839754,-1.0,0.01,-1.66847716909884
370,BASE,22142,22143,22145,stop,141.261,140.951466,-30.95342917492303,30.95342917492303,-1.0,0.01,-2.4147827163484896
371,BASE,22177,22178,22221,stop,141.559,142.892404,133.34036628095305,42.63301026291799,3.127631979507014,0.01,10.363056147290974
371,ADD1,22200,22201,22221,stop,142.503,142.892404,38.94036628095421,24.616776608394275,1.5818629262645059,0.01,2.997294982651831
372,BASE,22252,22253,22254,stop,143.702,143.477784,-22.421579580915818,22.421579580915818,-1.0,0.01,-1.705965977505893
373,BASE,22320,22321,22369,time,143.018,143.774,75.60000000000286,18.875817984954324,4.005124443362543,0.01,5.797999455691388
373,ADD1,22344,22345,22348,stop,143.351,143.158796,-19.220384690785863,19.220384690785863,-1.0,0.01,-1.469349311526971
373,ADD2,22368,22369,22380,stop,143.817,143.663748,-15.325185400831742,15.662660149988028,-0.9784535483803788,0.02,-2.338696584956174
374,BASE,22392,22393,22393,stop,144.828,144.655171,-17.282938117267577,17.282938117267577,-1.0,0.01,-1.3124599501909913
375,BASE,22416,22417,22417,stop,144.998,144.849969,-14.80308120996483,14.80308120996483,-1.0,0.02,-2.234386119456346
376,BASE,22440,22441,22453,stop,145.447,145.304028,-14.297235411973475,15.659487640709813,-0.9130078671798364,0.02,-2.1446885522913317
377,BASE,22476,22477,22477,stop,145.876,145.720281,-15.571918582108424,15.571918582108424,-1.0,0.02,-2.3293749099658156
378,BASE,22488,22489,22495,stop,146.4,146.239455,-16.05447729694731,16.05447729694731,-1.0,0.02,-2.3838931508278254
379,BASE,22545,22546,22563,stop,145.78,145.923618,14.361830895452954,18.253217743958317,0.7868109117476899,0.01,1.0725338823370048
379,ADD1,22560,22561,22561,stop,146.22,146.059726,-16.02737898321891,16.02737898321891,-1.0,0.02,-2.3918160640925636
380,BASE,22620,22621,22621,stop,145.902,145.704393,-19.760732906641465,19.760732906641465,-1.0,0.01,-1.4680257887895778
381,BASE,22632,22633,22644,stop,146.046,145.876078,-16.992230762608074,16.992230762608074,-1.0,0.01,-1.2549870682971698
382,BASE,22669,22670,22671,stop,146.559,146.408365,-15.063458487907155,15.063458487907155,-1.0,0.02,-2.2190564180179577
383,BASE,22690,22691,22694,stop,146.791,146.887014,9.601441601867577,13.603162531401836,0.7058242213678916,0.02,1.4102674060428129
384,BASE,22768,22769,22817,time,146.158,147.776,161.80000000000234,27.81612469608774,5.8167700126379955,0.01,11.940643567405717
384,ADD1,22783,22784,22829,stop,146.416,147.299381,88.33806916576918,16.568041315372284,5.33183539829821,0.02,13.02550651486687
384,ADD2,22800,22801,22829,stop,146.526,147.299381,77.33806916577066,9.755900569749087,7.92731215461329,0.03,17.07561272596756
385,BASE,22824,22825,22826,stop,147.781,147.605409,-17.559089141693107,17.559089141693107,-1.0,0.01,-1.2747306266920297
386,BASE,22848,22849,22849,stop,147.768,147.599001,-16.899879014070507,16.899879014070507,-1.0,0.02,-2.455067163092608
387,BASE,22932,22933,22961,stop,147.131,147.202191,7.11910805477487,18.971204415646525,0.3752586234800873,0.01,0.517853112339919
387,ADD1,22944,22945,22961,stop,147.313,147.202191,-11.080891945223925,15.496680578817745,-0.7150493867938585,0.02,-1.6185973106281433
388,BASE,22997,22998,23021,stop,147.41,147.650408,24.040782931035665,15.328621920639307,1.5683590511594405,0.02,3.47046021337849
388,ADD1,23016,23017,23022,stop,147.722,147.606678,-11.532178879372168,11.532178879372168,-1.0,0.03,-2.4987363162197602
389,BASE,23046,23047,23047,stop,147.846,147.747781,-9.821917810131708,9.821917810131708,-1.0,0.03,-2.1309570934666677
390,BASE,23069,23070,23074,stop,147.906,147.82575,-8.024952608977287,9.844264083034204,-0.8151907081411648,0.03,-1.738363630663311
391,BASE,23088,23089,23090,stop,148.414,148.254837,-15.916337797193592,15.916337797193592,-1.0,0.02,-2.281344612475232
392,BASE,23136,23137,23167,stop,148.34,148.822996,48.29962309855773,12.938728285746492,3.7329497947464714,0.02,6.933634821271977
392,ADD1,23160,23161,23167,stop,148.894,148.822996,-7.100376901442473,11.0673564524717,-0.6415603339365409,0.03,-1.513924470380081
393,BASE,23193,23194,23205,stop,149.181,149.308619,12.76187852050441,11.301210727219768,1.129248788341458,0.03,2.7094007680255423
394,BASE,23256,23257,23294,stop,149.692,149.677882,-1.4118423933183522,15.916242074416687,-0.08870450617157347,0.02,-0.19929840169967614
394,ADD1,23280,23281,23286,stop,149.886,149.779625,-10.637462231613881,10.637462231613881,-1.0,0.03,-2.230387312622354
395,BASE,23364,23365,23365,stop,149.425,149.246324,-17.867632559998015,17.867632559998015,-1.0,0.01,-1.255725986470541
396,BASE,23438,23439,23439,stop,149.144,148.976252,-16.774764158830635,16.774764158830635,-1.0,0.02,-2.391193646935819
397,BASE,23460,23461,23484,stop,149.455,149.493592,3.8592451765737223,15.688208342135113,0.24599655310598023,0.02,0.5461977286344554
397,ADD1,23472,23473,23476,stop,149.761,149.646444,-11.455582531306163,11.455582531306163,-1.0,0.03,-2.4176802059722546
398,BASE,23532,23533,23534,stop,149.781,149.611463,-16.953712004706745,16.953712004706745,-1.0,0.02,-2.386793226737103
399,BASE,23558,23559,23568,stop,149.792,149.678553,-11.344654625114003,11.344654625114003,-1.0,0.03,-2.394016217135958
400,BASE,23584,23585,23600,stop,149.743,149.707693,-3.5306648208973,10.885231301739395,-0.3243536791297325,0.03,-0.7494178912838926
400,ADD1,23592,23593,23600,stop,149.858,149.757348,-10.065199505939404,10.065199505939404,-1.0,0.03,-2.13045726656007
401,BASE,23673,23674,23681,stop,149.943,149.8698,-7.3199688819130415,7.3199688819130415,-1.0,0.04,-2.064181717616389
402,BASE,23690,23691,23694,stop,150.438,150.32953,-10.847043385015809,10.847043385015809,-1.0,0.03,-2.2812345356304715
403,BASE,23763,23764,23795,stop,149.903,151.155657,125.26573662097746,20.661938616714792,6.062632308840653,0.01,8.838724345865394
403,ADD1,23784,23785,23796,stop,151.375,151.120632,-25.43678178188884,25.43678178188884,-1.0,0.01,-1.7768685031820772
404,BASE,23881,23882,23930,time,150.104,150.938,83.40000000000032,13.224099465924155,6.3066676271533915,0.02,11.90122100382401
404,ADD1,23904,23905,23953,time,150.566,151.24,67.4000000000035,14.171074994501964,4.756167053392426,0.02,9.572456459648455
404,ADD2,23928,23929,23929,stop,150.946,150.828923,-11.707704221583981,11.707704221583981,-1.0,0.03,-2.4915214354285684
405,BASE,23934,23935,23983,time,150.855,151.745,89.00000000000148,12.52025490097708,7.108481472933584,0.02,12.627981499397219
405,ADD1,23952,23953,23991,stop,151.331,151.625948,29.49477202726598,12.681691906664128,2.3257757911439807,0.02,4.160627243708697
405,ADD2,23976,23977,23991,stop,151.62,151.625948,0.5947720272672541,9.308319440921764,0.06389682165960951,0.03,0.12579237659114312
406,BASE,24055,24056,24057,stop,151.383,151.231788,-15.121212525457395,15.121212525457395,-1.0,0.02,-2.1670829854706106
407,BASE,24149,24150,24170,stop,148.762,149.112815,35.08153514234493,26.039964857079667,1.3472189895374251,0.01,2.568928867596619
407,ADD1,24168,24169,24170,stop,149.267,149.051498,-21.550218154030176,21.550218154030176,-1.0,0.01,-1.573148445496007
408,BASE,24192,24193,24196,stop,149.496,149.340582,-15.541793443176743,15.541793443176743,-1.0,0.02,-2.2676285223882355
409,BASE,24302,24303,24303,stop,148.375,148.063879,-31.112145345568365,31.112145345568365,-1.0,0.01,-2.297528136824472
410,BASE,24386,24387,24391,stop,147.352,147.129821,-22.21791930573147,22.21791930573147,-1.0,0.01,-1.6283113452832274
411,BASE,24456,24457,24480,stop,145.351,145.814392,46.33923168286458,38.68178716136015,1.1979599466167783,0.01,3.4311798282644985
412,BASE,24584,24585,24600,stop,142.389,142.543511,15.451122844805809,25.974346159620154,0.5948608965882729,0.01,1.1838501724339046
413,BASE,24602,24603,24603,stop,143.672,143.371505,-30.04945130101646,30.04945130101646,-1.0,0.01,-2.2868478528972607
414,BASE,24729,24730,24730,stop,142.512,142.405381,-10.661914494721714,10.661914494721714,-1.0,0.03,-2.475383431849336
415,BASE,24744,24745,24746,stop,142.718,142.578401,-13.959852357277214,13.959852357277214,-1.0,0.02,-2.1604279371936213
416,BASE,24801,24802,24802,stop,141.907,141.666102,-24.089837575854745,24.089837575854745,-1.0,0.01,-1.8787220630113466
417,BASE,24840,24841,24854,stop,141.151,141.617486,46.64864304768912,8.264699606499448,5.644324085415533,0.03,10.92345857747484
418,BASE,24871,24872,24888,stop,142.426,142.940887,51.48872761482437,20.93267345521781,2.4597301307440005,0.01,3.9583683806624403
419,BASE,24893,24894,24895,stop,143.786,143.512034,-27.39657381057725,27.39657381057725,-1.0,0.01,-2.085770954587863
420,BASE,24912,24913,24926,stop,144.808,145.119267,31.12670759197158,22.67360411803452,1.3728169297625465,0.01,2.354997578403775
421,BASE,24984,24985,25021,stop,144.539,145.245176,70.61761609703296,23.80295376726167,2.966758528689817,0.01,5.332266963887294
421,ADD1,25008,25009,25021,stop,145.49,145.268257,-22.174278685685067,22.174278685685067,-1.0,0.01,-1.6744658727935728
422,BASE,25065,25066,25114,time,145.671,147.753,208.19999999999936,21.448915730420026,9.706784371608991,0.01,15.636438574331326
422,ADD1,25080,25081,25129,stop,145.855,147.900736,204.57357668748273,16.31515082311239,12.538871316940536,0.02,30.615578020003635
422,ADD2,25104,25105,25106,stop,147.339,147.125996,-21.300421478304088,21.300421478304088,-1.0,0.01,-1.5739505002002772
423,BASE,25153,25154,25154,stop,148.364,148.161814,-20.21855200210325,20.21855200210325,-1.0,0.01,-1.4845949197977513
424,BASE,25203,25204,25206,stop,147.901,147.686081,-21.49185201558339,21.49185201558339,-1.0,0.01,-1.5825297970999892
425,BASE,25281,25282,25282,stop,147.841,147.639752,-20.124833474494608,20.124833474494608,-1.0,0.01,-1.479213968268746
426,BASE,25296,25297,25297,stop,148.218,148.044857,-17.314340634243308,17.314340634243308,-1.0,0.01,-1.267606570649037
427,BASE,25405,25406,25406,stop,147.976,147.691355,-28.464483318896328,28.464483318896328,-1.0,0.01,-2.0787300575814367
428,BASE,25416,25417,25417,stop,148.701,148.45058,-25.042003244075772,25.042003244075772,-1.0,0.01,-1.8184962874467148
429,BASE,25489,25490,25525,stop,148.299,149.111598,81.25981789229968,19.348308574410567,4.199840910113002,0.01,5.905308437838613
429,ADD1,25512,25513,25519,stop,149.393,149.221649,-17.135104310040106,17.135104310040106,-1.0,0.02,-2.4733705406096163
430,BASE,25562,25563,25572,stop,149.473,149.347633,-12.536668350841751,12.536668350841751,-1.0,0.02,-1.804712135567074
431,BASE,25645,25646,25647,stop,150.526,150.370526,-15.54739658502342,15.54739658502342,-1.0,0.02,-2.220994660493065
432,BASE,25680,25681,25690,stop,150.279,150.186835,-9.216477769263065,9.216477769263065,-1.0,0.03,-1.9814283355066533
433,BASE,25728,25729,25732,stop,150.4,150.276321,-12.367880733526704,12.367880733526704,-1.0,0.02,-1.7820128945870977
434,BASE,25761,25762,25764,stop,150.756,150.642306,-11.369368894429499,11.369368894429499,-1.0,0.03,-2.4484482930389944
435,BASE,25791,25792,25798,stop,150.757,150.642125,-11.487514881980587,11.487514881980587,-1.0,0.03,-2.4797728967944566
436,BASE,25828,25829,25849,stop,150.631,150.524355,-10.664465603673534,11.831655779303674,-0.9013502254120824,0.02,-1.5341636691509668
437,BASE,25880,25881,25881,stop,150.659,150.490741,-16.82586949996505,16.82586949996505,-1.0,0.02,-2.4156579480218574
438,BASE,26042,26043,26046,stop,147.429,147.22729,-20.171029816029318,20.171029816029318,-1.0,0.01,-1.4968083811919117
439,BASE,26101,26102,26118,stop,148.004,148.169008,16.50083666525859,20.57484480037033,0.8019908206044688,0.01,1.2158323590257245
439,ADD1,26112,26113,26116,stop,148.456,148.285143,-17.085686166399228,17.085686166399228,-1.0,0.01,-1.2517051960232344
440,BASE,26136,26137,26138,stop,149.291,149.137498,-15.350160216394215,15.350160216394215,-1.0,0.02,-2.2400127894085706
441,BASE,26161,26162,26163,stop,149.307,149.171938,-13.506209353434429,13.506209353434429,-1.0,0.02,-1.9659058153825328
442,BASE,26184,26185,26202,stop,151.164,151.350422,18.642174849406956,20.225578492454588,0.9217128131272814,0.01,1.339721335940823
443,BASE,26233,26234,26234,stop,151.789,151.591243,-19.77571697536007,19.77571697536007,-1.0,0.01,-1.415094469867878
444,BASE,26295,26296,26297,stop,151.589,151.468346,-12.065372650152995,12.065372650152995,-1.0,0.02,-1.72498518113605
445,BASE,26305,26306,26307,stop,151.738,151.62064,-11.736025020758234,11.736025020758234,-1.0,0.02,-1.6727911468128744
446,BASE,26389,26390,26400,stop,151.585,151.530969,-5.4031012343983775,8.26150966823036,-0.654008946473307,0.04,-1.5317329147251122
447,BASE,26401,26402,26402,stop,151.783,151.690221,-9.27793215750512,9.27793215750512,-1.0,0.03,-1.9694556603722175
448,BASE,26436,26437,26438,stop,151.857,151.772002,-8.49982591383025,8.49982591383025,-1.0,0.04,-2.413501389241146
449,BASE,26496,26497,26534,stop,151.72,151.700391,-1.9609148202988536,11.262555033249555,-0.1741092331633274,0.03,-0.41971874192138975
449,ADD1,26520,26521,26522,stop,151.917,151.828176,-8.88236648075349,8.88236648075349,-1.0,0.03,-1.904812871881905
450,BASE,26556,26557,26580,stop,152.393,152.840533,44.75325117109321,11.164415210566858,4.008562054261051,0.03,9.47712803326942
450,ADD1,26568,26569,26580,stop,152.843,152.840533,-0.24674882890849403,16.175260947332504,-0.015254704682163776,0.02,-0.03469707597958468
451,BASE,26599,26600,26604,stop,153.256,153.119054,-13.69459673852873,13.69459673852873,-1.0,0.02,-1.9085447897141643
452,BASE,26616,26617,26630,stop,153.469,153.89262,42.36197723221551,13.240562093176322,3.1994092799162392,0.02,5.87327910835525
453,BASE,26646,26647,26653,stop,154.517,154.362059,-15.494087915607224,15.494087915607224,-1.0,0.02,-2.130916292164353
454,BASE,26736,26737,26773,stop,154.682,154.652558,-2.944163551882184,11.876519906755334,-0.24789783328764106,0.03,-0.6086700498259926
454,ADD1,26760,26761,26761,stop,154.793,154.718184,-7.481619932403305,7.481619932403305,-1.0,0.04,-2.061775581490706
455,BASE,26789,26790,26791,stop,154.881,154.805928,-7.507201594776802,7.507201594776802,-1.0,0.04,-2.074565292476787
456,BASE,26808,26809,26820,stop,155.384,155.414319,3.0319013255535765,11.289343019404896,0.2685631325350055,0.03,0.6264769133636509
457,BASE,26835,26836,26840,stop,155.952,156.187156,23.51559552797937,16.051037921141642,1.4650513968947627,0.02,3.2283038183454122
458,BASE,26857,26858,26860,stop,159.176,158.798206,-37.779357237289446,37.779357237289446,-1.0,0.01,-2.5396269660632202
459,BASE,26904,26905,26918,stop,157.752,157.502934,-24.906561692475293,24.906561692475293,-1.0,0.01,-1.6829184482102002
460,BASE,26976,26977,27025,time,153.42,155.135,171.50000000000034,30.679817505588858,5.589994137636531,0.01,12.026576541376912
460,ADD1,27000,27001,27048,stop,153.948,155.199006,125.10062825701027,20.817904046580793,6.009280664234652,0.01,8.73238191022751
460,ADD2,27024,27025,27048,stop,154.903,155.199006,29.60062825700902,19.288078054552216,1.5346592943729258,0.01,2.0505497260606864
461,BASE,27048,27049,27049,stop,155.633,155.444478,-18.852186491878342,18.852186491878342,-1.0,0.01,-1.3018171704014563
462,BASE,27096,27097,27097,stop,155.936,155.827314,-10.868589111441906,10.868589111441906,-1.0,0.03,-2.2531843762305437
463,BASE,27120,27121,27133,stop,156.303,156.415243,11.22429980941888,11.189812870654237,1.0030819942355862,0.03,2.32255842841729
464,BASE,27192,27193,27206,stop,155.454,155.435728,-1.8272263190198146,21.843167402261088,-0.08365207688838523,0.01,-0.12735903120273204
465,BASE,27228,27229,27230,stop,156.16,155.998274,-16.17261664491707,16.17261664491707,-1.0,0.02,-2.250432957167271
466,BASE,27240,27241,27245,stop,156.438,156.310201,-12.779915003511633,12.779915003511633,-1.0,0.02,-1.7739432501631147
467,BASE,27275,27276,27277,stop,156.592,156.463145,-12.885509719612287,12.885509719612287,-1.0,0.02,-1.78243158111196
468,BASE,27289,27290,27294,stop,156.752,156.624054,-12.794552211704513,12.794552211704513,-1.0,0.02,-1.7674428319399635
469,BASE,27369,27370,27370,stop,156.95,156.842016,-10.798408344572863,10.798408344572863,-1.0,0.03,-2.2463509032516518
470,BASE,27384,27385,27385,stop,157.384,157.272295,-11.170518923009354,11.170518923009354,-1.0,0.03,-2.3126160267317317
471,BASE,27459,27460,27462,stop,157.43,157.26025,-16.975001688427938,16.975001688427938,-1.0,0.02,-2.3405101399857844
472,BASE,27518,27519,27525,stop,156.323,156.027473,-29.55274934109866,29.55274934109866,-1.0,0.01,-2.055803127316919
473,BASE,27564,27565,27567,stop,156.786,156.460512,-32.548775770081306,32.548775770081306,-1.0,0.01,-2.244753167772001
474,BASE,27579,27580,27583,stop,157.158,156.943842,-21.415841841380256,21.415841841380256,-1.0,0.01,-1.4653188322787034
475,BASE,27600,27601,27611,stop,157.222,157.077575,-14.44249997390159,14.44249997390159,-1.0,0.02,-1.9773912659297925
476,BASE,27673,27674,27675,stop,157.264,157.080437,-18.356272843516308,18.356272843516308,-1.0,0.01,-1.2533646249121375
477,BASE,27726,27727,27732,stop,157.973,157.834323,-13.867691310213104,13.867691310213104,-1.0,0.02,-1.8823626677106287
478,BASE,27771,27772,27799,stop,158.087,158.753838,66.68380216954688,10.39758253988623,6.413394836130489,0.03,13.587480904174086
478,ADD1,27792,27793,27793,stop,159.113,158.986611,-12.638860956761278,12.638860956761278,-1.0,0.02,-1.7027585144950386
479,BASE,27816,27817,27817,stop,159.805,159.671376,-13.362384210765299,13.362384210765299,-1.0,0.02,-1.789360719667636
480,BASE,27864,27865,27889,stop,159.727,160.406901,67.99013873472859,11.480452286110676,5.922252629104576,0.03,13.67500494119476
480,ADD1,27888,27889,27889,stop,160.702,160.5493,-15.269953755091592,15.269953755091592,-1.0,0.02,-2.0321563334839077
481,BASE,27912,27913,27913,stop,161.13,160.975714,-15.428641677829091,15.428641677829091,-1.0,0.02,-2.049463271942146
482,BASE,27948,27949,27950,stop,161.362,161.205101,-15.689875793634656,15.689875793634656,-1.0,0.02,-2.091153616287681
483,BASE,27964,27965,27972,stop,161.685,161.536871,-14.81293551319709,14.81293551319709,-1.0,0.02,-1.9656351746931864
484,BASE,27989,27990,27990,stop,161.876,161.755515,-12.048525645954555,12.048525645954555,-1.0,0.03,-2.3988561023344595
485,BASE,28082,28083,28086,stop,161.012,160.863227,-14.877290181317449,14.877290181317449,-1.0,0.02,-2.000365057449988
486,BASE,28105,28106,28107,stop,161.546,161.412288,-13.371191541264693,13.371191541264693,-1.0,0.02,-1.7906299402566426
487,BASE,28200,28201,28221,stop,158.371,158.286126,-8.487438580229423,24.279353059804976,-0.3495743300623842,0.01,-0.583140307506878
488,BASE,28272,28273,28278,stop,157.22,157.136111,-8.38888209860329,24.74813675973735,-0.33897024976244394,0.01,-0.5802536102701573
489,BASE,28400,28401,28405,stop,154.306,153.889432,-41.656787873643,41.656787873643,-1.0,0.01,-2.9310894294308785
490,BASE,28444,28445,28453,stop,154.445,154.376739,-6.826148114592456,26.238331163389716,-0.26015938559830987,0.01,-0.4777209123800545
491,BASE,28560,28561,28573,stop,145.051,144.167605,-88.33946582030308,88.33946582030308,-1.0,0.01,-6.685979791559843
492,BASE,28585,28586,28607,stop,146.738,146.281135,-45.68653639423985,79.7664101922436,-0.572754073853036,0.01,-3.3963344336498205
493,BASE,28669,28670,28671,stop,147.785,147.5324,-25.26004861103388,25.26004861103388,-1.0,0.01,-1.865690145733094
494,BASE,28729,28730,28732,stop,147.526,147.243391,-28.260922735628924,28.260922735628924,-1.0,0.01,-2.1094070938082563
495,BASE,28920,28921,28925,stop,144.854,144.574433,-27.95674671910149,27.95674671910149,-1.0,0.01,-2.156786420845483
496,BASE,28980,28981,28983,stop,145.402,145.106835,-29.51653004157322,29.51653004157322,-1.0,0.01,-2.250652674186409
497,BASE,29004,29005,29006,stop,145.642,145.410797,-23.12025147359975,23.12025147359975,-1.0,0.01,-1.7562669732696603
498,BASE,29016,29017,29018,stop,146.197,145.992128,-20.487162121287383,20.487162121287383,-1.0,0.01,-1.5488779367447594
499,BASE,29040,29041,29041,stop,147.13,146.928795,-20.120508017217276,20.120508017217276,-1.0,0.01,-1.517917056307896
500,BASE,29208,29209,29209,stop,142.694,142.360097,-33.390325556428024,33.390325556428024,-1.0,0.01,-2.5784440369066757
501,BASE,29293,29294,29304,stop,141.592,141.575765,-1.6234654436061646,31.851218905251244,-0.050970276787068496,0.01,-0.1273942438587828
502,BASE,29323,29324,29326,stop,142.448,142.001797,-44.620299619239745,44.620299619239745,-1.0,0.01,-3.4849680622563195
503,BASE,29328,29329,29331,stop,143.498,143.03677,-46.12296291449525,46.12296291449525,-1.0,0.01,-3.556320575220576
504,BASE,29362,29363,29364,stop,144.267,143.816003,-45.09972374664244,45.09972374664244,-1.0,0.01,-3.4898372382444127
505,BASE,29406,29407,29410,stop,144.438,144.131447,-30.65532404646376,30.65532404646376,-1.0,0.01,-2.3585066964997345
506,BASE,29441,29442,29458,stop,144.561,144.353628,-20.73720155859462,28.176005653554625,-0.7359879825967617,0.01,-1.5961616593850458
506,ADD1,29449,29450,29458,stop,144.823,144.573163,-24.98372097812478,24.98372097812478,-1.0,0.01,-1.9215354230617336
507,BASE,29472,29473,29474,stop,145.47,145.164455,-30.554519784695344,30.554519784695344,-1.0,0.01,-2.3486056111051212
508,BASE,29520,29521,29529,stop,143.973,143.638309,-33.46905716037156,33.46905716037156,-1.0,0.01,-2.592964056147883
509,BASE,29554,29555,29594,stop,144.802,146.475977,167.39768132044333,35.85799759535746,4.668349951089191,0.01,12.80291821336219
509,ADD1,29568,29569,29573,stop,146.999,146.635203,-36.37969717211149,36.37969717211149,-1.0,0.01,-2.7357135764466833
509,ADD2,29592,29593,29595,stop,146.651,146.38871,-26.229037474712413,26.229037474712413,-1.0,0.01,-1.975052893503828
510,BASE,29604,29605,29618,stop,148.657,148.284162,-37.28378271639485,37.28378271639485,-1.0,0.01,-2.7559042236847864
511,BASE,29665,29666,29695,stop,148.183,148.942254,75.92538917375293,22.847674520295413,3.323112341534321,0.01,5.618553561331967
511,ADD1,29688,29689,29695,stop,149.222,149.022562,-19.943785545981996,19.943785545981996,-1.0,0.01,-1.463813288782271
512,BASE,29736,29737,29760,stop,149.225,149.564268,33.926791884849195,16.594500348602992,2.0444599820509404,0.02,4.965100454595308
513,BASE,29800,29801,29806,stop,149.753,149.522757,-23.024329049849257,23.024329049849257,-1.0,0.01,-1.6708793705778302
514,BASE,29816,29817,29817,stop,149.843,149.667855,-17.51445304535366,17.51445304535366,-1.0,0.01,-1.270165953854458
515,BASE,29870,29871,29919,time,150.245,152.82,257.5000000000017,19.22512440798414,13.39393153123434,0.01,18.594303477792888
515,ADD1,29880,29881,29922,stop,150.638,152.517092,187.90918124029758,18.072463065615807,10.397541306796674,0.01,13.491679905421252
515,ADD2,29904,29905,29922,stop,151.475,152.517092,104.20918124029583,17.926805819442393,5.813036761254841,0.01,7.420344616553997
516,BASE,29976,29977,29983,stop,153.473,153.226656,-24.634368755735636,24.634368755735636,-1.0,0.01,-1.7278180237225353
517,BASE,30048,30049,30050,stop,153.534,153.291211,-24.278932446603108,24.278932446603108,-1.0,0.01,-1.7169724420802537
518,BASE,30120,30121,30133,stop,152.289,152.060661,-22.833895507702096,22.833895507702096,-1.0,0.01,-1.6307676028019797
519,BASE,30144,30145,30175,stop,152.924,153.730577,80.657671694496,35.166168885223215,2.2936155473105364,0.01,5.710515687011987
519,ADD1,30168,30169,30172,stop,154.585,154.241073,-34.39274924006952,34.39274924006952,-1.0,0.01,-2.3875277482517796
520,BASE,30218,30219,30245,stop,153.397,153.438364,4.13636266094386,26.270066481691856,0.15745535565456506,0.01,0.28906583377082296
520,ADD1,30240,30241,30243,stop,153.776,153.57858,-19.74204091847014,19.74204091847014,-1.0,0.01,-1.3665209375629952
521,BASE,30264,30265,30265,stop,154.94,154.735846,-20.4154154292155,20.4154154292155,-1.0,0.01,-1.4014090230662763
522,BASE,30288,30289,30302,stop,155.726,155.52952,-19.64801181476048,24.1972559283937,-0.8119933877173643,0.01,-1.3311667611813414
523,BASE,30312,30313,30313,stop,156.637,156.370275,-26.67251724143682,26.67251724143682,-1.0,0.01,-1.7939333665827952
524,BASE,30384,30385,30399,stop,154.927,155.076938,14.993794799579518,32.93326415140996,0.45527812641485754,0.01,1.0271511377585065
525,BASE,30631,30632,30640,stop,150.391,150.20899,-18.200999060593404,31.75910872496388,-0.5730953981805768,0.01,-1.2719223772679247
526,BASE,30682,30683,30685,stop,150.581,150.326861,-25.41394854434884,25.41394854434884,-1.0,0.01,-1.7872638856102763
527,BASE,30708,30709,30725,stop,150.776,150.908589,13.258925025013468,21.711442498366296,0.6106883513617832,0.01,0.9288233993330397
527,ADD1,30720,30721,30722,stop,151.449,151.245523,-20.34766448699372,20.34766448699372,-1.0,0.01,-1.4186562947551347
528,BASE,30753,30754,30757,stop,152.687,152.366773,-32.02272001253448,32.02272001253448,-1.0,0.01,-2.203108405420942
529,BASE,30792,30793,30841,time,152.83,154.095,126.50000000000148,25.99542904137877,4.86624013008758,0.01,8.675956037338253
529,ADD1,30816,30817,30821,stop,153.817,153.612473,-20.452740339547404,20.452740339547404,-1.0,0.01,-1.3970933965086376
529,ADD2,30840,30841,30842,stop,154.156,153.96445,-19.155034362995593,19.155034362995593,-1.0,0.01,-1.3084891671709042
530,BASE,30883,30884,30884,stop,154.655,154.40495,-25.005027340802144,25.005027340802144,-1.0,0.01,-1.6765715162837203
531,BASE,30888,30889,30890,stop,154.832,154.562287,-26.971265723449278,26.971265723449278,-1.0,0.01,-1.809101271765436
532,BASE,30912,30913,30913,stop,157.747,157.426487,-32.05130928401445,32.05130928401445,-1.0,0.01,-2.1118098717948057
533,BASE,30960,30961,30961,stop,157.319,157.136983,-18.201693611612768,18.201693611612768,-1.0,0.02,-2.4100878647738826
534,BASE,31008,31009,31031,stop,157.334,157.727156,39.31563105591067,9.789160208225667,4.016241456838596,0.03,7.789898606806567
535,BASE,31056,31057,31057,stop,157.952,157.794262,-15.7737735786867,15.7737735786867,-1.0,0.02,-2.084669625458242
536,BASE,31127,31128,31128,stop,157.709,157.6271,-8.19000479355907,8.19000479355907,-1.0,0.04,-2.1536538614082943
537,BASE,31145,31146,31152,stop,157.573,157.28286,-29.014030990660444,29.014030990660444,-1.0,0.01,-1.89079932878538
538,BASE,31176,31177,31187,stop,157.595,157.383305,-21.1695230530637,21.1695230530637,-1.0,0.01,-1.3837318421589535
539,BASE,31200,31201,31205,stop,158.109,157.829402,-27.959755038617118,27.959755038617118,-1.0,0.01,-1.8333356483012584
540,BASE,31235,31236,31238,stop,158.382,158.162779,-21.922148946660514,21.922148946660514,-1.0,0.01,-1.4234881446333467
541,BASE,31276,31277,31280,stop,158.395,158.227508,-16.74917808398675,16.74917808398675,-1.0,0.02,-2.1768190238879823
542,BASE,31321,31322,31349,stop,157.444,157.501113,5.7112586412216615,35.65717261373322,0.16017138271423104,0.01,0.37112134596277585
542,ADD1,31344,31345,31348,stop,157.984,157.740363,-24.363683438241424,24.363683438241424,-1.0,0.01,-1.589836849342075
543,BASE,31426,31427,31429,stop,156.38,156.15855,-22.144951831108983,22.144951831108983,-1.0,0.01,-1.4617501097388303
544,BASE,31479,31480,31501,stop,156.406,156.165302,-24.069799131339664,27.290030035590007,-0.8819997303025789,0.01,-1.601256842312768
544,ADD1,31489,31490,31498,stop,156.556,156.345159,-21.084090576349013,21.084090576349013,-1.0,0.01,-1.4013664956401135
545,BASE,31650,31651,31665,stop,155.146,155.058913,-8.708650422227038,29.09089158401912,-0.2993600384187288,0.01,-0.5819725817491304
545,ADD1,31656,31657,31662,stop,155.707,155.448554,-25.84464501076411,25.84464501076411,-1.0,0.01,-1.6973702658895966
546,BASE,31784,31785,31786,stop,152.396,152.103931,-29.206886839048707,29.206886839048707,-1.0,0.01,-1.982039821879068
547,BASE,31815,31816,31816,stop,152.499,152.283429,-21.557051059789956,21.557051059789956,-1.0,0.01,-1.463249604082706
548,BASE,31824,31825,31854,stop,153.195,154.001822,80.68219056166868,23.02206732005061,3.504558884310104,0.01,5.444247273203417
548,ADD1,31848,31849,31849,stop,154.546,154.274877,-27.112260257496246,27.112260257496246,-1.0,0.01,-1.8258161754563595
549,BASE,31924,31925,31926,stop,152.151,151.967125,-18.38747779420089,18.38747779420089,-1.0,0.01,-1.2650055363567387
550,BASE,31946,31947,31948,stop,152.038,151.828601,-20.939901106766,20.939901106766,-1.0,0.01,-1.4406831731495848
551,BASE,32040,32041,32042,stop,150.155,149.912322,-24.267788397253298,24.267788397253298,-1.0,0.01,-1.6923146637975819
552,BASE,32097,32098,32100,stop,149.853,149.569028,-28.397179416930385,28.397179416930385,-1.0,0.01,-1.9862732718404004
553,BASE,32119,32120,32143,stop,150.441,150.156678,-28.43215855207859,34.32851681315299,-0.828237313800426,0.01,-1.9641763898647104
554,BASE,32147,32148,32150,stop,151.216,150.898053,-31.79467288262572,31.79467288262572,-1.0,0.01,-2.1986501093726116
555,BASE,32185,32186,32190,stop,149.98,149.580048,-39.99520594111061,39.99520594111061,-1.0,0.01,-2.833000427771045
556,BASE,32292,32293,32294,stop,147.775,147.426616,-34.838431312556395,34.838431312556395,-1.0,0.01,-2.5736112251926304
557,BASE,32304,32305,32322,stop,148.14,148.126,-1.3999999999981583,34.218758017664186,-0.04091323242285589,0.01,-0.10316690422938378
558,BASE,32353,32354,32388,stop,148.181,148.418307,23.73073205640992,26.525856808038384,0.8946264103038726,0.01,1.7352764663337474
558,ADD1,32376,32377,32377,stop,148.8,148.590716,-20.928381963756237,20.928381963756237,-1.0,0.01,-1.531508169018349
559,BASE,32400,32401,32417,stop,149.469,149.237621,-23.137924537934396,23.137924537934396,-1.0,0.01,-1.6905285185097243
560,BASE,32430,32431,32431,stop,149.673,149.426177,-24.682309518959755,24.682309518959755,-1.0,0.01,-1.8053543867628112
561,BASE,32472,32473,32483,stop,148.998,148.938741,-5.925907070326275,22.86574716942482,-0.2591608761532256,0.01,-0.4312626885667531
562,BASE,32496,32497,32502,stop,149.746,149.538027,-20.797328805883808,20.797328805883808,-1.0,0.01,-1.5041030648817055
563,BASE,32520,32521,32521,stop,150.94,150.747894,-19.21061153149708,19.21061153149708,-1.0,0.01,-1.3773686901424156
564,BASE,32577,32578,32580,stop,150.937,150.718628,-21.837207931727676,21.837207931727676,-1.0,0.01,-1.558686474964161
565,BASE,32592,32593,32593,stop,150.969,150.757412,-21.15878952980097,21.15878952980097,-1.0,0.01,-1.5152961349688177
566,BASE,32670,32671,32672,stop,149.767,149.552752,-21.42481405487331,21.42481405487331,-1.0,0.01,-1.545118579472994
567,BASE,32750,32751,32770,stop,147.575,146.94814,-62.686030029627204,62.686030029627204,-1.0,0.01,-4.6247369496246336
568,BASE,32802,32803,32808,stop,147.455,146.722172,-73.28284705186263,73.28284705186263,-1.0,0.01,-5.431820836073693
569,BASE,33019,33020,33025,stop,141.617,141.976578,35.95781527426141,31.016843263887495,1.159299641434711,0.01,2.9029959974333743
569,ADD1,33024,33025,33025,stop,142.092,141.678193,-41.380728241912834,41.380728241912834,-1.0,0.01,-3.325228750669624
570,BASE,33041,33042,33049,stop,143.246,142.800608,-44.53924766272905,44.53924766272905,-1.0,0.01,-3.516289080375525
571,BASE,33075,33076,33079,stop,143.652,143.366676,-28.532361561013886,28.532361561013886,-1.0,0.01,-2.248218569764616
572,BASE,33151,33152,33158,stop,142.814,142.591933,-22.206721538225338,22.206721538225338,-1.0,0.01,-1.768584662946301
573,BASE,33169,33170,33171,stop,143.208,142.979874,-22.812590259292165,22.812590259292165,-1.0,0.01,-1.8031202968598647
574,BASE,33192,33193,33193,stop,145.879,145.560549,-31.845135208092756,31.845135208092756,-1.0,0.01,-2.47036497106097
575,BASE,33293,33294,33318,stop,143.933,145.284754,135.17535434771162,28.45495365413342,4.750503409380032,0.01,10.58242861253235
575,ADD1,33312,33313,33318,stop,145.711,145.384308,-32.6692405757683,32.6692405757683,-1.0,0.01,-2.5160134376599763
576,BASE,33337,33338,33338,stop,146.101,145.848755,-25.22453852746196,25.22453852746196,-1.0,0.01,-1.9421903664453808
577,BASE,33480,33481,33481,stop,145.279,145.053816,-22.518351827844185,22.518351827844185,-1.0,0.01,-1.7460208076872148
578,BASE,33605,33606,33606,stop,143.269,143.04175,-22.724992144515,22.724992144515,-1.0,0.01,-1.8033090627604478
579,BASE,33625,33626,33631,stop,144.353,144.116828,-23.61716455168903,23.61716455168903,-1.0,0.01,-1.8484326296390652
580,BASE,33648,33649,33649,stop,146.104,145.795106,-30.889402339440153,30.889402339440153,-1.0,0.01,-2.3787321090607927
581,BASE,33734,33735,33756,stop,143.78,143.584354,-19.564647145219283,25.935662157291972,-0.7543530998578558,0.01,-1.5479096472084632
581,ADD1,33744,33745,33745,stop,143.999,143.769892,-22.910784921228355,22.910784921228355,-1.0,0.01,-1.8130207518722943
582,BASE,33797,33798,33817,stop,143.874,144.474606,60.060588995699504,26.23633852412297,2.2892138299129225,0.01,4.769475659631136
582,ADD1,33816,33817,33817,stop,144.943,144.739202,-20.37980366810075,20.37980366810075,-1.0,0.01,-1.6071931566264714
583,BASE,33841,33842,33843,stop,145.02,144.8054,-21.460035266417776,21.460035266417776,-1.0,0.01,-1.6860811115544585
584,BASE,33875,33876,33876,stop,145.289,145.093853,-19.514659024747516,19.514659024747516,-1.0,0.01,-1.5416457928918923
585,BASE,33922,33923,33926,stop,144.362,144.045651,-31.63487363611921,31.63487363611921,-1.0,0.01,-2.5243983422054845
586,BASE,33936,33937,33941,stop,144.38,144.140783,-23.92166460230669,23.92166460230669,-1.0,0.01,-1.9125233711593743
587,BASE,33960,33961,33961,stop,145.067,144.825693,-24.130671028194683,24.130671028194683,-1.0,0.01,-1.924143921383127
588,BASE,33984,33985,33987,stop,145.324,145.081771,-24.222882121787848,24.222882121787848,-1.0,0.01,-1.9176601304467622
589,BASE,34017,34018,34031,stop,145.45,145.241348,-20.86518590001276,20.86518590001276,-1.0,0.01,-1.6433066647244166
590,BASE,34045,34046,34069,stop,145.755,147.244074,148.90739877513113,18.686962441350374,7.9685181175100945,0.01,11.751045513866002
590,ADD1,34056,34057,34069,stop,146.461,147.244074,78.30739877513224,16.688468832049352,4.692305780908245,0.01,6.133850884276641
591,BASE,34117,34118,34118,stop,145.87,145.645655,-22.434493876039596,22.434493876039596,-1.0,0.01,-1.787371729517678
592,BASE,34231,34232,34236,stop,143.907,143.676093,-23.090729239331154,23.090729239331154,-1.0,0.01,-1.8886028520854916
593,BASE,34260,34261,34261,stop,145.011,144.74074,-27.02602188612957,27.02602188612957,-1.0,0.01,-2.1922780895879344
594,BASE,34298,34299,34347,time,144.825,147.103,227.800000000002,15.461574795506294,14.733298710698545,0.01,18.508150352475084
594,ADD1,34320,34321,34324,stop,146.169,145.977193,-19.1806675887932,19.1806675887932,-1.0,0.01,-1.5401480899440492
594,ADD2,34344,34345,34352,stop,146.8,146.619506,-18.0493628535487,18.0493628535487,-1.0,0.01,-1.4408224695795644
595,BASE,34393,34394,34416,stop,146.779,147.048828,26.982822081734525,20.106117327895845,1.342020522495297,0.01,2.1428085792461964
596,BASE,34431,34432,34476,stop,147.701,148.577375,87.63748999917595,20.134955732518733,4.3525047267741455,0.01,6.9244729528097215
596,ADD1,34451,34452,34452,stop,147.923,147.76781,-15.519043356778184,15.519043356778184,-1.0,0.02,-2.4488885039475012
596,ADD2,34464,34465,34465,stop,148.985,148.785768,-19.92316298182004,19.92316298182004,-1.0,0.01,-1.5539405800452384
597,BASE,34630,34631,34637,stop,147.065,146.844081,-22.091913965712706,22.091913965712706,-1.0,0.01,-1.7663071825654617
597,ADD1,34632,34633,34637,stop,147.217,146.991151,-22.58486459288349,22.58486459288349,-1.0,0.01,-1.8018387661932327
598,BASE,34658,34659,34660,stop,147.841,147.659047,-18.195275539591194,18.195275539591194,-1.0,0.01,-1.4480513540244824
599,BASE,34680,34681,34681,stop,148.695,148.506254,-18.874592396963408,18.874592396963408,-1.0,0.01,-1.4719009015287141
600,BASE,34716,34717,34722,stop,148.86,148.609847,-25.01525339515638,25.01525339515638,-1.0,0.01,-1.9264720743033028
601,BASE,34735,34736,34764,stop,149.404,150.262338,85.83381355710458,30.93632166236091,2.774531972284715,0.01,6.566343526000319
601,ADD1,34752,34753,34757,stop,150.746,150.504512,-24.14881150228325,24.14881150228325,-1.0,0.01,-1.828164025135079
602,BASE,34832,34833,34834,stop,147.819,147.62275,-19.62501638980143,19.62501638980143,-1.0,0.01,-1.5368590458292641
603,BASE,34881,34882,34899,stop,147.718,147.465659,-25.234060217005094,25.234060217005094,-1.0,0.01,-1.9879006030166544
604,BASE,34907,34908,34932,stop,147.875,148.029841,15.48407698682297,16.29719885753218,0.9501066485217854,0.01,1.2178795902402169
604,ADD1,34920,34921,34921,stop,148.413,148.246791,-16.620891128292214,16.620891128292214,-1.0,0.01,-1.3020021201178438
605,BASE,35028,35029,35047,stop,147.733,147.567474,-16.55264740307132,19.021664823702622,-0.8701997199764189,0.01,-1.3072176050420001
606,BASE,35098,35099,35100,stop,147.853,147.675911,-17.708905930578567,17.708905930578567,-1.0,0.01,-1.3950773545213633
607,BASE,35112,35113,35126,stop,148.484,148.308838,-17.516215307082916,17.516215307082916,-1.0,0.01,-1.3694997286918735
608,BASE,35188,35189,35190,stop,147.951,147.777233,-17.37674757258958,17.37674757258958,-1.0,0.01,-1.365332674731843
609,BASE,35281,35282,35294,stop,147.549,148.154159,60.515900848824344,15.177728679833535,3.9871513139664363,0.02,9.588825491289507
610,BASE,35311,35312,35313,stop,148.744,148.506148,-23.785165232428085,23.785165232428085,-1.0,0.01,-1.863677652686126
611,BASE,35376,35377,35378,stop,148.346,148.10215,-24.384982705905145,24.384982705905145,-1.0,0.01,-1.9286918041502632
612,BASE,35424,35425,35436,stop,147.432,147.233222,-19.877776166771355,19.877776166771355,-1.0,0.01,-1.576854621303156
613,BASE,35454,35455,35460,stop,147.733,147.585448,-14.755160128729017,14.755160128729017,-1.0,0.02,-2.33429832327904
614,BASE,35569,35570,35595,stop,147.033,147.701597,66.85970076131298,23.69278873170515,2.821943061174679,0.01,5.376820489048968
614,ADD1,35592,35593,35595,stop,148.017,147.823404,-19.359563413772207,19.359563413772207,-1.0,0.01,-1.5404805575751959
615,BASE,35604,35605,35605,stop,148.168,147.924355,-24.364520662007294,24.364520662007294,-1.0,0.01,-1.9361480797729647
616,BASE,35618,35619,35622,stop,148.361,148.195593,-16.540674702901015,16.540674702901015,-1.0,0.01,-1.3083029618851594
617,BASE,35668,35669,35717,time,147.913,149.71,179.70000000000255,14.10936997435499,12.736217161122216,0.02,28.683803025487805
617,ADD1,35688,35689,35727,stop,148.583,149.42453,84.153013281923,13.775747784956138,6.1087800528565595,0.02,13.292367676011239
617,ADD2,35712,35713,35726,stop,149.692,149.512677,-17.932346917802988,17.932346917802988,-1.0,0.01,-1.3970972419808998
618,BASE,35833,35834,35840,stop,147.521,147.326202,-19.47984616196834,19.47984616196834,-1.0,0.01,-1.546951853949811
619,BASE,35856,35857,35905,time,149.715,152.6,288.50000000000193,30.728272416072855,9.388747798561495,0.01,22.562725257556586
619,ADD1,35880,35881,35884,stop,150.501,150.267644,-23.335553630428763,23.335553630428763,-1.0,0.01,-1.814665354970508
619,ADD2,35904,35905,35941,stop,152.317,152.457782,14.078186993779696,22.889672378559567,0.6150453689746357,0.01,1.0738446185379835
620,BASE,35934,35935,35937,stop,152.985,152.748669,-23.63311948712692,23.63311948712692,-1.0,0.01,-1.7937906388885283
621,BASE,36000,36001,36003,stop,152.474,152.288041,-18.595919587650656,18.595919587650656,-1.0,0.01,-1.4103859304989215
622,BASE,36096,36097,36099,stop,150.917,150.717512,-19.94884697680277,19.94884697680277,-1.0,0.01,-1.5414315371511784
623,BASE,36124,36125,36125,stop,151.086,150.868066,-21.79341984748646,21.79341984748646,-1.0,0.01,-1.6736120954059253
624,BASE,36168,36169,36204,stop,152.163,152.611436,44.843561336298876,18.351429478690306,2.443600450219491,0.01,3.413806763303758
624,ADD1,36192,36193,36204,stop,152.658,152.611436,-4.656438663701579,15.37287949169297,-0.3028995749441589,0.02,-0.7076052078076459
625,BASE,36216,36217,36217,stop,152.897,152.744585,-15.241488292042504,15.241488292042504,-1.0,0.02,-2.320922598346999
626,BASE,36282,36283,36288,stop,152.834,152.551735,-28.226518731668193,28.226518731668193,-1.0,0.01,-2.138969297825254
627,BASE,36291,36292,36292,stop,152.969,152.653543,-31.54572890716736,31.54572890716736,-1.0,0.01,-2.398334430311353
628,BASE,36360,36361,36362,stop,154.349,154.232212,-11.67880333133553,11.67880333133553,-1.0,0.02,-1.7417405621404964
629,BASE,36456,36457,36493,stop,153.862,154.043294,18.12940907879863,21.32979469573968,0.8499570360337186,0.01,1.3608812622658077
629,ADD1,36480,36481,36485,stop,154.32,154.15894,-16.10599672717683,16.10599672717683,-1.0,0.02,-2.4107021409613028
630,BASE,36508,36509,36509,stop,154.75,154.588388,-16.161223237338618,16.161223237338618,-1.0,0.02,-2.418686470894215
631,BASE,36579,36580,36604,stop,154.726,154.953148,22.714767906396105,17.34578117573733,1.3095269493061936,0.01,1.7037765251603478
631,ADD1,36600,36601,36603,stop,155.27,155.126706,-14.329354705637343,14.329354705637343,-1.0,0.02,-2.139745663949921
632,BASE,36633,36634,36676,stop,155.963,157.183038,122.00376641598325,18.28746863151025,6.671440912591066,0.01,9.035320502034283
632,ADD1,36648,36649,36676,stop,157.084,157.183038,9.90376641598516,20.934209106701474,0.47309006829471095,0.01,0.7255397068520011
632,ADD2,36672,36673,36676,stop,157.327,157.082263,-24.47365573578395,24.47365573578395,-1.0,0.01,-1.792780831504375
633,BASE,36792,36793,36794,stop,156.456,156.306896,-14.910429490083743,14.910429490083743,-1.0,0.02,-2.2117211767202494
634,BASE,36848,36849,36855,stop,156.001,155.831395,-16.960475957031917,16.960475957031917,-1.0,0.01,-1.2628603038438857
635,BASE,36945,36946,36994,time,155.484,156.77,128.60000000000298,16.056761387139318,8.009087069264497,0.02,19.266887012661762
635,ADD1,36960,36961,36961,stop,156.018,155.856309,-16.169066911947994,16.169066911947994,-1.0,0.02,-2.4162270815927624
635,ADD2,36984,36985,36997,stop,156.722,156.550794,-17.12058736866311,17.12058736866311,-1.0,0.01,-1.2702755418420746
636,BASE,37108,37109,37141,stop,155.145,155.51343,36.84297065141493,21.640764399495538,1.7024800959560267,0.01,2.785235685440799
636,ADD1,37128,37129,37141,stop,155.49,155.51343,2.342970651415044,16.706445131993064,0.14024351876798877,0.01,0.1766147545827789
637,BASE,37155,37156,37189,stop,155.882,157.269233,138.72329617267383,19.7591739619412,7.020703215623961,0.01,10.418824589845427
637,ADD1,37176,37177,37177,stop,157.561,157.366408,-19.45923773433549,19.45923773433549,-1.0,0.01,-1.449511744081991
638,BASE,37272,37273,37273,stop,156.414,156.293215,-12.078541238196294,12.078541238196294,-1.0,0.02,-1.8216778283510744
