group,kind,sig_i,entry_i,exit_i,reason,entry_fill,exit_px,net_pips,stop_pips,r_mult,lot,pnl_eur
0,BASE,31,32,36,stop,108.795,108.758876,-3.612374417566855,3.612374417566855,-1.0,0.06,-2.234293045425271
0,ADD1,33,34,34,stop,108.847,108.807551,-3.9448534518825795,3.9448534518825795,-1.0,0.03,-1.2184465514040832
1,BASE,111,112,117,stop,108.615,108.508674,-10.632572978771293,10.632572978771293,-1.0,0.02,-2.18329479843999
2,BASE,130,131,179,time,108.686,109.622,93.59999999999928,17.30753317273468,5.408049724119639,0.01,9.582377483443636
2,ADD1,136,137,185,time,109.045,109.478,43.29999999999927,18.379455398839184,2.3558913504441503,0.01,4.4122372955927975
2,ADD2,139,140,140,stop,109.239,109.071627,-16.737340929755362,16.737340929755362,-1.0,0.01,-1.7056473434551591
3,BASE,200,201,223,stop,109.7,109.983466,28.346590049565634,5.740051700058757,4.9383858422870075,0.04,11.491609752451176
3,ADD1,201,202,223,stop,109.857,109.983466,12.646590049565987,6.758619435768765,1.8711794871355247,0.03,3.838134376273536
3,ADD2,202,203,205,stop,109.9,109.830741,-6.925860904642889,6.925860904642889,-1.0,0.02,-1.402157560201132
4,BASE,272,273,273,stop,110.046,109.983187,-6.281287274228475,6.281287274228475,-1.0,0.03,-1.9111956146850684
5,BASE,288,289,289,stop,110.27,110.199706,-7.029356859452207,7.029356859452207,-1.0,0.03,-2.131678736565331
6,BASE,447,448,463,stop,109.151,109.033715,-11.728537338626666,11.728537338626666,-1.0,0.02,-2.3640141706886197
7,BASE,504,505,513,stop,109.06,108.933894,-12.610574588188683,12.610574588188683,-1.0,0.01,-1.275882137298193
8,BASE,557,558,606,time,108.823,109.901,107.8000000000003,11.188303331816485,9.63506233277091,0.02,21.895730576418153
8,ADD1,559,560,608,time,108.948,109.945,99.69999999999999,11.473077872841486,8.689908767725267,0.01,10.104871830146282
8,ADD2,561,562,563,stop,109.095,108.976008,-11.899235512807138,11.899235512807138,-1.0,0.01,-1.206945231678264
9,BASE,674,675,685,stop,109.885,109.810309,-7.4691263663950735,7.4691263663950735,-1.0,0.03,-2.225687355851865
10,BASE,704,705,705,stop,110.116,110.039277,-7.67225470852253,7.67225470852253,-1.0,0.03,-2.2851031370572232
11,BASE,782,783,789,stop,109.924,109.877416,-4.658407135956111,4.658407135956111,-1.0,0.05,-2.2963653590262902
12,BASE,816,817,840,stop,109.92,111.116107,119.61065634524743,6.5271096091350955,18.325210316346595,0.03,35.23450685961361
12,ADD1,818,819,840,stop,110.042,111.116107,107.41065634524745,7.418273081346172,14.479199561329166,0.03,31.618305620770762
12,ADD2,819,820,840,stop,110.067,111.116107,104.91065634524688,7.209825004106563,14.551068338758848,0.01,10.29607504837217
13,BASE,847,848,871,stop,111.695,111.790548,9.554842041859501,16.330230250898126,0.5851014893886145,0.01,0.9228867800222351
13,ADD1,849,850,856,stop,111.983,111.811831,-17.116882206131834,17.116882206131834,-1.0,0.01,-1.6476807631677353
13,ADD2,850,851,851,stop,112.166,111.988058,-17.794247762836335,17.794247762836335,-1.0,0.01,-1.716840338942661
14,BASE,1157,1158,1159,stop,104.711,104.162636,-54.836387301165246,54.836387301165246,-1.0,0.01,-5.950837663844839
15,BASE,1214,1215,1223,stop,105.071,104.565295,-50.5705190076327,50.5705190076327,-1.0,0.01,-5.3343381314744756
16,BASE,1232,1233,1248,stop,105.852,106.494,64.19999999999959,49.87340214637328,1.28725928525147,0.01,6.769450226797871
17,BASE,1287,1288,1301,stop,107.418,106.956909,-46.10907261813111,46.10907261813111,-1.0,0.01,-4.703368885037279
18,BASE,1309,1310,1345,stop,107.965,110.134856,216.9856464731808,35.453568948851455,6.120276544971369,0.01,21.909581195802264
18,ADD1,1322,1323,1326,stop,109.077,108.638047,-43.89526810288942,43.89526810288942,-1.0,0.01,-4.3760711216113055
18,ADD2,1328,1329,1345,stop,108.918,110.134856,121.6856464731805,45.56833333905814,2.6703993224364795,0.01,12.081604122293008
19,BASE,1359,1360,1364,stop,111.308,110.842793,-46.52070863148339,46.52070863148339,-1.0,0.01,-4.467382063853242
20,BASE,1384,1385,1391,stop,111.232,110.785886,-44.61141400110478,44.61141400110478,-1.0,0.01,-4.315741770761964
21,BASE,1408,1409,1414,stop,111.488,111.114046,-37.39544113178539,37.39544113178539,-1.0,0.01,-3.617290302545307
22,BASE,1512,1513,1516,stop,108.533,108.209463,-32.35374699583673,32.35374699583673,-1.0,0.01,-3.2864642724117226
23,BASE,1574,1575,1575,stop,107.946,107.689364,-25.663616846458126,25.663616846458126,-1.0,0.01,-2.5829228481864646
24,BASE,1591,1592,1633,stop,108.23,108.864739,63.47393150014966,21.5050553548366,2.9515818700682415,0.01,6.32775212449119
24,ADD1,1593,1594,1596,stop,108.47,108.255839,-21.416093647793844,21.416093647793844,-1.0,0.01,-2.133854629117211
24,ADD2,1608,1609,1633,stop,108.943,108.864739,-7.826068499849725,19.543323913111976,-0.4004471570262964,0.01,-0.7775106114736172
25,BASE,1789,1790,1790,stop,107.847,107.6867,-16.029983964057237,16.029983964057237,-1.0,0.01,-1.6218916130241314
26,BASE,1801,1802,1806,stop,107.9,107.72656,-17.344002258643343,17.344002258643343,-1.0,0.01,-1.750000966033368
27,BASE,1909,1910,1913,stop,107.856,107.728664,-12.733639778882377,12.733639778882377,-1.0,0.01,-1.2820101671356212
28,BASE,1933,1934,1934,stop,107.839,107.688628,-15.037192309601721,15.037192309601721,-1.0,0.01,-1.5080089444219693
29,BASE,2040,2041,2042,stop,106.796,106.669826,-12.617418607965192,12.617418607965192,-1.0,0.01,-1.2839384705355448
30,BASE,2169,2170,2176,stop,106.458,106.337818,-12.018201664194805,12.018201664194805,-1.0,0.02,-2.4369931978057355
30,ADD1,2171,2172,2172,stop,106.6,106.478159,-12.184061639024435,12.184061639024435,-1.0,0.01,-1.2345287623710623
31,BASE,2196,2197,2197,stop,106.675,106.556905,-11.809529789967144,11.809529789967144,-1.0,0.02,-2.4003177766721313
32,BASE,2208,2209,2210,stop,106.982,106.860883,-12.111718292474905,12.111718292474905,-1.0,0.02,-2.4580203583964604
33,BASE,2297,2298,2310,stop,107.266,107.140339,-12.566093211016494,12.566093211016494,-1.0,0.01,-1.2636993408657642
34,BASE,2340,2341,2341,stop,107.458,107.358107,-9.989265006100823,9.989265006100823,-1.0,0.02,-2.014990626049209
35,BASE,2358,2359,2359,stop,107.52,107.419251,-10.074885534974953,10.074885534974953,-1.0,0.02,-2.052718418488059
36,BASE,2448,2449,2480,stop,107.682,107.73103,4.903046533242161,7.877461202191682,0.6224145581165194,0.03,1.4894843460785991
36,ADD1,2473,2474,2474,stop,107.887,107.824833,-6.216705951990775,6.216705951990775,-1.0,0.03,-1.8870761779612586
36,ADD2,2474,2475,2476,stop,107.864,107.802059,-6.194084098277131,6.194084098277131,-1.0,0.03,-1.8808884043449043
37,BASE,2509,2510,2513,stop,107.776,107.669158,-10.68418873976782,10.68418873976782,-1.0,0.02,-2.1775984887779685
38,BASE,2603,2604,2617,stop,107.914,108.442115,52.81145952815223,9.522469684357304,5.545983476839664,0.02,10.901296408487957
38,ADD1,2604,2605,2617,stop,108.314,108.442115,12.811459528151659,12.920864706903501,0.991532673607101,0.01,1.3208565578730722
38,ADD2,2605,2606,2617,stop,108.345,108.442115,9.711459528152488,13.219374370696357,0.7346383615309412,0.01,1.0009229199607557
39,BASE,2644,2645,2650,stop,109.03,108.91301,-11.698975366923037,11.698975366923037,-1.0,0.02,-2.406658009790789
40,BASE,2664,2665,2688,stop,109.064,109.531811,46.78106136834259,13.1649383442479,3.5534584473601,0.01,4.860419571542286
40,ADD1,2667,2668,2668,stop,109.218,109.09459,-12.341023885683455,12.341023885683455,-1.0,0.01,-1.282268438420393
40,ADD2,2670,2671,2672,stop,109.347,109.216647,-13.035287710221155,13.035287710221155,-1.0,0.01,-1.3558506050072405
41,BASE,2788,2789,2808,stop,107.148,107.167133,1.9132852351688712,16.836013621639268,0.11364241430107497,0.01,0.20148651819189417
41,ADD1,2793,2794,2794,stop,107.524,107.34355,-18.045027565931093,18.045027565931093,-1.0,0.01,-1.901642576576707
41,ADD2,2800,2801,2804,stop,107.505,107.32392,-18.10803158375478,18.10803158375478,-1.0,0.01,-1.8934287517559785
42,BASE,2834,2835,2835,stop,107.627,107.479762,-14.723830825009543,14.723830825009543,-1.0,0.01,-1.5545346230706605
43,BASE,2954,2955,2960,stop,107.175,107.075432,-9.956803422123528,9.956803422123528,-1.0,0.02,-2.0946709278222477
44,BASE,3002,3003,3007,stop,107.205,107.089293,-11.570690672850503,11.570690672850503,-1.0,0.02,-2.426968713852004
45,BASE,3049,3050,3050,stop,107.278,107.187288,-9.071187080165544,9.071187080165544,-1.0,0.02,-1.901674419773099
46,BASE,3086,3087,3087,stop,107.879,107.76008,-11.892024101214815,11.892024101214815,-1.0,0.02,-2.4797393684304936
47,BASE,3096,3097,3097,stop,108.099,107.988952,-11.004794239477178,11.004794239477178,-1.0,0.02,-2.2925651106178204
48,BASE,3168,3169,3174,stop,107.669,107.620252,-4.8748405524577265,4.8748405524577265,-1.0,0.04,-2.0389243148770655
48,ADD1,3169,3170,3171,stop,107.73,107.678948,-5.105209084425155,5.105209084425155,-1.0,0.04,-2.1370620630669186
49,BASE,3201,3202,3204,stop,107.744,107.65954,-8.446006414480678,8.446006414480678,-1.0,0.02,-1.768027016593141
50,BASE,3301,3302,3302,stop,107.272,107.197644,-7.4356316233320285,7.4356316233320285,-1.0,0.03,-2.3618967289000246
51,BASE,3312,3313,3313,stop,107.256,107.176451,-7.954866075614575,7.954866075614575,-1.0,0.02,-1.6835236024353573
52,BASE,3377,3378,3388,stop,107.317,107.216919,-10.00812117573986,10.00812117573986,-1.0,0.02,-2.1208428828374473
53,BASE,3408,3409,3412,stop,107.392,107.297661,-9.433938980485834,9.433938980485834,-1.0,0.02,-2.006673134238339
54,BASE,3605,3606,3607,stop,105.286,105.15527,-13.073000566991766,13.073000566991766,-1.0,0.01,-1.461423879018099
55,BASE,3637,3638,3650,stop,105.687,105.811588,12.458812072719638,21.99986698860812,0.566313063582203,0.01,1.3943951308615257
55,ADD1,3648,3649,3649,stop,106.17,105.974955,-19.50452899953632,19.50452899953632,-1.0,0.01,-2.1640452550288587
56,BASE,3754,3755,3756,stop,105.67,105.566335,-10.366515130576204,10.366515130576204,-1.0,0.02,-2.3201327592190912
57,BASE,3778,3779,3780,stop,106.17,106.067038,-10.296205327820473,10.296205327820473,-1.0,0.02,-2.279344621963287
58,BASE,3798,3799,3800,stop,106.176,106.073469,-10.253073704664928,10.253073704664928,-1.0,0.02,-2.2677991225933396
59,BASE,3818,3819,3840,stop,106.722,106.702208,-1.9792221040006552,12.483458273986514,-0.15854758037082003,0.01,-0.21729224732896738
59,ADD1,3826,3827,3829,stop,106.859,106.7496,-10.939985565397592,10.939985565397592,-1.0,0.02,-2.4088099797736184
60,BASE,3858,3859,3870,stop,106.926,106.804892,-12.1107955182012,12.1107955182012,-1.0,0.01,-1.3363987953933587
61,BASE,3954,3955,3972,stop,105.91,105.809812,-10.01883815993665,15.420881840847755,-0.6496929464434485,0.01,-1.1195980327541069
61,ADD1,3955,3956,3968,stop,106.075,105.918378,-15.66224742364426,15.66224742364426,-1.0,0.01,-1.7486030829415353
62,BASE,4032,4033,4033,stop,106.003,105.924521,-7.8478665028583805,7.8478665028583805,-1.0,0.02,-1.7481868154651476
63,BASE,4095,4096,4109,stop,106.422,106.506003,8.400336479778048,16.924234257652415,0.4963495749286131,0.01,0.9309340747853504
63,ADD1,4096,4097,4101,stop,106.69,106.510204,-17.979646096391377,17.979646096391377,-1.0,0.01,-1.9906271712736254
63,ADD2,4105,4106,4109,stop,106.776,106.629529,-14.647121332042445,14.647121332042445,-1.0,0.01,-1.622078579666523
64,BASE,4166,4167,4175,stop,106.015,105.865503,-14.949674238454236,14.949674238454236,-1.0,0.01,-1.6866161714652097
65,BASE,4184,4185,4214,stop,106.2,106.256842,5.684221124782596,11.56638050398442,0.49144337961426043,0.01,0.6353784856286983
65,ADD1,4209,4210,4214,stop,106.392,106.301841,-9.015933864014869,9.015933864014869,-1.0,0.02,-2.0015422296960677
65,ADD2,4210,4211,4213,stop,106.471,106.378781,-9.221938588014211,9.221938588014211,-1.0,0.02,-2.0460491368618725
66,BASE,4320,4321,4323,stop,106.191,106.108047,-8.295294185742819,8.295294185742819,-1.0,0.02,-1.8457533572843685
67,BASE,4501,4502,4522,stop,104.605,104.484533,-12.046747954128989,16.107880042527256,-0.7478791698425702,0.01,-1.3544395068661261
67,ADD1,4505,4506,4508,stop,104.795,104.641397,-15.360262960605553,15.360262960605553,-1.0,0.01,-1.7228149504235637
68,BASE,4526,4527,4575,time,104.988,105.419,43.09999999999974,14.431487430914558,2.986525138612714,0.01,4.801803617325054
68,ADD1,4537,4538,4538,stop,105.199,105.077252,-12.174806394041582,12.174806394041582,-1.0,0.01,-1.3543229514271737
68,ADD2,4550,4551,4590,stop,105.299,105.291362,-0.763813963527582,12.910165522882266,-0.0591637622440844,0.01,-0.08468317037801835
69,BASE,4584,4585,4587,stop,105.52,105.431826,-8.817409324639414,8.817409324639414,-1.0,0.02,-1.9503458519612082
70,BASE,4638,4639,4639,stop,105.665,105.574371,-9.062912105299858,9.062912105299858,-1.0,0.02,-2.005242280517085
71,BASE,4656,4657,4657,stop,105.802,105.716746,-8.525388013627833,8.525388013627833,-1.0,0.02,-1.8941488704911102
72,BASE,4736,4737,4741,stop,105.646,105.559501,-8.649933590042735,8.649933590042735,-1.0,0.02,-1.9251159840337133
73,BASE,4781,4782,4824,stop,105.757,105.934132,17.713228539331283,6.791620251610198,2.60810055378637,0.03,5.899288646454933
73,ADD1,4783,4784,4824,stop,105.869,105.934132,6.513228539331806,7.7488970536848,0.8405362071799105,0.02,1.4456839177236902
73,ADD2,4784,4785,4788,stop,105.995,105.912832,-8.216832978420996,8.216832978420996,-1.0,0.02,-1.8221018460180032
74,BASE,4968,4969,4978,stop,105.389,105.322311,-6.66892522579019,6.66892522579019,-1.0,0.03,-2.224415456992096
75,BASE,4992,4993,5000,stop,105.564,105.493269,-7.073104127307772,7.073104127307772,-1.0,0.03,-2.3656015410050077
76,BASE,5092,5093,5095,stop,104.906,104.830157,-7.584264031778787,7.584264031778787,-1.0,0.02,-1.711508376383964
77,BASE,5175,5176,5183,stop,104.695,104.574042,-12.095828162588873,12.095828162588873,-1.0,0.01,-1.3474430806712094
78,BASE,5199,5200,5220,stop,104.561,104.660713,9.971279667152544,13.492171917697249,0.739041847967675,0.01,1.1108200662473864
78,ADD1,5203,5204,5204,stop,104.709,104.586582,-12.24179305865647,12.24179305865647,-1.0,0.01,-1.3624600953356505
78,ADD2,5215,5216,5218,stop,104.858,104.763651,-9.434898641580958,9.434898641580958,-1.0,0.02,-2.0911802492870497
79,BASE,5258,5259,5259,stop,105.204,105.023435,-18.056480079093262,18.056480079093262,-1.0,0.01,-1.9984416396487377
80,BASE,5339,5340,5353,stop,104.212,105.024347,81.23473315008027,16.283197621837076,4.98886858936957,0.01,9.188652744081933
80,ADD1,5340,5341,5342,stop,104.969,104.756656,-21.234397791705817,21.234397791705817,-1.0,0.01,-2.4100359073638384
80,ADD2,5342,5343,5351,stop,105.341,105.097326,-24.367414422439992,24.367414422439992,-1.0,0.01,-2.7433457799437964
81,BASE,5384,5385,5386,stop,105.517,105.37227,-14.472974142914552,14.472974142914552,-1.0,0.01,-1.6188257059631268
82,BASE,5530,5531,5531,stop,104.126,104.007283,-11.871703124189992,11.871703124189992,-1.0,0.01,-1.3494965404544883
83,BASE,5582,5583,5585,stop,104.053,104.277412,22.441237276817105,8.49983726576653,2.6401961090714265,0.02,5.090452013733505
83,ADD1,5583,5584,5585,stop,104.492,104.38043,-11.156991746783262,11.156991746783262,-1.0,0.01,-1.2626546667517171
83,ADD2,5584,5585,5585,stop,104.426,104.306471,-11.952920907727105,11.952920907727105,-1.0,0.01,-1.3549278516019008
84,BASE,5592,5593,5597,stop,104.611,104.484296,-12.670404628489962,12.670404628489962,-1.0,0.01,-1.4354638238221438
85,BASE,5697,5698,5699,stop,104.042,103.936899,-10.51008511284266,10.51008511284266,-1.0,0.02,-2.4217463959550964
86,BASE,5715,5716,5719,stop,104.441,104.33416,-10.684001387544129,10.684001387544129,-1.0,0.02,-2.4483717744659876
87,BASE,5743,5744,5750,stop,104.57,104.478157,-9.184297991272672,9.184297991272672,-1.0,0.02,-2.118801168310977
87,ADD1,5745,5746,5749,stop,104.704,104.606028,-9.797175308800377,9.797175308800377,-1.0,0.01,-1.1282171568169155
88,BASE,5816,5817,5821,stop,104.233,104.132856,-10.014416250336922,10.014416250336922,-1.0,0.02,-2.3207088587640365
89,BASE,5863,5864,5864,stop,104.229,104.169822,-5.917840843055444,5.917840843055444,-1.0,0.03,-2.0673642093481734
90,BASE,5882,5883,5893,stop,104.436,104.354644,-8.135584840573529,8.135584840573529,-1.0,0.02,-1.8835274930904191
90,ADD1,5888,5889,5889,stop,104.536,104.460465,-7.553509077948206,7.553509077948206,-1.0,0.02,-1.747955671538904
91,BASE,5952,5953,5962,stop,104.112,104.011994,-10.000565749288626,10.000565749288626,-1.0,0.02,-2.33641502078687
92,BASE,6032,6033,6035,stop,103.47,103.361873,-10.812701606130304,10.812701606130304,-1.0,0.01,-1.2801506083144643
93,BASE,6055,6056,6056,stop,103.607,103.500157,-10.684317987031022,10.684317987031022,-1.0,0.01,-1.2570137931332124
94,BASE,6129,6130,6141,stop,103.661,103.587368,-7.363239921882325,7.363239921882325,-1.0,0.02,-1.732451806223558
95,BASE,6179,6180,6180,stop,103.701,103.636864,-6.413622819199816,6.413622819199816,-1.0,0.03,-2.2651416179277137
96,BASE,6288,6289,6290,stop,103.071,103.039736,-3.1264128873402797,3.1264128873402797,-1.0,0.06,-2.228242664279504
97,BASE,6349,6350,6355,stop,103.183,103.079522,-10.347751716048492,11.650468874026387,-0.8881832849764374,0.01,-1.2346774273390972
97,ADD1,6351,6352,6352,stop,103.393,103.2678,-12.52004714138053,12.52004714138053,-1.0,0.01,-1.48877511203937
98,BASE,6368,6369,6397,stop,103.4,103.740732,34.07316393354165,11.68711956796642,2.9154458235315586,0.01,4.0434308165343555
98,ADD1,6369,6370,6397,stop,103.575,103.740732,16.573163933541935,12.266611027398255,1.3510792749949208,0.01,1.9618963208745863
98,ADD2,6371,6372,6373,stop,103.687,103.561033,-12.596720732807398,12.596720732807398,-1.0,0.01,-1.4895466050577044
99,BASE,6408,6409,6449,stop,104.067,104.073137,0.6136753364756942,13.120322727563405,0.0467728842665184,0.01,0.07180694216203183
99,ADD1,6421,6422,6424,stop,104.282,104.17103,-11.097000215666242,11.097000215666242,-1.0,0.01,-1.2915824994467844
99,ADD2,6422,6423,6423,stop,104.376,104.259456,-11.654357343118704,11.654357343118704,-1.0,0.01,-1.3570916726689866
100,BASE,6482,6483,6495,stop,104.044,103.925153,-11.884690474128945,11.884690474128945,-1.0,0.01,-1.3877731935763506
101,BASE,6528,6529,6529,stop,103.823,103.730446,-9.25543041675354,9.25543041675354,-1.0,0.02,-2.154698750724805
102,BASE,6554,6555,6555,stop,104.061,103.982921,-7.807929335773167,7.807929335773167,-1.0,0.02,-1.8159368434687733
103,BASE,6631,6632,6632,stop,103.682,103.611438,-7.0561579980420674,7.0561579980420674,-1.0,0.03,-2.4833473886794835
104,BASE,6649,6650,6650,stop,103.847,103.779084,-6.791617981713216,6.791617981713216,-1.0,0.03,-2.388509237644092
105,BASE,6707,6708,6739,stop,103.844,104.175504,33.150351996803806,6.594030563756803,5.02732762250303,0.03,11.606198531030518
105,ADD1,6709,6710,6739,stop,103.991,104.175504,18.45035199680325,7.550465128953476,2.4436046894716985,0.02,4.292834010050614
105,ADD2,6710,6711,6739,stop,104.101,104.175504,7.450351996803306,8.596860476885126,0.8666363746201879,0.02,1.728543500220895
106,BASE,6744,6745,6756,stop,104.468,104.623183,15.518334439006765,9.447400823843566,1.6426035825474068,0.02,3.596918313123572
106,ADD1,6752,6753,6756,stop,104.645,104.623183,-2.181665560992485,8.791517265872528,-0.24815575002751952,0.02,-0.5040518114883511
106,ADD2,6753,6754,6754,stop,104.876,104.772079,-10.392123175452639,10.392123175452639,-1.0,0.02,-2.4033881109701785
107,BASE,6778,6779,6817,stop,104.913,104.9279,1.4899879496624635,9.100608071116767,0.1637239993216873,0.02,0.3431846428417951
107,ADD1,6803,6804,6813,stop,105.037,104.954851,-8.214940783147995,8.214940783147995,-1.0,0.01,-0.9407663006344532
107,ADD2,6806,6807,6808,stop,105.167,105.076766,-9.023405576012067,9.023405576012067,-1.0,0.02,-2.065190913876594
108,BASE,6843,6844,6872,stop,105.125,105.441758,31.675825904831356,6.066107085689509,5.221771633335895,0.03,10.863653407721698
108,ADD1,6846,6847,6848,stop,105.206,105.146315,-5.968526700895893,5.968526700895893,-1.0,0.02,-1.3626962419116926
108,ADD2,6850,6851,6853,stop,105.295,105.229365,-6.563486336534652,6.563486336534652,-1.0,0.03,-2.2404708450145554
109,BASE,6875,6876,6877,stop,105.622,105.537615,-8.43854328345941,8.43854328345941,-1.0,0.02,-1.9131687238289157
110,BASE,6984,6985,6994,stop,104.758,104.931211,17.32114945072709,6.618109704450603,2.6172351659687383,0.03,6.013657705377854
110,ADD1,6986,6987,6988,stop,104.835,104.769385,-6.561533367612071,6.561533367612071,-1.0,0.02,-1.5173405066866634
110,ADD2,6991,6992,6994,stop,104.933,104.931211,-0.17885054927404553,7.303263723190412,-0.024489126512867474,0.02,-0.04126073368091028
111,BASE,7015,7016,7041,stop,105.19,105.369836,17.9835814650815,7.991543167653958,2.2503265123900795,0.02,4.147410514160696
111,ADD1,7017,7018,7019,stop,105.386,105.297129,-8.887095894559138,8.887095894559138,-1.0,0.02,-2.047417792818965
111,ADD2,7021,7022,7025,stop,105.397,105.306086,-9.09138499178681,9.09138499178681,-1.0,0.02,-2.092532700486823
112,BASE,7135,7136,7137,stop,105.825,105.71544,-10.955976659860767,10.955976659860767,-1.0,0.01,-1.2550844511159587
113,BASE,7177,7178,7226,stop,105.426,105.970331,54.43312236702127,11.057927069332152,4.92254307934306,0.01,6.27506124382693
113,ADD1,7183,7184,7226,stop,105.572,105.970331,39.83312236702119,10.435852753688835,3.8169494441114162,0.02,9.166926010508602
113,ADD2,7185,7186,7226,stop,105.782,105.970331,18.833122367021815,11.413056711089098,1.6501383322421652,0.01,2.165223352239011
114,BASE,7250,7251,7252,stop,106.654,106.52045,-13.354972835647061,13.354972835647061,-1.0,0.01,-1.514258715687815
115,BASE,7272,7273,7274,stop,106.888,106.78055,-10.744979817228284,10.744979817228284,-1.0,0.02,-2.42059093463274
116,BASE,7306,7307,7309,stop,106.96,106.87929,-8.070997620228582,8.070997620228582,-1.0,0.02,-1.822327605931853
117,BASE,7327,7328,7358,stop,107.168,108.151779,98.37788699154117,8.296022204429221,11.858440655934784,0.02,22.097474711303953
117,ADD1,7328,7329,7358,stop,107.294,108.151779,85.77788699154212,9.324877761254413,9.198821602568975,0.02,19.24004925756366
117,ADD2,7332,7333,7358,stop,107.396,108.151779,75.57788699154173,8.715070120241819,8.672091669808005,0.01,8.461384608905204
118,BASE,7380,7381,7381,stop,108.692,108.580433,-11.156701682158143,11.156701682158143,-1.0,0.02,-2.43433316239363
119,BASE,7392,7393,7399,stop,109.082,108.968554,-11.34456150242329,11.34456150242329,-1.0,0.02,-2.4613197870454107
119,ADD1,7393,7394,7395,stop,109.204,109.088443,-11.555664252249187,11.555664252249187,-1.0,0.01,-1.253323958523708
120,BASE,7470,7471,7497,stop,108.869,109.008421,13.942127301784524,11.190799040197419,1.245856283515084,0.02,3.055100387452063
120,ADD1,7471,7472,7475,stop,109.048,108.928657,-11.934313394469598,11.934313394469598,-1.0,0.01,-1.306197969892957
120,ADD2,7473,7474,7474,stop,109.12,109.002699,-11.730096753393582,11.730096753393582,-1.0,0.01,-1.281572671834419
121,BASE,7552,7553,7554,stop,109.251,109.159199,-9.180094123344418,9.180094123344418,-1.0,0.02,-2.000219182739029
122,BASE,7669,7670,7672,stop,108.888,108.776715,-11.128456919105645,11.128456919105645,-1.0,0.02,-2.4170616858990774
123,BASE,7681,7682,7730,stop,108.928,109.576327,64.83271187606192,9.23958343616107,7.0168435973342,0.02,14.066027448667649
123,ADD1,7687,7688,7730,stop,109.084,109.576327,49.23271187606133,8.773520424885817,5.611511627238512,0.02,10.65438004804253
123,ADD2,7688,7689,7690,stop,109.135,109.044746,-9.025411823108698,9.025411823108698,-1.0,0.01,-0.9769363578949251
124,BASE,7751,7752,7784,stop,109.846,110.569423,72.34232609319804,8.262238311601777,8.755778200153758,0.02,15.49978197144301
124,ADD1,7754,7755,7784,stop,109.971,110.569423,59.84232609319804,8.5885705432176,6.967670090391883,0.02,12.80602594452318
124,ADD2,7758,7759,7784,stop,110.167,110.569423,40.242326093198244,9.032597440774737,4.455232988856261,0.02,8.57309369075561
125,BASE,7956,7957,7957,stop,109.885,109.760216,-12.478364795788366,12.478364795788366,-1.0,0.01,-1.3499280574452537
126,BASE,8071,8072,8073,stop,108.901,108.802561,-9.843856560581798,9.843856560581798,-1.0,0.02,-2.1675620140921703
127,BASE,8220,8221,8222,stop,108.082,107.966837,-11.51628570924288,11.51628570924288,-1.0,0.01,-1.2875871649753596
128,BASE,8232,8233,8270,stop,108.14,108.756546,61.654588324545045,9.7650895192686,6.313776049148083,0.02,13.749845226630509
128,ADD1,8233,8234,8236,stop,108.324,108.217753,-10.624725982177097,10.624725982177097,-1.0,0.02,-2.367927761746587
128,ADD2,8240,8241,8242,stop,108.362,108.258459,-10.354134640216728,10.354134640216728,-1.0,0.02,-2.3060947129536085
129,BASE,8293,8294,8294,stop,109.201,109.059438,-14.156183717828696,14.156183717828696,-1.0,0.01,-1.5732817522135454
130,BASE,8318,8319,8340,stop,109.294,109.386118,9.211839583220183,13.592681952157193,0.6777058137344442,0.01,1.014042118830076
130,ADD1,8329,8330,8340,stop,109.439,109.386118,-5.2881604167808405,9.443010570022636,-0.560007889175556,0.02,-1.1615745359704037
130,ADD2,8332,8333,8337,stop,109.591,109.502127,-8.887315678694563,8.887315678694563,-1.0,0.02,-1.9487126056657953
131,BASE,8508,8509,8541,stop,109.008,109.424891,41.68913095352593,12.552407081032868,3.3212060989098804,0.01,4.6354036089701
131,ADD1,8509,8510,8541,stop,109.244,109.424891,18.089130953525512,14.470092289531067,1.2501047395953913,0.01,2.0004357304344964
131,ADD2,8510,8511,8541,stop,109.38,109.424891,4.489130953525944,14.72222855456522,0.3049219713501804,0.01,0.49514221722760043
132,BASE,8627,8628,8628,stop,109.191,109.093234,-9.776595970386381,9.776595970386381,-1.0,0.02,-2.1893477211445944
133,BASE,8724,8725,8726,stop,108.986,108.882631,-10.33686126116038,10.33686126116038,-1.0,0.02,-2.3257985290103833
134,BASE,8751,8752,8799,stop,109.11,109.847379,73.73792401364199,9.274327517790937,7.950756954850966,0.02,16.498682218139127
134,ADD1,8769,8770,8770,stop,109.209,109.130782,-7.821803342794453,7.821803342794453,-1.0,0.02,-1.7477749948852956
134,ADD2,8772,8773,8799,stop,109.363,109.847379,48.437924013641975,9.159621699751597,5.288201369163049,0.02,10.785192497149152
135,BASE,8861,8862,8869,stop,109.723,109.641976,-8.102388732282861,8.102388732282861,-1.0,0.02,-1.8033596442814384
135,ADD1,8864,8865,8865,stop,109.863,109.77746,-8.553989812253349,8.553989812253349,-1.0,0.02,-1.8988242834768263
136,BASE,8892,8893,8915,stop,109.971,110.093614,12.261410526726024,8.84218200448288,1.3866951076679532,0.02,2.708250660220199
136,ADD1,8893,8894,8915,stop,110.111,110.093614,-1.7385894732740326,9.853454718448518,-0.17644466057360472,0.02,-0.38346244077496555
136,ADD2,8894,8895,8915,stop,110.177,110.093614,-8.338589473274283,10.435350809987654,-0.7990713129925096,0.01,-0.9176251507552172
137,BASE,8990,8991,9006,stop,109.604,109.499041,-10.49591472525151,10.49591472525151,-1.0,0.02,-2.333540449123772
138,BASE,9038,9039,9043,stop,109.771,109.668782,-10.221763363334446,10.221763363334446,-1.0,0.02,-2.255286966343301
139,BASE,9061,9062,9103,stop,109.921,109.98492,6.392007331774607,8.69825768810415,0.7348606538199483,0.02,1.408782514944745
139,ADD1,9064,9065,9103,stop,110.025,109.98492,-4.007992668225313,8.118794511941019,-0.4936684457686925,0.02,-0.8829384939020669
139,ADD2,9073,9074,9076,stop,110.131,110.066031,-6.496932308451164,6.496932308451164,-1.0,0.03,-2.144941748078425
140,BASE,9114,9115,9115,stop,110.514,110.402299,-11.170106525825929,11.170106525825929,-1.0,0.02,-2.428219935685954
141,BASE,9120,9121,9122,stop,110.759,110.642832,-11.616810227059204,11.616810227059204,-1.0,0.01,-1.259224433297522
142,BASE,9192,9193,9227,stop,110.269,110.827039,55.80390683592782,10.987959348261711,5.078641544551761,0.02,12.042923407403228
142,ADD1,9195,9196,9227,stop,110.426,110.827039,40.10390683592817,10.981285236199767,3.652023053160097,0.02,8.649941995922973
142,ADD2,9203,9204,9227,stop,110.53,110.827039,29.70390683592825,10.40929235243766,2.853595213796849,0.01,3.191777262023433
143,BASE,9240,9241,9245,stop,111.028,110.929579,-9.842127510700038,9.842127510700038,-1.0,0.02,-2.116232573186033
144,BASE,9326,9327,9368,stop,110.981,111.436119,45.511903935937426,10.939493290869962,4.160330165741899,0.02,9.72956302244299
144,ADD1,9329,9330,9368,stop,111.107,111.436119,32.91190393593695,10.924441239082228,3.012685337003278,0.02,7.023177383301094
144,ADD2,9342,9343,9368,stop,111.211,111.436119,22.511903935937028,7.7959325740692975,2.8876473368709923,0.03,7.195057226533464
145,BASE,9511,9512,9558,stop,110.057,110.441191,38.4191071197435,9.763368410874307,3.9350258540846235,0.02,8.289358925984988
145,ADD1,9514,9515,9558,stop,110.185,110.441191,25.61910711974349,9.948622594275491,2.575141118981125,0.02,5.509285437105143
145,ADD2,9517,9518,9538,stop,110.344,110.233086,-11.091408104819322,11.091408104819322,-1.0,0.02,-2.3866998904372236
146,BASE,9648,9649,9654,stop,109.967,109.851014,-11.598565864800037,11.598565864800037,-1.0,0.02,-2.4853436646869844
147,BASE,9679,9680,9697,stop,110.346,110.371806,2.5805654886099205,8.412734076092931,0.3067451633759943,0.02,0.5500930464274837
147,ADD1,9680,9681,9685,stop,110.493,110.40231,-9.068967356373037,9.068967356373037,-1.0,0.02,-1.9331956707081812
147,ADD2,9683,9684,9685,stop,110.539,110.449157,-8.984337201877679,8.984337201877679,-1.0,0.02,-1.9136573998203075
148,BASE,9878,9879,9898,stop,109.572,109.444274,-12.772598034975147,15.254445567003927,-0.8373033276675009,0.01,-1.3823908398876716
149,BASE,9912,9913,9918,stop,109.872,109.783509,-8.849050737234165,8.849050737234165,-1.0,0.02,-1.9051477177220442
150,BASE,9960,9961,9996,stop,110.334,110.617767,28.376655314625054,8.260742222746842,3.4351217541308676,0.02,6.037449435907221
150,ADD1,9967,9968,9996,stop,110.45,110.617767,16.77665531462509,7.164623627316757,2.3415961796876914,0.03,5.34307477388372
150,ADD2,9969,9970,9970,stop,110.516,110.444382,-7.161843841920756,7.161843841920756,-1.0,0.03,-2.280024578441829
151,BASE,10094,10095,10125,stop,109.602,109.754252,15.225172479308924,12.52470003369126,1.2156117462576694,0.01,1.6275050254945223
151,ADD1,10114,10115,10125,stop,109.755,109.754252,-0.0748275206902349,8.750452240165885,-0.008551274681183378,0.02,-0.015973122869604325
151,ADD2,10116,10117,10117,stop,109.875,109.78307,-9.192991982591536,9.192991982591536,-1.0,0.02,-1.962598333913847
152,BASE,10129,10130,10134,stop,110.116,110.011811,-10.418933104905648,10.418933104905648,-1.0,0.02,-2.2106866723069705
153,BASE,10176,10177,10189,stop,109.875,109.873359,-0.16409922911577723,8.486706248893938,-0.01933603264955283,0.02,-0.03495965352086266
153,ADD1,10185,10186,10189,stop,110.054,109.964081,-8.991881093110976,8.991881093110976,-1.0,0.02,-1.9159859221759368
153,ADD2,10186,10187,10189,stop,110.074,109.98479,-8.921032443602428,8.921032443602428,-1.0,0.02,-1.899783798177781
154,BASE,10235,10236,10276,stop,109.895,109.963905,6.890544003532284,8.850585996366078,0.7785409922418065,0.02,1.47064515659394
154,ADD1,10238,10239,10242,stop,110.103,110.001699,-10.130115682950702,10.130115682950702,-1.0,0.02,-2.1630454759865656
154,ADD2,10241,10242,10242,stop,110.083,109.988304,-9.46959335110904,9.46959335110904,-1.0,0.01,-1.012609786810869
155,BASE,10285,10286,10286,stop,110.175,110.077344,-9.765594302227498,9.765594302227498,-1.0,0.02,-2.091245977825275
156,BASE,10335,10336,10337,stop,110.06,109.944838,-11.516230710118691,11.516230710118691,-1.0,0.02,-2.472272899077115
157,BASE,10344,10345,10356,stop,110.191,110.154445,-3.6554623984599743,9.082551074024536,-0.4024708882633583,0.02,-0.7830371102010403
157,ADD1,10351,10352,10353,stop,110.407,110.316485,-9.0515148103961,9.0515148103961,-1.0,0.02,-1.9363193763334592
158,BASE,10446,10447,10471,stop,109.928,110.255374,32.737363656188734,6.301821994094325,5.194904535048459,0.03,10.60841070314413
158,ADD1,10451,10452,10471,stop,110.034,110.255374,22.13736365618786,6.840295884254033,3.236316678514857,0.03,7.156591295288878
158,ADD2,10452,10453,10471,stop,110.094,110.255374,16.137363656189052,6.930274749664989,2.328531586279337,0.02,3.4734627841195014
159,BASE,10541,10542,10549,stop,110.043,109.979977,-6.302324870685538,6.302324870685538,-1.0,0.03,-2.025201472881794
159,ADD1,10542,10543,10548,stop,110.117,110.051978,-6.502158808494585,6.502158808494585,-1.0,0.03,-2.0877835888577465
160,BASE,10571,10572,10572,stop,110.122,110.060791,-6.120881063036165,6.120881063036165,-1.0,0.03,-1.973705049905087
161,BASE,10621,10622,10658,stop,109.677,109.865739,18.8738959660796,10.721595588593402,1.7603626074237821,0.02,4.046968394725718
161,ADD1,10632,10633,10658,stop,109.807,109.865739,5.873895966080056,8.322965196437337,0.7057455879539649,0.02,1.2572770413932775
161,ADD2,10639,10640,10647,stop,109.954,109.873733,-8.026724322901657,8.026724322901657,-1.0,0.02,-1.7189540654225868
162,BASE,10722,10723,10723,stop,109.865,109.752402,-11.25977010894843,11.25977010894843,-1.0,0.02,-2.3976463694348724
163,BASE,10729,10730,10731,stop,109.893,109.797233,-9.576725269444353,9.576725269444353,-1.0,0.02,-2.038231310896031
164,BASE,10752,10753,10760,stop,110.378,110.319399,-5.8601017838299185,8.536969871495614,-0.6864381474973241,0.02,-1.2475464967997894
164,ADD1,10757,10758,10760,stop,110.484,110.403275,-8.072544279349358,8.072544279349358,-1.0,0.02,-1.7144893395235932
164,ADD2,10758,10759,10759,stop,110.576,110.494041,-8.195933973682656,8.195933973682656,-1.0,0.02,-1.7410693165091968
165,BASE,10776,10777,10777,stop,110.745,110.664807,-8.01934741617174,8.01934741617174,-1.0,0.02,-1.6982991543165467
166,BASE,10801,10802,10814,stop,111.1,111.262919,16.291948145553192,9.18060653656454,1.7746047693761393,0.02,3.42573602350366
166,ADD1,10803,10804,10805,stop,111.232,111.137596,-9.440420942242156,9.440420942242156,-1.0,0.02,-1.9860087563617521
166,ADD2,10806,10807,10807,stop,111.361,111.260744,-10.025621286482078,10.025621286482078,-1.0,0.02,-2.104420670919014
167,BASE,10824,10825,10826,stop,111.658,111.534476,-12.35237884522462,12.35237884522462,-1.0,0.01,-1.293600549360378
168,BASE,10855,10856,10861,stop,111.879,111.764155,-11.48445654326764,11.48445654326764,-1.0,0.02,-2.381793416215216
168,ADD1,10858,10859,10860,stop,112.045,111.925851,-11.914850956836176,11.914850956836176,-1.0,0.02,-2.4619783736773626
169,BASE,10931,10932,10953,stop,111.227,111.45566,22.866023669675428,10.581379197064678,2.1609681728463683,0.02,4.768685448576664
169,ADD1,10933,10934,10953,stop,111.379,111.45566,7.666023669675326,11.45282185869263,0.669356754541402,0.02,1.592310014911198
169,ADD2,10934,10935,10935,stop,111.553,111.432581,-12.041906011643277,12.041906011643277,-1.0,0.01,-1.2532382064922976
170,BASE,10992,10993,11003,stop,111.726,111.726678,0.06783003393877607,8.887609270703933,0.007631977495046164,0.02,0.014018425339320104
170,ADD1,10993,10994,11003,stop,111.855,111.761115,-9.388494322796248,9.388494322796248,-1.0,0.02,-1.9402110293175334
170,ADD2,10996,10997,11001,stop,111.93,111.839068,-9.093156715445616,9.093156715445616,-1.0,0.01,-0.9383056132514757
171,BASE,11016,11017,11046,stop,112.307,113.131666,82.46658095442712,9.72096211150415,8.483376440366236,0.02,16.988554551151758
171,ADD1,11018,11019,11046,stop,112.545,113.131666,58.66658095442716,10.486441820633274,5.594517373757221,0.02,12.047340217930277
171,ADD2,11019,11020,11046,stop,112.699,113.131666,43.266580954427525,11.130267404874417,3.8872903390873836,0.02,8.886089528608146
172,BASE,11076,11077,11077,stop,113.67,113.549034,-12.096567811660464,12.096567811660464,-1.0,0.02,-2.462613097981815
173,BASE,11111,11112,11126,stop,113.84,114.058904,21.890364316122657,11.950870264072933,1.8316962557890142,0.02,4.456267152133313
173,ADD1,11116,11117,11126,stop,113.975,114.058904,8.390364316123566,10.84733420776729,0.7734955110091106,0.02,1.7064009088439338
173,ADD2,11117,11118,11118,stop,114.16,114.044418,-11.558238907213081,11.558238907213081,-1.0,0.02,-2.3528175272673777
174,BASE,11183,11184,11185,stop,114.553,114.452022,-10.097782507919817,10.097782507919817,-1.0,0.02,-2.049597364901657
175,BASE,11282,11283,11307,stop,113.931,114.002695,7.169497444999706,10.912637806445957,0.6569903237111723,0.02,1.4600195964503397
175,ADD1,11287,11288,11291,stop,114.054,113.946194,-10.780624198750388,10.780624198750388,-1.0,0.02,-2.1941035646243576
175,ADD2,11294,11295,11296,stop,114.257,114.137772,-11.92281230501493,11.92281230501493,-1.0,0.02,-2.421228120812107
176,BASE,11363,11364,11364,stop,113.876,113.755197,-12.080304832537081,12.080304832537081,-1.0,0.02,-2.4712665465668864
177,BASE,11376,11377,11393,stop,114.077,114.076444,-0.055639056354550576,11.630159370545812,-0.004784032151395995,0.02,-0.01126555028650992
177,ADD1,11379,11380,11393,stop,114.208,114.090661,-11.733877600980236,11.733877600980236,-1.0,0.02,-2.372183260062858
177,ADD2,11382,11383,11384,stop,114.361,114.244432,-11.65675258358334,11.65675258358334,-1.0,0.01,-1.1775034742262036
178,BASE,11438,11439,11439,stop,114.081,113.975595,-10.54052779647634,10.54052779647634,-1.0,0.02,-2.139100044951649
179,BASE,11449,11450,11456,stop,114.218,114.0991,-11.889973215234306,11.889973215234306,-1.0,0.02,-2.4164256593693256
180,BASE,11556,11557,11581,stop,113.276,113.811194,53.519366182199235,11.509695912009477,4.64993746067226,0.02,10.902487999342299
180,ADD1,11557,11558,11581,stop,113.452,113.811194,35.91936618219904,12.687574775436872,2.831066363584228,0.01,3.6559982044828754
180,ADD2,11558,11559,11581,stop,113.661,113.811194,15.019366182198723,14.081319434335171,1.0666163957317996,0.01,1.5241173950109748
181,BASE,11592,11593,11599,stop,114.256,114.155909,-10.009135422475879,10.009135422475879,-1.0,0.02,-2.00391159117224
182,BASE,11641,11642,11642,stop,114.3,114.200735,-9.92645360105655,9.92645360105655,-1.0,0.02,-1.979203485526171
183,BASE,11721,11722,11722,stop,114.013,113.877269,-13.573104836639516,13.573104836639516,-1.0,0.01,-1.3449120717803211
184,BASE,11750,11751,11767,stop,114.617,114.767555,15.055495663229124,15.452834670770699,0.9742869825499946,0.01,1.476287821683914
184,ADD1,11753,11754,11767,stop,114.838,114.767555,-7.044504336769819,15.795035631079202,-0.44599483668834883,0.01,-0.6896029916736955
184,ADD2,11755,11756,11758,stop,114.957,114.805808,-15.119188885981316,15.119188885981316,-1.0,0.01,-1.4785067528749716
185,BASE,11784,11785,11786,stop,115.207,115.063438,-14.35623115753657,14.35623115753657,-1.0,0.01,-1.4014264746480838
186,BASE,11958,11959,11965,stop,113.354,113.203358,-15.064153312449946,15.064153312449946,-1.0,0.01,-1.499346888621384
187,BASE,12001,12002,12024,stop,113.564,113.444068,-11.993165089955937,11.993165089955937,-1.0,0.02,-2.3846824386604375
187,ADD1,12005,12006,12007,stop,113.734,113.616819,-11.718145776089273,11.718145776089273,-1.0,0.02,-2.3269955387376884
188,BASE,12035,12036,12054,stop,113.706,113.596952,-10.904795581531346,15.928808194985322,-0.6845958246244922,0.01,-1.0810278022824358
188,ADD1,12037,12038,12041,stop,113.883,113.716497,-16.650349923226315,16.650349923226315,-1.0,0.01,-1.654243491498564
189,BASE,12127,12128,12129,stop,113.72,113.624506,-9.549401641449151,9.549401641449151,-1.0,0.02,-1.893111516166406
190,BASE,12144,12145,12145,stop,113.763,113.679897,-8.310344967512151,8.310344967512151,-1.0,0.03,-2.469472177549819
191,BASE,12245,12246,12247,stop,113.737,113.636315,-10.068496715882702,10.068496715882702,-1.0,0.02,-1.9969332689899029
192,BASE,12272,12273,12275,stop,114.306,114.211213,-9.47869102783585,9.47869102783585,-1.0,0.02,-1.8696637606440643
193,BASE,12300,12301,12301,stop,114.368,114.291157,-7.684342653223553,7.684342653223553,-1.0,0.03,-2.2803946670365196
194,BASE,12312,12313,12333,stop,114.37,114.296977,-7.302260483902501,7.831548184168469,-0.9324159555915231,0.03,-2.1694706182209993
195,BASE,12344,12345,12373,stop,114.636,114.736967,10.096730291836309,6.55351089785654,1.5406597241088973,0.03,2.986674211150355
195,ADD1,12348,12349,12373,stop,114.736,114.736967,0.09673029183545623,6.793287295754169,0.014239099220183583,0.03,0.02860077890333463
195,ADD2,12351,12352,12359,stop,114.892,114.81653,-7.546994237890203,7.546994237890203,-1.0,0.03,-2.232122378045825
196,BASE,12392,12393,12395,stop,114.995,114.926919,-6.808140962372988,6.808140962372988,-1.0,0.03,-2.003315177900029
197,BASE,12409,12410,12441,stop,115.039,115.023151,-1.584936548184146,8.25596805113662,-0.1919746465062863,0.03,-0.46897477443479213
197,ADD1,12414,12415,12415,stop,115.192,115.113286,-7.871421590725447,7.871421590725447,-1.0,0.03,-2.322102532389101
198,BASE,12456,12457,12457,stop,115.287,115.212127,-7.487346477147128,7.487346477147128,-1.0,0.03,-2.215633796086106
199,BASE,12480,12481,12505,stop,115.397,116.009399,61.239873129333944,8.84858927955463,6.920862884983659,0.02,11.998700321421504
199,ADD1,12482,12483,12505,stop,115.603,116.009399,40.63987312933506,10.170977491044653,3.9956703438895302,0.02,7.939435511062269
199,ADD2,12483,12484,12505,stop,115.716,116.009399,29.339873129335103,11.265907670255615,2.604306194235782,0.02,5.725718545522865
200,BASE,12696,12697,12729,stop,114.338,114.620345,28.234461203172145,14.02342597474302,2.013378275324732,0.01,2.813678629589115
200,ADD1,12701,12702,12704,stop,114.501,114.373917,-12.70827352524293,12.70827352524293,-1.0,0.01,-1.2673203666681796
200,ADD2,12713,12714,12720,stop,114.629,114.523496,-10.550355294367364,10.550355294367364,-1.0,0.02,-2.101361800327537
201,BASE,12839,12840,12841,stop,114.021,113.888862,-13.213848981411047,13.213848981411047,-1.0,0.01,-1.3122623858175404
202,BASE,12849,12850,12853,stop,114.062,113.926081,-13.59185547702566,13.59185547702566,-1.0,0.01,-1.3445820485177367
203,BASE,12873,12874,12922,time,114.134,115.575,144.10000000000025,10.183051510894359,14.150964457543456,0.02,28.488535414586334
203,ADD1,12877,12878,12883,stop,114.313,114.212107,-10.089278795362588,10.089278795362588,-1.0,0.02,-1.9912100612106753
203,ADD2,12878,12879,12879,stop,114.36,114.256528,-10.347187452836693,10.347187452836693,-1.0,0.01,-1.0213050540615698
204,BASE,13019,13020,13022,stop,114.843,114.743726,-9.927437646926762,9.927437646926762,-1.0,0.02,-1.9511682411136861
205,BASE,13032,13033,13033,stop,114.968,114.868465,-9.953522273619342,9.953522273619342,-1.0,0.02,-1.9843949931708365
206,BASE,13082,13083,13090,stop,115.392,115.28561,-10.639013817906573,10.639013817906573,-1.0,0.02,-2.108562572831531
207,BASE,13128,13129,13129,stop,115.582,115.497112,-8.48884386829809,8.48884386829809,-1.0,0.02,-1.6784687641374918
208,BASE,13214,13215,13216,stop,115.823,115.6764,-14.6599623113147,14.6599623113147,-1.0,0.01,-1.4348131759580658
209,BASE,13333,13334,13336,stop,115.128,115.000578,-12.742222765750455,12.742222765750455,-1.0,0.01,-1.2541192149623699
210,BASE,13383,13384,13384,stop,115.612,115.415483,-19.651680481121048,19.651680481121048,-1.0,0.01,-1.89106407040927
211,BASE,13409,13410,13411,stop,115.759,115.607761,-15.123932047492872,15.123932047492872,-1.0,0.01,-1.4701411575382566
212,BASE,13474,13475,13506,stop,115.285,115.496954,21.195422545932274,11.801792340324369,1.7959494570593102,0.02,4.080957476136055
212,ADD1,13478,13479,13479,stop,115.48,115.355543,-12.445733315077234,12.445733315077234,-1.0,0.02,-2.3895075641264283
212,ADD2,13479,13480,13506,stop,115.573,115.496954,-7.604577454067396,13.885323792571569,-0.5476701564666231,0.01,-0.7282438235612815
213,BASE,13560,13561,13598,stop,115.454,115.620692,16.66923241340328,12.34403485678115,1.3503876655246236,0.02,3.13498840208708
213,ADD1,13569,13570,13575,stop,115.601,115.483651,-11.734937550423297,11.734937550423297,-1.0,0.02,-2.209710537347315
213,ADD2,13572,13573,13574,stop,115.728,115.609706,-11.829394241355828,11.829394241355828,-1.0,0.01,-1.1148740129555788
214,BASE,13608,13609,13616,stop,115.976,115.874359,-10.164055119054183,11.239975845955996,-0.9042773096982307,0.02,-1.936205686441994
214,ADD1,13611,13612,13614,stop,116.176,116.06306,-11.294033139054704,11.294033139054704,-1.0,0.02,-2.15044240923981
215,BASE,13632,13633,13681,time,116.327,118.324,199.7,11.716547511524311,17.044270063649424,0.02,37.777284547252556
215,ADD1,13635,13636,13684,time,116.458,118.365,190.69999999999965,12.175785307150022,15.662234113804086,0.02,35.99804236481089
215,ADD2,13637,13638,13686,time,116.698,118.342,164.40000000000055,13.091365902593566,12.557895121350999,0.02,30.99818088351222
216,BASE,13704,13705,13705,stop,118.894,118.718434,-17.556611310753567,17.556611310753567,-1.0,0.01,-1.6332560100256128
217,BASE,13738,13739,13763,stop,119.083,119.148046,6.5045521391681405,13.331797179451144,0.48789762187455704,0.02,1.2064895096844133
217,ADD1,13756,13757,13763,stop,119.255,119.164108,-9.089237424024077,9.089237424024077,-1.0,0.02,-1.6825841715291414
218,BASE,13769,13770,13788,stop,119.379,120.473178,109.41775526486879,10.699578650182673,10.226361134604184,0.02,20.19436774801089
218,ADD1,13775,13776,13788,stop,119.6,120.473178,87.31775526486985,9.55533063722811,9.138119713479607,0.02,16.04046885566552
218,ADD2,13776,13777,13777,stop,119.953,119.828986,-12.401378448853961,12.401378448853961,-1.0,0.02,-2.2747449015682535
219,BASE,13829,13830,13849,stop,121.447,121.902489,45.54892103181771,16.007948423700213,2.8453940396497823,0.01,4.113230799158857
219,ADD1,13831,13832,13832,stop,121.638,121.469008,-16.89920042655757,16.89920042655757,-1.0,0.01,-1.5253368395999414
219,ADD2,13837,13838,13849,stop,121.981,121.902489,-7.8510789681814686,17.558433283500108,-0.44714006320593713,0.01,-0.7068514582696054
220,BASE,13873,13874,13881,stop,122.979,124.058722,107.97216849637721,23.121101170769975,4.669854073943379,0.01,9.626908501693277
220,ADD1,13877,13878,13881,stop,123.241,124.058722,81.77216849637716,23.58473215687127,3.467165450617735,0.01,7.261211563309355
220,ADD2,13879,13880,13881,stop,123.931,124.058722,12.77216849637739,27.771529257709915,0.45990151920897865,0.01,1.1212972963037957
221,BASE,13970,13971,13973,stop,122.663,122.39062,-27.237952866857995,27.237952866857995,-1.0,0.01,-2.4574063440123037
222,BASE,14023,14024,14025,stop,122.914,122.74733,-16.66700525101561,16.66700525101561,-1.0,0.01,-1.4903048978510038
223,BASE,14040,14041,14042,stop,123.839,123.668668,-17.03315168847581,17.03315168847581,-1.0,0.01,-1.4971763212363551
224,BASE,14086,14087,14088,stop,124.136,123.998738,-13.726205371443712,13.726205371443712,-1.0,0.02,-2.4054236107152756
225,BASE,14100,14101,14103,stop,124.405,124.268648,-13.635161400789286,13.635161400789286,-1.0,0.02,-2.3759854293239226
225,ADD1,14101,14102,14102,stop,124.589,124.440316,-14.868364157875646,14.868364157875646,-1.0,0.01,-1.2955660425381945
226,BASE,14113,14114,14136,stop,124.759,125.316314,55.731384274560014,14.757020744569616,3.77660133703264,0.01,4.858845204327191
226,ADD1,14116,14117,14136,stop,124.93,125.316314,38.631384274559366,14.980639422675779,2.5787540294230773,0.01,3.3638773517559235
226,ADD2,14118,14119,14119,stop,125.435,125.261672,-17.332796236898673,17.332796236898673,-1.0,0.01,-1.5061364594375137
227,BASE,14166,14167,14171,stop,126.14,125.938896,-20.11038703423793,20.11038703423793,-1.0,0.01,-1.7272122057842105
228,BASE,14208,14209,14227,stop,126.313,126.316074,0.3073528615942678,18.299221236092933,0.016795953097066916,0.01,0.026276496307099394
228,ADD1,14214,14215,14223,stop,126.58,126.40148,-17.851958189105233,17.851958189105233,-1.0,0.01,-1.5250173940879281
229,BASE,14232,14233,14233,stop,126.57,126.449777,-12.022295926401227,12.022295926401227,-1.0,0.02,-2.0527647241848106
230,BASE,14256,14257,14282,stop,127.318,128.6226,130.4600383835961,14.32272751728334,9.10860296868519,0.02,22.0627095279976
230,ADD1,14257,14258,14282,stop,127.522,128.6226,110.06003838359533,15.356818408906747,7.166851586899146,0.01,9.284775542591284
230,ADD2,14258,14259,14282,stop,127.742,128.6226,88.06003838359544,16.745617093984322,5.258691745389905,0.01,7.4140386918467
231,BASE,14343,14344,14345,stop,128.795,128.486623,-30.83771849972834,30.83771849972834,-1.0,0.01,-2.5813702011973203
232,BASE,14413,14414,14453,stop,128.136,130.40097,226.49703856203018,24.942949678892035,9.080603596522637,0.01,18.61721777032941
232,ADD1,14415,14416,14453,stop,128.46,130.40097,194.0970385620318,26.308971917003987,7.377598758869905,0.01,15.970727777714266
232,ADD2,14424,14425,14453,stop,128.827,130.40097,157.39703856202993,23.408858029830526,6.723823877331168,0.01,12.903988912039988
233,BASE,14538,14539,14587,time,128.789,130.542,175.30000000000143,24.801744292810213,7.068051260040578,0.01,14.386920902642375
233,ADD1,14539,14540,14545,stop,129.141,128.86527,-27.573048271895573,27.573048271895573,-1.0,0.01,-2.266921222028492
233,ADD2,14542,14543,14543,stop,129.537,129.266867,-27.01333347425532,27.01333347425532,-1.0,0.01,-2.2171748793097534
234,BASE,14592,14593,14604,stop,130.855,130.781374,-7.362610219058752,19.81175749604631,-0.3716283232584517,0.01,-0.5920331056167611
234,ADD1,14598,14599,14600,stop,131.283,131.084775,-19.822453586479583,19.822453586479583,-1.0,0.01,-1.5874884475903834
235,BASE,14664,14665,14665,stop,129.49,129.269638,-22.03615753331576,22.03615753331576,-1.0,0.01,-1.7770874535573773
236,BASE,14701,14702,14702,stop,129.598,129.38462,-21.338032682234598,21.338032682234598,-1.0,0.01,-1.7391820237033722
237,BASE,14785,14786,14786,stop,127.969,127.762629,-20.63709343976967,20.63709343976967,-1.0,0.01,-1.7225196065339934
238,BASE,14832,14833,14833,stop,127.459,127.264661,-19.433867498847235,19.433867498847235,-1.0,0.01,-1.6339135356428975
239,BASE,14880,14881,14881,stop,127.063,126.910487,-15.251324779028153,15.251324779028153,-1.0,0.01,-1.2888583903185737
240,BASE,14904,14905,14906,stop,128.201,128.028209,-17.279136918318727,17.279136918318727,-1.0,0.01,-1.4485477361784946
241,BASE,14928,14929,14961,stop,128.923,129.71471,79.17098507263631,19.099349746204553,4.1452188752326125,0.01,6.578591388489241
241,ADD1,14931,14932,14961,stop,129.137,129.71471,57.77098507263645,19.476593073036952,2.9661750828800533,0.01,4.790703553816414
241,ADD2,14934,14935,14941,stop,129.395,129.204486,-19.051412165254078,19.051412165254078,-1.0,0.01,-1.578951077168534
242,BASE,14976,14977,14977,stop,130.836,130.634943,-20.105675377413945,20.105675377413945,-1.0,0.01,-1.6500485814532788
243,BASE,15000,15001,15038,stop,132.233,133.627042,139.40423893919842,20.471988349800085,6.809511443501761,0.01,11.2285331837007
243,ADD1,15001,15002,15014,stop,132.618,132.389617,-22.83827489624457,22.83827489624457,-1.0,0.01,-1.8391125974236229
243,ADD2,15004,15005,15006,stop,132.952,132.722108,-22.989209164376234,22.989209164376234,-1.0,0.01,-1.8477966310436573
244,BASE,15048,15049,15051,stop,134.281,134.023277,-25.77225906739784,25.77225906739784,-1.0,0.01,-2.0549440837599913
245,BASE,15096,15097,15097,stop,134.969,134.725151,-24.384870296205463,24.384870296205463,-1.0,0.01,-1.8946867780191017
246,BASE,15138,15139,15144,stop,135.253,134.941643,-31.1356537995664,31.1356537995664,-1.0,0.01,-2.3979348063308
247,BASE,15201,15202,15250,time,134.782,135.801,101.90000000000055,57.19276865571885,1.7816937769423986,0.01,7.964117642691182
247,ADD1,15249,15250,15273,stop,135.434,135.9919,55.790043510998544,19.481386392109812,2.8637614586605684,0.01,4.338486126743545
248,BASE,15347,15348,15349,stop,135.444,135.218129,-22.58708020738709,22.58708020738709,-1.0,0.01,-1.7631186316547858
249,BASE,15360,15361,15361,stop,135.452,135.265147,-18.685320337741018,18.685320337741018,-1.0,0.01,-1.4624748818819842
250,BASE,15393,15394,15413,stop,136.528,136.429806,-9.819370462116694,23.589570882452904,-0.41625896931515743,0.01,-0.7558662964750765
250,ADD1,15397,15398,15398,stop,136.986,136.731788,-25.421218606146567,25.421218606146567,-1.0,0.01,-1.948737740547638
251,BASE,15480,15481,15488,stop,136.055,135.869931,-18.50689380386541,18.50689380386541,-1.0,0.01,-1.4162056694744038
251,ADD1,15481,15482,15482,stop,136.339,136.140007,-19.899258532160502,19.899258532160502,-1.0,0.01,-1.52464874398908
252,BASE,15535,15536,15538,stop,136.138,135.8842,-25.380000163096383,25.380000163096383,-1.0,0.01,-1.9008198469257493
253,BASE,15564,15565,15566,stop,136.432,136.152107,-27.989297171430394,27.989297171430394,-1.0,0.01,-2.0841411066012925
254,BASE,15577,15578,15578,stop,137.114,136.865683,-24.8316512960173,24.8316512960173,-1.0,0.01,-1.8373849051022195
255,BASE,15636,15637,15638,stop,137.591,137.373747,-21.72527302764422,21.72527302764422,-1.0,0.01,-1.5834556557513446
256,BASE,15648,15649,15678,stop,137.923,138.705424,78.24237282857496,22.952848014480765,3.4088306940913164,0.01,5.68696547875243
256,ADD1,15652,15653,15678,stop,138.243,138.705424,46.2423728285728,23.358837258996346,1.9796521682928871,0.01,3.348594834558486
256,ADD2,15653,15654,15678,stop,138.43,138.705424,27.542372828574457,23.46177745478144,1.1739252442257482,0.01,1.9890511824603605
257,BASE,15767,15768,15769,stop,138.426,138.268208,-15.779156074455614,15.779156074455614,-1.0,0.02,-2.3203374307622786
258,BASE,15850,15851,15852,stop,136.653,136.470325,-18.267540883474,18.267540883474,-1.0,0.01,-1.3568752459939204
259,BASE,15864,15865,15867,stop,137.073,136.891982,-18.101784868466098,18.101784868466098,-1.0,0.01,-1.3396578660155662
260,BASE,15983,15984,15987,stop,133.35,132.975553,-37.44465019599943,37.44465019599943,-1.0,0.01,-2.8439484979047163
260,ADD1,15984,15985,15986,stop,133.802,133.409014,-39.29860375342855,39.29860375342855,-1.0,0.01,-2.9883644141433683
261,BASE,16044,16045,16067,stop,134.682,134.726273,4.42728872298801,39.46986008989484,0.11216884764487661,0.01,0.33362886043775525
261,ADD1,16046,16047,16049,stop,135.313,134.911474,-40.152583444856305,40.152583444856305,-1.0,0.01,-3.016147446762037
262,BASE,16104,16105,16105,stop,135.224,135.057611,-16.638919106452477,16.638919106452477,-1.0,0.01,-1.2579537335912525
263,BASE,16152,16153,16176,stop,133.278,133.313,3.499999999999659,28.74397516677334,0.1217646473632322,0.01,0.27081639236040755
263,ADD1,16162,16163,16176,stop,133.614,133.313,-30.099999999998772,26.75212458430849,-1.1251442817238517,0.01,-2.3137824407229615
264,BASE,16207,16208,16224,stop,133.673,134.157382,48.43822528733597,20.865029664926737,2.3215028238737014,0.01,3.6726124538244043
264,ADD1,16208,16209,16224,stop,133.943,134.157382,21.438225287334944,21.631813260287913,0.9910507745872437,0.01,1.619421522088902
264,ADD2,16209,16210,16224,stop,134.153,134.157382,0.43822528733414856,22.450969455982772,0.0195192144460991,0.01,0.03310086356871579
265,BASE,16231,16232,16242,stop,134.802,134.828455,2.645543129892758,21.20424173177753,0.12476480712479525,0.01,0.19928754785195313
265,ADD1,16235,16236,16237,stop,135.166,134.951848,-21.415247503676937,21.415247503676937,-1.0,0.01,-1.611905463019724
265,ADD2,16237,16238,16242,stop,135.304,135.068471,-23.552943000620985,23.552943000620985,-1.0,0.01,-1.770087299787552
266,BASE,16264,16265,16303,stop,135.648,136.834908,118.69083223328971,25.978870518048325,4.568744901778217,0.01,8.80800707662416
266,ADD1,16272,16273,16303,stop,136.283,136.834908,55.19083223329062,22.12130990288017,2.494917004264057,0.01,4.083945773127738
266,ADD2,16273,16274,16303,stop,136.249,136.834908,58.5908322332898,21.855502052673614,2.680827559672659,0.01,4.33844029354451
267,BASE,16320,16321,16333,stop,137.253,137.032464,-22.053636365996,22.053636365996,-1.0,0.01,-1.5988468244251608
267,ADD1,16332,16333,16333,stop,137.527,137.306807,-22.01927913649513,22.01927913649513,-1.0,0.01,-1.5973385602628452
268,BASE,16406,16407,16407,stop,137.306,137.026853,-27.91473181619608,27.91473181619608,-1.0,0.01,-2.0385065372479603
269,BASE,16416,16417,16428,stop,138.385,138.265548,-11.945202631110874,25.09632219665434,-0.47597422990940563,0.01,-0.8565872922883503
269,ADD1,16420,16421,16425,stop,138.869,138.606584,-26.241570133763048,26.241570133763048,-1.0,0.01,-1.874527495907307
270,BASE,16454,16455,16455,stop,138.897,138.63788,-25.911977626208227,25.911977626208227,-1.0,0.01,-1.8669564376503067
271,BASE,16485,16486,16524,stop,139.077,139.931075,85.40745180849001,20.922184940334887,4.08214782787036,0.01,6.174095553070742
271,ADD1,16487,16488,16496,stop,139.339,139.123441,-21.55586354549257,21.55586354549257,-1.0,0.01,-1.550498908470389
271,ADD2,16489,16490,16494,stop,139.51,139.281095,-22.890514995859235,22.890514995859235,-1.0,0.01,-1.6452911509767065
272,BASE,16564,16565,16601,stop,140.931,143.937038,300.6038454591362,15.465994858539034,19.436437694996894,0.02,42.39370799454475
272,ADD1,16566,16567,16601,stop,141.184,143.937038,275.3038454591348,16.49006699537381,16.69513201713308,0.02,38.79626279516962
272,ADD2,16567,16568,16601,stop,141.545,143.937038,239.20384545913578,19.426490781418693,12.31328128948192,0.01,16.837258946886124
273,BASE,16692,16693,16693,stop,144.416,143.975997,-44.00031752024347,44.00031752024347,-1.0,0.01,-3.0614372514501276
274,BASE,16808,16809,16811,stop,143.668,143.477553,-19.044680351927923,19.044680351927923,-1.0,0.01,-1.3267271317984792
275,BASE,16828,16829,16830,stop,144.027,143.853258,-17.374231084892244,17.374231084892244,-1.0,0.02,-2.4045096758362607
276,BASE,16850,16851,16856,stop,144.568,144.587901,1.9901296623572762,41.493769704317174,0.04796213206317129,0.01,0.13492080796552372
276,ADD1,16854,16855,16856,stop,145.66,145.213554,-44.644568839154886,44.644568839154886,-1.0,0.01,-3.0082476001906993
276,ADD2,16855,16856,16856,stop,145.783,145.3453,-43.769956779215136,43.769956779215136,-1.0,0.01,-3.0396547826423843
277,BASE,16896,16897,16945,time,143.802,144.697,89.50000000000102,34.31984173115268,2.6078208839395787,0.01,5.978121152682497
277,ADD1,16900,16901,16901,stop,144.17,143.839557,-33.044340891385104,33.044340891385104,-1.0,0.01,-2.213110895150035
277,ADD2,16912,16913,16926,stop,144.552,144.221778,-33.02217170910069,33.02217170910069,-1.0,0.01,-2.19467070471259
278,BASE,17016,17017,17021,stop,144.788,144.784489,-0.35114955095423284,15.277324103374212,-0.022985016785542732,0.02,-0.04757693149133567
279,BASE,17101,17102,17124,stop,144.787,144.731317,-5.5683097115576174,15.598150472825978,-0.35698525419781935,0.02,-0.7552294606887686
279,ADD1,17103,17104,17120,stop,144.953,144.794128,-15.887180764835307,15.887180764835307,-1.0,0.02,-2.149391810163674
279,ADD2,17107,17108,17111,stop,145.125,144.973084,-15.191619893388975,15.191619893388975,-1.0,0.02,-2.0512790209665197
280,BASE,17136,17137,17137,stop,145.5,145.346492,-15.350829383115183,15.350829383115183,-1.0,0.02,-2.0572044022252687
281,BASE,17164,17165,17166,stop,145.788,145.666039,-12.196087002294576,12.196087002294576,-1.0,0.03,-2.4288437326470533
282,BASE,17184,17185,17221,stop,146.135,146.963906,82.89058890396461,16.463092530241852,5.03493427809501,0.02,10.997028579656007
282,ADD1,17193,17194,17221,stop,146.376,146.963906,58.79058890396607,17.164656537084966,3.425095560575099,0.02,7.792014021083799
282,ADD2,17194,17195,17195,stop,146.532,146.357828,-17.417181070149468,17.417181070149468,-1.0,0.02,-2.3077963919171043
283,BASE,17240,17241,17289,stop,147.694,148.790458,109.64576559456987,21.03576732354213,5.212349229203541,0.01,7.239242560982595
283,ADD1,17245,17246,17289,stop,147.976,148.790458,81.4457655945688,22.531426929367626,3.6147628754223193,0.01,5.340183083122069
283,ADD2,17246,17247,17289,stop,148.373,148.790458,41.74576559456966,24.500610720127725,1.7038663269024028,0.01,2.746289871048929
284,BASE,17309,17310,17335,stop,149.305,149.661636,35.66360491882392,14.332062571898518,2.4883790968615402,0.02,4.692367324602241
284,ADD1,17314,17315,17335,stop,149.584,149.661636,7.763604918824285,15.281043256732119,0.5080546392278551,0.02,1.0145433140452822
284,ADD2,17315,17316,17335,stop,149.624,149.661636,3.7636049188222387,15.610968738394604,0.24108721129943658,0.02,0.4911703233758742
285,BASE,17355,17356,17365,stop,150.368,151.216123,84.81230460335212,13.774244018719628,6.157311028328636,0.02,11.017901437330375
285,ADD1,17360,17361,17361,stop,150.943,150.781663,-16.133703375905384,16.133703375905384,-1.0,0.02,-2.085700634630933
285,ADD2,17361,17362,17365,stop,150.965,151.216123,25.11230460335412,16.409867420483693,1.5303173365073972,0.02,3.2333023494404918
286,BASE,17479,17480,17521,stop,147.081,148.215555,113.45545751981376,38.14521074609445,2.974304121033859,0.01,7.640598210167332
286,ADD1,17481,17482,17483,stop,147.682,147.282294,-39.97061538821356,39.97061538821356,-1.0,0.01,-2.6936930936084424
286,ADD2,17496,17497,17499,stop,148.229,147.927782,-30.121787872215577,30.121787872215577,-1.0,0.01,-2.0256181807418834
287,BASE,17575,17576,17598,stop,147.906,147.707021,-19.897943003422824,33.96799140470819,-0.5857850929821196,0.01,-1.3133289871746021
287,ADD1,17578,17579,17581,stop,148.297,147.966765,-33.02349749130542,33.02349749130542,-1.0,0.01,-2.1718176078292135
288,BASE,17820,17821,17821,stop,140.314,139.947448,-36.655235086297466,36.655235086297466,-1.0,0.01,-2.691986217732503
289,BASE,17860,17861,17888,stop,140.444,141.525211,108.12105710402307,22.049478394299626,4.903565298486844,0.01,7.906613388839461
289,ADD1,17862,17863,17888,stop,140.826,141.525211,69.92105710402257,22.72072371753211,3.077413288999638,0.01,5.093132938464648
289,ADD2,17864,17865,17888,stop,141.151,141.525211,37.4210571040237,23.396440348281544,1.5994337833862944,0.01,2.704600405252987
290,BASE,17961,17962,17968,stop,139.396,139.083531,-31.24687873102232,31.24687873102232,-1.0,0.01,-2.3317300886790786
291,BASE,18037,18038,18038,stop,139.392,139.066924,-32.50762077854574,32.50762077854574,-1.0,0.01,-2.4185552236126187
292,BASE,18111,18112,18131,stop,136.328,136.400517,7.251657400502154,39.48082095818961,0.18367544606485503,0.01,0.5594779039018575
292,ADD1,18116,18117,18120,stop,136.839,136.48412,-35.48797126202885,35.48797126202885,-1.0,0.01,-2.72212277314801
292,ADD2,18126,18127,18127,stop,137.31,136.973246,-33.67537235276927,33.67537235276927,-1.0,0.01,-2.5783275632180516
293,BASE,18148,18149,18157,stop,137.414,137.116353,-29.76468808137156,29.76468808137156,-1.0,0.01,-2.2676815609666434
294,BASE,18217,18218,18253,stop,136.865,137.216541,35.1540989820478,28.16746444481737,1.2480391712544054,0.01,2.699132207754176
294,ADD1,18230,18231,18253,stop,137.181,137.216541,3.554098982047549,25.6387790013747,0.13862200621398488,0.01,0.2730273111207945
294,ADD2,18232,18233,18253,stop,137.481,137.216541,-26.445901017953588,26.70282475118597,-0.9903784061938626,0.01,-2.027367199490602
295,BASE,18296,18297,18314,stop,136.462,137.247563,78.55630426808204,32.67021912903658,2.40452333539027,0.01,6.103262155625882
295,ADD1,18303,18304,18314,stop,137.618,137.247563,-37.04369573191855,39.54344022386351,-0.9367848503369105,0.01,-2.8603723784935
295,ADD2,18304,18305,18312,stop,137.927,137.527025,-39.99748020787308,39.99748020787308,-1.0,0.01,-3.0792267221292127
296,BASE,18360,18361,18362,stop,137.333,137.07985,-25.314994394312862,25.314994394312862,-1.0,0.01,-1.955123442495028
297,BASE,18422,18423,18456,stop,132.336,132.652079,31.607854607958075,28.849549409082442,1.095609992369838,0.01,2.5351189921001405
297,ADD1,18433,18434,18456,stop,132.658,132.652079,-0.5921453920421982,25.563178460549807,-0.0231639971123318,0.01,-0.04732788612315111
297,ADD2,18446,18447,18447,stop,133.041,132.808225,-23.27752752435117,23.27752752435117,-1.0,0.01,-1.8595562318666594
298,BASE,18466,18467,18469,stop,133.164,132.966002,-19.79979425829015,19.79979425829015,-1.0,0.01,-1.5802678533002437
299,BASE,18488,18489,18516,stop,133.104,133.683238,57.92376843110105,17.61739517275487,3.2878735966983132,0.01,4.633231649498154
299,ADD1,18490,18491,18516,stop,133.295,133.683238,38.8237684311008,17.614488694874808,2.204081486759087,0.01,3.1072124485468193
299,ADD2,18493,18494,18495,stop,133.468,133.294086,-17.391410955772812,17.391410955772812,-1.0,0.01,-1.384419382983926
300,BASE,18623,18624,18624,stop,131.305,130.966794,-33.820609898853604,33.820609898853604,-1.0,0.01,-2.7237654084737044
301,BASE,18639,18640,18685,stop,132.02,133.73385,171.38501125237724,41.90806700959513,4.089547036687173,0.01,13.761099042157095
301,ADD1,18641,18642,18647,stop,132.557,132.127726,-42.92736390113134,42.92736390113134,-1.0,0.01,-3.4387904977662664
301,ADD2,18661,18662,18665,stop,133.693,133.300933,-39.206705262324704,39.206705262324704,-1.0,0.01,-3.09500853993544
302,BASE,18745,18746,18749,stop,132.398,132.137087,-26.091316338906267,26.091316338906267,-1.0,0.01,-2.1123697565387585
303,BASE,18841,18842,18846,stop,128.812,128.527193,-28.480717431088465,28.480717431088465,-1.0,0.01,-2.390222510315673
304,BASE,18866,18867,18871,stop,130.54,130.059501,-48.04991953264448,48.04991953264448,-1.0,0.01,-3.949803853696873
304,ADD1,18867,18868,18870,stop,131.148,130.642251,-50.574925280312755,50.574925280312755,-1.0,0.01,-4.148279090136513
305,BASE,18913,18914,18930,stop,128.844,129.517423,67.34225305405914,28.092487191520377,2.3971623656870857,0.01,5.66614497421858
305,ADD1,18917,18918,18919,stop,129.177,128.911519,-26.54813949075958,26.54813949075958,-1.0,0.01,-2.2270815920353613
305,ADD2,18921,18922,18922,stop,129.474,129.18416,-28.983980945324106,28.983980945324106,-1.0,0.01,-2.421849546862795
306,BASE,18949,18950,18962,stop,130.505,130.187855,-31.714548679164523,31.714548679164523,-1.0,0.01,-2.6345069485824686
307,BASE,18974,18975,18975,stop,131.076,130.773949,-30.205054132977693,30.205054132977693,-1.0,0.01,-2.5182681132920495
308,BASE,19024,19025,19026,stop,130.407,130.070141,-33.685924541936174,33.685924541936174,-1.0,0.01,-2.807694517776128
309,BASE,19057,19058,19058,stop,130.234,130.030673,-20.33273227362713,20.33273227362713,-1.0,0.01,-1.6995425428776931
310,BASE,19165,19166,19203,stop,129.951,132.148514,219.75142286828486,31.813294034841988,6.907534398280562,0.01,18.276057128047547
310,ADD1,19166,19167,19203,stop,130.338,132.148514,181.05142286828482,34.01234446092474,5.323109175149238,0.01,14.954223699532328
310,ADD2,19167,19168,19203,stop,131.078,132.148514,107.05142286828675,37.668605570860336,2.8419268843628114,0.01,8.864762077702693
311,BASE,19248,19249,19253,stop,131.516,131.276185,-23.98145738101789,23.98145738101789,-1.0,0.01,-1.9538825985075727
312,BASE,19273,19274,19279,stop,131.633,131.367457,-26.554252826394986,26.554252826394986,-1.0,0.01,-2.1643311091252118
313,BASE,19297,19298,19320,stop,131.686,132.179432,49.343224648606565,28.2468438410433,1.7468579826575084,0.01,3.995798136253774
313,ADD1,19299,19300,19320,stop,132.033,132.179432,14.643224648605724,28.43477861804331,0.5149758626681853,0.01,1.181595878792468
313,ADD2,19304,19305,19320,stop,132.448,132.181317,-26.668300145453827,26.668300145453827,-1.0,0.01,-2.144647323766762
314,BASE,19334,19335,19335,stop,132.745,132.379065,-36.5935055191585,36.5935055191585,-1.0,0.01,-2.963295654914879
315,BASE,19350,19351,19376,stop,133.322,133.678343,35.634337316329834,29.108171391717974,1.2242039129420792,0.01,2.86194977679813
315,ADD1,19356,19357,19376,stop,133.682,133.678343,-0.36566268367153043,26.76853109502133,-0.01366016993511982,0.01,-0.029221609758231598
315,ADD2,19358,19359,19368,stop,134.147,133.860516,-28.648376301319445,28.648376301319445,-1.0,0.01,-2.277557757565406
316,BASE,19382,19383,19383,stop,134.357,134.104479,-25.25210328941796,25.25210328941796,-1.0,0.01,-2.004990318405607
317,BASE,19393,19394,19407,stop,134.641,134.417166,-22.383356410759347,25.843503611162078,-0.8661115283568496,0.01,-1.7711876604393264
317,ADD1,19402,19403,19405,stop,134.934,134.712823,-22.117694523720388,22.117694523720388,-1.0,0.01,-1.742167476847118
318,BASE,19447,19448,19464,stop,134.593,134.65291,5.991026774722741,17.227504060477372,0.3477594173648815,0.01,0.47449736190621866
318,ADD1,19453,19454,19455,stop,134.868,134.680826,-18.717416750070015,18.717416750070015,-1.0,0.01,-1.4764946482735584
318,ADD2,19454,19455,19455,stop,135.16,134.955553,-20.444744125063607,20.444744125063607,-1.0,0.01,-1.6172732952203834
319,BASE,19500,19501,19502,stop,134.994,134.854883,-13.911694111163797,14.88368506554707,-0.934694200387695,0.02,-2.1826193476976368
319,ADD1,19501,19502,19502,stop,135.28,135.110294,-16.97056470372047,16.97056470372047,-1.0,0.01,-1.334458429481291
320,BASE,19523,19524,19549,stop,135.409,135.941379,53.237883383891926,23.73251334871327,2.2432467476850015,0.01,4.149815699859688
320,ADD1,19524,19525,19525,stop,135.67,135.428627,-24.137333823804852,24.137333823804852,-1.0,0.01,-1.8769060606982542
320,ADD2,19526,19527,19549,stop,136.186,135.941379,-24.462116616106755,30.283211307261126,-0.8077781569433944,0.01,-1.8928583242032455
321,BASE,19567,19568,19575,stop,136.758,136.569825,-18.817526205782542,18.817526205782542,-1.0,0.01,-1.4589880094419767
322,BASE,19612,19613,19617,stop,136.447,136.236587,-21.041283115425813,21.041283115425813,-1.0,0.01,-1.6396825052693347
322,ADD1,19614,19615,19616,stop,136.741,136.531746,-20.92539207401387,20.92539207401387,-1.0,0.01,-1.6278092625804712
323,BASE,19692,19693,19715,stop,136.17,137.247323,107.73233088734457,19.50438853437504,5.5234918386431,0.01,8.438688363086838
323,ADD1,19695,19696,19715,stop,136.786,137.247323,46.13233088734603,23.305663852048042,1.9794471927600568,0.01,3.5692189418873923
323,ADD2,19696,19697,19697,stop,136.914,136.676376,-23.76240214833274,23.76240214833274,-1.0,0.01,-1.8355636978904495
324,BASE,19831,19832,19833,stop,134.881,134.557126,-32.387418503031995,32.387418503031995,-1.0,0.01,-2.5831338806652417
325,BASE,19944,19945,19946,stop,132.535,132.263895,-27.110466418153578,27.110466418153578,-1.0,0.01,-2.2020659361174686
326,BASE,20017,20018,20019,stop,130.884,130.62548,-25.85198370948376,25.85198370948376,-1.0,0.01,-2.1289008013777204
327,BASE,20064,20065,20095,stop,131.317,132.223614,90.66135067970151,24.742948989378988,3.6641287470874335,0.01,7.48063718642298
327,ADD1,20066,20067,20095,stop,131.719,132.223614,50.46135067969999,26.300808057169434,1.9186235863937475,0.01,4.153670394132451
327,ADD2,20069,20070,20073,stop,131.9,131.652819,-24.718139687172425,24.718139687172425,-1.0,0.01,-2.0295049491646946
328,BASE,20098,20099,20105,stop,132.585,132.35154,-23.346017833171118,23.346017833171118,-1.0,0.01,-1.9156935129316044
329,BASE,20112,20113,20114,stop,133.246,132.996274,-24.972590466236966,24.972590466236966,-1.0,0.01,-2.047657101568345
330,BASE,20142,20143,20145,stop,133.595,133.346238,-24.876196641906745,24.876196641906745,-1.0,0.01,-2.0145067695513568
331,BASE,20222,20223,20263,stop,131.762,132.265649,50.364910741325275,26.402100433080022,1.9076099975069216,0.01,4.179857285666439
331,ADD1,20244,20245,20263,stop,132.128,132.265649,13.764910741323888,21.617309409501217,0.636754115906485,0.01,1.1351511922917377
331,ADD2,20256,20257,20263,stop,132.606,132.428871,-17.712882633668414,17.712882633668414,-1.0,0.01,-1.456278320328841
332,BASE,20306,20307,20308,stop,133.895,133.70897,-18.60298553224311,18.60298553224311,-1.0,0.01,-1.5174466501416908
333,BASE,20366,20367,20408,stop,133.467,134.171569,70.45693000297035,27.810946806360448,2.533424356011376,0.01,5.796361008827671
333,ADD1,20367,20368,20408,stop,133.757,134.171569,41.45693000297115,28.131593463049853,1.4736786971354392,0.01,3.4034217926060615
333,ADD2,20380,20381,20382,stop,134.068,133.870734,-19.726558942434735,19.726558942434735,-1.0,0.01,-1.6180962556141067
334,BASE,20430,20431,20436,stop,134.617,134.549178,-6.782222564331164,16.049917152975013,-0.42257056529877546,0.01,-0.5518178931272301
334,ADD1,20432,20433,20435,stop,134.897,134.723835,-17.316510198227775,17.316510198227775,-1.0,0.01,-1.4072097460199866
335,BASE,20506,20507,20510,stop,134.595,134.405669,-18.93313106553194,18.93313106553194,-1.0,0.01,-1.548836555329683
336,BASE,20576,20577,20578,stop,133.882,133.678908,-20.30920613435967,20.30920613435967,-1.0,0.01,-1.6770201401814584
337,BASE,20593,20594,20594,stop,134.203,133.958991,-24.40091693688089,24.40091693688089,-1.0,0.01,-2.0053813284163584
338,BASE,20616,20617,20654,stop,136.67,137.149256,47.925589074347386,26.672866863813738,1.7967918229054922,0.01,3.85935841833587
338,ADD1,20630,20631,20654,stop,137.286,137.149256,-13.67441092565116,22.42641369359717,-0.6097457717706892,0.01,-1.0926068773158142
338,ADD2,20631,20632,20654,stop,137.363,137.149256,-21.37441092565382,21.781669858339114,-0.9813026762716552,0.01,-1.7055154522471643
339,BASE,20724,20725,20725,stop,134.979,134.718609,-26.039058929379166,26.039058929379166,-1.0,0.01,-2.1201512280413133
340,BASE,20736,20737,20741,stop,134.903,134.710957,-19.204348616062816,19.204348616062816,-1.0,0.01,-1.569357009724728
341,BASE,20760,20761,20761,stop,135.218,135.046076,-17.192417242256397,17.192417242256397,-1.0,0.01,-1.3991554328146416
342,BASE,20789,20790,20792,stop,135.345,135.19582,-14.918008468694666,14.918008468694666,-1.0,0.02,-2.4169148330109085
343,BASE,20838,20839,20868,stop,134.803,135.791374,98.83737315761039,17.902603960763486,5.520837827515417,0.01,8.009580376745909
343,ADD1,20846,20847,20868,stop,135.32,135.791374,47.137373157610796,21.005016175627134,2.244100778760931,0.01,3.775250803112538
343,ADD2,20847,20848,20868,stop,135.637,135.791374,15.43737315761291,22.27608644879524,0.6930020312633421,0.01,1.2352333784024476
344,BASE,20894,20895,20898,stop,136.486,136.301845,-18.415513561078,18.415513561078,-1.0,0.01,-1.4645493334484998
345,BASE,20909,20910,20958,stop,136.798,138.171391,137.33909037847525,15.226429504662065,9.01978302506339,0.02,21.787936682804084
345,ADD1,20911,20912,20958,stop,136.993,138.171391,117.83909037847309,16.048298909632308,7.342777639052149,0.01,9.318459306792073
345,ADD2,20916,20917,20917,stop,137.153,136.972555,-18.044488990923924,18.044488990923924,-1.0,0.01,-1.4230975834443014
346,BASE,20991,20992,20993,stop,138.666,138.424201,-24.17992127996058,24.17992127996058,-1.0,0.01,-1.8860048886796108
347,BASE,21001,21002,21003,stop,138.82,138.601905,-21.809506844886073,21.809506844886073,-1.0,0.01,-1.6988754232435368
348,BASE,21038,21039,21046,stop,138.999,138.8314,-16.759971393960882,21.60281253540859,-0.7758235816049445,0.01,-1.296406546617951
348,ADD1,21040,21041,21042,stop,139.316,139.094073,-22.192731216753714,22.192731216753714,-1.0,0.01,-1.7138983539212536
348,ADD2,21044,21045,21046,stop,139.455,139.233092,-22.190758961934876,22.190758961934876,-1.0,0.01,-1.7116260728128896
349,BASE,21049,21050,21055,stop,139.607,139.361954,-24.5045748558141,24.5045748558141,-1.0,0.01,-1.885908510892951
350,BASE,21084,21085,21101,stop,140.083,140.348533,26.553281901465198,22.17159958738648,1.1976258996022766,0.01,2.033359595330189
350,ADD1,21085,21086,21086,stop,140.361,140.128764,-23.22362818828765,23.22362818828765,-1.0,0.01,-1.773385698267587
350,ADD2,21087,21088,21101,stop,140.544,140.348533,-19.546718098533233,24.70761818275662,-0.7911211009475141,0.01,-1.489784858931695
351,BASE,21126,21127,21127,stop,140.392,140.190898,-20.110169935841782,20.110169935841782,-1.0,0.01,-1.5322498507796518
352,BASE,21209,21210,21230,stop,139.999,139.910498,-8.85023647965113,24.984918481740692,-0.35422314810108346,0.01,-0.6771831268812845
352,ADD1,21222,21223,21228,stop,140.35,140.169685,-18.031462129209785,18.031462129209785,-1.0,0.01,-1.3728588594740465
353,BASE,21279,21280,21292,stop,139.987,139.740667,-24.6333091812744,24.6333091812744,-1.0,0.01,-1.8806207010835976
353,ADD1,21283,21284,21285,stop,140.249,140.021511,-22.74888441082794,22.74888441082794,-1.0,0.01,-1.737303598344766
354,BASE,21349,21350,21359,stop,139.67,139.46899,-20.101006920910436,20.101006920910436,-1.0,0.01,-1.5489889087515605
355,BASE,21372,21373,21396,stop,139.162,139.788362,62.63622943449718,20.880607135941887,2.9997321929725476,0.01,4.84754899174746
355,ADD1,21373,21374,21396,stop,139.762,139.788362,2.63622943449775,24.81056376909123,0.106254314050773,0.01,0.20351339767233542
355,ADD2,21374,21375,21396,stop,139.823,139.788362,-3.463770565502955,25.016952071297283,-0.13845693734517905,0.01,-0.2672936614148042
356,BASE,21408,21409,21420,stop,140.372,140.736385,36.43853784056432,23.028607254613576,1.5823161790761004,0.01,2.800209273019112
356,ADD1,21409,21410,21420,stop,141.013,140.750092,-26.290849593570442,26.290849593570442,-1.0,0.01,-2.0155752615096763
356,ADD2,21410,21411,21420,stop,141.057,140.792799,-26.420074622600964,26.420074622600964,-1.0,0.01,-2.02494913247801
357,BASE,21446,21447,21482,stop,141.506,141.792173,28.61727379983563,32.25455660856653,0.8872319699547545,0.01,2.204766802097713
357,ADD1,21448,21449,21459,stop,141.86,141.542734,-31.72663299412193,31.72663299412193,-1.0,0.01,-2.446493425572236
358,BASE,21517,21518,21518,stop,142.259,142.029809,-22.919107468467814,22.919107468467814,-1.0,0.01,-1.762501919135352
359,BASE,21541,21542,21559,stop,142.301,142.815343,51.43434871440604,22.104567368987205,2.3268652064445576,0.01,3.9555462558418677
359,ADD1,21542,21543,21559,stop,142.796,142.815343,1.934348714405587,24.139955414059955,0.08013058355853278,0.01,0.14835597844050155
359,ADD2,21543,21544,21559,stop,142.896,142.815343,-8.065651285593844,23.372815741626596,-0.3450868468204733,0.01,-0.6177991272577799
360,BASE,21608,21609,21611,stop,143.718,143.543237,-17.47634425160811,17.47634425160811,-1.0,0.01,-1.3286604937012207
361,BASE,21631,21632,21633,stop,144.082,143.905556,-17.644401482806416,17.644401482806416,-1.0,0.01,-1.3409353219632643
362,BASE,21654,21655,21655,stop,144.62,144.448652,-17.134791076452416,17.134791076452416,-1.0,0.01,-1.2949262123119412
363,BASE,21672,21673,21676,stop,144.888,144.709729,-17.82710148403055,17.82710148403055,-1.0,0.01,-1.3388948208700604
364,BASE,21750,21751,21751,stop,144.669,144.547736,-12.12640872226416,12.12640872226416,-1.0,0.02,-1.8278179100717034
365,BASE,21925,21926,21936,stop,138.662,138.482331,-17.96686438460995,31.151049305674405,-0.5767659448099921,0.01,-1.4556866304581058
366,BASE,21949,21950,21952,stop,139.149,138.84875,-30.024993587053928,30.024993587053928,-1.0,0.01,-2.4229969519987384
367,BASE,21986,21987,22009,stop,139.26,139.31606,5.606024022640099,27.086762770795758,0.20696544914124504,0.01,0.4516858241101895
367,ADD1,21992,21993,21996,stop,139.738,139.464911,-27.308907550602157,27.308907550602157,-1.0,0.01,-2.1928575201505947
367,ADD2,21993,21994,21996,stop,139.825,139.555774,-26.922557011275217,26.922557011275217,-1.0,0.01,-2.159988877191978
368,BASE,22022,22023,22028,stop,140.319,140.050879,-26.812136091626826,26.812136091626826,-1.0,0.01,-2.1297113270073242
369,BASE,22039,22040,22063,stop,141.379,141.331288,-4.771164319836885,28.103043106659698,-0.1697739387769804,0.01,-0.3741425816211626
369,ADD1,22040,22041,22041,stop,141.92,141.611329,-30.86711145618324,30.86711145618324,-1.0,0.01,-2.4254302625095585
370,BASE,22142,22143,22145,stop,141.261,140.951466,-30.95342917492303,30.95342917492303,-1.0,0.01,-2.4147827163484896
371,BASE,22177,22178,22221,stop,141.559,142.892404,133.34036628095305,42.63301026291799,3.127631979507014,0.01,10.363056147290974
371,ADD1,22182,22183,22221,stop,142.055,142.892404,83.74036628095496,39.51923134621893,2.1189776073154056,0.01,6.4885059994302665
371,ADD2,22184,22185,22190,stop,142.425,142.033732,-39.12678621179282,39.12678621179282,-1.0,0.01,-3.0324366113080345
372,BASE,22252,22253,22254,stop,143.702,143.477784,-22.421579580915818,22.421579580915818,-1.0,0.01,-1.705965977505893
373,BASE,22320,22321,22369,time,143.018,143.774,75.60000000000286,18.875817984954324,4.005124443362543,0.01,5.797999455691388
373,ADD1,22321,22322,22326,stop,143.313,143.10951,-20.348973843169915,20.348973843169915,-1.0,0.01,-1.5588305793374175
373,ADD2,22339,22340,22343,stop,143.461,143.249866,-21.11335919593671,21.11335919593671,-1.0,0.01,-1.6136292734436664
374,BASE,22392,22393,22393,stop,144.828,144.655171,-17.282938117267577,17.282938117267577,-1.0,0.01,-1.3124599501909913
375,BASE,22416,22417,22417,stop,144.998,144.849969,-14.80308120996483,14.80308120996483,-1.0,0.02,-2.234386119456346
376,BASE,22440,22441,22453,stop,145.447,145.304028,-14.297235411973475,15.659487640709813,-0.9130078671798364,0.02,-2.1446885522913317
376,ADD1,22446,22447,22449,stop,145.731,145.566267,-16.47334155511828,16.47334155511828,-1.0,0.02,-2.4695888903725103
376,ADD2,22447,22448,22448,stop,145.807,145.640248,-16.675245729751964,16.675245729751964,-1.0,0.01,-1.2505289365443815
377,BASE,22476,22477,22477,stop,145.876,145.720281,-15.571918582108424,15.571918582108424,-1.0,0.02,-2.3293749099658156
378,BASE,22488,22489,22495,stop,146.4,146.239455,-16.05447729694731,16.05447729694731,-1.0,0.02,-2.3838931508278254
379,BASE,22545,22546,22563,stop,145.78,145.923618,14.361830895452954,18.253217743958317,0.7868109117476899,0.01,1.0725338823370048
379,ADD1,22548,22549,22563,stop,146.099,145.923618,-17.53816910454873,19.525808813219214,-0.8982044878302389,0.01,-1.3075738616411412
379,ADD2,22550,22551,22553,stop,146.297,146.102089,-19.4911310685427,19.4911310685427,-1.0,0.01,-1.4509041092755677
380,BASE,22620,22621,22621,stop,145.902,145.704393,-19.760732906641465,19.760732906641465,-1.0,0.01,-1.4680257887895778
381,BASE,22632,22633,22644,stop,146.046,145.876078,-16.992230762608074,16.992230762608074,-1.0,0.01,-1.2549870682971698
382,BASE,22669,22670,22671,stop,146.559,146.408365,-15.063458487907155,15.063458487907155,-1.0,0.02,-2.2190564180179577
383,BASE,22690,22691,22694,stop,146.791,146.887014,9.601441601867577,13.603162531401836,0.7058242213678916,0.02,1.4102674060428129
383,ADD1,22691,22692,22694,stop,147.15,146.996542,-15.345793779158612,15.345793779158612,-1.0,0.02,-2.252242276678757
383,ADD2,22692,22693,22694,stop,147.245,147.083646,-16.135379937790617,16.135379937790617,-1.0,0.02,-2.3666525287634603
384,BASE,22768,22769,22817,time,146.158,147.776,161.80000000000234,27.81612469608774,5.8167700126379955,0.01,11.940643567405717
384,ADD1,22788,22789,22829,stop,146.456,147.299381,84.33806916576998,14.389674436449695,5.861013015842655,0.02,12.442203702202484
384,ADD2,22802,22803,22829,stop,146.73,147.299381,56.93806916576989,10.287995899426505,5.534417949072457,0.03,12.555352359907811
385,BASE,22824,22825,22826,stop,147.781,147.605409,-17.559089141693107,17.559089141693107,-1.0,0.01,-1.2747306266920297
386,BASE,22848,22849,22849,stop,147.768,147.599001,-16.899879014070507,16.899879014070507,-1.0,0.02,-2.455067163092608
387,BASE,22932,22933,22961,stop,147.131,147.202191,7.11910805477487,18.971204415646525,0.3752586234800873,0.01,0.517853112339919
387,ADD1,22946,22947,22950,stop,147.378,147.220274,-15.772648050102589,15.772648050102589,-1.0,0.02,-2.3010033969516686
388,BASE,22997,22998,23021,stop,147.41,147.650408,24.040782931035665,15.328621920639307,1.5683590511594405,0.02,3.47046021337849
388,ADD1,22998,22999,23021,stop,147.625,147.650408,2.5407829310353236,15.976577497738731,0.15903174077144727,0.02,0.3665281262200126
388,ADD2,22999,23000,23006,stop,147.763,147.601003,-16.19967910504272,16.19967910504272,-1.0,0.02,-2.3384664370556396
389,BASE,23046,23047,23047,stop,147.846,147.747781,-9.821917810131708,9.821917810131708,-1.0,0.03,-2.1309570934666677
390,BASE,23069,23070,23074,stop,147.906,147.82575,-8.024952608977287,9.844264083034204,-0.8151907081411648,0.03,-1.738363630663311
390,ADD1,23071,23072,23072,stop,148.15,148.038389,-11.161125663431903,11.161125663431903,-1.0,0.03,-2.4171322203341052
391,BASE,23088,23089,23090,stop,148.414,148.254837,-15.916337797193592,15.916337797193592,-1.0,0.02,-2.281344612475232
392,BASE,23136,23137,23167,stop,148.34,148.822996,48.29962309855773,12.938728285746492,3.7329497947464714,0.02,6.933634821271977
392,ADD1,23144,23145,23167,stop,148.572,148.822996,25.0996230985578,11.454341894480535,2.1912758785952136,0.03,5.385353402915592
392,ADD2,23146,23147,23167,stop,148.617,148.822996,20.599623098556208,11.25654989881184,1.830012151479074,0.03,4.422019541060661
393,BASE,23193,23194,23205,stop,149.181,149.308619,12.76187852050441,11.301210727219768,1.129248788341458,0.03,2.7094007680255423
393,ADD1,23197,23198,23205,stop,149.385,149.308619,-7.6381214794963626,12.063486036552717,-0.6331603863387938,0.02,-1.0745607722308572
393,ADD2,23198,23199,23199,stop,149.503,149.378839,-12.416094176796832,12.416094176796832,-1.0,0.02,-1.7474644423640713
394,BASE,23256,23257,23294,stop,149.692,149.677882,-1.4118423933183522,15.916242074416687,-0.08870450617157347,0.02,-0.19929840169967614
394,ADD1,23279,23280,23286,stop,149.869,149.76175,-10.7249593263532,10.7249593263532,-1.0,0.03,-2.2494098923796333
395,BASE,23364,23365,23365,stop,149.425,149.246324,-17.867632559998015,17.867632559998015,-1.0,0.01,-1.255725986470541
396,BASE,23438,23439,23439,stop,149.144,148.976252,-16.774764158830635,16.774764158830635,-1.0,0.02,-2.391193646935819
397,BASE,23460,23461,23484,stop,149.455,149.493592,3.8592451765737223,15.688208342135113,0.24599655310598023,0.02,0.5461977286344554
397,ADD1,23462,23463,23477,stop,149.739,149.578413,-16.058710254188213,16.058710254188213,-1.0,0.02,-2.2638538207332304
397,ADD2,23465,23466,23476,stop,149.805,149.654734,-15.02663499579171,15.02663499579171,-1.0,0.02,-2.112691761209472
398,BASE,23532,23533,23534,stop,149.781,149.611463,-16.953712004706745,16.953712004706745,-1.0,0.02,-2.386793226737103
399,BASE,23558,23559,23568,stop,149.792,149.678553,-11.344654625114003,11.344654625114003,-1.0,0.03,-2.394016217135958
399,ADD1,23564,23565,23565,stop,149.912,149.805735,-10.626537590945873,10.626537590945873,-1.0,0.03,-2.2420260634359126
400,BASE,23584,23585,23600,stop,149.743,149.707693,-3.5306648208973,10.885231301739395,-0.3243536791297325,0.03,-0.7494178912838926
400,ADD1,23586,23587,23589,stop,149.862,149.748097,-11.390326989766208,11.390326989766208,-1.0,0.03,-2.414929983082808
400,ADD2,23599,23600,23600,stop,149.976,149.885898,-9.010221606965274,9.010221606965274,-1.0,0.03,-1.9060650395389171
401,BASE,23673,23674,23681,stop,149.943,149.8698,-7.3199688819130415,7.3199688819130415,-1.0,0.04,-2.064181717616389
402,BASE,23690,23691,23694,stop,150.438,150.32953,-10.847043385015809,10.847043385015809,-1.0,0.03,-2.2812345356304715
403,BASE,23763,23764,23795,stop,149.903,151.155657,125.26573662097746,20.661938616714792,6.062632308840653,0.01,8.838724345865394
403,ADD1,23764,23765,23795,stop,150.155,151.155657,100.06573662097935,21.51465728694859,4.651049528066715,0.01,7.056610754390008
403,ADD2,23768,23769,23769,stop,150.414,150.203487,-21.051320459511658,21.051320459511658,-1.0,0.01,-1.4871063737247954
404,BASE,23881,23882,23930,time,150.104,150.938,83.40000000000032,13.224099465924155,6.3066676271533915,0.02,11.90122100382401
404,ADD1,23884,23885,23933,time,150.28,151.033,75.30000000000143,12.525490716706145,6.011740514051751,0.02,10.72947087553086
404,ADD2,23886,23887,23888,stop,150.399,150.277877,-12.112285362871944,12.112285362871944,-1.0,0.02,-1.7221396136732685
405,BASE,23934,23935,23983,time,150.855,151.745,89.00000000000148,12.52025490097708,7.108481472933584,0.02,12.627981499397219
405,ADD1,23936,23937,23942,stop,151.024,150.893131,-13.086852440127927,13.086852440127927,-1.0,0.02,-1.8537086527170576
405,ADD2,23938,23939,23941,stop,151.131,151.003032,-12.796826848887122,12.796826848887122,-1.0,0.02,-1.8100155945534826
406,BASE,24055,24056,24057,stop,151.383,151.231788,-15.121212525457395,15.121212525457395,-1.0,0.02,-2.1670829854706106
407,BASE,24149,24150,24170,stop,148.762,149.112815,35.08153514234493,26.039964857079667,1.3472189895374251,0.01,2.568928867596619
407,ADD1,24152,24153,24153,stop,149.327,149.052312,-27.468805681851904,27.468805681851904,-1.0,0.01,-2.006076695693571
407,ADD2,24158,24159,24170,stop,149.361,149.112815,-24.818464857656863,29.727064574021256,-0.8348777524218095,0.01,-1.8004873443945746
408,BASE,24192,24193,24196,stop,149.496,149.340582,-15.541793443176743,15.541793443176743,-1.0,0.02,-2.2676285223882355
409,BASE,24302,24303,24303,stop,148.375,148.063879,-31.112145345568365,31.112145345568365,-1.0,0.01,-2.297528136824472
410,BASE,24386,24387,24391,stop,147.352,147.129821,-22.21791930573147,22.21791930573147,-1.0,0.01,-1.6283113452832274
411,BASE,24456,24457,24480,stop,145.351,145.814392,46.33923168286458,38.68178716136015,1.1979599466167783,0.01,3.4311798282644985
411,ADD1,24463,24464,24464,stop,146.387,146.002815,-38.41854999606937,38.41854999606937,-1.0,0.01,-2.825548653783268
411,ADD2,24464,24465,24480,stop,146.24,145.848828,-39.11722499635175,39.11722499635175,-1.0,0.01,-2.8797924219527276
412,BASE,24584,24585,24600,stop,142.389,142.543511,15.451122844805809,25.974346159620154,0.5948608965882729,0.01,1.1838501724339046
412,ADD1,24586,24587,24600,stop,142.73,142.543511,-18.64887715519501,26.810533168244888,-0.6955802422192497,0.01,-1.4252260394394012
412,ADD2,24590,24591,24598,stop,142.973,142.721414,-25.158554712052705,25.158554712052705,-1.0,0.01,-1.92088133574024
413,BASE,24602,24603,24603,stop,143.672,143.371505,-30.04945130101646,30.04945130101646,-1.0,0.01,-2.2868478528972607
414,BASE,24729,24730,24730,stop,142.512,142.405381,-10.661914494721714,10.661914494721714,-1.0,0.03,-2.475383431849336
415,BASE,24744,24745,24746,stop,142.718,142.578401,-13.959852357277214,13.959852357277214,-1.0,0.02,-2.1604279371936213
416,BASE,24801,24802,24802,stop,141.907,141.666102,-24.089837575854745,24.089837575854745,-1.0,0.01,-1.8787220630113466
417,BASE,24840,24841,24854,stop,141.151,141.617486,46.64864304768912,8.264699606499448,5.644324085415533,0.03,10.92345857747484
417,ADD1,24841,24842,24846,stop,141.444,141.344685,-9.931506777462573,9.931506777462573,-1.0,0.03,-2.3226390495193954
417,ADD2,24842,24843,24845,stop,141.57,141.455993,-11.400684864787536,11.400684864787536,-1.0,0.02,-1.7755866315397406
418,BASE,24871,24872,24888,stop,142.426,142.940887,51.48872761482437,20.93267345521781,2.4597301307440005,0.01,3.9583683806624403
418,ADD1,24873,24874,24888,stop,142.647,142.940887,29.388727614824006,21.207764356793746,1.3857532137945294,0.01,2.2533369979065823
418,ADD2,24875,24876,24888,stop,142.94,142.940887,0.08872761482336955,22.35822538927721,0.003968455155923174,0.01,0.006779221330433856
419,BASE,24893,24894,24895,stop,143.786,143.512034,-27.39657381057725,27.39657381057725,-1.0,0.01,-2.085770954587863
420,BASE,24912,24913,24926,stop,144.808,145.119267,31.12670759197158,22.67360411803452,1.3728169297625465,0.01,2.354997578403775
420,ADD1,24918,24919,24919,stop,145.249,145.004688,-24.431151311230792,24.431151311230792,-1.0,0.01,-1.8400955439078102
420,ADD2,24923,24924,24926,stop,145.278,145.119267,-15.873292408028306,23.7119631399878,-0.6694212669915812,0.01,-1.194315045350284
421,BASE,24984,24985,25021,stop,144.539,145.245176,70.61761609703296,23.80295376726167,2.966758528689817,0.01,5.332266963887294
421,ADD1,24986,24987,25021,stop,144.856,145.245176,38.91761609703224,23.902036666669346,1.6282133878282286,0.01,2.937884245691212
421,ADD2,24990,24991,24993,stop,145.074,144.837968,-23.60322702094777,23.60322702094777,-1.0,0.01,-1.7795326480888707
422,BASE,25065,25066,25114,time,145.671,147.753,208.19999999999936,21.448915730420026,9.706784371608991,0.01,15.636438574331326
422,ADD1,25081,25082,25129,stop,145.908,147.900736,199.273576687483,17.378354335747304,11.466769110443153,0.01,14.902334350827509
422,ADD2,25084,25085,25129,stop,146.121,147.900736,177.97357668748361,18.340358773920684,9.703931034356618,0.01,13.29078967199098
423,BASE,25153,25154,25154,stop,148.364,148.161814,-20.21855200210325,20.21855200210325,-1.0,0.01,-1.4845949197977513
424,BASE,25203,25204,25206,stop,147.901,147.686081,-21.49185201558339,21.49185201558339,-1.0,0.01,-1.5825297970999892
425,BASE,25281,25282,25282,stop,147.841,147.639752,-20.124833474494608,20.124833474494608,-1.0,0.01,-1.479213968268746
426,BASE,25296,25297,25297,stop,148.218,148.044857,-17.314340634243308,17.314340634243308,-1.0,0.01,-1.267606570649037
427,BASE,25405,25406,25406,stop,147.976,147.691355,-28.464483318896328,28.464483318896328,-1.0,0.01,-2.0787300575814367
428,BASE,25416,25417,25417,stop,148.701,148.45058,-25.042003244075772,25.042003244075772,-1.0,0.01,-1.8184962874467148
429,BASE,25489,25490,25525,stop,148.299,149.111598,81.25981789229968,19.348308574410567,4.199840910113002,0.01,5.905308437838613
429,ADD1,25493,25494,25525,stop,148.59,149.111598,52.1598178923,18.20164882324491,2.865664446052156,0.01,3.781414946577409
429,ADD2,25494,25495,25525,stop,148.736,149.111598,37.5598178922985,18.058673907296452,2.0798768550288056,0.01,2.722867093015228
430,BASE,25562,25563,25572,stop,149.473,149.347633,-12.536668350841751,12.536668350841751,-1.0,0.02,-1.804712135567074
430,ADD1,25568,25569,25570,stop,149.622,149.499836,-12.216426673018077,12.216426673018077,-1.0,0.02,-1.7583323635148724
431,BASE,25645,25646,25647,stop,150.526,150.370526,-15.54739658502342,15.54739658502342,-1.0,0.02,-2.220994660493065
432,BASE,25680,25681,25690,stop,150.279,150.186835,-9.216477769263065,9.216477769263065,-1.0,0.03,-1.9814283355066533
432,ADD1,25685,25686,25687,stop,150.43,150.33637,-9.362993061640168,9.362993061640168,-1.0,0.03,-2.011270650404911
433,BASE,25728,25729,25732,stop,150.4,150.276321,-12.367880733526704,12.367880733526704,-1.0,0.02,-1.7820128945870977
434,BASE,25761,25762,25764,stop,150.756,150.642306,-11.369368894429499,11.369368894429499,-1.0,0.03,-2.4484482930389944
435,BASE,25791,25792,25798,stop,150.757,150.642125,-11.487514881980587,11.487514881980587,-1.0,0.03,-2.4797728967944566
436,BASE,25828,25829,25849,stop,150.631,150.524355,-10.664465603673534,11.831655779303674,-0.9013502254120824,0.02,-1.5341636691509668
436,ADD1,25832,25833,25834,stop,150.796,150.688496,-10.75040401688625,10.75040401688625,-1.0,0.03,-2.3130013705412944
437,BASE,25880,25881,25881,stop,150.659,150.490741,-16.82586949996505,16.82586949996505,-1.0,0.02,-2.4156579480218574
438,BASE,26042,26043,26046,stop,147.429,147.22729,-20.171029816029318,20.171029816029318,-1.0,0.01,-1.4968083811919117
439,BASE,26101,26102,26118,stop,148.004,148.169008,16.50083666525859,20.57484480037033,0.8019908206044688,0.01,1.2158323590257245
439,ADD1,26105,26106,26118,stop,148.286,148.169008,-11.699163334739637,20.527052330888296,-0.5699387883926812,0.01,-0.8589789418372968
439,ADD2,26112,26113,26116,stop,148.456,148.285143,-17.085686166399228,17.085686166399228,-1.0,0.01,-1.2517051960232344
440,BASE,26136,26137,26138,stop,149.291,149.137498,-15.350160216394215,15.350160216394215,-1.0,0.02,-2.2400127894085706
441,BASE,26161,26162,26163,stop,149.307,149.171938,-13.506209353434429,13.506209353434429,-1.0,0.02,-1.9659058153825328
442,BASE,26184,26185,26202,stop,151.164,151.350422,18.642174849406956,20.225578492454588,0.9217128131272814,0.01,1.339721335940823
442,ADD1,26188,26189,26202,stop,151.494,151.350422,-14.357825150594294,18.320987279335554,-0.7836818470360845,0.01,-1.0296047049147596
442,ADD2,26193,26194,26202,stop,151.69,151.507688,-18.231245035377697,18.231245035377697,-1.0,0.01,-1.3028379686513056
443,BASE,26233,26234,26234,stop,151.789,151.591243,-19.77571697536007,19.77571697536007,-1.0,0.01,-1.415094469867878
444,BASE,26295,26296,26297,stop,151.589,151.468346,-12.065372650152995,12.065372650152995,-1.0,0.02,-1.72498518113605
445,BASE,26305,26306,26307,stop,151.738,151.62064,-11.736025020758234,11.736025020758234,-1.0,0.02,-1.6727911468128744
445,ADD1,26306,26307,26307,stop,151.9,151.773094,-12.69059466213207,12.69059466213207,-1.0,0.02,-1.8113143475614804
446,BASE,26389,26390,26400,stop,151.585,151.530969,-5.4031012343983775,8.26150966823036,-0.654008946473307,0.04,-1.5317329147251122
446,ADD1,26390,26391,26393,stop,151.707,151.616929,-9.007116120500314,9.007116120500314,-1.0,0.03,-1.9132508076817876
447,BASE,26401,26402,26402,stop,151.783,151.690221,-9.27793215750512,9.27793215750512,-1.0,0.03,-1.9694556603722175
448,BASE,26436,26437,26438,stop,151.857,151.772002,-8.49982591383025,8.49982591383025,-1.0,0.04,-2.413501389241146
449,BASE,26496,26497,26534,stop,151.72,151.700391,-1.9609148202988536,11.262555033249555,-0.1741092331633274,0.03,-0.41971874192138975
449,ADD1,26503,26504,26509,stop,151.879,151.779524,-9.947642308401328,9.947642308401328,-1.0,0.03,-2.1281547437405837
450,BASE,26556,26557,26580,stop,152.393,152.840533,44.75325117109321,11.164415210566858,4.008562054261051,0.03,9.47712803326942
450,ADD1,26557,26558,26580,stop,152.679,152.840533,16.153251171093075,12.716956981239491,1.270213557765661,0.02,2.2724368075020664
450,ADD2,26558,26559,26561,stop,152.781,152.6487,-13.23003148258124,13.23003148258124,-1.0,0.02,-1.8600367606359134
451,BASE,26599,26600,26604,stop,153.256,153.119054,-13.69459673852873,13.69459673852873,-1.0,0.02,-1.9085447897141643
452,BASE,26616,26617,26630,stop,153.469,153.89262,42.36197723221551,13.240562093176322,3.1994092799162392,0.02,5.87327910835525
452,ADD1,26618,26619,26630,stop,153.718,153.89262,17.461977232215986,14.490076498708504,1.2050990368320256,0.02,2.420229976205803
452,ADD2,26620,26621,26630,stop,153.789,153.89262,10.36197723221619,14.33940269531604,0.7226226539827162,0.02,1.4352265375337927
453,BASE,26646,26647,26653,stop,154.517,154.362059,-15.494087915607224,15.494087915607224,-1.0,0.02,-2.130916292164353
454,BASE,26736,26737,26773,stop,154.682,154.652558,-2.944163551882184,11.876519906755334,-0.24789783328764106,0.03,-0.6086700498259926
454,ADD1,26753,26754,26760,stop,154.821,154.735281,-8.571874171477134,8.571874171477134,-1.0,0.04,-2.360117224850927
455,BASE,26789,26790,26791,stop,154.881,154.805928,-7.507201594776802,7.507201594776802,-1.0,0.04,-2.074565292476787
456,BASE,26808,26809,26820,stop,155.384,155.414319,3.0319013255535765,11.289343019404896,0.2685631325350055,0.03,0.6264769133636509
456,ADD1,26812,26813,26820,stop,155.597,155.483417,-11.358327935684542,11.358327935684542,-1.0,0.03,-2.34413139684228
456,ADD2,26813,26814,26818,stop,155.67,155.553673,-11.63273308313535,11.63273308313535,-1.0,0.03,-2.4016051857805105
457,BASE,26835,26836,26840,stop,155.952,156.187156,23.51559552797937,16.051037921141642,1.4650513968947627,0.02,3.2283038183454122
457,ADD1,26836,26837,26838,stop,156.205,156.036669,-16.833106641058748,16.833106641058748,-1.0,0.02,-2.31246424025276
457,ADD2,26838,26839,26840,stop,156.386,156.193133,-19.286709297648486,19.286709297648486,-1.0,0.01,-1.3212850055335703
458,BASE,26857,26858,26860,stop,159.176,158.798206,-37.779357237289446,37.779357237289446,-1.0,0.01,-2.5396269660632202
459,BASE,26904,26905,26918,stop,157.752,157.502934,-24.906561692475293,24.906561692475293,-1.0,0.01,-1.6829184482102002
460,BASE,26976,26977,27025,time,153.42,155.135,171.50000000000034,30.679817505588858,5.589994137636531,0.01,12.026576541376912
460,ADD1,26978,26979,26988,stop,153.769,153.465465,-30.353516114513468,30.353516114513468,-1.0,0.01,-2.123077767289265
460,ADD2,26999,27000,27000,stop,154.248,154.055192,-19.280819742471067,19.280819742471067,-1.0,0.01,-1.348710487786659
461,BASE,27048,27049,27049,stop,155.633,155.444478,-18.852186491878342,18.852186491878342,-1.0,0.01,-1.3018171704014563
462,BASE,27096,27097,27097,stop,155.936,155.827314,-10.868589111441906,10.868589111441906,-1.0,0.03,-2.2531843762305437
463,BASE,27120,27121,27133,stop,156.303,156.415243,11.22429980941888,11.189812870654237,1.0030819942355862,0.03,2.32255842841729
463,ADD1,27121,27122,27129,stop,156.432,156.316237,-11.576254808463204,11.576254808463204,-1.0,0.03,-2.3943967454705324
463,ADD2,27132,27133,27133,stop,156.591,156.468414,-12.258566730193365,12.258566730193365,-1.0,0.02,-1.6938588646855053
464,BASE,27192,27193,27206,stop,155.454,155.435728,-1.8272263190198146,21.843167402261088,-0.08365207688838523,0.01,-0.12735903120273204
464,ADD1,27193,27194,27206,stop,155.827,155.591956,-23.50436973067076,23.50436973067076,-1.0,0.01,-1.6373878039010061
465,BASE,27228,27229,27230,stop,156.16,155.998274,-16.17261664491707,16.17261664491707,-1.0,0.02,-2.250432957167271
466,BASE,27240,27241,27245,stop,156.438,156.310201,-12.779915003511633,12.779915003511633,-1.0,0.02,-1.7739432501631147
467,BASE,27275,27276,27277,stop,156.592,156.463145,-12.885509719612287,12.885509719612287,-1.0,0.02,-1.78243158111196
468,BASE,27289,27290,27294,stop,156.752,156.624054,-12.794552211704513,12.794552211704513,-1.0,0.02,-1.7674428319399635
469,BASE,27369,27370,27370,stop,156.95,156.842016,-10.798408344572863,10.798408344572863,-1.0,0.03,-2.2463509032516518
470,BASE,27384,27385,27385,stop,157.384,157.272295,-11.170518923009354,11.170518923009354,-1.0,0.03,-2.3126160267317317
471,BASE,27459,27460,27462,stop,157.43,157.26025,-16.975001688427938,16.975001688427938,-1.0,0.02,-2.3405101399857844
472,BASE,27518,27519,27525,stop,156.323,156.027473,-29.55274934109866,29.55274934109866,-1.0,0.01,-2.055803127316919
473,BASE,27564,27565,27567,stop,156.786,156.460512,-32.548775770081306,32.548775770081306,-1.0,0.01,-2.244753167772001
474,BASE,27579,27580,27583,stop,157.158,156.943842,-21.415841841380256,21.415841841380256,-1.0,0.01,-1.4653188322787034
475,BASE,27600,27601,27611,stop,157.222,157.077575,-14.44249997390159,14.44249997390159,-1.0,0.02,-1.9773912659297925
476,BASE,27673,27674,27675,stop,157.264,157.080437,-18.356272843516308,18.356272843516308,-1.0,0.01,-1.2533646249121375
477,BASE,27726,27727,27732,stop,157.973,157.834323,-13.867691310213104,13.867691310213104,-1.0,0.02,-1.8823626677106287
477,ADD1,27727,27728,27729,stop,158.139,157.995514,-14.348570502340863,14.348570502340863,-1.0,0.02,-1.9455024501944091
478,BASE,27771,27772,27799,stop,158.087,158.753838,66.68380216954688,10.39758253988623,6.413394836130489,0.03,13.587480904174086
478,ADD1,27775,27776,27799,stop,158.279,158.753838,47.48380216954615,11.337178647482915,4.188326182906938,0.03,9.640438226583118
478,ADD2,27776,27777,27780,stop,158.446,158.326583,-11.941665886948272,11.941665886948272,-1.0,0.03,-2.42385272054507
479,BASE,27816,27817,27817,stop,159.805,159.671376,-13.362384210765299,13.362384210765299,-1.0,0.02,-1.789360719667636
480,BASE,27864,27865,27889,stop,159.727,160.406901,67.99013873472859,11.480452286110676,5.922252629104576,0.03,13.67500494119476
480,ADD1,27871,27872,27889,stop,159.906,160.406901,50.090138734728384,11.209257048722066,4.468640385085916,0.03,10.045459470178557
480,ADD2,27872,27873,27889,stop,159.964,160.406901,44.29013873472627,11.12288154524208,3.9818943099031565,0.03,8.884217237789882
481,BASE,27912,27913,27913,stop,161.13,160.975714,-15.428641677829091,15.428641677829091,-1.0,0.02,-2.049463271942146
482,BASE,27948,27949,27950,stop,161.362,161.205101,-15.689875793634656,15.689875793634656,-1.0,0.02,-2.091153616287681
483,BASE,27964,27965,27972,stop,161.685,161.536871,-14.81293551319709,14.81293551319709,-1.0,0.02,-1.9656351746931864
484,BASE,27989,27990,27990,stop,161.876,161.755515,-12.048525645954555,12.048525645954555,-1.0,0.03,-2.3988561023344595
485,BASE,28082,28083,28086,stop,161.012,160.863227,-14.877290181317449,14.877290181317449,-1.0,0.02,-2.000365057449988
486,BASE,28105,28106,28107,stop,161.546,161.412288,-13.371191541264693,13.371191541264693,-1.0,0.02,-1.7906299402566426
487,BASE,28200,28201,28221,stop,158.371,158.286126,-8.487438580229423,24.279353059804976,-0.3495743300623842,0.01,-0.583140307506878
487,ADD1,28202,28203,28207,stop,158.702,158.458862,-24.31382993422062,24.31382993422062,-1.0,0.01,-1.6696675726740655
488,BASE,28272,28273,28278,stop,157.22,157.136111,-8.38888209860329,24.74813675973735,-0.33897024976244394,0.01,-0.5802536102701573
488,ADD1,28276,28277,28278,stop,157.485,157.254501,-23.04985511231905,23.04985511231905,-1.0,0.01,-1.5904310907257142
488,ADD2,28277,28278,28278,stop,157.777,157.535037,-24.196294032867627,24.196294032867627,-1.0,0.01,-1.675286642338746
489,BASE,28400,28401,28405,stop,154.306,153.889432,-41.656787873643,41.656787873643,-1.0,0.01,-2.9310894294308785
490,BASE,28444,28445,28453,stop,154.445,154.376739,-6.826148114592456,26.238331163389716,-0.26015938559830987,0.01,-0.4777209123800545
490,ADD1,28446,28447,28447,stop,155.054,154.760603,-29.33968350312739,29.33968350312739,-1.0,0.01,-2.050239520378456
491,BASE,28560,28561,28573,stop,145.051,144.167605,-88.33946582030308,88.33946582030308,-1.0,0.01,-6.685979791559843
492,BASE,28585,28586,28607,stop,146.738,146.281135,-45.68653639423985,79.7664101922436,-0.572754073853036,0.01,-3.3963344336498205
493,BASE,28669,28670,28671,stop,147.785,147.5324,-25.26004861103388,25.26004861103388,-1.0,0.01,-1.865690145733094
494,BASE,28729,28730,28732,stop,147.526,147.243391,-28.260922735628924,28.260922735628924,-1.0,0.01,-2.1094070938082563
495,BASE,28920,28921,28925,stop,144.854,144.574433,-27.95674671910149,27.95674671910149,-1.0,0.01,-2.156786420845483
496,BASE,28980,28981,28983,stop,145.402,145.106835,-29.51653004157322,29.51653004157322,-1.0,0.01,-2.250652674186409
497,BASE,29004,29005,29006,stop,145.642,145.410797,-23.12025147359975,23.12025147359975,-1.0,0.01,-1.7562669732696603
498,BASE,29016,29017,29018,stop,146.197,145.992128,-20.487162121287383,20.487162121287383,-1.0,0.01,-1.5488779367447594
499,BASE,29040,29041,29041,stop,147.13,146.928795,-20.120508017217276,20.120508017217276,-1.0,0.01,-1.517917056307896
500,BASE,29208,29209,29209,stop,142.694,142.360097,-33.390325556428024,33.390325556428024,-1.0,0.01,-2.5784440369066757
501,BASE,29293,29294,29304,stop,141.592,141.575765,-1.6234654436061646,31.851218905251244,-0.050970276787068496,0.01,-0.1273942438587828
501,ADD1,29299,29300,29303,stop,142.23,141.910584,-31.941615588641525,31.941615588641525,-1.0,0.01,-2.4936048879603976
501,ADD2,29300,29301,29302,stop,142.399,142.083256,-31.57435733231182,31.57435733231182,-1.0,0.01,-2.465213311626487
502,BASE,29323,29324,29326,stop,142.448,142.001797,-44.620299619239745,44.620299619239745,-1.0,0.01,-3.4849680622563195
503,BASE,29328,29329,29331,stop,143.498,143.03677,-46.12296291449525,46.12296291449525,-1.0,0.01,-3.556320575220576
504,BASE,29362,29363,29364,stop,144.267,143.816003,-45.09972374664244,45.09972374664244,-1.0,0.01,-3.4898372382444127
505,BASE,29406,29407,29410,stop,144.438,144.131447,-30.65532404646376,30.65532404646376,-1.0,0.01,-2.3585066964997345
506,BASE,29441,29442,29458,stop,144.561,144.353628,-20.73720155859462,28.176005653554625,-0.7359879825967617,0.01,-1.5961616593850458
506,ADD1,29451,29452,29452,stop,144.937,144.691865,-24.513514516851842,24.513514516851842,-1.0,0.01,-1.8869803466507533
507,BASE,29472,29473,29474,stop,145.47,145.164455,-30.554519784695344,30.554519784695344,-1.0,0.01,-2.3486056111051212
508,BASE,29520,29521,29529,stop,143.973,143.638309,-33.46905716037156,33.46905716037156,-1.0,0.01,-2.592964056147883
508,ADD1,29526,29527,29527,stop,144.346,144.020291,-32.570869057960294,32.570869057960294,-1.0,0.01,-2.514029291551079
509,BASE,29554,29555,29594,stop,144.802,146.475977,167.39768132044333,35.85799759535746,4.668349951089191,0.01,12.80291821336219
509,ADD1,29556,29557,29594,stop,145.378,146.475977,109.79768132044398,38.202559151099535,2.874092305862808,0.01,8.328357010753551
509,ADD2,29557,29558,29594,stop,145.751,146.475977,72.49768132044494,38.73094778316499,1.8718282270375315,0.01,5.481065123689051
510,BASE,29604,29605,29618,stop,148.657,148.284162,-37.28378271639485,37.28378271639485,-1.0,0.01,-2.7559042236847864
511,BASE,29665,29666,29695,stop,148.183,148.942254,75.92538917375293,22.847674520295413,3.323112341534321,0.01,5.618553561331967
511,ADD1,29669,29670,29671,stop,148.601,148.381083,-21.99172823756328,21.99172823756328,-1.0,0.01,-1.6252758872235435
511,ADD2,29672,29673,29695,stop,148.729,148.942254,21.325389173753706,22.76097920478435,0.936927580394745,0.01,1.5725890719825888
512,BASE,29736,29737,29760,stop,149.225,149.564268,33.926791884849195,16.594500348602992,2.0444599820509404,0.02,4.965100454595308
512,ADD1,29744,29745,29760,stop,149.432,149.564268,13.226791884849831,14.888982479894253,0.8883610349270673,0.02,1.9348027717448106
512,ADD2,29747,29748,29760,stop,149.65,149.564268,-8.5732081151491,14.92350382956431,-0.574476893165336,0.02,-1.2496218465437945
513,BASE,29800,29801,29806,stop,149.753,149.522757,-23.024329049849257,23.024329049849257,-1.0,0.01,-1.6708793705778302
514,BASE,29816,29817,29817,stop,149.843,149.667855,-17.51445304535366,17.51445304535366,-1.0,0.01,-1.270165953854458
515,BASE,29870,29871,29919,time,150.245,152.82,257.5000000000017,19.22512440798414,13.39393153123434,0.01,18.594303477792888
515,ADD1,29871,29872,29920,time,150.478,152.86,238.20000000000334,19.93761552170099,11.947266198444634,0.01,17.195262297696168
515,ADD2,29873,29874,29881,stop,150.76,150.559466,-20.053352159015958,20.053352159015958,-1.0,0.01,-1.4451410580324715
516,BASE,29976,29977,29983,stop,153.473,153.226656,-24.634368755735636,24.634368755735636,-1.0,0.01,-1.7278180237225353
516,ADD1,29977,29978,29978,stop,153.857,153.596681,-26.0319138446107,26.0319138446107,-1.0,0.01,-1.829253129233347
517,BASE,30048,30049,30050,stop,153.534,153.291211,-24.278932446603108,24.278932446603108,-1.0,0.01,-1.7169724420802537
518,BASE,30120,30121,30133,stop,152.289,152.060661,-22.833895507702096,22.833895507702096,-1.0,0.01,-1.6307676028019797
519,BASE,30144,30145,30175,stop,152.924,153.730577,80.657671694496,35.166168885223215,2.2936155473105364,0.01,5.710515687011987
519,ADD1,30146,30147,30147,stop,154.059,153.63544,-42.35603337552334,42.35603337552334,-1.0,0.01,-2.958882677127945
519,ADD2,30147,30148,30148,stop,153.943,153.496551,-44.64488813441676,44.64488813441676,-1.0,0.01,-3.1244967263678176
520,BASE,30218,30219,30245,stop,153.397,153.438364,4.13636266094386,26.270066481691856,0.15745535565456506,0.01,0.28906583377082296
520,ADD1,30224,30225,30239,stop,153.77,153.519872,-25.012847355324652,25.012847355324652,-1.0,0.01,-1.7395668439969896
520,ADD2,30241,30242,30242,stop,153.966,153.766681,-19.931895138577715,19.931895138577715,-1.0,0.01,-1.3794757752289943
521,BASE,30264,30265,30265,stop,154.94,154.735846,-20.4154154292155,20.4154154292155,-1.0,0.01,-1.4014090230662763
522,BASE,30288,30289,30302,stop,155.726,155.52952,-19.64801181476048,24.1972559283937,-0.8119933877173643,0.01,-1.3311667611813414
522,ADD1,30290,30291,30295,stop,156.013,155.773886,-23.911409448461995,23.911409448461995,-1.0,0.01,-1.6178756543639898
523,BASE,30312,30313,30313,stop,156.637,156.370275,-26.67251724143682,26.67251724143682,-1.0,0.01,-1.7939333665827952
524,BASE,30384,30385,30399,stop,154.927,155.076938,14.993794799579518,32.93326415140996,0.45527812641485754,0.01,1.0271511377585065
524,ADD1,30390,30391,30399,stop,155.365,155.076938,-28.8062052004193,29.11390141509287,-0.9894312957138044,0.01,-1.9596961868038068
524,ADD2,30391,30392,30399,stop,155.667,155.371014,-29.59862274258569,29.59862274258569,-1.0,0.01,-2.0107269049610115
525,BASE,30631,30632,30640,stop,150.391,150.20899,-18.200999060593404,31.75910872496388,-0.5730953981805768,0.01,-1.2719223772679247
525,ADD1,30634,30635,30639,stop,150.873,150.560762,-31.223783479862277,31.223783479862277,-1.0,0.01,-2.173879745872375
525,ADD2,30636,30637,30637,stop,151.179,150.865723,-31.327650041311017,31.327650041311017,-1.0,0.01,-2.1748382901963814
526,BASE,30682,30683,30685,stop,150.581,150.326861,-25.41394854434884,25.41394854434884,-1.0,0.01,-1.7872638856102763
527,BASE,30708,30709,30725,stop,150.776,150.908589,13.258925025013468,21.711442498366296,0.6106883513617832,0.01,0.9288233993330397
527,ADD1,30711,30712,30725,stop,151.035,150.908589,-12.641074974987987,22.56798074668893,-0.5601331867868873,0.01,-0.8851794939606136
527,ADD2,30712,30713,30724,stop,151.246,151.016583,-22.941696407639256,22.941696407639256,-1.0,0.01,-1.6025243471221313
528,BASE,30753,30754,30757,stop,152.687,152.366773,-32.02272001253448,32.02272001253448,-1.0,0.01,-2.203108405420942
529,BASE,30792,30793,30841,time,152.83,154.095,126.50000000000148,25.99542904137877,4.86624013008758,0.01,8.675956037338253
529,ADD1,30800,30801,30842,stop,153.171,153.886253,71.52526141737212,25.53344045311121,2.801238695142506,0.01,4.880884585099039
529,ADD2,30801,30802,30842,stop,153.42,153.886253,46.6252614173726,26.273908992175166,1.7745841104670959,0.01,3.186703609436253
530,BASE,30883,30884,30884,stop,154.655,154.40495,-25.005027340802144,25.005027340802144,-1.0,0.01,-1.6765715162837203
531,BASE,30888,30889,30890,stop,154.832,154.562287,-26.971265723449278,26.971265723449278,-1.0,0.01,-1.809101271765436
532,BASE,30912,30913,30913,stop,157.747,157.426487,-32.05130928401445,32.05130928401445,-1.0,0.01,-2.1118098717948057
533,BASE,30960,30961,30961,stop,157.319,157.136983,-18.201693611612768,18.201693611612768,-1.0,0.02,-2.4100878647738826
534,BASE,31008,31009,31031,stop,157.334,157.727156,39.31563105591067,9.789160208225667,4.016241456838596,0.03,7.789898606806567
534,ADD1,31018,31019,31031,stop,157.45,157.727156,27.715631055909284,10.501401135218202,2.6392317271797463,0.03,5.4875324414990585
534,ADD2,31019,31020,31031,stop,157.601,157.727156,12.615631055908239,10.879872482701103,1.159538503412331,0.03,2.496606746465737
535,BASE,31056,31057,31057,stop,157.952,157.794262,-15.7737735786867,15.7737735786867,-1.0,0.02,-2.084669625458242
536,BASE,31127,31128,31128,stop,157.709,157.6271,-8.19000479355907,8.19000479355907,-1.0,0.04,-2.1536538614082943
537,BASE,31145,31146,31152,stop,157.573,157.28286,-29.014030990660444,29.014030990660444,-1.0,0.01,-1.89079932878538
538,BASE,31176,31177,31187,stop,157.595,157.383305,-21.1695230530637,21.1695230530637,-1.0,0.01,-1.3837318421589535
538,ADD1,31186,31187,31187,stop,157.914,157.726965,-18.703464301032113,18.703464301032113,-1.0,0.02,-2.460409157178846
539,BASE,31200,31201,31205,stop,158.109,157.829402,-27.959755038617118,27.959755038617118,-1.0,0.01,-1.8333356483012584
540,BASE,31235,31236,31238,stop,158.382,158.162779,-21.922148946660514,21.922148946660514,-1.0,0.01,-1.4234881446333467
541,BASE,31276,31277,31280,stop,158.395,158.227508,-16.74917808398675,16.74917808398675,-1.0,0.02,-2.1768190238879823
542,BASE,31321,31322,31349,stop,157.444,157.501113,5.7112586412216615,35.65717261373322,0.16017138271423104,0.01,0.37112134596277585
542,ADD1,31329,31330,31333,stop,157.946,157.62409,-32.19104891242637,32.19104891242637,-1.0,0.01,-2.0928159018280157
543,BASE,31426,31427,31429,stop,156.38,156.15855,-22.144951831108983,22.144951831108983,-1.0,0.01,-1.4617501097388303
544,BASE,31479,31480,31501,stop,156.406,156.165302,-24.069799131339664,27.290030035590007,-0.8819997303025789,0.01,-1.601256842312768
544,ADD1,31493,31494,31494,stop,156.71,156.518449,-19.155076295061235,19.155076295061235,-1.0,0.01,-1.27309096948498
545,BASE,31650,31651,31665,stop,155.146,155.058913,-8.708650422227038,29.09089158401912,-0.2993600384187288,0.01,-0.5819725817491304
545,ADD1,31656,31657,31662,stop,155.707,155.448554,-25.84464501076411,25.84464501076411,-1.0,0.01,-1.6973702658895966
546,BASE,31784,31785,31786,stop,152.396,152.103931,-29.206886839048707,29.206886839048707,-1.0,0.01,-1.982039821879068
547,BASE,31815,31816,31816,stop,152.499,152.283429,-21.557051059789956,21.557051059789956,-1.0,0.01,-1.463249604082706
548,BASE,31824,31825,31854,stop,153.195,154.001822,80.68219056166868,23.02206732005061,3.504558884310104,0.01,5.444247273203417
548,ADD1,31825,31826,31854,stop,153.479,154.001822,52.282190561669495,24.320491082906415,2.149717716778173,0.01,3.5302471207506194
548,ADD2,31828,31829,31831,stop,153.695,153.463645,-23.135538961057023,23.135538961057023,-1.0,0.01,-1.560436251971956
549,BASE,31924,31925,31926,stop,152.151,151.967125,-18.38747779420089,18.38747779420089,-1.0,0.01,-1.2650055363567387
550,BASE,31946,31947,31948,stop,152.038,151.828601,-20.939901106766,20.939901106766,-1.0,0.01,-1.4406831731495848
551,BASE,32040,32041,32042,stop,150.155,149.912322,-24.267788397253298,24.267788397253298,-1.0,0.01,-1.6923146637975819
552,BASE,32097,32098,32100,stop,149.853,149.569028,-28.397179416930385,28.397179416930385,-1.0,0.01,-1.9862732718404004
553,BASE,32119,32120,32143,stop,150.441,150.156678,-28.43215855207859,34.32851681315299,-0.828237313800426,0.01,-1.9641763898647104
554,BASE,32147,32148,32150,stop,151.216,150.898053,-31.79467288262572,31.79467288262572,-1.0,0.01,-2.1986501093726116
555,BASE,32185,32186,32190,stop,149.98,149.580048,-39.99520594111061,39.99520594111061,-1.0,0.01,-2.833000427771045
556,BASE,32292,32293,32294,stop,147.775,147.426616,-34.838431312556395,34.838431312556395,-1.0,0.01,-2.5736112251926304
557,BASE,32304,32305,32322,stop,148.14,148.126,-1.3999999999981583,34.218758017664186,-0.04091323242285589,0.01,-0.10316690422938378
557,ADD1,32311,32312,32312,stop,148.598,148.279869,-31.81306270200821,31.81306270200821,-1.0,0.01,-2.338861471906688
557,ADD2,32316,32317,32317,stop,149.135,148.768089,-36.69113834603195,36.69113834603195,-1.0,0.01,-2.685529880084543
558,BASE,32353,32354,32388,stop,148.181,148.418307,23.73073205640992,26.525856808038384,0.8946264103038726,0.01,1.7352764663337474
558,ADD1,32356,32357,32368,stop,148.511,148.2634,-24.759951679030223,24.759951679030223,-1.0,0.01,-1.8085119521032114
558,ADD2,32359,32360,32366,stop,148.757,148.490603,-26.63969163222646,26.63969163222646,-1.0,0.01,-1.9399973986085077
559,BASE,32400,32401,32417,stop,149.469,149.237621,-23.137924537934396,23.137924537934396,-1.0,0.01,-1.6905285185097243
559,ADD1,32405,32406,32414,stop,149.746,149.524846,-22.11539707313932,22.11539707313932,-1.0,0.01,-1.6115465358885117
560,BASE,32430,32431,32431,stop,149.673,149.426177,-24.682309518959755,24.682309518959755,-1.0,0.01,-1.8053543867628112
561,BASE,32472,32473,32483,stop,148.998,148.938741,-5.925907070326275,22.86574716942482,-0.2591608761532256,0.01,-0.4312626885667531
561,ADD1,32476,32477,32483,stop,149.422,149.189877,-23.21232051504296,23.21232051504296,-1.0,0.01,-1.6808188517428804
561,ADD2,32477,32478,32479,stop,149.569,149.337671,-23.13286904968379,23.13286904968379,-1.0,0.01,-1.6747937358983145
562,BASE,32496,32497,32502,stop,149.746,149.538027,-20.797328805883808,20.797328805883808,-1.0,0.01,-1.5041030648817055
563,BASE,32520,32521,32521,stop,150.94,150.747894,-19.21061153149708,19.21061153149708,-1.0,0.01,-1.3773686901424156
564,BASE,32577,32578,32580,stop,150.937,150.718628,-21.837207931727676,21.837207931727676,-1.0,0.01,-1.558686474964161
565,BASE,32592,32593,32593,stop,150.969,150.757412,-21.15878952980097,21.15878952980097,-1.0,0.01,-1.5152961349688177
566,BASE,32670,32671,32672,stop,149.767,149.552752,-21.42481405487331,21.42481405487331,-1.0,0.01,-1.545118579472994
567,BASE,32750,32751,32770,stop,147.575,146.94814,-62.686030029627204,62.686030029627204,-1.0,0.01,-4.6247369496246336
568,BASE,32802,32803,32808,stop,147.455,146.722172,-73.28284705186263,73.28284705186263,-1.0,0.01,-5.431820836073693
569,BASE,33019,33020,33025,stop,141.617,141.976578,35.95781527426141,31.016843263887495,1.159299641434711,0.01,2.9029959974333743
569,ADD1,33021,33022,33024,stop,142.508,142.150681,-35.731869957126605,35.731869957126605,-1.0,0.01,-2.8339939457503567
569,ADD2,33022,33023,33023,stop,143.02,142.63649,-38.35102210304626,38.35102210304626,-1.0,0.01,-3.048199576702063
570,BASE,33041,33042,33049,stop,143.246,142.800608,-44.53924766272905,44.53924766272905,-1.0,0.01,-3.516289080375525
571,BASE,33075,33076,33079,stop,143.652,143.366676,-28.532361561013886,28.532361561013886,-1.0,0.01,-2.248218569764616
572,BASE,33151,33152,33158,stop,142.814,142.591933,-22.206721538225338,22.206721538225338,-1.0,0.01,-1.768584662946301
572,ADD1,33153,33154,33156,stop,143.117,142.890743,-22.625693571222882,22.625693571222882,-1.0,0.01,-1.79715697263983
573,BASE,33169,33170,33171,stop,143.208,142.979874,-22.812590259292165,22.812590259292165,-1.0,0.01,-1.8031202968598647
574,BASE,33192,33193,33193,stop,145.879,145.560549,-31.845135208092756,31.845135208092756,-1.0,0.01,-2.47036497106097
575,BASE,33293,33294,33318,stop,143.933,145.284754,135.17535434771162,28.45495365413342,4.750503409380032,0.01,10.58242861253235
575,ADD1,33294,33295,33318,stop,144.416,145.284754,86.87535434771121,30.629599821693887,2.8363202540498227,0.01,6.789665304591908
575,ADD2,33296,33297,33301,stop,144.818,144.497826,-32.0173590299305,32.0173590299305,-1.0,0.01,-2.49574247837661
576,BASE,33337,33338,33338,stop,146.101,145.848755,-25.22453852746196,25.22453852746196,-1.0,0.01,-1.9421903664453808
577,BASE,33480,33481,33481,stop,145.279,145.053816,-22.518351827844185,22.518351827844185,-1.0,0.01,-1.7460208076872148
578,BASE,33605,33606,33606,stop,143.269,143.04175,-22.724992144515,22.724992144515,-1.0,0.01,-1.8033090627604478
579,BASE,33625,33626,33631,stop,144.353,144.116828,-23.61716455168903,23.61716455168903,-1.0,0.01,-1.8484326296390652
579,ADD1,33626,33627,33627,stop,144.602,144.351983,-25.0016527979966,25.0016527979966,-1.0,0.01,-1.9579974868513341
580,BASE,33648,33649,33649,stop,146.104,145.795106,-30.889402339440153,30.889402339440153,-1.0,0.01,-2.3787321090607927
581,BASE,33734,33735,33756,stop,143.78,143.584354,-19.564647145219283,25.935662157291972,-0.7543530998578558,0.01,-1.5479096472084632
581,ADD1,33739,33740,33741,stop,144.081,143.840896,-24.01043000938614,24.01043000938614,-1.0,0.01,-1.8970143244816868
582,BASE,33797,33798,33817,stop,143.874,144.474606,60.060588995699504,26.23633852412297,2.2892138299129225,0.01,4.769475659631136
582,ADD1,33801,33802,33817,stop,144.169,144.474606,30.560588995700755,26.008862572561497,1.1750067466595475,0.01,2.4218589627488067
582,ADD2,33804,33805,33817,stop,144.632,144.474606,-15.739411004298631,27.311396163236168,-0.5762946321098528,0.01,-1.237415930845048
583,BASE,33841,33842,33843,stop,145.02,144.8054,-21.460035266417776,21.460035266417776,-1.0,0.01,-1.6860811115544585
584,BASE,33875,33876,33876,stop,145.289,145.093853,-19.514659024747516,19.514659024747516,-1.0,0.01,-1.5416457928918923
585,BASE,33922,33923,33926,stop,144.362,144.045651,-31.63487363611921,31.63487363611921,-1.0,0.01,-2.5243983422054845
586,BASE,33936,33937,33941,stop,144.38,144.140783,-23.92166460230669,23.92166460230669,-1.0,0.01,-1.9125233711593743
587,BASE,33960,33961,33961,stop,145.067,144.825693,-24.130671028194683,24.130671028194683,-1.0,0.01,-1.924143921383127
588,BASE,33984,33985,33987,stop,145.324,145.081771,-24.222882121787848,24.222882121787848,-1.0,0.01,-1.9176601304467622
589,BASE,34017,34018,34031,stop,145.45,145.241348,-20.86518590001276,20.86518590001276,-1.0,0.01,-1.6433066647244166
589,ADD1,34018,34019,34021,stop,145.714,145.495538,-21.846244050013297,21.846244050013297,-1.0,0.01,-1.720371660208538
590,BASE,34045,34046,34069,stop,145.755,147.244074,148.90739877513113,18.686962441350374,7.9685181175100945,0.01,11.751045513866002
590,ADD1,34050,34051,34069,stop,145.981,147.244074,126.30739877513122,17.78788534118405,7.1007540442535575,0.01,9.96240027444641
590,ADD2,34051,34052,34069,stop,146.186,147.244074,105.80739877513281,18.131607816812334,5.835522135936785,0.01,8.344754993022288
591,BASE,34117,34118,34118,stop,145.87,145.645655,-22.434493876039596,22.434493876039596,-1.0,0.01,-1.787371729517678
592,BASE,34231,34232,34236,stop,143.907,143.676093,-23.090729239331154,23.090729239331154,-1.0,0.01,-1.8886028520854916
592,ADD1,34233,34234,34234,stop,144.159,143.924468,-23.453230823707827,23.453230823707827,-1.0,0.01,-1.9188844081916254
593,BASE,34260,34261,34261,stop,145.011,144.74074,-27.02602188612957,27.02602188612957,-1.0,0.01,-2.1922780895879344
594,BASE,34298,34299,34347,time,144.825,147.103,227.800000000002,15.461574795506294,14.733298710698545,0.01,18.508150352475084
594,ADD1,34300,34301,34349,time,144.99,146.982,199.20000000000186,15.796459900207083,12.610420389025927,0.01,16.163884041577443
594,ADD2,34303,34304,34352,stop,145.206,146.615913,140.99127308997197,16.436669971122342,8.577849000903477,0.01,11.393969122659515
595,BASE,34393,34394,34416,stop,146.779,147.048828,26.982822081734525,20.106117327895845,1.342020522495297,0.01,2.1428085792461964
595,ADD1,34394,34395,34398,stop,147.023,146.815086,-20.791394661617346,20.791394661617346,-1.0,0.01,-1.6515823683193296
595,ADD2,34405,34406,34416,stop,147.292,147.056138,-23.58620004184786,23.58620004184786,-1.0,0.01,-1.871185530339461
596,BASE,34431,34432,34476,stop,147.701,148.577375,87.63748999917595,20.134955732518733,4.3525047267741455,0.01,6.9244729528097215
596,ADD1,34451,34452,34452,stop,147.923,147.76781,-15.519043356778184,15.519043356778184,-1.0,0.02,-2.4488885039475012
596,ADD2,34453,34454,34476,stop,148.589,148.577375,-1.1625100008245681,22.20468534334543,-0.05235426590600002,0.01,-0.0908586394330538
597,BASE,34630,34631,34637,stop,147.065,146.844081,-22.091913965712706,22.091913965712706,-1.0,0.01,-1.7663071825654617
597,ADD1,34633,34634,34636,stop,147.37,147.138926,-23.107374264822056,23.107374264822056,-1.0,0.01,-1.8405799908758744
598,BASE,34658,34659,34660,stop,147.841,147.659047,-18.195275539591194,18.195275539591194,-1.0,0.01,-1.4480513540244824
599,BASE,34680,34681,34681,stop,148.695,148.506254,-18.874592396963408,18.874592396963408,-1.0,0.01,-1.4719009015287141
600,BASE,34716,34717,34722,stop,148.86,148.609847,-25.01525339515638,25.01525339515638,-1.0,0.01,-1.9264720743033028
601,BASE,34735,34736,34764,stop,149.404,150.262338,85.83381355710458,30.93632166236091,2.774531972284715,0.01,6.566343526000319
601,ADD1,34737,34738,34764,stop,149.961,150.262338,30.133813557105782,31.714481433363062,0.9501594286011422,0.01,2.298038898816551
601,ADD2,34740,34741,34764,stop,150.198,150.262338,6.433813557106305,31.520085899816763,0.20411789414392767,0.01,0.4882962122314063
602,BASE,34832,34833,34834,stop,147.819,147.62275,-19.62501638980143,19.62501638980143,-1.0,0.01,-1.5368590458292641
603,BASE,34881,34882,34899,stop,147.718,147.465659,-25.234060217005094,25.234060217005094,-1.0,0.01,-1.9879006030166544
604,BASE,34907,34908,34932,stop,147.875,148.029841,15.48407698682297,16.29719885753218,0.9501066485217854,0.01,1.2178795902402169
604,ADD1,34910,34911,34932,stop,148.054,148.029841,-2.4159230131743925,16.37713042638609,-0.14751809079336434,0.01,-0.1893396713443326
604,ADD2,34915,34916,34917,stop,148.239,148.083798,-15.520242100396331,15.520242100396331,-1.0,0.02,-2.4315210093983235
605,BASE,35028,35029,35047,stop,147.733,147.567474,-16.55264740307132,19.021664823702622,-0.8701997199764189,0.01,-1.3072176050420001
605,ADD1,35030,35031,35031,stop,147.951,147.752543,-19.845721200030653,19.845721200030653,-1.0,0.01,-1.5667130313214683
606,BASE,35098,35099,35100,stop,147.853,147.675911,-17.708905930578567,17.708905930578567,-1.0,0.01,-1.3950773545213633
607,BASE,35112,35113,35126,stop,148.484,148.308838,-17.516215307082916,17.516215307082916,-1.0,0.01,-1.3694997286918735
607,ADD1,35115,35116,35118,stop,148.684,148.503538,-18.046182590984472,18.046182590984472,-1.0,0.01,-1.4064093868069314
608,BASE,35188,35189,35190,stop,147.951,147.777233,-17.37674757258958,17.37674757258958,-1.0,0.01,-1.365332674731843
609,BASE,35281,35282,35294,stop,147.549,148.154159,60.515900848824344,15.177728679833535,3.9871513139664363,0.02,9.588825491289507
609,ADD1,35283,35284,35294,stop,147.712,148.154159,44.21590084882325,15.591510953530019,2.8358958269411656,0.02,6.999858228636089
609,ADD2,35285,35286,35294,stop,147.923,148.154159,23.115900848824822,16.23247628135971,1.424052649032334,0.01,1.8275723508924906
610,BASE,35311,35312,35313,stop,148.744,148.506148,-23.785165232428085,23.785165232428085,-1.0,0.01,-1.863677652686126
611,BASE,35376,35377,35378,stop,148.346,148.10215,-24.384982705905145,24.384982705905145,-1.0,0.01,-1.9286918041502632
612,BASE,35424,35425,35436,stop,147.432,147.233222,-19.877776166771355,19.877776166771355,-1.0,0.01,-1.576854621303156
613,BASE,35454,35455,35460,stop,147.733,147.585448,-14.755160128729017,14.755160128729017,-1.0,0.02,-2.33429832327904
613,ADD1,35457,35458,35460,stop,147.971,147.824817,-14.6182896511732,14.6182896511732,-1.0,0.02,-2.309086930484569
614,BASE,35569,35570,35595,stop,147.033,147.701597,66.85970076131298,23.69278873170515,2.821943061174679,0.01,5.376820489048968
614,ADD1,35573,35574,35575,stop,147.359,147.131783,-22.72173414635006,22.72173414635006,-1.0,0.01,-1.8167059956739464
614,ADD2,35580,35581,35595,stop,147.8,147.701597,-9.840299238686612,25.53423405555293,-0.3853767149340688,0.01,-0.7836256613876623
615,BASE,35604,35605,35605,stop,148.168,147.924355,-24.364520662007294,24.364520662007294,-1.0,0.01,-1.9361480797729647
616,BASE,35618,35619,35622,stop,148.361,148.195593,-16.540674702901015,16.540674702901015,-1.0,0.01,-1.3083029618851594
617,BASE,35668,35669,35717,time,147.913,149.71,179.70000000000255,14.10936997435499,12.736217161122216,0.02,28.683803025487805
617,ADD1,35670,35671,35719,time,148.066,149.847,178.10000000000343,14.673895539112891,12.13719966353055,0.02,28.368574323503342
617,ADD2,35672,35673,35721,time,148.271,149.786,151.50000000000148,15.254532378111207,9.931474544404223,0.02,24.05854329646638
618,BASE,35833,35834,35840,stop,147.521,147.326202,-19.47984616196834,19.47984616196834,-1.0,0.01,-1.546951853949811
618,ADD1,35836,35837,35838,stop,147.732,147.54372,-18.827959919039472,18.827959919039472,-1.0,0.01,-1.4928060869875033
619,BASE,35856,35857,35905,time,149.715,152.6,288.50000000000193,30.728272416072855,9.388747798561495,0.01,22.562725257556586
619,ADD1,35859,35860,35868,stop,150.073,149.778541,-29.445850764619763,29.445850764619763,-1.0,0.01,-2.296875874603608
619,ADD2,35864,35865,35868,stop,150.377,150.068357,-30.864275986098733,30.864275986098733,-1.0,0.01,-2.3938455356115984
620,BASE,35934,35935,35937,stop,152.985,152.748669,-23.63311948712692,23.63311948712692,-1.0,0.01,-1.7937906388885283
621,BASE,36000,36001,36003,stop,152.474,152.288041,-18.595919587650656,18.595919587650656,-1.0,0.01,-1.4103859304989215
622,BASE,36096,36097,36099,stop,150.917,150.717512,-19.94884697680277,19.94884697680277,-1.0,0.01,-1.5414315371511784
623,BASE,36124,36125,36125,stop,151.086,150.868066,-21.79341984748646,21.79341984748646,-1.0,0.01,-1.6736120954059253
624,BASE,36168,36169,36204,stop,152.163,152.611436,44.843561336298876,18.351429478690306,2.443600450219491,0.01,3.413806763303758
624,ADD1,36169,36170,36204,stop,152.424,152.611436,18.743561336299308,19.43347023021431,0.9644989347891987,0.01,1.4256648150778224
624,ADD2,36174,36175,36175,stop,152.651,152.465241,-18.575890369686476,18.575890369686476,-1.0,0.01,-1.4124074179697548
625,BASE,36216,36217,36217,stop,152.897,152.744585,-15.241488292042504,15.241488292042504,-1.0,0.02,-2.320922598346999
626,BASE,36282,36283,36288,stop,152.834,152.551735,-28.226518731668193,28.226518731668193,-1.0,0.01,-2.138969297825254
627,BASE,36291,36292,36292,stop,152.969,152.653543,-31.54572890716736,31.54572890716736,-1.0,0.01,-2.398334430311353
628,BASE,36360,36361,36362,stop,154.349,154.232212,-11.67880333133553,11.67880333133553,-1.0,0.02,-1.7417405621404964
629,BASE,36456,36457,36493,stop,153.862,154.043294,18.12940907879863,21.32979469573968,0.8499570360337186,0.01,1.3608812622658077
629,ADD1,36464,36465,36472,stop,154.18,153.982017,-19.798260938205203,19.798260938205203,-1.0,0.01,-1.4860222075252083
629,ADD2,36480,36481,36485,stop,154.32,154.15894,-16.10599672717683,16.10599672717683,-1.0,0.02,-2.4107021409613028
630,BASE,36508,36509,36509,stop,154.75,154.588388,-16.161223237338618,16.161223237338618,-1.0,0.02,-2.418686470894215
631,BASE,36579,36580,36604,stop,154.726,154.953148,22.714767906396105,17.34578117573733,1.3095269493061936,0.01,1.7037765251603478
631,ADD1,36590,36591,36604,stop,155.041,154.953148,-8.785232093603668,15.383585848317693,-0.5710783025639238,0.02,-1.31155800709774
631,ADD2,36591,36592,36604,stop,155.207,155.042867,-16.41332971629481,16.41332971629481,-1.0,0.02,-2.452840988672114
632,BASE,36633,36634,36676,stop,155.963,157.183038,122.00376641598325,18.28746863151025,6.671440912591066,0.01,9.035320502034283
632,ADD1,36634,36635,36637,stop,156.251,156.058831,-19.21693515783147,19.21693515783147,-1.0,0.01,-1.4243192312384583
632,ADD2,36638,36639,36676,stop,156.632,157.183038,55.10376641598498,20.963850610235113,2.628513598979848,0.01,4.066924561961847
633,BASE,36792,36793,36794,stop,156.456,156.306896,-14.910429490083743,14.910429490083743,-1.0,0.02,-2.2117211767202494
634,BASE,36848,36849,36855,stop,156.001,155.831395,-16.960475957031917,16.960475957031917,-1.0,0.01,-1.2628603038438857
635,BASE,36945,36946,36994,time,155.484,156.77,128.60000000000298,16.056761387139318,8.009087069264497,0.02,19.266887012661762
635,ADD1,36950,36951,36998,stop,155.836,156.530805,69.48046155006296,17.772430396775007,3.9094518869333093,0.01,5.187385278490662
635,ADD2,36951,36952,36998,stop,155.866,156.530805,66.48046155006284,18.13868536843586,3.6651201671841784,0.01,4.955299071207531
636,BASE,37108,37109,37141,stop,155.145,155.51343,36.84297065141493,21.640764399495538,1.7024800959560267,0.01,2.785235685440799
636,ADD1,37110,37111,37141,stop,155.377,155.51343,13.642970651414998,21.607597875075157,0.6313969155799807,0.01,1.0270853578295627
636,ADD2,37120,37121,37141,stop,155.606,155.51343,-9.257029348586343,19.915671475439467,-0.46481131002800263,0.01,-0.6992633944667078
637,BASE,37155,37156,37189,stop,155.882,157.269233,138.72329617267383,19.7591739619412,7.020703215623961,0.01,10.418824589845427
637,ADD1,37159,37160,37189,stop,156.741,157.269233,52.82329617267294,27.306374102639097,1.9344676072378169,0.01,3.9418456167954137
637,ADD2,37160,37161,37189,stop,156.938,157.269233,33.12329617267267,26.91306166673826,1.2307516916074106,0.01,2.4684019720332433
638,BASE,37272,37273,37273,stop,156.414,156.293215,-12.078541238196294,12.078541238196294,-1.0,0.02,-1.8216778283510744
