group,kind,sig_i,entry_i,exit_i,reason,entry_fill,exit_px,net_pips,stop_pips,r_mult,lot,pnl_eur
0,BASE,31,32,36,stop,108.795,108.758876,-3.612374417566855,3.612374417566855,-1.0,0.06,-2.234293045425271
0,ADD1,33,34,34,stop,108.847,108.807551,-3.9448534518825795,3.9448534518825795,-1.0,0.03,-1.2184465514040832
1,BASE,111,112,117,stop,108.615,108.508674,-10.632572978771293,10.632572978771293,-1.0,0.02,-2.18329479843999
2,BASE,130,131,179,time,108.686,109.622,93.59999999999928,17.30753317273468,5.408049724119639,0.01,9.582377483443636
2,ADD1,136,137,185,time,109.045,109.478,43.29999999999927,18.379455398839184,2.3558913504441503,0.01,4.4122372955927975
2,ADD2,139,140,140,stop,109.239,109.071627,-16.737340929755362,16.737340929755362,-1.0,0.01,-1.7056473434551591
3,BASE,200,201,223,stop,109.7,109.983466,28.346590049565634,5.740051700058757,4.9383858422870075,0.04,11.491609752451176
3,ADD1,202,203,205,stop,109.9,109.830741,-6.925860904642889,6.925860904642889,-1.0,0.03,-2.103236340301698
3,ADD2,207,208,208,stop,109.931,109.858739,-7.226074092766055,7.226074092766055,-1.0,0.03,-2.19558675865971
4,BASE,272,273,273,stop,110.046,109.983187,-6.281287274228475,6.281287274228475,-1.0,0.03,-1.9111956146850684
5,BASE,288,289,289,stop,110.27,110.199706,-7.029356859452207,7.029356859452207,-1.0,0.03,-2.131678736565331
6,BASE,447,448,463,stop,109.151,109.033715,-11.728537338626666,11.728537338626666,-1.0,0.02,-2.3640141706886197
6,ADD1,454,455,455,stop,109.244,109.141445,-10.25549584973362,10.25549584973362,-1.0,0.01,-1.0356702328225058
7,BASE,504,505,513,stop,109.06,108.933894,-12.610574588188683,12.610574588188683,-1.0,0.01,-1.275882137298193
8,BASE,557,558,606,time,108.823,109.901,107.8000000000003,11.188303331816485,9.63506233277091,0.02,21.895730576418153
8,ADD1,559,560,608,time,108.948,109.945,99.69999999999999,11.473077872841486,8.689908767725267,0.01,10.104871830146282
8,ADD2,561,562,563,stop,109.095,108.976008,-11.899235512807138,11.899235512807138,-1.0,0.01,-1.206945231678264
9,BASE,674,675,685,stop,109.885,109.810309,-7.4691263663950735,7.4691263663950735,-1.0,0.03,-2.225687355851865
10,BASE,704,705,705,stop,110.116,110.039277,-7.67225470852253,7.67225470852253,-1.0,0.03,-2.2851031370572232
11,BASE,782,783,789,stop,109.924,109.877416,-4.658407135956111,4.658407135956111,-1.0,0.05,-2.2963653590262902
12,BASE,816,817,840,stop,109.92,111.116107,119.61065634524743,6.5271096091350955,18.325210316346595,0.03,35.23450685961361
12,ADD1,818,819,840,stop,110.042,111.116107,107.41065634524745,7.418273081346172,14.479199561329166,0.03,31.618305620770762
12,ADD2,823,824,840,stop,110.128,111.116107,98.8106563452476,6.989257391251158,14.137504288929806,0.02,19.367537929073396
13,BASE,847,848,871,stop,111.695,111.790548,9.554842041859501,16.330230250898126,0.5851014893886145,0.01,0.9228867800222351
13,ADD1,849,850,856,stop,111.983,111.811831,-17.116882206131834,17.116882206131834,-1.0,0.01,-1.6476807631677353
13,ADD2,850,851,851,stop,112.166,111.988058,-17.794247762836335,17.794247762836335,-1.0,0.01,-1.716840338942661
14,BASE,1157,1158,1159,stop,104.711,104.162636,-54.836387301165246,54.836387301165246,-1.0,0.01,-5.950837663844839
15,BASE,1214,1215,1223,stop,105.071,104.565295,-50.5705190076327,50.5705190076327,-1.0,0.01,-5.3343381314744756
16,BASE,1232,1233,1248,stop,105.852,106.494,64.19999999999959,49.87340214637328,1.28725928525147,0.01,6.769450226797871
17,BASE,1287,1288,1301,stop,107.418,106.956909,-46.10907261813111,46.10907261813111,-1.0,0.01,-4.703368885037279
18,BASE,1309,1310,1345,stop,107.965,110.134856,216.9856464731808,35.453568948851455,6.120276544971369,0.01,21.909581195802264
18,ADD1,1322,1323,1326,stop,109.077,108.638047,-43.89526810288942,43.89526810288942,-1.0,0.01,-4.3760711216113055
18,ADD2,1331,1332,1345,stop,109.909,110.134856,22.58564647318053,45.922896627519094,0.4918166782111515,0.01,2.212497944407117
19,BASE,1359,1360,1364,stop,111.308,110.842793,-46.52070863148339,46.52070863148339,-1.0,0.01,-4.467382063853242
20,BASE,1384,1385,1391,stop,111.232,110.785886,-44.61141400110478,44.61141400110478,-1.0,0.01,-4.315741770761964
21,BASE,1408,1409,1414,stop,111.488,111.114046,-37.39544113178539,37.39544113178539,-1.0,0.01,-3.617290302545307
22,BASE,1512,1513,1516,stop,108.533,108.209463,-32.35374699583673,32.35374699583673,-1.0,0.01,-3.2864642724117226
23,BASE,1574,1575,1575,stop,107.946,107.689364,-25.663616846458126,25.663616846458126,-1.0,0.01,-2.5829228481864646
24,BASE,1591,1592,1633,stop,108.23,108.864739,63.47393150014966,21.5050553548366,2.9515818700682415,0.01,6.32775212449119
24,ADD1,1593,1594,1596,stop,108.47,108.255839,-21.416093647793844,21.416093647793844,-1.0,0.01,-2.133854629117211
24,ADD2,1596,1597,1600,stop,108.593,108.378419,-21.458147865962474,21.458147865962474,-1.0,0.01,-2.133094128438102
25,BASE,1789,1790,1790,stop,107.847,107.6867,-16.029983964057237,16.029983964057237,-1.0,0.01,-1.6218916130241314
26,BASE,1801,1802,1806,stop,107.9,107.72656,-17.344002258643343,17.344002258643343,-1.0,0.01,-1.750000966033368
27,BASE,1909,1910,1913,stop,107.856,107.728664,-12.733639778882377,12.733639778882377,-1.0,0.01,-1.2820101671356212
28,BASE,1933,1934,1934,stop,107.839,107.688628,-15.037192309601721,15.037192309601721,-1.0,0.01,-1.5080089444219693
29,BASE,2040,2041,2042,stop,106.796,106.669826,-12.617418607965192,12.617418607965192,-1.0,0.01,-1.2839384705355448
30,BASE,2169,2170,2176,stop,106.458,106.337818,-12.018201664194805,12.018201664194805,-1.0,0.02,-2.4369931978057355
30,ADD1,2171,2172,2172,stop,106.6,106.478159,-12.184061639024435,12.184061639024435,-1.0,0.01,-1.2345287623710623
30,ADD2,2173,2174,2175,stop,106.612,106.482102,-12.989828658139402,12.989828658139402,-1.0,0.01,-1.3130382458783505
31,BASE,2196,2197,2197,stop,106.675,106.556905,-11.809529789967144,11.809529789967144,-1.0,0.02,-2.4003177766721313
32,BASE,2208,2209,2210,stop,106.982,106.860883,-12.111718292474905,12.111718292474905,-1.0,0.02,-2.4580203583964604
33,BASE,2297,2298,2310,stop,107.266,107.140339,-12.566093211016494,12.566093211016494,-1.0,0.01,-1.2636993408657642
33,ADD1,2299,2300,2300,stop,107.346,107.221956,-12.404437513581001,12.404437513581001,-1.0,0.02,-2.4986068058927686
33,ADD2,2303,2304,2305,stop,107.363,107.246425,-11.657523943809167,11.657523943809167,-1.0,0.02,-2.3460753365243296
34,BASE,2340,2341,2341,stop,107.458,107.358107,-9.989265006100823,9.989265006100823,-1.0,0.02,-2.014990626049209
35,BASE,2358,2359,2359,stop,107.52,107.419251,-10.074885534974953,10.074885534974953,-1.0,0.02,-2.052718418488059
36,BASE,2448,2449,2480,stop,107.682,107.73103,4.903046533242161,7.877461202191682,0.6224145581165194,0.03,1.4894843460785991
36,ADD1,2451,2452,2452,stop,107.733,107.658112,-7.4888419319293575,7.4888419319293575,-1.0,0.02,-1.5148653097123463
36,ADD2,2455,2456,2458,stop,107.76,107.686659,-7.334092940905634,7.334092940905634,-1.0,0.02,-1.4809781201083227
37,BASE,2509,2510,2513,stop,107.776,107.669158,-10.68418873976782,10.68418873976782,-1.0,0.02,-2.1775984887779685
38,BASE,2603,2604,2617,stop,107.914,108.442115,52.81145952815223,9.522469684357304,5.545983476839664,0.02,10.901296408487957
38,ADD1,2605,2606,2617,stop,108.345,108.442115,9.711459528152488,13.219374370696357,0.7346383615309412,0.01,1.0009229199607557
38,ADD2,2606,2607,2617,stop,108.58,108.442115,-13.788540471847455,14.989419058503017,-0.9198849146875814,0.01,-1.419650574189963
39,BASE,2644,2645,2650,stop,109.03,108.91301,-11.698975366923037,11.698975366923037,-1.0,0.02,-2.406658009790789
40,BASE,2664,2665,2688,stop,109.064,109.531811,46.78106136834259,13.1649383442479,3.5534584473601,0.01,4.860419571542286
40,ADD1,2667,2668,2668,stop,109.218,109.09459,-12.341023885683455,12.341023885683455,-1.0,0.01,-1.282268438420393
40,ADD2,2669,2670,2688,stop,109.286,109.531811,24.58106136834317,12.922617534083258,1.902173557602467,0.01,2.556599446377026
41,BASE,2788,2789,2808,stop,107.148,107.167133,1.9132852351688712,16.836013621639268,0.11364241430107497,0.01,0.20148651819189417
41,ADD1,2792,2793,2808,stop,107.301,107.167133,-13.386714764831709,17.494645071002424,-0.7651892742322817,0.01,-1.4100027098695698
42,BASE,2834,2835,2835,stop,107.627,107.479762,-14.723830825009543,14.723830825009543,-1.0,0.01,-1.5545346230706605
43,BASE,2954,2955,2960,stop,107.175,107.075432,-9.956803422123528,9.956803422123528,-1.0,0.02,-2.0946709278222477
44,BASE,3002,3003,3007,stop,107.205,107.089293,-11.570690672850503,11.570690672850503,-1.0,0.02,-2.426968713852004
45,BASE,3049,3050,3050,stop,107.278,107.187288,-9.071187080165544,9.071187080165544,-1.0,0.02,-1.901674419773099
46,BASE,3086,3087,3087,stop,107.879,107.76008,-11.892024101214815,11.892024101214815,-1.0,0.02,-2.4797393684304936
47,BASE,3096,3097,3097,stop,108.099,107.988952,-11.004794239477178,11.004794239477178,-1.0,0.02,-2.2925651106178204
48,BASE,3168,3169,3174,stop,107.669,107.620252,-4.8748405524577265,4.8748405524577265,-1.0,0.04,-2.0389243148770655
48,ADD1,3170,3171,3172,stop,107.705,107.651094,-5.390551292680357,5.390551292680357,-1.0,0.04,-2.258058616266364
49,BASE,3201,3202,3204,stop,107.744,107.65954,-8.446006414480678,8.446006414480678,-1.0,0.02,-1.768027016593141
50,BASE,3301,3302,3302,stop,107.272,107.197644,-7.4356316233320285,7.4356316233320285,-1.0,0.03,-2.3618967289000246
51,BASE,3312,3313,3313,stop,107.256,107.176451,-7.954866075614575,7.954866075614575,-1.0,0.02,-1.6835236024353573
52,BASE,3377,3378,3388,stop,107.317,107.216919,-10.00812117573986,10.00812117573986,-1.0,0.02,-2.1208428828374473
53,BASE,3408,3409,3412,stop,107.392,107.297661,-9.433938980485834,9.433938980485834,-1.0,0.02,-2.006673134238339
54,BASE,3605,3606,3607,stop,105.286,105.15527,-13.073000566991766,13.073000566991766,-1.0,0.01,-1.461423879018099
55,BASE,3637,3638,3650,stop,105.687,105.811588,12.458812072719638,21.99986698860812,0.566313063582203,0.01,1.3943951308615257
55,ADD1,3648,3649,3649,stop,106.17,105.974955,-19.50452899953632,19.50452899953632,-1.0,0.01,-2.1640452550288587
56,BASE,3754,3755,3756,stop,105.67,105.566335,-10.366515130576204,10.366515130576204,-1.0,0.02,-2.3201327592190912
57,BASE,3778,3779,3780,stop,106.17,106.067038,-10.296205327820473,10.296205327820473,-1.0,0.02,-2.279344621963287
58,BASE,3798,3799,3800,stop,106.176,106.073469,-10.253073704664928,10.253073704664928,-1.0,0.02,-2.2677991225933396
59,BASE,3818,3819,3840,stop,106.722,106.702208,-1.9792221040006552,12.483458273986514,-0.15854758037082003,0.01,-0.21729224732896738
59,ADD1,3823,3824,3840,stop,106.796,106.702208,-9.379222104001883,11.424315153142572,-0.8209876897016334,0.01,-1.0311392345413612
59,ADD2,3824,3825,3829,stop,106.815,106.70256,-11.244006927917383,11.244006927917383,-1.0,0.01,-1.2370429242361516
60,BASE,3858,3859,3870,stop,106.926,106.804892,-12.1107955182012,12.1107955182012,-1.0,0.01,-1.3363987953933587
61,BASE,3954,3955,3972,stop,105.91,105.809812,-10.01883815993665,15.420881840847755,-0.6496929464434485,0.01,-1.1195980327541069
61,ADD1,3956,3957,3968,stop,106.107,105.954565,-15.243515464811708,15.243515464811708,-1.0,0.01,-1.7017565109768715
62,BASE,4032,4033,4033,stop,106.003,105.924521,-7.8478665028583805,7.8478665028583805,-1.0,0.02,-1.7481868154651476
63,BASE,4095,4096,4109,stop,106.422,106.506003,8.400336479778048,16.924234257652415,0.4963495749286131,0.01,0.9309340747853504
63,ADD1,4104,4105,4109,stop,106.662,106.5178,-14.419976819122837,14.419976819122837,-1.0,0.01,-1.5961419356954274
63,ADD2,4106,4107,4109,stop,106.805,106.662062,-14.293755522611207,14.293755522611207,-1.0,0.01,-1.583436699477872
64,BASE,4166,4167,4175,stop,106.015,105.865503,-14.949674238454236,14.949674238454236,-1.0,0.01,-1.6866161714652097
65,BASE,4184,4185,4214,stop,106.2,106.256842,5.684221124782596,11.56638050398442,0.49144337961426043,0.01,0.6353784856286983
65,ADD1,4187,4188,4188,stop,106.282,106.166462,-11.553840367075452,11.553840367075452,-1.0,0.01,-1.290692419990271
65,ADD2,4194,4195,4195,stop,106.305,106.195877,-10.912278060585834,10.912278060585834,-1.0,0.02,-2.4308431348795976
66,BASE,4320,4321,4323,stop,106.191,106.108047,-8.295294185742819,8.295294185742819,-1.0,0.02,-1.8457533572843685
67,BASE,4501,4502,4522,stop,104.605,104.484533,-12.046747954128989,16.107880042527256,-0.7478791698425702,0.01,-1.3544395068661261
67,ADD1,4503,4504,4513,stop,104.707,104.542585,-16.44148840401556,16.44148840401556,-1.0,0.01,-1.8429078041040647
68,BASE,4526,4527,4575,time,104.988,105.419,43.09999999999974,14.431487430914558,2.986525138612714,0.01,4.801803617325054
68,ADD1,4536,4537,4543,stop,105.116,104.992964,-12.303637655121236,12.303637655121236,-1.0,0.01,-1.3662897786218906
68,ADD2,4548,4549,4590,stop,105.183,105.291362,10.836186036472384,12.093446405236818,0.8960378764964796,0.01,1.2042026870218094
69,BASE,4584,4585,4587,stop,105.52,105.431826,-8.817409324639414,8.817409324639414,-1.0,0.02,-1.9503458519612082
70,BASE,4638,4639,4639,stop,105.665,105.574371,-9.062912105299858,9.062912105299858,-1.0,0.02,-2.005242280517085
71,BASE,4656,4657,4657,stop,105.802,105.716746,-8.525388013627833,8.525388013627833,-1.0,0.02,-1.8941488704911102
72,BASE,4736,4737,4741,stop,105.646,105.559501,-8.649933590042735,8.649933590042735,-1.0,0.02,-1.9251159840337133
73,BASE,4781,4782,4824,stop,105.757,105.934132,17.713228539331283,6.791620251610198,2.60810055378637,0.03,5.899288646454933
73,ADD1,4783,4784,4824,stop,105.869,105.934132,6.513228539331806,7.7488970536848,0.8405362071799105,0.02,1.4456839177236902
73,ADD2,4784,4785,4788,stop,105.995,105.912832,-8.216832978420996,8.216832978420996,-1.0,0.02,-1.8221018460180032
74,BASE,4968,4969,4978,stop,105.389,105.322311,-6.66892522579019,6.66892522579019,-1.0,0.03,-2.224415456992096
74,ADD1,4971,4972,4974,stop,105.44,105.374074,-6.5925760645271225,6.5925760645271225,-1.0,0.02,-1.4639705816862785
74,ADD2,4974,4975,4976,stop,105.442,105.380288,-6.171169684316169,6.171169684316169,-1.0,0.02,-1.3717184606814603
75,BASE,4992,4993,5000,stop,105.564,105.493269,-7.073104127307772,7.073104127307772,-1.0,0.03,-2.3656015410050077
76,BASE,5092,5093,5095,stop,104.906,104.830157,-7.584264031778787,7.584264031778787,-1.0,0.02,-1.711508376383964
77,BASE,5175,5176,5183,stop,104.695,104.574042,-12.095828162588873,12.095828162588873,-1.0,0.01,-1.3474430806712094
78,BASE,5199,5200,5220,stop,104.561,104.660713,9.971279667152544,13.492171917697249,0.739041847967675,0.01,1.1108200662473864
78,ADD1,5201,5202,5220,stop,104.664,104.660713,-0.32872033284689905,13.22539313311637,-0.02485524093977847,0.01,-0.0365689319966169
78,ADD2,5208,5209,5210,stop,104.755,104.650087,-10.491251171623617,10.491251171623617,-1.0,0.01,-1.166454953008783
79,BASE,5258,5259,5259,stop,105.204,105.023435,-18.056480079093262,18.056480079093262,-1.0,0.01,-1.9984416396487377
80,BASE,5339,5340,5353,stop,104.212,105.024347,81.23473315008027,16.283197621837076,4.98886858936957,0.01,9.188652744081933
80,ADD1,5341,5342,5353,stop,104.876,105.024347,14.834733150080126,21.603369378013326,0.6866860854204562,0.01,1.6770794408687522
80,ADD2,5344,5345,5348,stop,105.593,105.345919,-24.708127741797625,24.708127741797625,-1.0,0.01,-2.76652025429396
81,BASE,5384,5385,5386,stop,105.517,105.37227,-14.472974142914552,14.472974142914552,-1.0,0.01,-1.6188257059631268
82,BASE,5530,5531,5531,stop,104.126,104.007283,-11.871703124189992,11.871703124189992,-1.0,0.01,-1.3494965404544883
83,BASE,5582,5583,5585,stop,104.053,104.277412,22.441237276817105,8.49983726576653,2.6401961090714265,0.02,5.090452013733505
83,ADD1,5584,5585,5585,stop,104.426,104.306471,-11.952920907727105,11.952920907727105,-1.0,0.01,-1.3549278516019008
84,BASE,5592,5593,5597,stop,104.611,104.484296,-12.670404628489962,12.670404628489962,-1.0,0.01,-1.4354638238221438
85,BASE,5697,5698,5699,stop,104.042,103.936899,-10.51008511284266,10.51008511284266,-1.0,0.02,-2.4217463959550964
86,BASE,5715,5716,5719,stop,104.441,104.33416,-10.684001387544129,10.684001387544129,-1.0,0.02,-2.4483717744659876
87,BASE,5743,5744,5750,stop,104.57,104.478157,-9.184297991272672,9.184297991272672,-1.0,0.02,-2.118801168310977
87,ADD1,5745,5746,5749,stop,104.704,104.606028,-9.797175308800377,9.797175308800377,-1.0,0.01,-1.1282171568169155
88,BASE,5816,5817,5821,stop,104.233,104.132856,-10.014416250336922,10.014416250336922,-1.0,0.02,-2.3207088587640365
89,BASE,5863,5864,5864,stop,104.229,104.169822,-5.917840843055444,5.917840843055444,-1.0,0.03,-2.0673642093481734
90,BASE,5882,5883,5893,stop,104.436,104.354644,-8.135584840573529,8.135584840573529,-1.0,0.02,-1.8835274930904191
90,ADD1,5887,5888,5893,stop,104.49,104.416347,-7.365317468560306,7.365317468560306,-1.0,0.02,-1.7034340062226905
91,BASE,5952,5953,5962,stop,104.112,104.011994,-10.000565749288626,10.000565749288626,-1.0,0.02,-2.33641502078687
92,BASE,6032,6033,6035,stop,103.47,103.361873,-10.812701606130304,10.812701606130304,-1.0,0.01,-1.2801506083144643
93,BASE,6055,6056,6056,stop,103.607,103.500157,-10.684317987031022,10.684317987031022,-1.0,0.01,-1.2570137931332124
94,BASE,6129,6130,6141,stop,103.661,103.587368,-7.363239921882325,7.363239921882325,-1.0,0.02,-1.732451806223558
95,BASE,6179,6180,6180,stop,103.701,103.636864,-6.413622819199816,6.413622819199816,-1.0,0.03,-2.2651416179277137
96,BASE,6288,6289,6290,stop,103.071,103.039736,-3.1264128873402797,3.1264128873402797,-1.0,0.06,-2.228242664279504
97,BASE,6349,6350,6355,stop,103.183,103.079522,-10.347751716048492,11.650468874026387,-0.8881832849764374,0.01,-1.2346774273390972
97,ADD1,6351,6352,6352,stop,103.393,103.2678,-12.52004714138053,12.52004714138053,-1.0,0.01,-1.48877511203937
98,BASE,6368,6369,6397,stop,103.4,103.740732,34.07316393354165,11.68711956796642,2.9154458235315586,0.01,4.0434308165343555
98,ADD1,6370,6371,6373,stop,103.68,103.551881,-12.811853096869186,12.811853096869186,-1.0,0.01,-1.5140101367458052
98,ADD2,6372,6373,6397,stop,103.626,103.740732,11.473163933541741,12.982669251893242,0.8837292016715768,0.01,1.3586460853169542
99,BASE,6408,6409,6449,stop,104.067,104.073137,0.6136753364756942,13.120322727563405,0.0467728842665184,0.01,0.07180694216203183
99,ADD1,6412,6413,6416,stop,104.201,104.078461,-12.253882169459018,12.253882169459018,-1.0,0.01,-1.4315661032758822
99,ADD2,6420,6421,6425,stop,104.184,104.074494,-10.950615616872028,10.950615616872028,-1.0,0.01,-1.277139503250691
100,BASE,6482,6483,6495,stop,104.044,103.925153,-11.884690474128945,11.884690474128945,-1.0,0.01,-1.3877731935763506
101,BASE,6528,6529,6529,stop,103.823,103.730446,-9.25543041675354,9.25543041675354,-1.0,0.02,-2.154698750724805
102,BASE,6554,6555,6555,stop,104.061,103.982921,-7.807929335773167,7.807929335773167,-1.0,0.02,-1.8159368434687733
103,BASE,6631,6632,6632,stop,103.682,103.611438,-7.0561579980420674,7.0561579980420674,-1.0,0.03,-2.4833473886794835
104,BASE,6649,6650,6650,stop,103.847,103.779084,-6.791617981713216,6.791617981713216,-1.0,0.03,-2.388509237644092
105,BASE,6707,6708,6739,stop,103.844,104.175504,33.150351996803806,6.594030563756803,5.02732762250303,0.03,11.606198531030518
105,ADD1,6709,6710,6739,stop,103.991,104.175504,18.45035199680325,7.550465128953476,2.4436046894716985,0.02,4.292834010050614
105,ADD2,6710,6711,6739,stop,104.101,104.175504,7.450351996803306,8.596860476885126,0.8666363746201879,0.02,1.728543500220895
106,BASE,6744,6745,6756,stop,104.468,104.623183,15.518334439006765,9.447400823843566,1.6426035825474068,0.02,3.596918313123572
106,ADD1,6751,6752,6756,stop,104.559,104.623183,6.418334439007367,8.429326286324113,0.7614291131926624,0.01,0.742356843864853
106,ADD2,6752,6753,6756,stop,104.645,104.623183,-2.181665560992485,8.791517265872528,-0.24815575002751952,0.01,-0.25202590574417555
107,BASE,6778,6779,6817,stop,104.913,104.9279,1.4899879496624635,9.100608071116767,0.1637239993216873,0.02,0.3431846428417951
107,ADD1,6782,6783,6783,stop,104.982,104.887199,-9.48006474175287,9.48006474175287,-1.0,0.01,-1.0922889462207537
107,ADD2,6785,6786,6787,stop,105.004,104.91475,-8.92500081546359,8.92500081546359,-1.0,0.01,-1.0258490631315216
108,BASE,6843,6844,6872,stop,105.125,105.441758,31.675825904831356,6.066107085689509,5.221771633335895,0.03,10.863653407721698
108,ADD1,6846,6847,6848,stop,105.206,105.146315,-5.968526700895893,5.968526700895893,-1.0,0.02,-1.3626962419116926
108,ADD2,6847,6848,6872,stop,105.203,105.441758,23.87582590483106,6.056489079404059,3.9421892109116743,0.01,2.724063155121179
109,BASE,6875,6876,6877,stop,105.622,105.537615,-8.43854328345941,8.43854328345941,-1.0,0.02,-1.9131687238289157
110,BASE,6984,6985,6994,stop,104.758,104.931211,17.32114945072709,6.618109704450603,2.6172351659687383,0.03,6.013657705377854
110,ADD1,6986,6987,6988,stop,104.835,104.769385,-6.561533367612071,6.561533367612071,-1.0,0.02,-1.5173405066866634
110,ADD2,6989,6990,6990,stop,104.876,104.809862,-6.613844318019346,6.613844318019346,-1.0,0.02,-1.5308013238692983
111,BASE,7015,7016,7041,stop,105.19,105.369836,17.9835814650815,7.991543167653958,2.2503265123900795,0.02,4.147410514160696
111,ADD1,7017,7018,7019,stop,105.386,105.297129,-8.887095894559138,8.887095894559138,-1.0,0.02,-2.047417792818965
111,ADD2,7032,7033,7037,stop,105.495,105.421754,-7.324558652302926,7.324558652302926,-1.0,0.02,-1.685082388817189
112,BASE,7135,7136,7137,stop,105.825,105.71544,-10.955976659860767,10.955976659860767,-1.0,0.01,-1.2550844511159587
113,BASE,7177,7178,7226,stop,105.426,105.970331,54.43312236702127,11.057927069332152,4.92254307934306,0.01,6.27506124382693
113,ADD1,7179,7180,7226,stop,105.521,105.970331,44.93312236702138,11.066784054679601,4.06017883289422,0.01,5.175100512336593
113,ADD2,7181,7182,7226,stop,105.54,105.970331,43.03312236702084,10.624420945106294,4.050396966513482,0.01,4.955436802166082
114,BASE,7250,7251,7252,stop,106.654,106.52045,-13.354972835647061,13.354972835647061,-1.0,0.01,-1.514258715687815
115,BASE,7272,7273,7274,stop,106.888,106.78055,-10.744979817228284,10.744979817228284,-1.0,0.02,-2.42059093463274
116,BASE,7306,7307,7309,stop,106.96,106.87929,-8.070997620228582,8.070997620228582,-1.0,0.02,-1.822327605931853
117,BASE,7327,7328,7358,stop,107.168,108.151779,98.37788699154117,8.296022204429221,11.858440655934784,0.02,22.097474711303953
117,ADD1,7331,7332,7358,stop,107.353,108.151779,79.87788699154237,8.839306283337578,9.036669217143789,0.02,17.90716033609086
117,ADD2,7332,7333,7358,stop,107.396,108.151779,75.57788699154173,8.715070120241819,8.672091669808005,0.01,8.461384608905204
118,BASE,7380,7381,7381,stop,108.692,108.580433,-11.156701682158143,11.156701682158143,-1.0,0.02,-2.43433316239363
119,BASE,7392,7393,7399,stop,109.082,108.968554,-11.34456150242329,11.34456150242329,-1.0,0.02,-2.4613197870454107
119,ADD1,7394,7395,7395,stop,109.207,109.09434,-11.265973948518138,11.265973948518138,-1.0,0.01,-1.2241143353859827
120,BASE,7470,7471,7497,stop,108.869,109.008421,13.942127301784524,11.190799040197419,1.245856283515084,0.02,3.055100387452063
120,ADD1,7472,7473,7475,stop,109.091,108.970753,-12.024719580578846,12.024719580578846,-1.0,0.01,-1.3150566502899683
120,ADD2,7490,7491,7496,stop,109.146,109.030125,-11.587500283287966,11.587500283287966,-1.0,0.01,-1.2689312043880658
121,BASE,7552,7553,7554,stop,109.251,109.159199,-9.180094123344418,9.180094123344418,-1.0,0.02,-2.000219182739029
122,BASE,7669,7670,7672,stop,108.888,108.776715,-11.128456919105645,11.128456919105645,-1.0,0.02,-2.4170616858990774
123,BASE,7681,7682,7730,stop,108.928,109.576327,64.83271187606192,9.23958343616107,7.0168435973342,0.02,14.066027448667649
123,ADD1,7687,7688,7730,stop,109.084,109.576327,49.23271187606133,8.773520424885817,5.611511627238512,0.02,10.65438004804253
123,ADD2,7688,7689,7690,stop,109.135,109.044746,-9.025411823108698,9.025411823108698,-1.0,0.01,-0.9769363578949251
124,BASE,7751,7752,7784,stop,109.846,110.569423,72.34232609319804,8.262238311601777,8.755778200153758,0.02,15.49978197144301
124,ADD1,7754,7755,7784,stop,109.971,110.569423,59.84232609319804,8.5885705432176,6.967670090391883,0.02,12.80602594452318
124,ADD2,7756,7757,7784,stop,109.949,110.569423,62.0423260931986,8.073308274508406,7.684870189968861,0.01,6.636964041245927
125,BASE,7956,7957,7957,stop,109.885,109.760216,-12.478364795788366,12.478364795788366,-1.0,0.01,-1.3499280574452537
126,BASE,8071,8072,8073,stop,108.901,108.802561,-9.843856560581798,9.843856560581798,-1.0,0.02,-2.1675620140921703
127,BASE,8220,8221,8222,stop,108.082,107.966837,-11.51628570924288,11.51628570924288,-1.0,0.01,-1.2875871649753596
128,BASE,8232,8233,8270,stop,108.14,108.756546,61.654588324545045,9.7650895192686,6.313776049148083,0.02,13.749845226630509
128,ADD1,8234,8235,8235,stop,108.355,108.251199,-10.380102697736504,10.380102697736504,-1.0,0.02,-2.3140333127753476
128,ADD2,8240,8241,8242,stop,108.362,108.258459,-10.354134640216728,10.354134640216728,-1.0,0.02,-2.3060947129536085
129,BASE,8293,8294,8294,stop,109.201,109.059438,-14.156183717828696,14.156183717828696,-1.0,0.01,-1.5732817522135454
130,BASE,8318,8319,8340,stop,109.294,109.386118,9.211839583220183,13.592681952157193,0.6777058137344442,0.01,1.014042118830076
130,ADD1,8329,8330,8340,stop,109.439,109.386118,-5.2881604167808405,9.443010570022636,-0.560007889175556,0.02,-1.1615745359704037
130,ADD2,8330,8331,8338,stop,109.506,109.411958,-9.404224100734382,9.404224100734382,-1.0,0.01,-1.0320042685681659
131,BASE,8508,8509,8541,stop,109.008,109.424891,41.68913095352593,12.552407081032868,3.3212060989098804,0.01,4.6354036089701
131,ADD1,8510,8511,8541,stop,109.38,109.424891,4.489130953525944,14.72222855456522,0.3049219713501804,0.01,0.49514221722760043
131,ADD2,8511,8512,8541,stop,109.535,109.424891,-11.01086904647417,14.920640800667684,-0.7379622091017327,0.01,-1.212370703821853
132,BASE,8627,8628,8628,stop,109.191,109.093234,-9.776595970386381,9.776595970386381,-1.0,0.02,-2.1893477211445944
133,BASE,8724,8725,8726,stop,108.986,108.882631,-10.33686126116038,10.33686126116038,-1.0,0.02,-2.3257985290103833
134,BASE,8751,8752,8799,stop,109.11,109.847379,73.73792401364199,9.274327517790937,7.950756954850966,0.02,16.498682218139127
134,ADD1,8760,8761,8762,stop,109.168,109.094468,-7.353176677783324,7.353176677783324,-1.0,0.03,-2.462802791791187
134,ADD2,8771,8772,8799,stop,109.238,109.847379,60.937924013641975,8.464207984347638,7.199483297944816,0.02,13.592309996627009
135,BASE,8861,8862,8869,stop,109.723,109.641976,-8.102388732282861,8.102388732282861,-1.0,0.02,-1.8033596442814384
135,ADD1,8863,8864,8868,stop,109.779,109.697342,-8.165835182427372,8.165835182427372,-1.0,0.02,-1.8134704375313702
135,ADD2,8864,8865,8865,stop,109.863,109.77746,-8.553989812253349,8.553989812253349,-1.0,0.01,-0.9494121417384132
136,BASE,8892,8893,8915,stop,109.971,110.093614,12.261410526726024,8.84218200448288,1.3866951076679532,0.02,2.708250660220199
136,ADD1,8894,8895,8915,stop,110.177,110.093614,-8.338589473274283,10.435350809987654,-0.7990713129925096,0.02,-1.8352503015104344
136,ADD2,8895,8896,8905,stop,110.296,110.187386,-10.861397180703136,10.861397180703136,-1.0,0.02,-2.387903887126311
137,BASE,8990,8991,9006,stop,109.604,109.499041,-10.49591472525151,10.49591472525151,-1.0,0.02,-2.333540449123772
138,BASE,9038,9039,9043,stop,109.771,109.668782,-10.221763363334446,10.221763363334446,-1.0,0.02,-2.255286966343301
139,BASE,9061,9062,9103,stop,109.921,109.98492,6.392007331774607,8.69825768810415,0.7348606538199483,0.02,1.408782514944745
139,ADD1,9063,9064,9103,stop,109.994,109.98492,-0.9079926682247219,8.458701782090827,-0.10734421092219706,0.02,-0.20015651791815522
139,ADD2,9064,9065,9103,stop,110.025,109.98492,-4.007992668225313,8.118794511941019,-0.4936684457686925,0.01,-0.44146924695103346
140,BASE,9114,9115,9115,stop,110.514,110.402299,-11.170106525825929,11.170106525825929,-1.0,0.02,-2.428219935685954
141,BASE,9120,9121,9122,stop,110.759,110.642832,-11.616810227059204,11.616810227059204,-1.0,0.01,-1.259224433297522
142,BASE,9192,9193,9227,stop,110.269,110.827039,55.80390683592782,10.987959348261711,5.078641544551761,0.02,12.042923407403228
142,ADD1,9194,9195,9227,stop,110.367,110.827039,46.00390683592792,11.095230254368005,4.146277795164905,0.02,9.92407130946905
142,ADD2,9198,9199,9227,stop,110.414,110.827039,41.30390683592822,10.818470723006612,3.8179062358685436,0.01,4.44972920518192
143,BASE,9240,9241,9245,stop,111.028,110.929579,-9.842127510700038,9.842127510700038,-1.0,0.02,-2.116232573186033
144,BASE,9326,9327,9368,stop,110.981,111.436119,45.511903935937426,10.939493290869962,4.160330165741899,0.02,9.72956302244299
144,ADD1,9328,9329,9368,stop,111.097,111.436119,33.91190393593746,11.241705949781533,3.0166154574249906,0.02,7.234506947063553
144,ADD2,9342,9343,9368,stop,111.211,111.436119,22.511903935937028,7.7959325740692975,2.8876473368709923,0.03,7.195057226533464
145,BASE,9511,9512,9558,stop,110.057,110.441191,38.4191071197435,9.763368410874307,3.9350258540846235,0.02,8.289358925984988
145,ADD1,9514,9515,9558,stop,110.185,110.441191,25.61910711974349,9.948622594275491,2.575141118981125,0.02,5.509285437105143
145,ADD2,9515,9516,9516,stop,110.218,110.118691,-9.930863837541892,9.930863837541892,-1.0,0.01,-1.067338527939937
146,BASE,9648,9649,9654,stop,109.967,109.851014,-11.598565864800037,11.598565864800037,-1.0,0.02,-2.4853436646869844
147,BASE,9679,9680,9697,stop,110.346,110.371806,2.5805654886099205,8.412734076092931,0.3067451633759943,0.02,0.5500930464274837
147,ADD1,9681,9682,9697,stop,110.459,110.371806,-8.719434511390034,8.871183973774066,-0.9828941139274475,0.02,-1.8573774284986138
147,ADD2,9683,9684,9685,stop,110.539,110.449157,-8.984337201877679,8.984337201877679,-1.0,0.02,-1.9136573998203075
148,BASE,9878,9879,9898,stop,109.572,109.444274,-12.772598034975147,15.254445567003927,-0.8373033276675009,0.01,-1.3823908398876716
148,ADD1,9888,9889,9895,stop,109.695,109.577231,-11.776917682898613,11.776917682898613,-1.0,0.01,-1.2705606240879923
148,ADD2,9890,9891,9895,stop,109.682,109.570582,-11.141832083724523,11.141832083724523,-1.0,0.01,-1.202425486307068
149,BASE,9912,9913,9918,stop,109.872,109.783509,-8.849050737234165,8.849050737234165,-1.0,0.02,-1.9051477177220442
150,BASE,9960,9961,9996,stop,110.334,110.617767,28.376655314625054,8.260742222746842,3.4351217541308676,0.02,6.037449435907221
150,ADD1,9966,9967,9996,stop,110.388,110.617767,22.97665531462485,6.961902367879702,3.300341501574742,0.03,7.326024576747653
150,ADD2,9967,9968,9996,stop,110.45,110.617767,16.77665531462509,7.164623627316757,2.3415961796876914,0.01,1.7810249246279068
151,BASE,10094,10095,10125,stop,109.602,109.754252,15.225172479308924,12.52470003369126,1.2156117462576694,0.01,1.6275050254945223
151,ADD1,10114,10115,10125,stop,109.755,109.754252,-0.0748275206902349,8.750452240165885,-0.008551274681183378,0.02,-0.015973122869604325
151,ADD2,10115,10116,10125,stop,109.752,109.754252,0.22517247930977646,8.653991365868308,0.02601949433389382,0.02,0.04804198774871783
152,BASE,10129,10130,10134,stop,110.116,110.011811,-10.418933104905648,10.418933104905648,-1.0,0.02,-2.2106866723069705
152,ADD1,10131,10132,10134,stop,110.178,110.073872,-10.412753544535747,10.412753544535747,-1.0,0.02,-2.207177487495206
153,BASE,10176,10177,10189,stop,109.875,109.873359,-0.16409922911577723,8.486706248893938,-0.01933603264955283,0.02,-0.03495965352086266
153,ADD1,10181,10182,10183,stop,109.956,109.877233,-7.876660623681175,7.876660623681175,-1.0,0.02,-1.6790894803171943
153,ADD2,10182,10183,10183,stop,109.948,109.869574,-7.842613436274348,7.842613436274348,-1.0,0.02,-1.671339198833327
154,BASE,10235,10236,10276,stop,109.895,109.963905,6.890544003532284,8.850585996366078,0.7785409922418065,0.02,1.47064515659394
154,ADD1,10237,10238,10276,stop,109.988,109.963905,-2.4094559964680684,9.62473996625448,-0.2503398538470563,0.02,-0.5144307719780598
154,ADD2,10238,10239,10242,stop,110.103,110.001699,-10.130115682950702,10.130115682950702,-1.0,0.01,-1.0815227379932828
155,BASE,10285,10286,10286,stop,110.175,110.077344,-9.765594302227498,9.765594302227498,-1.0,0.02,-2.091245977825275
156,BASE,10335,10336,10337,stop,110.06,109.944838,-11.516230710118691,11.516230710118691,-1.0,0.02,-2.472272899077115
157,BASE,10344,10345,10356,stop,110.191,110.154445,-3.6554623984599743,9.082551074024536,-0.4024708882633583,0.02,-0.7830371102010403
157,ADD1,10351,10352,10353,stop,110.407,110.316485,-9.0515148103961,9.0515148103961,-1.0,0.02,-1.9363193763334592
158,BASE,10446,10447,10471,stop,109.928,110.255374,32.737363656188734,6.301821994094325,5.194904535048459,0.03,10.60841070314413
158,ADD1,10451,10452,10471,stop,110.034,110.255374,22.13736365618786,6.840295884254033,3.236316678514857,0.03,7.156591295288878
158,ADD2,10452,10453,10471,stop,110.094,110.255374,16.137363656189052,6.930274749664989,2.328531586279337,0.02,3.4734627841195014
159,BASE,10541,10542,10549,stop,110.043,109.979977,-6.302324870685538,6.302324870685538,-1.0,0.03,-2.025201472881794
159,ADD1,10543,10544,10548,stop,110.09,110.023051,-6.694861750744963,6.694861750744963,-1.0,0.03,-2.1493207462275206
160,BASE,10571,10572,10572,stop,110.122,110.060791,-6.120881063036165,6.120881063036165,-1.0,0.03,-1.973705049905087
161,BASE,10621,10622,10658,stop,109.677,109.865739,18.8738959660796,10.721595588593402,1.7603626074237821,0.02,4.046968394725718
161,ADD1,10624,10625,10658,stop,109.742,109.865739,12.373895966079829,10.370242532121665,1.1932118200468194,0.02,2.653036384636526
161,ADD2,10633,10634,10636,stop,109.899,109.812858,-8.61418196812025,8.61418196812025,-1.0,0.02,-1.844567564881445
162,BASE,10722,10723,10723,stop,109.865,109.752402,-11.25977010894843,11.25977010894843,-1.0,0.02,-2.3976463694348724
163,BASE,10729,10730,10731,stop,109.893,109.797233,-9.576725269444353,9.576725269444353,-1.0,0.02,-2.038231310896031
164,BASE,10752,10753,10760,stop,110.378,110.319399,-5.8601017838299185,8.536969871495614,-0.6864381474973241,0.02,-1.2475464967997894
164,ADD1,10757,10758,10760,stop,110.484,110.403275,-8.072544279349358,8.072544279349358,-1.0,0.02,-1.7144893395235932
164,ADD2,10758,10759,10759,stop,110.576,110.494041,-8.195933973682656,8.195933973682656,-1.0,0.02,-1.7410693165091968
165,BASE,10776,10777,10777,stop,110.745,110.664807,-8.01934741617174,8.01934741617174,-1.0,0.02,-1.6982991543165467
166,BASE,10801,10802,10814,stop,111.1,111.262919,16.291948145553192,9.18060653656454,1.7746047693761393,0.02,3.42573602350366
166,ADD1,10803,10804,10805,stop,111.232,111.137596,-9.440420942242156,9.440420942242156,-1.0,0.02,-1.9860087563617521
166,ADD2,10806,10807,10807,stop,111.361,111.260744,-10.025621286482078,10.025621286482078,-1.0,0.02,-2.104420670919014
167,BASE,10824,10825,10826,stop,111.658,111.534476,-12.35237884522462,12.35237884522462,-1.0,0.01,-1.293600549360378
168,BASE,10855,10856,10861,stop,111.879,111.764155,-11.48445654326764,11.48445654326764,-1.0,0.02,-2.381793416215216
168,ADD1,10858,10859,10860,stop,112.045,111.925851,-11.914850956836176,11.914850956836176,-1.0,0.02,-2.4619783736773626
169,BASE,10931,10932,10953,stop,111.227,111.45566,22.866023669675428,10.581379197064678,2.1609681728463683,0.02,4.768685448576664
169,ADD1,10933,10934,10953,stop,111.379,111.45566,7.666023669675326,11.45282185869263,0.669356754541402,0.02,1.592310014911198
169,ADD2,10934,10935,10935,stop,111.553,111.432581,-12.041906011643277,12.041906011643277,-1.0,0.01,-1.2532382064922976
170,BASE,10992,10993,11003,stop,111.726,111.726678,0.06783003393877607,8.887609270703933,0.007631977495046164,0.02,0.014018425339320104
170,ADD1,10994,10995,11003,stop,111.839,111.746464,-9.253601871168371,9.253601871168371,-1.0,0.02,-1.91211538646951
170,ADD2,10996,10997,11001,stop,111.93,111.839068,-9.093156715445616,9.093156715445616,-1.0,0.02,-1.8766112265029513
171,BASE,11016,11017,11046,stop,112.307,113.131666,82.46658095442712,9.72096211150415,8.483376440366236,0.02,16.988554551151758
171,ADD1,11018,11019,11046,stop,112.545,113.131666,58.66658095442716,10.486441820633274,5.594517373757221,0.02,12.047340217930277
171,ADD2,11019,11020,11046,stop,112.699,113.131666,43.266580954427525,11.130267404874417,3.8872903390873836,0.02,8.886089528608146
172,BASE,11076,11077,11077,stop,113.67,113.549034,-12.096567811660464,12.096567811660464,-1.0,0.02,-2.462613097981815
173,BASE,11111,11112,11126,stop,113.84,114.058904,21.890364316122657,11.950870264072933,1.8316962557890142,0.02,4.456267152133313
173,ADD1,11114,11115,11126,stop,113.923,114.058904,13.590364316122816,11.765547365222062,1.1550983472553733,0.02,2.769700263172057
173,ADD2,11117,11118,11118,stop,114.16,114.044418,-11.558238907213081,11.558238907213081,-1.0,0.02,-2.3528175272673777
174,BASE,11183,11184,11185,stop,114.553,114.452022,-10.097782507919817,10.097782507919817,-1.0,0.02,-2.049597364901657
175,BASE,11282,11283,11307,stop,113.931,114.002695,7.169497444999706,10.912637806445957,0.6569903237111723,0.02,1.4600195964503397
175,ADD1,11287,11288,11291,stop,114.054,113.946194,-10.780624198750388,10.780624198750388,-1.0,0.02,-2.1941035646243576
175,ADD2,11292,11293,11306,stop,114.144,114.029227,-11.477344448418592,11.477344448418592,-1.0,0.02,-2.3368741621246403
176,BASE,11363,11364,11364,stop,113.876,113.755197,-12.080304832537081,12.080304832537081,-1.0,0.02,-2.4712665465668864
177,BASE,11376,11377,11393,stop,114.077,114.076444,-0.055639056354550576,11.630159370545812,-0.004784032151395995,0.02,-0.01126555028650992
177,ADD1,11379,11380,11393,stop,114.208,114.090661,-11.733877600980236,11.733877600980236,-1.0,0.02,-2.372183260062858
177,ADD2,11382,11383,11384,stop,114.361,114.244432,-11.65675258358334,11.65675258358334,-1.0,0.01,-1.1775034742262036
178,BASE,11438,11439,11439,stop,114.081,113.975595,-10.54052779647634,10.54052779647634,-1.0,0.02,-2.139100044951649
179,BASE,11449,11450,11456,stop,114.218,114.0991,-11.889973215234306,11.889973215234306,-1.0,0.02,-2.4164256593693256
180,BASE,11556,11557,11581,stop,113.276,113.811194,53.519366182199235,11.509695912009477,4.64993746067226,0.02,10.902487999342299
180,ADD1,11558,11559,11581,stop,113.661,113.811194,15.019366182198723,14.081319434335171,1.0666163957317996,0.01,1.5241173950109748
180,ADD2,11559,11560,11563,stop,113.906,113.753745,-15.225510903310635,15.225510903310635,-1.0,0.01,-1.5411080256973155
181,BASE,11592,11593,11599,stop,114.256,114.155909,-10.009135422475879,10.009135422475879,-1.0,0.02,-2.00391159117224
182,BASE,11641,11642,11642,stop,114.3,114.200735,-9.92645360105655,9.92645360105655,-1.0,0.02,-1.979203485526171
183,BASE,11721,11722,11722,stop,114.013,113.877269,-13.573104836639516,13.573104836639516,-1.0,0.01,-1.3449120717803211
184,BASE,11750,11751,11767,stop,114.617,114.767555,15.055495663229124,15.452834670770699,0.9742869825499946,0.01,1.476287821683914
184,ADD1,11753,11754,11767,stop,114.838,114.767555,-7.044504336769819,15.795035631079202,-0.44599483668834883,0.01,-0.6896029916736955
184,ADD2,11754,11755,11760,stop,114.923,114.767332,-15.566818800287763,15.566818800287763,-1.0,0.01,-1.5219860264546932
185,BASE,11784,11785,11786,stop,115.207,115.063438,-14.35623115753657,14.35623115753657,-1.0,0.01,-1.4014264746480838
186,BASE,11958,11959,11965,stop,113.354,113.203358,-15.064153312449946,15.064153312449946,-1.0,0.01,-1.499346888621384
187,BASE,12001,12002,12024,stop,113.564,113.444068,-11.993165089955937,11.993165089955937,-1.0,0.02,-2.3846824386604375
187,ADD1,12004,12005,12011,stop,113.65,113.532189,-11.781080066558047,11.781080066558047,-1.0,0.02,-2.338605253924361
187,ADD2,12013,12014,12014,stop,113.773,113.647265,-12.573495578565996,12.573495578565996,-1.0,0.02,-2.486642463898643
188,BASE,12035,12036,12054,stop,113.706,113.596952,-10.904795581531346,15.928808194985322,-0.6845958246244922,0.01,-1.0810278022824358
188,ADD1,12037,12038,12041,stop,113.883,113.716497,-16.650349923226315,16.650349923226315,-1.0,0.01,-1.654243491498564
188,ADD2,12038,12039,12041,stop,113.876,113.710532,-16.546753500138323,16.546753500138323,-1.0,0.01,-1.6435017871040973
189,BASE,12127,12128,12129,stop,113.72,113.624506,-9.549401641449151,9.549401641449151,-1.0,0.02,-1.893111516166406
190,BASE,12144,12145,12145,stop,113.763,113.679897,-8.310344967512151,8.310344967512151,-1.0,0.03,-2.469472177549819
191,BASE,12245,12246,12247,stop,113.737,113.636315,-10.068496715882702,10.068496715882702,-1.0,0.02,-1.9969332689899029
192,BASE,12272,12273,12275,stop,114.306,114.211213,-9.47869102783585,9.47869102783585,-1.0,0.02,-1.8696637606440643
193,BASE,12300,12301,12301,stop,114.368,114.291157,-7.684342653223553,7.684342653223553,-1.0,0.03,-2.2803946670365196
194,BASE,12312,12313,12333,stop,114.37,114.296977,-7.302260483902501,7.831548184168469,-0.9324159555915231,0.03,-2.1694706182209993
195,BASE,12344,12345,12373,stop,114.636,114.736967,10.096730291836309,6.55351089785654,1.5406597241088973,0.03,2.986674211150355
195,ADD1,12348,12349,12373,stop,114.736,114.736967,0.09673029183545623,6.793287295754169,0.014239099220183583,0.03,0.02860077890333463
195,ADD2,12349,12350,12350,stop,114.75,114.684419,-6.558052488914257,6.558052488914257,-1.0,0.02,-1.2932044164301704
196,BASE,12392,12393,12395,stop,114.995,114.926919,-6.808140962372988,6.808140962372988,-1.0,0.03,-2.003315177900029
197,BASE,12409,12410,12441,stop,115.039,115.023151,-1.584936548184146,8.25596805113662,-0.1919746465062863,0.03,-0.46897477443479213
197,ADD1,12413,12414,12420,stop,115.122,115.046077,-7.592300174627553,7.592300174627553,-1.0,0.03,-2.2396234150882997
197,ADD2,12414,12415,12415,stop,115.192,115.113286,-7.871421590725447,7.871421590725447,-1.0,0.01,-0.7740341774630337
198,BASE,12456,12457,12457,stop,115.287,115.212127,-7.487346477147128,7.487346477147128,-1.0,0.03,-2.215633796086106
199,BASE,12480,12481,12505,stop,115.397,116.009399,61.239873129333944,8.84858927955463,6.920862884983659,0.02,11.998700321421504
199,ADD1,12482,12483,12505,stop,115.603,116.009399,40.63987312933506,10.170977491044653,3.9956703438895302,0.02,7.939435511062269
199,ADD2,12483,12484,12505,stop,115.716,116.009399,29.339873129335103,11.265907670255615,2.604306194235782,0.02,5.725718545522865
200,BASE,12696,12697,12729,stop,114.338,114.620345,28.234461203172145,14.02342597474302,2.013378275324732,0.01,2.813678629589115
200,ADD1,12702,12703,12704,stop,114.517,114.392495,-12.450539702011554,12.450539702011554,-1.0,0.02,-2.484383354180811
200,ADD2,12708,12709,12720,stop,114.592,114.473795,-11.820515565437972,11.820515565437972,-1.0,0.02,-2.3540922866166687
201,BASE,12839,12840,12841,stop,114.021,113.888862,-13.213848981411047,13.213848981411047,-1.0,0.01,-1.3122623858175404
202,BASE,12849,12850,12853,stop,114.062,113.926081,-13.59185547702566,13.59185547702566,-1.0,0.01,-1.3445820485177367
203,BASE,12873,12874,12922,time,114.134,115.575,144.10000000000025,10.183051510894359,14.150964457543456,0.02,28.488535414586334
203,ADD1,12877,12878,12883,stop,114.313,114.212107,-10.089278795362588,10.089278795362588,-1.0,0.02,-1.9912100612106753
203,ADD2,12878,12879,12879,stop,114.36,114.256528,-10.347187452836693,10.347187452836693,-1.0,0.01,-1.0213050540615698
204,BASE,13019,13020,13022,stop,114.843,114.743726,-9.927437646926762,9.927437646926762,-1.0,0.02,-1.9511682411136861
205,BASE,13032,13033,13033,stop,114.968,114.868465,-9.953522273619342,9.953522273619342,-1.0,0.02,-1.9843949931708365
206,BASE,13082,13083,13090,stop,115.392,115.28561,-10.639013817906573,10.639013817906573,-1.0,0.02,-2.108562572831531
206,ADD1,13085,13086,13088,stop,115.468,115.368274,-9.972636063389473,9.972636063389473,-1.0,0.02,-1.9714529216035572
206,ADD2,13086,13087,13088,stop,115.493,115.394326,-9.86744777314783,9.86744777314783,-1.0,0.01,-0.9758161694036496
207,BASE,13128,13129,13129,stop,115.582,115.497112,-8.48884386829809,8.48884386829809,-1.0,0.02,-1.6784687641374918
208,BASE,13214,13215,13216,stop,115.823,115.6764,-14.6599623113147,14.6599623113147,-1.0,0.01,-1.4348131759580658
209,BASE,13333,13334,13336,stop,115.128,115.000578,-12.742222765750455,12.742222765750455,-1.0,0.01,-1.2541192149623699
210,BASE,13383,13384,13384,stop,115.612,115.415483,-19.651680481121048,19.651680481121048,-1.0,0.01,-1.89106407040927
211,BASE,13409,13410,13411,stop,115.759,115.607761,-15.123932047492872,15.123932047492872,-1.0,0.01,-1.4701411575382566
212,BASE,13474,13475,13506,stop,115.285,115.496954,21.195422545932274,11.801792340324369,1.7959494570593102,0.02,4.080957476136055
212,ADD1,13477,13478,13479,stop,115.407,115.285584,-12.14155895469844,12.14155895469844,-1.0,0.02,-2.3326480282894586
212,ADD2,13479,13480,13506,stop,115.573,115.496954,-7.604577454067396,13.885323792571569,-0.5476701564666231,0.01,-0.7282438235612815
213,BASE,13560,13561,13598,stop,115.454,115.620692,16.66923241340328,12.34403485678115,1.3503876655246236,0.02,3.13498840208708
213,ADD1,13568,13569,13575,stop,115.557,115.437624,-11.937625054302714,11.937625054302714,-1.0,0.02,-2.2505037042006055
213,ADD2,13571,13572,13574,stop,115.641,115.525683,-11.531655336844437,11.531655336844437,-1.0,0.01,-1.0865081632023688
214,BASE,13608,13609,13616,stop,115.976,115.874359,-10.164055119054183,11.239975845955996,-0.9042773096982307,0.02,-1.936205686441994
214,ADD1,13611,13612,13614,stop,116.176,116.06306,-11.294033139054704,11.294033139054704,-1.0,0.02,-2.15044240923981
215,BASE,13632,13633,13681,time,116.327,118.324,199.7,11.716547511524311,17.044270063649424,0.02,37.777284547252556
215,ADD1,13635,13636,13684,time,116.458,118.365,190.69999999999965,12.175785307150022,15.662234113804086,0.02,35.99804236481089
215,ADD2,13637,13638,13686,time,116.698,118.342,164.40000000000055,13.091365902593566,12.557895121350999,0.02,30.99818088351222
216,BASE,13704,13705,13705,stop,118.894,118.718434,-17.556611310753567,17.556611310753567,-1.0,0.01,-1.6332560100256128
217,BASE,13738,13739,13763,stop,119.083,119.148046,6.5045521391681405,13.331797179451144,0.48789762187455704,0.02,1.2064895096844133
217,ADD1,13740,13741,13763,stop,119.194,119.148046,-4.59544786083228,13.606498588404747,-0.3377391935900726,0.01,-0.42484077557744193
217,ADD2,13741,13742,13788,stop,119.211,120.473178,126.21775526486942,14.298891546376069,8.827100678084255,0.01,11.6830882765177
218,BASE,13769,13770,13788,stop,119.379,120.473178,109.41775526486879,10.699578650182673,10.226361134604184,0.02,20.19436774801089
218,ADD1,13771,13772,13788,stop,119.492,120.473178,98.11775526486883,10.314942815718098,9.512195755012351,0.02,18.09510662068407
218,ADD2,13772,13773,13788,stop,119.458,120.473178,101.51775526486944,9.971018328882053,10.181282584830187,0.02,18.719306448338227
219,BASE,13829,13830,13849,stop,121.447,121.902489,45.54892103181771,16.007948423700213,2.8453940396497823,0.01,4.113230799158857
219,ADD1,13831,13832,13832,stop,121.638,121.469008,-16.89920042655757,16.89920042655757,-1.0,0.01,-1.5253368395999414
219,ADD2,13837,13838,13849,stop,121.981,121.902489,-7.8510789681814686,17.558433283500108,-0.44714006320593713,0.01,-0.7068514582696054
220,BASE,13873,13874,13881,stop,122.979,124.058722,107.97216849637721,23.121101170769975,4.669854073943379,0.01,9.626908501693277
220,ADD1,13877,13878,13881,stop,123.241,124.058722,81.77216849637716,23.58473215687127,3.467165450617735,0.01,7.261211563309355
220,ADD2,13878,13879,13881,stop,123.345,124.058722,71.37216849637724,24.200108431379874,2.949249946493221,0.01,6.307352113295853
221,BASE,13970,13971,13973,stop,122.663,122.39062,-27.237952866857995,27.237952866857995,-1.0,0.01,-2.4574063440123037
222,BASE,14023,14024,14025,stop,122.914,122.74733,-16.66700525101561,16.66700525101561,-1.0,0.01,-1.4903048978510038
223,BASE,14040,14041,14042,stop,123.839,123.668668,-17.03315168847581,17.03315168847581,-1.0,0.01,-1.4971763212363551
224,BASE,14086,14087,14088,stop,124.136,123.998738,-13.726205371443712,13.726205371443712,-1.0,0.02,-2.4054236107152756
225,BASE,14100,14101,14103,stop,124.405,124.268648,-13.635161400789286,13.635161400789286,-1.0,0.02,-2.3759854293239226
226,BASE,14113,14114,14136,stop,124.759,125.316314,55.731384274560014,14.757020744569616,3.77660133703264,0.01,4.858845204327191
226,ADD1,14117,14118,14136,stop,125.007,125.316314,30.931384274559548,15.089165178198982,2.049906930520557,0.01,2.68595962421161
226,ADD2,14118,14119,14119,stop,125.435,125.261672,-17.332796236898673,17.332796236898673,-1.0,0.01,-1.5061364594375137
227,BASE,14166,14167,14171,stop,126.14,125.938896,-20.11038703423793,20.11038703423793,-1.0,0.01,-1.7272122057842105
228,BASE,14208,14209,14227,stop,126.313,126.316074,0.3073528615942678,18.299221236092933,0.016795953097066916,0.01,0.026276496307099394
228,ADD1,14214,14215,14223,stop,126.58,126.40148,-17.851958189105233,17.851958189105233,-1.0,0.01,-1.5250173940879281
229,BASE,14232,14233,14233,stop,126.57,126.449777,-12.022295926401227,12.022295926401227,-1.0,0.02,-2.0527647241848106
230,BASE,14256,14257,14282,stop,127.318,128.6226,130.4600383835961,14.32272751728334,9.10860296868519,0.02,22.0627095279976
230,ADD1,14258,14259,14282,stop,127.742,128.6226,88.06003838359544,16.745617093984322,5.258691745389905,0.01,7.4140386918467
230,ADD2,14259,14260,14282,stop,127.925,128.6226,69.76003838359617,18.128073015843427,3.84817726200837,0.01,5.8660427615913635
231,BASE,14343,14344,14345,stop,128.795,128.486623,-30.83771849972834,30.83771849972834,-1.0,0.01,-2.5813702011973203
232,BASE,14413,14414,14453,stop,128.136,130.40097,226.49703856203018,24.942949678892035,9.080603596522637,0.01,18.61721777032941
232,ADD1,14415,14416,14453,stop,128.46,130.40097,194.0970385620318,26.308971917003987,7.377598758869905,0.01,15.970727777714266
232,ADD2,14424,14425,14453,stop,128.827,130.40097,157.39703856202993,23.408858029830526,6.723823877331168,0.01,12.903988912039988
233,BASE,14538,14539,14587,time,128.789,130.542,175.30000000000143,24.801744292810213,7.068051260040578,0.01,14.386920902642375
233,ADD1,14542,14543,14543,stop,129.537,129.266867,-27.01333347425532,27.01333347425532,-1.0,0.01,-2.2171748793097534
233,ADD2,14550,14551,14599,time,129.62,131.2,158.00000000000125,26.743437526053526,5.907991440744191,0.01,12.911944545111172
234,BASE,14592,14593,14604,stop,130.855,130.781374,-7.362610219058752,19.81175749604631,-0.3716283232584517,0.01,-0.5920331056167611
234,ADD1,14595,14596,14604,stop,130.969,130.781374,-18.762610219059184,19.85981458411743,-0.9447525373204784,0.01,-1.5054088555864273
234,ADD2,14597,14598,14604,stop,131.019,130.832066,-18.693411554670547,18.693411554670547,-1.0,0.01,-1.4970478798617841
235,BASE,14664,14665,14665,stop,129.49,129.269638,-22.03615753331576,22.03615753331576,-1.0,0.01,-1.7770874535573773
236,BASE,14701,14702,14702,stop,129.598,129.38462,-21.338032682234598,21.338032682234598,-1.0,0.01,-1.7391820237033722
237,BASE,14785,14786,14786,stop,127.969,127.762629,-20.63709343976967,20.63709343976967,-1.0,0.01,-1.7225196065339934
238,BASE,14832,14833,14833,stop,127.459,127.264661,-19.433867498847235,19.433867498847235,-1.0,0.01,-1.6339135356428975
239,BASE,14880,14881,14881,stop,127.063,126.910487,-15.251324779028153,15.251324779028153,-1.0,0.01,-1.2888583903185737
240,BASE,14904,14905,14906,stop,128.201,128.028209,-17.279136918318727,17.279136918318727,-1.0,0.01,-1.4485477361784946
241,BASE,14928,14929,14961,stop,128.923,129.71471,79.17098507263631,19.099349746204553,4.1452188752326125,0.01,6.578591388489241
241,ADD1,14932,14933,14961,stop,129.233,129.71471,48.170985072636086,19.128264996390953,2.51831439399887,0.01,3.9938833382232493
241,ADD2,14933,14934,14961,stop,129.235,129.71471,47.97098507263513,18.547674639506795,2.586361147960634,0.01,3.971462340892462
242,BASE,14976,14977,14977,stop,130.836,130.634943,-20.105675377413945,20.105675377413945,-1.0,0.01,-1.6500485814532788
243,BASE,15000,15001,15038,stop,132.233,133.627042,139.40423893919842,20.471988349800085,6.809511443501761,0.01,11.2285331837007
243,ADD1,15004,15005,15006,stop,132.952,132.722108,-22.989209164376234,22.989209164376234,-1.0,0.01,-1.8477966310436573
243,ADD2,15005,15006,15006,stop,132.9,132.674386,-22.561408509778857,22.561408509778857,-1.0,0.01,-1.8144230980249114
244,BASE,15048,15049,15051,stop,134.281,134.023277,-25.77225906739784,25.77225906739784,-1.0,0.01,-2.0549440837599913
245,BASE,15096,15097,15097,stop,134.969,134.725151,-24.384870296205463,24.384870296205463,-1.0,0.01,-1.8946867780191017
246,BASE,15138,15139,15144,stop,135.253,134.941643,-31.1356537995664,31.1356537995664,-1.0,0.01,-2.3979348063308
246,ADD1,15140,15141,15144,stop,135.471,135.158524,-31.2475790414652,31.2475790414652,-1.0,0.01,-2.400636711154105
246,ADD2,15141,15142,15143,stop,135.568,135.261701,-30.629894824215853,30.629894824215853,-1.0,0.01,-2.356171855260901
247,BASE,15201,15202,15250,time,134.782,135.801,101.90000000000055,57.19276865571885,1.7816937769423986,0.01,7.964117642691182
247,ADD1,15216,15217,15217,stop,135.19,134.84306,-34.69400135948604,34.69400135948604,-1.0,0.01,-2.69982822060046
247,ADD2,15248,15249,15273,stop,135.314,135.9919,67.790043510999,19.541493037655755,3.46903091695041,0.01,5.293955637169083
248,BASE,15347,15348,15349,stop,135.444,135.218129,-22.58708020738709,22.58708020738709,-1.0,0.01,-1.7631186316547858
249,BASE,15360,15361,15361,stop,135.452,135.265147,-18.685320337741018,18.685320337741018,-1.0,0.01,-1.4624748818819842
250,BASE,15393,15394,15413,stop,136.528,136.429806,-9.819370462116694,23.589570882452904,-0.41625896931515743,0.01,-0.7558662964750765
250,ADD1,15397,15398,15398,stop,136.986,136.731788,-25.421218606146567,25.421218606146567,-1.0,0.01,-1.948737740547638
250,ADD2,15398,15399,15399,stop,136.822,136.565517,-25.648274419992845,25.648274419992845,-1.0,0.01,-1.9681723913081561
251,BASE,15480,15481,15488,stop,136.055,135.869931,-18.50689380386541,18.50689380386541,-1.0,0.01,-1.4162056694744038
252,BASE,15535,15536,15538,stop,136.138,135.8842,-25.380000163096383,25.380000163096383,-1.0,0.01,-1.9008198469257493
253,BASE,15564,15565,15566,stop,136.432,136.152107,-27.989297171430394,27.989297171430394,-1.0,0.01,-2.0841411066012925
254,BASE,15577,15578,15578,stop,137.114,136.865683,-24.8316512960173,24.8316512960173,-1.0,0.01,-1.8373849051022195
255,BASE,15636,15637,15638,stop,137.591,137.373747,-21.72527302764422,21.72527302764422,-1.0,0.01,-1.5834556557513446
256,BASE,15648,15649,15678,stop,137.923,138.705424,78.24237282857496,22.952848014480765,3.4088306940913164,0.01,5.68696547875243
256,ADD1,15652,15653,15678,stop,138.243,138.705424,46.2423728285728,23.358837258996346,1.9796521682928871,0.01,3.348594834558486
256,ADD2,15653,15654,15678,stop,138.43,138.705424,27.542372828574457,23.46177745478144,1.1739252442257482,0.01,1.9890511824603605
257,BASE,15767,15768,15769,stop,138.426,138.268208,-15.779156074455614,15.779156074455614,-1.0,0.02,-2.3203374307622786
258,BASE,15850,15851,15852,stop,136.653,136.470325,-18.267540883474,18.267540883474,-1.0,0.01,-1.3568752459939204
259,BASE,15864,15865,15867,stop,137.073,136.891982,-18.101784868466098,18.101784868466098,-1.0,0.01,-1.3396578660155662
260,BASE,15983,15984,15987,stop,133.35,132.975553,-37.44465019599943,37.44465019599943,-1.0,0.01,-2.8439484979047163
261,BASE,16044,16045,16067,stop,134.682,134.726273,4.42728872298801,39.46986008989484,0.11216884764487661,0.01,0.33362886043775525
261,ADD1,16046,16047,16049,stop,135.313,134.911474,-40.152583444856305,40.152583444856305,-1.0,0.01,-3.016147446762037
261,ADD2,16056,16057,16063,stop,135.345,135.043764,-30.123552448341684,30.123552448341684,-1.0,0.01,-2.2656068969607506
262,BASE,16104,16105,16105,stop,135.224,135.057611,-16.638919106452477,16.638919106452477,-1.0,0.01,-1.2579537335912525
263,BASE,16152,16153,16176,stop,133.278,133.313,3.499999999999659,28.74397516677334,0.1217646473632322,0.01,0.27081639236040755
263,ADD1,16154,16155,16156,stop,133.447,133.170437,-27.656284710127466,27.656284710127466,-1.0,0.01,-2.139368568739568
263,ADD2,16162,16163,16176,stop,133.614,133.313,-30.099999999998772,26.75212458430849,-1.1251442817238517,0.01,-2.3137824407229615
264,BASE,16207,16208,16224,stop,133.673,134.157382,48.43822528733597,20.865029664926737,2.3215028238737014,0.01,3.6726124538244043
264,ADD1,16209,16210,16224,stop,134.153,134.157382,0.43822528733414856,22.450969455982772,0.0195192144460991,0.01,0.03310086356871579
264,ADD2,16210,16211,16224,stop,134.211,134.157382,-5.361774712665124,22.12590020912728,-0.2423302402156414,0.01,-0.40434343710379417
265,BASE,16231,16232,16242,stop,134.802,134.828455,2.645543129892758,21.20424173177753,0.12476480712479525,0.01,0.19928754785195313
265,ADD1,16234,16235,16242,stop,134.966,134.828455,-13.754456870105969,21.077958850113987,-0.6525516520795175,0.01,-1.035057047582891
265,ADD2,16235,16236,16237,stop,135.166,134.951848,-21.415247503676937,21.415247503676937,-1.0,0.01,-1.611905463019724
266,BASE,16264,16265,16303,stop,135.648,136.834908,118.69083223328971,25.978870518048325,4.568744901778217,0.01,8.80800707662416
266,ADD1,16272,16273,16303,stop,136.283,136.834908,55.19083223329062,22.12130990288017,2.494917004264057,0.01,4.083945773127738
266,ADD2,16278,16279,16303,stop,136.497,136.834908,33.79083223329076,21.302411985413983,1.5862444241726124,0.01,2.4916909329019807
267,BASE,16320,16321,16333,stop,137.253,137.032464,-22.053636365996,22.053636365996,-1.0,0.01,-1.5988468244251608
267,ADD1,16330,16331,16333,stop,137.454,137.239522,-21.447803022206813,21.447803022206813,-1.0,0.01,-1.549223113880561
267,ADD2,16332,16333,16333,stop,137.527,137.306807,-22.01927913649513,22.01927913649513,-1.0,0.01,-1.5973385602628452
268,BASE,16406,16407,16407,stop,137.306,137.026853,-27.91473181619608,27.91473181619608,-1.0,0.01,-2.0385065372479603
269,BASE,16416,16417,16428,stop,138.385,138.265548,-11.945202631110874,25.09632219665434,-0.47597422990940563,0.01,-0.8565872922883503
269,ADD1,16419,16420,16428,stop,138.587,138.330783,-25.621690913283146,25.621690913283146,-1.0,0.01,-1.8315283619719942
269,ADD2,16420,16421,16425,stop,138.869,138.606584,-26.241570133763048,26.241570133763048,-1.0,0.01,-1.874527495907307
270,BASE,16454,16455,16455,stop,138.897,138.63788,-25.911977626208227,25.911977626208227,-1.0,0.01,-1.8669564376503067
271,BASE,16485,16486,16524,stop,139.077,139.931075,85.40745180849001,20.922184940334887,4.08214782787036,0.01,6.174095553070742
271,ADD1,16487,16488,16496,stop,139.339,139.123441,-21.55586354549257,21.55586354549257,-1.0,0.01,-1.550498908470389
271,ADD2,16488,16489,16495,stop,139.482,139.26041,-22.159016149387867,22.159016149387867,-1.0,0.01,-1.5928416029965784
272,BASE,16564,16565,16601,stop,140.931,143.937038,300.6038454591362,15.465994858539034,19.436437694996894,0.02,42.39370799454475
272,ADD1,16566,16567,16601,stop,141.184,143.937038,275.3038454591348,16.49006699537381,16.69513201713308,0.02,38.79626279516962
272,ADD2,16567,16568,16601,stop,141.545,143.937038,239.20384545913578,19.426490781418693,12.31328128948192,0.01,16.837258946886124
273,BASE,16692,16693,16693,stop,144.416,143.975997,-44.00031752024347,44.00031752024347,-1.0,0.01,-3.0614372514501276
274,BASE,16808,16809,16811,stop,143.668,143.477553,-19.044680351927923,19.044680351927923,-1.0,0.01,-1.3267271317984792
275,BASE,16828,16829,16830,stop,144.027,143.853258,-17.374231084892244,17.374231084892244,-1.0,0.02,-2.4045096758362607
276,BASE,16850,16851,16856,stop,144.568,144.587901,1.9901296623572762,41.493769704317174,0.04796213206317129,0.01,0.13492080796552372
276,ADD1,16853,16854,16856,stop,144.935,144.587901,-34.709870337641746,41.85568951909033,-0.8292748425948309,0.01,-2.3420398803410114
276,ADD2,16854,16855,16856,stop,145.66,145.213554,-44.644568839154886,44.644568839154886,-1.0,0.01,-3.0082476001906993
277,BASE,16896,16897,16945,time,143.802,144.697,89.50000000000102,34.31984173115268,2.6078208839395787,0.01,5.978121152682497
277,ADD1,16900,16901,16901,stop,144.17,143.839557,-33.044340891385104,33.044340891385104,-1.0,0.01,-2.213110895150035
277,ADD2,16906,16907,16908,stop,144.269,143.913632,-35.53681338579224,35.53681338579224,-1.0,0.01,-2.3763497324344836
278,BASE,17016,17017,17021,stop,144.788,144.784489,-0.35114955095423284,15.277324103374212,-0.022985016785542732,0.02,-0.04757693149133567
278,ADD1,17020,17021,17021,stop,144.949,144.771163,-17.783716516984782,17.783716516984782,-1.0,0.02,-2.404543626984978
279,BASE,17101,17102,17124,stop,144.787,144.731317,-5.5683097115576174,15.598150472825978,-0.35698525419781935,0.02,-0.7552294606887686
279,ADD1,17103,17104,17120,stop,144.953,144.794128,-15.887180764835307,15.887180764835307,-1.0,0.02,-2.149391810163674
279,ADD2,17104,17105,17120,stop,144.947,144.78569,-16.13095356734675,16.13095356734675,-1.0,0.02,-2.1820840711316434
280,BASE,17136,17137,17137,stop,145.5,145.346492,-15.350829383115183,15.350829383115183,-1.0,0.02,-2.0572044022252687
281,BASE,17164,17165,17166,stop,145.788,145.666039,-12.196087002294576,12.196087002294576,-1.0,0.03,-2.4288437326470533
282,BASE,17184,17185,17221,stop,146.135,146.963906,82.89058890396461,16.463092530241852,5.03493427809501,0.02,10.997028579656007
282,ADD1,17193,17194,17221,stop,146.376,146.963906,58.79058890396607,17.164656537084966,3.425095560575099,0.02,7.792014021083799
282,ADD2,17194,17195,17195,stop,146.532,146.357828,-17.417181070149468,17.417181070149468,-1.0,0.02,-2.3077963919171043
283,BASE,17240,17241,17289,stop,147.694,148.790458,109.64576559456987,21.03576732354213,5.212349229203541,0.01,7.239242560982595
283,ADD1,17243,17244,17289,stop,147.81,148.790458,98.04576559457132,21.35064898317296,4.5921679323117495,0.01,6.450220347662005
283,ADD2,17245,17246,17289,stop,147.976,148.790458,81.4457655945688,22.531426929367626,3.6147628754223193,0.01,5.340183083122069
284,BASE,17309,17310,17335,stop,149.305,149.661636,35.66360491882392,14.332062571898518,2.4883790968615402,0.02,4.692367324602241
284,ADD1,17314,17315,17335,stop,149.584,149.661636,7.763604918824285,15.281043256732119,0.5080546392278551,0.02,1.0145433140452822
284,ADD2,17315,17316,17335,stop,149.624,149.661636,3.7636049188222387,15.610968738394604,0.24108721129943658,0.02,0.4911703233758742
285,BASE,17355,17356,17365,stop,150.368,151.216123,84.81230460335212,13.774244018719628,6.157311028328636,0.02,11.017901437330375
285,ADD1,17359,17360,17365,stop,150.486,151.216123,73.01230460335262,13.074757481743404,5.584218652261921,0.02,9.463373753048053
285,ADD2,17360,17361,17361,stop,150.943,150.781663,-16.133703375905384,16.133703375905384,-1.0,0.02,-2.085700634630933
286,BASE,17479,17480,17521,stop,147.081,148.215555,113.45545751981376,38.14521074609445,2.974304121033859,0.01,7.640598210167332
286,ADD1,17481,17482,17483,stop,147.682,147.282294,-39.97061538821356,39.97061538821356,-1.0,0.01,-2.6936930936084424
286,ADD2,17496,17497,17499,stop,148.229,147.927782,-30.121787872215577,30.121787872215577,-1.0,0.01,-2.0256181807418834
287,BASE,17575,17576,17598,stop,147.906,147.707021,-19.897943003422824,33.96799140470819,-0.5857850929821196,0.01,-1.3133289871746021
287,ADD1,17577,17578,17582,stop,148.239,147.905439,-33.3560742214047,33.3560742214047,-1.0,0.01,-2.1939712691156656
287,ADD2,17578,17579,17581,stop,148.297,147.966765,-33.02349749130542,33.02349749130542,-1.0,0.01,-2.1718176078292135
288,BASE,17820,17821,17821,stop,140.314,139.947448,-36.655235086297466,36.655235086297466,-1.0,0.01,-2.691986217732503
289,BASE,17860,17861,17888,stop,140.444,141.525211,108.12105710402307,22.049478394299626,4.903565298486844,0.01,7.906613388839461
289,ADD1,17862,17863,17888,stop,140.826,141.525211,69.92105710402257,22.72072371753211,3.077413288999638,0.01,5.093132938464648
289,ADD2,17863,17864,17888,stop,140.861,141.525211,66.4210571040229,22.519243451995408,2.9495243588273126,0.01,4.832577439241915
290,BASE,17961,17962,17968,stop,139.396,139.083531,-31.24687873102232,31.24687873102232,-1.0,0.01,-2.3317300886790786
290,ADD1,17963,17964,17964,stop,139.588,139.273718,-31.428176048689238,31.428176048689238,-1.0,0.01,-2.3446986465688773
291,BASE,18037,18038,18038,stop,139.392,139.066924,-32.50762077854574,32.50762077854574,-1.0,0.01,-2.4185552236126187
292,BASE,18111,18112,18131,stop,136.328,136.400517,7.251657400502154,39.48082095818961,0.18367544606485503,0.01,0.5594779039018575
292,ADD1,18113,18114,18131,stop,136.637,136.400517,-23.648342599497596,38.608462969051516,-0.6125170695982918,0.01,-1.8162442068470055
292,ADD2,18122,18123,18128,stop,136.983,136.635573,-34.74271924316383,34.74271924316383,-1.0,0.01,-2.664619261794652
293,BASE,18148,18149,18157,stop,137.414,137.116353,-29.76468808137156,29.76468808137156,-1.0,0.01,-2.2676815609666434
293,ADD1,18150,18151,18151,stop,137.641,137.329708,-31.12924635587717,31.12924635587717,-1.0,0.01,-2.368156833222337
294,BASE,18217,18218,18253,stop,136.865,137.216541,35.1540989820478,28.16746444481737,1.2480391712544054,0.01,2.699132207754176
294,ADD1,18229,18230,18253,stop,137.022,137.216541,19.45409898204673,25.54176200148106,0.7616584549225174,0.01,1.4986575693692217
294,ADD2,18231,18232,18253,stop,137.409,137.216541,-19.245901017953315,26.364580501277146,-0.7299907926477727,0.01,-1.473184867043388
295,BASE,18296,18297,18314,stop,136.462,137.247563,78.55630426808204,32.67021912903658,2.40452333539027,0.01,6.103262155625882
295,ADD1,18298,18299,18300,stop,136.776,136.453966,-32.20340322860977,32.20340322860977,-1.0,0.01,-2.502926915746471
295,ADD2,18303,18304,18314,stop,137.618,137.247563,-37.04369573191855,39.54344022386351,-0.9367848503369105,0.01,-2.8603723784935
296,BASE,18360,18361,18362,stop,137.333,137.07985,-25.314994394312862,25.314994394312862,-1.0,0.01,-1.955123442495028
297,BASE,18422,18423,18456,stop,132.336,132.652079,31.607854607958075,28.849549409082442,1.095609992369838,0.01,2.5351189921001405
297,ADD1,18432,18433,18456,stop,132.596,132.652079,5.607854607958984,25.283422957517132,0.22179965969725182,0.01,0.44767123525872443
297,ADD2,18433,18434,18456,stop,132.658,132.652079,-0.5921453920421982,25.563178460549807,-0.0231639971123318,0.01,-0.04732788612315111
298,BASE,18466,18467,18469,stop,133.164,132.966002,-19.79979425829015,19.79979425829015,-1.0,0.01,-1.5802678533002437
299,BASE,18488,18489,18516,stop,133.104,133.683238,57.92376843110105,17.61739517275487,3.2878735966983132,0.01,4.633231649498154
299,ADD1,18490,18491,18516,stop,133.295,133.683238,38.8237684311008,17.614488694874808,2.204081486759087,0.01,3.1072124485468193
299,ADD2,18493,18494,18495,stop,133.468,133.294086,-17.391410955772812,17.391410955772812,-1.0,0.01,-1.384419382983926
300,BASE,18623,18624,18624,stop,131.305,130.966794,-33.820609898853604,33.820609898853604,-1.0,0.01,-2.7237654084737044
301,BASE,18639,18640,18685,stop,132.02,133.73385,171.38501125237724,41.90806700959513,4.089547036687173,0.01,13.761099042157095
301,ADD1,18641,18642,18647,stop,132.557,132.127726,-42.92736390113134,42.92736390113134,-1.0,0.01,-3.4387904977662664
301,ADD2,18656,18657,18685,stop,132.598,133.73385,113.58501125237694,36.33172333172183,3.1263315041597264,0.01,9.095559898575432
302,BASE,18745,18746,18749,stop,132.398,132.137087,-26.091316338906267,26.091316338906267,-1.0,0.01,-2.1123697565387585
303,BASE,18841,18842,18846,stop,128.812,128.527193,-28.480717431088465,28.480717431088465,-1.0,0.01,-2.390222510315673
304,BASE,18866,18867,18871,stop,130.54,130.059501,-48.04991953264448,48.04991953264448,-1.0,0.01,-3.949803853696873
304,ADD1,18868,18869,18869,stop,131.345,130.840733,-50.42671633171665,50.42671633171665,-1.0,0.01,-4.152845093492571
305,BASE,18913,18914,18930,stop,128.844,129.517423,67.34225305405914,28.092487191520377,2.3971623656870857,0.01,5.66614497421858
305,ADD1,18916,18917,18919,stop,129.06,128.797097,-26.29030406696984,26.29030406696984,-1.0,0.01,-2.204112138377085
305,ADD2,18917,18918,18919,stop,129.177,128.911519,-26.54813949075958,26.54813949075958,-1.0,0.01,-2.2270815920353613
306,BASE,18949,18950,18962,stop,130.505,130.187855,-31.714548679164523,31.714548679164523,-1.0,0.01,-2.6345069485824686
307,BASE,18974,18975,18975,stop,131.076,130.773949,-30.205054132977693,30.205054132977693,-1.0,0.01,-2.5182681132920495
308,BASE,19024,19025,19026,stop,130.407,130.070141,-33.685924541936174,33.685924541936174,-1.0,0.01,-2.807694517776128
309,BASE,19057,19058,19058,stop,130.234,130.030673,-20.33273227362713,20.33273227362713,-1.0,0.01,-1.6995425428776931
310,BASE,19165,19166,19203,stop,129.951,132.148514,219.75142286828486,31.813294034841988,6.907534398280562,0.01,18.276057128047547
310,ADD1,19167,19168,19203,stop,131.078,132.148514,107.05142286828675,37.668605570860336,2.8419268843628114,0.01,8.864762077702693
310,ADD2,19169,19170,19203,stop,131.057,132.148514,109.15142286828541,35.94231806875143,3.036849839776545,0.01,9.00581659193482
311,BASE,19248,19249,19253,stop,131.516,131.276185,-23.98145738101789,23.98145738101789,-1.0,0.01,-1.9538825985075727
312,BASE,19273,19274,19279,stop,131.633,131.367457,-26.554252826394986,26.554252826394986,-1.0,0.01,-2.1643311091252118
313,BASE,19297,19298,19320,stop,131.686,132.179432,49.343224648606565,28.2468438410433,1.7468579826575084,0.01,3.995798136253774
313,ADD1,19299,19300,19320,stop,132.033,132.179432,14.643224648605724,28.43477861804331,0.5149758626681853,0.01,1.181595878792468
313,ADD2,19300,19301,19320,stop,132.143,132.179432,3.6432246486072017,27.48943728818176,0.13253180159397057,0.01,0.2939500691812324
314,BASE,19334,19335,19335,stop,132.745,132.379065,-36.5935055191585,36.5935055191585,-1.0,0.01,-2.963295654914879
315,BASE,19350,19351,19376,stop,133.322,133.678343,35.634337316329834,29.108171391717974,1.2242039129420792,0.01,2.86194977679813
315,ADD1,19356,19357,19376,stop,133.682,133.678343,-0.36566268367153043,26.76853109502133,-0.01366016993511982,0.01,-0.029221609758231598
315,ADD2,19357,19358,19376,stop,133.908,133.678343,-22.96566268367144,28.413636016804844,-0.8082620144105711,0.01,-1.8294732676246814
316,BASE,19382,19383,19383,stop,134.357,134.104479,-25.25210328941796,25.25210328941796,-1.0,0.01,-2.004990318405607
317,BASE,19393,19394,19407,stop,134.641,134.417166,-22.383356410759347,25.843503611162078,-0.8661115283568496,0.01,-1.7711876604393264
317,ADD1,19399,19400,19405,stop,134.805,134.582728,-22.227197893985817,22.227197893985817,-1.0,0.01,-1.7526371409151442
317,ADD2,19400,19401,19405,stop,134.876,134.652747,-22.325255187271864,22.325255187271864,-1.0,0.01,-1.7615240325359294
318,BASE,19447,19448,19464,stop,134.593,134.65291,5.991026774722741,17.227504060477372,0.3477594173648815,0.01,0.47449736190621866
318,ADD1,19453,19454,19455,stop,134.868,134.680826,-18.717416750070015,18.717416750070015,-1.0,0.01,-1.4764946482735584
318,ADD2,19454,19455,19455,stop,135.16,134.955553,-20.444744125063607,20.444744125063607,-1.0,0.01,-1.6172732952203834
319,BASE,19500,19501,19502,stop,134.994,134.854883,-13.911694111163797,14.88368506554707,-0.934694200387695,0.02,-2.1826193476976368
320,BASE,19523,19524,19549,stop,135.409,135.941379,53.237883383891926,23.73251334871327,2.2432467476850015,0.01,4.149815699859688
320,ADD1,19525,19526,19549,stop,135.888,135.941379,5.337883383893427,28.12038140781965,0.18982258122605267,0.01,0.4133369157438793
320,ADD2,19526,19527,19549,stop,136.186,135.941379,-24.462116616106755,30.283211307261126,-0.8077781569433944,0.01,-1.8928583242032455
321,BASE,19567,19568,19575,stop,136.758,136.569825,-18.817526205782542,18.817526205782542,-1.0,0.01,-1.4589880094419767
322,BASE,19612,19613,19617,stop,136.447,136.236587,-21.041283115425813,21.041283115425813,-1.0,0.01,-1.6396825052693347
322,ADD1,19614,19615,19616,stop,136.741,136.531746,-20.92539207401387,20.92539207401387,-1.0,0.01,-1.6278092625804712
322,ADD2,19615,19616,19616,stop,136.79,136.579764,-21.023578354441952,21.023578354441952,-1.0,0.01,-1.640112155148599
323,BASE,19692,19693,19715,stop,136.17,137.247323,107.73233088734457,19.50438853437504,5.5234918386431,0.01,8.438688363086838
323,ADD1,19695,19696,19715,stop,136.786,137.247323,46.13233088734603,23.305663852048042,1.9794471927600568,0.01,3.5692189418873923
323,ADD2,19696,19697,19697,stop,136.914,136.676376,-23.76240214833274,23.76240214833274,-1.0,0.01,-1.8355636978904495
324,BASE,19831,19832,19833,stop,134.881,134.557126,-32.387418503031995,32.387418503031995,-1.0,0.01,-2.5831338806652417
325,BASE,19944,19945,19946,stop,132.535,132.263895,-27.110466418153578,27.110466418153578,-1.0,0.01,-2.2020659361174686
326,BASE,20017,20018,20019,stop,130.884,130.62548,-25.85198370948376,25.85198370948376,-1.0,0.01,-2.1289008013777204
327,BASE,20064,20065,20095,stop,131.317,132.223614,90.66135067970151,24.742948989378988,3.6641287470874335,0.01,7.48063718642298
327,ADD1,20066,20067,20095,stop,131.719,132.223614,50.46135067969999,26.300808057169434,1.9186235863937475,0.01,4.153670394132451
327,ADD2,20069,20070,20073,stop,131.9,131.652819,-24.718139687172425,24.718139687172425,-1.0,0.01,-2.0295049491646946
328,BASE,20098,20099,20105,stop,132.585,132.35154,-23.346017833171118,23.346017833171118,-1.0,0.01,-1.9156935129316044
328,ADD1,20100,20101,20104,stop,132.77,132.533777,-23.62233170309196,23.62233170309196,-1.0,0.01,-1.943461271236496
329,BASE,20112,20113,20114,stop,133.246,132.996274,-24.972590466236966,24.972590466236966,-1.0,0.01,-2.047657101568345
330,BASE,20142,20143,20145,stop,133.595,133.346238,-24.876196641906745,24.876196641906745,-1.0,0.01,-2.0145067695513568
331,BASE,20222,20223,20263,stop,131.762,132.265649,50.364910741325275,26.402100433080022,1.9076099975069216,0.01,4.179857285666439
331,ADD1,20244,20245,20263,stop,132.128,132.265649,13.764910741323888,21.617309409501217,0.636754115906485,0.01,1.1351511922917377
331,ADD2,20256,20257,20263,stop,132.606,132.428871,-17.712882633668414,17.712882633668414,-1.0,0.01,-1.456278320328841
332,BASE,20306,20307,20308,stop,133.895,133.70897,-18.60298553224311,18.60298553224311,-1.0,0.01,-1.5174466501416908
333,BASE,20366,20367,20408,stop,133.467,134.171569,70.45693000297035,27.810946806360448,2.533424356011376,0.01,5.796361008827671
333,ADD1,20368,20369,20408,stop,133.789,134.171569,38.25693000297008,27.479336787118314,1.3922071809572951,0.01,3.1401851928559856
333,ADD2,20376,20377,20408,stop,133.851,134.171569,32.0569300029689,19.194915735880613,1.6700740156439249,0.01,2.625173611522169
334,BASE,20430,20431,20436,stop,134.617,134.549178,-6.782222564331164,16.049917152975013,-0.42257056529877546,0.01,-0.5518178931272301
334,ADD1,20432,20433,20435,stop,134.897,134.723835,-17.316510198227775,17.316510198227775,-1.0,0.01,-1.4072097460199866
334,ADD2,20433,20434,20436,stop,134.801,134.612704,-18.82961661264062,18.82961661264062,-1.0,0.01,-1.5269664916679888
335,BASE,20506,20507,20510,stop,134.595,134.405669,-18.93313106553194,18.93313106553194,-1.0,0.01,-1.548836555329683
336,BASE,20576,20577,20578,stop,133.882,133.678908,-20.30920613435967,20.30920613435967,-1.0,0.01,-1.6770201401814584
337,BASE,20593,20594,20594,stop,134.203,133.958991,-24.40091693688089,24.40091693688089,-1.0,0.01,-2.0053813284163584
338,BASE,20616,20617,20654,stop,136.67,137.149256,47.925589074347386,26.672866863813738,1.7967918229054922,0.01,3.85935841833587
338,ADD1,20618,20619,20626,stop,136.883,136.623382,-25.961808673392284,25.961808673392284,-1.0,0.01,-2.0876535274143904
338,ADD2,20619,20620,20626,stop,136.886,136.63264,-25.335965196720167,25.335965196720167,-1.0,0.01,-2.0386925572320465
339,BASE,20724,20725,20725,stop,134.979,134.718609,-26.039058929379166,26.039058929379166,-1.0,0.01,-2.1201512280413133
340,BASE,20736,20737,20741,stop,134.903,134.710957,-19.204348616062816,19.204348616062816,-1.0,0.01,-1.569357009724728
341,BASE,20760,20761,20761,stop,135.218,135.046076,-17.192417242256397,17.192417242256397,-1.0,0.01,-1.3991554328146416
342,BASE,20789,20790,20792,stop,135.345,135.19582,-14.918008468694666,14.918008468694666,-1.0,0.02,-2.4169148330109085
343,BASE,20838,20839,20868,stop,134.803,135.791374,98.83737315761039,17.902603960763486,5.520837827515417,0.01,8.009580376745909
343,ADD1,20843,20844,20845,stop,134.935,134.760067,-17.49329284748171,17.49329284748171,-1.0,0.01,-1.41171100086086
343,ADD2,20844,20845,20845,stop,134.983,134.808705,-17.42948621551932,17.42948621551932,-1.0,0.01,-1.408140694278767
344,BASE,20894,20895,20898,stop,136.486,136.301845,-18.415513561078,18.415513561078,-1.0,0.01,-1.4645493334484998
345,BASE,20909,20910,20958,stop,136.798,138.171391,137.33909037847525,15.226429504662065,9.01978302506339,0.02,21.787936682804084
345,ADD1,20911,20912,20958,stop,136.993,138.171391,117.83909037847309,16.048298909632308,7.342777639052149,0.01,9.318459306792073
345,ADD2,20912,20913,20914,stop,137.055,136.89398,-16.101991844658414,16.101991844658414,-1.0,0.01,-1.2728261326953714
346,BASE,20991,20992,20993,stop,138.666,138.424201,-24.17992127996058,24.17992127996058,-1.0,0.01,-1.8860048886796108
347,BASE,21001,21002,21003,stop,138.82,138.601905,-21.809506844886073,21.809506844886073,-1.0,0.01,-1.6988754232435368
348,BASE,21038,21039,21046,stop,138.999,138.8314,-16.759971393960882,21.60281253540859,-0.7758235816049445,0.01,-1.296406546617951
348,ADD1,21040,21041,21042,stop,139.316,139.094073,-22.192731216753714,22.192731216753714,-1.0,0.01,-1.7138983539212536
348,ADD2,21044,21045,21046,stop,139.455,139.233092,-22.190758961934876,22.190758961934876,-1.0,0.01,-1.7116260728128896
349,BASE,21049,21050,21055,stop,139.607,139.361954,-24.5045748558141,24.5045748558141,-1.0,0.01,-1.885908510892951
350,BASE,21084,21085,21101,stop,140.083,140.348533,26.553281901465198,22.17159958738648,1.1976258996022766,0.01,2.033359595330189
350,ADD1,21086,21087,21101,stop,140.502,140.348533,-15.346718098533074,24.800511889122845,-0.6188065055731341,0.01,-1.169180677429977
350,ADD2,21087,21088,21101,stop,140.544,140.348533,-19.546718098533233,24.70761818275662,-0.7911211009475141,0.01,-1.489784858931695
351,BASE,21126,21127,21127,stop,140.392,140.190898,-20.110169935841782,20.110169935841782,-1.0,0.01,-1.5322498507796518
352,BASE,21209,21210,21230,stop,139.999,139.910498,-8.85023647965113,24.984918481740692,-0.35422314810108346,0.01,-0.6771831268812845
352,ADD1,21222,21223,21228,stop,140.35,140.169685,-18.031462129209785,18.031462129209785,-1.0,0.01,-1.3728588594740465
352,ADD2,21223,21224,21224,stop,140.418,140.242351,-17.564929119981798,17.564929119981798,-1.0,0.01,-1.3386649471265875
353,BASE,21279,21280,21292,stop,139.987,139.740667,-24.6333091812744,24.6333091812744,-1.0,0.01,-1.8806207010835976
353,ADD1,21283,21284,21285,stop,140.249,140.021511,-22.74888441082794,22.74888441082794,-1.0,0.01,-1.737303598344766
354,BASE,21349,21350,21359,stop,139.67,139.46899,-20.101006920910436,20.101006920910436,-1.0,0.01,-1.5489889087515605
355,BASE,21372,21373,21396,stop,139.162,139.788362,62.63622943449718,20.880607135941887,2.9997321929725476,0.01,4.84754899174746
355,ADD1,21374,21375,21396,stop,139.823,139.788362,-3.463770565502955,25.016952071297283,-0.13845693734517905,0.01,-0.2672936614148042
355,ADD2,21375,21376,21396,stop,140.009,139.788362,-22.06377056550366,25.651455494775632,-0.8601371789603648,0.01,-1.7025318491178956
356,BASE,21408,21409,21420,stop,140.372,140.736385,36.43853784056432,23.028607254613576,1.5823161790761004,0.01,2.800209273019112
356,ADD1,21410,21411,21420,stop,141.057,140.792799,-26.420074622600964,26.420074622600964,-1.0,0.01,-2.02494913247801
356,ADD2,21411,21412,21420,stop,141.083,140.827671,-25.53292643527243,25.53292643527243,-1.0,0.01,-1.9542625865828296
357,BASE,21446,21447,21482,stop,141.506,141.792173,28.61727379983563,32.25455660856653,0.8872319699547545,0.01,2.204766802097713
357,ADD1,21450,21451,21460,stop,141.8,141.504775,-29.522453959216932,29.522453959216932,-1.0,0.01,-2.277467856576638
357,ADD2,21452,21453,21459,stop,141.804,141.53426,-26.97395264850968,26.97395264850968,-1.0,0.01,-2.08068200210402
358,BASE,21517,21518,21518,stop,142.259,142.029809,-22.919107468467814,22.919107468467814,-1.0,0.01,-1.762501919135352
359,BASE,21541,21542,21559,stop,142.301,142.815343,51.43434871440604,22.104567368987205,2.3268652064445576,0.01,3.9555462558418677
359,ADD1,21543,21544,21559,stop,142.896,142.815343,-8.065651285593844,23.372815741626596,-0.3450868468204733,0.01,-0.6177991272577799
359,ADD2,21544,21545,21559,stop,142.994,142.815343,-17.865651285595163,22.589043188654045,-0.7908989830330072,0.01,-1.3684703516317334
360,BASE,21608,21609,21611,stop,143.718,143.543237,-17.47634425160811,17.47634425160811,-1.0,0.01,-1.3286604937012207
361,BASE,21631,21632,21633,stop,144.082,143.905556,-17.644401482806416,17.644401482806416,-1.0,0.01,-1.3409353219632643
362,BASE,21654,21655,21655,stop,144.62,144.448652,-17.134791076452416,17.134791076452416,-1.0,0.01,-1.2949262123119412
363,BASE,21672,21673,21676,stop,144.888,144.709729,-17.82710148403055,17.82710148403055,-1.0,0.01,-1.3388948208700604
364,BASE,21750,21751,21751,stop,144.669,144.547736,-12.12640872226416,12.12640872226416,-1.0,0.02,-1.8278179100717034
365,BASE,21925,21926,21936,stop,138.662,138.482331,-17.96686438460995,31.151049305674405,-0.5767659448099921,0.01,-1.4556866304581058
366,BASE,21949,21950,21952,stop,139.149,138.84875,-30.024993587053928,30.024993587053928,-1.0,0.01,-2.4229969519987384
367,BASE,21986,21987,22009,stop,139.26,139.31606,5.606024022640099,27.086762770795758,0.20696544914124504,0.01,0.4516858241101895
367,ADD1,21990,21991,22009,stop,139.456,139.31606,-13.993975977359696,26.47956141963448,-0.5284821661352451,0.01,-1.1256434145604628
367,ADD2,21992,21993,21996,stop,139.738,139.464911,-27.308907550602157,27.308907550602157,-1.0,0.01,-2.1928575201505947
368,BASE,22022,22023,22028,stop,140.319,140.050879,-26.812136091626826,26.812136091626826,-1.0,0.01,-2.1297113270073242
368,ADD1,22024,22025,22025,stop,140.468,140.217855,-25.01454591573804,25.01454591573804,-1.0,0.01,-1.9849262549101439
369,BASE,22039,22040,22063,stop,141.379,141.331288,-4.771164319836885,28.103043106659698,-0.1697739387769804,0.01,-0.3741425816211626
370,BASE,22142,22143,22145,stop,141.261,140.951466,-30.95342917492303,30.95342917492303,-1.0,0.01,-2.4147827163484896
371,BASE,22177,22178,22221,stop,141.559,142.892404,133.34036628095305,42.63301026291799,3.127631979507014,0.01,10.363056147290974
371,ADD1,22180,22181,22221,stop,141.888,142.892404,100.44036628095512,39.69035114709527,2.530599084616711,0.01,7.79731719304301
371,ADD2,22184,22185,22190,stop,142.425,142.033732,-39.12678621179282,39.12678621179282,-1.0,0.01,-3.0324366113080345
372,BASE,22252,22253,22254,stop,143.702,143.477784,-22.421579580915818,22.421579580915818,-1.0,0.01,-1.705965977505893
373,BASE,22320,22321,22369,time,143.018,143.774,75.60000000000286,18.875817984954324,4.005124443362543,0.01,5.797999455691388
373,ADD1,22322,22323,22326,stop,143.335,143.134402,-20.059761425801526,20.059761425801526,-1.0,0.01,-1.5376822555696628
373,ADD2,22324,22325,22326,stop,143.235,143.040872,-19.41275347428757,19.41275347428757,-1.0,0.01,-1.4889071231081699
374,BASE,22392,22393,22393,stop,144.828,144.655171,-17.282938117267577,17.282938117267577,-1.0,0.01,-1.3124599501909913
375,BASE,22416,22417,22417,stop,144.998,144.849969,-14.80308120996483,14.80308120996483,-1.0,0.02,-2.234386119456346
376,BASE,22440,22441,22453,stop,145.447,145.304028,-14.297235411973475,15.659487640709813,-0.9130078671798364,0.02,-2.1446885522913317
376,ADD1,22442,22443,22445,stop,145.551,145.391507,-15.949252098366173,15.949252098366173,-1.0,0.02,-2.392365890781623
376,ADD2,22446,22447,22449,stop,145.731,145.566267,-16.47334155511828,16.47334155511828,-1.0,0.02,-2.4695888903725103
377,BASE,22476,22477,22477,stop,145.876,145.720281,-15.571918582108424,15.571918582108424,-1.0,0.02,-2.3293749099658156
378,BASE,22488,22489,22495,stop,146.4,146.239455,-16.05447729694731,16.05447729694731,-1.0,0.02,-2.3838931508278254
379,BASE,22545,22546,22563,stop,145.78,145.923618,14.361830895452954,18.253217743958317,0.7868109117476899,0.01,1.0725338823370048
379,ADD1,22548,22549,22563,stop,146.099,145.923618,-17.53816910454873,19.525808813219214,-0.8982044878302389,0.01,-1.3075738616411412
379,ADD2,22549,22550,22563,stop,146.145,145.950403,-19.45967961227666,19.45967961227666,-1.0,0.01,-1.4481659159000455
380,BASE,22620,22621,22621,stop,145.902,145.704393,-19.760732906641465,19.760732906641465,-1.0,0.01,-1.4680257887895778
381,BASE,22632,22633,22644,stop,146.046,145.876078,-16.992230762608074,16.992230762608074,-1.0,0.01,-1.2549870682971698
382,BASE,22669,22670,22671,stop,146.559,146.408365,-15.063458487907155,15.063458487907155,-1.0,0.02,-2.2190564180179577
383,BASE,22690,22691,22694,stop,146.791,146.887014,9.601441601867577,13.603162531401836,0.7058242213678916,0.02,1.4102674060428129
383,ADD1,22692,22693,22694,stop,147.245,147.083646,-16.135379937790617,16.135379937790617,-1.0,0.02,-2.3666525287634603
384,BASE,22768,22769,22817,time,146.158,147.776,161.80000000000234,27.81612469608774,5.8167700126379955,0.01,11.940643567405717
384,ADD1,22783,22784,22829,stop,146.416,147.299381,88.33806916576918,16.568041315372284,5.33183539829821,0.02,13.02550651486687
384,ADD2,22785,22786,22829,stop,146.399,147.299381,90.03806916577162,16.04336215458204,5.612169587536015,0.02,13.28395021872786
385,BASE,22824,22825,22826,stop,147.781,147.605409,-17.559089141693107,17.559089141693107,-1.0,0.01,-1.2747306266920297
386,BASE,22848,22849,22849,stop,147.768,147.599001,-16.899879014070507,16.899879014070507,-1.0,0.02,-2.455067163092608
387,BASE,22932,22933,22961,stop,147.131,147.202191,7.11910805477487,18.971204415646525,0.3752586234800873,0.01,0.517853112339919
387,ADD1,22944,22945,22961,stop,147.313,147.202191,-11.080891945223925,15.496680578817745,-0.7150493867938585,0.02,-1.6185973106281433
387,ADD2,22945,22946,22961,stop,147.325,147.202191,-12.28089194522397,15.63977482318819,-0.7852345755653592,0.02,-1.7927873880937804
388,BASE,22997,22998,23021,stop,147.41,147.650408,24.040782931035665,15.328621920639307,1.5683590511594405,0.02,3.47046021337849
388,ADD1,22999,23000,23006,stop,147.763,147.601003,-16.19967910504272,16.19967910504272,-1.0,0.02,-2.3384664370556396
388,ADD2,23000,23001,23006,stop,147.785,147.626289,-15.871130597540173,15.871130597540173,-1.0,0.02,-2.2904016888005767
389,BASE,23046,23047,23047,stop,147.846,147.747781,-9.821917810131708,9.821917810131708,-1.0,0.03,-2.1309570934666677
390,BASE,23069,23070,23074,stop,147.906,147.82575,-8.024952608977287,9.844264083034204,-0.8151907081411648,0.03,-1.738363630663311
390,ADD1,23071,23072,23072,stop,148.15,148.038389,-11.161125663431903,11.161125663431903,-1.0,0.03,-2.4171322203341052
391,BASE,23088,23089,23090,stop,148.414,148.254837,-15.916337797193592,15.916337797193592,-1.0,0.02,-2.281344612475232
392,BASE,23136,23137,23167,stop,148.34,148.822996,48.29962309855773,12.938728285746492,3.7329497947464714,0.02,6.933634821271977
392,ADD1,23143,23144,23167,stop,148.449,148.822996,37.399623098556845,11.235445117131349,3.3287175282029033,0.03,8.034973986689904
392,ADD2,23144,23145,23167,stop,148.572,148.822996,25.0996230985578,11.454341894480535,2.1912758785952136,0.03,5.385353402915592
393,BASE,23193,23194,23205,stop,149.181,149.308619,12.76187852050441,11.301210727219768,1.129248788341458,0.03,2.7094007680255423
393,ADD1,23197,23198,23205,stop,149.385,149.308619,-7.6381214794963626,12.063486036552717,-0.6331603863387938,0.02,-1.0745607722308572
393,ADD2,23198,23199,23199,stop,149.503,149.378839,-12.416094176796832,12.416094176796832,-1.0,0.02,-1.7474644423640713
394,BASE,23256,23257,23294,stop,149.692,149.677882,-1.4118423933183522,15.916242074416687,-0.08870450617157347,0.02,-0.19929840169967614
394,ADD1,23258,23259,23261,stop,149.788,149.635355,-15.264514849880584,15.264514849880584,-1.0,0.02,-2.1540539132450647
394,ADD2,23259,23260,23261,stop,149.789,149.641115,-14.78847807488819,14.78847807488819,-1.0,0.02,-2.0880431047003616
395,BASE,23364,23365,23365,stop,149.425,149.246324,-17.867632559998015,17.867632559998015,-1.0,0.01,-1.255725986470541
396,BASE,23438,23439,23439,stop,149.144,148.976252,-16.774764158830635,16.774764158830635,-1.0,0.02,-2.391193646935819
397,BASE,23460,23461,23484,stop,149.455,149.493592,3.8592451765737223,15.688208342135113,0.24599655310598023,0.02,0.5461977286344554
397,ADD1,23462,23463,23477,stop,149.739,149.578413,-16.058710254188213,16.058710254188213,-1.0,0.02,-2.2638538207332304
397,ADD2,23463,23464,23482,stop,149.725,149.567383,-15.761659521746196,15.761659521746196,-1.0,0.02,-2.222543887068264
398,BASE,23532,23533,23534,stop,149.781,149.611463,-16.953712004706745,16.953712004706745,-1.0,0.02,-2.386793226737103
399,BASE,23558,23559,23568,stop,149.792,149.678553,-11.344654625114003,11.344654625114003,-1.0,0.03,-2.394016217135958
399,ADD1,23562,23563,23565,stop,149.9,149.786609,-11.339061348081714,11.339061348081714,-1.0,0.03,-2.39069238759011
399,ADD2,23563,23564,23565,stop,149.886,149.776637,-10.936271251787844,10.936271251787844,-1.0,0.03,-2.3055220653796042
400,BASE,23584,23585,23600,stop,149.743,149.707693,-3.5306648208973,10.885231301739395,-0.3243536791297325,0.03,-0.7494178912838926
400,ADD1,23586,23587,23589,stop,149.862,149.748097,-11.390326989766208,11.390326989766208,-1.0,0.03,-2.414929983082808
400,ADD2,23593,23594,23600,stop,149.877,149.776752,-10.024828112656792,10.024828112656792,-1.0,0.03,-2.1220689094285357
401,BASE,23673,23674,23681,stop,149.943,149.8698,-7.3199688819130415,7.3199688819130415,-1.0,0.04,-2.064181717616389
402,BASE,23690,23691,23694,stop,150.438,150.32953,-10.847043385015809,10.847043385015809,-1.0,0.03,-2.2812345356304715
403,BASE,23763,23764,23795,stop,149.903,151.155657,125.26573662097746,20.661938616714792,6.062632308840653,0.01,8.838724345865394
403,ADD1,23765,23766,23795,stop,150.235,151.155657,92.0657366209781,20.992181766453655,4.385715484233413,0.01,6.495022513219081
403,ADD2,23766,23767,23795,stop,150.21,151.155657,94.56573662097867,20.778454497420284,4.551143908836883,0.01,6.676531421879196
404,BASE,23881,23882,23930,time,150.104,150.938,83.40000000000032,13.224099465924155,6.3066676271533915,0.02,11.90122100382401
404,ADD1,23883,23884,23932,time,150.205,150.932,72.70000000000039,12.819759233374839,5.670933336308993,0.02,10.362354013748552
404,ADD2,23884,23885,23933,time,150.28,151.033,75.30000000000143,12.525490716706145,6.011740514051751,0.02,10.72947087553086
405,BASE,23934,23935,23983,time,150.855,151.745,89.00000000000148,12.52025490097708,7.108481472933584,0.02,12.627981499397219
405,ADD1,23936,23937,23942,stop,151.024,150.893131,-13.086852440127927,13.086852440127927,-1.0,0.02,-1.8537086527170576
405,ADD2,23937,23938,23942,stop,151.044,150.918265,-12.573505837261223,12.573505837261223,-1.0,0.02,-1.7799029636675128
406,BASE,24055,24056,24057,stop,151.383,151.231788,-15.121212525457395,15.121212525457395,-1.0,0.02,-2.1670829854706106
407,BASE,24149,24150,24170,stop,148.762,149.112815,35.08153514234493,26.039964857079667,1.3472189895374251,0.01,2.568928867596619
407,ADD1,24152,24153,24153,stop,149.327,149.052312,-27.468805681851904,27.468805681851904,-1.0,0.01,-2.006076695693571
407,ADD2,24158,24159,24170,stop,149.361,149.112815,-24.818464857656863,29.727064574021256,-0.8348777524218095,0.01,-1.8004873443945746
408,BASE,24192,24193,24196,stop,149.496,149.340582,-15.541793443176743,15.541793443176743,-1.0,0.02,-2.2676285223882355
409,BASE,24302,24303,24303,stop,148.375,148.063879,-31.112145345568365,31.112145345568365,-1.0,0.01,-2.297528136824472
410,BASE,24386,24387,24391,stop,147.352,147.129821,-22.21791930573147,22.21791930573147,-1.0,0.01,-1.6283113452832274
411,BASE,24456,24457,24480,stop,145.351,145.814392,46.33923168286458,38.68178716136015,1.1979599466167783,0.01,3.4311798282644985
411,ADD1,24460,24461,24480,stop,145.614,145.814392,20.039231682866898,34.104688752489665,0.5875799608757322,0.01,1.4818202256029367
411,ADD2,24463,24464,24464,stop,146.387,146.002815,-38.41854999606937,38.41854999606937,-1.0,0.01,-2.825548653783268
412,BASE,24584,24585,24600,stop,142.389,142.543511,15.451122844805809,25.974346159620154,0.5948608965882729,0.01,1.1838501724339046
412,ADD1,24586,24587,24600,stop,142.73,142.543511,-18.64887715519501,26.810533168244888,-0.6955802422192497,0.01,-1.4252260394394012
412,ADD2,24588,24589,24600,stop,142.8,142.543511,-25.648877155194327,25.722347476701657,-0.9971437163122893,0.01,-1.9610709603923182
413,BASE,24602,24603,24603,stop,143.672,143.371505,-30.04945130101646,30.04945130101646,-1.0,0.01,-2.2868478528972607
414,BASE,24729,24730,24730,stop,142.512,142.405381,-10.661914494721714,10.661914494721714,-1.0,0.03,-2.475383431849336
415,BASE,24744,24745,24746,stop,142.718,142.578401,-13.959852357277214,13.959852357277214,-1.0,0.02,-2.1604279371936213
416,BASE,24801,24802,24802,stop,141.907,141.666102,-24.089837575854745,24.089837575854745,-1.0,0.01,-1.8787220630113466
417,BASE,24840,24841,24854,stop,141.151,141.617486,46.64864304768912,8.264699606499448,5.644324085415533,0.03,10.92345857747484
417,ADD1,24842,24843,24845,stop,141.57,141.455993,-11.400684864787536,11.400684864787536,-1.0,0.02,-1.7755866315397406
417,ADD2,24849,24850,24854,stop,141.561,141.617486,5.648643047689461,15.886575267907688,0.35556077709839884,0.02,0.8782116808593489
418,BASE,24871,24872,24888,stop,142.426,142.940887,51.48872761482437,20.93267345521781,2.4597301307440005,0.01,3.9583683806624403
418,ADD1,24873,24874,24888,stop,142.647,142.940887,29.388727614824006,21.207764356793746,1.3857532137945294,0.01,2.2533369979065823
418,ADD2,24874,24875,24888,stop,142.657,142.940887,28.388727614824916,21.0857811884523,1.3463445988129714,0.01,2.169910783202668
419,BASE,24893,24894,24895,stop,143.786,143.512034,-27.39657381057725,27.39657381057725,-1.0,0.01,-2.085770954587863
420,BASE,24912,24913,24926,stop,144.808,145.119267,31.12670759197158,22.67360411803452,1.3728169297625465,0.01,2.354997578403775
420,ADD1,24915,24916,24917,stop,144.932,144.71593,-21.607000090131123,21.607000090131123,-1.0,0.01,-1.6318433711846319
420,ADD2,24918,24919,24919,stop,145.249,145.004688,-24.431151311230792,24.431151311230792,-1.0,0.01,-1.8400955439078102
421,BASE,24984,24985,25021,stop,144.539,145.245176,70.61761609703296,23.80295376726167,2.966758528689817,0.01,5.332266963887294
421,ADD1,24986,24987,25021,stop,144.856,145.245176,38.91761609703224,23.902036666669346,1.6282133878282286,0.01,2.937884245691212
421,ADD2,24987,24988,25021,stop,144.857,145.245176,38.81761609703176,23.50189119047741,1.6516805299804995,0.01,2.9299318422522544
422,BASE,25065,25066,25114,time,145.671,147.753,208.19999999999936,21.448915730420026,9.706784371608991,0.01,15.636438574331326
422,ADD1,25068,25069,25080,stop,145.853,145.64277,-21.022983913894677,21.022983913894677,-1.0,0.01,-1.5789950752959787
422,ADD2,25070,25071,25071,stop,145.882,145.675598,-20.64022592575725,20.64022592575725,-1.0,0.01,-1.5493442013821817
423,BASE,25153,25154,25154,stop,148.364,148.161814,-20.21855200210325,20.21855200210325,-1.0,0.01,-1.4845949197977513
424,BASE,25203,25204,25206,stop,147.901,147.686081,-21.49185201558339,21.49185201558339,-1.0,0.01,-1.5825297970999892
425,BASE,25281,25282,25282,stop,147.841,147.639752,-20.124833474494608,20.124833474494608,-1.0,0.01,-1.479213968268746
426,BASE,25296,25297,25297,stop,148.218,148.044857,-17.314340634243308,17.314340634243308,-1.0,0.01,-1.267606570649037
427,BASE,25405,25406,25406,stop,147.976,147.691355,-28.464483318896328,28.464483318896328,-1.0,0.01,-2.0787300575814367
428,BASE,25416,25417,25417,stop,148.701,148.45058,-25.042003244075772,25.042003244075772,-1.0,0.01,-1.8184962874467148
429,BASE,25489,25490,25525,stop,148.299,149.111598,81.25981789229968,19.348308574410567,4.199840910113002,0.01,5.905308437838613
429,ADD1,25492,25493,25525,stop,148.493,149.111598,61.859817892298,18.06331411733879,3.4246106495440607,0.01,4.487794854063399
429,ADD2,25493,25494,25525,stop,148.59,149.111598,52.1598178923,18.20164882324491,2.865664446052156,0.01,3.781414946577409
430,BASE,25562,25563,25572,stop,149.473,149.347633,-12.536668350841751,12.536668350841751,-1.0,0.02,-1.804712135567074
430,ADD1,25564,25565,25571,stop,149.562,149.442944,-11.905596690266407,11.905596690266407,-1.0,0.02,-1.7139601103494457
430,ADD2,25567,25568,25571,stop,149.597,149.476285,-12.07153641709624,12.07153641709624,-1.0,0.02,-1.7385213529517665
431,BASE,25645,25646,25647,stop,150.526,150.370526,-15.54739658502342,15.54739658502342,-1.0,0.02,-2.220994660493065
432,BASE,25680,25681,25690,stop,150.279,150.186835,-9.216477769263065,9.216477769263065,-1.0,0.03,-1.9814283355066533
432,ADD1,25685,25686,25687,stop,150.43,150.33637,-9.362993061640168,9.362993061640168,-1.0,0.03,-2.011270650404911
432,ADD2,25686,25687,25687,stop,150.395,150.301701,-9.329922128665658,9.329922128665658,-1.0,0.03,-2.0055742927889533
433,BASE,25728,25729,25732,stop,150.4,150.276321,-12.367880733526704,12.367880733526704,-1.0,0.02,-1.7820128945870977
434,BASE,25761,25762,25764,stop,150.756,150.642306,-11.369368894429499,11.369368894429499,-1.0,0.03,-2.4484482930389944
435,BASE,25791,25792,25798,stop,150.757,150.642125,-11.487514881980587,11.487514881980587,-1.0,0.03,-2.4797728967944566
436,BASE,25828,25829,25849,stop,150.631,150.524355,-10.664465603673534,11.831655779303674,-0.9013502254120824,0.02,-1.5341636691509668
436,ADD1,25831,25832,25835,stop,150.749,150.637457,-11.15428124895459,11.15428124895459,-1.0,0.03,-2.401853991871359
436,ADD2,25832,25833,25834,stop,150.796,150.688496,-10.75040401688625,10.75040401688625,-1.0,0.03,-2.3130013705412944
437,BASE,25880,25881,25881,stop,150.659,150.490741,-16.82586949996505,16.82586949996505,-1.0,0.02,-2.4156579480218574
438,BASE,26042,26043,26046,stop,147.429,147.22729,-20.171029816029318,20.171029816029318,-1.0,0.01,-1.4968083811919117
439,BASE,26101,26102,26118,stop,148.004,148.169008,16.50083666525859,20.57484480037033,0.8019908206044688,0.01,1.2158323590257245
439,ADD1,26103,26104,26118,stop,148.198,148.169008,-2.8991633347402512,21.4461672003182,-0.13518328509055155,0.01,-0.21300103287749222
439,ADD2,26106,26107,26118,stop,148.305,148.169008,-13.599163334740183,19.653691450108113,-0.6919393931293948,0.01,-0.9987104894208112
440,BASE,26136,26137,26138,stop,149.291,149.137498,-15.350160216394215,15.350160216394215,-1.0,0.02,-2.2400127894085706
441,BASE,26161,26162,26163,stop,149.307,149.171938,-13.506209353434429,13.506209353434429,-1.0,0.02,-1.9659058153825328
442,BASE,26184,26185,26202,stop,151.164,151.350422,18.642174849406956,20.225578492454588,0.9217128131272814,0.01,1.339721335940823
442,ADD1,26187,26188,26202,stop,151.325,151.350422,2.5421748494068197,17.999524762362284,0.14123566499503407,0.01,0.18240694001480334
442,ADD2,26188,26189,26202,stop,151.494,151.350422,-14.357825150594294,18.320987279335554,-0.7836818470360845,0.01,-1.0296047049147596
443,BASE,26233,26234,26234,stop,151.789,151.591243,-19.77571697536007,19.77571697536007,-1.0,0.01,-1.415094469867878
444,BASE,26295,26296,26297,stop,151.589,151.468346,-12.065372650152995,12.065372650152995,-1.0,0.02,-1.72498518113605
445,BASE,26305,26306,26307,stop,151.738,151.62064,-11.736025020758234,11.736025020758234,-1.0,0.02,-1.6727911468128744
446,BASE,26389,26390,26400,stop,151.585,151.530969,-5.4031012343983775,8.26150966823036,-0.654008946473307,0.04,-1.5317329147251122
446,ADD1,26391,26392,26393,stop,151.731,151.641434,-8.956607826178242,8.956607826178242,-1.0,0.03,-1.901021545730175
447,BASE,26401,26402,26402,stop,151.783,151.690221,-9.27793215750512,9.27793215750512,-1.0,0.03,-1.9694556603722175
448,BASE,26436,26437,26438,stop,151.857,151.772002,-8.49982591383025,8.49982591383025,-1.0,0.04,-2.413501389241146
449,BASE,26496,26497,26534,stop,151.72,151.700391,-1.9609148202988536,11.262555033249555,-0.1741092331633274,0.03,-0.41971874192138975
449,ADD1,26503,26504,26509,stop,151.879,151.779524,-9.947642308401328,9.947642308401328,-1.0,0.03,-2.1281547437405837
449,ADD2,26504,26505,26509,stop,151.916,151.818558,-9.744239286374068,9.744239286374068,-1.0,0.03,-2.0834894379641833
450,BASE,26556,26557,26580,stop,152.393,152.840533,44.75325117109321,11.164415210566858,4.008562054261051,0.03,9.47712803326942
450,ADD1,26558,26559,26561,stop,152.781,152.6487,-13.23003148258124,13.23003148258124,-1.0,0.02,-1.8600367606359134
450,ADD2,26559,26560,26561,stop,152.911,152.773935,-13.70645780525308,13.70645780525308,-1.0,0.02,-1.9244624240292436
451,BASE,26599,26600,26604,stop,153.256,153.119054,-13.69459673852873,13.69459673852873,-1.0,0.02,-1.9085447897141643
452,BASE,26616,26617,26630,stop,153.469,153.89262,42.36197723221551,13.240562093176322,3.1994092799162392,0.02,5.87327910835525
452,ADD1,26618,26619,26630,stop,153.718,153.89262,17.461977232215986,14.490076498708504,1.2050990368320256,0.02,2.420229976205803
452,ADD2,26620,26621,26630,stop,153.789,153.89262,10.36197723221619,14.33940269531604,0.7226226539827162,0.02,1.4352265375337927
453,BASE,26646,26647,26653,stop,154.517,154.362059,-15.494087915607224,15.494087915607224,-1.0,0.02,-2.130916292164353
453,ADD1,26650,26651,26653,stop,154.603,154.457492,-14.550831553458465,14.550831553458465,-1.0,0.02,-2.0001017551123637
453,ADD2,26651,26652,26653,stop,154.627,154.483099,-14.390057871068507,14.390057871068507,-1.0,0.02,-1.9801450653420993
454,BASE,26736,26737,26773,stop,154.682,154.652558,-2.944163551882184,11.876519906755334,-0.24789783328764106,0.03,-0.6086700498259926
454,ADD1,26745,26746,26761,stop,154.776,154.675095,-10.090479398257912,10.090479398257912,-1.0,0.03,-2.0833839951217845
454,ADD2,26746,26747,26761,stop,154.763,154.665231,-9.776873726954705,9.776873726954705,-1.0,0.03,-2.018371873094427
455,BASE,26789,26790,26791,stop,154.881,154.805928,-7.507201594776802,7.507201594776802,-1.0,0.04,-2.074565292476787
456,BASE,26808,26809,26820,stop,155.384,155.414319,3.0319013255535765,11.289343019404896,0.2685631325350055,0.03,0.6264769133636509
456,ADD1,26811,26812,26820,stop,155.469,155.414319,-5.468098674447219,10.885891623044586,-0.5023105928109444,0.03,-1.1287258084035021
456,ADD2,26812,26813,26820,stop,155.597,155.483417,-11.358327935684542,11.358327935684542,-1.0,0.03,-2.34413139684228
457,BASE,26835,26836,26840,stop,155.952,156.187156,23.51559552797937,16.051037921141642,1.4650513968947627,0.02,3.2283038183454122
457,ADD1,26837,26838,26838,stop,156.113,155.947835,-16.51645616669839,16.51645616669839,-1.0,0.02,-2.265937804652645
457,ADD2,26838,26839,26840,stop,156.386,156.193133,-19.286709297648486,19.286709297648486,-1.0,0.01,-1.3212850055335703
458,BASE,26857,26858,26860,stop,159.176,158.798206,-37.779357237289446,37.779357237289446,-1.0,0.01,-2.5396269660632202
459,BASE,26904,26905,26918,stop,157.752,157.502934,-24.906561692475293,24.906561692475293,-1.0,0.01,-1.6829184482102002
459,ADD1,26906,26907,26917,stop,157.891,157.66154,-22.945963908307476,22.945963908307476,-1.0,0.01,-1.5487079836336406
459,ADD2,26907,26908,26917,stop,157.924,157.704359,-21.964109343429072,21.964109343429072,-1.0,0.01,-1.4827099108457862
460,BASE,26976,26977,27025,time,153.42,155.135,171.50000000000034,30.679817505588858,5.589994137636531,0.01,12.026576541376912
460,ADD1,26978,26979,26988,stop,153.769,153.465465,-30.353516114513468,30.353516114513468,-1.0,0.01,-2.123077767289265
460,ADD2,26979,26980,26988,stop,153.933,153.634789,-29.82112210633261,29.82112210633261,-1.0,0.01,-2.085128566535528
461,BASE,27048,27049,27049,stop,155.633,155.444478,-18.852186491878342,18.852186491878342,-1.0,0.01,-1.3018171704014563
462,BASE,27096,27097,27097,stop,155.936,155.827314,-10.868589111441906,10.868589111441906,-1.0,0.03,-2.2531843762305437
463,BASE,27120,27121,27133,stop,156.303,156.415243,11.22429980941888,11.189812870654237,1.0030819942355862,0.03,2.32255842841729
463,ADD1,27122,27123,27129,stop,156.454,156.341078,-11.292236607860673,11.292236607860673,-1.0,0.03,-2.33598574352994
463,ADD2,27126,27127,27129,stop,156.46,156.354775,-10.522531490968845,10.522531490968845,-1.0,0.03,-2.1763728034873826
464,BASE,27192,27193,27206,stop,155.454,155.435728,-1.8272263190198146,21.843167402261088,-0.08365207688838523,0.01,-0.12735903120273204
464,ADD1,27194,27195,27198,stop,155.882,155.653031,-22.896914749910025,22.896914749910025,-1.0,0.01,-1.5957970284934275
464,ADD2,27200,27201,27206,stop,155.874,155.668734,-20.5265950500916,20.5265950500916,-1.0,0.01,-1.4286924280064843
465,BASE,27228,27229,27230,stop,156.16,155.998274,-16.17261664491707,16.17261664491707,-1.0,0.02,-2.250432957167271
466,BASE,27240,27241,27245,stop,156.438,156.310201,-12.779915003511633,12.779915003511633,-1.0,0.02,-1.7739432501631147
467,BASE,27275,27276,27277,stop,156.592,156.463145,-12.885509719612287,12.885509719612287,-1.0,0.02,-1.78243158111196
468,BASE,27289,27290,27294,stop,156.752,156.624054,-12.794552211704513,12.794552211704513,-1.0,0.02,-1.7674428319399635
469,BASE,27369,27370,27370,stop,156.95,156.842016,-10.798408344572863,10.798408344572863,-1.0,0.03,-2.2463509032516518
470,BASE,27384,27385,27385,stop,157.384,157.272295,-11.170518923009354,11.170518923009354,-1.0,0.03,-2.3126160267317317
471,BASE,27459,27460,27462,stop,157.43,157.26025,-16.975001688427938,16.975001688427938,-1.0,0.02,-2.3405101399857844
472,BASE,27518,27519,27525,stop,156.323,156.027473,-29.55274934109866,29.55274934109866,-1.0,0.01,-2.055803127316919
473,BASE,27564,27565,27567,stop,156.786,156.460512,-32.548775770081306,32.548775770081306,-1.0,0.01,-2.244753167772001
474,BASE,27579,27580,27583,stop,157.158,156.943842,-21.415841841380256,21.415841841380256,-1.0,0.01,-1.4653188322787034
475,BASE,27600,27601,27611,stop,157.222,157.077575,-14.44249997390159,14.44249997390159,-1.0,0.02,-1.9773912659297925
475,ADD1,27607,27608,27608,stop,157.349,157.215213,-13.37870289687828,13.37870289687828,-1.0,0.02,-1.8318949283627137
476,BASE,27673,27674,27675,stop,157.264,157.080437,-18.356272843516308,18.356272843516308,-1.0,0.01,-1.2533646249121375
477,BASE,27726,27727,27732,stop,157.973,157.834323,-13.867691310213104,13.867691310213104,-1.0,0.02,-1.8823626677106287
477,ADD1,27728,27729,27729,stop,158.159,158.014406,-14.459386895029525,14.459386895029525,-1.0,0.02,-1.9610629790775476
478,BASE,27771,27772,27799,stop,158.087,158.753838,66.68380216954688,10.39758253988623,6.413394836130489,0.03,13.587480904174086
478,ADD1,27775,27776,27799,stop,158.279,158.753838,47.48380216954615,11.337178647482915,4.188326182906938,0.03,9.640438226583118
478,ADD2,27776,27777,27780,stop,158.446,158.326583,-11.941665886948272,11.941665886948272,-1.0,0.03,-2.42385272054507
479,BASE,27816,27817,27817,stop,159.805,159.671376,-13.362384210765299,13.362384210765299,-1.0,0.02,-1.789360719667636
480,BASE,27864,27865,27889,stop,159.727,160.406901,67.99013873472859,11.480452286110676,5.922252629104576,0.03,13.67500494119476
480,ADD1,27871,27872,27889,stop,159.906,160.406901,50.090138734728384,11.209257048722066,4.468640385085916,0.03,10.045459470178557
480,ADD2,27872,27873,27889,stop,159.964,160.406901,44.29013873472627,11.12288154524208,3.9818943099031565,0.03,8.884217237789882
481,BASE,27912,27913,27913,stop,161.13,160.975714,-15.428641677829091,15.428641677829091,-1.0,0.02,-2.049463271942146
482,BASE,27948,27949,27950,stop,161.362,161.205101,-15.689875793634656,15.689875793634656,-1.0,0.02,-2.091153616287681
483,BASE,27964,27965,27972,stop,161.685,161.536871,-14.81293551319709,14.81293551319709,-1.0,0.02,-1.9656351746931864
484,BASE,27989,27990,27990,stop,161.876,161.755515,-12.048525645954555,12.048525645954555,-1.0,0.03,-2.3988561023344595
485,BASE,28082,28083,28086,stop,161.012,160.863227,-14.877290181317449,14.877290181317449,-1.0,0.02,-2.000365057449988
486,BASE,28105,28106,28107,stop,161.546,161.412288,-13.371191541264693,13.371191541264693,-1.0,0.02,-1.7906299402566426
487,BASE,28200,28201,28221,stop,158.371,158.286126,-8.487438580229423,24.279353059804976,-0.3495743300623842,0.01,-0.583140307506878
487,ADD1,28202,28203,28207,stop,158.702,158.458862,-24.31382993422062,24.31382993422062,-1.0,0.01,-1.6696675726740655
487,ADD2,28205,28206,28206,stop,158.735,158.514787,-22.021349987420535,22.021349987420535,-1.0,0.01,-1.5118907810573807
488,BASE,28272,28273,28278,stop,157.22,157.136111,-8.38888209860329,24.74813675973735,-0.33897024976244394,0.01,-0.5802536102701573
488,ADD1,28277,28278,28278,stop,157.777,157.535037,-24.196294032867627,24.196294032867627,-1.0,0.01,-1.675286642338746
489,BASE,28400,28401,28405,stop,154.306,153.889432,-41.656787873643,41.656787873643,-1.0,0.01,-2.9310894294308785
489,ADD1,28402,28403,28404,stop,154.576,154.163245,-41.275495666559436,41.275495666559436,-1.0,0.01,-2.8976941017008566
489,ADD2,28403,28404,28404,stop,154.62,154.221156,-39.884388833232265,39.884388833232265,-1.0,0.01,-2.8092453333801433
490,BASE,28444,28445,28453,stop,154.445,154.376739,-6.826148114592456,26.238331163389716,-0.26015938559830987,0.01,-0.4777209123800545
490,ADD1,28446,28447,28447,stop,155.054,154.760603,-29.33968350312739,29.33968350312739,-1.0,0.01,-2.050239520378456
491,BASE,28560,28561,28573,stop,145.051,144.167605,-88.33946582030308,88.33946582030308,-1.0,0.01,-6.685979791559843
492,BASE,28585,28586,28607,stop,146.738,146.281135,-45.68653639423985,79.7664101922436,-0.572754073853036,0.01,-3.3963344336498205
493,BASE,28669,28670,28671,stop,147.785,147.5324,-25.26004861103388,25.26004861103388,-1.0,0.01,-1.865690145733094
494,BASE,28729,28730,28732,stop,147.526,147.243391,-28.260922735628924,28.260922735628924,-1.0,0.01,-2.1094070938082563
495,BASE,28920,28921,28925,stop,144.854,144.574433,-27.95674671910149,27.95674671910149,-1.0,0.01,-2.156786420845483
496,BASE,28980,28981,28983,stop,145.402,145.106835,-29.51653004157322,29.51653004157322,-1.0,0.01,-2.250652674186409
497,BASE,29004,29005,29006,stop,145.642,145.410797,-23.12025147359975,23.12025147359975,-1.0,0.01,-1.7562669732696603
498,BASE,29016,29017,29018,stop,146.197,145.992128,-20.487162121287383,20.487162121287383,-1.0,0.01,-1.5488779367447594
499,BASE,29040,29041,29041,stop,147.13,146.928795,-20.120508017217276,20.120508017217276,-1.0,0.01,-1.517917056307896
500,BASE,29208,29209,29209,stop,142.694,142.360097,-33.390325556428024,33.390325556428024,-1.0,0.01,-2.5784440369066757
501,BASE,29293,29294,29304,stop,141.592,141.575765,-1.6234654436061646,31.851218905251244,-0.050970276787068496,0.01,-0.1273942438587828
501,ADD1,29297,29298,29304,stop,141.913,141.60015,-31.284950623512486,31.284950623512486,-1.0,0.01,-2.452535929218357
501,ADD2,29299,29300,29303,stop,142.23,141.910584,-31.941615588641525,31.941615588641525,-1.0,0.01,-2.4936048879603976
502,BASE,29323,29324,29326,stop,142.448,142.001797,-44.620299619239745,44.620299619239745,-1.0,0.01,-3.4849680622563195
503,BASE,29328,29329,29331,stop,143.498,143.03677,-46.12296291449525,46.12296291449525,-1.0,0.01,-3.556320575220576
504,BASE,29362,29363,29364,stop,144.267,143.816003,-45.09972374664244,45.09972374664244,-1.0,0.01,-3.4898372382444127
505,BASE,29406,29407,29410,stop,144.438,144.131447,-30.65532404646376,30.65532404646376,-1.0,0.01,-2.3585066964997345
506,BASE,29441,29442,29458,stop,144.561,144.353628,-20.73720155859462,28.176005653554625,-0.7359879825967617,0.01,-1.5961616593850458
506,ADD1,29443,29444,29448,stop,144.767,144.499084,-26.79155589515858,26.79155589515858,-1.0,0.01,-2.0595618722187625
506,ADD2,29444,29445,29448,stop,144.748,144.491507,-25.64930190264647,25.64930190264647,-1.0,0.01,-1.9737433744383266
507,BASE,29472,29473,29474,stop,145.47,145.164455,-30.554519784695344,30.554519784695344,-1.0,0.01,-2.3486056111051212
508,BASE,29520,29521,29529,stop,143.973,143.638309,-33.46905716037156,33.46905716037156,-1.0,0.01,-2.592964056147883
508,ADD1,29523,29524,29527,stop,144.287,143.940279,-34.67212776287738,34.67212776287738,-1.0,0.01,-2.6764407339813925
508,ADD2,29524,29525,29527,stop,144.283,143.948616,-33.438404351244344,33.438404351244344,-1.0,0.01,-2.582216221778263
509,BASE,29554,29555,29594,stop,144.802,146.475977,167.39768132044333,35.85799759535746,4.668349951089191,0.01,12.80291821336219
509,ADD1,29556,29557,29594,stop,145.378,146.475977,109.79768132044398,38.202559151099535,2.874092305862808,0.01,8.328357010753551
509,ADD2,29557,29558,29594,stop,145.751,146.475977,72.49768132044494,38.73094778316499,1.8718282270375315,0.01,5.481065123689051
510,BASE,29604,29605,29618,stop,148.657,148.284162,-37.28378271639485,37.28378271639485,-1.0,0.01,-2.7559042236847864
510,ADD1,29608,29609,29616,stop,148.944,148.577214,-36.67857450444956,36.67857450444956,-1.0,0.01,-2.701647073426948
511,BASE,29665,29666,29695,stop,148.183,148.942254,75.92538917375293,22.847674520295413,3.323112341534321,0.01,5.618553561331967
511,ADD1,29667,29668,29695,stop,148.328,148.942254,61.42538917375475,22.358454050663568,2.747300373924186,0.01,4.5416318182705036
511,ADD2,29668,29669,29695,stop,148.345,148.942254,59.72538917375232,21.37570733275993,2.7940777932629404,0.01,4.410130389465559
512,BASE,29736,29737,29760,stop,149.225,149.564268,33.926791884849195,16.594500348602992,2.0444599820509404,0.02,4.965100454595308
512,ADD1,29738,29739,29760,stop,149.325,149.564268,23.926791884849763,16.104441627112465,1.4857262635277004,0.02,3.500755619938622
512,ADD2,29739,29740,29741,stop,149.336,149.179602,-15.639838653748939,15.639838653748939,-1.0,0.02,-2.289083942904702
513,BASE,29800,29801,29806,stop,149.753,149.522757,-23.024329049849257,23.024329049849257,-1.0,0.01,-1.6708793705778302
514,BASE,29816,29817,29817,stop,149.843,149.667855,-17.51445304535366,17.51445304535366,-1.0,0.01,-1.270165953854458
515,BASE,29870,29871,29919,time,150.245,152.82,257.5000000000017,19.22512440798414,13.39393153123434,0.01,18.594303477792888
515,ADD1,29872,29873,29921,time,150.524,152.771,224.7000000000014,19.342071555865914,11.61716310225603,0.01,16.195648727354843
515,ADD2,29873,29874,29881,stop,150.76,150.559466,-20.053352159015958,20.053352159015958,-1.0,0.01,-1.4451410580324715
516,BASE,29976,29977,29983,stop,153.473,153.226656,-24.634368755735636,24.634368755735636,-1.0,0.01,-1.7278180237225353
517,BASE,30048,30049,30050,stop,153.534,153.291211,-24.278932446603108,24.278932446603108,-1.0,0.01,-1.7169724420802537
518,BASE,30120,30121,30133,stop,152.289,152.060661,-22.833895507702096,22.833895507702096,-1.0,0.01,-1.6307676028019797
518,ADD1,30124,30125,30127,stop,152.469,152.257643,-21.135714014874907,21.135714014874907,-1.0,0.01,-1.5080952609456384
518,ADD2,30125,30126,30127,stop,152.434,152.224097,-20.990305870955694,20.990305870955694,-1.0,0.01,-1.4988568320694773
519,BASE,30144,30145,30175,stop,152.924,153.730577,80.657671694496,35.166168885223215,2.2936155473105364,0.01,5.710515687011987
519,ADD1,30146,30147,30147,stop,154.059,153.63544,-42.35603337552334,42.35603337552334,-1.0,0.01,-2.958882677127945
519,ADD2,30147,30148,30148,stop,153.943,153.496551,-44.64488813441676,44.64488813441676,-1.0,0.01,-3.1244967263678176
520,BASE,30218,30219,30245,stop,153.397,153.438364,4.13636266094386,26.270066481691856,0.15745535565456506,0.01,0.28906583377082296
520,ADD1,30220,30221,30223,stop,153.579,153.327932,-25.106843037784188,25.106843037784188,-1.0,0.01,-1.7522540418905717
520,ADD2,30224,30225,30239,stop,153.77,153.519872,-25.012847355324652,25.012847355324652,-1.0,0.01,-1.7395668439969896
521,BASE,30264,30265,30265,stop,154.94,154.735846,-20.4154154292155,20.4154154292155,-1.0,0.01,-1.4014090230662763
522,BASE,30288,30289,30302,stop,155.726,155.52952,-19.64801181476048,24.1972559283937,-0.8119933877173643,0.01,-1.3311667611813414
522,ADD1,30290,30291,30295,stop,156.013,155.773886,-23.911409448461995,23.911409448461995,-1.0,0.01,-1.6178756543639898
522,ADD2,30292,30293,30294,stop,156.062,155.82931,-23.26902141219307,23.26902141219307,-1.0,0.01,-1.5726701411705848
523,BASE,30312,30313,30313,stop,156.637,156.370275,-26.67251724143682,26.67251724143682,-1.0,0.01,-1.7939333665827952
524,BASE,30384,30385,30399,stop,154.927,155.076938,14.993794799579518,32.93326415140996,0.45527812641485754,0.01,1.0271511377585065
524,ADD1,30389,30390,30399,stop,155.196,155.076938,-11.906205200421027,29.030355370099414,-0.4101295023306583,0.01,-0.8114477705064972
524,ADD2,30390,30391,30399,stop,155.365,155.076938,-28.8062052004193,29.11390141509287,-0.9894312957138044,0.01,-1.9596961868038068
525,BASE,30631,30632,30640,stop,150.391,150.20899,-18.200999060593404,31.75910872496388,-0.5730953981805768,0.01,-1.2719223772679247
525,ADD1,30633,30634,30639,stop,150.632,150.317052,-31.494843747543655,31.494843747543655,-1.0,0.01,-2.192889872288604
525,ADD2,30634,30635,30639,stop,150.873,150.560762,-31.223783479862277,31.223783479862277,-1.0,0.01,-2.173879745872375
526,BASE,30682,30683,30685,stop,150.581,150.326861,-25.41394854434884,25.41394854434884,-1.0,0.01,-1.7872638856102763
527,BASE,30708,30709,30725,stop,150.776,150.908589,13.258925025013468,21.711442498366296,0.6106883513617832,0.01,0.9288233993330397
527,ADD1,30711,30712,30725,stop,151.035,150.908589,-12.641074974987987,22.56798074668893,-0.5601331867868873,0.01,-0.8851794939606136
527,ADD2,30712,30713,30724,stop,151.246,151.016583,-22.941696407639256,22.941696407639256,-1.0,0.01,-1.6025243471221313
528,BASE,30753,30754,30757,stop,152.687,152.366773,-32.02272001253448,32.02272001253448,-1.0,0.01,-2.203108405420942
529,BASE,30792,30793,30841,time,152.83,154.095,126.50000000000148,25.99542904137877,4.86624013008758,0.01,8.675956037338253
529,ADD1,30800,30801,30842,stop,153.171,153.886253,71.52526141737212,25.53344045311121,2.801238695142506,0.01,4.880884585099039
529,ADD2,30801,30802,30842,stop,153.42,153.886253,46.6252614173726,26.273908992175166,1.7745841104670959,0.01,3.186703609436253
530,BASE,30883,30884,30884,stop,154.655,154.40495,-25.005027340802144,25.005027340802144,-1.0,0.01,-1.6765715162837203
531,BASE,30888,30889,30890,stop,154.832,154.562287,-26.971265723449278,26.971265723449278,-1.0,0.01,-1.809101271765436
532,BASE,30912,30913,30913,stop,157.747,157.426487,-32.05130928401445,32.05130928401445,-1.0,0.01,-2.1118098717948057
533,BASE,30960,30961,30961,stop,157.319,157.136983,-18.201693611612768,18.201693611612768,-1.0,0.02,-2.4100878647738826
534,BASE,31008,31009,31031,stop,157.334,157.727156,39.31563105591067,9.789160208225667,4.016241456838596,0.03,7.789898606806567
534,ADD1,31010,31011,31013,stop,157.43,157.321859,-10.814122832601925,10.814122832601925,-1.0,0.03,-2.143775745608908
534,ADD2,31019,31020,31031,stop,157.601,157.727156,12.615631055908239,10.879872482701103,1.159538503412331,0.03,2.496606746465737
535,BASE,31056,31057,31057,stop,157.952,157.794262,-15.7737735786867,15.7737735786867,-1.0,0.02,-2.084669625458242
536,BASE,31127,31128,31128,stop,157.709,157.6271,-8.19000479355907,8.19000479355907,-1.0,0.04,-2.1536538614082943
537,BASE,31145,31146,31152,stop,157.573,157.28286,-29.014030990660444,29.014030990660444,-1.0,0.01,-1.89079932878538
538,BASE,31176,31177,31187,stop,157.595,157.383305,-21.1695230530637,21.1695230530637,-1.0,0.01,-1.3837318421589535
538,ADD1,31178,31179,31187,stop,157.724,157.51461,-20.939027530448584,20.939027530448584,-1.0,0.01,-1.3697980055204375
538,ADD2,31179,31180,31187,stop,157.723,157.519495,-20.35052556398682,20.35052556398682,-1.0,0.01,-1.3310112883296132
539,BASE,31200,31201,31205,stop,158.109,157.829402,-27.959755038617118,27.959755038617118,-1.0,0.01,-1.8333356483012584
540,BASE,31235,31236,31238,stop,158.382,158.162779,-21.922148946660514,21.922148946660514,-1.0,0.01,-1.4234881446333467
541,BASE,31276,31277,31280,stop,158.395,158.227508,-16.74917808398675,16.74917808398675,-1.0,0.02,-2.1768190238879823
542,BASE,31321,31322,31349,stop,157.444,157.501113,5.7112586412216615,35.65717261373322,0.16017138271423104,0.01,0.37112134596277585
542,ADD1,31329,31330,31333,stop,157.946,157.62409,-32.19104891242637,32.19104891242637,-1.0,0.01,-2.0928159018280157
542,ADD2,31332,31333,31333,stop,157.868,157.571899,-29.61014375386526,29.61014375386526,-1.0,0.01,-1.9230622346971395
543,BASE,31426,31427,31429,stop,156.38,156.15855,-22.144951831108983,22.144951831108983,-1.0,0.01,-1.4617501097388303
544,BASE,31479,31480,31501,stop,156.406,156.165302,-24.069799131339664,27.290030035590007,-0.8819997303025789,0.01,-1.601256842312768
544,ADD1,31481,31482,31488,stop,156.622,156.358346,-26.365383040891288,26.365383040891288,-1.0,0.01,-1.7533365333642648
544,ADD2,31493,31494,31494,stop,156.71,156.518449,-19.155076295061235,19.155076295061235,-1.0,0.01,-1.27309096948498
545,BASE,31650,31651,31665,stop,155.146,155.058913,-8.708650422227038,29.09089158401912,-0.2993600384187288,0.01,-0.5819725817491304
545,ADD1,31656,31657,31662,stop,155.707,155.448554,-25.84464501076411,25.84464501076411,-1.0,0.01,-1.6973702658895966
545,ADD2,31657,31658,31662,stop,155.713,155.456014,-25.698598938566874,25.698598938566874,-1.0,0.01,-1.6900868475143904
546,BASE,31784,31785,31786,stop,152.396,152.103931,-29.206886839048707,29.206886839048707,-1.0,0.01,-1.982039821879068
547,BASE,31815,31816,31816,stop,152.499,152.283429,-21.557051059789956,21.557051059789956,-1.0,0.01,-1.463249604082706
548,BASE,31824,31825,31854,stop,153.195,154.001822,80.68219056166868,23.02206732005061,3.504558884310104,0.01,5.444247273203417
548,ADD1,31826,31827,31854,stop,153.47,154.001822,53.18219056166811,23.769027434124723,2.2374575783153623,0.01,3.586927261827969
548,ADD2,31827,31828,31836,stop,153.645,153.408002,-23.699811188831177,23.699811188831177,-1.0,0.01,-1.5975467120740696
549,BASE,31924,31925,31926,stop,152.151,151.967125,-18.38747779420089,18.38747779420089,-1.0,0.01,-1.2650055363567387
550,BASE,31946,31947,31948,stop,152.038,151.828601,-20.939901106766,20.939901106766,-1.0,0.01,-1.4406831731495848
551,BASE,32040,32041,32042,stop,150.155,149.912322,-24.267788397253298,24.267788397253298,-1.0,0.01,-1.6923146637975819
552,BASE,32097,32098,32100,stop,149.853,149.569028,-28.397179416930385,28.397179416930385,-1.0,0.01,-1.9862732718404004
553,BASE,32119,32120,32143,stop,150.441,150.156678,-28.43215855207859,34.32851681315299,-0.828237313800426,0.01,-1.9641763898647104
553,ADD1,32124,32125,32126,stop,150.668,150.338753,-32.92473242753431,32.92473242753431,-1.0,0.01,-2.2750587757409284
553,ADD2,32125,32126,32126,stop,150.657,150.32327,-33.37296582556917,33.37296582556917,-1.0,0.01,-2.3041445426879337
554,BASE,32147,32148,32150,stop,151.216,150.898053,-31.79467288262572,31.79467288262572,-1.0,0.01,-2.1986501093726116
555,BASE,32185,32186,32190,stop,149.98,149.580048,-39.99520594111061,39.99520594111061,-1.0,0.01,-2.833000427771045
556,BASE,32292,32293,32294,stop,147.775,147.426616,-34.838431312556395,34.838431312556395,-1.0,0.01,-2.5736112251926304
557,BASE,32304,32305,32322,stop,148.14,148.126,-1.3999999999981583,34.218758017664186,-0.04091323242285589,0.01,-0.10316690422938378
557,ADD1,32310,32311,32322,stop,148.367,148.126,-24.099999999998545,31.744836756007544,-0.7591785771409817,0.01,-1.7660076989857
557,ADD2,32311,32312,32312,stop,148.598,148.279869,-31.81306270200821,31.81306270200821,-1.0,0.01,-2.338861471906688
558,BASE,32353,32354,32388,stop,148.181,148.418307,23.73073205640992,26.525856808038384,0.8946264103038726,0.01,1.7352764663337474
558,ADD1,32355,32356,32388,stop,148.34,148.418307,7.8307320564107386,24.87994796203452,0.31474069272009814,0.01,0.5718894441251435
558,ADD2,32356,32357,32368,stop,148.511,148.2634,-24.759951679030223,24.759951679030223,-1.0,0.01,-1.8085119521032114
559,BASE,32400,32401,32417,stop,149.469,149.237621,-23.137924537934396,23.137924537934396,-1.0,0.01,-1.6905285185097243
559,ADD1,32402,32403,32414,stop,149.682,149.447744,-23.425557382199713,23.425557382199713,-1.0,0.01,-1.7074328019797962
559,ADD2,32403,32404,32414,stop,149.697,149.473691,-22.330874712042714,22.330874712042714,-1.0,0.01,-1.628767021191898
560,BASE,32430,32431,32431,stop,149.673,149.426177,-24.682309518959755,24.682309518959755,-1.0,0.01,-1.8053543867628112
561,BASE,32472,32473,32483,stop,148.998,148.938741,-5.925907070326275,22.86574716942482,-0.2591608761532256,0.01,-0.4312626885667531
561,ADD1,32475,32476,32483,stop,149.216,148.987483,-22.85172978543244,22.85172978543244,-1.0,0.01,-1.657095679132504
561,ADD2,32476,32477,32483,stop,149.422,149.189877,-23.21232051504296,23.21232051504296,-1.0,0.01,-1.6808188517428804
562,BASE,32496,32497,32502,stop,149.746,149.538027,-20.797328805883808,20.797328805883808,-1.0,0.01,-1.5041030648817055
563,BASE,32520,32521,32521,stop,150.94,150.747894,-19.21061153149708,19.21061153149708,-1.0,0.01,-1.3773686901424156
564,BASE,32577,32578,32580,stop,150.937,150.718628,-21.837207931727676,21.837207931727676,-1.0,0.01,-1.558686474964161
565,BASE,32592,32593,32593,stop,150.969,150.757412,-21.15878952980097,21.15878952980097,-1.0,0.01,-1.5152961349688177
566,BASE,32670,32671,32672,stop,149.767,149.552752,-21.42481405487331,21.42481405487331,-1.0,0.01,-1.545118579472994
567,BASE,32750,32751,32770,stop,147.575,146.94814,-62.686030029627204,62.686030029627204,-1.0,0.01,-4.6247369496246336
568,BASE,32802,32803,32808,stop,147.455,146.722172,-73.28284705186263,73.28284705186263,-1.0,0.01,-5.431820836073693
569,BASE,33019,33020,33025,stop,141.617,141.976578,35.95781527426141,31.016843263887495,1.159299641434711,0.01,2.9029959974333743
569,ADD1,33021,33022,33024,stop,142.508,142.150681,-35.731869957126605,35.731869957126605,-1.0,0.01,-2.8339939457503567
569,ADD2,33022,33023,33023,stop,143.02,142.63649,-38.35102210304626,38.35102210304626,-1.0,0.01,-3.048199576702063
570,BASE,33041,33042,33049,stop,143.246,142.800608,-44.53924766272905,44.53924766272905,-1.0,0.01,-3.516289080375525
571,BASE,33075,33076,33079,stop,143.652,143.366676,-28.532361561013886,28.532361561013886,-1.0,0.01,-2.248218569764616
572,BASE,33151,33152,33158,stop,142.814,142.591933,-22.206721538225338,22.206721538225338,-1.0,0.01,-1.768584662946301
572,ADD1,33153,33154,33156,stop,143.117,142.890743,-22.625693571222882,22.625693571222882,-1.0,0.01,-1.79715697263983
573,BASE,33169,33170,33171,stop,143.208,142.979874,-22.812590259292165,22.812590259292165,-1.0,0.01,-1.8031202968598647
574,BASE,33192,33193,33193,stop,145.879,145.560549,-31.845135208092756,31.845135208092756,-1.0,0.01,-2.47036497106097
575,BASE,33293,33294,33318,stop,143.933,145.284754,135.17535434771162,28.45495365413342,4.750503409380032,0.01,10.58242861253235
575,ADD1,33295,33296,33318,stop,144.33,145.284754,95.47535434771248,29.941771263003147,3.1887009458817284,0.01,7.450424366503134
575,ADD2,33296,33297,33301,stop,144.818,144.497826,-32.0173590299305,32.0173590299305,-1.0,0.01,-2.49574247837661
576,BASE,33337,33338,33338,stop,146.101,145.848755,-25.22453852746196,25.22453852746196,-1.0,0.01,-1.9421903664453808
577,BASE,33480,33481,33481,stop,145.279,145.053816,-22.518351827844185,22.518351827844185,-1.0,0.01,-1.7460208076872148
578,BASE,33605,33606,33606,stop,143.269,143.04175,-22.724992144515,22.724992144515,-1.0,0.01,-1.8033090627604478
579,BASE,33625,33626,33631,stop,144.353,144.116828,-23.61716455168903,23.61716455168903,-1.0,0.01,-1.8484326296390652
580,BASE,33648,33649,33649,stop,146.104,145.795106,-30.889402339440153,30.889402339440153,-1.0,0.01,-2.3787321090607927
581,BASE,33734,33735,33756,stop,143.78,143.584354,-19.564647145219283,25.935662157291972,-0.7543530998578558,0.01,-1.5479096472084632
581,ADD1,33736,33737,33745,stop,143.989,143.730897,-25.810341349910004,25.810341349910004,-1.0,0.01,-2.0411999165536487
581,ADD2,33749,33750,33750,stop,144.219,143.95741,-26.158995816024344,26.158995816024344,-1.0,0.01,-2.064684707446125
582,BASE,33797,33798,33817,stop,143.874,144.474606,60.060588995699504,26.23633852412297,2.2892138299129225,0.01,4.769475659631136
582,ADD1,33801,33802,33817,stop,144.169,144.474606,30.560588995700755,26.008862572561497,1.1750067466595475,0.01,2.4218589627488067
582,ADD2,33804,33805,33817,stop,144.632,144.474606,-15.739411004298631,27.311396163236168,-0.5762946321098528,0.01,-1.237415930845048
583,BASE,33841,33842,33843,stop,145.02,144.8054,-21.460035266417776,21.460035266417776,-1.0,0.01,-1.6860811115544585
584,BASE,33875,33876,33876,stop,145.289,145.093853,-19.514659024747516,19.514659024747516,-1.0,0.01,-1.5416457928918923
585,BASE,33922,33923,33926,stop,144.362,144.045651,-31.63487363611921,31.63487363611921,-1.0,0.01,-2.5243983422054845
586,BASE,33936,33937,33941,stop,144.38,144.140783,-23.92166460230669,23.92166460230669,-1.0,0.01,-1.9125233711593743
587,BASE,33960,33961,33961,stop,145.067,144.825693,-24.130671028194683,24.130671028194683,-1.0,0.01,-1.924143921383127
588,BASE,33984,33985,33987,stop,145.324,145.081771,-24.222882121787848,24.222882121787848,-1.0,0.01,-1.9176601304467622
589,BASE,34017,34018,34031,stop,145.45,145.241348,-20.86518590001276,20.86518590001276,-1.0,0.01,-1.6433066647244166
589,ADD1,34019,34020,34021,stop,145.679,145.463071,-21.592940903582303,21.592940903582303,-1.0,0.01,-1.703807097819389
590,BASE,34045,34046,34069,stop,145.755,147.244074,148.90739877513113,18.686962441350374,7.9685181175100945,0.01,11.751045513866002
590,ADD1,34047,34048,34069,stop,145.935,147.244074,130.9073987751333,18.71937067647025,6.993151694980879,0.01,10.343137743305862
590,ADD2,34050,34051,34069,stop,145.981,147.244074,126.30739877513122,17.78788534118405,7.1007540442535575,0.01,9.96240027444641
591,BASE,34117,34118,34118,stop,145.87,145.645655,-22.434493876039596,22.434493876039596,-1.0,0.01,-1.787371729517678
592,BASE,34231,34232,34236,stop,143.907,143.676093,-23.090729239331154,23.090729239331154,-1.0,0.01,-1.8886028520854916
592,ADD1,34233,34234,34234,stop,144.159,143.924468,-23.453230823707827,23.453230823707827,-1.0,0.01,-1.9188844081916254
593,BASE,34260,34261,34261,stop,145.011,144.74074,-27.02602188612957,27.02602188612957,-1.0,0.01,-2.1922780895879344
594,BASE,34298,34299,34347,time,144.825,147.103,227.800000000002,15.461574795506294,14.733298710698545,0.01,18.508150352475084
594,ADD1,34300,34301,34349,time,144.99,146.982,199.20000000000186,15.796459900207083,12.610420389025927,0.01,16.163884041577443
594,ADD2,34301,34302,34350,time,144.992,146.805,181.30000000000166,15.639569907335726,11.592390396551957,0.01,14.715248303729172
595,BASE,34393,34394,34416,stop,146.779,147.048828,26.982822081734525,20.106117327895845,1.342020522495297,0.01,2.1428085792461964
595,ADD1,34396,34397,34397,stop,147.089,146.879171,-20.98288621333495,20.98288621333495,-1.0,0.01,-1.6683756196547794
595,ADD2,34405,34406,34416,stop,147.292,147.056138,-23.58620004184786,23.58620004184786,-1.0,0.01,-1.871185530339461
596,BASE,34431,34432,34476,stop,147.701,148.577375,87.63748999917595,20.134955732518733,4.3525047267741455,0.01,6.9244729528097215
596,ADD1,34451,34452,34452,stop,147.923,147.76781,-15.519043356778184,15.519043356778184,-1.0,0.02,-2.4488885039475012
596,ADD2,34452,34453,34476,stop,147.901,148.577375,67.63748999917709,17.981968831293216,3.7614062527719763,0.01,5.315174111464475
597,BASE,34630,34631,34637,stop,147.065,146.844081,-22.091913965712706,22.091913965712706,-1.0,0.01,-1.7663071825654617
597,ADD1,34632,34633,34637,stop,147.217,146.991151,-22.58486459288349,22.58486459288349,-1.0,0.01,-1.8018387661932327
597,ADD2,34633,34634,34636,stop,147.37,147.138926,-23.107374264822056,23.107374264822056,-1.0,0.01,-1.8405799908758744
598,BASE,34658,34659,34660,stop,147.841,147.659047,-18.195275539591194,18.195275539591194,-1.0,0.01,-1.4480513540244824
599,BASE,34680,34681,34681,stop,148.695,148.506254,-18.874592396963408,18.874592396963408,-1.0,0.01,-1.4719009015287141
600,BASE,34716,34717,34722,stop,148.86,148.609847,-25.01525339515638,25.01525339515638,-1.0,0.01,-1.9264720743033028
600,ADD1,34719,34720,34721,stop,149.085,148.836548,-24.845157328408618,24.845157328408618,-1.0,0.01,-1.9134577973351452
601,BASE,34735,34736,34764,stop,149.404,150.262338,85.83381355710458,30.93632166236091,2.774531972284715,0.01,6.566343526000319
601,ADD1,34737,34738,34764,stop,149.961,150.262338,30.133813557105782,31.714481433363062,0.9501594286011422,0.01,2.298038898816551
601,ADD2,34738,34739,34764,stop,149.951,150.262338,31.133813557104872,30.67773275955119,1.0148668352100332,0.01,2.3761092520729936
602,BASE,34832,34833,34834,stop,147.819,147.62275,-19.62501638980143,19.62501638980143,-1.0,0.01,-1.5368590458292641
603,BASE,34881,34882,34899,stop,147.718,147.465659,-25.234060217005094,25.234060217005094,-1.0,0.01,-1.9879006030166544
603,ADD1,34884,34885,34896,stop,147.852,147.610528,-24.147168475496983,24.147168475496983,-1.0,0.01,-1.901179041544772
603,ADD2,34885,34886,34887,stop,147.889,147.646491,-24.2509421558168,24.2509421558168,-1.0,0.01,-1.912397978820002
604,BASE,34907,34908,34932,stop,147.875,148.029841,15.48407698682297,16.29719885753218,0.9501066485217854,0.01,1.2178795902402169
604,ADD1,34910,34911,34932,stop,148.054,148.029841,-2.4159230131743925,16.37713042638609,-0.14751809079336434,0.01,-0.1893396713443326
604,ADD2,34911,34912,34932,stop,148.005,148.029841,2.4840769868234247,16.421621110214346,0.15126868231531138,0.01,0.19483025875909296
605,BASE,35028,35029,35047,stop,147.733,147.567474,-16.55264740307132,19.021664823702622,-0.8701997199764189,0.01,-1.3072176050420001
605,ADD1,35030,35031,35031,stop,147.951,147.752543,-19.845721200030653,19.845721200030653,-1.0,0.01,-1.5667130313214683
606,BASE,35098,35099,35100,stop,147.853,147.675911,-17.708905930578567,17.708905930578567,-1.0,0.01,-1.3950773545213633
607,BASE,35112,35113,35126,stop,148.484,148.308838,-17.516215307082916,17.516215307082916,-1.0,0.01,-1.3694997286918735
607,ADD1,35115,35116,35118,stop,148.684,148.503538,-18.046182590984472,18.046182590984472,-1.0,0.01,-1.4064093868069314
607,ADD2,35116,35117,35118,stop,148.754,148.577785,-17.621455263056873,17.621455263056873,-1.0,0.01,-1.3730639268533373
608,BASE,35188,35189,35190,stop,147.951,147.777233,-17.37674757258958,17.37674757258958,-1.0,0.01,-1.365332674731843
609,BASE,35281,35282,35294,stop,147.549,148.154159,60.515900848824344,15.177728679833535,3.9871513139664363,0.02,9.588825491289507
609,ADD1,35283,35284,35294,stop,147.712,148.154159,44.21590084882325,15.591510953530019,2.8358958269411656,0.02,6.999858228636089
609,ADD2,35284,35285,35294,stop,147.731,148.154159,42.31590084882271,15.734974456847794,2.6892894529235796,0.02,6.6910251669378225
610,BASE,35311,35312,35313,stop,148.744,148.506148,-23.785165232428085,23.785165232428085,-1.0,0.01,-1.863677652686126
611,BASE,35376,35377,35378,stop,148.346,148.10215,-24.384982705905145,24.384982705905145,-1.0,0.01,-1.9286918041502632
612,BASE,35424,35425,35436,stop,147.432,147.233222,-19.877776166771355,19.877776166771355,-1.0,0.01,-1.576854621303156
612,ADD1,35430,35431,35436,stop,147.576,147.383423,-19.257664682359632,19.257664682359632,-1.0,0.01,-1.5271965110447034
613,BASE,35454,35455,35460,stop,147.733,147.585448,-14.755160128729017,14.755160128729017,-1.0,0.02,-2.33429832327904
613,ADD1,35456,35457,35460,stop,147.858,147.712188,-14.581235008955673,14.581235008955673,-1.0,0.02,-2.3032556662767654
613,ADD2,35457,35458,35460,stop,147.971,147.824817,-14.6182896511732,14.6182896511732,-1.0,0.02,-2.309086930484569
614,BASE,35569,35570,35595,stop,147.033,147.701597,66.85970076131298,23.69278873170515,2.821943061174679,0.01,5.376820489048968
614,ADD1,35572,35573,35595,stop,147.216,147.701597,48.55970076131371,22.65417523453266,2.143521018028157,0.01,3.888084732627527
614,ADD2,35573,35574,35575,stop,147.359,147.131783,-22.72173414635006,22.72173414635006,-1.0,0.01,-1.8167059956739464
615,BASE,35604,35605,35605,stop,148.168,147.924355,-24.364520662007294,24.364520662007294,-1.0,0.01,-1.9361480797729647
616,BASE,35618,35619,35622,stop,148.361,148.195593,-16.540674702901015,16.540674702901015,-1.0,0.01,-1.3083029618851594
617,BASE,35668,35669,35717,time,147.913,149.71,179.70000000000255,14.10936997435499,12.736217161122216,0.02,28.683803025487805
617,ADD1,35670,35671,35719,time,148.066,149.847,178.10000000000343,14.673895539112891,12.13719966353055,0.02,28.368574323503342
617,ADD2,35672,35673,35721,time,148.271,149.786,151.50000000000148,15.254532378111207,9.931474544404223,0.02,24.05854329646638
618,BASE,35833,35834,35840,stop,147.521,147.326202,-19.47984616196834,19.47984616196834,-1.0,0.01,-1.546951853949811
618,ADD1,35835,35836,35839,stop,147.637,147.445776,-19.12241837435147,19.12241837435147,-1.0,0.01,-1.518062989098129
618,ADD2,35837,35838,35838,stop,147.791,147.598883,-19.211677067679034,19.211677067679034,-1.0,0.01,-1.5252982185978157
619,BASE,35856,35857,35905,time,149.715,152.6,288.50000000000193,30.728272416072855,9.388747798561495,0.01,22.562725257556586
619,ADD1,35858,35859,35907,time,149.879,152.412,253.30000000000155,29.54937774651114,8.572092521640608,0.01,19.796162519492064
619,ADD2,35859,35860,35868,stop,150.073,149.778541,-29.445850764619763,29.445850764619763,-1.0,0.01,-2.296875874603608
620,BASE,35934,35935,35937,stop,152.985,152.748669,-23.63311948712692,23.63311948712692,-1.0,0.01,-1.7937906388885283
621,BASE,36000,36001,36003,stop,152.474,152.288041,-18.595919587650656,18.595919587650656,-1.0,0.01,-1.4103859304989215
622,BASE,36096,36097,36099,stop,150.917,150.717512,-19.94884697680277,19.94884697680277,-1.0,0.01,-1.5414315371511784
623,BASE,36124,36125,36125,stop,151.086,150.868066,-21.79341984748646,21.79341984748646,-1.0,0.01,-1.6736120954059253
624,BASE,36168,36169,36204,stop,152.163,152.611436,44.843561336298876,18.351429478690306,2.443600450219491,0.01,3.413806763303758
624,ADD1,36170,36171,36204,stop,152.472,152.611436,13.943561336299126,18.87393664234196,0.738773346574557,0.01,1.0605066474043772
624,ADD2,36172,36173,36204,stop,152.423,152.611436,18.843561336299786,18.07854741099959,1.0423161168819755,0.01,1.4344113986747737
625,BASE,36216,36217,36217,stop,152.897,152.744585,-15.241488292042504,15.241488292042504,-1.0,0.02,-2.320922598346999
626,BASE,36282,36283,36288,stop,152.834,152.551735,-28.226518731668193,28.226518731668193,-1.0,0.01,-2.138969297825254
627,BASE,36291,36292,36292,stop,152.969,152.653543,-31.54572890716736,31.54572890716736,-1.0,0.01,-2.398334430311353
628,BASE,36360,36361,36362,stop,154.349,154.232212,-11.67880333133553,11.67880333133553,-1.0,0.02,-1.7417405621404964
629,BASE,36456,36457,36493,stop,153.862,154.043294,18.12940907879863,21.32979469573968,0.8499570360337186,0.01,1.3608812622658077
629,ADD1,36462,36463,36493,stop,154.038,154.043294,0.5294090787998584,19.502125111765167,0.02714622513012587,0.01,0.039712296590321036
629,ADD2,36463,36464,36493,stop,154.055,154.043294,-1.1705909211997323,19.55197331806744,-0.059870730291863766,0.01,-0.08786531231248247
630,BASE,36508,36509,36509,stop,154.75,154.588388,-16.161223237338618,16.161223237338618,-1.0,0.02,-2.418686470894215
631,BASE,36579,36580,36604,stop,154.726,154.953148,22.714767906396105,17.34578117573733,1.3095269493061936,0.01,1.7037765251603478
631,ADD1,36586,36587,36604,stop,154.852,154.953148,10.11476790639847,16.444418400928384,0.6150882116832682,0.02,1.515774373063126
631,ADD2,36588,36589,36604,stop,154.857,154.953148,9.614767906396082,15.834217906925119,0.6072145756053445,0.02,1.4399122103681716
632,BASE,36633,36634,36676,stop,155.963,157.183038,122.00376641598325,18.28746863151025,6.671440912591066,0.01,9.035320502034283
632,ADD1,36635,36636,36676,stop,156.117,157.183038,106.60376641598361,19.35858264655792,5.506796048156885,0.01,7.905972966684332
632,ADD2,36638,36639,36676,stop,156.632,157.183038,55.10376641598498,20.963850610235113,2.628513598979848,0.01,4.066924561961847
633,BASE,36792,36793,36794,stop,156.456,156.306896,-14.910429490083743,14.910429490083743,-1.0,0.02,-2.2117211767202494
634,BASE,36848,36849,36855,stop,156.001,155.831395,-16.960475957031917,16.960475957031917,-1.0,0.01,-1.2628603038438857
635,BASE,36945,36946,36994,time,155.484,156.77,128.60000000000298,16.056761387139318,8.009087069264497,0.02,19.266887012661762
635,ADD1,36947,36948,36950,stop,155.595,155.440383,-15.461697318502843,15.461697318502843,-1.0,0.02,-2.3160938753870983
635,ADD2,36949,36950,36950,stop,155.637,155.482835,-15.416463504220701,15.416463504220701,-1.0,0.02,-2.3052126823920687
636,BASE,37108,37109,37141,stop,155.145,155.51343,36.84297065141493,21.640764399495538,1.7024800959560267,0.01,2.785235685440799
636,ADD1,37110,37111,37141,stop,155.377,155.51343,13.642970651414998,21.607597875075157,0.6313969155799807,0.01,1.0270853578295627
636,ADD2,37111,37112,37141,stop,155.511,155.51343,0.24297065141354324,21.564198026857184,0.011267316832786214,0.01,0.018291777560569083
637,BASE,37155,37156,37189,stop,155.882,157.269233,138.72329617267383,19.7591739619412,7.020703215623961,0.01,10.418824589845427
637,ADD1,37158,37159,37189,stop,156.019,157.269233,125.02329617267378,23.476095187459123,5.3255575586292965,0.01,9.347232742654812
637,ADD2,37159,37160,37189,stop,156.741,157.269233,52.82329617267294,27.306374102639097,1.9344676072378169,0.01,3.9418456167954137
638,BASE,37272,37273,37273,stop,156.414,156.293215,-12.078541238196294,12.078541238196294,-1.0,0.02,-1.8216778283510744
